<TEI xml:id="INT_12458e73-7f4a-3bc7-9fa2-1b0f0d1adf23" xmlns="http://www.tei-c.org/ns/1.0">
                <teiHeader>
      <fileDesc>
        <titleStmt>
          <title>Vere, voor Maleyo, 31 maart 1612</title>
        </titleStmt>
        <publicationStmt>
          <p>
            <date>31 maart 1612</date>
            <idno type="sourceID">missiven:vol1</idno>
            <idno type="pid">INT_12458e73-7f4a-3bc7-9fa2-1b0f0d1adf23</idno>
          </p>
        </publicationStmt>
        <notesStmt>
          <note/>
        </notesStmt>
        <sourceDesc>
          <listBibl xml:id="inlMetadata">
            <bibl type="missive">
        <interpGrp type="page"><interp>7</interp></interpGrp>
        
      <interpGrp type="titleLevel1"><interp>Vere, voor Maleyo, 31 maart 1612</interp></interpGrp>
      <interpGrp type="dateLevel1"><interp>31 maart 1612</interp></interpGrp>
        <interpGrp type="tocLevel"><interp>1</interp></interpGrp>
      <interpGrp type="volume"><interp>1</interp></interpGrp>
        <interpGrp type="n"><interp>V</interp></interpGrp>
      <interpGrp type="localization_placeLevel1"><interp>Vere, voor Maleyo</interp></interpGrp>
      <interpGrp type="witnessYearLevel1_from"><interp>1612</interp></interpGrp>
      <interpGrp type="witnessYearLevel1_to"><interp>1612</interp></interpGrp>
      <interpGrp type="witnessMonthLevel1_to"><interp>3</interp></interpGrp>
      <interpGrp type="witnessMonthLevel1_from"><interp>3</interp></interpGrp>
      <interpGrp type="witnessDayLevel1_to"><interp>31</interp></interpGrp>
      <interpGrp type="witnessDayLevel1_from"><interp>31</interp></interpGrp>
      <interpGrp type="authorLevel1"><interp></interp></interpGrp>
      <interpGrp type="pid"><interp>INT_12458e73-7f4a-3bc7-9fa2-1b0f0d1adf23</interp></interpGrp>
    </bibl>
          </listBibl>
        </sourceDesc>
      </fileDesc>
    </teiHeader>
                <text xml:id="INT_12458e73-7f4a-3bc7-9fa2-1b0f0d1adf23.TEI.1.text.1">
                  <body xml:id="INT_12458e73-7f4a-3bc7-9fa2-1b0f0d1adf23.TEI.1.text.1.body.1">
                    <div xml:id="INT_12458e73-7f4a-3bc7-9fa2-1b0f0d1adf23.TEI.1.text.1.body.1.div.1">
        
              <pb xml:id="INT_12458e73-7f4a-3bc7-9fa2-1b0f0d1adf23.TEI.1.text.1.body.1.div.1.pb.1" n="7" facs="http://resources.huygens.knaw.nl/retroapp/service_generalemissiven/gm_01/images/gm_1_104_0007.tif"/><fw xml:id="INT_12458e73-7f4a-3bc7-9fa2-1b0f0d1adf23.TEI.1.text.1.body.1.div.1.fw.1" place="top" type="head" facs="#zone.5397119" xmlns="http://www.tei-c.org/ns/1.0">Both V, 31 maart 1612</fw><fw xml:id="INT_12458e73-7f4a-3bc7-9fa2-1b0f0d1adf23.TEI.1.text.1.body.1.div.1.fw.2" place="top" type="page-number" facs="#zone.5397127" xmlns="http://www.tei-c.org/ns/1.0">7</fw><head xml:id="INT_12458e73-7f4a-3bc7-9fa2-1b0f0d1adf23.TEI.1.text.1.body.1.div.1.head.1" xml:lang="nl" rend="font-size: 10; text-align: justify; line-height: 12.0pt" xmlns="http://www.tei-c.org/ns/1.0">V. PIETER BOTH, AAN BOORD VAN DE VERE, VOOR MALEYO1)<lb/> 31 maart 1612.<lb/></head><p xml:id="INT_12458e73-7f4a-3bc7-9fa2-1b0f0d1adf23.TEI.1.text.1.body.1.div.1.p.1" xml:lang="nl" rend="font-size: 7.5; text-align: justify; line-height: 8.3pt" xmlns="http://www.tei-c.org/ns/1.0">961, 2 folio’s, 2 exemplaren, 1 origineel, 1 copie.<lb/></p><note xml:id="INT_12458e73-7f4a-3bc7-9fa2-1b0f0d1adf23.TEI.1.text.1.body.1.div.1.note.1" xml:lang="nl" place="inline" type="editorial-summary" resp="editor" rend="font-style: italic; line-height: 10.0pt; text-indent: 22.0pt; text-align: justify; font-size: 9" xmlns="http://www.tei-c.org/ns/1.0">(Klachten over het gedrag van diverse schippers en anderen)-<lb/></note><p xml:id="INT_12458e73-7f4a-3bc7-9fa2-1b0f0d1adf23.TEI.1.text.1.body.1.div.1.p.2" xml:lang="nl" rend="font-size: 10; text-align: justify; line-height: 11.7pt; text-indent: 22.0pt" xmlns="http://www.tei-c.org/ns/1.0">Mijn advys soude oock sijn, dat U E geen lichte vrouwen uyt het vaderlant<lb/> meer en sent, want er hier meer als teveel sijn. Sij en laten haer oude manieren nietende<lb/> sijn seer onbeleeft ende ongeschickt tot een grote schande van onse natie.<lb/></p><p xml:id="INT_12458e73-7f4a-3bc7-9fa2-1b0f0d1adf23.TEI.1.text.1.body.1.div.1.p.3" xml:lang="nl" rend="font-size: 10; text-align: justify; line-height: 11.7pt; text-indent: 22.0pt" xmlns="http://www.tei-c.org/ns/1.0">Om dit landt te beplanten met onse natie sal beter wesen te doen als Romulus<lb/> <hi rend="font-size:10; font-family:Liberation Serif; vertical-align:super" xml:lang="nl">2)</hi> heeft gedaen om die metten onsen te doen trouwen, want die vrouwen,<lb/> coomende uut het vaederlant, hebben van jonck op in de bordeelen geseten ende<lb/> en connen noch en willen wassen, nayen ofte yets doen.<lb/></p><note xml:id="INT_12458e73-7f4a-3bc7-9fa2-1b0f0d1adf23.TEI.1.text.1.body.1.div.1.note.2" xml:lang="nl" place="inline" type="editorial-summary" resp="editor" rend="font-style: italic; line-height: 10.0pt; text-indent: 22.0pt; text-align: justify; font-size: 9" xmlns="http://www.tei-c.org/ns/1.0">(Nog enige gelijksoortige klachten).<lb/></note><p xml:id="INT_12458e73-7f4a-3bc7-9fa2-1b0f0d1adf23.TEI.1.text.1.body.1.div.1.p.4" xml:lang="nl" rend="font-size: 10; text-align: justify; line-height: 11.7pt; text-indent: 22.0pt" xmlns="http://www.tei-c.org/ns/1.0">Wij hebben hier goet gevonden tot verseeckeringe van de Ternatanen op<lb/> Maleyen ende Tacome <hi rend="font-size:10; font-family:Liberation Serif; vertical-align:super" xml:lang="nl">3)</hi> een reduyt te maecken op Tolloucke <hi rend="font-size:10; font-family:Liberation Serif; vertical-align:super" xml:lang="nl">4)</hi> op ’t eylant<lb/> Ternate op een hooch berchgen, wesende van nabuyren inprennable ende is een<lb/> halff uyr gaens van ons fort Malayen.<lb/></p><p xml:id="INT_12458e73-7f4a-3bc7-9fa2-1b0f0d1adf23.TEI.1.text.1.body.1.div.1.p.5" xml:lang="nl" rend="font-size: 10; text-align: justify; line-height: 11.7pt; text-indent: 22.0pt" xmlns="http://www.tei-c.org/ns/1.0">Wij hebben noch een secreten aenslach op de stadt van Mareque, leggende<lb/> op ’t eylant van Tidoor van die van ’t landt selffs . . . <hi rend="font-size:10; font-family:Liberation Serif; vertical-align:super" xml:lang="nl">5)</hi><lb/></p><note xml:id="INT_12458e73-7f4a-3bc7-9fa2-1b0f0d1adf23.TEI.1.text.1.body.1.div.1.note.3" xml:lang="nl" place="inline" type="editorial-summary" resp="editor" rend="font-style: italic; line-height: 10.0pt; text-indent: 22.0pt; text-align: justify; font-size: 9" xmlns="http://www.tei-c.org/ns/1.0">(Slot).<lb/></note><note xml:id="INT_12458e73-7f4a-3bc7-9fa2-1b0f0d1adf23.TEI.1.text.1.body.1.div.1.note.4" xml:lang="nl" rend="font-size: 7.5; line-height: 9.6pt; text-indent: 22.0pt" xmlns="http://www.tei-c.org/ns/1.0">1) Maleyo, plaats waar de koning van Ternate onder bescherming van het Nederlandse<lb/> kasteel Oranje woonde.<lb/></note><note xml:id="INT_12458e73-7f4a-3bc7-9fa2-1b0f0d1adf23.TEI.1.text.1.body.1.div.1.note.5" xml:lang="nl" rend="font-size: 7.5; text-align: justify; line-height: 9.6pt; margin-left: 2100" xmlns="http://www.tei-c.org/ns/1.0">2) Both zag dus heil in huwelijken tussen de Nederlanders en de dochters des lands.<lb/></note><note xml:id="INT_12458e73-7f4a-3bc7-9fa2-1b0f0d1adf23.TEI.1.text.1.body.1.div.1.note.6" xml:lang="nl" rend="font-size: 7.5; text-align: justify; line-height: 9.6pt; text-indent: 21.0pt" xmlns="http://www.tei-c.org/ns/1.0">3) Takome, plaats op het eiland Ternate, ter westkust en in handen van den Koning<lb/> van het eiland, evenals de gehele noordhelft, terwijl de Spanjaarden het zuiden in handen<lb/> hadden.<lb/></note><note xml:id="INT_12458e73-7f4a-3bc7-9fa2-1b0f0d1adf23.TEI.1.text.1.body.1.div.1.note.7" xml:lang="nl" rend="font-size: 7.5; text-align: justify; line-height: 9.6pt; text-indent: 21.0pt" xmlns="http://www.tei-c.org/ns/1.0">4) Hier vermeldt Both de bouw van deze reduite, noordelijk van het kasteel Oranje,<lb/> waarover men zie <hi rend="font-size:7.5; font-family:Liberation Serif; font-style:italic" xml:lang="nl">Oudheden,</hi> p. 253. P. (26) noemt Both in een brief van 1 jan. 1614 (nr. XV)<lb/> het evenwel onder de veroverde forteressen. Ik houd de oudere opgave voor de juiste.<lb/></note><note xml:id="INT_12458e73-7f4a-3bc7-9fa2-1b0f0d1adf23.TEI.1.text.1.body.1.div.1.note.8" xml:lang="nl" rend="font-size: 7.5; line-height: 9.6pt; text-indent: 21.0pt" xmlns="http://www.tei-c.org/ns/1.0">5) Het duurde nog tot 9 febr. 1613 eer het hiertoe kwam. Marieko ligt aan de westkust<lb/> van Tidore.<lb/></note>
            
      </div>
                  </body>
                </text>
              </TEI>