<TEI xml:id="INT_1a7063ce-c506-332a-9007-732e13cf8277" xmlns="http://www.tei-c.org/ns/1.0">
                <teiHeader>
      <fileDesc>
        <titleStmt>
          <title>Bantam, 17 dec. 1617 (?)</title>
        </titleStmt>
        <publicationStmt>
          <p>
            <date>17 dec. 1617 (?)</date>
            <idno type="sourceID">missiven:vol1</idno>
            <idno type="pid">INT_1a7063ce-c506-332a-9007-732e13cf8277</idno>
          </p>
        </publicationStmt>
        <notesStmt>
          <note/>
        </notesStmt>
        <sourceDesc>
          <listBibl xml:id="inlMetadata">
            <bibl type="missive">
        <interpGrp type="page"><interp>77</interp></interpGrp>
        
      <interpGrp type="titleLevel1"><interp>Bantam, 17 dec. 1617 (?)</interp></interpGrp>
      <interpGrp type="dateLevel1"><interp>17 dec. 1617 (?)</interp></interpGrp>
        <interpGrp type="tocLevel"><interp>1</interp></interpGrp>
      <interpGrp type="volume"><interp>1</interp></interpGrp>
        <interpGrp type="n"><interp>VI</interp></interpGrp>
      <interpGrp type="localization_placeLevel1"><interp>Bantam</interp></interpGrp>
      <interpGrp type="witnessYearLevel1_from"><interp>1617</interp></interpGrp>
      <interpGrp type="witnessYearLevel1_to"><interp>1617</interp></interpGrp>
      <interpGrp type="witnessMonthLevel1_to"><interp>12</interp></interpGrp>
      <interpGrp type="witnessMonthLevel1_from"><interp>12</interp></interpGrp>
      <interpGrp type="witnessDayLevel1_to"><interp>17</interp></interpGrp>
      <interpGrp type="witnessDayLevel1_from"><interp>17</interp></interpGrp>
      <interpGrp type="authorLevel1"><interp></interp></interpGrp>
      <interpGrp type="pid"><interp>INT_1a7063ce-c506-332a-9007-732e13cf8277</interp></interpGrp>
    </bibl>
          </listBibl>
        </sourceDesc>
      </fileDesc>
    </teiHeader>
                <text xml:id="INT_1a7063ce-c506-332a-9007-732e13cf8277.TEI.1.text.1">
                  <body xml:id="INT_1a7063ce-c506-332a-9007-732e13cf8277.TEI.1.text.1.body.1">
                    <div xml:id="INT_1a7063ce-c506-332a-9007-732e13cf8277.TEI.1.text.1.body.1.div.1">
        
              <pb xml:id="INT_1a7063ce-c506-332a-9007-732e13cf8277.TEI.1.text.1.body.1.div.1.pb.1" n="77" facs="http://resources.huygens.knaw.nl/retroapp/service_generalemissiven/gm_01/images/gm_1_104_0077.tif"/><fw xml:id="INT_1a7063ce-c506-332a-9007-732e13cf8277.TEI.1.text.1.body.1.div.1.fw.1" place="top" type="head" facs="#zone.5577169" xmlns="http://www.tei-c.org/ns/1.0">Reael VI, 17 december 1617</fw><fw xml:id="INT_1a7063ce-c506-332a-9007-732e13cf8277.TEI.1.text.1.body.1.div.1.fw.2" place="top" type="page-number" facs="#zone.5577177" xmlns="http://www.tei-c.org/ns/1.0">77</fw><p xml:id="INT_1a7063ce-c506-332a-9007-732e13cf8277.TEI.1.text.1.body.1.div.1.p.1" xml:lang="nl" rend="font-size: 10; line-height: 11.1pt" xmlns="http://www.tei-c.org/ns/1.0">VI. LAURENS REAEL, BANTAM (17 december 1617?) *).<lb/></p><p xml:id="INT_1a7063ce-c506-332a-9007-732e13cf8277.TEI.1.text.1.body.1.div.1.p.2" xml:lang="nl" rend="font-size: 7.5; line-height: 8.3pt" xmlns="http://www.tei-c.org/ns/1.0">Copie. 978, fol. 180-187 tezamen met V en VII.<lb/></p><p xml:id="INT_1a7063ce-c506-332a-9007-732e13cf8277.TEI.1.text.1.body.1.div.1.p.3" xml:lang="nl" rend="font-style: italic; line-height: 11.1pt; text-indent: 22.0pt; text-align: justify; font-size: 10" xmlns="http://www.tei-c.org/ns/1.0">(Inleiding) <hi rend="font-size:10; font-family:Liberation Serif; letter-spacing:0.5pt" xml:lang="nl">.</hi><lb/></p><p xml:id="INT_1a7063ce-c506-332a-9007-732e13cf8277.TEI.1.text.1.body.1.div.1.p.4" xml:lang="nl" rend="font-size: 10; text-align: justify; line-height: 11.7pt; text-indent: 22.0pt" xmlns="http://www.tei-c.org/ns/1.0">Ende eerstelijcke aengaende het rende-vous <hi rend="font-size:10; font-family:Liberation Serif; vertical-align:super" xml:lang="nl">1 2).</hi> Wij achten met U E. hoognoodich<lb/> te sijn hetselve metten aldereersten bij der hant te nemen ende daerenboven<lb/> dat het nergens bequaemer als in ofte ontrent de Straete van Sunda geleyt<lb/> can werden, maer alsoo hetselve alle de gerequireerde commoditeyten niet hebben<lb/> en can, soo sal men trachten moeten de meesten te becomen. Het waere te wenschen<lb/> geweest, dat dit stuck wat secreter gehouden was geweest ende dat men der<lb/> soo veel rumoers niet van gemaeckt en hadde, dat hetselve meest alle dese grooten<lb/> <hi rend="font-size:10; font-family:Liberation Serif; vertical-align:super" xml:lang="nl">3)</hi> ruchtbaer es geworden, maer dat men haer met de slach gewaerschout<lb/> hadden, want gelijc U E. seer wel segghen, sonder ialousie van de naestgelegenen<lb/> niet toe en sal gaen. De directeur Jan Pietersz. Coen schijnt te hopen, dat men<lb/> om een goede somme gelts van de Pangiram van Jacatra ten dien fyne wel vercrijghen<lb/> souden een stuck lants, bij een versche riviere geleghen, dat ons bedunckens<lb/> wel de bequaemste middel soude wesen, want andersins, soo hetselve met<lb/> eenighe hostiliteyt geschieden moet, souden de Engelss [e] ofte eenighe andere<lb/> natiën wel eenich voordeel op ons becomen, hetwelcke vooral voorgecomen moet<lb/> werden ende toe sien, dat wij den Aesopischen hont niet en slachten ; in alle gevalle,<lb/> wat wij hierinne resolveeren, daer en sal altans niet voor het ander oostelijcke<lb/> mousson <hi rend="font-size:10; font-family:Liberation Serif; vertical-align:super" xml:lang="nl">4)</hi> gedaen connen werden.<lb/></p><p xml:id="INT_1a7063ce-c506-332a-9007-732e13cf8277.TEI.1.text.1.body.1.div.1.p.5" resp="int_paragraph_joining" rend="">
              In Japara hebben wij het voorleden iaar alsmede dit iegenwoordighe<lb xmlns="http://www.tei-c.org/ns/1.0"/> een goede quantiteyt rijs becomen ende es voorwaer een gelegene plaetse ende<lb xmlns="http://www.tei-c.org/ns/1.0"/> onse eenighe middel, die wij ieghenwoordich hebben om onse Oostersche quartieren<lb xmlns="http://www.tei-c.org/ns/1.0"/> <hi rend="font-size:10; font-family:Liberation Serif; vertical-align:super" xml:lang="nl" xmlns="http://www.tei-c.org/ns/1.0">5)</hi> van rijs ende alderhande prov[i]ande te versorghen, dat wij voor allen<lb xmlns="http://www.tei-c.org/ns/1.0"/> procureeren moeten, ingevalle wij de vreemdelinghen van die quartieren weeren<lb xmlns="http://www.tei-c.org/ns/1.0"/> willen, want het volck al daer sonder rijs niet wel leven en can. Maer dat wij soo<lb xmlns="http://www.tei-c.org/ns/1.0"/> wel metten Mattaram staen souden ende ons veriont hebben een plaetse, daer wij<lb xmlns="http://www.tei-c.org/ns/1.0"/> een huys ofte fort tot onsen gelieven souden moghen bouwen ofte eewighe vrijheyt<lb xmlns="http://www.tei-c.org/ns/1.0"/> van tollen souden veriont sijn, het is soo verre van daer, dat ons dicmaels<lb xmlns="http://www.tei-c.org/ns/1.0"/> verboden es geweest rijs te moghen coopen ende ternauwernoot een steenen huys<lb xmlns="http://www.tei-c.org/ns/1.0"/> becomen sullen, dat wij den coopman belast hebben metten eersten in ’t werck<lb xmlns="http://www.tei-c.org/ns/1.0"/> te stellen. Maer aengaende het rende-vous aldaer te begrijpen es geheel ongeleghen<lb xmlns="http://www.tei-c.org/ns/1.0"/> soo voor de gaende als voor de keerende schepen, mitsgaders de incomoditeyt van<lb xmlns="http://www.tei-c.org/ns/1.0"/> de reede, die met het westelijcke mousson heel onstuymich es, alsmede dat het<lb xmlns="http://www.tei-c.org/ns/1.0"/> seker es, dat wij hetselve aldaer sonder hostiliteyt niet en sullen connen begrijpen ;<lb xmlns="http://www.tei-c.org/ns/1.0"/> maer wij achten goet te sijn de voornoemde Conynck t’onswaerts wel geneghen te<lb xmlns="http://www.tei-c.org/ns/1.0"/> houden omme naer de occurrentie der saecken met hem yets tot onsen voordeel te<lb xmlns="http://www.tei-c.org/ns/1.0"/> verrichten. Sr Druyff <hi rend="font-size:10; font-family:Liberation Serif; vertical-align:super" xml:lang="nl" xmlns="http://www.tei-c.org/ns/1.0">6)</hi> is het voorledene mousson bij hem in ambassade geweest,<lb xmlns="http://www.tei-c.org/ns/1.0"/><note xml:id="INT_1a7063ce-c506-332a-9007-732e13cf8277.TEI.1.text.1.body.1.div.1.p.5.note.1" xml:lang="nl" rend="font-size: 7.5; text-align: justify; line-height: 9.6pt; text-indent: 23.0pt" xmlns="http://www.tei-c.org/ns/1.0">1) De brief is niet gedateerd. Op de eerste bladzijde is met potlood de datum 17 december<lb/> 1617 bij geschreven, wat echter ook op VII kan slaan. Misschien is deze brief iets ouder,<lb/> event. ouder dan V. Reael kwam begin oktober 1617 te Bantam.<lb/></note><note xml:id="INT_1a7063ce-c506-332a-9007-732e13cf8277.TEI.1.text.1.body.1.div.1.p.5.note.2" xml:lang="nl" rend="font-size: 7.5; line-height: 9.6pt; text-indent: 23.0pt" xmlns="http://www.tei-c.org/ns/1.0">2) Vgl. over het stichten van het generale rendez-vous Coen’s brief van 1 sept. 1617,<lb/><hi rend="font-size:7.5; font-family:Liberation Serif; font-style:italic" xml:lang="nl">Coen</hi> I, p. 277, ook p. 281.<lb/></note><note xml:id="INT_1a7063ce-c506-332a-9007-732e13cf8277.TEI.1.text.1.body.1.div.1.p.5.note.3" xml:lang="nl" rend="font-size: 7.5; text-align: justify; line-height: 9.6pt; margin-left: 2300" xmlns="http://www.tei-c.org/ns/1.0">3) De vorsten en hoofden van West- Java en Zuid-Sumatra.<lb/></note><note xml:id="INT_1a7063ce-c506-332a-9007-732e13cf8277.TEI.1.text.1.body.1.div.1.p.5.note.4" xml:lang="nl" rend="font-size: 7.5; text-align: justify; line-height: 9.6pt; margin-left: 2300" xmlns="http://www.tei-c.org/ns/1.0">4) Die niet voor april te verwachten viel.<lb/></note><note xml:id="INT_1a7063ce-c506-332a-9007-732e13cf8277.TEI.1.text.1.body.1.div.1.p.5.note.5" xml:lang="nl" rend="font-size: 7.5; text-align: justify; line-height: 9.6pt; margin-left: 2300" xmlns="http://www.tei-c.org/ns/1.0">5) D. w. z. de Specerij eilanden, vooral Banda, dat niet in eigen levensmiddelen voorzag.<lb/></note><note xml:id="INT_1a7063ce-c506-332a-9007-732e13cf8277.TEI.1.text.1.body.1.div.1.p.5.note.6" xml:lang="nl" rend="font-size: 7.5; text-align: justify; line-height: 9.6pt; margin-left: 2300" xmlns="http://www.tei-c.org/ns/1.0">6) Gerrit Frederiksz. Druyff maakte kort na zijn aankomst als opperkoopman te Ban-<lb/></note><pb xml:id="INT_1a7063ce-c506-332a-9007-732e13cf8277.TEI.1.text.1.body.1.div.1.p.5.pb.1" n="78" facs="http://resources.huygens.knaw.nl/retroapp/service_generalemissiven/gm_01/images/gm_1_104_0078.tif"/><fw xml:id="INT_1a7063ce-c506-332a-9007-732e13cf8277.TEI.1.text.1.body.1.div.1.p.5.fw.1" place="top" type="page-number" facs="#zone.5599380" xmlns="http://www.tei-c.org/ns/1.0">78</fw><fw xml:id="INT_1a7063ce-c506-332a-9007-732e13cf8277.TEI.1.text.1.body.1.div.1.p.5.fw.2" place="top" type="head" facs="#zone.5599384" xmlns="http://www.tei-c.org/ns/1.0">Reael VI, 17 december 1617</fw>doch naer ons contentement niet ontfanghen; ick achte, de oude gouverneur <hi rend="font-size:10; font-family:Liberation Serif; vertical-align:super" xml:lang="nl" xmlns="http://www.tei-c.org/ns/1.0">x),</hi><lb xmlns="http://www.tei-c.org/ns/1.0"/>die met de voornoemde Druyff nae de Conynck es geweest, hem blint gehouden<lb xmlns="http://www.tei-c.org/ns/1.0"/> heeft omme sijne personnagie met hem te spelen; daer werden wederomme geeyscht<lb xmlns="http://www.tei-c.org/ns/1.0"/> twee metaelen halve cortouwen, soo wij aldaer rijs begeeren te coopen;<lb xmlns="http://www.tei-c.org/ns/1.0"/> wat ons hierinne te doen staet, sullen wij met voorsichticheyt ende gemeene advys<lb xmlns="http://www.tei-c.org/ns/1.0"/> besluyten.<lb xmlns="http://www.tei-c.org/ns/1.0"/>
            </p><note xml:id="INT_1a7063ce-c506-332a-9007-732e13cf8277.TEI.1.text.1.body.1.div.1.note.1" xml:lang="nl" place="inline" type="editorial-summary" resp="editor" rend="font-style: italic; line-height: 10.0pt; text-indent: 22.0pt; text-align: justify; font-size: 9" xmlns="http://www.tei-c.org/ns/1.0">(Korte mededelingen over verschillende onderwerpen) .<lb/></note><p xml:id="INT_1a7063ce-c506-332a-9007-732e13cf8277.TEI.1.text.1.body.1.div.1.p.6" xml:lang="nl" rend="font-size: 10; text-align: justify; line-height: 11.7pt; text-indent: 22.0pt" xmlns="http://www.tei-c.org/ns/1.0">U E. hebben seer wel gedaen vereeringhe te stellen voor de cooplieden,<lb/> schippers ende steurluyden, die binnen 7 tot 9 maenden uut het vaderlant alhier<lb/> sullen comen te arriveeren ende boete over diegheene, die met onnoodighe ververschplaetsen<lb/> aen te doen haeren tijt geconsumeert sullen hebben, welcke pene<lb/> achtervolgens U E. ordre oock teghens de boetschuldighe geexecuteert sal werden <hi rend="font-size:10; font-family:Liberation Serif; vertical-align:super" xml:lang="nl">* 1 2)</hi><lb/></p><note xml:id="INT_1a7063ce-c506-332a-9007-732e13cf8277.TEI.1.text.1.body.1.div.1.note.2" xml:lang="nl" place="inline" type="editorial-summary" resp="editor" rend="font-style: italic; line-height: 10.0pt; text-indent: 22.0pt; text-align: justify; font-size: 9" xmlns="http://www.tei-c.org/ns/1.0">(Diverse korte mededelingen).<lb/></note><p xml:id="INT_1a7063ce-c506-332a-9007-732e13cf8277.TEI.1.text.1.body.1.div.1.p.7" xml:lang="nl" rend="font-size: 10; text-align: justify; line-height: 11.7pt; text-indent: 22.0pt" xmlns="http://www.tei-c.org/ns/1.0">D’esgaliteyt van de retouren in conformité van de Caemeren te observeeren<lb/> es dicmaels soo wel niet doenelijcken, als wij geerne wenschten, maer sullen hetselfde,<lb/> soo veele doenlij ck es, naer soecken te comen <hi rend="font-size:10; font-family:Liberation Serif; vertical-align:super" xml:lang="nl">3).</hi><lb/></p><note xml:id="INT_1a7063ce-c506-332a-9007-732e13cf8277.TEI.1.text.1.body.1.div.1.note.3" xml:lang="nl" place="inline" type="editorial-summary" resp="editor" rend="font-style: italic; line-height: 10.0pt; text-indent: 22.0pt; text-align: justify; font-size: 9" xmlns="http://www.tei-c.org/ns/1.0">(Korte meded. o. a. over de werking van de contracten met Ternate).<lb/></note><p xml:id="INT_1a7063ce-c506-332a-9007-732e13cf8277.TEI.1.text.1.body.1.div.1.p.8" resp="int_paragraph_joining" rend="">
              Vooreerst op het stuck van ’t voorplanten der colonien, ten welcke fyne U E.<lb xmlns="http://www.tei-c.org/ns/1.0"/> raedsaem vinden niet alleene de getrouwde, maer oock diegeene die haren tijt<lb xmlns="http://www.tei-c.org/ns/1.0"/> eerlij ck hebben uutgedient, op ruymer artyckelen, als door de e. heer Generael<lb xmlns="http://www.tei-c.org/ns/1.0"/> s. g. <hi rend="font-size:10; font-family:Liberation Serif; vertical-align:super" xml:lang="nl" xmlns="http://www.tei-c.org/ns/1.0">4j</hi> gegeven sijn geweest, te licentieeren ende den vrijen handel toe te laeten,<lb xmlns="http://www.tei-c.org/ns/1.0"/> waerom het voorledene iaer al eenighe door de heer directeur Jan Pietersz. Coen<lb xmlns="http://www.tei-c.org/ns/1.0"/> sijn gelicentieert ; maer men bevint, dat alle saecken, die in het eerste wel schoon<lb xmlns="http://www.tei-c.org/ns/1.0"/> ende specieuselijck werden voorgestelt, soo haest sij in ’t werck gestelt sijn, daedelijc<lb xmlns="http://www.tei-c.org/ns/1.0"/> haere inconvenienten medebrenghen, want behalven dat de Compagnie, hoe<lb xmlns="http://www.tei-c.org/ns/1.0"/> nauwen verbodt datter gedaen ende hoe stricten toegesicht genomen wert, soo wel<lb xmlns="http://www.tei-c.org/ns/1.0"/> door haer als door alle andere vremdelinghen den handel geincomodeert sal werden,<lb xmlns="http://www.tei-c.org/ns/1.0"/> soo en genieten sij niet de vruchten, die wij daeruut verhopen te trecken, te<lb xmlns="http://www.tei-c.org/ns/1.0"/> weeten omme met haer als ingesetenen onse staet meer ende meer te verseckeren<lb xmlns="http://www.tei-c.org/ns/1.0"/> ende de garnisoenen allengskens te verlichten, maer veel van ’t volck sullen<lb xmlns="http://www.tei-c.org/ns/1.0"/> soecken vrij te wesen omme met een reysghen 2 off 3 haer te verrij eken ende alsdan<lb xmlns="http://www.tei-c.org/ns/1.0"/> wel geseghent naer huys te gaen; andere sullen door quaede mesnagie ofte ongeluc<lb xmlns="http://www.tei-c.org/ns/1.0"/><note xml:id="INT_1a7063ce-c506-332a-9007-732e13cf8277.TEI.1.text.1.body.1.div.1.p.8.note.1" xml:lang="nl" rend="font-size: 7.5; text-align: justify; line-height: 9.6pt" xmlns="http://www.tei-c.org/ns/1.0">tam (okt. 1616) een reis naar de hofstad van den Mataram, vanwaar hij 1 april 1617 terugkwam.<lb/> Daarna was hij werkzaam te Patanitot aug. 1621, waarna hij te Batavia president van schepenen<lb/> werd. Hij repatrieerde met Coen febr. 1623, vgl. <hi rend="font-size:7.5; font-family:Liberation Serif; font-style:italic" xml:lang="nl">Buysero,</hi> p. 191 en <hi rend="font-size:7.5; font-family:Liberation Serif; font-style:italic" xml:lang="nl">Patani,</hi> passim. Zijn<lb/> instructie, gedateerd 9 nov. 1616, is te vinden <hi rend="font-size:7.5; font-family:Liberation Serif; font-style:italic" xml:lang="nl">Opkomst,</hi> IV, p. 54 vlg.<lb/></note><note xml:id="INT_1a7063ce-c506-332a-9007-732e13cf8277.TEI.1.text.1.body.1.div.1.p.8.note.2" xml:lang="nl" rend="font-size: 7.5; text-align: justify; line-height: 9.6pt; margin-left: 2200" xmlns="http://www.tei-c.org/ns/1.0">1) Bedoeld is de Javaanse regent te Japara.<lb/></note><note xml:id="INT_1a7063ce-c506-332a-9007-732e13cf8277.TEI.1.text.1.body.1.div.1.p.8.note.3" xml:lang="nl" rend="font-size: 7.5; text-align: justify; line-height: 9.6pt; margin-left: 2100" xmlns="http://www.tei-c.org/ns/1.0">2) Resolutie van Heren XVII van 4 aug. 1616, vgl. <hi rend="font-size:7.5; font-family:Liberation Serif; font-style:italic" xml:lang="nl">Beschrijving e</hi> I, II, p. 10.<lb/></note><note xml:id="INT_1a7063ce-c506-332a-9007-732e13cf8277.TEI.1.text.1.body.1.div.1.p.8.note.4" xml:lang="nl" rend="font-size: 7.5; text-align: justify; line-height: 9.6pt; text-indent: 21.0pt" xmlns="http://www.tei-c.org/ns/1.0">3 ) De waarde van de retourladingen moest naar rato van het kapitaal van elk der Kamers<lb/> van de Compagnie worden berekend voor elk van hen. In de praktijk was dit natuurlijk niet<lb/> precies uit te voeren.<lb/></note><note xml:id="INT_1a7063ce-c506-332a-9007-732e13cf8277.TEI.1.text.1.body.1.div.1.p.8.note.5" xml:lang="nl" rend="font-size: 7.5; text-align: justify; line-height: 9.6pt; text-indent: 21.0pt" xmlns="http://www.tei-c.org/ns/1.0">4) Saliger Gedachtenisse. Bij Resolutie van Heren XVII van 18 aug. 1612 was de G. G.<lb/> geauthoriseerd uitgediende Compagniesdienaren enige middelen van bestaan toe te kennen,<lb/> wanneer zij zich als vrijburgers vestigden. Het door wijlen den G. G. (vermoedelijk is Reynst<lb/> bedoeld) ter zake opgemaakte reglement is verloren gegaan. Vgl. <hi rend="font-size:7.5; font-family:Liberation Serif; font-style:italic" xml:lang="nl">Beschrijvinge</hi> III, p. 348.<lb/></note><pb xml:id="INT_1a7063ce-c506-332a-9007-732e13cf8277.TEI.1.text.1.body.1.div.1.p.8.pb.1" n="79" facs="http://resources.huygens.knaw.nl/retroapp/service_generalemissiven/gm_01/images/gm_1_104_0079.tif"/><fw xml:id="INT_1a7063ce-c506-332a-9007-732e13cf8277.TEI.1.text.1.body.1.div.1.p.8.fw.1" place="top" type="head" facs="#zone.5605307" xmlns="http://www.tei-c.org/ns/1.0">Reael VI, 17 december 1617</fw><fw xml:id="INT_1a7063ce-c506-332a-9007-732e13cf8277.TEI.1.text.1.body.1.div.1.p.8.fw.2" place="top" type="page-number" facs="#zone.5605315" xmlns="http://www.tei-c.org/ns/1.0">79</fw>het haere verliesen ende niet maehtich sijn een iaer ofte 2 te continueeren, gelijc wij<lb xmlns="http://www.tei-c.org/ns/1.0"/> alreede sien, dat verscheydene die, het voorleden iaer gelicentieert sijnde, alreede<lb xmlns="http://www.tei-c.org/ns/1.0"/> versoecken nae ’t vaderlant te keeren, soodat ick achte, met de onghehouwde<lb xmlns="http://www.tei-c.org/ns/1.0"/> weynich uut te rechten sal sijn, principaelijck soo se aen geen tijt verbonden en<lb xmlns="http://www.tei-c.org/ns/1.0"/> sijn; dan ons bedunckens mocht de getrouwden wel wat meerder geconsenteert<lb xmlns="http://www.tei-c.org/ns/1.0"/> werden. Evenwel hebben wij alsnoch eenighe vrije luyden, van wiens bequaemheyt<lb xmlns="http://www.tei-c.org/ns/1.0"/> wij wat geinformeert waeren, hetselve veriont omme allengskens te proeven, waer<lb xmlns="http://www.tei-c.org/ns/1.0"/> de saecke heenen wil.<lb xmlns="http://www.tei-c.org/ns/1.0"/>
            </p><note xml:id="INT_1a7063ce-c506-332a-9007-732e13cf8277.TEI.1.text.1.body.1.div.1.note.4" xml:lang="nl" place="inline" type="editorial-summary" resp="editor" rend="font-style: italic; line-height: 11.1pt; text-indent: 22.0pt; text-align: justify; font-size: 10" xmlns="http://www.tei-c.org/ns/1.0">(Gebeurtenissen op Banda, vgl. <hi rend="font-size:10; font-family:Liberation Serif" xml:lang="nl">Banda,</hi> p. 95-103).<lb/></note><p xml:id="INT_1a7063ce-c506-332a-9007-732e13cf8277.TEI.1.text.1.body.1.div.1.p.9" xml:lang="nl" rend="font-size: 10; text-align: justify; line-height: 11.7pt; text-indent: 22.0pt" xmlns="http://www.tei-c.org/ns/1.0">De plaetse van J ohor en soude ons bedunckens niet heel wel tot een rende -vous<lb/> dienen, veel minder dat wij onse middelen mette benauwde Conynck <hi rend="font-size:10; font-family:Liberation Serif; vertical-align:super" xml:lang="nl">x)</hi> soude engageeren,<lb/> gelijc wij hetselve alsnoch van Ceylon mede gevoelen.<lb/></p><note xml:id="INT_1a7063ce-c506-332a-9007-732e13cf8277.TEI.1.text.1.body.1.div.1.note.5" xml:lang="nl" place="inline" type="editorial-summary" resp="editor" rend="font-style: italic; line-height: 11.7pt; text-indent: 22.0pt; text-align: justify; font-size: 10" xmlns="http://www.tei-c.org/ns/1.0">( Gebeurtenissen op de Specerij eilanden, reeds van elders bekend, o. a. <hi rend="font-size:10; font-family:Liberation Serif" xml:lang="nl">Coen /,</hi><lb/>p. 219 vlg.).<lb/></note><note xml:id="INT_1a7063ce-c506-332a-9007-732e13cf8277.TEI.1.text.1.body.1.div.1.note.6" xml:lang="nl" rend="font-size: 7.5; text-align: justify; line-height: 8.3pt; text-indent: 22.0pt" xmlns="http://www.tei-c.org/ns/1.0">1) De vorst van Djohore werd door dien van Atjeh ernstig in het nauw gebracht.<lb/></note>
            
      </div>
                  </body>
                </text>
              </TEI>