<TEI xml:id="INT_d88954f6-c387-3a43-a187-1a5661e4d7e7" xmlns="http://www.tei-c.org/ns/1.0">
                <teiHeader>
      <fileDesc>
        <titleStmt>
          <title>De Carpentier en Dedel, Kasteel Jakatra, 8 maart 1621</title>
        </titleStmt>
        <publicationStmt>
          <p>
            <date>8 maart 1621</date>
            <idno type="sourceID">missiven:vol1</idno>
            <idno type="pid">INT_d88954f6-c387-3a43-a187-1a5661e4d7e7</idno>
          </p>
        </publicationStmt>
        <notesStmt>
          <note/>
        </notesStmt>
        <sourceDesc>
          <listBibl xml:id="inlMetadata">
            <bibl type="missive">
        <interpGrp type="page"><interp>99</interp></interpGrp>
        
      <interpGrp type="titleLevel1"><interp>De Carpentier en Dedel, Kasteel Jakatra, 8 maart 1621</interp></interpGrp>
      <interpGrp type="dateLevel1"><interp>8 maart 1621</interp></interpGrp>
        <interpGrp type="tocLevel"><interp>1</interp></interpGrp>
      <interpGrp type="volume"><interp>1</interp></interpGrp>
        <interpGrp type="n"><interp>XI</interp></interpGrp>
      <interpGrp type="localization_placeLevel1"><interp>Kasteel Jakatra</interp></interpGrp>
      <interpGrp type="witnessYearLevel1_from"><interp>1621</interp></interpGrp>
      <interpGrp type="witnessYearLevel1_to"><interp>1621</interp></interpGrp>
      <interpGrp type="witnessMonthLevel1_to"><interp>3</interp></interpGrp>
      <interpGrp type="witnessMonthLevel1_from"><interp>3</interp></interpGrp>
      <interpGrp type="witnessDayLevel1_to"><interp>8</interp></interpGrp>
      <interpGrp type="witnessDayLevel1_from"><interp>8</interp></interpGrp>
      <interpGrp type="authorLevel1"><interp>De Carpentier</interp><interp>Dedel</interp></interpGrp>
      <interpGrp type="pid"><interp>INT_d88954f6-c387-3a43-a187-1a5661e4d7e7</interp></interpGrp>
    </bibl>
          </listBibl>
        </sourceDesc>
      </fileDesc>
    </teiHeader>
                <text xml:id="INT_d88954f6-c387-3a43-a187-1a5661e4d7e7.TEI.1.text.1">
                  <body xml:id="INT_d88954f6-c387-3a43-a187-1a5661e4d7e7.TEI.1.text.1.body.1">
                    <div xml:id="INT_d88954f6-c387-3a43-a187-1a5661e4d7e7.TEI.1.text.1.body.1.div.1">
        
              <pb xml:id="INT_d88954f6-c387-3a43-a187-1a5661e4d7e7.TEI.1.text.1.body.1.div.1.pb.1" n="99" facs="http://resources.huygens.knaw.nl/retroapp/service_generalemissiven/gm_01/images/gm_1_104_0099.tif"/><fw xml:id="INT_d88954f6-c387-3a43-a187-1a5661e4d7e7.TEI.1.text.1.body.1.div.1.fw.1" place="top" type="head" facs="#zone.5651277" xmlns="http://www.tei-c.org/ns/1.0">De Carpentier, Dedel XI, 8 maart 1621</fw><fw xml:id="INT_d88954f6-c387-3a43-a187-1a5661e4d7e7.TEI.1.text.1.body.1.div.1.fw.2" place="top" type="page-number" facs="#zone.5651287" xmlns="http://www.tei-c.org/ns/1.0">99</fw><head xml:id="INT_d88954f6-c387-3a43-a187-1a5661e4d7e7.TEI.1.text.1.body.1.div.1.head.1" xml:lang="nl" rend="font-size: 10; text-align: justify; line-height: 11.4pt" xmlns="http://www.tei-c.org/ns/1.0">XI. FIETER DE CARPENTIER EN JACOB DEDEL, KASTEEL JAKATRA<lb/> 8 maart 1621 <hi rend="font-size:10; font-family:Liberation Serif; vertical-align:super" xml:lang="nl">1).</hi><lb/></head><p xml:id="INT_d88954f6-c387-3a43-a187-1a5661e4d7e7.TEI.1.text.1.body.1.div.1.p.1" xml:lang="nl" rend="font-size: 7.5; text-align: justify; line-height: 8.3pt" xmlns="http://www.tei-c.org/ns/1.0">984 fol. 375-379.<lb/></p><note xml:id="INT_d88954f6-c387-3a43-a187-1a5661e4d7e7.TEI.1.text.1.body.1.div.1.note.1" xml:lang="nl" place="inline" type="editorial-summary" resp="editor" rend="font-style: italic; line-height: 11.7pt; text-indent: 21.0pt; text-align: justify; font-size: 9" xmlns="http://www.tei-c.org/ns/1.0">(Af gedrukt zijn alleen die gedeelten <hi rend="font-size:9; font-family:Liberation Serif" xml:lang="nl">,</hi> welke gegevens bevatten niet voorkomend<lb/> in nr. XII).<lb/></note><p xml:id="INT_d88954f6-c387-3a43-a187-1a5661e4d7e7.TEI.1.text.1.body.1.div.1.p.2" xml:lang="nl" rend="font-size: 10; text-align: justify; line-height: 11.7pt; text-indent: 21.0pt" xmlns="http://www.tei-c.org/ns/1.0">Den 27en january passato hebben met een armade van 13 tingans <hi rend="font-size:10; font-family:Liberation Serif; vertical-align:super" xml:lang="nl">2)</hi> een tocht<lb/> in de revier van Ontong Java <hi rend="font-size:10; font-family:Liberation Serif; vertical-align:super" xml:lang="nl">3)</hi> gedaen op de visschers van Bantam, die daer in<lb/> groote meenichte hielden ende vier ende twintich vischersvliegers <hi rend="font-size:10; font-family:Liberation Serif; vertical-align:super" xml:lang="nl">4)</hi> met een hooft<lb/> verovert, de reste van ’t volck landewaerts in vluchtende. Weynich tijt daernaer<lb/> sijn die van Bantam met een wel gemande armade van 156, soo goeraps <hi rend="font-size:10; font-family:Liberation Serif; vertical-align:super" xml:lang="nl">5)</hi> als<lb/> groote tingans tot onder den hoeck van Ontongh Java gecomen omme te sien,<lb/> off onse cleene macht souden connen uuytlocken, gelijck mede omme op de j oneken,<lb/> die van de noord herrewaerts aen mochten comen, te passen, maer beyde is haer<lb/> misluckt, want d’armade de rema <hi rend="font-size:10; font-family:Liberation Serif; vertical-align:super" xml:lang="nl">6)</hi> inhielden ende in ’t vaerwater van de joneken<lb/> twee schepen uyt cruysen sonden, soodat in haer hoope gefrustreert sijnde, met<lb/> alle man weder in Bantam gekeert sijn sonder yets te verrichten.<lb/></p><p xml:id="INT_d88954f6-c387-3a43-a187-1a5661e4d7e7.TEI.1.text.1.body.1.div.1.p.3" resp="int_paragraph_joining" rend="">
              In voorgaende is U Ed. mede verhaelt, hoe de Erancen <hi rend="font-size:10; font-family:Liberation Serif; vertical-align:super" xml:lang="nl" xmlns="http://www.tei-c.org/ns/1.0">7)</hi> liber acces tot<lb xmlns="http://www.tei-c.org/ns/1.0"/> Bantam vergundt was omme den peperhandel te mogen procureren. Den 15 january<lb xmlns="http://www.tei-c.org/ns/1.0"/> passato sijn met 1’Espérance ende haere bareque van hier derrewaerts vertrocken,<lb xmlns="http://www.tei-c.org/ns/1.0"/> den 17e voor Bantam gearriveert ende den 18e met haere boot, een vredevaen<lb xmlns="http://www.tei-c.org/ns/1.0"/> en de Erance vlagge naer landt gevaren; die van ’t landt lieten mede van<lb xmlns="http://www.tei-c.org/ns/1.0"/> de stadtswallen twee vredevlaggen waeyen; soo haest met haer boot voor de<lb xmlns="http://www.tei-c.org/ns/1.0"/> riviere quamen, isser een prauw uyt gecomen, die haer de anekeren <hi rend="font-size:10; font-family:Liberation Serif; vertical-align:super" xml:lang="nl" xmlns="http://www.tei-c.org/ns/1.0">8),</hi> ondervragende<lb xmlns="http://www.tei-c.org/ns/1.0"/> wat voor volck waren ende, naerdat vernomen hadden Erancen te<lb xmlns="http://www.tei-c.org/ns/1.0"/> wesen, sijn met dese bootschap naer den Pangoran gevaren ende corts daerop<lb xmlns="http://www.tei-c.org/ns/1.0"/> wedergekeert ende hun affgevraecht, off vrienden met de Hollanders waren, ant-<lb xmlns="http://www.tei-c.org/ns/1.0"/><note xml:id="INT_d88954f6-c387-3a43-a187-1a5661e4d7e7.TEI.1.text.1.body.1.div.1.p.3.note.1" xml:lang="nl" rend="font-size: 7.5; text-align: justify; line-height: 9.3pt; text-indent: 22.0pt" xmlns="http://www.tei-c.org/ns/1.0">1) Bij Resolutie van 4 jan. 1621 <hi rend="font-size:7.5; font-family:Liberation Serif; font-style:italic" xml:lang="nl">(Goen</hi> III, p. 679) werd besloten gedurende Coen’s<lb/> tocht naar Banda een „formele hoge raet te creeren” . . . „omme het generael maniement van<lb/> Compagnies saecken soo te water als te lande . . . waer te nemen ende te dirigeeren”. Van deze<lb/> Raad maakten deel uit de raden van Indië Pieter de Carpentier en Jacob Dedel, die om beurten<lb/> gedurende een maand presideerden, de commandeur Cornelis Reyersz., de opperkoopman<lb/> Abraham van Uffelen en de garnizoenscommandant, kapitein Jan Pa. Ilc meen daarom de<lb/> beide brieven resp. door de genoemde raden van Indië en door vier leden van dit college geschreven<lb/> als generale missiven te moeten beschouwen.<lb/></note><note xml:id="INT_d88954f6-c387-3a43-a187-1a5661e4d7e7.TEI.1.text.1.body.1.div.1.p.3.note.2" xml:lang="nl" rend="font-size: 7.5; line-height: 9.3pt; text-indent: 21.0pt" xmlns="http://www.tei-c.org/ns/1.0">2) Tinggang, soort Javaanse sloep met twee roers, gewoonlijk als laad- en transportvaartuig<lb/> gebruikt.<lb/></note><note xml:id="INT_d88954f6-c387-3a43-a187-1a5661e4d7e7.TEI.1.text.1.body.1.div.1.p.3.note.3" xml:lang="nl" rend="font-size: 7.5; text-align: justify; line-height: 9.3pt; margin-left: 2100" xmlns="http://www.tei-c.org/ns/1.0">3) Untung Djawa, kaap aan Java’s noordkust, 106° 40' O. L., 6° Z. B.<lb/></note><note xml:id="INT_d88954f6-c387-3a43-a187-1a5661e4d7e7.TEI.1.text.1.body.1.div.1.p.3.note.4" xml:lang="nl" rend="font-size: 7.5; text-align: justify; line-height: 9.3pt; margin-left: 2100" xmlns="http://www.tei-c.org/ns/1.0">4) Vissersvaartuigen.<lb/></note><note xml:id="INT_d88954f6-c387-3a43-a187-1a5661e4d7e7.TEI.1.text.1.body.1.div.1.p.3.note.5" xml:lang="nl" rend="font-size: 7.5; text-align: justify; line-height: 9.3pt; margin-left: 2100" xmlns="http://www.tei-c.org/ns/1.0">5) Gorab, groot roeivaartuig, „galei” van Arabische oorsprong.<lb/></note><note xml:id="INT_d88954f6-c387-3a43-a187-1a5661e4d7e7.TEI.1.text.1.body.1.div.1.p.3.note.6" xml:lang="nl" rend="font-size: 7.5; text-align: justify; line-height: 9.3pt; margin-left: 2100" xmlns="http://www.tei-c.org/ns/1.0">6) Armada de rema, vloot van roeivaartuigen.<lb/></note><note xml:id="INT_d88954f6-c387-3a43-a187-1a5661e4d7e7.TEI.1.text.1.body.1.div.1.p.3.note.7" xml:lang="nl" rend="font-size: 7.5; text-align: justify; line-height: 9.3pt; text-indent: 22.0pt" xmlns="http://www.tei-c.org/ns/1.0">7) Robert Gravé, kapitein en Tellier, koopman op de Espérance, een der drie schepen,<lb/> die in okt. 1619 van Dieppe onder Augustin de Beaulieu naar Zuid- Azië waren vertrokken, verkregen,<lb/> nadat hun door sterfgevallen onhandelbaar geworden schip door de Leyden van de<lb/> Westkust van Sumatra naar Jakatra was geleid, 19 dec. 1620 vergunning van de Nederlanders<lb/> en de Engelsen peper te Bantam op te kopen, mits zij tweederde daarvan aan hen tegen<lb/> inkoopsprijs overdeden. (Vgl. <hi rend="font-size:7.5; font-family:Liberation Serif; font-style:italic" xml:lang="nl">Goen</hi> IV, p. 26). Voor de nasleep in Europa van deze zaak zie<lb/> men <hi rend="font-size:7.5; font-family:Liberation Serif; font-style:italic" xml:lang="nl">Beschrijvinge</hi> I, II, p. 612-615.<lb/></note><note xml:id="INT_d88954f6-c387-3a43-a187-1a5661e4d7e7.TEI.1.text.1.body.1.div.1.p.3.note.8" xml:lang="nl" rend="font-size: 7.5; text-align: justify; line-height: 9.3pt; margin-left: 2100" xmlns="http://www.tei-c.org/ns/1.0">8) De zin loopt niet. Vermoedelijk te lezen: „te anekeren gelastte”.<lb/></note><pb xml:id="INT_d88954f6-c387-3a43-a187-1a5661e4d7e7.TEI.1.text.1.body.1.div.1.p.3.pb.1" n="100" facs="http://resources.huygens.knaw.nl/retroapp/service_generalemissiven/gm_01/images/gm_1_104_0100.tif"/><fw xml:id="INT_d88954f6-c387-3a43-a187-1a5661e4d7e7.TEI.1.text.1.body.1.div.1.p.3.fw.1" place="top" type="page-number" facs="#zone.123511" xmlns="http://www.tei-c.org/ns/1.0">100</fw><fw xml:id="INT_d88954f6-c387-3a43-a187-1a5661e4d7e7.TEI.1.text.1.body.1.div.1.p.3.fw.2" place="top" type="head" facs="#zone.123515" xmlns="http://www.tei-c.org/ns/1.0">De Carpentier, Dedel XI, 8 maart 1621</fw>woorden neen ende met de Hollanders niet te verschaffen hadden. Sij quamen<lb xmlns="http://www.tei-c.org/ns/1.0"/> van Jacatra, doordien de Hollanders haer schip daer gebrocht hadden, wesende<lb xmlns="http://www.tei-c.org/ns/1.0"/> door sieckte in noot ende gebreck van volck vervallen; dan met de compste van<lb xmlns="http://www.tei-c.org/ns/1.0"/> haer tweede schip (wesende de barcque), dat liaeren generael expres tot hun<lb xmlns="http://www.tei-c.org/ns/1.0"/> secoers van Ticco <hi rend="font-size:10; font-family:Liberation Serif; vertical-align:super" xml:lang="nl" xmlns="http://www.tei-c.org/ns/1.0">1)</hi> naer gesonden hadde, sijn wederom gemant geworden. Met<lb xmlns="http://www.tei-c.org/ns/1.0"/> dese bootschap is de prauw voor de tweedemael naer den Pangoram gekeert,<lb xmlns="http://www.tei-c.org/ns/1.0"/> daerop ten antwoorde ontfingen, dat ’s anderendaeghs weder souden comen, conden<lb xmlns="http://www.tei-c.org/ns/1.0"/> den Pangoran nu niet spreecken; daeghs daeraen weder naer landt varende,<lb xmlns="http://www.tei-c.org/ns/1.0"/> sijn haer twee prauwen temoet gecomen, daerinne den sabandar ende ’s Conincx<lb xmlns="http://www.tei-c.org/ns/1.0"/> weger, vraeghende weder, wat hun begeerte was, antwoorden, den vrijen handel<lb xmlns="http://www.tei-c.org/ns/1.0"/> versochten, gelijck de haere over twee jaeren tevooren toegelaten was <hi rend="font-size:10; font-family:Liberation Serif; vertical-align:super" xml:lang="nl" xmlns="http://www.tei-c.org/ns/1.0">2).</hi> Cregen<lb xmlns="http://www.tei-c.org/ns/1.0"/> voor bescheyt, morgen weder souden comen, sagen nu wel, dat het Francen<lb xmlns="http://www.tei-c.org/ns/1.0"/> waren, daeraen getwijffelt hadden, alsoo de Hollanders voor desen daer oock<lb xmlns="http://www.tei-c.org/ns/1.0"/> met een France vlagge geweest waren (t’welck nochtans onwaerachtich is);<lb xmlns="http://www.tei-c.org/ns/1.0"/> vraeghden haer voorder, ofte hun de Hollanders niet nemen souden, antwoorden,<lb xmlns="http://www.tei-c.org/ns/1.0"/> niet dorven souden, want haeren Coninck soude de Hollanders wel thien voor een<lb xmlns="http://www.tei-c.org/ns/1.0"/> doen betaelen, indien haer eenighe de minste schade aendeden. Daernaer is den<lb xmlns="http://www.tei-c.org/ns/1.0"/> coopman van de Francen met een schenckagie na lant gevaeren om den Pangoran<lb xmlns="http://www.tei-c.org/ns/1.0"/> te salueeren, maer mochte dien dach niet binnen; den Pangoran most eerst pitcharen,<lb xmlns="http://www.tei-c.org/ns/1.0"/> souden morgen comen ende soo van Vranckrijck gesonden waren om te<lb xmlns="http://www.tei-c.org/ns/1.0"/> handelen, souden wellecom wesen, maer soo quamen om t’oorlogen gelijck de<lb xmlns="http://www.tei-c.org/ns/1.0"/> Hollanders ende d’Engelsen, souden haer al mede verwachten, ’s Anderen daeghs<lb xmlns="http://www.tei-c.org/ns/1.0"/> is den coopman voorsz. weder met sijn schenckagie naer lant gekeert ende, naerdat<lb xmlns="http://www.tei-c.org/ns/1.0"/> ontrent 6 uyren voor de riviere gewacht hadde ende van de sonne wel doorbraden<lb xmlns="http://www.tei-c.org/ns/1.0"/> was, ingelaten ende voor den Coninck gebracht, die hun vraeghde, wat hun begeeren<lb xmlns="http://www.tei-c.org/ns/1.0"/> was; seyden, Sijne Mats dienaers waeren, den peperhandel versochten ende dat<lb xmlns="http://www.tei-c.org/ns/1.0"/> een huys mochte vergundt worden. De Pangoran beloof f de haer binnen twee dagen<lb xmlns="http://www.tei-c.org/ns/1.0"/> een huys te sullen doen opmaecken, daer haere coopmanschap in bergen souden.<lb xmlns="http://www.tei-c.org/ns/1.0"/>
            </p><p xml:id="INT_d88954f6-c387-3a43-a187-1a5661e4d7e7.TEI.1.text.1.body.1.div.1.p.4" resp="int_paragraph_joining" rend="">
              Met de jongste advisen, van onse schepen voor Bantam becomen, hadden sij<lb xmlns="http://www.tei-c.org/ns/1.0"/> tot noch toe niet een peper graen becomen, maer een riete godong <hi rend="font-size:10; font-family:Liberation Serif; vertical-align:super" xml:lang="nl" xmlns="http://www.tei-c.org/ns/1.0">3)</hi> gecregen,<lb xmlns="http://www.tei-c.org/ns/1.0"/> staende buyten de stadt ontrent de strant, van alle andere huysen gesepareert ende<lb xmlns="http://www.tei-c.org/ns/1.0"/> rontsomme met Javanen wel bewaert, alwaer haere coopmanschap ende geit sullen<lb xmlns="http://www.tei-c.org/ns/1.0"/> mogen brengen ende tegen peper verhandelen, doch onder gelimitteerde conditiën,<lb xmlns="http://www.tei-c.org/ns/1.0"/> dat ’t volck, die eens aen landt geordonneert worden, niet sullen mogen veranderen;<lb xmlns="http://www.tei-c.org/ns/1.0"/> dat de boot al tij t met sekere ende deselffde persoonen aen landt sal comen<lb xmlns="http://www.tei-c.org/ns/1.0"/> sonder die te mogen wisselen, dat niet vermogen sullen haer goet aen andere te<lb xmlns="http://www.tei-c.org/ns/1.0"/> vercoopen, nochte peper van andere te coopen als van degeene, die de Pangoran<lb xmlns="http://www.tei-c.org/ns/1.0"/> expres daertoe sal ordonneeren ; dat aen de Hollanders en de Engelsen geen peper<lb xmlns="http://www.tei-c.org/ns/1.0"/> sullen overlaten op verbeurte van lij ff ende goet. De Francen seggen al amen, op<lb xmlns="http://www.tei-c.org/ns/1.0"/> hope van peper; sij waeren met den Pangoran over de prijs van de peper verdragen<lb xmlns="http://www.tei-c.org/ns/1.0"/> tot 4a/r <hi rend="font-size:10; font-family:Liberation Serif; vertical-align:super" xml:lang="nl" xmlns="http://www.tei-c.org/ns/1.0">4)</hi> de sack, doch daer en is niet op gevolcht ; eenighe dagen al met dese Javaense<lb xmlns="http://www.tei-c.org/ns/1.0"/> praetiens ge voet sijnde, is den sabandar bij haer gecomen, die 500 croonen<lb xmlns="http://www.tei-c.org/ns/1.0"/><note xml:id="INT_d88954f6-c387-3a43-a187-1a5661e4d7e7.TEI.1.text.1.body.1.div.1.p.4.note.1" xml:lang="nl" rend="font-size: 7.5; line-height: 10.2pt; text-indent: 22.0pt" xmlns="http://www.tei-c.org/ns/1.0">1) Ticco, Tiku, havenplaats ter Westkust van Sumatra, op ongeveer 100° O. L., peperhaven.<lb/><lb/></note><note xml:id="INT_d88954f6-c387-3a43-a187-1a5661e4d7e7.TEI.1.text.1.body.1.div.1.p.4.note.2" xml:lang="nl" rend="font-size: 7.5; text-align: justify; line-height: 9.9pt; margin-left: 2100" xmlns="http://www.tei-c.org/ns/1.0">2) NI. aan de Marguérite en de Montmorency, die in febr. 1617 voor Bantam kwamen.<lb/></note><note xml:id="INT_d88954f6-c387-3a43-a187-1a5661e4d7e7.TEI.1.text.1.body.1.div.1.p.4.note.3" xml:lang="nl" rend="font-size: 7.5; line-height: 9.9pt; text-indent: 21.0pt" xmlns="http://www.tei-c.org/ns/1.0">3) Gedong, Javaans, gudang, Maleis, pakhuis, voorraadsschuur, in het Engels overgenomen<lb/> als godown.<lb/></note><note xml:id="INT_d88954f6-c387-3a43-a187-1a5661e4d7e7.TEI.1.text.1.body.1.div.1.p.4.note.4" xml:lang="nl" rend="font-size: 7.5; text-align: justify; line-height: 9.9pt; margin-left: 2100" xmlns="http://www.tei-c.org/ns/1.0">4) Realen van achten.<lb/></note><pb xml:id="INT_d88954f6-c387-3a43-a187-1a5661e4d7e7.TEI.1.text.1.body.1.div.1.p.4.pb.1" n="101" facs="http://resources.huygens.knaw.nl/retroapp/service_generalemissiven/gm_01/images/gm_1_104_0101.tif"/><fw xml:id="INT_d88954f6-c387-3a43-a187-1a5661e4d7e7.TEI.1.text.1.body.1.div.1.p.4.fw.1" place="top" type="head" facs="#zone.125936" xmlns="http://www.tei-c.org/ns/1.0">De Carpentier, Dedel XI, 8 maart 1621</fw><fw xml:id="INT_d88954f6-c387-3a43-a187-1a5661e4d7e7.TEI.1.text.1.body.1.div.1.p.4.fw.2" place="top" type="page-number" facs="#zone.125946" xmlns="http://www.tei-c.org/ns/1.0">101</fw>begeerde, eer tot handelinghe mochte comen ende noch en begeert haer daervoor<lb xmlns="http://www.tei-c.org/ns/1.0"/> niet te versekeren, dat van voorder molest vrij sullen wesen. Niettegenstaende, om<lb xmlns="http://www.tei-c.org/ns/1.0"/> eens tot den handel te mogen comen, hebben hem de Francen de 500 croonen<lb xmlns="http://www.tei-c.org/ns/1.0"/> belooft ; nu het met den sabandar claer is, begint den Pangoran weder te crackelen<lb xmlns="http://www.tei-c.org/ns/1.0"/> ende begeert voor yder sack peper, die hij is hebbende, 6 realen ende, soo wanneer<lb xmlns="http://www.tei-c.org/ns/1.0"/> die gecocht hebben, sullen dan tot 4 realen van andere mogen coopen ende eer niet.<lb xmlns="http://www.tei-c.org/ns/1.0"/> De Hollanders, begint men haer te seggen, sijn een quaet volck ende gans niet te<lb xmlns="http://www.tei-c.org/ns/1.0"/> betrouwen; nu simuleren se wel met u, totdat uwe schepen vol peper hebt, als<lb xmlns="http://www.tei-c.org/ns/1.0"/> wanneer ongetwijffelt die(r) aentasten ende lichten sullen, in somma soo haer de<lb xmlns="http://www.tei-c.org/ns/1.0"/> schroeff niet wel vast staet, sal ’t hooft voorseker op de loop geraecken.<lb xmlns="http://www.tei-c.org/ns/1.0"/>
            </p><p xml:id="INT_d88954f6-c387-3a43-a187-1a5661e4d7e7.TEI.1.text.1.body.1.div.1.p.5" resp="int_paragraph_joining" rend="">
              ’t Is eenighe dagen geleden, dat den ontfanger van ’s lants incomen d’Engelse<lb xmlns="http://www.tei-c.org/ns/1.0"/> president aengesproocken ende gemaent heeft over de tol van 200 picol Priamanse<lb xmlns="http://www.tei-c.org/ns/1.0"/> <hi rend="font-size:10; font-family:Liberation Serif; vertical-align:super" xml:lang="nl" xmlns="http://www.tei-c.org/ns/1.0">x)</hi> peper, alhier met ons in compagnie van seecker Chinees gecocht, waervan<lb xmlns="http://www.tei-c.org/ns/1.0"/> naer verscheyden maningen geen voldoeninghe heeft konnen becomen, maer is<lb xmlns="http://www.tei-c.org/ns/1.0"/> telckens met praetiens uytgestelt, totdat eyndelijck ’t hooge woort daeruyt gecomen<lb xmlns="http://www.tei-c.org/ns/1.0"/> is, seggende, ick begeere noch en sal niet toestaen, dat het betaelt worde, voor<lb xmlns="http://www.tei-c.org/ns/1.0"/> ende aleer expresse ordre van mijne meesters daertoe ontfange, want sij en hebben<lb xmlns="http://www.tei-c.org/ns/1.0"/> van dese nieuwicheyt niet geweten ende sullen mogelic ander ordre met den<lb xmlns="http://www.tei-c.org/ns/1.0"/> anderen daerover ramen <hi rend="font-size:10; font-family:Liberation Serif; vertical-align:super" xml:lang="nl" xmlns="http://www.tei-c.org/ns/1.0">1 2).</hi> Ondertussen siende, dat met geene civiliteyt met haer<lb xmlns="http://www.tei-c.org/ns/1.0"/> conden terecht comen, hebben wij den ontfanger belast de saecke voor ’t gerichte<lb xmlns="http://www.tei-c.org/ns/1.0"/> van de stadt te betrecken, dewelcke vonnissen daerover ge wesen hebben, gelijck<lb xmlns="http://www.tei-c.org/ns/1.0"/> U Ed. per nevensgaende acte mogen sien, dat binnen den tijt van acht dagen<lb xmlns="http://www.tei-c.org/ns/1.0"/> ’s lants gerechticheyt aen den ontfanger sullen voldoen, haer daerenboven als<lb xmlns="http://www.tei-c.org/ns/1.0"/> opposanten tegens ’s heeren placcaten condemneerende in een amende van<lb xmlns="http://www.tei-c.org/ns/1.0"/> 300 gulden. Op ’t versoeck van d’Engelsen is haer bij den secretaris van de stadt<lb xmlns="http://www.tei-c.org/ns/1.0"/> copie van dese acte verleent, daermede bij ons verscheenen sijn, vragende, off wij<lb xmlns="http://www.tei-c.org/ns/1.0"/> dese sententie approbeerden ; cregen tot antwoorde, hadden sij wat te versoecken<lb xmlns="http://www.tei-c.org/ns/1.0"/> ende soo haer over de cententie bij ’t lage recht gegeven gegraveert vonden, dat<lb xmlns="http://www.tei-c.org/ns/1.0"/> voor den Hoogen Raet van ’t fordt mochten appelleeren, alwaer de saecke geresumeert<lb xmlns="http://www.tei-c.org/ns/1.0"/> konde worden. Dat was onnoodich, meende sij, want hielden ’t soo goet als<lb xmlns="http://www.tei-c.org/ns/1.0"/> geapprobeert, docrdien die van de stadt sulcx sonder ons consent niet gedaen<lb xmlns="http://www.tei-c.org/ns/1.0"/> souden hebben. Daerenboven soude d’heer Generael gesworen hebben met sijn<lb xmlns="http://www.tei-c.org/ns/1.0"/> bloet te willen voorstaen, tgene bij sijne dienaers gedaen wordt. In corte woorden<lb xmlns="http://www.tei-c.org/ns/1.0"/> antwoorden haer, dat in geenderley manieren, soo lange geen contra ordre van<lb xmlns="http://www.tei-c.org/ns/1.0"/> onse heeren bequamen, ’s lants gerechticheyt souden cederen, maer begeerden<lb xmlns="http://www.tei-c.org/ns/1.0"/> die soo wel van haer als alle ander t’ontfangen. Verstonden ’t de heeren qualick<lb xmlns="http://www.tei-c.org/ns/1.0"/> gegeven te sijn, waren bastant omme tselve t’allen tijden te rembourseren. Aengaende<lb xmlns="http://www.tei-c.org/ns/1.0"/> de boete van 300 gulden, soo begeerden t’appelleeren, men soude met den<lb xmlns="http://www.tei-c.org/ns/1.0"/> Raet daerover handelen ende soo dat niet begeerden te doen, dat dan mochten<lb xmlns="http://www.tei-c.org/ns/1.0"/> ’t gewesene aen den officier van de stadt betalen. De schepenen hebben dese boete<lb xmlns="http://www.tei-c.org/ns/1.0"/> sonder onse kennisse ge wesen, die wat groff schijnt te sijn, doch sij can verlicht<lb xmlns="http://www.tei-c.org/ns/1.0"/> worden, soo maer buygen ende appelleeren willen, maer ’t hert is veel te groots<lb xmlns="http://www.tei-c.org/ns/1.0"/><note xml:id="INT_d88954f6-c387-3a43-a187-1a5661e4d7e7.TEI.1.text.1.body.1.div.1.p.5.note.1" xml:lang="nl" rend="font-size: 7.5; text-align: justify; line-height: 9.6pt; margin-left: 2200" xmlns="http://www.tei-c.org/ns/1.0">1) Priaman, peperhaven ter Westkust van Sumatra, op ruim 100° O.L.<lb/></note><note xml:id="INT_d88954f6-c387-3a43-a187-1a5661e4d7e7.TEI.1.text.1.body.1.div.1.p.5.note.2" xml:lang="nl" rend="font-size: 7.5; line-height: 9.6pt; text-indent: 21.0pt" xmlns="http://www.tei-c.org/ns/1.0">2) Op 1 okt. 1620 was een „placcaat van de tollen” uitgevaardigd, waarbij op peper<lb/> een invoerrecht van 5 % en een uitvoerrecht van 10 % was gesteld. Vgl. <hi rend="font-size:7.5; font-family:Liberation Serif; font-style:italic" xml:lang="nl">Goen</hi> III, p. 990.<lb/></note><pb xml:id="INT_d88954f6-c387-3a43-a187-1a5661e4d7e7.TEI.1.text.1.body.1.div.1.p.5.pb.1" n="102" facs="http://resources.huygens.knaw.nl/retroapp/service_generalemissiven/gm_01/images/gm_1_104_0102.tif"/><fw xml:id="INT_d88954f6-c387-3a43-a187-1a5661e4d7e7.TEI.1.text.1.body.1.div.1.p.5.fw.1" place="top" type="page-number" facs="#zone.129025" xmlns="http://www.tei-c.org/ns/1.0">102</fw><fw xml:id="INT_d88954f6-c387-3a43-a187-1a5661e4d7e7.TEI.1.text.1.body.1.div.1.p.5.fw.2" place="top" type="head" facs="#zone.129029" xmlns="http://www.tei-c.org/ns/1.0">De Carpentier, Dedel XI, 8 maart 1621</fw>ende beelden haer in, dat men se tenminsten voor vrij heeren behoorden t’erkennen<lb xmlns="http://www.tei-c.org/ns/1.0"/> ende een jurisdictie op haer selven laten besitten.<lb xmlns="http://www.tei-c.org/ns/1.0"/>
            </p><p xml:id="INT_d88954f6-c387-3a43-a187-1a5661e4d7e7.TEI.1.text.1.body.1.div.1.p.6" xml:lang="nl" rend="font-size: 10; text-align: justify; line-height: 11.7pt; text-indent: 22.0pt" xmlns="http://www.tei-c.org/ns/1.0">Op den [b]oom is ordre gegeven, dat geen schuyten, prauwen ofte boots sullen<lb/> vermogen uyt ende in te varen sonder aen te leggen, opdat de boomwachters<lb/> kennisse mogen hebben van tgene uyt- ende inge voert worde. Evenwel is ’t meenichmael<lb/> gebeurt, dat d’Engelse tegen danck doorgevaren sijn, roepende, dat niet<lb/> en wilden aenleggen nochte gedoogen, dat men haer visiteerde, hebben derhalven<lb/> last gegeven, wanneer sulcx meer bevinden, dat ’t hooft van de boot bij de cop<lb/> vatten ende in de boeyen souden sluyten. Men heeft eens eenen quar tier mees ter,<lb/> die de beest speelde ende niet aenleggen wilde, bij de cop gevat ende in de boeyen<lb/> doen setten, sijnde van meeninghe een exemplaire straffe over hem te doen om<lb/> dese moetwillicheyt voor te comen, want ’t schijnt van geen santen houden,<lb/> voordat mirakel doen, doch door ’t versoeck ende intercessie van den Engelsen<lb/> president sijn wij bermhertighe Hollanders beweeght den geapprehenderden te<lb/> relascheren ende voor dese reys te pardonneeren, opdat ons voor geen persialen <hi rend="font-size:10; font-family:Liberation Serif; vertical-align:super" xml:lang="nl">1)</hi><lb/>souden schelden. Noch sijn der al eenighe sporrelinghen meer gevallen over ’t haelen<lb/> van eenige vruchtdragende boomen uyt het bos sonder consent, maer ’t heeft<lb/> hem al gereddert. Wij weten wel, dat sij vier en vlam van ons schrijven sullen,<lb/> dat hier erger als heydenen ende slaven getracteert worden, maer wat connen wij<lb/> den exter t’huppelen ontwennen, met geene civiliteyt ende reden is dese natie te<lb/> payen, soo schrickelijck is sij met begeerlicheyt ende regiersucht gequelt; ’t hart<lb/> dunct haer te bersten, dat hier onder den Nederlantschen scepter moeten sorteeren<lb/> ende over ’t lant ende den vreemden inwoonderen geen heerschappie, alsoo<lb/> wel als wij, mogen excerceeren. Dit is ’t, dat haer meenichmael tegens ons doet<lb/> uytbersten, dat sij van ydereen veracht worden, jaa dat de Chineesen op haer<lb/> niet meer en passen, omdat sij die na haeren wil ende appetyt niet mogen dwingen,<lb/> gelijck een van haere botteliers in ’t eerste meende in train te brengen, daerover<lb/> dat oock gestraft is geweest, gelijck U Ed. voor desen verstaen sult hebben <hi rend="font-size:10; font-family:Liberation Serif; vertical-align:super" xml:lang="nl">2).</hi><lb/></p><p xml:id="INT_d88954f6-c387-3a43-a187-1a5661e4d7e7.TEI.1.text.1.body.1.div.1.p.7" resp="int_paragraph_joining" rend="">
              ’t Is eenige dagen geleden, dat d’Engelse ons overgelevert hebben extract<lb xmlns="http://www.tei-c.org/ns/1.0"/> van alle de schaden, die sij voor ende geduirende den oorloge van de Nederlantse<lb xmlns="http://www.tei-c.org/ns/1.0"/> Compie pretenderen geleden te hebben, versoeckende van ons, dat wij haer van<lb xmlns="http://www.tei-c.org/ns/1.0"/> gelijcken onse pretensien souden overleveren. Daerop haer antwoorden, sulcx ten<lb xmlns="http://www.tei-c.org/ns/1.0"/> deele maer in ’t geheel niet te connen doen, alsoo daer verscheyden saken waren,<lb xmlns="http://www.tei-c.org/ns/1.0"/> waervan wij geen volkomen kennisse hadden, maer dat hun alles ter compste van<lb xmlns="http://www.tei-c.org/ns/1.0"/> d’heer Generael soude behandicht worden, dat noch een maent 3 ofte 4 sal moeten<lb xmlns="http://www.tei-c.org/ns/1.0"/> aenloopen. Wij hebben haer bij provisie overgelevert de cargasoenen van den<lb xmlns="http://www.tei-c.org/ns/1.0"/> Swarten Leeuw, van ’t jacht Delft, van de Patanische ende Jambische joncken <hi rend="font-size:10; font-family:Liberation Serif; vertical-align:super" xml:lang="nl" xmlns="http://www.tei-c.org/ns/1.0">3)</hi><lb xmlns="http://www.tei-c.org/ns/1.0"/>ende van de reste tot de compste van d’heer Generael uytgestelt. Sij versochten<lb xmlns="http://www.tei-c.org/ns/1.0"/> dadelijck overleveringhe van alles ofte tenminsten de 96000 realen met den Beer<lb xmlns="http://www.tei-c.org/ns/1.0"/> ende de Sterre becomen <hi rend="font-size:10; font-family:Liberation Serif; vertical-align:super" xml:lang="nl" xmlns="http://www.tei-c.org/ns/1.0">4),</hi> met soo confidenten ende onbeschaemden gelaet, als<lb xmlns="http://www.tei-c.org/ns/1.0"/><note xml:id="INT_d88954f6-c387-3a43-a187-1a5661e4d7e7.TEI.1.text.1.body.1.div.1.p.7.note.1" xml:lang="nl" rend="font-size: 7.5; line-height: 9.3pt; text-indent: 22.0pt" xmlns="http://www.tei-c.org/ns/1.0">1) Er kan ook pecsialen staan; is dan misschien bedoeld dwingelanden? Het Maleise<lb/> peksi betekent nl. dwang.<lb/></note><note xml:id="INT_d88954f6-c387-3a43-a187-1a5661e4d7e7.TEI.1.text.1.body.1.div.1.p.7.note.2" xml:lang="nl" rend="font-size: 7.5; text-align: justify; line-height: 9.3pt; margin-left: 2100" xmlns="http://www.tei-c.org/ns/1.0">2) Nl. in de brief van 31 juli 1620, vgl. <hi rend="font-size:7.5; font-family:Liberation Serif; font-style:italic" xml:lang="nl">Coen</hi> I, p. 577.<lb/></note><note xml:id="INT_d88954f6-c387-3a43-a187-1a5661e4d7e7.TEI.1.text.1.body.1.div.1.p.7.note.3" xml:lang="nl" rend="font-size: 7.5; text-align: justify; line-height: 9.3pt; text-indent: 21.0pt" xmlns="http://www.tei-c.org/ns/1.0">3) Hier wordt gehandeld over vaartuigen, door de Engelsen gedurende de strijd met de<lb/> Nederlanders inl618en’19 genomen. Bedoeld wordt, dat de opgave van het cargasoen van de<lb/> Zwarte Leeuw aan hen is overhandigd.<lb/></note><note xml:id="INT_d88954f6-c387-3a43-a187-1a5661e4d7e7.TEI.1.text.1.body.1.div.1.p.7.note.4" xml:lang="nl" rend="font-size: 7.5; line-height: 9.3pt; text-indent: 21.0pt" xmlns="http://www.tei-c.org/ns/1.0">4) Hier is sprake van Engelse schepen, in de jaren van twist door de Nederlanders<lb/> genomen.<lb/></note><pb xml:id="INT_d88954f6-c387-3a43-a187-1a5661e4d7e7.TEI.1.text.1.body.1.div.1.p.7.pb.1" n="103" facs="http://resources.huygens.knaw.nl/retroapp/service_generalemissiven/gm_01/images/gm_1_104_0103.tif"/><fw xml:id="INT_d88954f6-c387-3a43-a187-1a5661e4d7e7.TEI.1.text.1.body.1.div.1.p.7.fw.1" place="top" type="head" facs="#zone.132434" xmlns="http://www.tei-c.org/ns/1.0">De Carpentier, DedelXI, 8 maart 1621</fw><fw xml:id="INT_d88954f6-c387-3a43-a187-1a5661e4d7e7.TEI.1.text.1.body.1.div.1.p.7.fw.2" place="top" type="page-number" facs="#zone.132443" xmlns="http://www.tei-c.org/ns/1.0">103</fw>off wij niet een sier te pretendeeren hadden. Wij meenden, dat soo haestich niet<lb xmlns="http://www.tei-c.org/ns/1.0"/> behoeffden te wesen; eer men van de overleveringe disponneert, behoorden eerst<lb xmlns="http://www.tei-c.org/ns/1.0"/> effeninghe ende liquidatie te wesen, opdat men weten mach, wie scbuldich zij.<lb xmlns="http://www.tei-c.org/ns/1.0"/> Wij hadden dus langhe met haer de patiëntie gehadt, versochten haer van gelijcken<lb xmlns="http://www.tei-c.org/ns/1.0"/> tot de compste van de Generael te willen patienteeren, als wanneer met den anderen<lb xmlns="http://www.tei-c.org/ns/1.0"/> liquideren souden. ’t Schijnt wel, dat sij de patiëntie niet hebben willen nemen,<lb xmlns="http://www.tei-c.org/ns/1.0"/> maer met protesteeren in de voorbaet wesen, als per nevengaende protest, bij<lb xmlns="http://www.tei-c.org/ns/1.0"/> haer overgelevert, is blijckende, hoewel wij daertoe beter als sij gefondeert waren,<lb xmlns="http://www.tei-c.org/ns/1.0"/> want d’ heer Generael heeft thaerder eerster aencompste bereyt geweest overleveringe<lb xmlns="http://www.tei-c.org/ns/1.0"/> van pretentien te doen, als wanneer haer excuseerde noch geen volcomen<lb xmlns="http://www.tei-c.org/ns/1.0"/> bescheyden te hebben ende dat die van verscheyden quartieren verwachten<lb xmlns="http://www.tei-c.org/ns/1.0"/> moeten. Men heeft met haer (gelijck reden was) duslange gepatienteert, nu d’heer<lb xmlns="http://www.tei-c.org/ns/1.0"/> Generael vertrocken is, comen sij voor den dach ende protesteeren noch min noch<lb xmlns="http://www.tei-c.org/ns/1.0"/> meer, gelijck off sij d’eerste aansprekers waren geweest, daer nochtans t’contrarie,<lb xmlns="http://www.tei-c.org/ns/1.0"/> des noodich wesende, (twelck sij oock met de waerheyt niet sullen connen ontle[di]gen)<lb xmlns="http://www.tei-c.org/ns/1.0"/> getuycht kan worden. Doch dese voorbaet sal haer weynich profiteeren,<lb xmlns="http://www.tei-c.org/ns/1.0"/> alsoo meer is streckende tot ontschuldinge van de dienaren tegen haere meesters,<lb xmlns="http://www.tei-c.org/ns/1.0"/> dat haer devoir betoonen gedaen te hebben, als bevoirderinghe van de saké selve.<lb xmlns="http://www.tei-c.org/ns/1.0"/> Achter voorsz. protest hebben sij oock een appendix bij forme van appel gestelt<lb xmlns="http://www.tei-c.org/ns/1.0"/> over de tollen, die men haer affvoordert van de 200 picol peper, beroepende<lb xmlns="http://www.tei-c.org/ns/1.0"/> ’t vonnisse van ’t lage [ge]recht sonder den Hoogen Raet alhier te willen kennen,<lb xmlns="http://www.tei-c.org/ns/1.0"/> voor de Compn. van Engelant ende Nederlant, daermede wij ons niet voldaen<lb xmlns="http://www.tei-c.org/ns/1.0"/> houden, maer evenwel ’s lants gerechticheyt sullen procureeren tot naerder ordre<lb xmlns="http://www.tei-c.org/ns/1.0"/> van U Ed., hoe ons in dese ende diergelijcke saecken sullen hebben te gouverneeren.<lb xmlns="http://www.tei-c.org/ns/1.0"/><lb xmlns="http://www.tei-c.org/ns/1.0"/>
            </p><p xml:id="INT_d88954f6-c387-3a43-a187-1a5661e4d7e7.TEI.1.text.1.body.1.div.1.p.8" resp="int_paragraph_joining" rend="">
              Op 1 len february is hier van Atchin wel aengecomen seker fregat genaempt<lb xmlns="http://www.tei-c.org/ns/1.0"/> Pera <hi rend="font-size:10; font-family:Liberation Serif; vertical-align:super" xml:lang="nl" xmlns="http://www.tei-c.org/ns/1.0">x)</hi> , per de schepen Medenblick ende den Engelsen Beer <hi rend="font-size:10; font-family:Liberation Serif; vertical-align:super" xml:lang="nl" xmlns="http://www.tei-c.org/ns/1.0">1 2)</hi> in de Strate van Mallacca<lb xmlns="http://www.tei-c.org/ns/1.0"/> op 6e november passato verovert, daerbij per missiven van Comans ende<lb xmlns="http://www.tei-c.org/ns/1.0"/> Casembroot <hi rend="font-size:10; font-family:Liberation Serif; vertical-align:super" xml:lang="nl" xmlns="http://www.tei-c.org/ns/1.0">3)</hi> verstaen, hoe in Atchin geen peper onder de 64 realen per bhaar<lb xmlns="http://www.tei-c.org/ns/1.0"/> te becomen, de Coninck alleen coopman geworden was ende aen allen sijne ondersaten<lb xmlns="http://www.tei-c.org/ns/1.0"/> de liberen peperhandel op pene des doots verbooden hadde. Hoe ’t lant van<lb xmlns="http://www.tei-c.org/ns/1.0"/> Pera verovert ende over de 5000 sielen van daer met sijne vlo te gevanckelijck<lb xmlns="http://www.tei-c.org/ns/1.0"/> gebrocht hadde <hi rend="font-size:10; font-family:Liberation Serif; vertical-align:super" xml:lang="nl" xmlns="http://www.tei-c.org/ns/1.0">4),</hi> welcke victorie hem soo dwaes ende vermeten gemaeckt heeft,<lb xmlns="http://www.tei-c.org/ns/1.0"/> dat hem laet voorstaen d’ontsachgelijcxste monarche van de ganse werelt te<lb xmlns="http://www.tei-c.org/ns/1.0"/> wesen. Item hoe voorgenomen hadde Patanij in corte te besoecken, hoe Jambij,<lb xmlns="http://www.tei-c.org/ns/1.0"/> Androgirij ende andere peperplaetsen door schrick van sijne edicten alleen onder<lb xmlns="http://www.tei-c.org/ns/1.0"/> hem buigen moeten, soo hij selffs seght, soodat de bedelaers van Europe, soo<lb xmlns="http://www.tei-c.org/ns/1.0"/> noempt hij ons ende d’Engelsen, noch uyt sijne handt de peper sullen moeten<lb xmlns="http://www.tei-c.org/ns/1.0"/> comen eten ende dat tot sulcken prijs, als sijn lunaticque hooft sal gelieven te<lb xmlns="http://www.tei-c.org/ns/1.0"/> eyschen; hij darff oock wel seggen, alwaer’t dat voor een catty peper een catti<lb xmlns="http://www.tei-c.org/ns/1.0"/><note xml:id="INT_d88954f6-c387-3a43-a187-1a5661e4d7e7.TEI.1.text.1.body.1.div.1.p.8.note.1" xml:lang="nl" rend="font-size: 7.5; line-height: 9.3pt; text-indent: 22.0pt" xmlns="http://www.tei-c.org/ns/1.0">1 ) Dit vaartuig werd met de Arnhem gebruikt voor de ontdekkingsreis van J an Carstens<lb/> naar Nieuw-Guinea.<lb/></note><note xml:id="INT_d88954f6-c387-3a43-a187-1a5661e4d7e7.TEI.1.text.1.body.1.div.1.p.8.note.2" xml:lang="nl" rend="font-size: 7.5; text-align: justify; line-height: 9.3pt; margin-left: 2100" xmlns="http://www.tei-c.org/ns/1.0">2) De Engelse Beer is het op de Engelsen veroverde schip, dat p. 102 is genoemd.<lb/></note><note xml:id="INT_d88954f6-c387-3a43-a187-1a5661e4d7e7.TEI.1.text.1.body.1.div.1.p.8.note.3" xml:lang="nl" rend="font-size: 7.5; text-align: justify; line-height: 9.3pt; text-indent: 21.0pt" xmlns="http://www.tei-c.org/ns/1.0">3) Comelis Co(o)mans, (vgl. p. 80, noot 2) en Nicolaes Casembroot waren als opper -<lb/> kooplieden belast men de opkoop van peper in Atjeh en de onder dat rijk staande peperhavens<lb/> ter Westkust van Sumatra. Comans maakte de reizen heen en weer van Jakatra, op<lb/> een van welke hij het Portugese fregat Pera veroverde, terwijl Casembroot (voor wien men zie<lb/><hi rend="font-size:7.5; font-family:Liberation Serif; font-style:italic" xml:lang="nl">Buysero,</hi> p. 183) in de factorij te Atjeh bleef.<lb/></note><note xml:id="INT_d88954f6-c387-3a43-a187-1a5661e4d7e7.TEI.1.text.1.body.1.div.1.p.8.note.4" xml:lang="nl" rend="font-size: 7.5; text-align: justify; line-height: 9.3pt; margin-left: 2100" xmlns="http://www.tei-c.org/ns/1.0">4) Atjeh maakte zich in deze tijd van het rijk Perak op het Maleise schiereiland meester.<lb/></note><pb xml:id="INT_d88954f6-c387-3a43-a187-1a5661e4d7e7.TEI.1.text.1.body.1.div.1.p.8.pb.1" n="104" facs="http://resources.huygens.knaw.nl/retroapp/service_generalemissiven/gm_01/images/gm_1_104_0104.tif"/><fw xml:id="INT_d88954f6-c387-3a43-a187-1a5661e4d7e7.TEI.1.text.1.body.1.div.1.p.8.fw.1" place="top" type="page-number" facs="#zone.134952" xmlns="http://www.tei-c.org/ns/1.0">104</fw><fw xml:id="INT_d88954f6-c387-3a43-a187-1a5661e4d7e7.TEI.1.text.1.body.1.div.1.p.8.fw.2" place="top" type="head" facs="#zone.134956" xmlns="http://www.tei-c.org/ns/1.0">De Carpentier, Dedél XI, 8 maart 1621</fw>silver betaelden, niet te veel soude wesen, gemerckt Bantam, soo hij meent, sijne<lb xmlns="http://www.tei-c.org/ns/1.0"/> peper verbrandt heeft ende nu geen ander als bij hem alleen te becomen is. Glorieusheyt<lb xmlns="http://www.tei-c.org/ns/1.0"/> ende hoogmoet hebben desen man soo verre gebrocht ende betoovert, dat, soo<lb xmlns="http://www.tei-c.org/ns/1.0"/> ’t gemeene spreeckwoort ons niet en bedrieght, sijnen val seer nabij moet wesen.<lb xmlns="http://www.tei-c.org/ns/1.0"/> Naer dat d’onse met geen schenckagien ende gevoeghelijcke middelen den redelicken<lb xmlns="http://www.tei-c.org/ns/1.0"/> handel hebben connen obtineeren ende den voorseyden prijs soo extorsiff<lb xmlns="http://www.tei-c.org/ns/1.0"/> ende exorbitant was, dat dus coopende, niet behouden souden blijven, hebben<lb xmlns="http://www.tei-c.org/ns/1.0"/> eyntlijck op 3 januarij passato geresolveert met de twee jachten voorts naer de<lb xmlns="http://www.tei-c.org/ns/1.0"/> Custe Choromandel te loopen ; 24000 realen van 8en met eenige andere coopmanschappen<lb xmlns="http://www.tei-c.org/ns/1.0"/> hadden <hi rend="font-size:10; font-family:Liberation Serif; vertical-align:super" xml:lang="nl" xmlns="http://www.tei-c.org/ns/1.0">x)</hi> van de oppercoopman Casembroot aldaer te laten omme te<lb xmlns="http://www.tei-c.org/ns/1.0"/> onderstaen, ofte den Coninck naer haer vertreck niet wat beter coop sal geven.<lb xmlns="http://www.tei-c.org/ns/1.0"/><hi rend="font-size:8; font-family:Liberation Serif" xml:lang="nl" xmlns="http://www.tei-c.org/ns/1.0">Fol. 377-378™.</hi><lb xmlns="http://www.tei-c.org/ns/1.0"/>
            </p><p xml:id="INT_d88954f6-c387-3a43-a187-1a5661e4d7e7.TEI.1.text.1.body.1.div.1.p.9" xml:lang="nl" rend="font-size: 10; text-align: justify; line-height: 11.7pt; text-indent: 21.0pt" xmlns="http://www.tei-c.org/ns/1.0">Wij <hi rend="font-size:10; font-family:Liberation Serif; vertical-align:super" xml:lang="nl">1 2)</hi> hebben in ’t corte een extract gemaeckt van de comptanten, coopmanschappen,<lb/> victualiën ende schepen, die d’Engelse pretenderen voor ende geduirende<lb/> den oorlooghe bij de Nederlantse Comp.ie van haer in dese Indien verovert ende<lb/> aengehaelt te sijn, monterende tsamen behalve d’ongetaxeerde schepen, realen<lb/> 265278, hier aff getrocken realen 47557, die sij voor avance op verscheyden cargasoenen<lb/> t’onsen laste brengen, gelijck U Ed. in ’t extract sien mogen, resteert<lb/> netto realen 217721, den reael gereeckent a 48 st., bedraeght ƒ 522530. 8<lb/></p><p xml:id="INT_d88954f6-c387-3a43-a187-1a5661e4d7e7.TEI.1.text.1.body.1.div.1.p.10" resp="int_paragraph_joining" rend="">
              Volgens onse boecken (als per nevensgaende notitie) blijckt<lb xmlns="http://www.tei-c.org/ns/1.0"/> niet meer in onse handen gecomen te wesen ƒ 423987.19. 5<lb xmlns="http://www.tei-c.org/ns/1.0"/>differeert gl. 98542. 8.11<lb xmlns="http://www.tei-c.org/ns/1.0"/>
            </p><p xml:id="INT_d88954f6-c387-3a43-a187-1a5661e4d7e7.TEI.1.text.1.body.1.div.1.p.11" xml:lang="nl" rend="font-size: 10; text-align: justify; line-height: 11.7pt; text-indent: 21.0pt" xmlns="http://www.tei-c.org/ns/1.0">Twelck bestaet soo in contanten ende verscheyden coopmanschappen, ons<lb/> niet ter hant gecomen nochte oock mogelicx in haere schepen niet geweest, alsmede<lb/> in de taxatie van de goederen, dat met den anderen noch sullen moeten<lb/> liquideren. Volgens de notitie van de schaden ende interesten, die de Generaele Oostindische<lb/> Comp.le der Vereenichde Nederlanden bij d’Engelse ende door haer toedoen<lb/> in verscheyden quartieren van dese Indien geleden heeft, aen U Ed. op<lb/> ultimo juli passato per de Vrede sonden, daervan noch diverse posten ongetaxeert<lb/> sijn gelaten, sal wel blij eken, wie reden heeft om dagen ende restitutie te eyschen.<lb/> Wij souden haer die pretentien wel hebben connen overleveren, maer alsoo noch<lb/> eenighe saken met d’heer Generael eerst dienen te communiceeren, hebben wij<lb/> d’Engelse tot Sijne Ed. compste uytgestelt.<lb/></p><note xml:id="INT_d88954f6-c387-3a43-a187-1a5661e4d7e7.TEI.1.text.1.body.1.div.1.note.2" xml:lang="nl" rend="font-size: 8; text-align: justify; line-height: 8.9pt; margin-left: 2100" xmlns="http://www.tei-c.org/ns/1.0">1) Lees voor hadden: in handen.<lb/></note><note xml:id="INT_d88954f6-c387-3a43-a187-1a5661e4d7e7.TEI.1.text.1.body.1.div.1.note.3" xml:lang="nl" rend="font-size: 8; text-align: justify; line-height: 8.9pt; margin-left: 2100" xmlns="http://www.tei-c.org/ns/1.0">2) Hier begint een naschrift.<lb/></note>
            
      </div>
                  </body>
                </text>
              </TEI>