<TEI xml:id="INT_c3fead13-7631-31e7-93a3-91bddc3fa1fc" xmlns="http://www.tei-c.org/ns/1.0">
                <teiHeader>
      <fileDesc>
        <titleStmt>
          <title>Fort Mauritius nabij Ngofakiaha op het eiland Makéan, 26 juli 1612</title>
        </titleStmt>
        <publicationStmt>
          <p>
            <date>26 juli 1612</date>
            <idno type="sourceID">missiven:vol1</idno>
            <idno type="pid">INT_c3fead13-7631-31e7-93a3-91bddc3fa1fc</idno>
          </p>
        </publicationStmt>
        <notesStmt>
          <note/>
        </notesStmt>
        <sourceDesc>
          <listBibl xml:id="inlMetadata">
            <bibl type="missive">
        <interpGrp type="page"><interp>8</interp></interpGrp>
        
      <interpGrp type="titleLevel1"><interp>Fort Mauritius nabij Ngofakiaha op het eiland Makéan, 26 juli 1612</interp></interpGrp>
      <interpGrp type="dateLevel1"><interp>26 juli 1612</interp></interpGrp>
        <interpGrp type="tocLevel"><interp>1</interp></interpGrp>
      <interpGrp type="volume"><interp>1</interp></interpGrp>
        <interpGrp type="n"><interp>VI</interp></interpGrp>
      <interpGrp type="localization_placeLevel1"><interp>Fort Mauritius nabij Ngofakiaha op het eiland Makéan</interp></interpGrp>
      <interpGrp type="witnessYearLevel1_from"><interp>1612</interp></interpGrp>
      <interpGrp type="witnessYearLevel1_to"><interp>1612</interp></interpGrp>
      <interpGrp type="witnessMonthLevel1_to"><interp>7</interp></interpGrp>
      <interpGrp type="witnessMonthLevel1_from"><interp>7</interp></interpGrp>
      <interpGrp type="witnessDayLevel1_to"><interp>26</interp></interpGrp>
      <interpGrp type="witnessDayLevel1_from"><interp>26</interp></interpGrp>
      <interpGrp type="authorLevel1"><interp></interp></interpGrp>
      <interpGrp type="pid"><interp>INT_c3fead13-7631-31e7-93a3-91bddc3fa1fc</interp></interpGrp>
    </bibl>
          </listBibl>
        </sourceDesc>
      </fileDesc>
    </teiHeader>
                <text xml:id="INT_c3fead13-7631-31e7-93a3-91bddc3fa1fc.TEI.1.text.1">
                  <body xml:id="INT_c3fead13-7631-31e7-93a3-91bddc3fa1fc.TEI.1.text.1.body.1">
                    <div xml:id="INT_c3fead13-7631-31e7-93a3-91bddc3fa1fc.TEI.1.text.1.body.1.div.1">
        
              <pb xml:id="INT_c3fead13-7631-31e7-93a3-91bddc3fa1fc.TEI.1.text.1.body.1.div.1.pb.1" n="8" facs="http://resources.huygens.knaw.nl/retroapp/service_generalemissiven/gm_01/images/gm_1_104_0008.tif"/><fw xml:id="INT_c3fead13-7631-31e7-93a3-91bddc3fa1fc.TEI.1.text.1.body.1.div.1.fw.1" place="top" type="page-number" facs="#zone.5607247" xmlns="http://www.tei-c.org/ns/1.0">8</fw><fw xml:id="INT_c3fead13-7631-31e7-93a3-91bddc3fa1fc.TEI.1.text.1.body.1.div.1.fw.2" place="top" type="head" facs="#zone.5607251" xmlns="http://www.tei-c.org/ns/1.0">Both VI, 26 juli 1612</fw><head xml:id="INT_c3fead13-7631-31e7-93a3-91bddc3fa1fc.TEI.1.text.1.body.1.div.1.head.1" xml:lang="nl" rend="font-size: 10; text-align: justify; line-height: 11.7pt" xmlns="http://www.tei-c.org/ns/1.0">VI. PIETER BOTH, EORT MAURITIUS NABIJ NGOFAKIAHA OP HET<lb/> EILAND MAKÉAN 26 juli 1612 <hi rend="font-size:10; font-family:Liberation Serif; vertical-align:super" xml:lang="nl">x).</hi><lb/></head><p xml:id="INT_c3fead13-7631-31e7-93a3-91bddc3fa1fc.TEI.1.text.1.body.1.div.1.p.1" xml:lang="nl" rend="font-size: 7.5; text-align: justify; line-height: 8.3pt" xmlns="http://www.tei-c.org/ns/1.0">961, 7 folio’s.<lb/></p><p xml:id="INT_c3fead13-7631-31e7-93a3-91bddc3fa1fc.TEI.1.text.1.body.1.div.1.p.2" xml:lang="nl" rend="font-size: 10; text-align: justify; line-height: 11.7pt; text-indent: 24.0pt" xmlns="http://www.tei-c.org/ns/1.0">Mijn Heeren, tsedert het vertreck van ons schip den Leeuw met Pijlen1 <hi rend="font-size:10; font-family:Liberation Serif; vertical-align:super" xml:lang="nl">2)</hi><lb/>hebben met alle vlijt op ’t versouck der Tarnatanen gearbeyt in ’t opmaecken van<lb/> ons fortgen op Tolloucke ende alsoo fortuyne-contrarie door ’t verliesen van de<lb/> galeye <hi rend="font-size:10; font-family:Liberation Serif; vertical-align:super" xml:lang="nl">3)</hi> hem niet gecontenteert en heeft, is gebeurt opten eersten meye passado,<lb/> dat ons schip Gouda, gedestineert sijnde om met vyvres te verseylen naer Mackjan<lb/> ende Mothyr ende van daer naer Batsian ende alsdan voorts te gaen naer Soela<lb/> om sagou te haelen, voor dese fortten drijvende in stilte drie dagen ontrent Tydoor,<lb/> den vyant sulcx merckende, hebben in der ijl de galeye gemonteert ende met een<lb/> fregat ende ses Tydorese correcorren <hi rend="font-size:10; font-family:Liberation Serif; vertical-align:super" xml:lang="nl">4)</hi> ons schip voornoemt, ten ancker liggende,<lb/> geabordeert ’s morgens in den dageraet ende alsoo het schip bestormt, twelck van<lb/> den onsen primo instantye gedefendeert worde, alsoo dat de galeye haer een weynich<lb/> retireerde principalijck door haer eygen vuyr, waervan vele verbrant ende<lb/> beschadicht waeren ; quamen niettemin weder met een groote couragie ende enterden<lb/> ons schip van achteren; naerdat met haer canon ons vijff off ses man doot<lb/> gheschoten ende sommighe ghequetst hadden, soo sijn se van achteren in de<lb/> gallerye in de cajuyt gecomen met groot gewelt. Den schipper ende den coopman,<lb/> van ons mede gemaeckt capitein van Batsian, en hebben haer eet nochte eere<lb/> niet betracht, maer haer schandelijck ghequiteert, den schipper loopende in ’t<lb/> ruym, hem bergende in de sagou, den coopman ende capiteyn Claes Albertsz <hi rend="font-size:10; font-family:Liberation Serif; vertical-align:super" xml:lang="nl">5)</hi><lb/>nam sijn wijck achter de mast, sonder geweer in de handt te hebben, gheheel<lb/> ghediscourageert ; hem worde het geweer in de handt gegeven om couragie te<lb/> maecken, twelck hij neder smeet ende alsoo hem meer retireerde. Sommighe van<lb/> de matrosen, meerder couragie hebbende als de principaelen, stelden een stuck<lb/> op de cayuyt ende schoten daerdeur, tot groote schaede van de Spaignaerts, maer<lb/> alsoo daer geen ordre en was, worde in ons gesichte in minder als een uuyre tijts<lb/> verovert, sonder dat wij ’t conden secoureren, alsoo ’t geheel stock stil was ende<lb/> voorts van de galeye achteraen gesleept naer Tydoor.<lb/></p><note xml:id="INT_c3fead13-7631-31e7-93a3-91bddc3fa1fc.TEI.1.text.1.body.1.div.1.note.1" xml:lang="nl" rend="font-size: 7.5; text-align: justify; line-height: 9.6pt; text-indent: 23.0pt" xmlns="http://www.tei-c.org/ns/1.0">1) De brieven VI tot en met XIV zijn alle van dezelfde plaats en datum (in X en XIV<lb/> worden deze niet genoemd, maar zowel uit de inhoud als uit de plaats tussen de andere brieven<lb/> blijkt, dat ze tot dezelfde groep behoren). Een van deze brieven, nl. VI, is door Both als<lb/> generale missive bedoeld, terwijl de andere bijzondere punten moeten behandelen. Both had<lb/> blijkbaar de gewoonte tussen zijn andere werkzaamheden door zijn brieven te schrijven en die<lb/> af te sluiten, als een schip naar het westen vertrok. Hij hield zich daardoor soms niet strikt aan<lb/> zijn aanvankelijke opzet; de brieven komen herhaaldelijk op eenzelfde terrein, vaak bijv. de<lb/> moeite die het personeel hem geeft. Soms gaat hij, vermoedelijk na zijn schrijfwerk enige tijd<lb/> onderbroken te hebben, plotseling in een brief op een ander onderwerp over, soms wordt een<lb/> aangesneden kwestie in een andere brief voortgezet. Ik heb mij niet star tot de door B. als<lb/> „generale” brief bedoelde beperkt, maar heb uit de gehele groep het belangrijkste afgedrukt.<lb/></note><note xml:id="INT_c3fead13-7631-31e7-93a3-91bddc3fa1fc.TEI.1.text.1.body.1.div.1.note.2" xml:lang="nl" rend="font-size: 7.5; text-align: justify; line-height: 9.6pt; margin-left: 2200" xmlns="http://www.tei-c.org/ns/1.0">2) Kort na 31 maart 1612.<lb/></note><note xml:id="INT_c3fead13-7631-31e7-93a3-91bddc3fa1fc.TEI.1.text.1.body.1.div.1.note.3" xml:lang="nl" rend="font-size: 7.5; text-align: justify; line-height: 9.6pt; text-indent: 22.0pt" xmlns="http://www.tei-c.org/ns/1.0">3) Tiele spreekt <hi rend="font-size:7.5; font-family:Liberation Serif; font-style:italic" xml:lang="nl">(Europeërs,</hi> VIII, p. 261 <hi rend="font-size:7.5; font-family:Liberation Serif; font-style:italic" xml:lang="nl">)</hi> van een boot met manschappen, die bij een<lb/> mislukte poging tot vermeestering van het jacht, waarmee de nieuwe Spaanse bevelhebber op<lb/> Temate uit de Philippijnen was gekomen, verloren ging.<lb/></note><note xml:id="INT_c3fead13-7631-31e7-93a3-91bddc3fa1fc.TEI.1.text.1.body.1.div.1.note.4" xml:lang="nl" rend="font-size: 7.5; text-align: justify; line-height: 9.6pt; text-indent: 22.0pt" xmlns="http://www.tei-c.org/ns/1.0">4) Kora-kora, het bekende oorlogsvaartuig van de bewoners van de Specerij -eilanden,<lb/> een grote vlerkprauw, vooral voor het roeien ingericht; de bemanning was soms een paar<lb/> honderd man groot.<lb/></note><note xml:id="INT_c3fead13-7631-31e7-93a3-91bddc3fa1fc.TEI.1.text.1.body.1.div.1.note.5" xml:lang="nl" rend="font-size: 7.5; line-height: 9.6pt; text-indent: 21.0pt" xmlns="http://www.tei-c.org/ns/1.0">5) Claes Albertsz. werd begin april 1612 als opperkoopman en kapitein van Temate<lb/> naar Bat jan gezonden. Hij viel in Spaanse handen en was in 1617 nog te Manilla gevangen.<lb/></note><pb xml:id="INT_c3fead13-7631-31e7-93a3-91bddc3fa1fc.TEI.1.text.1.body.1.div.1.pb.2" n="9" facs="http://resources.huygens.knaw.nl/retroapp/service_generalemissiven/gm_01/images/gm_1_104_0009.tif"/><fw xml:id="INT_c3fead13-7631-31e7-93a3-91bddc3fa1fc.TEI.1.text.1.body.1.div.1.fw.3" place="top" type="head" facs="#zone.5633563" xmlns="http://www.tei-c.org/ns/1.0">BothVI, 26 juli 1612</fw><fw xml:id="INT_c3fead13-7631-31e7-93a3-91bddc3fa1fc.TEI.1.text.1.body.1.div.1.fw.4" place="top" type="page-number" facs="#zone.5633570" xmlns="http://www.tei-c.org/ns/1.0">9</fw><p xml:id="INT_c3fead13-7631-31e7-93a3-91bddc3fa1fc.TEI.1.text.1.body.1.div.1.p.3" xml:lang="nl" rend="font-size: 10; text-align: justify; line-height: 11.7pt; text-indent: 22.0pt" xmlns="http://www.tei-c.org/ns/1.0">Waeromme ick daechs daernaer aen Don Jeronimo <hi rend="font-size:10; font-family:Liberation Serif; vertical-align:super" xml:lang="nl">1)</hi> schreeff om een seguire <hi rend="font-size:10; font-family:Liberation Serif; vertical-align:super" xml:lang="nl">2)</hi><lb/>om met hem te trackteren nopende de gevangens ende om een lijst te hebben<lb/> van de dooden ende levendigen; die hij mij gesonden heeft ende alsnu U Ed mede<lb/> ben sendende. Wij en hebben tot noch toe belangende de gevangenen niet connen<lb/> accorderen ende dat door haer onredelijcke proceduren. Sij hebben op ten 24en meye<lb/> den admirael Pauls van Caerden <hi rend="font-size:10; font-family:Liberation Serif; vertical-align:super" xml:lang="nl">3),</hi> den schipper Allert Hermansz <hi rend="font-size:10; font-family:Liberation Serif; vertical-align:super" xml:lang="nl">4),</hi> den coopman<lb/> Claes Albertsz, den opperstuyrman, den trompetter en de botteliersmaet, wesende<lb/> des schippers zoon, den schoolmeester ende noch een jonck soldaet van Maleyen<lb/> genaempt Cornelis Ysbrantsz van Enchuysen ghe voert naer de Manilhas ende<lb/> daerenboven eyschten sij noch Jacob Jansz Patacque ende Jacob Lodesteyn, die<lb/> welcke als edelman was op de galeye, bij haer te willen behouden, waeromme wij<lb/> niet en hebben connen accorderen. Wij hebben tegenwoordich 25 Spaignaerts<lb/> gevangen, onder de welcke sijn vier capiteynen, een serjant, twee py loten, een<lb/> schrijver, vijff off zes Portugesen, ontrent 20 Manilhas, ettelijcke christen Chynesen,<lb/> die ick haer altemael ghepresenteert hebbe tegens den onsen, aldaer wesende<lb/> ontrent 50 man, waervan wel 20 cranck ende gequest laegen in ’t hospitael op<lb/> Gagamlamme <hi rend="font-size:10; font-family:Liberation Serif; vertical-align:super" xml:lang="nl">5),</hi> alleen excipierende tegens Patacque ende Lodesteyn den capiteyn<lb/> van de galeye ende een serjant, off mij te geven soldaet voor soldaet, bootsman<lb/> tegens bootsman; dan het schijnt, dat sij meer estaet maecken van een Hollander<lb/> als van drie Spaignaerden, alsoo dat tot huyden toe, meer als twee maenden<lb/> geleden, naerdat wij 2 off 3 mael bij malcanderen geweest hadden, tsedert daer<lb/> niet meer van ghesproocken is.<lb/></p><note xml:id="INT_c3fead13-7631-31e7-93a3-91bddc3fa1fc.TEI.1.text.1.body.1.div.1.note.6" xml:lang="nl" place="inline" type="editorial-summary" resp="editor" rend="line-height: 10.0pt; text-indent: 22.0pt; text-align: justify; letter-spacing: 1.0pt; font-size: 9" xmlns="http://www.tei-c.org/ns/1.0"><hi rend="font-size:9; font-family:Liberation Serif; font-style:italic" xml:lang="nl">(Enkele regels weggelaten)</hi> .<lb/></note><p xml:id="INT_c3fead13-7631-31e7-93a3-91bddc3fa1fc.TEI.1.text.1.body.1.div.1.p.4" resp="int_paragraph_joining" rend="">
              Het is voor mij een groote plage, terwijlen wij hier in den oorloch sijn, dat men<lb xmlns="http://www.tei-c.org/ns/1.0"/><note xml:id="INT_c3fead13-7631-31e7-93a3-91bddc3fa1fc.TEI.1.text.1.body.1.div.1.p.4.note.1" xml:lang="nl" rend="font-size: 7.5; line-height: 9.6pt; text-indent: 22.0pt" xmlns="http://www.tei-c.org/ns/1.0">1) Don Geronimo de Silva, sinds maart 1612 Spaans bevelhebber op Temate, volgde<lb/> in april 1617 als wnd. kapitein -generaal zijn oom Don Juan de S. op de Philippijnen op.<lb/></note><note xml:id="INT_c3fead13-7631-31e7-93a3-91bddc3fa1fc.TEI.1.text.1.body.1.div.1.p.4.note.2" xml:lang="nl" rend="font-size: 7.5; text-align: justify; line-height: 9.6pt; margin-left: 2100" xmlns="http://www.tei-c.org/ns/1.0">2) Vrijgeleide.<lb/></note><note xml:id="INT_c3fead13-7631-31e7-93a3-91bddc3fa1fc.TEI.1.text.1.body.1.div.1.p.4.note.3" xml:lang="nl" rend="font-size: 7.5; line-height: 9.6pt; text-indent: 21.0pt" xmlns="http://www.tei-c.org/ns/1.0">3) Paulus van Caerden, de bekende admiraal, die in de Molukken tweemaal (1608, 1610)<lb/> in Spaanse handen viel. Hij stierf vermoedelijk medio 1615 te Manilla <hi rend="font-size:7.5; font-family:Liberation Serif; font-style:italic" xml:lang="nl">(Coen</hi> I, p. 226,).<lb/></note><note xml:id="INT_c3fead13-7631-31e7-93a3-91bddc3fa1fc.TEI.1.text.1.body.1.div.1.p.4.note.4" xml:lang="nl" rend="font-size: 7.5; text-align: justify; line-height: 9.6pt; text-indent: 21.0pt" xmlns="http://www.tei-c.org/ns/1.0">4) Van de hierna genoemde personen zijn mij bekend:<lb/></note><note xml:id="INT_c3fead13-7631-31e7-93a3-91bddc3fa1fc.TEI.1.text.1.body.1.div.1.p.4.note.5" xml:lang="nl" rend="font-size: 7.5; text-align: justify; line-height: 9.6pt; text-indent: 21.0pt" xmlns="http://www.tei-c.org/ns/1.0">Allert Hermansz., schipper, viel in 1612 tegelijk met Claes Albertsz. in Spaanse handen<lb/> en was in 1617 nog te Manilla gevangen.<lb/></note><note xml:id="INT_c3fead13-7631-31e7-93a3-91bddc3fa1fc.TEI.1.text.1.body.1.div.1.p.4.note.6" xml:lang="nl" rend="font-size: 7.5; text-align: justify; line-height: 9.6pt; text-indent: 21.0pt" xmlns="http://www.tei-c.org/ns/1.0">Cornelis IJsbrantsz. was reeds in juli 1608 soldaat te Takome; wegens zijn kennis van de<lb/> landstaal werd hij in 1611 en ’12 als tolk gebruikt.<lb/></note><note xml:id="INT_c3fead13-7631-31e7-93a3-91bddc3fa1fc.TEI.1.text.1.body.1.div.1.p.4.note.7" xml:lang="nl" rend="font-size: 7.5; text-align: justify; line-height: 9.6pt; text-indent: 21.0pt" xmlns="http://www.tei-c.org/ns/1.0">Jacob Jansz. Patacka was reeds in 1608 als onderkoopman onder Van Caerden in Indië,<lb/> 1611 opperkoopman op Batjan, 1612 in Spaanse krijgsgevangenschap, 1623 daaruit ontslagen<lb/> en opperkoopman op Temate. Hij repatrieerde 1626 met de Nassause vloot en kwam<lb/></note><note xml:id="INT_c3fead13-7631-31e7-93a3-91bddc3fa1fc.TEI.1.text.1.body.1.div.1.p.4.note.8" xml:lang="nl" rend="font-size: 7.5; text-align: justify; line-height: 9.6pt" xmlns="http://www.tei-c.org/ns/1.0">1627 met Coen weer uit. Oct. 1627 op Ambon geplaatst, vanwaar hij met een aantal hoofden<lb/></note><note xml:id="INT_c3fead13-7631-31e7-93a3-91bddc3fa1fc.TEI.1.text.1.body.1.div.1.p.4.note.9" xml:lang="nl" rend="font-size: 7.5; text-align: justify; line-height: 9.6pt" xmlns="http://www.tei-c.org/ns/1.0">1628 naar Batavia kwam, waar hij het eerste beleg meemaakte en 25 nov. 1628 weer te Ambon.<lb/> In juni 1631 als opperkoopman van Luhu gelicht. In september met een jonk naar Batavia<lb/> gezonden, strandde hij op Buru en werd weer op Luhu geplaatst, 1633/34 op Hitu. In 1635<lb/> vice-commandeur onder Van Ommeren van vijf schepen, naar Perzië varend en na diens dood<lb/> op 18 oktober commandeur. In 1637 kruiste hij op de Valck met 8 jachten in het Ambonse,<lb/> waar hij 10 mei stierf.<lb/></note><note xml:id="INT_c3fead13-7631-31e7-93a3-91bddc3fa1fc.TEI.1.text.1.body.1.div.1.p.4.note.10" xml:lang="nl" rend="font-size: 7.5; text-align: justify; line-height: 9.6pt; text-indent: 21.0pt" xmlns="http://www.tei-c.org/ns/1.0">Jacob, zoon van den Delftsen raadsheer in den Hove van Holland Lodensteyn, diende op<lb/> het schip Vere en viel gekwetst ongeveer maart 1612 in Spaanse handen. Pogingen hem los<lb/> te kopen mislukten, hij was jaren te Manilla gevangen, waar hij vermoedelijk voor 1621 stierf.<lb/></note><note xml:id="INT_c3fead13-7631-31e7-93a3-91bddc3fa1fc.TEI.1.text.1.body.1.div.1.p.4.note.11" xml:lang="nl" rend="font-size: 7.5; line-height: 9.6pt; text-indent: 21.0pt" xmlns="http://www.tei-c.org/ns/1.0">5) Gam Lamo, de Temataanse naam (letterlijk: stad grote) voor de Spaanse hoofdvesting<lb/> op Temate, in het zuidwesten van het eiland gelegen.<lb/></note><pb xml:id="INT_c3fead13-7631-31e7-93a3-91bddc3fa1fc.TEI.1.text.1.body.1.div.1.p.4.pb.1" n="10" facs="http://resources.huygens.knaw.nl/retroapp/service_generalemissiven/gm_01/images/gm_1_104_0010.tif"/><fw xml:id="INT_c3fead13-7631-31e7-93a3-91bddc3fa1fc.TEI.1.text.1.body.1.div.1.p.4.fw.1" place="top" type="page-number" facs="#zone.120907" xmlns="http://www.tei-c.org/ns/1.0">10</fw><fw xml:id="INT_c3fead13-7631-31e7-93a3-91bddc3fa1fc.TEI.1.text.1.body.1.div.1.p.4.fw.2" place="top" type="head" facs="#zone.120911" xmlns="http://www.tei-c.org/ns/1.0">Both VI, 26 juli 1612</fw>mij luyden sent, mennonisten off papisten, die niet en willen vechten tegens de<lb xmlns="http://www.tei-c.org/ns/1.0"/> Spaignarts, want anders Gouda hadde wel connen slaen tegens vier diergelijcke<lb xmlns="http://www.tei-c.org/ns/1.0"/> galeyen ende daerenboven heeft den eerlij eken schipper, doen wij in zee cruysten,<lb xmlns="http://www.tei-c.org/ns/1.0"/> ’t jacht de Goede Hoope, daerop was don Jeronimo de Silva Gouverneur tegenwoordich,<lb xmlns="http://www.tei-c.org/ns/1.0"/> bij hem hebbende dertich duysent realen van 8en, veerthien soldaten<lb xmlns="http://www.tei-c.org/ns/1.0"/> ende alleen vier cleyne stuckgens, connen nemen sonder schade, maer niet ge wilt<lb xmlns="http://www.tei-c.org/ns/1.0"/> door bloodicheyt ofte sijn consciëntie niet te besmetten, waervan ick versekert ben<lb xmlns="http://www.tei-c.org/ns/1.0"/> tsedert verlies van ’t schip Gouda.<lb xmlns="http://www.tei-c.org/ns/1.0"/>
            </p><note xml:id="INT_c3fead13-7631-31e7-93a3-91bddc3fa1fc.TEI.1.text.1.body.1.div.1.note.7" xml:lang="nl" place="inline" type="editorial-summary" resp="editor" rend="font-style: italic; line-height: 11.1pt; text-indent: 22.0pt; text-align: justify; font-size: 10" xmlns="http://www.tei-c.org/ns/1.0">(Aankomst van Reael met de Banda; vgl. <hi rend="font-size:10; font-family:Liberation Serif" xml:lang="nl">Europeërs</hi> VIII, p. 263).<lb/></note><p xml:id="INT_c3fead13-7631-31e7-93a3-91bddc3fa1fc.TEI.1.text.1.body.1.div.1.p.5" xml:lang="nl" rend="font-size: 10; text-align: justify; line-height: 11.7pt; text-indent: 22.0pt" xmlns="http://www.tei-c.org/ns/1.0">Die meeste swaericheyt, die mij in dese landen bejegent, is het quaet gouverne<lb/> ment van den onsen ende moet niettemin dickwils symuleren ende dat door de<lb/> ervaerentheyt, uutstaende schulden ende andersins, die sij van dese plaetsen<lb/> hebben, welcke de nieuwe geheel onbekendt is.<lb/></p><p xml:id="INT_c3fead13-7631-31e7-93a3-91bddc3fa1fc.TEI.1.text.1.body.1.div.1.p.6" xml:lang="nl" rend="font-size: 10; text-align: justify; line-height: 11.1pt; text-indent: 22.0pt" xmlns="http://www.tei-c.org/ns/1.0"><hi rend="font-size:10; font-family:Liberation Serif; font-style:italic" xml:lang="nl">( Personalia)</hi> .<lb/></p><p xml:id="INT_c3fead13-7631-31e7-93a3-91bddc3fa1fc.TEI.1.text.1.body.1.div.1.p.7" xml:lang="nl" rend="font-size: 10; text-align: justify; line-height: 11.7pt; text-indent: 22.0pt" xmlns="http://www.tei-c.org/ns/1.0">Het is een grouwelijeke saecke alhier, dat dese superstitie use secten mahometisten<lb/> permitteren, dat haer slavinnen, dochters, jae mede sommighe haer vrouwen,<lb/> metten onsen chernelle <hi rend="font-size:10; font-family:Liberation Serif; vertical-align:super" xml:lang="nl">1)</hi> conversatie te hebben om het geit te winnen ende niet<lb/> toe en willen laeten metten onsen te trouwen. Sij sijn soo verblint ende obstinaet<lb/> in haer seckten sonder eenich fondament, waervan sij geen reden en weten te<lb/> geven dan alleen een weynich uuytten alquerael <hi rend="font-size:10; font-family:Liberation Serif; vertical-align:super" xml:lang="nl">2)</hi> van Mahomet. Het is hier mette<lb/> papen3) even gelijck als bij de papisten, die overal het gebiet hebben ende waer<lb/> yemant van qualiteyt sterft, daervan groote presenten ende baneketten genieten,<lb/> omdat sij voor den overleden bidden, want anders seggen sij, de siel verdoempt<lb/> soude wesen, het waer te wensschen, sijluyden noch heydens waeren. Ick hebbe<lb/> derhalven dickwils geproponeert, dat wij ter gelegener tijdt sullen moeten haelen<lb/> eenighe heydensche vrouwen om metten onsen te doen trouwen om kinderen van<lb/> den onsen te procreren, want dese Mahometisten Indianesen, ’t sij ongehoudt ofte<lb/> gehout, die vruchten vergeven, eer sij ter werrelt comen ende comende, blanck<lb/> sijnde, datelijck dooden, twelck sij voor geen schande noch sonde en rekenen.<lb/></p><p xml:id="INT_c3fead13-7631-31e7-93a3-91bddc3fa1fc.TEI.1.text.1.body.1.div.1.p.8" resp="int_paragraph_joining" rend="">
              Ende de vrouwen, die U Ed. mij mede gegeven heeft ende naermaels noch<lb xmlns="http://www.tei-c.org/ns/1.0"/> gesonden, sullen weynich ofte geen stichtinghe geven ende weynich kinderen van<lb xmlns="http://www.tei-c.org/ns/1.0"/> comen, doordien sij meest bedorven sijn voor ’t vertreck van ’t vaederlandt. Wij<lb xmlns="http://www.tei-c.org/ns/1.0"/> hebben op de schepen sommighe van de pocken <hi rend="font-size:10; font-family:Liberation Serif; vertical-align:super" xml:lang="nl" xmlns="http://www.tei-c.org/ns/1.0">4)</hi> moeten genesen, andere hier<lb xmlns="http://www.tei-c.org/ns/1.0"/> in ’t landt. Op een van de schepen, met mij gecomen, starff een bootsman van<lb xmlns="http://www.tei-c.org/ns/1.0"/> de pocken, die hij op ’t schip gecregen hadde, soo hij seyde, sijn meer soo onreyn<lb xmlns="http://www.tei-c.org/ns/1.0"/> ende vuyl, dattet voor dese natie een spodt ende grouwel om sien is. Daeromme<lb xmlns="http://www.tei-c.org/ns/1.0"/> soude ick U Ed. raeden alsulcke persoonen niet meer hier te senden dan<lb xmlns="http://www.tei-c.org/ns/1.0"/> wel eerlij cke huysgesinnen, waervan groote vruchten te verwachten sijn. De gehoudene<lb xmlns="http://www.tei-c.org/ns/1.0"/> mette naturelle van dese landen als d’andere mette Nederlantsche vrou-<lb xmlns="http://www.tei-c.org/ns/1.0"/><note xml:id="INT_c3fead13-7631-31e7-93a3-91bddc3fa1fc.TEI.1.text.1.body.1.div.1.p.8.note.1" xml:lang="nl" rend="font-size: 7.5; text-align: justify; line-height: 9.6pt; margin-left: 2300" xmlns="http://www.tei-c.org/ns/1.0">1) Camel, vleselijk.<lb/></note><note xml:id="INT_c3fead13-7631-31e7-93a3-91bddc3fa1fc.TEI.1.text.1.body.1.div.1.p.8.note.2" xml:lang="nl" rend="font-size: 7.5; text-align: justify; line-height: 9.6pt; margin-left: 2200" xmlns="http://www.tei-c.org/ns/1.0">2) Al Coran.<lb/></note><note xml:id="INT_c3fead13-7631-31e7-93a3-91bddc3fa1fc.TEI.1.text.1.body.1.div.1.p.8.note.3" xml:lang="nl" rend="font-size: 7.5; line-height: 9.6pt; text-indent: 22.0pt" xmlns="http://www.tei-c.org/ns/1.0">3) De Islam kent geen priesters, geen „papen”. Bedoeld zijn of hadji’s of hoofden van<lb/> mystieke broederschappen, dan wel moskeepersoneel.<lb/></note><note xml:id="INT_c3fead13-7631-31e7-93a3-91bddc3fa1fc.TEI.1.text.1.body.1.div.1.p.8.note.4" xml:lang="nl" rend="font-size: 7.5; text-align: justify; line-height: 9.6pt; margin-left: 2200" xmlns="http://www.tei-c.org/ns/1.0">4) Met deze „pokken” zijn de Spaanse pokken, een geslachtsziekte, bedoeld.<lb/></note><pb xml:id="INT_c3fead13-7631-31e7-93a3-91bddc3fa1fc.TEI.1.text.1.body.1.div.1.p.8.pb.1" n="11" facs="http://resources.huygens.knaw.nl/retroapp/service_generalemissiven/gm_01/images/gm_1_104_0011.tif"/><fw xml:id="INT_c3fead13-7631-31e7-93a3-91bddc3fa1fc.TEI.1.text.1.body.1.div.1.p.8.fw.1" place="top" type="head" facs="#zone.148281" xmlns="http://www.tei-c.org/ns/1.0">BothVI, 26 juli 1612</fw><fw xml:id="INT_c3fead13-7631-31e7-93a3-91bddc3fa1fc.TEI.1.text.1.body.1.div.1.p.8.fw.2" place="top" type="page-number" facs="#zone.148294" xmlns="http://www.tei-c.org/ns/1.0">11</fw>wen. hebben op ons versocht om betaelt te mogen wesen, vandt gene sij in zee<lb xmlns="http://www.tei-c.org/ns/1.0"/> ende aen landt verdient souden mogen hebben, alsoo sij nu gedestineert sijn haer<lb xmlns="http://www.tei-c.org/ns/1.0"/> leven in dese landen te volleynden. Die van Amboyna versochten ende sommighe<lb xmlns="http://www.tei-c.org/ns/1.0"/> alhier hebben versocht om van den dienst ontslagen te moghen wesen, niettemin<lb xmlns="http://www.tei-c.org/ns/1.0"/> onder den eedt als burgeren van ons te blijven, dat om haer cost, soo sij seggen, te<lb xmlns="http://www.tei-c.org/ns/1.0"/> mogen winnen ende te mogen handelen ende vaeren aen de omliggende eylanden,<lb xmlns="http://www.tei-c.org/ns/1.0"/> gelijck voor desen de Portugesen gedaen hebben ende alsnoch doen, die weleke<lb xmlns="http://www.tei-c.org/ns/1.0"/> sommighe van haer seer rijck in dese landen worden ende den onsen altijt in een<lb xmlns="http://www.tei-c.org/ns/1.0"/> soberen staet blijven; hierop sal U Ed. gelieven eenighe ordre te raemen.<lb xmlns="http://www.tei-c.org/ns/1.0"/>
            </p><note xml:id="INT_c3fead13-7631-31e7-93a3-91bddc3fa1fc.TEI.1.text.1.body.1.div.1.note.8" xml:lang="nl" place="inline" type="editorial-summary" resp="editor" rend="font-style: italic; line-height: 11.7pt; text-indent: 22.0pt; text-align: justify; font-size: 9.5" xmlns="http://www.tei-c.org/ns/1.0">(Vertrek van Jan Dircksz. Lam naar patria. B. is nu te zwak om Manilla te<lb/> kunnen aanvallen) .<lb/></note><p xml:id="INT_c3fead13-7631-31e7-93a3-91bddc3fa1fc.TEI.1.text.1.body.1.div.1.p.9" xml:lang="nl" rend="font-size: 10; text-align: justify; line-height: 11.7pt; text-indent: 22.0pt" xmlns="http://www.tei-c.org/ns/1.0">Naer ’t vertreck van dese schepen sal ick gaen met ’t schip Banda naar<lb/> Batsian om die plaets naer behooren te provideren, alwaer ick gelaten hebbe<lb/> mijnen fiscael Hendrick van Raey <hi rend="font-size:10; font-family:Liberation Serif; vertical-align:super" xml:lang="nl">x)</hi> met last het fort aldaer van vack tot vack<lb/> aff te breken ende in calck te leggen, dat nu meest gedaen is.<lb/></p><p xml:id="INT_c3fead13-7631-31e7-93a3-91bddc3fa1fc.TEI.1.text.1.body.1.div.1.p.10" xml:lang="nl" rend="font-size: 10; text-align: justify; line-height: 11.7pt; text-indent: 22.0pt" xmlns="http://www.tei-c.org/ns/1.0">Voor desen hebben den onsen de fortten overal gemaeckt van aert ende houdt,<lb/> welck alles, gestaen hebbende ses off seven manen, d’een naer d’ander omgevallen<lb/> is ende weder de novo gemaeckt, boven maten gecost heeft ende nimmermeer<lb/> gedaen werck en is gheweest, waervan U Ed. van alle dese plaetsen de rekeninghe<lb/> oversende. Ick vrese, dat sommighe grootelijcx haer proffijt daermede<lb/> gedaen hebben ende niet achterhaelen en can, doordien sij stellen sooveel aen<lb/> fortificati, aen presenten ende anders, waervan U Ed. niet luttel verwondert en<lb/> sult wesen van het absurt procederen van U Ed. dienaeren, die weleke alhier<lb/> geweest sijn comme petyt princes, waervan ick U Ed. apart in ’t largo schrijven<lb/> sal. Sal nu alleen U Ed. relateren den tegen woordigen stant van de Moluques.<lb/></p><p xml:id="INT_c3fead13-7631-31e7-93a3-91bddc3fa1fc.TEI.1.text.1.body.1.div.1.p.11" resp="int_paragraph_joining" rend="">
              Den Coninck van Tarnate tegenwoordich <hi rend="font-size:10; font-family:Liberation Serif; vertical-align:super" xml:lang="nl" xmlns="http://www.tei-c.org/ns/1.0">1 2),</hi> die wort hoe langer hoe booser<lb xmlns="http://www.tei-c.org/ns/1.0"/> van leven, alsoo dat wij van hem geen goet en hebben te verwachten, hij is niet<lb xmlns="http://www.tei-c.org/ns/1.0"/> alleen slecht, jae de kinderen gelijck ende geeft niet meer antwoort als een houten<lb xmlns="http://www.tei-c.org/ns/1.0"/> beelt in saecken van importantie, maer bij nacht te vrouweren ende gew'elt te doen<lb xmlns="http://www.tei-c.org/ns/1.0"/> sijn tijdt meest mede doorbrenght. Voor mijn compste alhier heeft hij sijn vrouwe<lb xmlns="http://www.tei-c.org/ns/1.0"/> van grooten huyse van Sabougo <hi rend="font-size:10; font-family:Liberation Serif; vertical-align:super" xml:lang="nl" xmlns="http://www.tei-c.org/ns/1.0">3)</hi> bij nacht vermoort ende buyten ’t reciff met<lb xmlns="http://www.tei-c.org/ns/1.0"/> een camer aen den hals in zee doen werpen ; nu een maendt geleden heeft hij een<lb xmlns="http://www.tei-c.org/ns/1.0"/> getroude vrouwe van een van de princypalen, genaempt Kitsyl Belle, wesende de<lb xmlns="http://www.tei-c.org/ns/1.0"/> suster van Kitsyl Aly <hi rend="font-size:10; font-family:Liberation Serif; vertical-align:super" xml:lang="nl" xmlns="http://www.tei-c.org/ns/1.0">4),</hi> Amirael van der Zee, genomen tot sijn bijsit ende een<lb xmlns="http://www.tei-c.org/ns/1.0"/><note xml:id="INT_c3fead13-7631-31e7-93a3-91bddc3fa1fc.TEI.1.text.1.body.1.div.1.p.11.note.1" xml:lang="nl" rend="font-size: 7.5; text-align: justify; line-height: 9.6pt; text-indent: 22.0pt" xmlns="http://www.tei-c.org/ns/1.0">1) Hendrick van Raey maakte 1608 als onderkoopman een reis naar Japan, was februari<lb/> 1611 koopman op de Pauw voor Amboina, werd juni d. a. v. fiscaal en was van december<lb/> 1611 tot juni 1612 kapitein en opperkoopman op Batjan. Werd wegens diefstal ter dood veroordeeld,<lb/> doch begenadigd. In augustus 1612 soldaat onder Schotte op Buton, werd daar eind<lb/> augustus 1613 wegens diefstal opgehangen.<lb/></note><note xml:id="INT_c3fead13-7631-31e7-93a3-91bddc3fa1fc.TEI.1.text.1.body.1.div.1.p.11.note.2" xml:lang="nl" rend="font-size: 7.5; text-align: justify; line-height: 9.6pt; text-indent: 21.0pt" xmlns="http://www.tei-c.org/ns/1.0">2) Modafar was, nadat zijn vader Koning Sa(h)id in maart 1606 in Spaanse handen was<lb/> gevallen, hem opgevolgd, tot 1610 onder regentschap. Hij was een onbetekenend man, die<lb/> steeds meer versufte en in 1627 stierf.<lb/></note><note xml:id="INT_c3fead13-7631-31e7-93a3-91bddc3fa1fc.TEI.1.text.1.body.1.div.1.p.11.note.3" xml:lang="nl" rend="font-size: 7.5; line-height: 9.6pt; text-indent: 21.0pt" xmlns="http://www.tei-c.org/ns/1.0">3) Sabugo, plaats ter westkust van Halmaheira, waar de Compagnie destijds een kleine<lb/> versterking had, die kort te voren in Spaanse handen was gevallen.<lb/></note><note xml:id="INT_c3fead13-7631-31e7-93a3-91bddc3fa1fc.TEI.1.text.1.body.1.div.1.p.11.note.4" xml:lang="nl" rend="font-size: 7.5; text-align: justify; line-height: 9.6pt; text-indent: 21.0pt" xmlns="http://www.tei-c.org/ns/1.0">4) Ketjil Ali, neef van Koning Modafar, was reeds bij de komst der Nederlanders inl599<lb/> kapitan laut (= vlootvoogd) van Temate en een van de voornaamste rijksgroten. Na de dood<lb/> van zijn neef in 1627 was hij de Nederlandse tro onkandidaat, maar werd door de groten gepas-<lb/></note><pb xml:id="INT_c3fead13-7631-31e7-93a3-91bddc3fa1fc.TEI.1.text.1.body.1.div.1.p.11.pb.1" n="12" facs="http://resources.huygens.knaw.nl/retroapp/service_generalemissiven/gm_01/images/gm_1_104_0012.tif"/><fw xml:id="INT_c3fead13-7631-31e7-93a3-91bddc3fa1fc.TEI.1.text.1.body.1.div.1.p.11.fw.1" place="top" type="page-number" facs="#zone.173817" xmlns="http://www.tei-c.org/ns/1.0">12</fw><fw xml:id="INT_c3fead13-7631-31e7-93a3-91bddc3fa1fc.TEI.1.text.1.body.1.div.1.p.11.fw.2" place="top" type="head" facs="#zone.173821" xmlns="http://www.tei-c.org/ns/1.0">Both VI, 26 juli 1612</fw>ander vrouwe, dochter van ke. Nary, het haer met een swaert affgesneden ende<lb xmlns="http://www.tei-c.org/ns/1.0"/> gequetst in ’t aensicht; tegenwoordich in haer vaeders huys, alwaer sij bij nacht<lb xmlns="http://www.tei-c.org/ns/1.0"/> van den onsen bewaert wert met twaelff soldaten, die hij mede anders vermoorden<lb xmlns="http://www.tei-c.org/ns/1.0"/> soude. In effeckt hij heeft het soo verre gebracht door zijn quaet leven, dat de<lb xmlns="http://www.tei-c.org/ns/1.0"/> Tarnatanen hem willen deporteren ende op een eylandt confineeren. Sijn derhalven<lb xmlns="http://www.tei-c.org/ns/1.0"/> alhier bij mij geweest om die ende andere oorsaecken.<lb xmlns="http://www.tei-c.org/ns/1.0"/>
            </p><p xml:id="INT_c3fead13-7631-31e7-93a3-91bddc3fa1fc.TEI.1.text.1.body.1.div.1.p.12" xml:lang="nl" rend="font-size: 10; text-align: justify; line-height: 11.7pt; text-indent: 23.0pt" xmlns="http://www.tei-c.org/ns/1.0">Ick stoocke het vuyr sonder consent te geven, dan, gedaen sijnde, sal mij<lb/> verblijden. Den Prins Sedangh *) schijnt, dat sij verkiesen sullen, die ’t met recht<lb/> oock toecompt, is voor desen van den onsen ende de Tarnatanen seer qualijck<lb/> gedaen geweest desen voor Coninck ghecosen te hebben tot prejuditie van den<lb/> gevangen Coninck, sijn vaeder, ende den Prins Sedangh, sijn outste broeder; mede<lb/> in ’t innemen van Maquian sonder eenighe conditiën tot U Ed. voordeel, waerover<lb/> de Tarnatanen wel souden willen absolutelijck commanderen ende tiraniseren, even<lb/> off haerluyder slaven waeren, die welcke dagelicx haer doleances aen mij sijn doende,<lb/> die ick consolere ende geve goede hoope, de fortten versterekende van amonitie<lb/> van oorloghe ende van anders, dat ons mogelijck is.<lb/></p><p xml:id="INT_c3fead13-7631-31e7-93a3-91bddc3fa1fc.TEI.1.text.1.body.1.div.1.p.13" resp="int_paragraph_joining" rend="">
              Den Coninck van Batsian <hi rend="font-size:10; font-family:Liberation Serif; vertical-align:super" xml:lang="nl" xmlns="http://www.tei-c.org/ns/1.0">* 1 2),</hi> mede met onse waepenen sampt de Tarnatanen<lb xmlns="http://www.tei-c.org/ns/1.0"/> overwonnen, beclaecht hem oock over de Tarnatanen. De Maquianesen ende Batsianesen<lb xmlns="http://www.tei-c.org/ns/1.0"/> sijn van natuiren een goetaerdich volck, ter contrarie de Tarnatanen<lb xmlns="http://www.tei-c.org/ns/1.0"/> tyrannich, gierich, moordadich, daerbij in ’t leste geen goet van haer te verwachten;<lb xmlns="http://www.tei-c.org/ns/1.0"/> sij sijn van öudts gewoon haer nabuyren te vermoorden, tot slaeven te haelen<lb xmlns="http://www.tei-c.org/ns/1.0"/> ende te vercoopen, daeromme oock van Godt geplaecht werden. Alle de faveur,<lb xmlns="http://www.tei-c.org/ns/1.0"/> die sij ons aendoen, is beveynstheyt, alleen door vreese der Spaignaerden, die sij<lb xmlns="http://www.tei-c.org/ns/1.0"/> weten, dat tyrannen zijn. Het compt mij nu wel te passé lange in Ytalien ghewoondt<lb xmlns="http://www.tei-c.org/ns/1.0"/> te hebben ende het dissimuleren geleert, welck ick dagelijcx met de<lb xmlns="http://www.tei-c.org/ns/1.0"/> Tarnatanen doen moet. Sij hadden mij belooft in ’t begintsel van ’t opmaken van<lb xmlns="http://www.tei-c.org/ns/1.0"/> ons fort Hollandia op Toloucke calck, steen ende alles, dat daer toe behoorde, te<lb xmlns="http://www.tei-c.org/ns/1.0"/> doen maecken ende haelen, welck sij wel begosten, maer niet en continueerden,<lb xmlns="http://www.tei-c.org/ns/1.0"/> alsoo dat ick het hebbe moeten doen met mijn eygen volck ende de gevangene<lb xmlns="http://www.tei-c.org/ns/1.0"/> Chynesen, alsoock eenighe Manilhas, van de Spagnaerts overghecomen tot wel<lb xmlns="http://www.tei-c.org/ns/1.0"/> 20 in ’t getal. Dan alsoo het landtbolwerck ende zeebolwerck van ons fort op<lb xmlns="http://www.tei-c.org/ns/1.0"/> Maleyen geheel vervallen ende onder de voet leggen, haer gedreycht het gheschut<lb xmlns="http://www.tei-c.org/ns/1.0"/> en de soldaten daer van te nemen, indien wij geen provisy van steen ende calck en<lb xmlns="http://www.tei-c.org/ns/1.0"/> doen, alsoo dat sij nu besich sijn met drie groote ovens te maecken ende op mijn<lb xmlns="http://www.tei-c.org/ns/1.0"/> wedercompste van Batsian verhope die beyde bolwercken mede in steen ende<lb xmlns="http://www.tei-c.org/ns/1.0"/> calck te leggen. Tacome is een plaetse, daer den onsen groote excessive oncosten<lb xmlns="http://www.tei-c.org/ns/1.0"/> hebben gedaen in aert ende houdt, verre van de strandt. Alle ses maenden, d’een<lb xmlns="http://www.tei-c.org/ns/1.0"/> zes voor, d’ander naer, onder de voet ende voor desen met groote oosten weder<lb xmlns="http://www.tei-c.org/ns/1.0"/> opgemaeckt ; is niettemin een plaetse van importantie, die niet en dient verlaten<lb xmlns="http://www.tei-c.org/ns/1.0"/> te wesen door de abondantie van nagelen, die daer vallen, waerom den vyant al-<lb xmlns="http://www.tei-c.org/ns/1.0"/><note xml:id="INT_c3fead13-7631-31e7-93a3-91bddc3fa1fc.TEI.1.text.1.body.1.div.1.p.13.note.1" xml:lang="nl" rend="font-size: 7.5; text-align: justify; line-height: 9.6pt" xmlns="http://www.tei-c.org/ns/1.0">seerd voor zijn jongeren broeder Hamzah, die hem met een korakoravloot in juni 1628 naar<lb/> het Ambonse zond om de geschillen daar bij te leggen en de Makassaren te bestrijden. In 1631<lb/> vertoefde hij op Sula en Banggai. Hij stierf 1632 op Buton, misschien vergiftigd op last van<lb/> den Koning van Makassar.<lb/></note><note xml:id="INT_c3fead13-7631-31e7-93a3-91bddc3fa1fc.TEI.1.text.1.body.1.div.1.p.13.note.2" xml:lang="nl" rend="font-size: 7.5; text-align: justify; line-height: 9.6pt; margin-left: 2200" xmlns="http://www.tei-c.org/ns/1.0">1) Ketjil Sedang of Sidang, oudere en bekwamere broeder van Koning Modafar.<lb/></note><note xml:id="INT_c3fead13-7631-31e7-93a3-91bddc3fa1fc.TEI.1.text.1.body.1.div.1.p.13.note.3" xml:lang="nl" rend="font-size: 7.5; text-align: justify; line-height: 9.6pt; text-indent: 21.0pt" xmlns="http://www.tei-c.org/ns/1.0">2) Het Spaanse kasteel op Batjan werd 26 november 1609 door Simon Jansz. Hoen<lb/> genomen, waarna op 10 dec. met Koning Alaudin van Batjan een contract werd aangegaan,<lb/> waarbij ook Koning Modafar zich aansloot <hi rend="font-size:7.5; font-family:Liberation Serif; font-style:italic" xml:lang="nl">(Corpus</hi> I, p. 75-78 j.<lb/></note><pb xml:id="INT_c3fead13-7631-31e7-93a3-91bddc3fa1fc.TEI.1.text.1.body.1.div.1.p.13.pb.1" n="13" facs="http://resources.huygens.knaw.nl/retroapp/service_generalemissiven/gm_01/images/gm_1_104_0013.tif"/><fw xml:id="INT_c3fead13-7631-31e7-93a3-91bddc3fa1fc.TEI.1.text.1.body.1.div.1.p.13.fw.1" place="top" type="head" facs="#zone.198505" xmlns="http://www.tei-c.org/ns/1.0">BothVI, 26 juli 1612</fw><fw xml:id="INT_c3fead13-7631-31e7-93a3-91bddc3fa1fc.TEI.1.text.1.body.1.div.1.p.13.fw.2" place="top" type="page-number" facs="#zone.198512" xmlns="http://www.tei-c.org/ns/1.0">13</fw>daer soude connen nestelen. Hebbe daeromme den raet van Tarnate voorgedraegen<lb xmlns="http://www.tei-c.org/ns/1.0"/> naer vysitatie van ditto plaetse, dattet hoochnoodich was, indien wij te samen<lb xmlns="http://www.tei-c.org/ns/1.0"/> die plaets wilden behouden, aldaer te maecken een casteel op de strant in steen<lb xmlns="http://www.tei-c.org/ns/1.0"/> ende calck, waerop sijluyden repliceerden, dat sij al voor desen van den onsen<lb xmlns="http://www.tei-c.org/ns/1.0"/> hadden begeert, soo wel op Maleyo als op andere plaetsen in calck ende steen te<lb xmlns="http://www.tei-c.org/ns/1.0"/> wercken, haer beclagende over den onsen, die daervan in gebreke gebleven sijn <hi rend="font-size:10; font-family:Liberation Serif; vertical-align:super" xml:lang="nl" xmlns="http://www.tei-c.org/ns/1.0">x).</hi><lb xmlns="http://www.tei-c.org/ns/1.0"/>Ick vreese, dat van sulex perticulier proffijt oorsaeck is gheweest, want dickwils<lb xmlns="http://www.tei-c.org/ns/1.0"/> vervallen wercken te vernieuwen groote rekeningen maecken connen, gelijck U Ed.<lb xmlns="http://www.tei-c.org/ns/1.0"/> meer als te veel in haerlieder rekeningen sult sien, die wij nu van alle dese plaetsen<lb xmlns="http://www.tei-c.org/ns/1.0"/> U Ed. sijn mede sendende.<lb xmlns="http://www.tei-c.org/ns/1.0"/>
            </p><note xml:id="INT_c3fead13-7631-31e7-93a3-91bddc3fa1fc.TEI.1.text.1.body.1.div.1.note.9" xml:lang="nl" place="inline" type="editorial-summary" resp="editor" rend="font-style: italic; line-height: 10.5pt; text-indent: 22.0pt; text-align: justify; font-size: 9.5" xmlns="http://www.tei-c.org/ns/1.0">(Mislukte 'poging de Ternatanen tegen betaling bij de fortenbouw te betrekken).<lb/></note><p xml:id="INT_c3fead13-7631-31e7-93a3-91bddc3fa1fc.TEI.1.text.1.body.1.div.1.p.14" resp="int_paragraph_joining" rend="">
              De Tarnatanen pretenderen van Loehoe, Cambelle <hi rend="font-size:10; font-family:Liberation Serif; vertical-align:super" xml:lang="nl" xmlns="http://www.tei-c.org/ns/1.0">1 2)</hi> ende Maquian te genieten<lb xmlns="http://www.tei-c.org/ns/1.0"/> den vollen tol als vijfthien ten hondert, even off wij bij ’t innemen van Mackjan<lb xmlns="http://www.tei-c.org/ns/1.0"/> niet en waeren geweest, welck voor ’t innemen geheel subjekt aen den vyandt was<lb xmlns="http://www.tei-c.org/ns/1.0"/> ende een pertye van dien wel 42 jaeren onder de Tydoresen gheweest hadde ende<lb xmlns="http://www.tei-c.org/ns/1.0"/> alsdoen maer betaelden aen den Coninck van Tydoor een seker tribuyt ende de<lb xmlns="http://www.tei-c.org/ns/1.0"/> subjeckten voor desen gheweest aen den Coninck van Tarnate oock een seker trybuyt,<lb xmlns="http://www.tei-c.org/ns/1.0"/> sonder yets anders, waervan ick nu door Bastiaen de Castro <hi rend="font-size:10; font-family:Liberation Serif; vertical-align:super" xml:lang="nl" xmlns="http://www.tei-c.org/ns/1.0">3)</hi> geinformeert<lb xmlns="http://www.tei-c.org/ns/1.0"/> ben ende noch mij breeder sal informeren. Daeromme haerluyden voor antwoort<lb xmlns="http://www.tei-c.org/ns/1.0"/> gegeven hebben, dat de Maqu jannesen door beyde ons toedoen geconquesteert<lb xmlns="http://www.tei-c.org/ns/1.0"/> sijn gheweest, ’t welck sonder ons van haer nimmermeer en hadde connen gheschieden.<lb xmlns="http://www.tei-c.org/ns/1.0"/> Om die redenen wille den Prins van Hollant <hi rend="font-size:10; font-family:Liberation Serif; vertical-align:super" xml:lang="nl" xmlns="http://www.tei-c.org/ns/1.0">4)</hi> door de groote oncosten<lb xmlns="http://www.tei-c.org/ns/1.0"/> mede van conqueste competeerde insonderheyt ’t gene den Tydorees soo langhe<lb xmlns="http://www.tei-c.org/ns/1.0"/> ghepossedeert hadde. Ende soo veel aengaet den tol, dat ick mij soude informeren,<lb xmlns="http://www.tei-c.org/ns/1.0"/> ’tgene voor desen ’t gebruyck geweest hadde, soo wel op Loehoe ende Cambello<lb xmlns="http://www.tei-c.org/ns/1.0"/> als hier, daerbij niettemin adderende, dat onsen Prins was rijck, genieroys <hi rend="font-size:10; font-family:Liberation Serif; vertical-align:super" xml:lang="nl" xmlns="http://www.tei-c.org/ns/1.0">5)</hi> ende<lb xmlns="http://www.tei-c.org/ns/1.0"/> goedertieren ende tot haerluyden seer genegen, die ick van alles soude advyseren,<lb xmlns="http://www.tei-c.org/ns/1.0"/> insonderheyt van de groote affectie, die sij hem waeren toedragende, om haerluyden<lb xmlns="http://www.tei-c.org/ns/1.0"/> alsoo te houden metten beek in ’t waeter ende onse pretensie open te houden<lb xmlns="http://www.tei-c.org/ns/1.0"/> ende daerentusschen de fortten overal te stereken ende wel te versien ende<lb xmlns="http://www.tei-c.org/ns/1.0"/> d’een ende d’ander in devotie te houden ten waere de affectie van de Mackjannesen<lb xmlns="http://www.tei-c.org/ns/1.0"/> t’onswaerts ende onse fortten alhier. Sij souden overlanck tegens de Tarnatanen<lb xmlns="http://www.tei-c.org/ns/1.0"/> door haer onverdraegelijcke regeringe gere volteert hebben ende onder den Tydorees<lb xmlns="http://www.tei-c.org/ns/1.0"/> haer begeven, dan het tyraniseren der Spaignaerts is oorsaeck, dat vele van dese<lb xmlns="http://www.tei-c.org/ns/1.0"/> Princen t’onswaerts ghenegen sijn. Ick ben desen van Macquian exhorterende tot<lb xmlns="http://www.tei-c.org/ns/1.0"/><note xml:id="INT_c3fead13-7631-31e7-93a3-91bddc3fa1fc.TEI.1.text.1.body.1.div.1.p.14.note.1" xml:lang="nl" rend="font-size: 7.5; text-align: justify; line-height: 9.6pt; margin-left: 2300" xmlns="http://www.tei-c.org/ns/1.0">1) Zie voor deze sterkte Takome <hi rend="font-size:7.5; font-family:Liberation Serif; font-style:italic" xml:lang="nl">Oudheden</hi> , p. 256.<lb/></note><note xml:id="INT_c3fead13-7631-31e7-93a3-91bddc3fa1fc.TEI.1.text.1.body.1.div.1.p.14.note.2" xml:lang="nl" rend="font-size: 7.5; text-align: justify; line-height: 9.6pt; text-indent: 23.0pt" xmlns="http://www.tei-c.org/ns/1.0">2) Luhu en Kambello, belangrijke kruidnagelplaatsen resp. aan de oost- en de westkust<lb/> van Hoamoal, het zuidwestelijk schiereiland van Ceram; beide behoorden tot de Temataanse<lb/> onderhorigheden.<lb/></note><note xml:id="INT_c3fead13-7631-31e7-93a3-91bddc3fa1fc.TEI.1.text.1.body.1.div.1.p.14.note.3" xml:lang="nl" rend="font-size: 7.5; text-align: justify; line-height: 9.6pt; text-indent: 23.0pt" xmlns="http://www.tei-c.org/ns/1.0">3) Bastiaen de Castro, hoofd der christenen op Batjan, die tot ongeveer 1627 heeft<lb/> geleefd. Hij bezocht Nederland, maar werd- tegen het einde van zijn leven verdacht van<lb/> Spaansgezindheid.<lb/></note><note xml:id="INT_c3fead13-7631-31e7-93a3-91bddc3fa1fc.TEI.1.text.1.body.1.div.1.p.14.note.4" xml:lang="nl" rend="font-size: 7.5; text-align: justify; line-height: 9.6pt; text-indent: 23.0pt" xmlns="http://www.tei-c.org/ns/1.0">4) Het was den Nederlanders niet mogelijk de Indonesiërs duidelijk te maken, hoe hun<lb/> staat geregeerd werd. Men sprak daarom van Prins Maurits als van den Prins van Holland,<lb/> zonder zich over zijn positie nader uit te laten.<lb/></note><note xml:id="INT_c3fead13-7631-31e7-93a3-91bddc3fa1fc.TEI.1.text.1.body.1.div.1.p.14.note.5" xml:lang="nl" rend="font-size: 7.5; text-align: justify; line-height: 9.6pt; margin-left: 2300" xmlns="http://www.tei-c.org/ns/1.0">5) Genereus.<lb/></note><pb xml:id="INT_c3fead13-7631-31e7-93a3-91bddc3fa1fc.TEI.1.text.1.body.1.div.1.p.14.pb.1" n="14" facs="http://resources.huygens.knaw.nl/retroapp/service_generalemissiven/gm_01/images/gm_1_104_0014.tif"/><fw xml:id="INT_c3fead13-7631-31e7-93a3-91bddc3fa1fc.TEI.1.text.1.body.1.div.1.p.14.fw.1" place="top" type="page-number" facs="#zone.226387" xmlns="http://www.tei-c.org/ns/1.0">14</fw><fw xml:id="INT_c3fead13-7631-31e7-93a3-91bddc3fa1fc.TEI.1.text.1.body.1.div.1.p.14.fw.2" place="top" type="head" facs="#zone.226391" xmlns="http://www.tei-c.org/ns/1.0">BothVI, 26 juli 1612</fw>gehoorsaemheyt ende patiëntie ende dat Godt ende den tijdt liiernaermaels wel in<lb xmlns="http://www.tei-c.org/ns/1.0"/> versien can werden; vooral Macqnian moet hiernaer aen U Ed. blijven, want sijluyden,<lb xmlns="http://www.tei-c.org/ns/1.0"/> als vooren verhaelt, ons geaffeetioneert sijn ende wel met een cleyn vuyrken<lb xmlns="http://www.tei-c.org/ns/1.0"/> aen te steken, sijluyden het jock van de Tarnatanen van haeren hals leggen<lb xmlns="http://www.tei-c.org/ns/1.0"/> sonden ende haer onder ons onder eerlij cke ende avantagieuse conditiën souden<lb xmlns="http://www.tei-c.org/ns/1.0"/> begeven.<lb xmlns="http://www.tei-c.org/ns/1.0"/>
            </p><note xml:id="INT_c3fead13-7631-31e7-93a3-91bddc3fa1fc.TEI.1.text.1.body.1.div.1.note.10" xml:lang="nl" place="inline" type="editorial-summary" resp="editor" rend="font-style: italic; line-height: 10.0pt; text-indent: 22.0pt; text-align: justify; font-size: 9" xmlns="http://www.tei-c.org/ns/1.0">( 7 regels uitgelaten ) .<lb/></note><p xml:id="INT_c3fead13-7631-31e7-93a3-91bddc3fa1fc.TEI.1.text.1.body.1.div.1.p.15" xml:lang="nl" rend="font-size: 10; text-align: justify; line-height: 11.7pt; text-indent: 22.0pt" xmlns="http://www.tei-c.org/ns/1.0">Mijn Heeren, het openbaert sich hoe langer hoe meer, dat den Coninck van<lb/> Tydoor <hi rend="font-size:10; font-family:Liberation Serif; vertical-align:super" xml:lang="nl">x),</hi> insonderheyt sijn onderdanen, een seer groot discontentement hebben<lb/> van het tyrannich regeren der Spagnaerden ende dat hij berou heeft, de Hollanders<lb/> verlaten te hebben ende de Spagnaerden in sijn landt geroepen. Mij is onlangs<lb/> gherelateert van een Tydorees, dat den Coninck van Tydoor dickwils Godt was<lb/> biddende voor de prosperiteyt van de Hollanders ende, ghevraecht sijnde van de<lb/> sijne, waeromme hij sulcx en dede, de wij le de Tarnatanen en de Hollanders sijn<lb/> vijanden waeren, antwoorde, omdat hij ende sijn ondersaten gheen slaven der<lb/> Spaignaerden souden werden, mede dat de Spaignaerts onlangs geleden begost<lb/> hadden op Tydoor te bouwen een kerck, die welcke den Prins door last van sijnen<lb/> vaeder, den Coninck, mette Tydoresen omverre geworpen hebben, oock dat een<lb/> Spagnaert genomen hadde een slavinne van de principale papen der Tydoresen,<lb/> die hij eenighe maenden gecamert hadde, waerdoor groote onrust tusschen pertyen<lb/> geresen was, alsoo dat den Coninck den capiteyn ontboot ende belaste hem de<lb/> slavinne datelijck te restitueren, off dat daer anders in versien soude werden. Oock<lb/> heeft den Coninck van Tydoor aen de Tarnatanen versocht met haerlieden te<lb/> accorderen een treves off vreede ende tot verscheyden reysen bij malcanderen<lb/> geweest, de Tydoresen op Tarnate ende de Tarnatanen op Tydoor, welcke gesanten<lb/> de Tarnatanen tot 2 mael toe bij mij gebracht hebben, eens op Maleyen ende eens<lb/> op Toloucke ende gehoort haerlieder rapport van een vrede off treves met de<lb/> Tarnatanen te willen maecken, gaff haerlieden voor antwoort, dat den Prins van<lb/> Hollandt naer een bloetgierich oorloch van tweenveertich jaeren den Coninck van<lb/> Spagnien gedwongen hadde aen ons te versoucken door intercessie van Coningen<lb/> ende Potentaten vrede off treves voor lange jaeren ende alsoo met de waepenen<lb/> ons verlost hebben van de groote tyrannye der Spaignaerden, daerbij verhaelende<lb/> veel exempelen hier te lanck te verhaelen, nemende hierdoor occasie om aen den<lb/> Coninck van Tydoor te schrijven. In d’eerste hem gesonden een brieff van sijn<lb/> Princelijcke Excellentie aen een van de Coninghen, daer in ’t largo in verhaelt<lb/> wert de gemaeckte vrede ende conditiën voor ons ende onse geallieerde soo wel<lb/> in ’t vaederlandt als in de Indiens, welcken brieff in ’t Tarnataens overgeset is<lb/> alsmede de mijne ende soo gelijck aen den Coninck gesonden.<lb/></p><note xml:id="INT_c3fead13-7631-31e7-93a3-91bddc3fa1fc.TEI.1.text.1.body.1.div.1.note.11" xml:lang="nl" place="inline" type="editorial-summary" resp="editor" rend="font-style: italic; line-height: 10.0pt; text-indent: 22.0pt; text-align: justify; font-size: 9" xmlns="http://www.tei-c.org/ns/1.0">(4 regels uitgelaten).<lb/></note><note xml:id="INT_c3fead13-7631-31e7-93a3-91bddc3fa1fc.TEI.1.text.1.body.1.div.1.note.12" xml:lang="nl" rend="font-size: 7.5; text-align: justify; line-height: 9.6pt; text-indent: 22.0pt" xmlns="http://www.tei-c.org/ns/1.0">1) Comelis Bastiaensz. nam 19 mei 1605 de Portugese sterkte op Tidore in, hun laatste<lb/> vesting op de Specerij -eilanden. De vijandschap tussen de Tidorezen en de met de Nederlanders<lb/> verbonden Tematanen was echter zo groot, dat de eersten zich in maart 1606 bij de komst van<lb/> de Spanjaarden uit de Philippijnen direct bij hen aansloten; het kasteel ging voor de Nederlanders<lb/> verloren.<lb/></note><pb xml:id="INT_c3fead13-7631-31e7-93a3-91bddc3fa1fc.TEI.1.text.1.body.1.div.1.pb.3" n="15" facs="http://resources.huygens.knaw.nl/retroapp/service_generalemissiven/gm_01/images/gm_1_104_0015.tif"/><fw xml:id="INT_c3fead13-7631-31e7-93a3-91bddc3fa1fc.TEI.1.text.1.body.1.div.1.fw.5" place="top" type="head" facs="#zone.257859" xmlns="http://www.tei-c.org/ns/1.0">Both VI, 26 juli 1612</fw><fw xml:id="INT_c3fead13-7631-31e7-93a3-91bddc3fa1fc.TEI.1.text.1.body.1.div.1.fw.6" place="top" type="page-number" facs="#zone.257867" xmlns="http://www.tei-c.org/ns/1.0">15</fw><p xml:id="INT_c3fead13-7631-31e7-93a3-91bddc3fa1fc.TEI.1.text.1.body.1.div.1.p.16" xml:lang="nl" rend="font-size: 10; text-align: justify; line-height: 11.7pt; text-indent: 22.0pt" xmlns="http://www.tei-c.org/ns/1.0">Den gougouge *) van de Tarna tanen is voor drie off vier dagen bij mij geweest<lb/> ende versocht, dat alle de correcorren van Maquian mede wilden gaen in compagnie<lb/> van die van Tarnate omme den Coninck van Tydoor metten sijnen te rescontreren<lb/> op een seker plaetse in see om van de vrede te spreken ende een eynde van die<lb/> saeck te maecken, van mij mede versouckende advys, waerop ick den gougouge<lb/> geantwoort hebbe, dat sij wel op haer hoede mosten wesen ende van verraderie<lb/> haer wachten, dat sij ten bijcompste van den Coninck van Tydoor hem affvraghen<lb/> souden sijn begeerte, sulcx gehoort hebbende ende vrede versouckende, dat sij<lb/> voor antwoort geven souden, dat den Coninck van Tydoor soo verre met de<lb/> Spaignaerts geallieert was ende nu soo sterck in sijn landt was ende sijluyden met<lb/> den Prins van Hollandt ende den sijnen, dat sulcx niet wel en soude connen gheschieden,<lb/> ten waere sij twee met een van de andere partije toevielen ende alsoo<lb/> de vierde partye te lande uuytsloeghen om alsoo te hooren sijn antwoort, sulcx<lb/> zijnde ghehoort, dat den Coninck wilde considereren, wiens regieringe hem beter<lb/> docht te wesen de Spaignaerden ofte de Hollanders ende dat den Coninck wilde<lb/> ghedachtich wesen den inhoudt van den brieff, die ick hem hadde gheschreven,<lb/> op welcke den Coninck mij voor desen heeft doen varbalement antwoorden, dat hij<lb/> den inhoudt van den selven in sijn hart hadde gegraveert ende hiernaermaels mij<lb/> soude antwoorden. Ick verhope hieruuyt yets goets rysen sal, dat principalijck<lb/> door het tiraniseren der Spagniaerden.<lb/></p><note xml:id="INT_c3fead13-7631-31e7-93a3-91bddc3fa1fc.TEI.1.text.1.body.1.div.1.note.13" xml:lang="nl" place="inline" type="editorial-summary" resp="editor" rend="font-style: italic; line-height: 10.5pt; text-indent: 22.0pt; text-align: justify; font-size: 9.5" xmlns="http://www.tei-c.org/ns/1.0">(Gouverneur Prins, van Banda, gestorven, diverse korte berichten, slot).<lb/></note><note xml:id="INT_c3fead13-7631-31e7-93a3-91bddc3fa1fc.TEI.1.text.1.body.1.div.1.note.14" xml:lang="nl" rend="font-size: 7.5; text-align: justify; line-height: 9.6pt; text-indent: 22.0pt" xmlns="http://www.tei-c.org/ns/1.0">1) Djogugu, Ternataanse term voor den rijksbestuurder in de Molukse rijken. Djou =<lb/> Heer, gugu = beheerder , bestuurder.<lb/></note>
            
      </div>
                  </body>
                </text>
              </TEI>