<TEI xml:id="INT_f0a3b09b-8561-3afc-9d68-5a616b87aa0a" xmlns="http://www.tei-c.org/ns/1.0">
                <teiHeader>
      <fileDesc>
        <titleStmt>
          <title>Bantam, 10 nov. 1614</title>
        </titleStmt>
        <publicationStmt>
          <p>
            <date>10 nov. 1614</date>
            <idno type="sourceID">missiven:vol1</idno>
            <idno type="pid">INT_f0a3b09b-8561-3afc-9d68-5a616b87aa0a</idno>
          </p>
        </publicationStmt>
        <notesStmt>
          <note/>
        </notesStmt>
        <sourceDesc>
          <listBibl xml:id="inlMetadata">
            <bibl type="missive">
        <interpGrp type="page"><interp>37</interp></interpGrp>
        
      <interpGrp type="titleLevel1"><interp>Bantam, 10 nov. 1614</interp></interpGrp>
      <interpGrp type="dateLevel1"><interp>10 nov. 1614</interp></interpGrp>
        <interpGrp type="tocLevel"><interp>1</interp></interpGrp>
      <interpGrp type="volume"><interp>1</interp></interpGrp>
        <interpGrp type="n"><interp>XXI</interp></interpGrp>
      <interpGrp type="localization_placeLevel1"><interp>Bantam</interp></interpGrp>
      <interpGrp type="witnessYearLevel1_from"><interp>1614</interp></interpGrp>
      <interpGrp type="witnessYearLevel1_to"><interp>1614</interp></interpGrp>
      <interpGrp type="witnessMonthLevel1_to"><interp>11</interp></interpGrp>
      <interpGrp type="witnessMonthLevel1_from"><interp>11</interp></interpGrp>
      <interpGrp type="witnessDayLevel1_to"><interp>10</interp></interpGrp>
      <interpGrp type="witnessDayLevel1_from"><interp>10</interp></interpGrp>
      <interpGrp type="authorLevel1"><interp></interp></interpGrp>
      <interpGrp type="pid"><interp>INT_f0a3b09b-8561-3afc-9d68-5a616b87aa0a</interp></interpGrp>
    </bibl>
          </listBibl>
        </sourceDesc>
      </fileDesc>
    </teiHeader>
                <text xml:id="INT_f0a3b09b-8561-3afc-9d68-5a616b87aa0a.TEI.1.text.1">
                  <body xml:id="INT_f0a3b09b-8561-3afc-9d68-5a616b87aa0a.TEI.1.text.1.body.1">
                    <div xml:id="INT_f0a3b09b-8561-3afc-9d68-5a616b87aa0a.TEI.1.text.1.body.1.div.1">
        
              <pb xml:id="INT_f0a3b09b-8561-3afc-9d68-5a616b87aa0a.TEI.1.text.1.body.1.div.1.pb.1" n="37" facs="http://resources.huygens.knaw.nl/retroapp/service_generalemissiven/gm_01/images/gm_1_104_0037.tif"/><fw xml:id="INT_f0a3b09b-8561-3afc-9d68-5a616b87aa0a.TEI.1.text.1.body.1.div.1.fw.1" place="top" type="head" facs="#zone.899079" xmlns="http://www.tei-c.org/ns/1.0">Both XXI, 10 november 1614</fw><fw xml:id="INT_f0a3b09b-8561-3afc-9d68-5a616b87aa0a.TEI.1.text.1.body.1.div.1.fw.2" place="top" type="page-number" facs="#zone.899087" xmlns="http://www.tei-c.org/ns/1.0">37</fw><p xml:id="INT_f0a3b09b-8561-3afc-9d68-5a616b87aa0a.TEI.1.text.1.body.1.div.1.p.1" xml:lang="nl" rend="font-size: 10; line-height: 11.1pt" xmlns="http://www.tei-c.org/ns/1.0">XXI. PIETER BOTH, BANTAM 10 november 1614.<lb/></p><p xml:id="INT_f0a3b09b-8561-3afc-9d68-5a616b87aa0a.TEI.1.text.1.body.1.div.1.p.2" xml:lang="nl" rend="font-size: 7.5; line-height: 8.3pt" xmlns="http://www.tei-c.org/ns/1.0">969, fol. 38-40.<lb/></p><note xml:id="INT_f0a3b09b-8561-3afc-9d68-5a616b87aa0a.TEI.1.text.1.body.1.div.1.note.1" xml:lang="nl" place="inline" type="editorial-summary" resp="editor" rend="font-style: italic; line-height: 11.7pt; text-indent: 24.0pt; text-align: justify; font-size: 10" xmlns="http://www.tei-c.org/ns/1.0">(Het begin handelend over Bantam en Jakatra is afgedruïcï <hi rend="font-size:10; font-family:Liberation Serif" xml:lang="nl">Opkomst</hi> IV,<lb/> p. 11-19. Men vergelijke ook Coen’s brief van dezelfde datum <hi rend="font-size:10; font-family:Liberation Serif" xml:lang="nl">, Coen</hi> I, 52-93).<lb/></note><p xml:id="INT_f0a3b09b-8561-3afc-9d68-5a616b87aa0a.TEI.1.text.1.body.1.div.1.p.3" xml:lang="nl" rend="font-size: 10; text-align: justify; line-height: 11.7pt; text-indent: 24.0pt" xmlns="http://www.tei-c.org/ns/1.0">Wat aengaet de Engelsman tot Bantam, genfc cap. Jan Jardyn <hi rend="font-size:10; font-family:Liberation Serif; vertical-align:super" xml:lang="nl">1),</hi> als principael,<lb/> hij heeft ’t verleden jaer tot Amboyn[a] soo superbement met ons geprocedeert<lb/> ; is hier tegenwoordich door sijn superbe procedures in grooten haet van de<lb/> Pangoran <hi rend="font-size:10; font-family:Liberation Serif; vertical-align:super" xml:lang="nl">2),</hi> alsmede van de principale Chinnesen, waeronder wij ons vijr stoocken,<lb/> wij houden niettemin metten anderen een uytwendige vruntschap ende supporteren<lb/> alles, wat hij van ons tegens den Pangoran seyt. Hebben malcanderen tweemael<lb/> vergast, elck doet sijn schoonste.<lb/></p><note xml:id="INT_f0a3b09b-8561-3afc-9d68-5a616b87aa0a.TEI.1.text.1.body.1.div.1.note.2" xml:lang="nl" place="inline" type="editorial-summary" resp="editor" rend="font-style: italic; line-height: 11.1pt; text-indent: 24.0pt; text-align: justify; font-size: 10" xmlns="http://www.tei-c.org/ns/1.0">(Klein gedeelte uitgelaten) .<lb/></note><p xml:id="INT_f0a3b09b-8561-3afc-9d68-5a616b87aa0a.TEI.1.text.1.body.1.div.1.p.4" xml:lang="nl" rend="font-size: 10; text-align: justify; line-height: 11.4pt; text-indent: 24.0pt" xmlns="http://www.tei-c.org/ns/1.0">Wij hebben hier sekere tijdinge, dat die stercke fortelesse van de Portugesen<lb/> gebout in Pegu van don Flippe de Britto <hi rend="font-size:10; font-family:Liberation Serif; vertical-align:super" xml:lang="nl">3),</hi> met louter ge welt van volck<lb/> overrompelt is, den gouverneur gespit ende sijn hooft op een staeck geseth,<lb/> veel Portugijsen doodtgeslagen, de reste landtwaert ingevoert ende tot slaven<lb/> gemaect.<lb/></p><p xml:id="INT_f0a3b09b-8561-3afc-9d68-5a616b87aa0a.TEI.1.text.1.body.1.div.1.p.5" xml:lang="nl" rend="font-size: 10; text-align: justify; line-height: 11.4pt; text-indent: 24.0pt" xmlns="http://www.tei-c.org/ns/1.0">Hier is mede tijdinge, dat den Coninck van Auwa <hi rend="font-size:10; font-family:Liberation Serif; vertical-align:super" xml:lang="nl">4)</hi> tegens die van Tsaull <hi rend="font-size:10; font-family:Liberation Serif; vertical-align:super" xml:lang="nl">5)</hi><lb/>in oorloch sijn ende verovert souden hebben. Den machtigen Coninck van Atchyn <hi rend="font-size:10; font-family:Liberation Serif; vertical-align:super" xml:lang="nl">6)</hi><lb/>met alle sijn geconfedereerde coningen rusten sich sterck ten oorloch om Mallacca<lb/> met ge welt te fortseren, niettegenstaende die van Mallacca haer ambassadeurs in<lb/> Atchyn gesonden hebben om den Coninck van sijn voorneemen te diverteren, die<lb/> den Coninck gerenvoyeert heeft ende haer versoeck af f geslagen.<lb/></p><p xml:id="INT_f0a3b09b-8561-3afc-9d68-5a616b87aa0a.TEI.1.text.1.body.1.div.1.p.6" xml:lang="nl" rend="font-size: 10; text-align: justify; line-height: 11.4pt; text-indent: 24.0pt" xmlns="http://www.tei-c.org/ns/1.0">Het schijnt, dat de Portugijsen overalle groote schade lijden ende noch<lb/> sullen connen lijden. Hieronder is te verwachten groot voordeel voor U E. in dese<lb/> quartieren.<lb/></p><note xml:id="INT_f0a3b09b-8561-3afc-9d68-5a616b87aa0a.TEI.1.text.1.body.1.div.1.note.3" xml:lang="nl" rend="font-size: 7.5; text-align: justify; line-height: 9.3pt; text-indent: 23.0pt" xmlns="http://www.tei-c.org/ns/1.0">1) John Jourdain, koopman in dienst der Engelse O. I. C. vertrok in 1608 naar het<lb/> Oosten en kwam op zijn reis vol avonturen in 1613 met de Darling in Amboina en Makassar.<lb/> Hij werd in nov. 1615 hoofd van de factorij te Bantam; eind 1616 repatrieerde hij en kwam<lb/> eind 1618 als president van de Council of India naar Bantam terug; 27 juli 1619 sneuvelde hij<lb/> bij Patani in een gevecht tegen de Nederlanders. Zijn door de Hakluytsociety uitgegeven<lb/><hi rend="font-size:7.5; font-family:Liberation Serif; font-style:italic; font-weight:bold" xml:lang="nl">Journal</hi> geeft een beschrijving van het optreden der Nederlanders in het oosten door iemand,<lb/> die hun zeer vijandig was.<lb/></note><note xml:id="INT_f0a3b09b-8561-3afc-9d68-5a616b87aa0a.TEI.1.text.1.body.1.div.1.note.4" xml:lang="nl" rend="font-size: 7.5; line-height: 9.3pt; text-indent: 22.0pt" xmlns="http://www.tei-c.org/ns/1.0">2) Pangeran Aria Rana Manggala was de almachtige rijksbestuurder van den minderjarigen<lb/> vorst van Bantam.<lb/></note><note xml:id="INT_f0a3b09b-8561-3afc-9d68-5a616b87aa0a.TEI.1.text.1.body.1.div.1.note.5" xml:lang="nl" rend="font-size: 7.5; line-height: 9.3pt; text-indent: 21.0pt" xmlns="http://www.tei-c.org/ns/1.0">3) Felipe de Brito was sinds 1599 gouverneur voor den Koning van Arakan te Siriang in<lb/> de Irawadidelta, waar hij zich vrijwel onafhankelijk maakte.<lb/></note><note xml:id="INT_f0a3b09b-8561-3afc-9d68-5a616b87aa0a.TEI.1.text.1.body.1.div.1.note.6" xml:lang="nl" rend="font-size: 7.5; line-height: 9.3pt; text-indent: 21.0pt" xmlns="http://www.tei-c.org/ns/1.0">De vorst van Ava nam die plaats na een belegering in. De Brito stierf aan het kruis.<lb/> Vgl. <hi rend="font-size:7.5; font-family:Liberation Serif; font-style:italic; font-weight:bold" xml:lang="nl">Cambr. India</hi> IV, p. 494-495.<lb/></note><note xml:id="INT_f0a3b09b-8561-3afc-9d68-5a616b87aa0a.TEI.1.text.1.body.1.div.1.note.7" xml:lang="nl" rend="font-size: 7.5; line-height: 9.3pt; text-indent: 21.0pt" xmlns="http://www.tei-c.org/ns/1.0">4) Ava, een van de belangrijkste van de staatjes, waarin Birma destijds was verdeeld.<lb/> De plaats A. ligt aan de Irawadi op 22° N. B.<lb/></note><note xml:id="INT_f0a3b09b-8561-3afc-9d68-5a616b87aa0a.TEI.1.text.1.body.1.div.1.note.8" xml:lang="nl" rend="font-size: 7.5; line-height: 9.3pt; text-indent: 21.0pt" xmlns="http://www.tei-c.org/ns/1.0">5) Chaul is een stad dicht bij Bombay. Ze kan niet bedoeld zijn. Ava was in strijd<lb/> met Siam.<lb/></note><note xml:id="INT_f0a3b09b-8561-3afc-9d68-5a616b87aa0a.TEI.1.text.1.body.1.div.1.note.9" xml:lang="nl" rend="font-size: 7.5; line-height: 9.3pt; text-indent: 21.0pt" xmlns="http://www.tei-c.org/ns/1.0">6) Onder sultan Iskandar Muda (1607-1636), na zijn dood Malcuta Alam geheten, kwam<lb/> Atjeh tot zijn grootste bloei en macht.<lb/></note><pb xml:id="INT_f0a3b09b-8561-3afc-9d68-5a616b87aa0a.TEI.1.text.1.body.1.div.1.pb.2" n="38" facs="http://resources.huygens.knaw.nl/retroapp/service_generalemissiven/gm_01/images/gm_1_104_0038.tif"/><fw xml:id="INT_f0a3b09b-8561-3afc-9d68-5a616b87aa0a.TEI.1.text.1.body.1.div.1.fw.3" place="top" type="page-number" facs="#zone.927940" xmlns="http://www.tei-c.org/ns/1.0">38</fw><fw xml:id="INT_f0a3b09b-8561-3afc-9d68-5a616b87aa0a.TEI.1.text.1.body.1.div.1.fw.4" place="top" type="head" facs="#zone.927944" xmlns="http://www.tei-c.org/ns/1.0">Both XXI, 10 november 1614</fw><note xml:id="INT_f0a3b09b-8561-3afc-9d68-5a616b87aa0a.TEI.1.text.1.body.1.div.1.note.10" xml:lang="nl" place="inline" type="editorial-summary" resp="editor" rend="font-style: italic; line-height: 12.0pt; text-indent: 22.0pt; text-align: justify; font-size: 9" xmlns="http://www.tei-c.org/ns/1.0">(Uitgelaten enkele regels over de vrees, dat Portugezen en Spanjaarden zich<lb/> gezamenlijk tegen de Molukken zullen wenden).<lb/></note><p xml:id="INT_f0a3b09b-8561-3afc-9d68-5a616b87aa0a.TEI.1.text.1.body.1.div.1.p.7" xml:lang="nl" rend="font-size: 10; text-align: justify; line-height: 11.7pt; text-indent: 22.0pt" xmlns="http://www.tei-c.org/ns/1.0">De Portugijsen beclagen sich overal over de Castillianen, die van de gemaecte<lb/> treves in ’t vaderlandt niet en houden ende dat op ons arrivement alhier in Mallacca<lb/> ende Goa den treves openbaerlijck gepubliceert is geweest.<lb/></p>
            
      </div>
                  </body>
                </text>
              </TEI>