<TEI xml:id="INT_85d873f4-8e9e-31b2-af43-a85316f054a0" xmlns="http://www.tei-c.org/ns/1.0">
                <teiHeader>
      <fileDesc>
        <titleStmt>
          <title>Kasteel Nassau op Banda, 18 juli 1611</title>
        </titleStmt>
        <publicationStmt>
          <p>
            <date>18 juli 1611</date>
            <idno type="sourceID">missiven:vol1</idno>
            <idno type="pid">INT_85d873f4-8e9e-31b2-af43-a85316f054a0</idno>
          </p>
        </publicationStmt>
        <notesStmt>
          <note/>
        </notesStmt>
        <sourceDesc>
          <listBibl xml:id="inlMetadata">
            <bibl type="missive">
        <interpGrp type="page"><interp>4</interp></interpGrp>
        
      <interpGrp type="titleLevel1"><interp>Kasteel Nassau op Banda, 18 juli 1611</interp></interpGrp>
      <interpGrp type="dateLevel1"><interp>18 juli 1611</interp></interpGrp>
        <interpGrp type="tocLevel"><interp>1</interp></interpGrp>
      <interpGrp type="volume"><interp>1</interp></interpGrp>
        <interpGrp type="n"><interp>IV</interp></interpGrp>
      <interpGrp type="localization_placeLevel1"><interp>Kasteel Nassau op Banda</interp></interpGrp>
      <interpGrp type="witnessYearLevel1_from"><interp>1611</interp></interpGrp>
      <interpGrp type="witnessYearLevel1_to"><interp>1611</interp></interpGrp>
      <interpGrp type="witnessMonthLevel1_to"><interp>7</interp></interpGrp>
      <interpGrp type="witnessMonthLevel1_from"><interp>7</interp></interpGrp>
      <interpGrp type="witnessDayLevel1_to"><interp>18</interp></interpGrp>
      <interpGrp type="witnessDayLevel1_from"><interp>18</interp></interpGrp>
      <interpGrp type="authorLevel1"><interp></interp></interpGrp>
      <interpGrp type="pid"><interp>INT_85d873f4-8e9e-31b2-af43-a85316f054a0</interp></interpGrp>
    </bibl>
          </listBibl>
        </sourceDesc>
      </fileDesc>
    </teiHeader>
                <text xml:id="INT_85d873f4-8e9e-31b2-af43-a85316f054a0.TEI.1.text.1">
                  <body xml:id="INT_85d873f4-8e9e-31b2-af43-a85316f054a0.TEI.1.text.1.body.1">
                    <div xml:id="INT_85d873f4-8e9e-31b2-af43-a85316f054a0.TEI.1.text.1.body.1.div.1">
        
              <pb xml:id="INT_85d873f4-8e9e-31b2-af43-a85316f054a0.TEI.1.text.1.body.1.div.1.pb.1" n="4" facs="http://resources.huygens.knaw.nl/retroapp/service_generalemissiven/gm_01/images/gm_1_104_0004.tif"/><fw xml:id="INT_85d873f4-8e9e-31b2-af43-a85316f054a0.TEI.1.text.1.body.1.div.1.fw.1" place="top" type="page-number" facs="#zone.987270" xmlns="http://www.tei-c.org/ns/1.0">4</fw><fw xml:id="INT_85d873f4-8e9e-31b2-af43-a85316f054a0.TEI.1.text.1.body.1.div.1.fw.2" place="top" type="head" facs="#zone.987274" xmlns="http://www.tei-c.org/ns/1.0">Both IV, 18 juli 1611</fw><head xml:id="INT_85d873f4-8e9e-31b2-af43-a85316f054a0.TEI.1.text.1.body.1.div.1.head.1" xml:lang="nl" rend="font-size: 10; line-height: 11.1pt" xmlns="http://www.tei-c.org/ns/1.0">IV. PIETER BOTH, KASTEEL NASSAU OP BANDA 18 juli 1611.<lb/></head><p xml:id="INT_85d873f4-8e9e-31b2-af43-a85316f054a0.TEI.1.text.1.body.1.div.1.p.1" xml:lang="nl" rend="font-size: 7.5; line-height: 8.3pt" xmlns="http://www.tei-c.org/ns/1.0">961, 3 folio’s.<lb/></p><p xml:id="INT_85d873f4-8e9e-31b2-af43-a85316f054a0.TEI.1.text.1.body.1.div.1.p.2" xml:lang="nl" rend="font-size: 10; text-align: justify; line-height: 11.7pt; text-indent: 23.0pt" xmlns="http://www.tei-c.org/ns/1.0">. . . Principaelijck besich geweest in ’t opbouwen van dit nieuwe fort1),<lb/> ’t welck ic verhope binnen een maent gedaen sal weesen, is geheel meest van<lb/> viercante witte steen in calck geleyt, waervan vele soo groot sijn als thien man<lb/> connen draegen, alle met de boots gehaelt van Labatacque <hi rend="font-size:10; font-family:Liberation Serif; vertical-align:super" xml:lang="nl">2</hi> ) en de andere plaetsen<lb/> op dit eylant Nera. Wij hebben nu aen brant gesteeken den vierden oven, tsamen<lb/> wel ontrent hondert lasten kalck, waertoe ons seer dienstich sijn geweest 27 a 28<lb/> Amboynoysen, die van Lontor <hi rend="font-size:10; font-family:Liberation Serif; vertical-align:super" xml:lang="nl">3)</hi> t’seyl waeren gegaen om te keeren naer Ambo^ma,<lb/> die ons met haere wetenschap ende groote vlijtt geassisteert hebben in ’t maeken<lb/> van de ovens ende dat daer aen depende[ert], ic hebbe haer lieden gerestitueert<lb/> ’t geene haer benomen was ende noch een recompense geven sal van haer groote<lb/> moeyte.<lb/></p><p xml:id="INT_85d873f4-8e9e-31b2-af43-a85316f054a0.TEI.1.text.1.body.1.div.1.p.3" xml:lang="nl" rend="font-size: 10; text-align: justify; line-height: 11.7pt; text-indent: 23.0pt" xmlns="http://www.tei-c.org/ns/1.0">Het steen haelen ende mette boots hier te doen brengen ende wederom<lb/> wtte boots aen strant, van den strant aen den voet van den berch ende voorts op<lb/> den berch ende heeft ons geen cleyn moeyte gecauseert, dan verhope, dit gedaen<lb/> sijnde, een eeuwich werck wesen sal ende met weynich garnisoen bewaert can<lb/> worden ende sal oock sooveel niet kosten, alsoo dat ic niet en twijffele, U E hier<lb/> van goet contentement sult hebben, want dit groot casteel geen casteel en is sonder<lb/> dit cleyn ende gemaeckt dat nimmermeer gedaen werck en is, maer alle daech te<lb/> beginnen tot groote kosten van U E, gelijck Mijn Heeren sullen connen sien wt de<lb/> reek.e, hiernevens gaende. Ic hebbe dit al te werck gebracht door het volck, mij<lb/> gegeven met assistentie van ’t schip Hollandia ende Middelburg sonder die van<lb/> ’t casteel te molesteren dan alleen tot beschermers van de steenhaelders ende<lb/> d’arbeyders van ’t casteelken, dat ten respecte sij in ’t beginsel niet en wilden<lb/> arbeyden sonder geit, waervan ic de autheures t’sijner tijt niet ongestraft en sal<lb/> laeten.<lb/></p><note xml:id="INT_85d873f4-8e9e-31b2-af43-a85316f054a0.TEI.1.text.1.body.1.div.1.note.1" xml:lang="nl" place="inline" type="editorial-summary" resp="editor" rend="font-size: 10; text-align: justify; line-height: 11.1pt; text-indent: 23.0pt" xmlns="http://www.tei-c.org/ns/1.0"><hi rend="font-size:10; font-family:Liberation Serif; font-style:italic" xml:lang="nl">( Broeien van kruidnagelen in een niet genoemd schip</hi> <hi rend="font-size:10; font-family:Liberation Serif; vertical-align:super" xml:lang="nl">4J</hi> .<lb/></note><p xml:id="INT_85d873f4-8e9e-31b2-af43-a85316f054a0.TEI.1.text.1.body.1.div.1.p.4" resp="int_paragraph_joining" rend="">
              Cornelis Lenertsen <hi rend="font-size:10; font-family:Liberation Serif; vertical-align:super" xml:lang="nl" xmlns="http://www.tei-c.org/ns/1.0">5 6)</hi> heeft langen tijt coopman ende schipper beyde geweest,<lb xmlns="http://www.tei-c.org/ns/1.0"/> achte sulckx eensdeels een oorsaeke te weesen van de groene ende genatte naegelen<lb xmlns="http://www.tei-c.org/ns/1.0"/> tot groote schaede ende naedeel van U E. Ic hebbe hem affgevoirdeert de reeck.e<lb xmlns="http://www.tei-c.org/ns/1.0"/> van alles, die ic hiernevens mede aen U E sende, mede weynich ofte geen commandement<lb xmlns="http://www.tei-c.org/ns/1.0"/> over sijn volck gehadt, dewelcke leggende voor Menade ®) in de Moluques<lb xmlns="http://www.tei-c.org/ns/1.0"/> tegen hem ende de Justitie gerebelleert hebben met sulcke confusie ende disordre,<lb xmlns="http://www.tei-c.org/ns/1.0"/> dat schip ende goet in peryckel was, jae de kajuyt ingenomen, daer den provoost<lb xmlns="http://www.tei-c.org/ns/1.0"/> in verborgen was onder des schippers koy, die sij sochten te vermoorden, roepende<lb xmlns="http://www.tei-c.org/ns/1.0"/> altemael slaet hem doodt ende onder wt de koy bij sijn been getrocken hebbende<lb xmlns="http://www.tei-c.org/ns/1.0"/><note xml:id="INT_85d873f4-8e9e-31b2-af43-a85316f054a0.TEI.1.text.1.body.1.div.1.p.4.note.1" xml:lang="nl" rend="font-size: 7.5; line-height: 9.6pt; text-indent: 22.0pt" xmlns="http://www.tei-c.org/ns/1.0">1) Hiermee is bedoeld het kasteel Belgica, op de heuvel, die het kasteel Nassau bestreek.<lb/> Vgl. <hi rend="font-size:7.5; font-family:Liberation Serif; font-style:italic" xml:lang="nl">Oudheden,</hi> p. 24.<lb/></note><note xml:id="INT_85d873f4-8e9e-31b2-af43-a85316f054a0.TEI.1.text.1.body.1.div.1.p.4.note.2" xml:lang="nl" rend="font-size: 7.5; text-align: justify; line-height: 9.6pt; margin-left: 2100" xmlns="http://www.tei-c.org/ns/1.0">2) Labetaka, dorp aan de noordkust van Banda-Neira.<lb/></note><note xml:id="INT_85d873f4-8e9e-31b2-af43-a85316f054a0.TEI.1.text.1.body.1.div.1.p.4.note.3" xml:lang="nl" rend="font-size: 7.5; text-align: justify; line-height: 9.6pt; margin-left: 2100" xmlns="http://www.tei-c.org/ns/1.0">3) Lonto(i)r, het grootste der Banda-eilanden.<lb/></note><note xml:id="INT_85d873f4-8e9e-31b2-af43-a85316f054a0.TEI.1.text.1.body.1.div.1.p.4.note.4" xml:lang="nl" rend="font-size: 7.5; line-height: 9.6pt; text-indent: 21.0pt" xmlns="http://www.tei-c.org/ns/1.0">4) Dat evenwel de Middelburg was, waarop de in de volgende noot genoemde persoon<lb/> schipper en koopman was.<lb/></note><note xml:id="INT_85d873f4-8e9e-31b2-af43-a85316f054a0.TEI.1.text.1.body.1.div.1.p.4.note.5" xml:lang="nl" rend="font-size: 7.5; text-align: justify; line-height: 9.6pt; text-indent: 21.0pt" xmlns="http://www.tei-c.org/ns/1.0">5) Cornelis Leendertsz. Crackeell was schipper en koopman op de Middelburg, behorende<lb/> tot de vloot van Verhoeff. Daar alle oudere hoofden van die vloot waren gestorven, was hij<lb/> tijdelijk president daarvan, toen ze voor Ternate lag.<lb/></note><note xml:id="INT_85d873f4-8e9e-31b2-af43-a85316f054a0.TEI.1.text.1.body.1.div.1.p.4.note.6" xml:lang="nl" rend="font-size: 7.5; text-align: justify; line-height: 9.6pt; margin-left: 2100" xmlns="http://www.tei-c.org/ns/1.0">6) Menado, destijds als onderhorigheid van Ternate tot de Molukken gerekend.<lb/></note><pb xml:id="INT_85d873f4-8e9e-31b2-af43-a85316f054a0.TEI.1.text.1.body.1.div.1.p.4.pb.1" n="5" facs="http://resources.huygens.knaw.nl/retroapp/service_generalemissiven/gm_01/images/gm_1_104_0005.tif"/><fw xml:id="INT_85d873f4-8e9e-31b2-af43-a85316f054a0.TEI.1.text.1.body.1.div.1.p.4.fw.1" place="top" type="head" facs="#zone.1284024" xmlns="http://www.tei-c.org/ns/1.0">Both IV, 18 juli 1611</fw><fw xml:id="INT_85d873f4-8e9e-31b2-af43-a85316f054a0.TEI.1.text.1.body.1.div.1.p.4.fw.2" place="top" type="page-number" facs="#zone.1284032" xmlns="http://www.tei-c.org/ns/1.0">5</fw>ende 3 quetsueren in sijn been gegeven, trappende hem op ’t lij ff met voeten ende<lb xmlns="http://www.tei-c.org/ns/1.0"/> alsoo voor doodt lieten leggen ende naemaels sonderlinghs door de genaede Godts<lb xmlns="http://www.tei-c.org/ns/1.0"/> gesalveert werde, daerenboven wert den schipper in sijn gesichte geslaegen, den<lb xmlns="http://www.tei-c.org/ns/1.0"/> stuerman met een sabel naer ’t lijff gehouwen, den hoochbootsman geslaegen ende<lb xmlns="http://www.tei-c.org/ns/1.0"/> gequest, de vleugels <hi rend="font-size:10; font-family:Liberation Serif; vertical-align:super" xml:lang="nl" xmlns="http://www.tei-c.org/ns/1.0">x)</hi> van boven gehaelt ende voor de cajuyt neder geworpen<lb xmlns="http://www.tei-c.org/ns/1.0"/> ende voor Macquian twee muytmaekers malkandren quetsten, waervan d’een<lb xmlns="http://www.tei-c.org/ns/1.0"/> gesturven is ende den anderen aldaer gebleven ende gecomen sijnde voor Amboyna,<lb xmlns="http://www.tei-c.org/ns/1.0"/> het casteel sochten in te nemen, het canon daerop gestelt, mette lontstocken lanckx<lb xmlns="http://www.tei-c.org/ns/1.0"/> het schip loopende als rasende menschen, desgelijckx oock gedaen het canon van<lb xmlns="http://www.tei-c.org/ns/1.0"/> ’t casteel naer ’t schip, daernaer comende alhier in Banda, haer beroemden van<lb xmlns="http://www.tei-c.org/ns/1.0"/> ’t geene sij gedaen hebben ende alsoo de soldaeten secuideerden1 <hi rend="font-size:10; font-family:Liberation Serif; vertical-align:super" xml:lang="nl" xmlns="http://www.tei-c.org/ns/1.0">2).</hi><lb xmlns="http://www.tei-c.org/ns/1.0"/>
            </p><p xml:id="INT_85d873f4-8e9e-31b2-af43-a85316f054a0.TEI.1.text.1.body.1.div.1.p.5" xml:lang="nl" rend="font-size: 10; text-align: justify; line-height: 11.7pt; text-indent: 23.0pt" xmlns="http://www.tei-c.org/ns/1.0">Hier wt connen Mijn Heeren considereren de goede ordre, die voor desen<lb/> is geweest; voor Amboyna worde wel justitie geadministreert in partije, aldaer<lb/> gepasseert was, dat door intercessie van den schipper maer niet naer behooren,<lb/> want sij alleen sommige daervan de kiel lieten passeeren, maer alhier den schipper<lb/> voorgehouden mij relaes te doen van alle ’t geene op sijn schip gepasseert was om in<lb/> alles te voorsien, opdat sulcken costelijcken schip naemaels daerdoor geen peryckel<lb/> en soude lijden, soo ist, dat den schipper bij mij gecomen is ende mij aengedi[ent]<lb/> van ’t gunt voorsz. ende, informatie genomen hebbende, de principaele doen in<lb/> ’t casteel brengen, dewelcke naer examinatie ende den autheur een weynich tijts<lb/> getortureert, haer faute bekent hebben ende den autheur mette coorde gestraft,<lb/> datter de doodt naer volchde, twee andere mette coorde om den hals onder de<lb/> galge, een ander met een bloote sabel om sijn hals, een ander met het mesken,<lb/> daer hij den provoost mede gequest hadde, mede om sijn hals ende eenige gekielt,<lb/> waerbij oock stondt den opperbarbier als mede andere als spectateurs van de<lb/> justitie, daerenboven noch eenen, genaempt Wouter Symonsz. <hi rend="font-size:10; font-family:Liberation Serif; vertical-align:super" xml:lang="nl">3)</hi> van Amsterdam,<lb/> uttgevaeren voor adelborst onder de Comp.a van den gouverneur Nicolaes Prins <hi rend="font-size:10; font-family:Liberation Serif; vertical-align:super" xml:lang="nl">4),</hi><lb/>door verscheyden dieveryen gepleechtt, dese voyage duerende, van kisten op te<lb/> breeken, geit genomen als andersins, ten selven tijde op een schavot geset ende<lb/> doen geesselen ende met het merck van U E op sijn rugge geteekent, volgens<lb/> d’informatien, confessien ende sententien daer van sijnde, die ic U E nevens desen<lb/> sende.<lb/></p><p xml:id="INT_85d873f4-8e9e-31b2-af43-a85316f054a0.TEI.1.text.1.body.1.div.1.p.6" xml:lang="nl" rend="font-size: 10; text-align: justify; line-height: 11.7pt; text-indent: 23.0pt" xmlns="http://www.tei-c.org/ns/1.0">Daernaer is den schipper Cornelis Lenaertsen, den stuerman ende hoochbootsman<lb/> met alle d’officieren ende matroysen van ditto schip voor ons gecomen<lb/> ende gepresenteert een requeste, versoekende seer ootmoedelijck de matroosen te<lb/> willen perdonneeren, alsoo sij mede besmet waeren van de muyterye ende, aengemerckt<lb/> d’hauteurs waeren gestraft, hebben de gemeene matroosen wt gratie<lb/> haer faute geperdoneert om alle onlust ende disperatie voor te comen ende dat sij<lb/> hier noch hiernaemaels daervan niet gemolesteert souden worden, haerluyden daervooren<lb/> tot een penitentie gevende te vullen een punckt van ’t nieuw casteel met<lb/> aerde, twelck sij gedaen hebben.<lb/></p><note xml:id="INT_85d873f4-8e9e-31b2-af43-a85316f054a0.TEI.1.text.1.body.1.div.1.note.2" xml:lang="nl" rend="font-size: 7.5; text-align: justify; line-height: 9.3pt; margin-left: 2200" xmlns="http://www.tei-c.org/ns/1.0">1 ) Vleugels, windwij zers of kleine gesplitste vlaggen op een mast. <hi rend="font-size:7.5; font-family:Liberation Serif; font-style:italic" xml:lang="nl">( Zeemanswoordenboek ) .</hi><lb/></note><note xml:id="INT_85d873f4-8e9e-31b2-af43-a85316f054a0.TEI.1.text.1.body.1.div.1.note.3" xml:lang="nl" rend="font-size: 7.5; text-align: justify; line-height: 9.3pt; margin-left: 2100" xmlns="http://www.tei-c.org/ns/1.0">2) Secuideerden, waarschijnlijk : seduceerden, in verleiding brachten.<lb/></note><note xml:id="INT_85d873f4-8e9e-31b2-af43-a85316f054a0.TEI.1.text.1.body.1.div.1.note.4" xml:lang="nl" rend="font-size: 7.5; text-align: justify; line-height: 9.3pt; margin-left: 2100" xmlns="http://www.tei-c.org/ns/1.0">3) Wouter Symonsz., mij verder niet bekend.<lb/></note><note xml:id="INT_85d873f4-8e9e-31b2-af43-a85316f054a0.TEI.1.text.1.body.1.div.1.note.5" xml:lang="nl" rend="font-size: 7.5; line-height: 9.3pt; text-indent: 21.0pt" xmlns="http://www.tei-c.org/ns/1.0">4) Nicolaes Prins kwam als kapitein in maart 1611 op Banda en werd 25 mei tot<lb/> gouverneur van deze eilanden benoemd. Hij stierf er 26 februari 1612.<lb/></note><pb xml:id="INT_85d873f4-8e9e-31b2-af43-a85316f054a0.TEI.1.text.1.body.1.div.1.pb.2" n="6" facs="http://resources.huygens.knaw.nl/retroapp/service_generalemissiven/gm_01/images/gm_1_104_0006.tif"/><fw xml:id="INT_85d873f4-8e9e-31b2-af43-a85316f054a0.TEI.1.text.1.body.1.div.1.fw.3" place="top" type="page-number" facs="#zone.1591465" xmlns="http://www.tei-c.org/ns/1.0">6</fw><fw xml:id="INT_85d873f4-8e9e-31b2-af43-a85316f054a0.TEI.1.text.1.body.1.div.1.fw.4" place="top" type="head" facs="#zone.1591469" xmlns="http://www.tei-c.org/ns/1.0">BothIV, 18 juli 1610</fw><note xml:id="INT_85d873f4-8e9e-31b2-af43-a85316f054a0.TEI.1.text.1.body.1.div.1.note.6" xml:lang="nl" place="inline" type="editorial-summary" resp="editor" rend="font-style: italic; line-height: 12.0pt; text-indent: 24.0pt; text-align: justify; font-size: 10" xmlns="http://www.tei-c.org/ns/1.0">( Houding der Bandanezen, vgl. <hi rend="font-size:10; font-family:Liberation Serif" xml:lang="nl">Europeërs</hi> VIII, p. 258-259; klacht over particuliere<lb/> handel).<lb/></note><p xml:id="INT_85d873f4-8e9e-31b2-af43-a85316f054a0.TEI.1.text.1.body.1.div.1.p.7" xml:lang="nl" rend="font-size: 10; text-align: justify; line-height: 11.7pt; text-indent: 24.0pt" xmlns="http://www.tei-c.org/ns/1.0">Op den 12 deser is een jonge slave van een orancay1) bij nacht comen<lb/> swemmen aen onse sloep, cloeck van verstant ende prompt in ’t antwoorden,<lb/> hebben daeromme den 14en deser goet gevonden 14 soldaeten onder ’t commandement<lb/> van een sergeant met een prau 3 uuren voor daege aen lant te setten aen<lb/> d’ander sijde om te maeken een bosschaede <hi rend="font-size:10; font-family:Liberation Serif; vertical-align:super" xml:lang="nl">2),</hi> waertoe medegenomen werde den<lb/> overloper tot een guide, niettemin hem gebonden houdende die daertoe seer willich<lb/> was, haer belastende sich niet te openbaeren, dan voor een persoon van qualiteyt<lb/> gevangen ofte doot te crijgen. Soo is gebeurt, dat daer quamp alleen met een<lb/> jongen een groot arancay van Nera, broeder van den sabandaer <hi rend="font-size:10; font-family:Liberation Serif; vertical-align:super" xml:lang="nl">3),</hi> dewelcke sij<lb/> tref f ten ende ’t hooft ons hier in ’t casteel gebracht, den voorsz. orancaye was door<lb/> den jongen ende andere seer wel bekent, 14 daegen te voorens in ’t parlementeren<lb/> met den onsen gesproken, die hem mede geroemt hadde, 2 van onse Hollanders<lb/> in den moort van den admirael Verhoeven <hi rend="font-size:10; font-family:Liberation Serif; vertical-align:super" xml:lang="nl">4)</hi> saliger omgebracht te hebben.<lb/></p><note xml:id="INT_85d873f4-8e9e-31b2-af43-a85316f054a0.TEI.1.text.1.body.1.div.1.note.7" xml:lang="nl" place="inline" type="editorial-summary" resp="editor" rend="font-style: italic; line-height: 11.7pt; text-indent: 24.0pt; text-align: justify; font-size: 10" xmlns="http://www.tei-c.org/ns/1.0">(Diverse mededelingen, meest klachten over het personeel. B. gébruikt de term<lb/> „generaele brief f” in tegenstelling tot „carteb ellen” aan repatriërenden als attestatie<lb/> over hun gedrag meegegeven ) .<lb/></note><p xml:id="INT_85d873f4-8e9e-31b2-af43-a85316f054a0.TEI.1.text.1.body.1.div.1.p.8" xml:lang="nl" rend="font-size: 10; text-align: justify; line-height: 11.7pt; text-indent: 24.0pt" xmlns="http://www.tei-c.org/ns/1.0">Ic hebbe voor mij genomen, soo haest dit casteel gemaeckt is te keeren naer<lb/> Ambojna ende van daer naer Ternnate ende soo den Coninck van Spagnien tusschen<lb/> de Heeren Staeten den treves geobserveert werde, metten Coninck van ditto<lb/> plaetse te contracteeren om met sijn hulpe dese plaetse te ocuperen ende hem daer<lb/> mede Coninck van te maeken onder protexie van E Mogende Heeren Staeten, doch<lb/> hiervan sal den tijt leeren ende namaels U E adviseeren <hi rend="font-size:10; font-family:Liberation Serif; vertical-align:super" xml:lang="nl">5).</hi><lb/></p><p xml:id="INT_85d873f4-8e9e-31b2-af43-a85316f054a0.TEI.1.text.1.body.1.div.1.p.9" xml:lang="nl" rend="font-size: 10; text-align: justify; line-height: 11.7pt; text-indent: 24.0pt" xmlns="http://www.tei-c.org/ns/1.0">Dit volck van Banda is superbe, moordadich, wel versien van waepenen, van<lb/> de onsen voor desen ende van de Engelsche gecomen, dan weynich couraege omme<lb/> metten onsen te slaen, maer de bergen sijn haer fortressen, die voor ons innaccessible<lb/> sijn, sij leven mede van de vruchten van de boomen ende wortelen van de aerde,<lb/> daer wijluyden bij vergaen souden, hier regneert onder d’onse een plaege, genaempt<lb/> berebery <hi rend="font-size:10; font-family:Liberation Serif; vertical-align:super" xml:lang="nl">6),</hi> waervan sij worden geheel impotent van handen ende beenen, mede<lb/> een plage van sere benen, alsoo dat ick er van 20 geen een hebbe sonder plaesters<lb/> aen de beenen.<lb/></p><note xml:id="INT_85d873f4-8e9e-31b2-af43-a85316f054a0.TEI.1.text.1.body.1.div.1.note.8" xml:lang="nl" place="inline" type="editorial-summary" resp="editor" rend="font-style: italic; line-height: 11.1pt; text-indent: 24.0pt; text-align: justify; font-size: 10" xmlns="http://www.tei-c.org/ns/1.0">( Mededelingen over verschillende personen ) .<lb/></note><note xml:id="INT_85d873f4-8e9e-31b2-af43-a85316f054a0.TEI.1.text.1.body.1.div.1.note.9" xml:lang="nl" rend="font-size: 7.5; text-align: justify; line-height: 9.6pt; margin-left: 2300" xmlns="http://www.tei-c.org/ns/1.0">1) Orangkaja, hier aanduiding voor een Bandanees hoofd of aanzienlijke.<lb/></note><note xml:id="INT_85d873f4-8e9e-31b2-af43-a85316f054a0.TEI.1.text.1.body.1.div.1.note.10" xml:lang="nl" rend="font-size: 7.5; text-align: justify; line-height: 9.6pt; margin-left: 2200" xmlns="http://www.tei-c.org/ns/1.0">2) Bosschaede, bedoeld* ambuscade, hinderlaag.<lb/></note><note xml:id="INT_85d873f4-8e9e-31b2-af43-a85316f054a0.TEI.1.text.1.body.1.div.1.note.11" xml:lang="nl" rend="font-size: 7.5; line-height: 9.6pt; text-indent: 22.0pt" xmlns="http://www.tei-c.org/ns/1.0">3) Sjahbandar, uit het Perzisch overgenomen woord, in Zuidoost-Azië gebruikt voor<lb/> havenmeester, tot wiens plichten ook het maken van contact met vreemde kooplieden behoorde.<lb/></note><note xml:id="INT_85d873f4-8e9e-31b2-af43-a85316f054a0.TEI.1.text.1.body.1.div.1.note.12" xml:lang="nl" rend="font-size: 7.5; text-align: justify; line-height: 9.6pt; text-indent: 22.0pt" xmlns="http://www.tei-c.org/ns/1.0">4) Admiraal Pieter Willemsz. Verhoeff kwam 23 november 1608 met zijn vloot voor<lb/> Malaka, waar hij enige maanden bleef liggen, vervolgens voer hij via Bantam naar Banda, waar<lb/> hij 8 april 1609 aankwam. Hij werd met zijn raadsleden gedurende onderhandelingen op 22 mei<lb/> door Bandanezen op Neira vermoord. Vgl. <hi rend="font-size:7.5; font-family:Liberation Serif; font-style:italic" xml:lang="nl">Zeemogendheid,</hi> I, p. 73 vlg., <hi rend="font-size:7.5; font-family:Liberation Serif; font-style:italic" xml:lang="nl">Banda,</hi> p. 35-44,<lb/><hi rend="font-size:7.5; font-family:Liberation Serif; font-style:italic" xml:lang="nl">Geschiedenis</hi> , III, p. 63-65, 67-71.<lb/></note><note xml:id="INT_85d873f4-8e9e-31b2-af43-a85316f054a0.TEI.1.text.1.body.1.div.1.note.13" xml:lang="nl" rend="font-size: 7.5; text-align: justify; line-height: 9.6pt; text-indent: 22.0pt" xmlns="http://www.tei-c.org/ns/1.0">5) Van Caerden maakte zich in juni 1608 met behulp van de Ternatanen van het<lb/> Spaanse kasteel op Makéan meester, welk eiland op de hier voor Banda voorgeslagen wijze aan<lb/> den Koning van Ternate werd gegeven. Met Banda heeft iets dergelijks niet plaats gevonden.<lb/></note><note xml:id="INT_85d873f4-8e9e-31b2-af43-a85316f054a0.TEI.1.text.1.body.1.div.1.note.14" xml:lang="nl" rend="font-size: 7.5; line-height: 9.6pt; text-indent: 22.0pt" xmlns="http://www.tei-c.org/ns/1.0">6) Berri-berri, de ziekte met verlammingsverschijnselen in de benen, die door de onderzoekingen<lb/> vanEijkman aanleiding werd tot de kennismaking met de vitaminen en de avitaminosen.<lb/></note>
            
      </div>
                  </body>
                </text>
              </TEI>