<TEI xml:id="INT_d51a854b-5ba3-3bc3-9964-83e3e6ce696c" xmlns="http://www.tei-c.org/ns/1.0">
                <teiHeader>
      <fileDesc>
        <titleStmt>
          <title>Brouwer, Wesel, in straat Sunda, 25 dec. 1633</title>
        </titleStmt>
        <publicationStmt>
          <p>
            <date>25 dec. 1633</date>
            <idno type="sourceID">missiven:vol1</idno>
            <idno type="pid">INT_d51a854b-5ba3-3bc3-9964-83e3e6ce696c</idno>
          </p>
        </publicationStmt>
        <notesStmt>
          <note/>
        </notesStmt>
        <sourceDesc>
          <listBibl xml:id="inlMetadata">
            <bibl type="missive">
        <interpGrp type="page"><interp>433</interp></interpGrp>
        
      <interpGrp type="titleLevel1"><interp>Brouwer, Wesel, in straat Sunda, 25 dec. 1633</interp></interpGrp>
      <interpGrp type="dateLevel1"><interp>25 dec. 1633</interp></interpGrp>
        <interpGrp type="tocLevel"><interp>1</interp></interpGrp>
      <interpGrp type="volume"><interp>1</interp></interpGrp>
        <interpGrp type="n"><interp>VI</interp></interpGrp>
      
      <interpGrp type="witnessYearLevel1_from"><interp>1633</interp></interpGrp>
      <interpGrp type="witnessYearLevel1_to"><interp>1633</interp></interpGrp>
      <interpGrp type="witnessMonthLevel1_to"><interp>12</interp></interpGrp>
      <interpGrp type="witnessMonthLevel1_from"><interp>12</interp></interpGrp>
      <interpGrp type="witnessDayLevel1_to"><interp>25</interp></interpGrp>
      <interpGrp type="witnessDayLevel1_from"><interp>25</interp></interpGrp>
      <interpGrp type="authorLevel1"><interp>Brouwer</interp><interp>Wesel</interp><interp>in straat Sunda</interp></interpGrp>
      <interpGrp type="pid"><interp>INT_d51a854b-5ba3-3bc3-9964-83e3e6ce696c</interp></interpGrp>
    </bibl>
          </listBibl>
        </sourceDesc>
      </fileDesc>
    </teiHeader>
                <text xml:id="INT_d51a854b-5ba3-3bc3-9964-83e3e6ce696c.TEI.1.text.1">
                  <body xml:id="INT_d51a854b-5ba3-3bc3-9964-83e3e6ce696c.TEI.1.text.1.body.1">
                    <div xml:id="INT_d51a854b-5ba3-3bc3-9964-83e3e6ce696c.TEI.1.text.1.body.1.div.1">
        
              <pb xml:id="INT_d51a854b-5ba3-3bc3-9964-83e3e6ce696c.TEI.1.text.1.body.1.div.1.pb.1" n="433" facs="http://resources.huygens.knaw.nl/retroapp/service_generalemissiven/gm_01/images/gm_1_104_0433.tif"/><fw xml:id="INT_d51a854b-5ba3-3bc3-9964-83e3e6ce696c.TEI.1.text.1.body.1.div.1.fw.1" place="top" type="head" facs="#zone.1085295" xmlns="http://www.tei-c.org/ns/1.0">Brouwer VI, 25 dec. 1633</fw><fw xml:id="INT_d51a854b-5ba3-3bc3-9964-83e3e6ce696c.TEI.1.text.1.body.1.div.1.fw.2" place="top" type="page-number" facs="#zone.1085304" xmlns="http://www.tei-c.org/ns/1.0">433</fw><head xml:id="INT_d51a854b-5ba3-3bc3-9964-83e3e6ce696c.TEI.1.text.1.body.1.div.1.head.1" xml:lang="nl" rend="font-size: 10; text-align: justify; line-height: 11.7pt" xmlns="http://www.tei-c.org/ns/1.0">VI. HENRICK BROUWER, AAN BOORD VAN DE WESEL IN STRAAT<lb/> SUNDA 25 december 1633 *).<lb/></head><p xml:id="INT_d51a854b-5ba3-3bc3-9964-83e3e6ce696c.TEI.1.text.1.body.1.div.1.p.1" xml:lang="nl" rend="font-size: 7.5; text-align: justify; line-height: 11.7pt" xmlns="http://www.tei-c.org/ns/1.0">1019, f. 120-129.<lb/></p><note xml:id="INT_d51a854b-5ba3-3bc3-9964-83e3e6ce696c.TEI.1.text.1.body.1.div.1.note.1" xml:lang="nl" place="inline" type="editorial-summary" resp="editor" rend="font-style: italic; line-height: 12.0pt; text-indent: 22.0pt; text-align: justify; font-size: 10" xmlns="http://www.tei-c.org/ns/1.0">(Schip uit Siam gekomen; berichten over Siam , grotendeels geheel gelijk aan<lb/><hi rend="font-size:10; font-family:Liberation Serif" xml:lang="nl">Daghregisters,</hi> 6 december 1633, p. 211-216).<lb/></note><p xml:id="INT_d51a854b-5ba3-3bc3-9964-83e3e6ce696c.TEI.1.text.1.body.1.div.1.p.2" xml:lang="nl" rend="font-size: 10; text-align: justify; line-height: 11.7pt; text-indent: 22.0pt" xmlns="http://www.tei-c.org/ns/1.0">Met groot regret ende sonderling verdriet seynde aen U E. nevens desen sesdubbelt<lb/> copie van eene seer impertinente missive, door de Heere Specx aen mij<lb/> geschreven van de Caab de Bona Esperanca, bij hem aldaer aen lant gelaten ende<lb/> door het jacht Bleyswijck hier gebracht <hi rend="font-size:10; font-family:Liberation Serif; vertical-align:super" xml:lang="nl">1 2).</hi> Aen den bitteren inhout derselver<lb/> referere mij, alsoo de repetitie van soo vuyle termen, als denselven gebruyct, te<lb/> groote alteratie causeren. Echter tot manifest blijck van de eenvoudige ende oprechte<lb/> verclaeringe, daerop mijn schrijven is gefundeert geweest, soo gaet hiernevens<lb/> mede sesdubbelt eene claere ende sincere depositie van Heyndrick Nachtegael,<lb/> Michiel van denTrille3) ende Cornelis van der Lijn4), alsmede copie van drie<lb/> distincte oncostreeckeningen, daerbij denselven Specx bethoont een cleen gedeelte<lb/> sijner prodigaelheyt etc.<lb/></p><note xml:id="INT_d51a854b-5ba3-3bc3-9964-83e3e6ce696c.TEI.1.text.1.body.1.div.1.note.2" xml:lang="nl" place="inline" type="editorial-summary" resp="editor" rend="font-style: italic; line-height: 12.0pt; text-indent: 22.0pt; text-align: justify; font-size: 10" xmlns="http://www.tei-c.org/ns/1.0">(Brouwer wil zijn gage in Compagniesaandelen beleggen; ter overmaking ontvangen<lb/> gelden).<lb/></note><p xml:id="INT_d51a854b-5ba3-3bc3-9964-83e3e6ce696c.TEI.1.text.1.body.1.div.1.p.3" xml:lang="nl" rend="font-size: 10; text-align: justify; line-height: 11.7pt; text-indent: 22.0pt" xmlns="http://www.tei-c.org/ns/1.0">Om door ernstige, spoedige ende rigoreuse oorloge Bantam te eer tot redenen<lb/> te brengen ende haer een gedeelte van onse vaerdicheyt, couragie ende vermogen<lb/> te bethoonen, soo hebben wij tusschen den vijfden ende achtsten desers met de<lb/> vier jachten de Maen, de Sterre, Mocha ende Negepatam, vier sloupen, vier tingans<lb/> met ons gegagieert volck ende acht vaertuygen onser Indiaense ende Neerlandse<lb/> burgerij e, daer met gevaeren sijn neffens het ordinarij zeevaerende volck<lb/> twee hondert ende vijftich soldaeten, het vleck Tenhare <hi rend="font-size:10; font-family:Liberation Serif; vertical-align:super" xml:lang="nl">5)</hi> laeten ruineren ende<lb/> verbranden; sestien schoone tingans sijn ons van daer tot buyt ende vier Javaense<lb/> hoofden toegebracht.<lb/></p><note xml:id="INT_d51a854b-5ba3-3bc3-9964-83e3e6ce696c.TEI.1.text.1.body.1.div.1.note.3" xml:lang="nl" place="inline" type="editorial-summary" resp="editor" rend="font-style: italic; line-height: 11.7pt; text-indent: 22.0pt; text-align: justify; font-size: 10" xmlns="http://www.tei-c.org/ns/1.0">(Latere onderneming naar Bantam, vgl. <hi rend="font-size:10; font-family:Liberation Serif" xml:lang="nl">Daghregisters,</hi> 13 dec. 1633 p. 210 en<lb/><hi rend="font-size:10; font-family:Liberation Serif" xml:lang="nl">Zeemogendheid</hi> II, p. 84 „Nu besloot <hi rend="font-size:10; font-family:Liberation Serif" xml:lang="nl">”</hi> enz.) .<lb/></note><p xml:id="INT_d51a854b-5ba3-3bc3-9964-83e3e6ce696c.TEI.1.text.1.body.1.div.1.p.4" xml:lang="nl" rend="font-size: 10; text-align: justify; line-height: 11.7pt; text-indent: 22.0pt" xmlns="http://www.tei-c.org/ns/1.0">Het Engelse jacht de Duyff ende de Deense Caritas laegen voor Bantam, die<lb/> hun stille hielden ende bij ons oock niet dan als vrunden sijn gehouden, maer gelooven<lb/> wij wel, dat se de Bantammers met bosschieters ende industrie genouch gedient<lb/> hebben, dat te vermoeden is, sij doch niet connen ofte derven weygeren.<lb/></p><note xml:id="INT_d51a854b-5ba3-3bc3-9964-83e3e6ce696c.TEI.1.text.1.body.1.div.1.note.4" xml:lang="nl" rend="font-size: 7.5; text-align: justify; line-height: 9.6pt; text-indent: 22.0pt" xmlns="http://www.tei-c.org/ns/1.0">1) Deze brief is als apostille achter nr. V gevoegd; hij werd door Brouwer alleen ondertekend,<lb/> toen hij om de thuisvloot uitgeleide te doen zich aan boord van de Wesel had begeven.<lb/> Vgl. <hi rend="font-size:7.5; font-family:Liberation Serif; font-style:italic" xml:lang="nl">Daghregisters,</hi> 16 december 1633, p. 216 en 1 jan. 1634, p. 220.<lb/></note><note xml:id="INT_d51a854b-5ba3-3bc3-9964-83e3e6ce696c.TEI.1.text.1.body.1.div.1.note.5" xml:lang="nl" rend="font-size: 7.5; text-align: justify; line-height: 9.6pt; text-indent: 21.0pt" xmlns="http://www.tei-c.org/ns/1.0">2) De Bleyswyck was reeds 19 juni 1633 te Batavia aangekomen. Dat Brouwer in <hi rend="font-size:7.5; font-family:Liberation Serif; font-style:italic" xml:lang="nl">deze</hi><lb/>brief over Specx’ bitterheid gaat schrijven, doet mij vermoeden, dat hij hier aangelegenheden<lb/> behandelt, die hij buiten de Raad van Indië wilde houden.<lb/></note><note xml:id="INT_d51a854b-5ba3-3bc3-9964-83e3e6ce696c.TEI.1.text.1.body.1.div.1.note.6" xml:lang="nl" rend="font-size: 7.5; text-align: justify; line-height: 9.6pt; text-indent: 21.0pt" xmlns="http://www.tei-c.org/ns/1.0">3) Michiel van der Trille kwam sept. 1632 als opperkoopman uit patria, lid van de<lb/> Raad van Justitie, eind 1632 en in 1634 als visitateur in Perzië, in aug. 1633 grootkassier. Hij<lb/> stierf 18 aug. 1634 ter rede van Sebesi.<lb/></note><note xml:id="INT_d51a854b-5ba3-3bc3-9964-83e3e6ce696c.TEI.1.text.1.body.1.div.1.note.7" xml:lang="nl" rend="font-size: 7.5; line-height: 9.6pt; text-indent: 21.0pt" xmlns="http://www.tei-c.org/ns/1.0">4) Cornelis van der Lijn, de latere Gouverneur-Generaal, destijds (sinds nov. 1632)<lb/> boekhouder-generaal. Vgl. <hi rend="font-size:7.5; font-family:Liberation Serif; font-style:italic" xml:lang="nl">Gouverneurs-Generaal,</hi> p. 50.<lb/></note><note xml:id="INT_d51a854b-5ba3-3bc3-9964-83e3e6ce696c.TEI.1.text.1.body.1.div.1.note.8" xml:lang="nl" rend="font-size: 7.5; line-height: 9.6pt; text-indent: 21.0pt" xmlns="http://www.tei-c.org/ns/1.0">5) Tanara, plaats in Bantam nabij de noordkust van Java, aan de Tjidurian op 106° 25&quot;<lb/> O. L.<lb/></note><fw xml:id="INT_d51a854b-5ba3-3bc3-9964-83e3e6ce696c.TEI.1.text.1.body.1.div.1.fw.3" type="bottom-page-number">28</fw><pb xml:id="INT_d51a854b-5ba3-3bc3-9964-83e3e6ce696c.TEI.1.text.1.body.1.div.1.pb.2" n="434" facs="http://resources.huygens.knaw.nl/retroapp/service_generalemissiven/gm_01/images/gm_1_104_0434.tif"/><fw xml:id="INT_d51a854b-5ba3-3bc3-9964-83e3e6ce696c.TEI.1.text.1.body.1.div.1.fw.4" place="top" type="page-number" facs="#zone.1088074" xmlns="http://www.tei-c.org/ns/1.0">434</fw><fw xml:id="INT_d51a854b-5ba3-3bc3-9964-83e3e6ce696c.TEI.1.text.1.body.1.div.1.fw.5" place="top" type="head" facs="#zone.1088078" xmlns="http://www.tei-c.org/ns/1.0">Brouwer VI, 25 dec. 1633</fw><p xml:id="INT_d51a854b-5ba3-3bc3-9964-83e3e6ce696c.TEI.1.text.1.body.1.div.1.p.5" xml:lang="nl" rend="font-size: 10; text-align: justify; line-height: 11.7pt; text-indent: 21.0pt" xmlns="http://www.tei-c.org/ns/1.0">Den Engelschen coopman is op Wesel bij mij geweest, brengende een briefken<lb/> van onsen Pr Francen <hi rend="font-size:10; font-family:Liberation Serif; vertical-align:super" xml:lang="nl">1),</hi> die daer gevangen wert gehouden, daerop apparent<lb/> sijn <hi rend="font-size:10; font-family:Liberation Serif; vertical-align:super" xml:lang="nl">2)</hi> bootschap heeft gemaect, maer dencken wij, dattet is geweest om yets van<lb/> onse meeninge te vernemen, waerin hem onwetende hebben gelaeten ende echter<lb/> als vrund eerlij ck onthaelt, doordien niet conden verstaen de saecke te vereysschen<lb/> hem spraecke te weygeren. Wij gaeven hem te kennen, dat ons vlotjacht<lb/> Batavia lieten claer maecken om met twee mortieren, schietende granaten<lb/> van 100 Bantam te besoucken, alsoo dat beter soude wercken als het groff<lb/> canon, daerin wij bespeurden, hij verbaest3) wiert. Hij verhaelde ons, dat de<lb/> Bantammers seyden, dat se wel meer met ons in oorloge waeren geweest, maer<lb/> dattet noyt soo aengegaen was.<lb/></p><p xml:id="INT_d51a854b-5ba3-3bc3-9964-83e3e6ce696c.TEI.1.text.1.body.1.div.1.p.6" xml:lang="nl" rend="font-size: 10; text-align: justify; line-height: 11.7pt; text-indent: 21.0pt" xmlns="http://www.tei-c.org/ns/1.0">Oock hoopten sij, dattet schieten eerstdaechs soude ophouden, alsoo door een<lb/> overlooper hadden verstaen, dat den Generael voor Bantam comen soude. Somma,<lb/> het schijnt, dat se gereet beginnen te wesen om aenspraecke te admitteren.<lb/></p><p xml:id="INT_d51a854b-5ba3-3bc3-9964-83e3e6ce696c.TEI.1.text.1.body.1.div.1.p.7" xml:lang="nl" rend="font-size: 10; text-align: justify; line-height: 11.7pt; text-indent: 21.0pt" xmlns="http://www.tei-c.org/ns/1.0">Onsen Pieter Francen hadden se in seer incivyle gevanckenisse gehouden ende<lb/> geduyrende het schieten hem aen een ketting buyten de muyren op strant gestelt,<lb/> doch hebben hem daernaer beter commoditeyt laeten genieten <hi rend="font-size:10; font-family:Liberation Serif; vertical-align:super" xml:lang="nl">4).</hi><lb/></p><p xml:id="INT_d51a854b-5ba3-3bc3-9964-83e3e6ce696c.TEI.1.text.1.body.1.div.1.p.8" xml:lang="nl" rend="font-size: 10; text-align: justify; line-height: 11.7pt; text-indent: 21.0pt" xmlns="http://www.tei-c.org/ns/1.0">Wij verhaelden noch aen den Engelschman, dat den Mattaram ons aenbied<lb/> groote assistentie om Bantam te ruineren ende sijn de geruchten op Batavia gecomen,<lb/> dat hij ons hondert goraps <hi rend="font-size:10; font-family:Liberation Serif; vertical-align:super" xml:lang="nl">5)</hi> daertoe sal laeten aenbieden, hetwelcke wel<lb/> dienen mach om Bantam meerder vreese aen te brengen, maer dienstiger sal ’t ons<lb/> wesen, dat wij den Mattaram niet te groot noch Bantam niet te cleen en maecken.<lb/> In ’t sluyten desers sien wij grooten brant aen ’t lant van Lampon opgaen, daer wij<lb/> onse jachten naer toe hebben sien seylen.<lb/></p><p xml:id="INT_d51a854b-5ba3-3bc3-9964-83e3e6ce696c.TEI.1.text.1.body.1.div.1.p.9" xml:lang="nl" rend="font-style: italic; line-height: 10.5pt; text-indent: 21.0pt; text-align: justify; font-size: 9.5" xmlns="http://www.tei-c.org/ns/1.0">(Slottirades) <hi rend="font-size:9.5; font-family:Liberation Serif; letter-spacing:0.5pt" xml:lang="nl">.</hi><lb/></p><note xml:id="INT_d51a854b-5ba3-3bc3-9964-83e3e6ce696c.TEI.1.text.1.body.1.div.1.note.9" xml:lang="nl" rend="font-size: 8; text-align: justify; line-height: 9.6pt; text-indent: 22.0pt" xmlns="http://www.tei-c.org/ns/1.0">1 ) Pieter Fransz. werd in juni 1629 in assistentsrang als tolk te Bantam geplaatst om na<lb/> te gaan wat daar gebeurde. In 1630 maakte hij een reis naar het hof van Mataram; zijn journaal<lb/> is gepubliceerd in <hi rend="font-size:8; font-family:Liberation Serif; font-style:italic" xml:lang="nl">Reis naar Mataram.</hi> Sinds 3 okt. 1630 was hij weer, in koopmansrang, te<lb/> Bantam, waar hij eind 1633 gevangen werd genomen. Latere berichten ontbreken.<lb/></note><note xml:id="INT_d51a854b-5ba3-3bc3-9964-83e3e6ce696c.TEI.1.text.1.body.1.div.1.note.10" xml:lang="nl" rend="font-size: 8; line-height: 9.6pt; text-indent: 21.0pt" xmlns="http://www.tei-c.org/ns/1.0">2) Versta: de Engelsman heeft het overbrengen van dat briefje gebruikt om zijn ware<lb/> doel te bemantelen.<lb/></note><note xml:id="INT_d51a854b-5ba3-3bc3-9964-83e3e6ce696c.TEI.1.text.1.body.1.div.1.note.11" xml:lang="nl" rend="font-size: 8; text-align: justify; line-height: 9.6pt; margin-left: 2100" xmlns="http://www.tei-c.org/ns/1.0">3) Verbaest = ontsteld.<lb/></note><note xml:id="INT_d51a854b-5ba3-3bc3-9964-83e3e6ce696c.TEI.1.text.1.body.1.div.1.note.12" xml:lang="nl" rend="font-size: 8; text-align: justify; line-height: 9.6pt; margin-left: 2100" xmlns="http://www.tei-c.org/ns/1.0">4) Vgl. <hi rend="font-size:8; font-family:Liberation Serif; font-style:italic" xml:lang="nl">Daghregisters&gt;</hi> 5 jan. 1634, p. 223.<lb/></note><note xml:id="INT_d51a854b-5ba3-3bc3-9964-83e3e6ce696c.TEI.1.text.1.body.1.div.1.note.13" xml:lang="nl" rend="font-size: 8; text-align: justify; line-height: 9.6pt; margin-left: 2100" xmlns="http://www.tei-c.org/ns/1.0">5) Gorap, groot inheems roeivaartuig.<lb/></note>
            
      </div>
                  </body>
                </text>
              </TEI>