<TEI xml:id="INT_9313bd80-4c06-3c26-bce5-cb6797dd3ab4" xmlns="http://www.tei-c.org/ns/1.0">
                <teiHeader>
      <fileDesc>
        <titleStmt>
          <title>De Carpentier en Raden, 24 febr. 1623</title>
        </titleStmt>
        <publicationStmt>
          <p>
            <date>24 febr. 1623</date>
            <idno type="sourceID">missiven:vol1</idno>
            <idno type="pid">INT_9313bd80-4c06-3c26-bce5-cb6797dd3ab4</idno>
          </p>
        </publicationStmt>
        <notesStmt>
          <note/>
        </notesStmt>
        <sourceDesc>
          <listBibl xml:id="inlMetadata">
            <bibl type="missive">
        <interpGrp type="page"><interp>126</interp></interpGrp>
        
      <interpGrp type="titleLevel1"><interp>De Carpentier en Raden, 24 febr. 1623</interp></interpGrp>
      <interpGrp type="dateLevel1"><interp>24 febr. 1623</interp></interpGrp>
        <interpGrp type="tocLevel"><interp>1</interp></interpGrp>
      <interpGrp type="volume"><interp>1</interp></interpGrp>
        <interpGrp type="n"><interp>II</interp></interpGrp>
      
      <interpGrp type="witnessYearLevel1_from"><interp>1623</interp></interpGrp>
      <interpGrp type="witnessYearLevel1_to"><interp>1623</interp></interpGrp>
      <interpGrp type="witnessMonthLevel1_to"><interp>2</interp></interpGrp>
      <interpGrp type="witnessMonthLevel1_from"><interp>2</interp></interpGrp>
      <interpGrp type="witnessDayLevel1_to"><interp>24</interp></interpGrp>
      <interpGrp type="witnessDayLevel1_from"><interp>24</interp></interpGrp>
      <interpGrp type="authorLevel1"><interp>De Carpentier</interp><interp>Raden</interp></interpGrp>
      <interpGrp type="pid"><interp>INT_9313bd80-4c06-3c26-bce5-cb6797dd3ab4</interp></interpGrp>
    </bibl>
          </listBibl>
        </sourceDesc>
      </fileDesc>
    </teiHeader>
                <text xml:id="INT_9313bd80-4c06-3c26-bce5-cb6797dd3ab4.TEI.1.text.1">
                  <body xml:id="INT_9313bd80-4c06-3c26-bce5-cb6797dd3ab4.TEI.1.text.1.body.1">
                    <div xml:id="INT_9313bd80-4c06-3c26-bce5-cb6797dd3ab4.TEI.1.text.1.body.1.div.1">
        
              <pb xml:id="INT_9313bd80-4c06-3c26-bce5-cb6797dd3ab4.TEI.1.text.1.body.1.div.1.pb.1" n="126" facs="http://resources.huygens.knaw.nl/retroapp/service_generalemissiven/gm_01/images/gm_1_104_0126.tif"/><fw xml:id="INT_9313bd80-4c06-3c26-bce5-cb6797dd3ab4.TEI.1.text.1.body.1.div.1.fw.1" place="top" type="page-number" facs="#zone.187618" xmlns="http://www.tei-c.org/ns/1.0">126</fw><fw xml:id="INT_9313bd80-4c06-3c26-bce5-cb6797dd3ab4.TEI.1.text.1.body.1.div.1.fw.2" place="top" type="head" facs="#zone.187622" xmlns="http://www.tei-c.org/ns/1.0">De Carpentier en Raden II, 24 febr. 1623</fw><head xml:id="INT_9313bd80-4c06-3c26-bce5-cb6797dd3ab4.TEI.1.text.1.body.1.div.1.head.1" xml:lang="nl" rend="font-size: 10; line-height: 12.6pt" xmlns="http://www.tei-c.org/ns/1.0">II. PIETER DE CARPENTIER EN RADEN, BATAVIA 24 februari 1623.<lb/></head><p xml:id="INT_9313bd80-4c06-3c26-bce5-cb6797dd3ab4.TEI.1.text.1.body.1.div.1.p.1" xml:lang="nl" rend="font-size: 7.5; line-height: 12.6pt" xmlns="http://www.tei-c.org/ns/1.0">Ongetekende copie, 991 fol. 59-60.<lb/></p><note xml:id="INT_9313bd80-4c06-3c26-bce5-cb6797dd3ab4.TEI.1.text.1.body.1.div.1.note.1" xml:lang="nl" place="inline" type="editorial-summary" resp="editor" rend="font-style: italic; line-height: 11.7pt; text-indent: 22.0pt; text-align: justify; font-size: 10" xmlns="http://www.tei-c.org/ns/1.0">(Aankomst van schepen , inhoud van brieven van Suratte ontvangen; zie <hi rend="font-size:10; font-family:Liberation Serif" xml:lang="nl">Coen</hi><lb/>VII, p. 1035, 1040, 1049).<lb/></note><p xml:id="INT_9313bd80-4c06-3c26-bce5-cb6797dd3ab4.TEI.1.text.1.body.1.div.1.p.2" xml:lang="nl" rend="font-size: 10; text-align: justify; line-height: 11.7pt; text-indent: 22.0pt" xmlns="http://www.tei-c.org/ns/1.0">Op 2en december passato is de vloote van defentie van Suratte geseylt ende<lb/> op 12en daeraen voor Goa ten ancker gecomen, alwaer de caracque St Thomas<lb/> in de lading lach.<lb/></p><p xml:id="INT_9313bd80-4c06-3c26-bce5-cb6797dd3ab4.TEI.1.text.1.body.1.div.1.p.3" xml:lang="nl" rend="font-size: 10; text-align: justify; line-height: 11.7pt; text-indent: 22.0pt" xmlns="http://www.tei-c.org/ns/1.0">Den verdreven vice-rey, Conde de Videguere <hi rend="font-size:10; font-family:Liberation Serif; vertical-align:super" xml:lang="nl">x),</hi> was op 17 derselver met<lb/> 162 fusten van Cochin in Goa geariveert; d’onse hadden voorgenomen ende geresol<lb/> veert p[er] tout marti1 <hi rend="font-size:10; font-family:Liberation Serif; vertical-align:super" xml:lang="nl">2)</hi> voor Goa te houden ofte soo lange, dat seecker gingen,<lb/> de caracque van haer voyage naer Portugael versteecken zouden wesen ende<lb/> nadat voorz. tijt verstreecken sal zijn met de schepen na Batavia te comen.<lb/></p><p xml:id="INT_9313bd80-4c06-3c26-bce5-cb6797dd3ab4.TEI.1.text.1.body.1.div.1.p.4" xml:lang="nl" rend="font-size: 10; text-align: justify; line-height: 11.7pt; text-indent: 22.0pt" xmlns="http://www.tei-c.org/ns/1.0">De schepen van defentie, tegenwoordich voor Goa houdende, zijn in alles<lb/> zeven, namentlijck wegen de Nederlantse Comp.ie de Goede Fortuyn, ’t Wapen<lb/> van Zeelant, Zuyd- ende Noorthollant, wegen d’Engelsse Comp.ie de Royal Anna,<lb/> d’Exchange ende den Diamant.<lb/></p><p xml:id="INT_9313bd80-4c06-3c26-bce5-cb6797dd3ab4.TEI.1.text.1.body.1.div.1.p.5" xml:lang="nl" rend="font-size: 10; text-align: justify; line-height: 11.7pt; text-indent: 22.0pt" xmlns="http://www.tei-c.org/ns/1.0">d <hi rend="font-size:10; font-family:Liberation Serif; vertical-align:super" xml:lang="nl">5</hi> Heer Dedel <hi rend="font-size:10; font-family:Liberation Serif; vertical-align:super" xml:lang="nl">3)</hi> was van meyninge Heusden naer Mocha te senden ende<lb/> selffs in persoon, doch ten gingh noch niet seecker; met ’t Wapen van Zeelant in<lb/> Ormus te gaen verwinteren omme te sien ende t’onderstaen, wat aldaer in den<lb/> handel van Persien te verrichten zij . Weeseph souden met den eersten met ontrent<lb/> 200 packen deden ende eenige indigo recht door na Atchijn gesonden worden;<lb/> Godt geve, dat Atchijn beseylen en niet en misse, gelijck de Discouvre <hi rend="font-size:10; font-family:Liberation Serif; vertical-align:super" xml:lang="nl">4)</hi> gedaen<lb/> heeft, die men zegt, volladen met deden, derwarts gedestineert was.<lb/></p><note xml:id="INT_9313bd80-4c06-3c26-bce5-cb6797dd3ab4.TEI.1.text.1.body.1.div.1.note.2" xml:lang="nl" place="inline" type="editorial-summary" resp="editor" rend="font-style: italic; line-height: 12.0pt; text-indent: 22.0pt; text-align: justify; font-size: 10" xmlns="http://www.tei-c.org/ns/1.0">( Protest der Engelsen over de afdoening van de rechtszaak wegens het aanhalen<lb/> van een Chinese jonk).<lb/></note><p xml:id="INT_9313bd80-4c06-3c26-bce5-cb6797dd3ab4.TEI.1.text.1.body.1.div.1.p.6" resp="int_paragraph_joining" rend="">
              Voor desen hebben U Ed. geadvyseert, hoe wij den Dragon <hi rend="font-size:10; font-family:Liberation Serif; vertical-align:super" xml:lang="nl" xmlns="http://www.tei-c.org/ns/1.0">5)</hi> door onbequaemheyt<lb xmlns="http://www.tei-c.org/ns/1.0"/> ende van ouderdom genootsaect zijn geweest aen de wal te leggen;<lb xmlns="http://www.tei-c.org/ns/1.0"/> eer tot sloopen van dien gecomen zijn, hebben wij de gecommitteerde van d’Engelse<lb xmlns="http://www.tei-c.org/ns/1.0"/> Oomp.ie ten overvloede, niettegenstaende tselve tevooren genochsaem gedaen<lb xmlns="http://www.tei-c.org/ns/1.0"/> was, restitutie van den Dragon aengeboden, maer hebben hem gerefuseert t’aenvaerden.<lb xmlns="http://www.tei-c.org/ns/1.0"/> Voorts, alsoo wij tegenwoordich eenige schepen van defentie te reede<lb xmlns="http://www.tei-c.org/ns/1.0"/> hadden, deden haer van gelijcken versoecken, dat eenige derselver tot besettinge<lb xmlns="http://www.tei-c.org/ns/1.0"/><note xml:id="INT_9313bd80-4c06-3c26-bce5-cb6797dd3ab4.TEI.1.text.1.body.1.div.1.p.6.note.1" xml:lang="nl" rend="font-size: 7.5; text-align: justify; line-height: 9.6pt; text-indent: 21.0pt" xmlns="http://www.tei-c.org/ns/1.0">1) Dom Francisco de Gama, Conde de Vidigueira, was van 1597 tot 1600 zonder veel<lb/> geluk onderkoning van Portugees Indië. Hij werd begin 1621 herbenoemd; op zijn uitreis<lb/> verloor hij twee van zijn schepen in een strijd met de vloot van Dedel.<lb/></note><note xml:id="INT_9313bd80-4c06-3c26-bce5-cb6797dd3ab4.TEI.1.text.1.body.1.div.1.p.6.note.2" xml:lang="nl" rend="font-size: 7.5; text-align: justify; line-height: 9.6pt; text-indent: 21.0pt" xmlns="http://www.tei-c.org/ns/1.0">Verdreven wil hier zeggen door tegenwind afgedreven.<lb/></note><note xml:id="INT_9313bd80-4c06-3c26-bce5-cb6797dd3ab4.TEI.1.text.1.body.1.div.1.p.6.note.3" xml:lang="nl" rend="font-size: 7.5; text-align: justify; line-height: 9.6pt; margin-left: 2100" xmlns="http://www.tei-c.org/ns/1.0">2) D.w.z. eind maart.<lb/></note><note xml:id="INT_9313bd80-4c06-3c26-bce5-cb6797dd3ab4.TEI.1.text.1.body.1.div.1.p.6.note.4" xml:lang="nl" rend="font-size: 7.5; text-align: justify; line-height: 9.6pt; text-indent: 21.0pt" xmlns="http://www.tei-c.org/ns/1.0">3) Jacob Dedel, raad van Indië, kwam 161 8—’ 1 9 als vice-admiraal van Frederik de<lb/> Houtman’s vloot naar het oosten. Hij werd 17 okt. 1621 als admiraal van de NederlandsEngelse<lb/> vloot van defensie met 11 schepen naar de westkust van India gezonden ter bestrijding<lb/> van de Portugezen; 13 juli 1623 kwam hij, zonder veel succes gehad te hebben, te Batavia<lb/> terug; 15 mei 1624 werd hij directeur ter Kust van Coromandel, waar hij reeds 29 aug. 1624<lb/> stierf.<lb/></note><note xml:id="INT_9313bd80-4c06-3c26-bce5-cb6797dd3ab4.TEI.1.text.1.body.1.div.1.p.6.note.5" xml:lang="nl" rend="font-size: 7.5; text-align: justify; line-height: 9.6pt; margin-left: 2100" xmlns="http://www.tei-c.org/ns/1.0">4) Discover, een Engels schip.<lb/></note><note xml:id="INT_9313bd80-4c06-3c26-bce5-cb6797dd3ab4.TEI.1.text.1.body.1.div.1.p.6.note.6" xml:lang="nl" rend="font-size: 7.5; text-align: justify; line-height: 9.6pt; text-indent: 21.0pt" xmlns="http://www.tei-c.org/ns/1.0">5) Dragon. Dit Engelse schip was gedurende de strijd met de Engelsen 11 okt. 1619<lb/> voor de Westkust van Sumatra door Willem Jansz. genomen. Over de restitutie was men niet<lb/> tot overeenstemming gekomen. Vgl. <hi rend="font-size:7.5; font-family:Liberation Serif; font-style:italic" xml:lang="nl">Goen</hi> III, p. 635.<lb/></note><pb xml:id="INT_9313bd80-4c06-3c26-bce5-cb6797dd3ab4.TEI.1.text.1.body.1.div.1.p.6.pb.1" n="127" facs="http://resources.huygens.knaw.nl/retroapp/service_generalemissiven/gm_01/images/gm_1_104_0127.tif"/><fw xml:id="INT_9313bd80-4c06-3c26-bce5-cb6797dd3ab4.TEI.1.text.1.body.1.div.1.p.6.fw.1" place="top" type="head" facs="#zone.190815" xmlns="http://www.tei-c.org/ns/1.0">De Carpentier en Raden II, 24 febr. 1623</fw><fw xml:id="INT_9313bd80-4c06-3c26-bce5-cb6797dd3ab4.TEI.1.text.1.body.1.div.1.p.6.fw.2" place="top" type="page-number" facs="#zone.190826" xmlns="http://www.tei-c.org/ns/1.0">127</fw>van Bantam tournieren wilden, alsoo de Nederlantse Comp.le tselve nu zoo langen<lb xmlns="http://www.tei-c.org/ns/1.0"/> tijt alleen tot haeren groote oosten, beswaringe ende verlet in haer perticuliere<lb xmlns="http://www.tei-c.org/ns/1.0"/> affairen ten gemeenen beste waergenomen ende bewaert hadden. Conden hier<lb xmlns="http://www.tei-c.org/ns/1.0"/> mede niet toe verstaen ende zeyden wel rondelijck uyt, dat haer de besettinge van<lb xmlns="http://www.tei-c.org/ns/1.0"/> Bantam voor hunne meesters niet meer aen en trecken, aengesien den Pangoran in<lb xmlns="http://www.tei-c.org/ns/1.0"/> diverse aenspraeeken altoos verclaert hadde, noyt met d’Engelsen eenich verschil<lb xmlns="http://www.tei-c.org/ns/1.0"/> gehadt te hebben. Oversulcx was het voor haer, gelijck zij meenen, ongeraden den<lb xmlns="http://www.tei-c.org/ns/1.0"/> Pangoran met hostiliteyt soo te irriteeren, dat mede neffens de Nederlanders in<lb xmlns="http://www.tei-c.org/ns/1.0"/> ’t quaet blat geraecten. Sij hoopten noch, zoo zij zeyden, de middelaers te wesen<lb xmlns="http://www.tei-c.org/ns/1.0"/> om voor beyde de Comp.ien een goede quantite peper van Bantam te becomen,<lb xmlns="http://www.tei-c.org/ns/1.0"/> gelijck U E. alles breder in de nevensgaende acte van aenspraecke zullen gelieven<lb xmlns="http://www.tei-c.org/ns/1.0"/> te zien. Zoo hier mede tevrede mosten wesen ende tsijner tijt geen beter verset<lb xmlns="http://www.tei-c.org/ns/1.0"/> van U Ed. sware gesupporteerde lasten verwachtende waeren, ’t soude een sobre<lb xmlns="http://www.tei-c.org/ns/1.0"/> recompense vallen, die d’Engelzen ons toeleggen.<lb xmlns="http://www.tei-c.org/ns/1.0"/>
            </p><p xml:id="INT_9313bd80-4c06-3c26-bce5-cb6797dd3ab4.TEI.1.text.1.body.1.div.1.p.7" xml:lang="nl" rend="font-size: 10; text-align: justify; line-height: 11.7pt; text-indent: 22.0pt" xmlns="http://www.tei-c.org/ns/1.0">Bantham hout hem noch even geslooten als te vooren. Wij presumeeren, dat<lb/> d’Engelsen secrete intelligentie met die van Bantam houden ende den Pangoran<lb/> met groote hoope voeden, zulcx dat wel wesen mach, den Pangoran alleen op<lb/> d’Engelsen ende d’Engelsen op nieuw secoers wachten om hun collusie in ’t werck<lb/> te stellen.<lb/></p><note xml:id="INT_9313bd80-4c06-3c26-bce5-cb6797dd3ab4.TEI.1.text.1.body.1.div.1.note.3" xml:lang="nl" place="inline" type="editorial-summary" resp="editor" rend="font-style: italic; line-height: 11.7pt; text-indent: 22.0pt; text-align: justify; font-size: 10" xmlns="http://www.tei-c.org/ns/1.0">(Engels klaagschrift van 36 punten en antwoord daarop; af gedrukt <hi rend="font-size:10; font-family:Liberation Serif" xml:lang="nl">Coen</hi> VII,<lb/> p. 1052 vlg. en 1077 vlg.).<lb/></note><p xml:id="INT_9313bd80-4c06-3c26-bce5-cb6797dd3ab4.TEI.1.text.1.body.1.div.1.p.8" xml:lang="nl" rend="font-size: 10; text-align: justify; line-height: 11.7pt; text-indent: 22.0pt" xmlns="http://www.tei-c.org/ns/1.0">Om Batavia’s welstant, zooveel in haer vermogen is, weer te houden, hebben<lb/> zij <hi rend="font-size:10; font-family:Liberation Serif; vertical-align:super" xml:lang="nl">1)</hi> haere schepen den Bul en de Pepercorn, comende van Japan, recht door na<lb/> Japara (sonder Batavia aen te doen) doen loopen om aldaer te verdubbelen, te<lb/> versien ende te ververschen ende hebben nu onlangs groote pertye deden van<lb/> hier uut haer packhuys met een expres jacht derwarts gesonden om haer aldaer<lb/> van rijs, geit, hout ende andre nootlijcke provisie te versien. In somma, doen ons<lb/> sooveel hinder overal, als eenichsints vermogen, doch dit zijn al cleynicheden,<lb/> die den tijt selffs wel ten besten schicken sal, soo bij U Ed. ende d’Engelse Comp.ie<lb/> maer goede middele geraemt worden om groote swaricheyden voor te comen,<lb/> want den wil in ’t cleen genochsaem getuycht, wat in ’t groot doen souden, soo<lb/> het haer aen de macht niet en ontbrack.<lb/></p><note xml:id="INT_9313bd80-4c06-3c26-bce5-cb6797dd3ab4.TEI.1.text.1.body.1.div.1.note.4" xml:lang="nl" place="inline" type="editorial-summary" resp="editor" rend="font-size: 10; text-align: justify; line-height: 11.1pt; text-indent: 22.0pt" xmlns="http://www.tei-c.org/ns/1.0"><hi rend="font-size:10; font-family:Liberation Serif; font-style:italic" xml:lang="nl">( Over scheepsbewegingen)</hi> .<lb/></note><p xml:id="INT_9313bd80-4c06-3c26-bce5-cb6797dd3ab4.TEI.1.text.1.body.1.div.1.p.9" xml:lang="nl" rend="font-size: 10; text-align: justify; line-height: 11.7pt; text-indent: 22.0pt" xmlns="http://www.tei-c.org/ns/1.0">Per Leeuwinne is U Ed. geschreven <hi rend="font-size:10; font-family:Liberation Serif; vertical-align:super" xml:lang="nl">2),</hi> hoe d’onse van ’t schip den Swerten<lb/> Beer tegens onse expresse schriftelijcke recommandatie seer onbedachtelijck in<lb/> arest genomen hadden de France bercque 1’Hermitagie, naderhandt bij de Francen<lb/> hernaemt La Petite Expérance; item, hoe voor Jambij comende, door den oppercoopman<lb/> Van der Dussen van ’t arest wederom ontslagen was.<lb/></p><p xml:id="INT_9313bd80-4c06-3c26-bce5-cb6797dd3ab4.TEI.1.text.1.body.1.div.1.p.10" resp="int_paragraph_joining" rend="">
              Tsedert hebben verstaen, hoe de commis van de France Comp.ie van Malo,<lb xmlns="http://www.tei-c.org/ns/1.0"/> met namen André Jochet de Liminoye, nadat hij voorz. zijnne bercque ontrent<lb xmlns="http://www.tei-c.org/ns/1.0"/> 6 maenden na d’ontlastinge van ’t arest vredelijck ende liber beseten, daermede<lb xmlns="http://www.tei-c.org/ns/1.0"/><note xml:id="INT_9313bd80-4c06-3c26-bce5-cb6797dd3ab4.TEI.1.text.1.body.1.div.1.p.10.note.1" xml:lang="nl" rend="font-size: 7.5; text-align: justify; line-height: 9.9pt; margin-left: 2100" xmlns="http://www.tei-c.org/ns/1.0">1) De Engelsen.<lb/></note><note xml:id="INT_9313bd80-4c06-3c26-bce5-cb6797dd3ab4.TEI.1.text.1.body.1.div.1.p.10.note.2" xml:lang="nl" rend="font-size: 7.5; line-height: 9.9pt; text-indent: 21.0pt" xmlns="http://www.tei-c.org/ns/1.0">2) Brief van Coen en Raden van 6 sept. 1622, afgedrukt <hi rend="font-size:7.5; font-family:Liberation Serif; font-style:italic" xml:lang="nl">Coen</hi> I, p. 729 vlg. Vgl. <hi rend="font-size:7.5; font-family:Liberation Serif; font-style:italic" xml:lang="nl">Coen</hi><lb/><hi rend="font-size:8.5; font-family:Liberation Serif" xml:lang="nl">III, p. 238, 239.</hi><lb/></note><pb xml:id="INT_9313bd80-4c06-3c26-bce5-cb6797dd3ab4.TEI.1.text.1.body.1.div.1.p.10.pb.1" n="128" facs="http://resources.huygens.knaw.nl/retroapp/service_generalemissiven/gm_01/images/gm_1_104_0128.tif"/><fw xml:id="INT_9313bd80-4c06-3c26-bce5-cb6797dd3ab4.TEI.1.text.1.body.1.div.1.p.10.fw.1" place="top" type="page-number" facs="#zone.193218" xmlns="http://www.tei-c.org/ns/1.0">128</fw><fw xml:id="INT_9313bd80-4c06-3c26-bce5-cb6797dd3ab4.TEI.1.text.1.body.1.div.1.p.10.fw.2" place="top" type="head" facs="#zone.193222" xmlns="http://www.tei-c.org/ns/1.0">De Carpentier en Raden, II, 24 febr. 1623</fw>van d’eene plaets op d’ander verseylt ende d’ingeladen cargasoen na zijn believen<lb xmlns="http://www.tei-c.org/ns/1.0"/> gebeneficeert hadde, deselve gants leek, vergaen ende innavigabel zijnde, in de<lb xmlns="http://www.tei-c.org/ns/1.0"/> rivier e van Jambij aen de wal geleyt ende onder protest aen den opper coopman,<lb xmlns="http://www.tei-c.org/ns/1.0"/> Adriaen Jacobs van der Dussen aldaer verlaten heeft ende dat uyt cracht, soo<lb xmlns="http://www.tei-c.org/ns/1.0"/> van ’t voorgaende arest bij die van den Beer hem aengedaen, als eenige andre<lb xmlns="http://www.tei-c.org/ns/1.0"/> moeyten tusschen d° Fransman voor d’ontslaninge van arest in de riviere van<lb xmlns="http://www.tei-c.org/ns/1.0"/> Jambij ontstaen, waeruut hij actie genomen heeft d’onse te last te leggen de doot<lb xmlns="http://www.tei-c.org/ns/1.0"/> van eenige van zijn volck ende consequentelijck, dat hij daerom sijn jacht genootsaect<lb xmlns="http://www.tei-c.org/ns/1.0"/> was bij gebreck van volck t’abandonneren ; d° Lemonoye is hier op 13 deser<lb xmlns="http://www.tei-c.org/ns/1.0"/> van Japara met een Javaense prauw gecomen ende heeft ons alhier van gelijcken<lb xmlns="http://www.tei-c.org/ns/1.0"/> over ’t arest, hem ende zijn bercque aengedaen, een feninich protest tegen de<lb xmlns="http://www.tei-c.org/ns/1.0"/> Nederlantse Comp.ie overgelevert. Wij hebben hem daerop met een contra-protest<lb xmlns="http://www.tei-c.org/ns/1.0"/> tot ontlastinge van onse meesters geantwoort ende de persoonen, die ’t arest<lb xmlns="http://www.tei-c.org/ns/1.0"/> tegen onse ordre aen hem ende zijnne bercque begaen hebben, gepresenteert,<lb xmlns="http://www.tei-c.org/ns/1.0"/> om zijnne actie tegen deselve alhier voor ’t gerichte te institueren, onder belofte<lb xmlns="http://www.tei-c.org/ns/1.0"/> ende toesegginge, dat hem goet, cort recht gedaen zoude worden, welcke billicke<lb xmlns="http://www.tei-c.org/ns/1.0"/> presentatie hij niet heeft willen aennemen, seggende, dat het groote saecken waeren,<lb xmlns="http://www.tei-c.org/ns/1.0"/> die bij zijnne meesters in Europa begroot, geinstitueert ende aldaer vervolcht<lb xmlns="http://www.tei-c.org/ns/1.0"/> mosten worden. Met wat een voorbedachte malitie desen Jocet hierinne gehandelt<lb xmlns="http://www.tei-c.org/ns/1.0"/> heeft, zal U Ed. uyt de nevensgaende bescheyden volcomentlijck zien connen,<lb xmlns="http://www.tei-c.org/ns/1.0"/> waeraen ons gedragen <hi rend="font-size:10; font-family:Liberation Serif; vertical-align:super" xml:lang="nl" xmlns="http://www.tei-c.org/ns/1.0">x).</hi> D° Jocet heeft hem niet geschaemt in volle assemblé<lb xmlns="http://www.tei-c.org/ns/1.0"/> van de gecommitteerde van d’Engelse Comp.ie te roemen (gelijck zij ons selffs<lb xmlns="http://www.tei-c.org/ns/1.0"/> naderhandt verclaert hebben), dat eene van de vier schepen, daermede d’ heer<lb xmlns="http://www.tei-c.org/ns/1.0"/> Generael naer huys was vertrocken, voor hem ende zijnne meesters wesen zouden,<lb xmlns="http://www.tei-c.org/ns/1.0"/> in recompence van zijnne verrotte geabandonneerde barcque le Petit Espérance.<lb xmlns="http://www.tei-c.org/ns/1.0"/> Wij hoopen, dat dit de laeste moeyten met de Francen wesen sal ende sullen<lb xmlns="http://www.tei-c.org/ns/1.0"/> voortaen ons volck overal wel scherpelijck waerschouwen ende belasten, dat hun<lb xmlns="http://www.tei-c.org/ns/1.0"/> met dese natie in ’t minste niet en bemoeyen, want het schijnt, dat maer expres in<lb xmlns="http://www.tei-c.org/ns/1.0"/> Indien comen om door directe ende indirecte middelen actie op ons te becomen.<lb xmlns="http://www.tei-c.org/ns/1.0"/> Ten soude niet vreemt wesen, dat desen treek uyt Spaignens ofte der Jesuyten<lb xmlns="http://www.tei-c.org/ns/1.0"/> pijlkoker quam, dewijle Jocet, gelijck hij ons selffs verclaert heeft, wel 5 jaer bij<lb xmlns="http://www.tei-c.org/ns/1.0"/> de Jesuyten gestudeert, om door desen middel de nabuyrige princen tegen den<lb xmlns="http://www.tei-c.org/ns/1.0"/> staet der Vereenichde Nederlanden meer ende meer te verbitteren.<lb xmlns="http://www.tei-c.org/ns/1.0"/>
            </p><note xml:id="INT_9313bd80-4c06-3c26-bce5-cb6797dd3ab4.TEI.1.text.1.body.1.div.1.note.5" xml:lang="nl" place="inline" type="editorial-summary" resp="editor" rend="font-style: italic; line-height: 10.5pt; text-indent: 21.0pt; text-align: justify; font-size: 9.5" xmlns="http://www.tei-c.org/ns/1.0">(Vertrek van een schip naar patria <hi rend="font-size:9.5; font-family:Liberation Serif; letter-spacing:1.0pt" xml:lang="nl">) .</hi><lb/></note><p xml:id="INT_9313bd80-4c06-3c26-bce5-cb6797dd3ab4.TEI.1.text.1.body.1.div.1.p.11" resp="int_paragraph_joining" rend="">
              Hiernevens gaet andermael ballance uyt de generale boecken van Indien,<lb xmlns="http://www.tei-c.org/ns/1.0"/> lopende tot 15 february 1623, met een naerder verclaringe waerinne d’effecten<lb xmlns="http://www.tei-c.org/ns/1.0"/> van alle des Comp.8 comptoiren ende negotieplaetsen in Indien ten naesten bij<lb xmlns="http://www.tei-c.org/ns/1.0"/> bestaen, te weten:<lb xmlns="http://www.tei-c.org/ns/1.0"/>In realen van 8en, Japans silver ende gout, ongeveer . . . 241/4 tonne gouts<lb xmlns="http://www.tei-c.org/ns/1.0"/>In coopmanschappen . 15 d°<lb xmlns="http://www.tei-c.org/ns/1.0"/>In uuttstaende schulden . 5 d°<lb xmlns="http://www.tei-c.org/ns/1.0"/>In desperate schulden . <hi rend="font-size:10; font-family:Liberation Serif; vertical-align:super" xml:lang="nl" xmlns="http://www.tei-c.org/ns/1.0">l/4</hi> d°<lb xmlns="http://www.tei-c.org/ns/1.0"/>In provisie ontrent . 8 d°<lb xmlns="http://www.tei-c.org/ns/1.0"/>1) Niet aangetroffen.<lb xmlns="http://www.tei-c.org/ns/1.0"/>Tsamen 521/a tonnen.<lb xmlns="http://www.tei-c.org/ns/1.0"/>
            
      
            </p></div>
                  </body>
                </text>
              </TEI>