<TEI xml:id="INT_987aa238-bef4-3045-86cf-e45d06495600" xmlns="http://www.tei-c.org/ns/1.0">
                <teiHeader>
      <fileDesc>
        <titleStmt>
          <title>Fort Mauritius nabij Ngofakiaha op het eiland Makéan, 26 juli 1612</title>
        </titleStmt>
        <publicationStmt>
          <p>
            <date>26 juli 1612</date>
            <idno type="sourceID">missiven:vol1</idno>
            <idno type="pid">INT_987aa238-bef4-3045-86cf-e45d06495600</idno>
          </p>
        </publicationStmt>
        <notesStmt>
          <note/>
        </notesStmt>
        <sourceDesc>
          <listBibl xml:id="inlMetadata">
            <bibl type="missive">
        <interpGrp type="page"><interp>17</interp></interpGrp>
        
      <interpGrp type="titleLevel1"><interp>Fort Mauritius nabij Ngofakiaha op het eiland Makéan, 26 juli 1612</interp></interpGrp>
      <interpGrp type="dateLevel1"><interp>26 juli 1612</interp></interpGrp>
        <interpGrp type="tocLevel"><interp>1</interp></interpGrp>
      <interpGrp type="volume"><interp>1</interp></interpGrp>
        <interpGrp type="n"><interp>IX</interp></interpGrp>
      <interpGrp type="localization_placeLevel1"><interp>Fort Mauritius nabij Ngofakiaha op het eiland Makéan</interp></interpGrp>
      <interpGrp type="witnessYearLevel1_from"><interp>1612</interp></interpGrp>
      <interpGrp type="witnessYearLevel1_to"><interp>1612</interp></interpGrp>
      <interpGrp type="witnessMonthLevel1_to"><interp>7</interp></interpGrp>
      <interpGrp type="witnessMonthLevel1_from"><interp>7</interp></interpGrp>
      <interpGrp type="witnessDayLevel1_to"><interp>26</interp></interpGrp>
      <interpGrp type="witnessDayLevel1_from"><interp>26</interp></interpGrp>
      <interpGrp type="authorLevel1"><interp></interp></interpGrp>
      <interpGrp type="pid"><interp>INT_987aa238-bef4-3045-86cf-e45d06495600</interp></interpGrp>
    </bibl>
          </listBibl>
        </sourceDesc>
      </fileDesc>
    </teiHeader>
                <text xml:id="INT_987aa238-bef4-3045-86cf-e45d06495600.TEI.1.text.1">
                  <body xml:id="INT_987aa238-bef4-3045-86cf-e45d06495600.TEI.1.text.1.body.1">
                    <div xml:id="INT_987aa238-bef4-3045-86cf-e45d06495600.TEI.1.text.1.body.1.div.1">
        
              <pb xml:id="INT_987aa238-bef4-3045-86cf-e45d06495600.TEI.1.text.1.body.1.div.1.pb.1" n="17" facs="http://resources.huygens.knaw.nl/retroapp/service_generalemissiven/gm_01/images/gm_1_104_0017.tif"/><fw xml:id="INT_987aa238-bef4-3045-86cf-e45d06495600.TEI.1.text.1.body.1.div.1.fw.1" place="top" type="head" facs="#zone.317489" xmlns="http://www.tei-c.org/ns/1.0">BothIX, 26 juli 1612</fw><fw xml:id="INT_987aa238-bef4-3045-86cf-e45d06495600.TEI.1.text.1.body.1.div.1.fw.2" place="top" type="page-number" facs="#zone.317496" xmlns="http://www.tei-c.org/ns/1.0">17</fw><head xml:id="INT_987aa238-bef4-3045-86cf-e45d06495600.TEI.1.text.1.body.1.div.1.head.1" xml:lang="nl" rend="font-size: 10; text-align: justify; line-height: 12.0pt" xmlns="http://www.tei-c.org/ns/1.0">IX. PIETER BOTH, FORT MAURITIUS NABIJ NGOFAKIAHA OP HET<lb/> EILAND MAKÉAN 26 juli 1612.<lb/></head><p xml:id="INT_987aa238-bef4-3045-86cf-e45d06495600.TEI.1.text.1.body.1.div.1.p.1" xml:lang="nl" rend="font-size: 8.5; text-align: justify; line-height: 12.0pt" xmlns="http://www.tei-c.org/ns/1.0">961, 1 folio.<lb/></p><p xml:id="INT_987aa238-bef4-3045-86cf-e45d06495600.TEI.1.text.1.body.1.div.1.p.2" xml:lang="nl" rend="font-size: 10; text-align: justify; line-height: 11.7pt; text-indent: 21.0pt" xmlns="http://www.tei-c.org/ns/1.0">Mijn advys soude wesen, dat U.Ed. aldaer een goede armaede prepareerde om<lb/> den vyant den Pkilipinas affhandich te maecken, vanwaer sij alle jaren dese<lb/> plaetsen secoureren met vivres ende nootwendicheden, ten anderen soo werden de<lb/> inwoenderen aldaer ge tiranniseert evenals Duck Dalve in ons lant gepleecht heeft,<lb/> waermede wij grootelijcx ons profijt souden doen. Wij en souden niet absoluyt<lb/> meester van de Molucques sijn maer oock den handel van China hebben.<lb/></p><note xml:id="INT_987aa238-bef4-3045-86cf-e45d06495600.TEI.1.text.1.body.1.div.1.note.1" xml:lang="nl" place="inline" type="editorial-summary" resp="editor" rend="font-style: italic; line-height: 10.5pt; text-indent: 21.0pt; text-align: justify; font-size: 9.5" xmlns="http://www.tei-c.org/ns/1.0">(Over Comelis van Neck, commies van de Magellaanse Compagnie) <hi rend="font-size:9.5; font-family:Liberation Serif; letter-spacing:1.0pt" xml:lang="nl">.</hi><lb/></note><fw xml:id="INT_987aa238-bef4-3045-86cf-e45d06495600.TEI.1.text.1.body.1.div.1.fw.3" type="bottom-page-number">2</fw>
            
      </div>
                  </body>
                </text>
              </TEI>