<TEI xml:id="INT_2ca9ae62-9540-375a-84e0-9cc1bd114b5a" xmlns="http://www.tei-c.org/ns/1.0">
                <teiHeader>
      <fileDesc>
        <titleStmt>
          <title>Kasteel Nassau op Banda, 7 mei 1618</title>
        </titleStmt>
        <publicationStmt>
          <p>
            <date>7 mei 1618</date>
            <idno type="sourceID">missiven:vol1</idno>
            <idno type="pid">INT_2ca9ae62-9540-375a-84e0-9cc1bd114b5a</idno>
          </p>
        </publicationStmt>
        <notesStmt>
          <note/>
        </notesStmt>
        <sourceDesc>
          <listBibl xml:id="inlMetadata">
            <bibl type="missive">
        <interpGrp type="page"><interp>82</interp></interpGrp>
        
      <interpGrp type="titleLevel1"><interp>Kasteel Nassau op Banda, 7 mei 1618</interp></interpGrp>
      <interpGrp type="dateLevel1"><interp>7 mei 1618</interp></interpGrp>
        <interpGrp type="tocLevel"><interp>1</interp></interpGrp>
      <interpGrp type="volume"><interp>1</interp></interpGrp>
        <interpGrp type="n"><interp>IX</interp></interpGrp>
      <interpGrp type="localization_placeLevel1"><interp>Kasteel Nassau op Banda</interp></interpGrp>
      <interpGrp type="witnessYearLevel1_from"><interp>1618</interp></interpGrp>
      <interpGrp type="witnessYearLevel1_to"><interp>1618</interp></interpGrp>
      <interpGrp type="witnessMonthLevel1_to"><interp>5</interp></interpGrp>
      <interpGrp type="witnessMonthLevel1_from"><interp>5</interp></interpGrp>
      <interpGrp type="witnessDayLevel1_to"><interp>7</interp></interpGrp>
      <interpGrp type="witnessDayLevel1_from"><interp>7</interp></interpGrp>
      <interpGrp type="authorLevel1"><interp></interp></interpGrp>
      <interpGrp type="pid"><interp>INT_2ca9ae62-9540-375a-84e0-9cc1bd114b5a</interp></interpGrp>
    </bibl>
          </listBibl>
        </sourceDesc>
      </fileDesc>
    </teiHeader>
                <text xml:id="INT_2ca9ae62-9540-375a-84e0-9cc1bd114b5a.TEI.1.text.1">
                  <body xml:id="INT_2ca9ae62-9540-375a-84e0-9cc1bd114b5a.TEI.1.text.1.body.1">
                    <div xml:id="INT_2ca9ae62-9540-375a-84e0-9cc1bd114b5a.TEI.1.text.1.body.1.div.1">
        
              <pb xml:id="INT_2ca9ae62-9540-375a-84e0-9cc1bd114b5a.TEI.1.text.1.body.1.div.1.pb.1" n="82" facs="http://resources.huygens.knaw.nl/retroapp/service_generalemissiven/gm_01/images/gm_1_104_0082.tif"/><fw xml:id="INT_2ca9ae62-9540-375a-84e0-9cc1bd114b5a.TEI.1.text.1.body.1.div.1.fw.1" place="top" type="page-number" facs="#zone.5613784" xmlns="http://www.tei-c.org/ns/1.0">82</fw><fw xml:id="INT_2ca9ae62-9540-375a-84e0-9cc1bd114b5a.TEI.1.text.1.body.1.div.1.fw.2" place="top" type="head" facs="#zone.5613788" xmlns="http://www.tei-c.org/ns/1.0">Reael IX, 7 mei 1618</fw><head xml:id="INT_2ca9ae62-9540-375a-84e0-9cc1bd114b5a.TEI.1.text.1.body.1.div.1.head.1" xml:lang="nl" rend="font-size: 10; text-align: right; line-height: 12.6pt" xmlns="http://www.tei-c.org/ns/1.0">IX. LAURENS REAEL, KASTEEL NASSAU OP BANDA-NEIRA 7 mei 161 8.<lb/></head><p xml:id="INT_2ca9ae62-9540-375a-84e0-9cc1bd114b5a.TEI.1.text.1.body.1.div.1.p.1" xml:lang="nl" rend="font-size: 7.5; line-height: 12.6pt" xmlns="http://www.tei-c.org/ns/1.0">979, fol. 133-137, tevens als copie in 980, fol. 214r-217.<lb/></p><note xml:id="INT_2ca9ae62-9540-375a-84e0-9cc1bd114b5a.TEI.1.text.1.body.1.div.1.note.1" xml:lang="nl" place="inline" type="editorial-summary" resp="editor" rend="font-style: italic; line-height: 11.1pt; text-indent: 23.0pt; text-align: justify; font-size: 10" xmlns="http://www.tei-c.org/ns/1.0">(Meded. over Banda, bekend uit <hi rend="font-size:10; font-family:Liberation Serif" xml:lang="nl">Banda,</hi> p. 103).<lb/></note><p xml:id="INT_2ca9ae62-9540-375a-84e0-9cc1bd114b5a.TEI.1.text.1.body.1.div.1.p.2" xml:lang="nl" rend="font-size: 10; text-align: justify; line-height: 11.7pt; text-indent: 23.0pt" xmlns="http://www.tei-c.org/ns/1.0">Den 21e ditto <hi rend="font-size:10; font-family:Liberation Serif; vertical-align:super" xml:lang="nl">1)</hi> quam het schip Hollandia mede in Amboyna; met dese<lb/> schepen <hi rend="font-size:10; font-family:Liberation Serif; vertical-align:super" xml:lang="nl">2)</hi> verstonden wij uut de mondt van dry Duytschen <hi rend="font-size:10; font-family:Liberation Serif; vertical-align:super" xml:lang="nl">3),</hi> die in de Manilhas<lb/> gevangen ende van de galeye ontlopen waren, de blijde tijdinge van de totale<lb/> onderganck des Spaansche Armades in de Manilhas, dewelcke naer de slach, met<lb/> de onze gedaan <hi rend="font-size:10; font-family:Liberation Serif; vertical-align:super" xml:lang="nl">4),</hi> seer ontramponeert ende doorschooten sijnde, eenigen tijt in<lb/> Cabite gelegen hadden ende eyndelijcken door don Geronimo naar Mariendoucque<lb/> <hi rend="font-size:10; font-family:Liberation Serif; vertical-align:super" xml:lang="nl">5)</hi> versonden sijnde omme aldaar te repareren, is haar onderwegen quaet<lb/> weder overcomen ende sijn zoo dry geheel versoncken ende dry aen de dippen<lb/> gestrant; dit volck, die ons dit rapporteerden, sijn zelven op de wracken geweest<lb/> ende hebben het volck van de geblevene schepen selver gesproocken.<lb/></p><note xml:id="INT_2ca9ae62-9540-375a-84e0-9cc1bd114b5a.TEI.1.text.1.body.1.div.1.note.2" xml:lang="nl" place="inline" type="editorial-summary" resp="editor" rend="font-style: italic; line-height: 11.1pt; text-indent: 23.0pt; text-align: justify; font-size: 10" xmlns="http://www.tei-c.org/ns/1.0">( Brand in het Gompagnieshuis te Amboina. Vgl. <hi rend="font-size:10; font-family:Liberation Serif" xml:lang="nl">Coen</hi> VII, p. 319 vlg.).<lb/></note><p xml:id="INT_2ca9ae62-9540-375a-84e0-9cc1bd114b5a.TEI.1.text.1.body.1.div.1.p.3" xml:lang="nl" rend="font-size: 10; text-align: justify; line-height: 11.7pt; text-indent: 23.0pt" xmlns="http://www.tei-c.org/ns/1.0">Op Nera <hi rend="font-size:10; font-family:Liberation Serif; vertical-align:super" xml:lang="nl">6)</hi> vonden wij de zaecke heel desolaet; de gouverneur Van de Sande,<lb/> de capn Verdelff <hi rend="font-size:10; font-family:Liberation Serif; vertical-align:super" xml:lang="nl">7),</hi> twe luy tenanten ende meer als 80 soo soldaten als officieren <hi rend="font-size:10; font-family:Liberation Serif; vertical-align:super" xml:lang="nl">8)</hi><lb/>doot ende de overgeblevene alle noch swack vermits seeckere pestelentiale coortse,<lb/> die aldaer het gehele jaar geregneert hadde. Wij vonden daar oock de 2 schepen,<lb/> de Trouwe en de Morgensterre, oock swack van volc, alsoo eenige matrosen, die<lb/> aen landt gebruyct waren geweest, oock gestorven waren, wandt alle dat aen lant<lb/> quam, sieck wiert, sonderdat ze in de schepen hetselve onderworpen waren.<lb/></p><note xml:id="INT_2ca9ae62-9540-375a-84e0-9cc1bd114b5a.TEI.1.text.1.body.1.div.1.note.3" xml:lang="nl" place="inline" type="editorial-summary" resp="editor" rend="font-size: 10; text-align: justify; line-height: 11.1pt; text-indent: 23.0pt" xmlns="http://www.tei-c.org/ns/1.0"><hi rend="font-size:10; font-family:Liberation Serif; font-style:italic" xml:lang="nl">(Enkele regels uitgelaten)</hi> .<lb/></note><p xml:id="INT_2ca9ae62-9540-375a-84e0-9cc1bd114b5a.TEI.1.text.1.body.1.div.1.p.4" resp="int_paragraph_joining" rend="">
              Wij vonden de vrede, het voorleden jaar gemaeckt <hi rend="font-size:10; font-family:Liberation Serif; vertical-align:super" xml:lang="nl" xmlns="http://www.tei-c.org/ns/1.0">9),</hi> wederomme ghebroken,<lb xmlns="http://www.tei-c.org/ns/1.0"/> doch noch gene openbare oorloge. De saecke hadde sich aldus toegedragen: naer<lb xmlns="http://www.tei-c.org/ns/1.0"/> het overlijden van den gouverneur Van de Sande was bij den raadt Sr Hendrick<lb xmlns="http://www.tei-c.org/ns/1.0"/> de Waterfort10), oppercoopman over de comptoiren van Banda, gecreert president<lb xmlns="http://www.tei-c.org/ns/1.0"/><note xml:id="INT_2ca9ae62-9540-375a-84e0-9cc1bd114b5a.TEI.1.text.1.body.1.div.1.p.4.note.1" xml:lang="nl" rend="font-size: 7.5; text-align: justify; line-height: 9.6pt; margin-left: 2300" xmlns="http://www.tei-c.org/ns/1.0">1) NI. maart 1618.<lb/></note><note xml:id="INT_2ca9ae62-9540-375a-84e0-9cc1bd114b5a.TEI.1.text.1.body.1.div.1.p.4.note.2" xml:lang="nl" rend="font-size: 7.5; line-height: 9.6pt; text-indent: 22.0pt" xmlns="http://www.tei-c.org/ns/1.0">2) NI. behalve de Hollandia, die uit de Molukken kwam, de Vlissingen, die 6 januari 1618<lb/> uit Firando naar de Specerij eilanden was vertrokken.<lb/></note><note xml:id="INT_2ca9ae62-9540-375a-84e0-9cc1bd114b5a.TEI.1.text.1.body.1.div.1.p.4.note.3" xml:lang="nl" rend="font-size: 7.5; text-align: justify; line-height: 9.6pt; margin-left: 2200" xmlns="http://www.tei-c.org/ns/1.0">3) Versta: Nederlanders.<lb/></note><note xml:id="INT_2ca9ae62-9540-375a-84e0-9cc1bd114b5a.TEI.1.text.1.body.1.div.1.p.4.note.4" xml:lang="nl" rend="font-size: 7.5; text-align: justify; line-height: 9.6pt; text-indent: 22.0pt" xmlns="http://www.tei-c.org/ns/1.0">4) Nadat de Spanjaarden tegen Lam’s schepen gelukkig hadden gevochten, had de<lb/> wnd. kapitein -generaal der Philippijnen, don Geronimo de Silva, het voornemen de Nederlanders<lb/> in de Molukken aan te vallen. De hier bedoelde scheepsramp verhinderde de uitvoering<lb/> van dit plan.<lb/></note><note xml:id="INT_2ca9ae62-9540-375a-84e0-9cc1bd114b5a.TEI.1.text.1.body.1.div.1.p.4.note.5" xml:lang="nl" rend="font-size: 7.5; text-align: justify; line-height: 9.6pt; margin-left: 2100" xmlns="http://www.tei-c.org/ns/1.0">5) Cavite, eiland in de baai van Manilla; Marindugue, eiland oostelijk van Mindoro.<lb/></note><note xml:id="INT_2ca9ae62-9540-375a-84e0-9cc1bd114b5a.TEI.1.text.1.body.1.div.1.p.4.note.6" xml:lang="nl" rend="font-size: 7.5; line-height: 9.6pt; text-indent: 21.0pt" xmlns="http://www.tei-c.org/ns/1.0">6) Waar Reael kort na 26 maart 1618 met den admiraal Steven van der Hagen aankwam.<lb/><lb/></note><note xml:id="INT_2ca9ae62-9540-375a-84e0-9cc1bd114b5a.TEI.1.text.1.body.1.div.1.p.4.note.7" xml:lang="nl" rend="font-size: 7.5; line-height: 9.6pt; text-indent: 21.0pt" xmlns="http://www.tei-c.org/ns/1.0">7) Dirck Pietersz. van der Sande kwam als commandeur van drie schepen begin 1614<lb/> in de Archipel; in mei 1616 werd hij gouverneur van Banda, waar hij begin 1618 stierf.<lb/></note><note xml:id="INT_2ca9ae62-9540-375a-84e0-9cc1bd114b5a.TEI.1.text.1.body.1.div.1.p.4.note.8" xml:lang="nl" rend="font-size: 7.5; line-height: 9.6pt; text-indent: 21.0pt" xmlns="http://www.tei-c.org/ns/1.0">Gerrit Verdelft, in 1613 onder Reynst als vaandrig uitgekomen, werd 14 juni 1617 kapitein<lb/> op Neira, waar hij niet lang daarna stierf.<lb/></note><note xml:id="INT_2ca9ae62-9540-375a-84e0-9cc1bd114b5a.TEI.1.text.1.body.1.div.1.p.4.note.9" xml:lang="nl" rend="font-size: 7.5; line-height: 9.6pt; text-indent: 21.0pt" xmlns="http://www.tei-c.org/ns/1.0">8) Officieren, hier zoals in de 17de en vroeg- 18de eeuwse Compagniesstukken wel meer,<lb/> in de zin van onderofficieren.<lb/></note><note xml:id="INT_2ca9ae62-9540-375a-84e0-9cc1bd114b5a.TEI.1.text.1.body.1.div.1.p.4.note.10" xml:lang="nl" rend="font-size: 7.5; text-align: justify; line-height: 9.6pt; margin-left: 2100" xmlns="http://www.tei-c.org/ns/1.0">9) Op 30 april 1617. <hi rend="font-size:7.5; font-family:Liberation Serif; font-style:italic" xml:lang="nl">Corpus</hi> I, p. 127 vlg.<lb/></note><note xml:id="INT_2ca9ae62-9540-375a-84e0-9cc1bd114b5a.TEI.1.text.1.body.1.div.1.p.4.note.11" xml:lang="nl" rend="font-size: 7.5; text-align: justify; line-height: 9.6pt; text-indent: 17.0pt" xmlns="http://www.tei-c.org/ns/1.0">10) Hendrick (de) Waterfort, in 1613 als opperkoopman uitgekomen, was sinds januari<lb/> 1614 op Neira geplaatst, waar hij tussen 30 maart en 16 mei 1618 stierf, nadat hem het hier<lb/> verhaalde overkwam.<lb/></note><pb xml:id="INT_2ca9ae62-9540-375a-84e0-9cc1bd114b5a.TEI.1.text.1.body.1.div.1.p.4.pb.1" n="83" facs="http://resources.huygens.knaw.nl/retroapp/service_generalemissiven/gm_01/images/gm_1_104_0083.tif"/><fw xml:id="INT_2ca9ae62-9540-375a-84e0-9cc1bd114b5a.TEI.1.text.1.body.1.div.1.p.4.fw.1" place="top" type="head" facs="#zone.5616486" xmlns="http://www.tei-c.org/ns/1.0">Reael IX, 7 mei 1618</fw><fw xml:id="INT_2ca9ae62-9540-375a-84e0-9cc1bd114b5a.TEI.1.text.1.body.1.div.1.p.4.fw.2" place="top" type="page-number" facs="#zone.5616494" xmlns="http://www.tei-c.org/ns/1.0">83</fw>ende hooft over dese quartieren ende alsoo het gebeurt was, datter twe ofte 3 parauwen<lb xmlns="http://www.tei-c.org/ns/1.0"/> aengehaelt waren, verso chten de orancayas daarvan ontslaginge, alsoo het<lb xmlns="http://www.tei-c.org/ns/1.0"/> luyden waaren, die vier jaren van haar landt geweest waren ende van het voorleden<lb xmlns="http://www.tei-c.org/ns/1.0"/> jaars contract niet en wisten, derhalven te excuseren waren, ingevalle sij het<lb xmlns="http://www.tei-c.org/ns/1.0"/> paspoort, in ’t voorn, acoort gerequireert, niet en hadden; oock was het gebeurt<lb xmlns="http://www.tei-c.org/ns/1.0"/> dat capn Duyts <hi rend="font-size:10; font-family:Liberation Serif; vertical-align:super" xml:lang="nl" xmlns="http://www.tei-c.org/ns/1.0">1)</hi> met sijn fregatte een siampan <hi rend="font-size:10; font-family:Liberation Serif; vertical-align:super" xml:lang="nl" xmlns="http://www.tei-c.org/ns/1.0">2)</hi> gerescontreert was, die naer<lb xmlns="http://www.tei-c.org/ns/1.0"/> Banda wilde, naer dewelcke de capn deede schieten om haar op onse maniere te<lb xmlns="http://www.tei-c.org/ns/1.0"/> doen strijcken. Het volck, dat niet verstaende, staecken haer passeelken <hi rend="font-size:10; font-family:Liberation Serif; vertical-align:super" xml:lang="nl" xmlns="http://www.tei-c.org/ns/1.0">3)</hi> op,<lb xmlns="http://www.tei-c.org/ns/1.0"/> eevenwel wert van de onsen eeven heftich geschooten ende eyndelijck oock met<lb xmlns="http://www.tei-c.org/ns/1.0"/> handtgeweer. De prauw binnen gebracht sijnde, wert bevonden een vrije prauw te<lb xmlns="http://www.tei-c.org/ns/1.0"/> sijn ende met pasport. Mede wasser questie geweest over het ontfangen van de<lb xmlns="http://www.tei-c.org/ns/1.0"/> nooten, die door den oorloge bij haarlieder, overmits het lange ongecalckt liggen,<lb xmlns="http://www.tei-c.org/ns/1.0"/> bedorven ende veel rompen <hi rend="font-size:10; font-family:Liberation Serif; vertical-align:super" xml:lang="nl" xmlns="http://www.tei-c.org/ns/1.0">4)</hi> waren ende alsoo bij den president ende den raadt<lb xmlns="http://www.tei-c.org/ns/1.0"/> goetgevonden was deselve te ontfangen, is hij, te weten Sr Waterfort, zijnde alsdoen<lb xmlns="http://www.tei-c.org/ns/1.0"/> president ende hooft over dese quartieren, selver in persoon naer overen<lb xmlns="http://www.tei-c.org/ns/1.0"/> gegaen <hi rend="font-size:10; font-family:Liberation Serif; vertical-align:super" xml:lang="nl" xmlns="http://www.tei-c.org/ns/1.0">5),</hi> soo om hen dit aen te seggen als te restitueren de prauw, van Duyts aengehaelt,<lb xmlns="http://www.tei-c.org/ns/1.0"/> alwaar hij van de orancays, principalijck van die van Lontor, gegrepen<lb xmlns="http://www.tei-c.org/ns/1.0"/> ende vastgehouwen wert met alle de onse, die aan de logie waaren, waarover den<lb xmlns="http://www.tei-c.org/ns/1.0"/> ondercoopman, hem willende stellen tegens een, die hem de deden uut de handt<lb xmlns="http://www.tei-c.org/ns/1.0"/> nam, gecrist <hi rend="font-size:10; font-family:Liberation Serif; vertical-align:super" xml:lang="nl" xmlns="http://www.tei-c.org/ns/1.0">6)</hi> wert. Waterfort met de andere gevangen zijnde, werden niet eer<lb xmlns="http://www.tei-c.org/ns/1.0"/> gelost, voor ende aleer de onsen niet alleen de aengehaelde parauwen maar oock<lb xmlns="http://www.tei-c.org/ns/1.0"/> alle de gevangene Bandenesen, voor desen bij de onzen met anachode Blus <hi rend="font-size:10; font-family:Liberation Serif; vertical-align:super" xml:lang="nl" xmlns="http://www.tei-c.org/ns/1.0">7)</hi><lb xmlns="http://www.tei-c.org/ns/1.0"/>gegreepen, gerestitueert waren, hetwelcke alsoo geschiet is. Dese saecken, hoewel<lb xmlns="http://www.tei-c.org/ns/1.0"/> wij van onser zijde niet geheel sonder schuit en sijn, en dienen noch en mogen niet<lb xmlns="http://www.tei-c.org/ns/1.0"/> ongewroocken verbij gaan.<lb xmlns="http://www.tei-c.org/ns/1.0"/>
            </p><note xml:id="INT_2ca9ae62-9540-375a-84e0-9cc1bd114b5a.TEI.1.text.1.body.1.div.1.note.4" xml:lang="nl" place="inline" type="editorial-summary" resp="editor" rend="font-style: italic; line-height: 11.1pt; text-indent: 22.0pt; text-align: justify; font-size: 10" xmlns="http://www.tei-c.org/ns/1.0">(Meded. omtrent Banda <hi rend="font-size:10; font-family:Liberation Serif" xml:lang="nl">,</hi> bekend uit <hi rend="font-size:10; font-family:Liberation Serif" xml:lang="nl">Banda</hi> t. a. p.) .<lb/></note><p xml:id="INT_2ca9ae62-9540-375a-84e0-9cc1bd114b5a.TEI.1.text.1.body.1.div.1.p.5" resp="int_paragraph_joining" rend="">
              Ick stae dickmaels in twijfel, off des Comp08 meerder oorbaer niet en ware de<lb xmlns="http://www.tei-c.org/ns/1.0"/> vremde joneken vrije acces op Nera toe te laten, want toe dat geschiede, quamen<lb xmlns="http://www.tei-c.org/ns/1.0"/> ons altijt de vruchten <hi rend="font-size:10; font-family:Liberation Serif; vertical-align:super" xml:lang="nl" xmlns="http://www.tei-c.org/ns/1.0">8)</hi> in handen, hoewel wij de avance van deden en rhijs<lb xmlns="http://www.tei-c.org/ns/1.0"/> niet en genooten. Maar nu, alsoo de Javanen ende andere vreemdelingen niet wel<lb xmlns="http://www.tei-c.org/ns/1.0"/> en sijn te weren, hebbende hondert plaetsen op de custe van Ceram, daer se aen<lb xmlns="http://www.tei-c.org/ns/1.0"/> connen lopen, werden haer van dese lieden de vruchten toegebracht, niet alleen om<lb xmlns="http://www.tei-c.org/ns/1.0"/> ’t gheryff haarder coopmanschappen, daarvan sij beter nae dese luyden haar zin<lb xmlns="http://www.tei-c.org/ns/1.0"/> als wij versien zijn, maar oock om den haat, die se ons van outs toedragen ende<lb xmlns="http://www.tei-c.org/ns/1.0"/> daerover hare vruchten niet en gunnen, ende alhoewel de Compie (gelijck Uwe E. in<lb xmlns="http://www.tei-c.org/ns/1.0"/> haar jongste sijn schrijvende) noch geheel wel van de vruchten deses lants versien<lb xmlns="http://www.tei-c.org/ns/1.0"/> zijn, soo is den intrest te groot, dat deselve in andere ende vremde handen comen,<lb xmlns="http://www.tei-c.org/ns/1.0"/> gelijck hetselve nu eenige tijt harwarts gebeurt is, dat niet alleen de Engelsche (die<lb xmlns="http://www.tei-c.org/ns/1.0"/><note xml:id="INT_2ca9ae62-9540-375a-84e0-9cc1bd114b5a.TEI.1.text.1.body.1.div.1.p.5.note.1" xml:lang="nl" rend="font-size: 7.5; line-height: 9.3pt; text-indent: 21.0pt" xmlns="http://www.tei-c.org/ns/1.0">1) Theunis Gerritsz. Duyts trad juli 1618 af als kapitein van het fregat de Tijger, omdat<lb/> hij zou repatriëren.<lb/></note><note xml:id="INT_2ca9ae62-9540-375a-84e0-9cc1bd114b5a.TEI.1.text.1.body.1.div.1.p.5.note.2" xml:lang="nl" rend="font-size: 7.5; text-align: justify; line-height: 9.3pt; margin-left: 2100" xmlns="http://www.tei-c.org/ns/1.0">2) Siampan, sampan, klein inheems vaartuig.<lb/></note><note xml:id="INT_2ca9ae62-9540-375a-84e0-9cc1bd114b5a.TEI.1.text.1.body.1.div.1.p.5.note.3" xml:lang="nl" rend="font-size: 7.5; text-align: justify; line-height: 9.3pt; margin-left: 2100" xmlns="http://www.tei-c.org/ns/1.0">3) Passeelken, pascedul, paspoort.<lb/></note><note xml:id="INT_2ca9ae62-9540-375a-84e0-9cc1bd114b5a.TEI.1.text.1.body.1.div.1.p.5.note.4" xml:lang="nl" rend="font-size: 7.5; text-align: justify; line-height: 9.3pt; margin-left: 2100" xmlns="http://www.tei-c.org/ns/1.0">4) Rompen, onrijp afgevallen muskaatnoten, zgn. gerimpelde noten.<lb/></note><note xml:id="INT_2ca9ae62-9540-375a-84e0-9cc1bd114b5a.TEI.1.text.1.body.1.div.1.p.5.note.5" xml:lang="nl" rend="font-size: 7.5; text-align: justify; line-height: 9.3pt; margin-left: 2100" xmlns="http://www.tei-c.org/ns/1.0">5) Naar de overwal, naar Lonthoir.<lb/></note><note xml:id="INT_2ca9ae62-9540-375a-84e0-9cc1bd114b5a.TEI.1.text.1.body.1.div.1.p.5.note.6" xml:lang="nl" rend="font-size: 7.5; text-align: justify; line-height: 9.3pt; margin-left: 2100" xmlns="http://www.tei-c.org/ns/1.0">6) D. w. z. met een kris, een kort steekwapen, omgebracht.<lb/></note><note xml:id="INT_2ca9ae62-9540-375a-84e0-9cc1bd114b5a.TEI.1.text.1.body.1.div.1.p.5.note.7" xml:lang="nl" rend="font-size: 7.5; text-align: justify; line-height: 9.3pt; margin-left: 2100" xmlns="http://www.tei-c.org/ns/1.0">7) Anaehoda, Aziatisch scheepskapitein, ’s Mans naam is slecht leesbaar.<lb/></note><note xml:id="INT_2ca9ae62-9540-375a-84e0-9cc1bd114b5a.TEI.1.text.1.body.1.div.1.p.5.note.8" xml:lang="nl" rend="font-size: 7.5; text-align: justify; line-height: 9.3pt; margin-left: 2100" xmlns="http://www.tei-c.org/ns/1.0">8) De muskaatnoten en de foelie.<lb/></note><pb xml:id="INT_2ca9ae62-9540-375a-84e0-9cc1bd114b5a.TEI.1.text.1.body.1.div.1.p.5.pb.1" n="84" facs="http://resources.huygens.knaw.nl/retroapp/service_generalemissiven/gm_01/images/gm_1_104_0084.tif"/><fw xml:id="INT_2ca9ae62-9540-375a-84e0-9cc1bd114b5a.TEI.1.text.1.body.1.div.1.p.5.fw.1" place="top" type="page-number" facs="#zone.5618123" xmlns="http://www.tei-c.org/ns/1.0">84</fw><fw xml:id="INT_2ca9ae62-9540-375a-84e0-9cc1bd114b5a.TEI.1.text.1.body.1.div.1.p.5.fw.2" place="top" type="head" facs="#zone.5618127" xmlns="http://www.tei-c.org/ns/1.0">Reael IX, 7 mei 1618</fw>daarvan het minste deel hebben becomen) maer principalijck de Portugesen in<lb xmlns="http://www.tei-c.org/ns/1.0"/> Malacca ten overvloet versien zijn, die per faulte van schepen overjarich sijn gebleven<lb xmlns="http://www.tei-c.org/ns/1.0"/> ende vele verdorven. Wij willen het overal te nauw besetten ende ons<lb xmlns="http://www.tei-c.org/ns/1.0"/> weder vaert qui todo quere lo perde <hi rend="font-size:10; font-family:Liberation Serif; vertical-align:super" xml:lang="nl" xmlns="http://www.tei-c.org/ns/1.0">x).</hi> Dit weren van de vreemde j oneken maeckt<lb xmlns="http://www.tei-c.org/ns/1.0"/> ons overal soo odieus, dat het niet te geloven en is, want jegenwoordich ettelijeke<lb xmlns="http://www.tei-c.org/ns/1.0"/> hondert j oneken jaarlijcx uyt het vaarwater gehouden werden, die gewoon waren<lb xmlns="http://www.tei-c.org/ns/1.0"/> in dese quartieren haer cost ende proffijt te comen soucken.<lb xmlns="http://www.tei-c.org/ns/1.0"/>
            </p><note xml:id="INT_2ca9ae62-9540-375a-84e0-9cc1bd114b5a.TEI.1.text.1.body.1.div.1.note.5" xml:lang="nl" place="inline" type="editorial-summary" resp="editor" rend="font-size: 9; font-style: italic; line-height: 10.0pt; margin-left: 2200" xmlns="http://www.tei-c.org/ns/1.0">(Slot, handelend over de MoluJcJcen en Banda en geen nieuws bevattend).<lb/></note><p xml:id="INT_2ca9ae62-9540-375a-84e0-9cc1bd114b5a.TEI.1.text.1.body.1.div.1.p.6" xml:lang="nl" rend="font-size: 8.5; line-height: 9.4pt; margin-left: 2200" xmlns="http://www.tei-c.org/ns/1.0">1) Wie naar alles tracht, verliest het.<lb/></p>
            
      </div>
                  </body>
                </text>
              </TEI>