<TEI xml:id="INT_503c8d67-1c03-3478-b595-5f692d928f3c" xmlns="http://www.tei-c.org/ns/1.0">
                <teiHeader>
      <fileDesc>
        <titleStmt>
          <title>Bantam, 10 nov. 1614</title>
        </titleStmt>
        <publicationStmt>
          <p>
            <date>10 nov. 1614</date>
            <idno type="sourceID">missiven:vol1</idno>
            <idno type="pid">INT_503c8d67-1c03-3478-b595-5f692d928f3c</idno>
          </p>
        </publicationStmt>
        <notesStmt>
          <note/>
        </notesStmt>
        <sourceDesc>
          <listBibl xml:id="inlMetadata">
            <bibl type="missive">
        <interpGrp type="page"><interp>33</interp></interpGrp>
        
      <interpGrp type="titleLevel1"><interp>Bantam, 10 nov. 1614</interp></interpGrp>
      <interpGrp type="dateLevel1"><interp>10 nov. 1614</interp></interpGrp>
        <interpGrp type="tocLevel"><interp>1</interp></interpGrp>
      <interpGrp type="volume"><interp>1</interp></interpGrp>
        <interpGrp type="n"><interp>XX</interp></interpGrp>
      <interpGrp type="localization_placeLevel1"><interp>Bantam</interp></interpGrp>
      <interpGrp type="witnessYearLevel1_from"><interp>1614</interp></interpGrp>
      <interpGrp type="witnessYearLevel1_to"><interp>1614</interp></interpGrp>
      <interpGrp type="witnessMonthLevel1_to"><interp>11</interp></interpGrp>
      <interpGrp type="witnessMonthLevel1_from"><interp>11</interp></interpGrp>
      <interpGrp type="witnessDayLevel1_to"><interp>10</interp></interpGrp>
      <interpGrp type="witnessDayLevel1_from"><interp>10</interp></interpGrp>
      <interpGrp type="authorLevel1"><interp></interp></interpGrp>
      <interpGrp type="pid"><interp>INT_503c8d67-1c03-3478-b595-5f692d928f3c</interp></interpGrp>
    </bibl>
          </listBibl>
        </sourceDesc>
      </fileDesc>
    </teiHeader>
                <text xml:id="INT_503c8d67-1c03-3478-b595-5f692d928f3c.TEI.1.text.1">
                  <body xml:id="INT_503c8d67-1c03-3478-b595-5f692d928f3c.TEI.1.text.1.body.1">
                    <div xml:id="INT_503c8d67-1c03-3478-b595-5f692d928f3c.TEI.1.text.1.body.1.div.1">
        
              <pb xml:id="INT_503c8d67-1c03-3478-b595-5f692d928f3c.TEI.1.text.1.body.1.div.1.pb.1" n="33" facs="http://resources.huygens.knaw.nl/retroapp/service_generalemissiven/gm_01/images/gm_1_104_0033.tif"/><fw xml:id="INT_503c8d67-1c03-3478-b595-5f692d928f3c.TEI.1.text.1.body.1.div.1.fw.1" place="top" type="head" facs="#zone.777303" xmlns="http://www.tei-c.org/ns/1.0">Both XX, 10 november 1614</fw><fw xml:id="INT_503c8d67-1c03-3478-b595-5f692d928f3c.TEI.1.text.1.body.1.div.1.fw.2" place="top" type="page-number" facs="#zone.777321" xmlns="http://www.tei-c.org/ns/1.0">33</fw><p xml:id="INT_503c8d67-1c03-3478-b595-5f692d928f3c.TEI.1.text.1.body.1.div.1.p.1" xml:lang="nl" rend="font-size: 10; line-height: 11.1pt" xmlns="http://www.tei-c.org/ns/1.0">XX. PIETER BOTH, BANTAM 10 november 1614.<lb/></p><p xml:id="INT_503c8d67-1c03-3478-b595-5f692d928f3c.TEI.1.text.1.body.1.div.1.p.2" xml:lang="nl" rend="font-size: 8; line-height: 8.9pt" xmlns="http://www.tei-c.org/ns/1.0">969, fol. 31-37.<lb/></p><p xml:id="INT_503c8d67-1c03-3478-b595-5f692d928f3c.TEI.1.text.1.body.1.div.1.p.3" xml:lang="nl" rend="font-size: 10; text-align: justify; line-height: 11.7pt; text-indent: 22.0pt" xmlns="http://www.tei-c.org/ns/1.0">Desen alleen sal dienen omme U Ed. te verwittigen tgene gepasseert is in de<lb/> Moluques tsedert mijn vertreck van aldaer <hi rend="font-size:10; font-family:Liberation Serif; vertical-align:super" xml:lang="nl">1),</hi> volgens sekere resolutie ende verscheyden<lb/> rapporten aen mij gedaen. Den heer vice-gouverneur doctor Laurens<lb/> Reael, die hem gedurende den tijdt van mijn presentie met alle vlijt, eerbiedinge,<lb/> reverentie ende bequaemheyt was gouvernerende, alsoo dat U Ed. dien tijdt<lb/> van hem seer wel gedient was ende ick insonderheyt een seer goet genoegen van<lb/> hem hadde, dan soo haest ick hem hadde geexalteert tot het offitie van vicegouverneur<lb/> <hi rend="font-size:10; font-family:Liberation Serif; vertical-align:super" xml:lang="nl">2),</hi> speurde terstont seer wel in hem eenige veranderinge, die ick alsdoen<lb/> sijn jonckheyt ende animosité was toeschrijvende.<lb/></p><p xml:id="INT_503c8d67-1c03-3478-b595-5f692d928f3c.TEI.1.text.1.body.1.div.1.p.4" xml:lang="nl" rend="font-size: 10; text-align: justify; line-height: 11.7pt; text-indent: 22.0pt" xmlns="http://www.tei-c.org/ns/1.0">Den voorsz. vice-gouverneur, alsmede den heer visitateur Hans de Hase<lb/> waren bovenmaten solliciterende mijn vertreck uyt de Moluques, ten respecte wij<lb/> van tijdt tot tijdt tijdinge cregen, dat den heer president Coteels tot Bantam sich<lb/> naer behoiren niet en gouverneerde, soo in ’t depesscheren van de schepen, alsmede<lb/> sijn insuffisantie tot de regieringe. Dat hij oock swack was van persoon ende<lb/> wel mochte overleden sijn. Dat daeromme onse presentie hoochnodich was tot<lb/> Bantam, want van Bantam dependeerde het gehele welvaren van Indien. In<lb/> effect, dese redenen sijn warachtich alsoo geweest ende hebben ’t alsoo bevonden,<lb/> evenwel soo waren de voorschrevene te actijff in ’t solliciteren van mijn vertreck.<lb/></p><p xml:id="INT_503c8d67-1c03-3478-b595-5f692d928f3c.TEI.1.text.1.body.1.div.1.p.5" xml:lang="nl" rend="font-size: 10; text-align: justify; line-height: 11.7pt; text-indent: 22.0pt" xmlns="http://www.tei-c.org/ns/1.0">Omme dese ende diergelijcke redenen wil ick U Ed. niet alleen gebeden hebben,<lb/> maer oock veradverteert uwen Gouverneur- Generaell, soo zeer als mij gedaen<lb/> hebt, niet te binden aen den Raedt. Men behoort, naer mijn advijs, den Gouverneur-<lb/> Generaell soo wel te kennen, dat hij mocht van alles vertrout werden ende<lb/> dat hij mocht in alle occurrentien seggen : Soo wil ick het ende soo gebiede ick het.<lb/></p><p xml:id="INT_503c8d67-1c03-3478-b595-5f692d928f3c.TEI.1.text.1.body.1.div.1.p.6" xml:lang="nl" rend="font-size: 10; text-align: justify; line-height: 11.7pt; text-indent: 22.0pt" xmlns="http://www.tei-c.org/ns/1.0">Doen ter tijdt daer noch sijnde, had ick wel een weynich suspitie, maer de<lb/> redenen waren goet ende suffisant, als voirens verhaelt, maer wat te veell, gelijck<lb/> het nu tot mijn groot leetwesen sich geopenbaert heeft.<lb/></p><note xml:id="INT_503c8d67-1c03-3478-b595-5f692d928f3c.TEI.1.text.1.body.1.div.1.note.1" xml:lang="nl" place="inline" type="editorial-summary" resp="editor" rend="font-style: italic; line-height: 10.0pt; text-indent: 22.0pt; text-align: justify; font-size: 9" xmlns="http://www.tei-c.org/ns/1.0">(Enkele zinnen <hi rend="font-size:9; font-family:Liberation Serif" xml:lang="nl">,</hi> van weinig belang <hi rend="font-size:9; font-family:Liberation Serif" xml:lang="nl">,</hi> weggelaten).<lb/></note><p xml:id="INT_503c8d67-1c03-3478-b595-5f692d928f3c.TEI.1.text.1.body.1.div.1.p.7" resp="int_paragraph_joining" rend="">
              Eenige dagen hier te voirens <hi rend="font-size:10; font-family:Liberation Serif; vertical-align:super" xml:lang="nl" xmlns="http://www.tei-c.org/ns/1.0">3)</hi> worde ick door Sr Hans de Hase, den directeur,<lb xmlns="http://www.tei-c.org/ns/1.0"/> veradverteert, dat uyt den Leeuw met Pijlen veel sijdewaren ende fluwelen dagelijcx<lb xmlns="http://www.tei-c.org/ns/1.0"/> werden vercocht onder de soldaten, waeromme wij tween goet vonden eenen<lb xmlns="http://www.tei-c.org/ns/1.0"/> apostato <hi rend="font-size:10; font-family:Liberation Serif; vertical-align:super" xml:lang="nl" xmlns="http://www.tei-c.org/ns/1.0">4)</hi> te committeren alle de zij de waren door een tertia persoon te doen copen<lb xmlns="http://www.tei-c.org/ns/1.0"/> ende met comptant te betalen omme door sulcken middell alle de coopmanschappen<lb xmlns="http://www.tei-c.org/ns/1.0"/> in onsen handen te becomen ende namaels het geit mede. Den incoop<lb xmlns="http://www.tei-c.org/ns/1.0"/> bedroech 405 realen van 8en ende worde alsdoen onse practijcke ontdect, eenige<lb xmlns="http://www.tei-c.org/ns/1.0"/> resteerden noch eenige betalinge, dat haerl. geweygert werde. Van dese saeck proponeerde<lb xmlns="http://www.tei-c.org/ns/1.0"/> ick daechs voor mijn vertreck in de vergaderinge op ’t schip Banda, dat<lb xmlns="http://www.tei-c.org/ns/1.0"/> die goederen mosten gecomen sijn uyt handen van de principalen van ’t schip, als<lb xmlns="http://www.tei-c.org/ns/1.0"/> altewell geconditionneert, even off se uyt een botijcka gecomen waren ende derhalven<lb xmlns="http://www.tei-c.org/ns/1.0"/> verbeurt behoorden te maecken ende de pertijen te condemneren in een<lb xmlns="http://www.tei-c.org/ns/1.0"/>1) 3 aug. 1613 vertrok Both naar Java.<lb xmlns="http://www.tei-c.org/ns/1.0"/>2) D. w. z. gouverneur onder den Gouvemeur-Generaal.<lb xmlns="http://www.tei-c.org/ns/1.0"/>3) Voor Both’s vertrek uit de Molukken.<lb xmlns="http://www.tei-c.org/ns/1.0"/>4) Hier, een voor een bepaald doel aangewezen persoon.<lb xmlns="http://www.tei-c.org/ns/1.0"/><fw xml:id="INT_503c8d67-1c03-3478-b595-5f692d928f3c.TEI.1.text.1.body.1.div.1.p.7.fw.1" type="bottom-page-number">3</fw><pb xml:id="INT_503c8d67-1c03-3478-b595-5f692d928f3c.TEI.1.text.1.body.1.div.1.p.7.pb.1" n="34" facs="http://resources.huygens.knaw.nl/retroapp/service_generalemissiven/gm_01/images/gm_1_104_0034.tif"/><fw xml:id="INT_503c8d67-1c03-3478-b595-5f692d928f3c.TEI.1.text.1.body.1.div.1.p.7.fw.2" place="top" type="page-number" facs="#zone.807266" xmlns="http://www.tei-c.org/ns/1.0">34</fw><fw xml:id="INT_503c8d67-1c03-3478-b595-5f692d928f3c.TEI.1.text.1.body.1.div.1.p.7.fw.3" place="top" type="head" facs="#zone.807270" xmlns="http://www.tei-c.org/ns/1.0">Both XX, 10 november 1614</fw>amende. Hierop repliceerde den heer advocaet <hi rend="font-size:10; font-family:Liberation Serif; vertical-align:super" xml:lang="nl" xmlns="http://www.tei-c.org/ns/1.0">1)</hi> met een onverstandicheyt, dat hij<lb xmlns="http://www.tei-c.org/ns/1.0"/> daer bleeff ende met het volck moste vechten. Men most tegens de matrosen zoo<lb xmlns="http://www.tei-c.org/ns/1.0"/> rigoreuselijck niet procederen. Een antwoort voor mij seer onverwacht, maer wel<lb xmlns="http://www.tei-c.org/ns/1.0"/> aengenaem voor sommige, die daer present waren. Waerop ick hem repliceerde,<lb xmlns="http://www.tei-c.org/ns/1.0"/> dat onse meesters waren coopluyden ende dat haer welvaren bestondt in den<lb xmlns="http://www.tei-c.org/ns/1.0"/> handel van Indien ende daeromme den perticulieren handell mosten beletten. Hij<lb xmlns="http://www.tei-c.org/ns/1.0"/> antwoorde promptelijck, dat die van Bantam ons in de Moluques niet en sonden<lb xmlns="http://www.tei-c.org/ns/1.0"/> ende alles dier was, in de Moluques de matrosen wel sulcke cleynicheden mochten<lb xmlns="http://www.tei-c.org/ns/1.0"/> medebrengen. Dese propoosten deden mij altereren ende hem antwoorde in ’t<lb xmlns="http://www.tei-c.org/ns/1.0"/> corte, dat mijn advijs was alle de coopmanschappen verbeurt te maken ende dat<lb xmlns="http://www.tei-c.org/ns/1.0"/> men ’t soo zoude aenteeckenen ende dat hij sijn opinie daerbij soude stellen. Ende<lb xmlns="http://www.tei-c.org/ns/1.0"/> naer gekomen informatie, wie de goederen waren competerende, want alsoo de<lb xmlns="http://www.tei-c.org/ns/1.0"/> goederen door een derdehandt gecocht waren, soo werden se oock door een derdehandt<lb xmlns="http://www.tei-c.org/ns/1.0"/> vercocht, ende soo daer geen tijdt was, bij mij affgedaen te werden ende<lb xmlns="http://www.tei-c.org/ns/1.0"/> datter veel andere saecken te doen waren, alsoo mijn ure genaecte om te vertrecken,<lb xmlns="http://www.tei-c.org/ns/1.0"/> gelijck het daechs daernaer vroech geschiet is, recommandeerde hem ende<lb xmlns="http://www.tei-c.org/ns/1.0"/> den raedt daerop te inquireren ende aff te doen naer behoiren.<lb xmlns="http://www.tei-c.org/ns/1.0"/>
            </p><p xml:id="INT_503c8d67-1c03-3478-b595-5f692d928f3c.TEI.1.text.1.body.1.div.1.p.8" xml:lang="nl" rend="font-size: 10; text-align: justify; line-height: 11.7pt; text-indent: 24.0pt" xmlns="http://www.tei-c.org/ns/1.0">Nu vertrocken sijnde, is den heer advocaet daechs naer mijn vertreck gecomen<lb/> op ’t schip den Leeuw met Pijlen, met hem gekomen eenige schippers, sonder dat<lb/> aldaer Hans de Hase, raedt van Indien, present was, alwaer in de eerste resolutie,<lb/> genomen naer mijn vertreck, geordonneert werde aen den cassier op Maleyen alles<lb/> te betalen aen de eygenaers van de goederen van den Leeuw met Pijlen, met<lb/> verbotth, dat zij sulcx niet meer en souden doen. Dese subijte resolutie ende verscheyden<lb/> rapporten heeft mij alhier niet luttel doen verwonderen.<lb/></p><note xml:id="INT_503c8d67-1c03-3478-b595-5f692d928f3c.TEI.1.text.1.body.1.div.1.note.2" xml:lang="nl" place="inline" type="editorial-summary" resp="editor" rend="font-style: italic; line-height: 12.0pt; text-indent: 24.0pt; text-align: justify; font-size: 9.5" xmlns="http://www.tei-c.org/ns/1.0">( Volgt klacht over het gratiëren door Reael 'persoonlijk van soldaten <hi rend="font-size:9.5; font-family:Liberation Serif; letter-spacing:1.0pt" xml:lang="nl">,</hi> die op wacht<lb/> sliepen <hi rend="font-size:9.5; font-family:Liberation Serif; letter-spacing:1.0pt" xml:lang="nl">) .</hi><lb/></note><p xml:id="INT_503c8d67-1c03-3478-b595-5f692d928f3c.TEI.1.text.1.body.1.div.1.p.9" resp="int_paragraph_joining" rend="">
              Mede is gebeurt, noch sijnde in de Moluques, den Coninck ende den raedt van<lb xmlns="http://www.tei-c.org/ns/1.0"/> Ternate aen mij versochten, wesende op Batsian ende namaels op Maquian, den<lb xmlns="http://www.tei-c.org/ns/1.0"/> Prins Sedangh 'aen mij sonden omme te willen keren op Maleyen ende haer stadt<lb xmlns="http://www.tei-c.org/ns/1.0"/> te willen fortificeren, alsoo apparent was, gelijck zij seyden, den vijandt seer<lb xmlns="http://www.tei-c.org/ns/1.0"/> sterck uyt de Manilhas haer overcomen soude. Aldaer gearriveert zijnde, werde<lb xmlns="http://www.tei-c.org/ns/1.0"/> geresolveert drie puncten aen de stadt te maecken, de eerste worde geleyt omtrent<lb xmlns="http://www.tei-c.org/ns/1.0"/> Van Caerdens bolwerck, waervan, naer alles affgemeten ende gegraven sijnde,<lb xmlns="http://www.tei-c.org/ns/1.0"/> den eersten steen van mij is geleyt in presentie van den Coninck van Ternate ende<lb xmlns="http://www.tei-c.org/ns/1.0"/> den raedt ende oock daertoe selffs metten gehelen adel van Ternate steen hebbe<lb xmlns="http://www.tei-c.org/ns/1.0"/> gedragen ende alsoo in mijnen tijdt tot de borstweringh toe opgemetselt ende<lb xmlns="http://www.tei-c.org/ns/1.0"/> gevult, de meeste helft van de gracht gemaect2). Nu vertrocken sijnde van daer<lb xmlns="http://www.tei-c.org/ns/1.0"/> ende de borstweringe volmaect, werde dese punct van de gemene matrosen<lb xmlns="http://www.tei-c.org/ns/1.0"/> genoemt Botts punct sonder mijn weten off toedoen. Nu soo is ’t gebeurt, dat een<lb xmlns="http://www.tei-c.org/ns/1.0"/> seecker quidam <hi rend="font-size:10; font-family:Liberation Serif; vertical-align:super" xml:lang="nl" xmlns="http://www.tei-c.org/ns/1.0">3)</hi> soldaet apostato bij nachte aen de poorte geplect heeft een<lb xmlns="http://www.tei-c.org/ns/1.0"/> sekere cartabelle, inhoudende dese woorden:<lb xmlns="http://www.tei-c.org/ns/1.0"/><note xml:id="INT_503c8d67-1c03-3478-b595-5f692d928f3c.TEI.1.text.1.body.1.div.1.p.9.note.1" xml:lang="nl" rend="font-size: 7.5; text-align: justify; line-height: 8.3pt; margin-left: 2200" xmlns="http://www.tei-c.org/ns/1.0">1) D. i. Reael.<lb/></note><note xml:id="INT_503c8d67-1c03-3478-b595-5f692d928f3c.TEI.1.text.1.body.1.div.1.p.9.note.2" xml:lang="nl" rend="font-size: 7.5; text-align: justify; line-height: 8.3pt; margin-left: 2100" xmlns="http://www.tei-c.org/ns/1.0">2) <hi rend="font-size:7.5; font-family:Liberation Serif; font-style:italic" xml:lang="nl">Oudheden,</hi> een werk, dat men met voorzichtigheid dient te raadplegen, weet hiervan<lb/></note><note xml:id="INT_503c8d67-1c03-3478-b595-5f692d928f3c.TEI.1.text.1.body.1.div.1.p.9.note.3" xml:lang="nl" rend="font-size: 7.5; line-height: 8.3pt" xmlns="http://www.tei-c.org/ns/1.0">niets.<lb/></note><note xml:id="INT_503c8d67-1c03-3478-b595-5f692d928f3c.TEI.1.text.1.body.1.div.1.p.9.note.4" xml:lang="nl" rend="font-size: 7.5; line-height: 9.9pt; text-indent: 21.0pt" xmlns="http://www.tei-c.org/ns/1.0">3) Een seecker quidam, geringschattend over een persoon, die men niet kan of wil<lb/> noemen.<lb/></note><pb xml:id="INT_503c8d67-1c03-3478-b595-5f692d928f3c.TEI.1.text.1.body.1.div.1.p.9.pb.1" n="35" facs="http://resources.huygens.knaw.nl/retroapp/service_generalemissiven/gm_01/images/gm_1_104_0035.tif"/><fw xml:id="INT_503c8d67-1c03-3478-b595-5f692d928f3c.TEI.1.text.1.body.1.div.1.p.9.fw.1" place="top" type="head" facs="#zone.841040" xmlns="http://www.tei-c.org/ns/1.0">Both XX, 10 november 1614</fw><fw xml:id="INT_503c8d67-1c03-3478-b595-5f692d928f3c.TEI.1.text.1.body.1.div.1.p.9.fw.2" place="top" type="page-number" facs="#zone.841048" xmlns="http://www.tei-c.org/ns/1.0">35</fw>Totten oorloch ben ick bequaem.<lb xmlns="http://www.tei-c.org/ns/1.0"/>Naer mijnen stichter voer ick den naem.<lb xmlns="http://www.tei-c.org/ns/1.0"/>Ick hoop te wesen noch wijt beroempt,<lb xmlns="http://www.tei-c.org/ns/1.0"/>Puncte Reaell ben ick genoempt.<lb xmlns="http://www.tei-c.org/ns/1.0"/>
            </p><p xml:id="INT_503c8d67-1c03-3478-b595-5f692d928f3c.TEI.1.text.1.body.1.div.1.p.10" xml:lang="nl" rend="font-size: 10; text-align: justify; line-height: 11.7pt; text-indent: 22.0pt" xmlns="http://www.tei-c.org/ns/1.0">Dese cartabelle heeft den vice-gouverneur doen afftrecken ende doen verschrijven<lb/> in lettre majuscola ende herplecken, daer die te voiren gestaen hadde,<lb/> den voorn, vice-gouverneur met eenige capiteynen daerop gegaen, den wijn<lb/> gedroncken, rontomme affgeschoten ende alsoo die punct met zijnen naem gebabtiseert.<lb/><lb/></p><note xml:id="INT_503c8d67-1c03-3478-b595-5f692d928f3c.TEI.1.text.1.body.1.div.1.note.3" xml:lang="nl" place="inline" type="editorial-summary" resp="editor" rend="font-style: italic; line-height: 10.0pt; text-indent: 22.0pt; text-align: justify; font-size: 9" xmlns="http://www.tei-c.org/ns/1.0">(Eeael heeft ook een luitenant tot opperkoopman bevorderd).<lb/></note><p xml:id="INT_503c8d67-1c03-3478-b595-5f692d928f3c.TEI.1.text.1.body.1.div.1.p.11" xml:lang="nl" rend="font-size: 10; text-align: justify; line-height: 11.7pt; text-indent: 22.0pt" xmlns="http://www.tei-c.org/ns/1.0">Omme alle dese voorverhaelde redenen heb ick met mijnen raedt alhier de<lb/> saecke tot meermalen gecommuniceert ende namaels den breden raedt op mijne<lb/> propositie haer ad vijs gehoort <hi rend="font-size:10; font-family:Liberation Serif; vertical-align:super" xml:lang="nl">x),</hi> waerop dat eensamentlijck geresolveert is den<lb/> heer advocaet te schrijven ende te ordonneren alles te herstellen, gelijck als ’t tevoiren<lb/> is geweest, den directeur, die daer bij provisie is off van ons derwerts<lb/> gesonden sal werden, te ordonneren ende instructie mede te geven omme alles naer<lb/> behoiren te dirigeren, even gelijck het is gedaen geweest van den heer Hans de<lb/> Hase.<lb/></p><p xml:id="INT_503c8d67-1c03-3478-b595-5f692d928f3c.TEI.1.text.1.body.1.div.1.p.12" xml:lang="nl" rend="font-size: 10; text-align: justify; line-height: 11.7pt; text-indent: 22.0pt" xmlns="http://www.tei-c.org/ns/1.0">De eerste gemaecte punct op Maleyen, genampt Amsterdam, de twede de<lb/> Coninck van Gilolespunct1 <hi rend="font-size:10; font-family:Liberation Serif; vertical-align:super" xml:lang="nl">2),</hi> de derde de Coninck van Ternatespunct.<lb/></p><p xml:id="INT_503c8d67-1c03-3478-b595-5f692d928f3c.TEI.1.text.1.body.1.div.1.p.13" xml:lang="nl" rend="font-size: 10; text-align: justify; line-height: 11.7pt; text-indent: 22.0pt" xmlns="http://www.tei-c.org/ns/1.0">Het Casteel op Marieecke de Vereenichde Provintien, de vier puncten genampt<lb/> Uutrecht, Enckhuysen, Amersfort, Reaell, als U Ed. alles per de copien<lb/> van de resolutie wijders sal connen sien.<lb/></p><p xml:id="INT_503c8d67-1c03-3478-b595-5f692d928f3c.TEI.1.text.1.body.1.div.1.p.14" xml:lang="nl" rend="font-size: 10; text-align: justify; line-height: 11.7pt; text-indent: 22.0pt" xmlns="http://www.tei-c.org/ns/1.0">Ende alsoo ’t Casteel van Amboyna voor desen geen naem en is gegeven<lb/> geweest, is nu bij ons alhier genampt Victoria <hi rend="font-size:10; font-family:Liberation Serif; vertical-align:super" xml:lang="nl">3),</hi> als wesende de eerste conqueste<lb/> van U Ed. in dese landen.<lb/></p><p xml:id="INT_503c8d67-1c03-3478-b595-5f692d928f3c.TEI.1.text.1.body.1.div.1.p.15" xml:lang="nl" rend="font-size: 10; text-align: justify; line-height: 11.7pt; text-indent: 22.0pt" xmlns="http://www.tei-c.org/ns/1.0">Den heer advocaet, gepromo veert sijnde tot dit voorsz. offitie, heb ick wel<lb/> horen seggen: Ick moet nu de boecken achter de kist smijten ende den degen op<lb/> zijde nemen. Hij heeft dit niet alleen gedaen maer mede den coopman, die hij<lb/> veracht ende den soldaet in alles boven haer stelt, alsoo dat den coopman nu twee<lb/> meesters is hebbende, te weten den heer advocaet voorsz. ende de capiteyns, tot<lb/> grote schade ende nadeel van U Ed. saecken aldaer.<lb/></p><p xml:id="INT_503c8d67-1c03-3478-b595-5f692d928f3c.TEI.1.text.1.body.1.div.1.p.16" xml:lang="nl" rend="font-size: 10; text-align: justify; line-height: 11.7pt; text-indent: 22.0pt" xmlns="http://www.tei-c.org/ns/1.0">Ick hadde voor mijn vertreck van de Moluques in mijnen sin, in cas dat daer<lb/> geen nieuwen Generaell en quam off in ’t comen overleden soude zijn, desen in<lb/> mijnen plaetse te eligeren, hetwelcke nu alleen niet gedaen sal werden, maer oock<lb/> leetwezen hebbe hem door mij soo hooch gepromoveert te sijn. In effect, desen man<lb/> en dient niet hoger om de redenen voorsz.<lb/></p><note xml:id="INT_503c8d67-1c03-3478-b595-5f692d928f3c.TEI.1.text.1.body.1.div.1.note.4" xml:lang="nl" rend="font-size: 7.5; line-height: 9.6pt; text-indent: 21.0pt" xmlns="http://www.tei-c.org/ns/1.0">1 ) Hieruit blijkt, hoe Both, hoewel hij Gouverneur-Generaal is, nog vasthoudt aan vlootgebruiken.<lb/><lb/></note><note xml:id="INT_503c8d67-1c03-3478-b595-5f692d928f3c.TEI.1.text.1.body.1.div.1.note.5" xml:lang="nl" rend="font-size: 7.5; line-height: 9.6pt; text-indent: 20.0pt" xmlns="http://www.tei-c.org/ns/1.0">2) De vorst van Djailolo was vanouds een der vier Molukse koningen; omstreeks 1600<lb/> was hij evenwel niet veel meer dan een vazal van Ternate en daar verblijvend.<lb/></note><note xml:id="INT_503c8d67-1c03-3478-b595-5f692d928f3c.TEI.1.text.1.body.1.div.1.note.6" xml:lang="nl" rend="font-size: 7.5; text-align: justify; line-height: 9.6pt; margin-left: 2000" xmlns="http://www.tei-c.org/ns/1.0">3) <hi rend="font-size:7.5; font-family:Liberation Serif; font-style:italic" xml:lang="nl">Oudheden</hi> vermeldt deze naamgeving door Both niet.<lb/></note><pb xml:id="INT_503c8d67-1c03-3478-b595-5f692d928f3c.TEI.1.text.1.body.1.div.1.pb.2" n="36" facs="http://resources.huygens.knaw.nl/retroapp/service_generalemissiven/gm_01/images/gm_1_104_0036.tif"/><fw xml:id="INT_503c8d67-1c03-3478-b595-5f692d928f3c.TEI.1.text.1.body.1.div.1.fw.3" place="top" type="page-number" facs="#zone.871838" xmlns="http://www.tei-c.org/ns/1.0">36</fw><fw xml:id="INT_503c8d67-1c03-3478-b595-5f692d928f3c.TEI.1.text.1.body.1.div.1.fw.4" place="top" type="head" facs="#zone.871842" xmlns="http://www.tei-c.org/ns/1.0">Both XX, 10 november 1614</fw><p xml:id="INT_503c8d67-1c03-3478-b595-5f692d928f3c.TEI.1.text.1.body.1.div.1.p.17" xml:lang="nl" rend="font-size: 10; text-align: justify; line-height: 11.7pt; text-indent: 21.0pt" xmlns="http://www.tei-c.org/ns/1.0">Hij heeft voor sijn vertreck uyt ’t vaderlandt een appolosia gemaect in faveur<lb/> van sijn swager den predicant Arminius, alsdoen overleden, welcke oorsaecke hem<lb/> beleth heeft tot avanchement aldaer te comen <hi rend="font-size:10; font-family:Liberation Serif; vertical-align:super" xml:lang="nl">1).</hi><lb/></p><p xml:id="INT_503c8d67-1c03-3478-b595-5f692d928f3c.TEI.1.text.1.body.1.div.1.p.18" xml:lang="nl" rend="font-size: 10; text-align: justify; line-height: 11.7pt; text-indent: 21.0pt" xmlns="http://www.tei-c.org/ns/1.0">Dese voorsz. procedures is de twede appolosia. Ick ben van sijnen wegen<lb/> bedroeft.<lb/></p><p xml:id="INT_503c8d67-1c03-3478-b595-5f692d928f3c.TEI.1.text.1.body.1.div.1.p.19" xml:lang="nl" rend="font-size: 7.5; text-align: justify; line-height: 9.6pt; text-indent: 22.0pt" xmlns="http://www.tei-c.org/ns/1.0">1 ) Hier wordt wel gezinspeeld op de voorrede van de door de weduwe van Arminius en<lb/> haar broeders in 1610 te Leiden uitgegeven <hi rend="font-size:7.5; font-family:Liberation Serif; font-style:italic" xml:lang="nl">Verclaringhe Jacobi Arminii Saliger Ohedachten</hi><lb/><hi rend="font-size:7.5; font-family:Liberation Serif; font-style:italic" xml:lang="nl">etc.</hi> waarover men leze G. Brandt, <hi rend="font-size:7.5; font-family:Liberation Serif; font-style:italic" xml:lang="nl">Hist. der Reformatie</hi> II, p. 116-117 en J. H. Maronier,<lb/><hi rend="font-size:7.5; font-family:Liberation Serif; font-style:italic" xml:lang="nl">Jac. Arminius</hi> , Amsterdam 1905, p. 346-347.<lb/></p>
            
      </div>
                  </body>
                </text>
              </TEI>