<TEI xml:id="INT_cf76ae08-e798-39e2-8745-891dc6f7cd6a" xmlns="http://www.tei-c.org/ns/1.0">
                <teiHeader>
      <fileDesc>
        <titleStmt>
          <title>Ongedateerd en zonder plaats</title>
        </titleStmt>
        <publicationStmt>
          <p>
            <date>Ongedateerd en zonder plaats</date>
            <idno type="sourceID">missiven:vol1</idno>
            <idno type="pid">INT_cf76ae08-e798-39e2-8745-891dc6f7cd6a</idno>
          </p>
        </publicationStmt>
        <notesStmt>
          <note/>
        </notesStmt>
        <sourceDesc>
          <listBibl xml:id="inlMetadata">
            <bibl type="missive">
        <interpGrp type="page"><interp>18</interp></interpGrp>
        
      <interpGrp type="titleLevel1"><interp>Ongedateerd en zonder plaats</interp></interpGrp>
      <interpGrp type="dateLevel1"><interp>Ongedateerd en zonder plaats</interp></interpGrp>
        <interpGrp type="tocLevel"><interp>1</interp></interpGrp>
      <interpGrp type="volume"><interp>1</interp></interpGrp>
        <interpGrp type="n"><interp>X</interp></interpGrp>
      
      
      
      
      
      
      
      <interpGrp type="authorLevel1"><interp></interp></interpGrp>
      <interpGrp type="pid"><interp>INT_cf76ae08-e798-39e2-8745-891dc6f7cd6a</interp></interpGrp>
    </bibl>
          </listBibl>
        </sourceDesc>
      </fileDesc>
    </teiHeader>
                <text xml:id="INT_cf76ae08-e798-39e2-8745-891dc6f7cd6a.TEI.1.text.1">
                  <body xml:id="INT_cf76ae08-e798-39e2-8745-891dc6f7cd6a.TEI.1.text.1.body.1">
                    <div xml:id="INT_cf76ae08-e798-39e2-8745-891dc6f7cd6a.TEI.1.text.1.body.1.div.1">
        
              <pb xml:id="INT_cf76ae08-e798-39e2-8745-891dc6f7cd6a.TEI.1.text.1.body.1.div.1.pb.1" n="18" facs="http://resources.huygens.knaw.nl/retroapp/service_generalemissiven/gm_01/images/gm_1_104_0018.tif"/><fw xml:id="INT_cf76ae08-e798-39e2-8745-891dc6f7cd6a.TEI.1.text.1.body.1.div.1.fw.1" place="top" type="page-number" facs="#zone.345985" xmlns="http://www.tei-c.org/ns/1.0">18</fw><fw xml:id="INT_cf76ae08-e798-39e2-8745-891dc6f7cd6a.TEI.1.text.1.body.1.div.1.fw.2" place="top" type="head" facs="#zone.345989" xmlns="http://www.tei-c.org/ns/1.0">Both X</fw><head xml:id="INT_cf76ae08-e798-39e2-8745-891dc6f7cd6a.TEI.1.text.1.body.1.div.1.head.1" xml:lang="nl" rend="font-size: 10; line-height: 12.9pt" xmlns="http://www.tei-c.org/ns/1.0">X. PIETER BOTH, ZONDER PLAATS EN DATUM.<lb/></head><p xml:id="INT_cf76ae08-e798-39e2-8745-891dc6f7cd6a.TEI.1.text.1.body.1.div.1.p.1" xml:lang="nl" rend="font-size: 8; line-height: 12.9pt" xmlns="http://www.tei-c.org/ns/1.0">961, 2 folio’s.<lb/></p><note xml:id="INT_cf76ae08-e798-39e2-8745-891dc6f7cd6a.TEI.1.text.1.body.1.div.1.note.1" xml:lang="nl" place="inline" type="editorial-summary" resp="editor" rend="font-style: italic; margin-right: 300; line-height: 12.9pt; text-align: center; font-size: 9.5" xmlns="http://www.tei-c.org/ns/1.0">(Over particuliere handel van Jacques VHermite) .<lb/></note>
            
      </div>
                  </body>
                </text>
              </TEI>