<TEI xml:id="INT_1e7d8433-67cf-31fd-a3e5-75023c63b195" xmlns="http://www.tei-c.org/ns/1.0">
                <teiHeader>
      <fileDesc>
        <titleStmt>
          <title>Brouwer, Vlack, Maerten Ysbrantsz. en Van der Burch, 8 febr. 1633</title>
        </titleStmt>
        <publicationStmt>
          <p>
            <date>8 febr. 1633</date>
            <idno type="sourceID">missiven:vol1</idno>
            <idno type="pid">INT_1e7d8433-67cf-31fd-a3e5-75023c63b195</idno>
          </p>
        </publicationStmt>
        <notesStmt>
          <note/>
        </notesStmt>
        <sourceDesc>
          <listBibl xml:id="inlMetadata">
            <bibl type="missive">
        <interpGrp type="page"><interp>369</interp></interpGrp>
        
      <interpGrp type="titleLevel1"><interp>Brouwer, Vlack, Maerten Ysbrantsz. en Van der Burch, 8 febr. 1633</interp></interpGrp>
      <interpGrp type="dateLevel1"><interp>8 febr. 1633</interp></interpGrp>
        <interpGrp type="tocLevel"><interp>1</interp></interpGrp>
      <interpGrp type="volume"><interp>1</interp></interpGrp>
        <interpGrp type="n"><interp>III</interp></interpGrp>
      
      <interpGrp type="witnessYearLevel1_from"><interp>1633</interp></interpGrp>
      <interpGrp type="witnessYearLevel1_to"><interp>1633</interp></interpGrp>
      <interpGrp type="witnessMonthLevel1_to"><interp>2</interp></interpGrp>
      <interpGrp type="witnessMonthLevel1_from"><interp>2</interp></interpGrp>
      <interpGrp type="witnessDayLevel1_to"><interp>8</interp></interpGrp>
      <interpGrp type="witnessDayLevel1_from"><interp>8</interp></interpGrp>
      <interpGrp type="authorLevel1"><interp>Brouwer</interp><interp>Vlack</interp><interp>Maerten Ysbrantsz.</interp><interp>Van der Burch</interp></interpGrp>
      <interpGrp type="pid"><interp>INT_1e7d8433-67cf-31fd-a3e5-75023c63b195</interp></interpGrp>
    </bibl>
          </listBibl>
        </sourceDesc>
      </fileDesc>
    </teiHeader>
                <text xml:id="INT_1e7d8433-67cf-31fd-a3e5-75023c63b195.TEI.1.text.1">
                  <body xml:id="INT_1e7d8433-67cf-31fd-a3e5-75023c63b195.TEI.1.text.1.body.1">
                    <div xml:id="INT_1e7d8433-67cf-31fd-a3e5-75023c63b195.TEI.1.text.1.body.1.div.1">
        
              <pb xml:id="INT_1e7d8433-67cf-31fd-a3e5-75023c63b195.TEI.1.text.1.body.1.div.1.pb.1" n="369" facs="http://resources.huygens.knaw.nl/retroapp/service_generalemissiven/gm_01/images/gm_1_104_0369.tif"/><fw xml:id="INT_1e7d8433-67cf-31fd-a3e5-75023c63b195.TEI.1.text.1.body.1.div.1.fw.1" place="top" type="head" facs="#zone.895676" xmlns="http://www.tei-c.org/ns/1.0">Brouwer, Vlack, Maerten Ysbrantsz. en Van der Burch III, 8 februari 1633</fw><fw xml:id="INT_1e7d8433-67cf-31fd-a3e5-75023c63b195.TEI.1.text.1.body.1.div.1.fw.2" place="top" type="page-number" facs="#zone.895717" xmlns="http://www.tei-c.org/ns/1.0">369</fw><head xml:id="INT_1e7d8433-67cf-31fd-a3e5-75023c63b195.TEI.1.text.1.body.1.div.1.head.1" xml:lang="nl" rend="font-size: 10; text-align: justify; line-height: 11.7pt" xmlns="http://www.tei-c.org/ns/1.0">III. HENRICK BROUWER, DR. PIETER VLACK, MAERTEN YSBRANTSZ.<lb/> EN JAN VAN DER BURCH, BATAVIA, 8 februari 1633.<lb/></head><p xml:id="INT_1e7d8433-67cf-31fd-a3e5-75023c63b195.TEI.1.text.1.body.1.div.1.p.1" xml:lang="nl" rend="font-size: 8; text-align: justify; line-height: 9.6pt" xmlns="http://www.tei-c.org/ns/1.0">1018, f. 9-10 (potlood), 2e exemplaar f. 221-223 (potlood), 3e exemplaar, gedateerd 7 febr. 1633<lb/> en gaande tot: naar Japan te gebruiken f. 200-201 (potlood).<lb/></p><p xml:id="INT_1e7d8433-67cf-31fd-a3e5-75023c63b195.TEI.1.text.1.body.1.div.1.p.2" xml:lang="nl" rend="font-size: 10; text-align: justify; line-height: 11.7pt; text-indent: 21.0pt" xmlns="http://www.tei-c.org/ns/1.0">Naerdat wij deesen mergen onse nevensgaende missive aen UE. hadden affgesonden<lb/> met ons Bantams convoyjacht Negepatnan om door d’heere mr. Hoar <hi rend="font-size:10; font-family:Liberation Serif; vertical-align:super" xml:lang="nl">1),</hi><lb/>president van de eerwaerdige Engelsche Comp.e, U E. door handen van de heeren<lb/> zijne meesters toegesonden te werden, soo is, Godt loff, ons desen achternoen<lb/> met een Chinees vaertuych, daertoe expres uyt Tayouan door den. gouverneur<lb/> Peutmans gecocht ende afgesonden, de Blijde Bootschap genaempt, toegecomen<lb/> de aengename tijdinge van de volcomene relaxatie ende vrijgevinge onser schepen,<lb/> middelen ende volcken in Japan, dat in des Conincx hoff tot Edo is geresolveert<lb/> den 22e november lestleden met dees loffelijcke verclaringe, dat de onschuldige<lb/> Nederlanders over de begane faulte van den governeur Nuyts vrijgelaten wierden,<lb/> waervan het gewenste effect tot Firando is gevolcht den 6e december passado,<lb/> sulcx dat d’onse doende waren met de goederen af te schepen ende waren den<lb/> 22e december in onse jachten den Ar ent, Heusden ende Kemphaen geladen<lb/> 1900 picol coper ende verscheyde geeyschte timmerhout, soo van daer ontbooden<lb/> was, sulcx dat met haer drien meest zeylreet lagen om te vertrecken, alleen wachtende<lb/> naer de compste des commandeurs Willem Jansz., die al op come[nde] wege<lb/> was ende stonden in de logie gepact een ende tseventich casgens, yder met twee<lb/> duysent realen in waerden aen Japans soma, dat is geraffineert silver, daerbij noch<lb/> thien d[uysent] realen souden gevoecht werden, die voor de hant waren ende, soo<lb/> de schuit van den heere van Firando conde spoedich ingevordert worden, soude<lb/> daer noch omtrent de thien ofte twaelff duysent pont Vlaems bij gevoecht werden.<lb/></p><p xml:id="INT_1e7d8433-67cf-31fd-a3e5-75023c63b195.TEI.1.text.1.body.1.div.1.p.3" resp="int_paragraph_joining" rend="">
              Den handel wert ons vrijgestelt als voor desen, het blijckt, dat de gedurige<lb xmlns="http://www.tei-c.org/ns/1.0"/> patiëntie ende resolute toesendinge van Sr Pieter Nuyts’ persoon overwonnen<lb xmlns="http://www.tei-c.org/ns/1.0"/> heeft allen ingenomen regret ende ongenegentheyt, soo de Japanderen tegens<lb xmlns="http://www.tei-c.org/ns/1.0"/> U E. volckeren ende middelen ingenomen hadden ende door die beleef theyt overwonnen<lb xmlns="http://www.tei-c.org/ns/1.0"/> zijn, werdende vastelijcken vertrout, dat gemelte Sr Nuyts geen andere<lb xmlns="http://www.tei-c.org/ns/1.0"/> swaricheyt sal overcomen als de detentie van weynige jaren onder eerlij ck tractement<lb xmlns="http://www.tei-c.org/ns/1.0"/> ; hij was aen de regeerderen van Firando door begeerte van des Keysers raet<lb xmlns="http://www.tei-c.org/ns/1.0"/> overgelevert, tot geselschap hebbende twee ondercoopluyden van U E. dienaren,<lb xmlns="http://www.tei-c.org/ns/1.0"/> door d’onse hem bijgevoecht, die vrij acces bij hem hebben ende de wachten, soo<lb xmlns="http://www.tei-c.org/ns/1.0"/> te vooren wierden gehouden over U E. factorij e aldaer, zijn tot bewaeringe van<lb xmlns="http://www.tei-c.org/ns/1.0"/> sijn persoon door ordre van gemelte Conincxs raeden gestelt. Onse gevangenen,<lb xmlns="http://www.tei-c.org/ns/1.0"/> zoo in Ombra ende Arima2) gedetineert waren van ons jacht Erasmus, aldaer<lb xmlns="http://www.tei-c.org/ns/1.0"/> gesneuvelt <hi rend="font-size:10; font-family:Liberation Serif; vertical-align:super" xml:lang="nl" xmlns="http://www.tei-c.org/ns/1.0">3),</hi> waren met het geschut ende contant, van de goederen geprocedeert,<lb xmlns="http://www.tei-c.org/ns/1.0"/><note xml:id="INT_1e7d8433-67cf-31fd-a3e5-75023c63b195.TEI.1.text.1.body.1.div.1.p.3.note.1" xml:lang="nl" rend="font-size: 8; text-align: justify; line-height: 9.6pt; text-indent: 23.0pt" xmlns="http://www.tei-c.org/ns/1.0">1) William Hoare kwam in 1618 als koopman van de Engelse Compagnie te Suratte en<lb/> werd in 1620 naar Engeland gezonden om te rapporteren over het nemen van Engelse schepen<lb/> door Nederlanders in het begin van dat jaar. In 1622 maakte hij een reis naar Mokka; hij was<lb/> in 1623 pakhuismeester te Suratte. Hij repatrieerde 1626 en kwam 1628 weer uit als president<lb/> van het Engelse kantoor te Batavia, dat hij naar Bantam overbracht; in 1634 agent in Perzië.<lb/></note><note xml:id="INT_1e7d8433-67cf-31fd-a3e5-75023c63b195.TEI.1.text.1.body.1.div.1.p.3.note.2" xml:lang="nl" rend="font-size: 8; line-height: 9.6pt; text-indent: 22.0pt" xmlns="http://www.tei-c.org/ns/1.0">2) Arima, plaats op Kiushiu, niet ver van de westkust, benoorden het schiereiland<lb/> Amakusu.<lb/></note><note xml:id="INT_1e7d8433-67cf-31fd-a3e5-75023c63b195.TEI.1.text.1.body.1.div.1.p.3.note.3" xml:lang="nl" rend="font-size: 8; text-align: justify; line-height: 9.6pt; text-indent: 22.0pt" xmlns="http://www.tei-c.org/ns/1.0">3) De Erasmus bracht in juli 1628 de voor Nuyts in de plaats gegeven gijzelaars naar<lb/> Japan en werd te Nagasaki vastgehouden. Door onvoldoende onderhoud ging het jacht daar<lb/> sterk achteruit. Zie <hi rend="font-size:8; font-family:Liberation Serif; font-style:italic" xml:lang="nl">Nuyts,</hi> p. 33 en 34.<lb/></note><fw xml:id="INT_1e7d8433-67cf-31fd-a3e5-75023c63b195.TEI.1.text.1.body.1.div.1.p.3.fw.1" type="bottom-page-number">24</fw><pb xml:id="INT_1e7d8433-67cf-31fd-a3e5-75023c63b195.TEI.1.text.1.body.1.div.1.p.3.pb.1" n="370" facs="http://resources.huygens.knaw.nl/retroapp/service_generalemissiven/gm_01/images/gm_1_104_0370.tif"/><fw xml:id="INT_1e7d8433-67cf-31fd-a3e5-75023c63b195.TEI.1.text.1.body.1.div.1.p.3.fw.2" place="top" type="page-number" facs="#zone.902198" xmlns="http://www.tei-c.org/ns/1.0">37G</fw><fw xml:id="INT_1e7d8433-67cf-31fd-a3e5-75023c63b195.TEI.1.text.1.body.1.div.1.p.3.fw.3" place="top" type="head" facs="#zone.902202" xmlns="http://www.tei-c.org/ns/1.0">Brouwer, Vlack, Maerten Ysbrantsz. en Van der Burch III, 8 februari 1633</fw>den 21e ende tweeentwintich sten december in Firando aengecomen, meedebrengende<lb xmlns="http://www.tei-c.org/ns/1.0"/> de doode lichamen van Pieter Jansen Muyser *) ende Sr Nuyts outsten<lb xmlns="http://www.tei-c.org/ns/1.0"/> soon1 <hi rend="font-size:10; font-family:Liberation Serif; vertical-align:super" xml:lang="nl" xmlns="http://www.tei-c.org/ns/1.0">2),</hi> die daer overleden waren om bij onse Christenen in Firando begraven<lb xmlns="http://www.tei-c.org/ns/1.0"/> te werden.<lb xmlns="http://www.tei-c.org/ns/1.0"/>
            </p><p xml:id="INT_1e7d8433-67cf-31fd-a3e5-75023c63b195.TEI.1.text.1.body.1.div.1.p.4" xml:lang="nl" rend="font-size: 10; text-align: justify; line-height: 11.7pt; text-indent: 23.0pt" xmlns="http://www.tei-c.org/ns/1.0">Zeer wijselijck[en] doen d’onse, dat se trachten met de drie jachten gelijckelycken<lb/> uyt Firando te seylen om comp.e te houden ende malcanderen te mogen<lb/> assisteren bij overcominge van eenige zeenoot, alsoo gemelte jachten seer sullen<lb/> sijn verargert, vergaen ende verswact door het soo langh geduerde arrest ende<lb/> volgens voor desen gegeven ordre sal se de heere Putmans op de custe van China<lb/> in Erasmus Bay met de jachten Der Goes, Catwijck ende twee j oneken verwachten,<lb/> daer seer bequame aencompste ende haven is, waermeede oock bevrijt sullen<lb/> wesen van de gestadige stormen, soo in dees tijt van ’t jaer langes die custe<lb/> wayende zijn.<lb/></p><p xml:id="INT_1e7d8433-67cf-31fd-a3e5-75023c63b195.TEI.1.text.1.body.1.div.1.p.5" resp="int_paragraph_joining" rend="">
              Dees tijdinghe is van Japan gesonden door de commisen van de jachten<lb xmlns="http://www.tei-c.org/ns/1.0"/> Jan Jacobsen Bors <hi rend="font-size:10; font-family:Liberation Serif; vertical-align:super" xml:lang="nl" xmlns="http://www.tei-c.org/ns/1.0">3)</hi> ende Joost Schoutens <hi rend="font-size:10; font-family:Liberation Serif; vertical-align:super" xml:lang="nl" xmlns="http://www.tei-c.org/ns/1.0">4)</hi> alsmeede door Sr Pieter Nuyts over<lb xmlns="http://www.tei-c.org/ns/1.0"/> Nangasacque na Tayouan met een joneke van Ingaywatting <hi rend="font-size:10; font-family:Liberation Serif; vertical-align:super" xml:lang="nl" xmlns="http://www.tei-c.org/ns/1.0">5)</hi> bij brieven van<lb xmlns="http://www.tei-c.org/ns/1.0"/> elff ende twee en twintichsten december passado, met veele brieven, journaelen<lb xmlns="http://www.tei-c.org/ns/1.0"/> ende bescheyden van tgeene aldaer was gepasseert t’sedert het vertreck van der<lb xmlns="http://www.tei-c.org/ns/1.0"/> vrijluyden jacht d’Perel <hi rend="font-size:10; font-family:Liberation Serif; vertical-align:super" xml:lang="nl" xmlns="http://www.tei-c.org/ns/1.0">6)</hi> tot d’aencompste in Firando van de fluit Warmont,<lb xmlns="http://www.tei-c.org/ns/1.0"/> aldaer gearriveert met Sr Nuyts den elfden september passado, ende d’affvaerdinge<lb xmlns="http://www.tei-c.org/ns/1.0"/>van gemelte brieven is geweest . op den twee en twintichsten d° december.<lb xmlns="http://www.tei-c.org/ns/1.0"/>De vrije luyden van voors. fluyt Warmont deeden haren handel vrij ende lyberlijcken;<lb xmlns="http://www.tei-c.org/ns/1.0"/> de sijde was daer op den prijs van omtrent drie hondert tayl het picol<lb xmlns="http://www.tei-c.org/ns/1.0"/> ende ons vaderlandtsche cargasoene waeren daer wel begeert, sulex dat U E. den<lb xmlns="http://www.tei-c.org/ns/1.0"/> eysch voor Jappan ons vrijelicken met den eersten mogen toesenden in conformite<lb xmlns="http://www.tei-c.org/ns/1.0"/> van den eysch, in Japan gedaen ende geschiet bij ons geen paticularisatie <hi rend="font-size:10; font-family:Liberation Serif; vertical-align:super" xml:lang="nl" xmlns="http://www.tei-c.org/ns/1.0">7),</hi><lb xmlns="http://www.tei-c.org/ns/1.0"/><note xml:id="INT_1e7d8433-67cf-31fd-a3e5-75023c63b195.TEI.1.text.1.body.1.div.1.p.5.note.1" xml:lang="nl" rend="font-size: 8; text-align: justify; line-height: 9.3pt; text-indent: 22.0pt" xmlns="http://www.tei-c.org/ns/1.0">1) Pieter Jansz. Muyser, opperkoopman in Japan, 4 dec. 1624 als commandeur van<lb/> enige schepen van Thaiwan naar de baai van Manilla gezonden, 4 febr. 1627 fiscaal te Batavia,<lb/> mei 1627 als tweede gezant met Nuyts naar Japan gezonden, 18 maart 1628 te Thaiwan aangekomen,<lb/> secunde aldaar, in juli als gijzelaar voor Nuyts naar Japan meegenomen, waar hij<lb/> 1631 stierf.<lb/></note><note xml:id="INT_1e7d8433-67cf-31fd-a3e5-75023c63b195.TEI.1.text.1.body.1.div.1.p.5.note.2" xml:lang="nl" rend="font-size: 8; line-height: 9.3pt; text-indent: 22.0pt" xmlns="http://www.tei-c.org/ns/1.0">2) Laurens Nuyts, zoontje van Pieter N., als gijzelaar voor zijn vader in juli 1628 naar<lb/> Japan meegenomen, waar hij 29 dec. 1630 te Omura stierf.<lb/></note><note xml:id="INT_1e7d8433-67cf-31fd-a3e5-75023c63b195.TEI.1.text.1.body.1.div.1.p.5.note.3" xml:lang="nl" rend="font-size: 8; text-align: justify; line-height: 9.3pt; text-indent: 22.0pt" xmlns="http://www.tei-c.org/ns/1.0">3) Jan Jacobsz. Bors kwam in 1621 als adelborst uit, aug. 1625 bevorderd van assistent<lb/> op de Goede Fortuyn tot onderkoopman, 1632 in Japan, mei 1633 beboet wegens particuliere<lb/> handel en als ondienstig naar patria gezonden.<lb/></note><note xml:id="INT_1e7d8433-67cf-31fd-a3e5-75023c63b195.TEI.1.text.1.body.1.div.1.p.5.note.4" xml:lang="nl" rend="font-size: 8; text-align: justify; line-height: 9.3pt; text-indent: 22.0pt" xmlns="http://www.tei-c.org/ns/1.0">4) Joost Schouten kwam 1622 als assistent uit en werd, later als onderkoopman, tot<lb/> begin 1629 gebruikt voor de handel op Siam, waar hij soms door de schepen bij vertrek werd<lb/> achtergelaten. Van juni 1629 tot eind 1632 in Japan aangehouden, april 1633 tot april 1636<lb/> hoofd van het kantoor in Siam, aug. tot sept. 1636 gezant derwaarts. Hij repatrieerde jan. 1637<lb/> en kwam december 1639 in opperkoopmansrang, als commandeur van twee schepen uit. Te<lb/> Batavia belast met de kas en het dagregister, feb. 1640 lid, iets later vice-president van de<lb/> Raad van Justitie, begin 1641 als commissaris naar Malakka, 3 april gezant naar Atjeh, 8 nov.<lb/> extra-ord. raad van Indië. Op 13 juli 1644 werd hij wegens crimen nefandum te Batavia<lb/> geëxecuteerd.<lb/></note><note xml:id="INT_1e7d8433-67cf-31fd-a3e5-75023c63b195.TEI.1.text.1.body.1.div.1.p.5.note.5" xml:lang="nl" rend="font-size: 8; line-height: 9.3pt; text-indent: 21.0pt" xmlns="http://www.tei-c.org/ns/1.0">5) Ingaywatting, ook als Wanteongh vermeld, Chinees koopman te Amoy, handelend<lb/> op Japan.<lb/></note><note xml:id="INT_1e7d8433-67cf-31fd-a3e5-75023c63b195.TEI.1.text.1.body.1.div.1.p.5.note.6" xml:lang="nl" rend="font-size: 8; text-align: justify; line-height: 9.3pt; text-indent: 21.0pt" xmlns="http://www.tei-c.org/ns/1.0">6) Uit het hier vermelde zou men opmaken, dat het vrij burgersj acht de Parel voor het<lb/> einde van het beslag reeds uit Japan mocht vertrekken. Daaromtrent is mij uit andere bron<lb/> niets bekend.<lb/></note><note xml:id="INT_1e7d8433-67cf-31fd-a3e5-75023c63b195.TEI.1.text.1.body.1.div.1.p.5.note.7" xml:lang="nl" rend="font-size: 8; text-align: justify; line-height: 9.3pt; margin-left: 2100" xmlns="http://www.tei-c.org/ns/1.0">7) Sic. Bedoeld is blijkbaar, dat men zich te Batavia houdt aan de door de Compagnies-<lb/></note><pb xml:id="INT_1e7d8433-67cf-31fd-a3e5-75023c63b195.TEI.1.text.1.body.1.div.1.p.5.pb.1" n="371" facs="http://resources.huygens.knaw.nl/retroapp/service_generalemissiven/gm_01/images/gm_1_104_0371.tif"/><fw xml:id="INT_1e7d8433-67cf-31fd-a3e5-75023c63b195.TEI.1.text.1.body.1.div.1.p.5.fw.1" place="top" type="head" facs="#zone.905336" xmlns="http://www.tei-c.org/ns/1.0">Brouwer, Vlack, Maerten Ysbrantsz. en Van der Burch III, 8 februari 1633</fw><fw xml:id="INT_1e7d8433-67cf-31fd-a3e5-75023c63b195.TEI.1.text.1.body.1.div.1.p.5.fw.2" place="top" type="page-number" facs="#zone.905351" xmlns="http://www.tei-c.org/ns/1.0">371</fw>omdat ons van daer in lange geen eysch toegecomen is ende om andere redene<lb xmlns="http://www.tei-c.org/ns/1.0"/> aen U E. discretie gerefereert ende hoopen wij den handel soo te derigeren, dat<lb xmlns="http://www.tei-c.org/ns/1.0"/> U E. capitalen soodanieh perijckel niet meer sullen subiect zijn, gelijck de Portugeesen<lb xmlns="http://www.tei-c.org/ns/1.0"/> menichte van jaren hebben weten te doen, die haere beste ende waerdste<lb xmlns="http://www.tei-c.org/ns/1.0"/> goederen in hare schepen houden, daeruyt leveren ende in deselve haer geit ontfangen,<lb xmlns="http://www.tei-c.org/ns/1.0"/> waertoe Firando onbequaem is, want die zijn schip aldaer inbrengt te<lb xmlns="http://www.tei-c.org/ns/1.0"/> haevenen, sich selven stelt in ’t volcomen vermogen der Japanderen, alsoo men<lb xmlns="http://www.tei-c.org/ns/1.0"/> daer door het periculeuse vaerwater en de vehemente stroomen met loutere cracht<lb xmlns="http://www.tei-c.org/ns/1.0"/> van der inwoonderen roeytuych moet binnengebouchsaert werden. Sullen d’ons<lb xmlns="http://www.tei-c.org/ns/1.0"/> het Firandische gebouw niet dwingen omgelijcke swaricheyt naer desen onderworpen<lb xmlns="http://www.tei-c.org/ns/1.0"/> te wesen, alsoo de Japanderen te nauw te wachten ende U E. dienaers<lb xmlns="http://www.tei-c.org/ns/1.0"/> haere menschelickheyden onderworpen zijn. Onse Nieuwenroode is out, caduyck<lb xmlns="http://www.tei-c.org/ns/1.0"/> ende heel affgesleeten, vol siekten ende miserien, sulcx dat van hem, noch door<lb xmlns="http://www.tei-c.org/ns/1.0"/> zijn last, ons yets van desen standt aengeschreven is, waerin met den eersten naer<lb xmlns="http://www.tei-c.org/ns/1.0"/> eysch van U E. dienst versien sullen.<lb xmlns="http://www.tei-c.org/ns/1.0"/>
            </p><p xml:id="INT_1e7d8433-67cf-31fd-a3e5-75023c63b195.TEI.1.text.1.body.1.div.1.p.6" xml:lang="nl" rend="font-size: 10; text-align: justify; line-height: 11.7pt; text-indent: 22.0pt" xmlns="http://www.tei-c.org/ns/1.0">Den handel van China continueert met de ordinarie obstaculen, daer resteerden<lb/> echter maer omtrent de sesthien duysent realen te besteeden, hadden op<lb/> nieus gereet omtrent de twee hondert duysent pont suycker ende bij de vijftich<lb/> picol sijde, die tot inlantschen handel gebruyct sullen werden. U E. mogen vertrouwen,<lb/> soo wij oock vastelijck doen, dat alles met Godes hulpe wel sal gaen,<lb/> ons dan maer providerende naer onsen eysch, U E. op hoope deser tijdinge met<lb/> de vloote van de Heere Specxs (werden) aengeschreven, waermeede ons doen wel<lb/> uytvoeren sullen, te meer seecker is, dat soo met den eersten keere groote capitaelen<lb/> in China niet sullen connen besteeden ende oock ongeraden is voor eerst<lb/> d’selve naer Japan te gebruycken <hi rend="font-size:10; font-family:Liberation Serif; vertical-align:super" xml:lang="nl">* 1).</hi><lb/></p><p xml:id="INT_1e7d8433-67cf-31fd-a3e5-75023c63b195.TEI.1.text.1.body.1.div.1.p.7" resp="int_paragraph_joining" rend="">
              Op hoope van deese goede tijdinge vroeger te becoomen ende dat ons van<lb xmlns="http://www.tei-c.org/ns/1.0"/> Jambij ende de Westcust noch goede quantiteyt peper zoude weesen aengebracht,<lb xmlns="http://www.tei-c.org/ns/1.0"/> item om ons van retourschepen te ontlasten ende U E. te overvloediger van retouren<lb xmlns="http://www.tei-c.org/ns/1.0"/> ende vercoopelijcke waren te versien, soo hadden alle onse alhier resteerende<lb xmlns="http://www.tei-c.org/ns/1.0"/> effecten, tot retouren dienstich, in ’t schip Leeuwaerden gelaeden ende soo ’t ons<lb xmlns="http://www.tei-c.org/ns/1.0"/> niet en had ontbroeeken aen hondert lasten peeper, zouden hetzelve schip omtrent<lb xmlns="http://www.tei-c.org/ns/1.0"/> primo januarij de Heere Specx gevolcht hebben, doch soo wanladen ende sonder<lb xmlns="http://www.tei-c.org/ns/1.0"/> considerabel subiect hebben ’t U E. niet derven laeten toecomen ; daer zijn ingescheept<lb xmlns="http://www.tei-c.org/ns/1.0"/> geweest<lb xmlns="http://www.tei-c.org/ns/1.0"/>170 000 IS Siams Chiam van <hi rend="font-size:10; font-family:Liberation Serif; vertical-align:super" xml:lang="nl" xmlns="http://www.tei-c.org/ns/1.0">2)</hi> hout<lb xmlns="http://www.tei-c.org/ns/1.0"/> 49 746 cattij zuycker in 48 leggers ende 207 kisten<lb xmlns="http://www.tei-c.org/ns/1.0"/> 8 295 catty witte rouwe Chinesche zijde in 29 kassen<lb xmlns="http://www.tei-c.org/ns/1.0"/> 6 374 sacken peeper ende<lb xmlns="http://www.tei-c.org/ns/1.0"/> 86 766 gerafineerde salpeter in 483 sacken.<lb xmlns="http://www.tei-c.org/ns/1.0"/>
            </p><p xml:id="INT_1e7d8433-67cf-31fd-a3e5-75023c63b195.TEI.1.text.1.body.1.div.1.p.8" resp="int_paragraph_joining" rend="">
              Doch vermits den tijt geheel verloopen is, het schip oock groot zijnde ende<lb xmlns="http://www.tei-c.org/ns/1.0"/> alle dit cargasoen uutgesondert den salpeeter ons connende dienen tot voirde-<lb xmlns="http://www.tei-c.org/ns/1.0"/><note xml:id="INT_1e7d8433-67cf-31fd-a3e5-75023c63b195.TEI.1.text.1.body.1.div.1.p.8.note.1" xml:lang="nl" rend="font-size: 8; text-align: justify; line-height: 9.6pt" xmlns="http://www.tei-c.org/ns/1.0">dienaren in Japan opgemaakte eis. Onze brief maakt de indruk in grote haast geschreven te zijn<lb/> en de drie exemplaren wijken in kleinigheden van elkaar af. Het eerste heeft voor: „den eysch<lb/> voor Jappan” „een goede partij e dienstige waren voor tselve landt”.<lb/></note><note xml:id="INT_1e7d8433-67cf-31fd-a3e5-75023c63b195.TEI.1.text.1.body.1.div.1.p.8.note.2" xml:lang="nl" rend="font-size: 8; text-align: justify; line-height: 9.6pt; margin-left: 2200" xmlns="http://www.tei-c.org/ns/1.0">1 ) Hier eindigt het handschrift f . 200-201 .<lb/></note><note xml:id="INT_1e7d8433-67cf-31fd-a3e5-75023c63b195.TEI.1.text.1.body.1.div.1.p.8.note.3" xml:lang="nl" rend="font-size: 8; line-height: 9.6pt; text-indent: 22.0pt" xmlns="http://www.tei-c.org/ns/1.0">2) Mij is niet duidelijk welke houtsoort hier wordt bedoeld; sapanhout is de houtsoort,<lb/> die men gewoonlijk uit Siam haalt. Is Chiam van een verschrijving?<lb/></note><pb xml:id="INT_1e7d8433-67cf-31fd-a3e5-75023c63b195.TEI.1.text.1.body.1.div.1.p.8.pb.1" n="372" facs="http://resources.huygens.knaw.nl/retroapp/service_generalemissiven/gm_01/images/gm_1_104_0372.tif"/><fw xml:id="INT_1e7d8433-67cf-31fd-a3e5-75023c63b195.TEI.1.text.1.body.1.div.1.p.8.fw.1" place="top" type="page-number" facs="#zone.907383" xmlns="http://www.tei-c.org/ns/1.0">372</fw><fw xml:id="INT_1e7d8433-67cf-31fd-a3e5-75023c63b195.TEI.1.text.1.body.1.div.1.p.8.fw.2" place="top" type="head" facs="#zone.907387" xmlns="http://www.tei-c.org/ns/1.0">Brouwer, Vlaclc, Maerten Ysbrantsz. en Van der Burch III, 8 februari 1633</fw>lijcken inlantschen handel ende vermeerderinge van tijdiger capitael, te meer U E.<lb xmlns="http://www.tei-c.org/ns/1.0"/> van alle deese goederen verre booven haeren eysch werden versien ende insonderheyt<lb xmlns="http://www.tei-c.org/ns/1.0"/> om U E. strickte ordre behoorlijcke naer te comen, cesserende door de commoditeyt<lb xmlns="http://www.tei-c.org/ns/1.0"/> van dit Engelscbe schip den Willem het considerabelste subiect deser<lb xmlns="http://www.tei-c.org/ns/1.0"/> affseindinge.<lb xmlns="http://www.tei-c.org/ns/1.0"/>
            </p><p xml:id="INT_1e7d8433-67cf-31fd-a3e5-75023c63b195.TEI.1.text.1.body.1.div.1.p.9" resp="int_paragraph_joining" rend="">
              Soo hebben geresolveert gemelte schip Leeuwaerden een jaer in ’t lant overich<lb xmlns="http://www.tei-c.org/ns/1.0"/> te houden ende te genougen met U E. dees blijde tijdinge door gemelte Willem<lb xmlns="http://www.tei-c.org/ns/1.0"/> toe te zeynden, dat des te noodiger hebben geoordeelt U E. aen te schrijven, omdat<lb xmlns="http://www.tei-c.org/ns/1.0"/> op onse voorige advijsen om Leeuwaerden ende Brouwershaeven te wachten niet<lb xmlns="http://www.tei-c.org/ns/1.0"/> en zouden mogen gecruyst werden, sooals bij U E. voor deesen tot groote last<lb xmlns="http://www.tei-c.org/ns/1.0"/>van de Comp.e is gedaen geweest .<lb xmlns="http://www.tei-c.org/ns/1.0"/>
            
      
            </p></div>
                  </body>
                </text>
              </TEI>