<TEI xml:id="INT_78db4841-441f-33ce-9c23-77fdd2a09bce" xmlns="http://www.tei-c.org/ns/1.0">
                <teiHeader>
      <fileDesc>
        <titleStmt>
          <title>De Carpentier en Raden, 13 sept. 1625</title>
        </titleStmt>
        <publicationStmt>
          <p>
            <date>13 sept. 1625</date>
            <idno type="sourceID">missiven:vol1</idno>
            <idno type="pid">INT_78db4841-441f-33ce-9c23-77fdd2a09bce</idno>
          </p>
        </publicationStmt>
        <notesStmt>
          <note/>
        </notesStmt>
        <sourceDesc>
          <listBibl xml:id="inlMetadata">
            <bibl type="missive">
        <interpGrp type="page"><interp>173</interp></interpGrp>
        
      <interpGrp type="titleLevel1"><interp>De Carpentier en Raden, 13 sept. 1625</interp></interpGrp>
      <interpGrp type="dateLevel1"><interp>13 sept. 1625</interp></interpGrp>
        <interpGrp type="tocLevel"><interp>1</interp></interpGrp>
      <interpGrp type="volume"><interp>1</interp></interpGrp>
        <interpGrp type="n"><interp>VIIa</interp></interpGrp>
      
      <interpGrp type="witnessYearLevel1_from"><interp>1625</interp></interpGrp>
      <interpGrp type="witnessYearLevel1_to"><interp>1625</interp></interpGrp>
      <interpGrp type="witnessMonthLevel1_to"><interp>9</interp></interpGrp>
      <interpGrp type="witnessMonthLevel1_from"><interp>9</interp></interpGrp>
      <interpGrp type="witnessDayLevel1_to"><interp>13</interp></interpGrp>
      <interpGrp type="witnessDayLevel1_from"><interp>13</interp></interpGrp>
      <interpGrp type="authorLevel1"><interp>De Carpentier</interp><interp>Raden</interp></interpGrp>
      <interpGrp type="pid"><interp>INT_78db4841-441f-33ce-9c23-77fdd2a09bce</interp></interpGrp>
    </bibl>
          </listBibl>
        </sourceDesc>
      </fileDesc>
    </teiHeader>
                <text xml:id="INT_78db4841-441f-33ce-9c23-77fdd2a09bce.TEI.1.text.1">
                  <body xml:id="INT_78db4841-441f-33ce-9c23-77fdd2a09bce.TEI.1.text.1.body.1">
                    <div xml:id="INT_78db4841-441f-33ce-9c23-77fdd2a09bce.TEI.1.text.1.body.1.div.1">
        
              <pb xml:id="INT_78db4841-441f-33ce-9c23-77fdd2a09bce.TEI.1.text.1.body.1.div.1.pb.1" n="173" facs="http://resources.huygens.knaw.nl/retroapp/service_generalemissiven/gm_01/images/gm_1_104_0173.tif"/><fw xml:id="INT_78db4841-441f-33ce-9c23-77fdd2a09bce.TEI.1.text.1.body.1.div.1.fw.1" place="top" type="head" facs="#zone.327082" xmlns="http://www.tei-c.org/ns/1.0">De Carpentier en Raden Vila, 13 sept. 1625</fw><fw xml:id="INT_78db4841-441f-33ce-9c23-77fdd2a09bce.TEI.1.text.1.body.1.div.1.fw.2" place="top" type="page-number" facs="#zone.327093" xmlns="http://www.tei-c.org/ns/1.0">173</fw><p xml:id="INT_78db4841-441f-33ce-9c23-77fdd2a09bce.TEI.1.text.1.body.1.div.1.p.1" xml:lang="nl" rend="font-size: 10; text-align: justify; line-height: 12.6pt" xmlns="http://www.tei-c.org/ns/1.0">VII a. PIETER DE CARPENTIER EN RADEN, BATAVIA 13 september<lb/> 1625.<lb/></p><p xml:id="INT_78db4841-441f-33ce-9c23-77fdd2a09bce.TEI.1.text.1.body.1.div.1.p.2" xml:lang="nl" rend="font-size: 7.5; text-align: justify; line-height: 12.6pt" xmlns="http://www.tei-c.org/ns/1.0">Copie 997, fol. 9-10 <hi rend="font-size:7.5; font-family:Liberation Serif; vertical-align:super" xml:lang="nl">l).</hi><lb/></p><note xml:id="INT_78db4841-441f-33ce-9c23-77fdd2a09bce.TEI.1.text.1.body.1.div.1.note.1" xml:lang="nl" place="inline" type="editorial-summary" resp="editor" rend="font-style: italic; line-height: 11.1pt; text-indent: 22.0pt; text-align: justify; font-size: 10" xmlns="http://www.tei-c.org/ns/1.0">(Reis der Eng eisen naar de Westkust van Sumatra).<lb/></note><p xml:id="INT_78db4841-441f-33ce-9c23-77fdd2a09bce.TEI.1.text.1.body.1.div.1.p.3" xml:lang="nl" rend="font-size: 10; text-align: justify; line-height: 11.7pt; text-indent: 22.0pt" xmlns="http://www.tei-c.org/ns/1.0">Van de 1600 coppen met voorsz. vlote <hi rend="font-size:10; font-family:Liberation Serif; vertical-align:super" xml:lang="nl">2)</hi> uuytgevaren, sijn noch in ’t leven<lb/> ontrent 1040 coppen; de reste sijn soo in de Suydtzee gelijck mede op de tocht<lb/> van Amboina als elders gesmolten. Gemelte tocht heeft soodanigen effect (onses<lb/> oordeels) niet gesorteert, als de ruste en de securiteyt van den staet van Amboina<lb/> wel vereyst; ontrent 25 ledighe vlecken, daer alle d’inwoonders bij tij ts uuytgevlucht<lb/> waren, mitsgaders menichte van cleyn vaertuych, eenighe correcorren ende<lb/> Macassarsche j oneken hebben d’onse verbrandt ende ontrent 50 000 nagelboomen<lb/> omgehouwen ende geschilt, maer de Ternatanen, die van Lohoe, Combelle,<lb/> Lessidij met alle haren ge vluchten aenhangh hebben het in hare sterekte Lessiele<lb/> uuytgehouden ; soo d’armoede ende d’ongebondene populariteyt desen hoop niet<lb/> en scheydet, soude daer noch wel moeyten van mogen ontstaen.<lb/></p><p xml:id="INT_78db4841-441f-33ce-9c23-77fdd2a09bce.TEI.1.text.1.body.1.div.1.p.4" xml:lang="nl" rend="font-size: 10; text-align: justify; line-height: 11.7pt; text-indent: 22.0pt" xmlns="http://www.tei-c.org/ns/1.0">Ons garnisoen van Combelle is gelicht, ’t fort geraseert ende verlaten.<lb/></p><p xml:id="INT_78db4841-441f-33ce-9c23-77fdd2a09bce.TEI.1.text.1.body.1.div.1.p.5" xml:lang="nl" rend="font-size: 10; text-align: justify; line-height: 11.7pt; text-indent: 22.0pt" xmlns="http://www.tei-c.org/ns/1.0">Naer men ons bericht, sijn d’ nagelboomen op dien hoeck van Ceram soo<lb/> geruyneert, dat qualijck 25 bhaer in toecomende jaerlijcx sal eonnen uutleveren,<lb/> maer dit jaer souden d’inwoonders noch van de gevelde en de geschilde boomen<lb/> (soo tot plucken lust hebben) noch wel 300 bhaer nagelen ende meer eonnen garen,<lb/> alsoo de boomen vol rijpe vruchten stonden, d’onse geen tijt hadden te plucken<lb/> ende deselve niet vernielen conden.<lb/></p><note xml:id="INT_78db4841-441f-33ce-9c23-77fdd2a09bce.TEI.1.text.1.body.1.div.1.note.2" xml:lang="nl" place="inline" type="editorial-summary" resp="editor" rend="font-style: italic; line-height: 11.1pt; text-indent: 22.0pt; text-align: justify; font-size: 10" xmlns="http://www.tei-c.org/ns/1.0">(Zending van schepen naar Suratte <hi rend="font-size:10; font-family:Liberation Serif" xml:lang="nl">,</hi> vgl. <hi rend="font-size:10; font-family:Liberation Serif" xml:lang="nl">Zeemogendheid</hi> I, p. 415).<lb/></note><note xml:id="INT_78db4841-441f-33ce-9c23-77fdd2a09bce.TEI.1.text.1.body.1.div.1.note.3" xml:lang="nl" rend="font-size: 7.5; line-height: 9.9pt; text-indent: 23.0pt" xmlns="http://www.tei-c.org/ns/1.0">1) Deze brief maakt, hoewel ze een maand later is gedateerd, met de vorige één geheel<lb/> uit. Vandaar dat ze het nummer Vila heeft ontvangen.<lb/></note><note xml:id="INT_78db4841-441f-33ce-9c23-77fdd2a09bce.TEI.1.text.1.body.1.div.1.note.4" xml:lang="nl" rend="font-size: 7.5; text-align: justify; line-height: 9.9pt; margin-left: 2200" xmlns="http://www.tei-c.org/ns/1.0">2) De Nassause vloot.<lb/></note>
            
      </div>
                  </body>
                </text>
              </TEI>