<TEI xml:id="INT_932cb918-3eff-3047-8d7a-bdbd9d6dcef0" xmlns="http://www.tei-c.org/ns/1.0">
                <teiHeader>
      <fileDesc>
        <titleStmt>
          <title>De Carpentier en Raden, 13 aug. 1625</title>
        </titleStmt>
        <publicationStmt>
          <p>
            <date>13 aug. 1625</date>
            <idno type="sourceID">missiven:vol1</idno>
            <idno type="pid">INT_932cb918-3eff-3047-8d7a-bdbd9d6dcef0</idno>
          </p>
        </publicationStmt>
        <notesStmt>
          <note/>
        </notesStmt>
        <sourceDesc>
          <listBibl xml:id="inlMetadata">
            <bibl type="missive">
        <interpGrp type="page"><interp>172</interp></interpGrp>
        
      <interpGrp type="titleLevel1"><interp>De Carpentier en Raden, 13 aug. 1625</interp></interpGrp>
      <interpGrp type="dateLevel1"><interp>13 aug. 1625</interp></interpGrp>
        <interpGrp type="tocLevel"><interp>1</interp></interpGrp>
      <interpGrp type="volume"><interp>1</interp></interpGrp>
        <interpGrp type="n"><interp>VII</interp></interpGrp>
      
      <interpGrp type="witnessYearLevel1_from"><interp>1625</interp></interpGrp>
      <interpGrp type="witnessYearLevel1_to"><interp>1625</interp></interpGrp>
      <interpGrp type="witnessMonthLevel1_to"><interp>8</interp></interpGrp>
      <interpGrp type="witnessMonthLevel1_from"><interp>8</interp></interpGrp>
      <interpGrp type="witnessDayLevel1_to"><interp>13</interp></interpGrp>
      <interpGrp type="witnessDayLevel1_from"><interp>13</interp></interpGrp>
      <interpGrp type="authorLevel1"><interp>De Carpentier</interp><interp>Raden</interp></interpGrp>
      <interpGrp type="pid"><interp>INT_932cb918-3eff-3047-8d7a-bdbd9d6dcef0</interp></interpGrp>
    </bibl>
          </listBibl>
        </sourceDesc>
      </fileDesc>
    </teiHeader>
                <text xml:id="INT_932cb918-3eff-3047-8d7a-bdbd9d6dcef0.TEI.1.text.1">
                  <body xml:id="INT_932cb918-3eff-3047-8d7a-bdbd9d6dcef0.TEI.1.text.1.body.1">
                    <div xml:id="INT_932cb918-3eff-3047-8d7a-bdbd9d6dcef0.TEI.1.text.1.body.1.div.1">
        
              <pb xml:id="INT_932cb918-3eff-3047-8d7a-bdbd9d6dcef0.TEI.1.text.1.body.1.div.1.pb.1" n="172" facs="http://resources.huygens.knaw.nl/retroapp/service_generalemissiven/gm_01/images/gm_1_104_0172.tif"/><fw xml:id="INT_932cb918-3eff-3047-8d7a-bdbd9d6dcef0.TEI.1.text.1.body.1.div.1.fw.1" place="top" type="page-number" facs="#zone.325528" xmlns="http://www.tei-c.org/ns/1.0">172</fw><fw xml:id="INT_932cb918-3eff-3047-8d7a-bdbd9d6dcef0.TEI.1.text.1.body.1.div.1.fw.2" place="top" type="head" facs="#zone.325532" xmlns="http://www.tei-c.org/ns/1.0">De Carpentier en Raden VII, 13 aug. 1625</fw><p xml:id="INT_932cb918-3eff-3047-8d7a-bdbd9d6dcef0.TEI.1.text.1.body.1.div.1.p.1" xml:lang="nl" rend="font-size: 10; text-align: justify; line-height: 12.3pt" xmlns="http://www.tei-c.org/ns/1.0">VII. PIETER DE CARPENTIER EN RADEN, BATAVIA 13 augustus 1625.<lb/><hi rend="font-size:7.5; font-family:Liberation Serif" xml:lang="nl">Copie 997, fol. 6-9.</hi><lb/></p><note xml:id="INT_932cb918-3eff-3047-8d7a-bdbd9d6dcef0.TEI.1.text.1.body.1.div.1.note.1" xml:lang="nl" place="inline" type="editorial-summary" resp="editor" rend="font-style: italic; line-height: 11.7pt; text-indent: 22.0pt; text-align: justify; font-size: 10" xmlns="http://www.tei-c.org/ns/1.0">(Aangekomen schepen. Berichten over Arabië, vgl. <hi rend="font-size:10; font-family:Liberation Serif" xml:lang="nl">Westerkwartieren</hi> p.<lb/> 134-135. Berichten v. d. Coromandelkust) .<lb/></note><p xml:id="INT_932cb918-3eff-3047-8d7a-bdbd9d6dcef0.TEI.1.text.1.body.1.div.1.p.2" xml:lang="nl" rend="font-size: 10; text-align: justify; line-height: 11.7pt; text-indent: 22.0pt" xmlns="http://www.tei-c.org/ns/1.0">Tot meerder bevestinghe ende verseeckeringhe van der Chinesen goede<lb/> meninghe sijn dit voorleden noorder mousson van Chincheo <hi rend="font-size:10; font-family:Liberation Serif; vertical-align:super" xml:lang="nl">1)</hi> tot Batavia aengecomen<lb/> vijff Chinesche joncquen, welcke behalven hare coopmanschappen over<lb/> de twee duysent Chinesen aengebracht hebben.<lb/></p><note xml:id="INT_932cb918-3eff-3047-8d7a-bdbd9d6dcef0.TEI.1.text.1.body.1.div.1.note.2" xml:lang="nl" place="inline" type="editorial-summary" resp="editor" rend="font-size: 10; font-style: italic; text-align: right; line-height: 11.7pt" xmlns="http://www.tei-c.org/ns/1.0">( Meded. Nassause vloot, vgl. <hi rend="font-size:10; font-family:Liberation Serif" xml:lang="nl">Bouwstoffen</hi> II, p. 34, 48 en <hi rend="font-size:10; font-family:Liberation Serif" xml:lang="nl">Zeemogendheid</hi> I,<lb/> p. 361 en 381. Terugkomst der Engelsen van Lagundi, afgedr. <hi rend="font-size:10; font-family:Liberation Serif" xml:lang="nl">Opkomst</hi> V, p. 96-97 ) .<lb/></note><p xml:id="INT_932cb918-3eff-3047-8d7a-bdbd9d6dcef0.TEI.1.text.1.body.1.div.1.p.3" xml:lang="nl" rend="font-size: 10; text-align: justify; line-height: 11.7pt; text-indent: 22.0pt" xmlns="http://www.tei-c.org/ns/1.0">Ontrent 200 sielen sterck sijn sij <hi rend="font-size:10; font-family:Liberation Serif; vertical-align:super" xml:lang="nl">2)</hi> met ses schepen van Lagundij hier gecomen,<lb/> waeronder niet boven dry gesonde persoonen; van dit overschot sijnder<lb/> noch veele hier begraven ende noch wel 60 quynende, die tot geen verhael conden<lb/> comen; van de meeste tot de minste weten niet, wat loff ende danck ons voor<lb/> soo een genotene weldaet bewijsen sullen. Sij verclaren rontuyt, soo wij haer niet<lb/> promptelijck geassisteert hadden, het geschapen stondt, dat al tsamen op ’t<lb/> eylandt onmachtshalven vergaen ofte van de Javanen voorts dootgeslagen ende<lb/> alle hare m[eeste]rs middelen berooft ende geplundert souden sijn geweest. Wij<lb/> hopen, dat dese weldaet van Lagundij de bitterheyt van veele aldaer wat temperen<lb/> ende d’ingenomene gemoederen soo quade gevoelen van ons niet sal doen hebben,<lb/> als ons ten onrechten bij veele quaetgunstige ofte qualijck geinformeerde nagegeven<lb/> werdt.<lb/></p><note xml:id="INT_932cb918-3eff-3047-8d7a-bdbd9d6dcef0.TEI.1.text.1.body.1.div.1.note.3" xml:lang="nl" rend="font-size: 7.5; text-align: justify; line-height: 9.6pt; text-indent: 21.0pt" xmlns="http://www.tei-c.org/ns/1.0">1) Chincheo, naam in vaak wisselende spelling voor het gebied rondom Amoy ; volgens<lb/><hi rend="font-size:7.5; font-family:Liberation Serif; font-style:italic" xml:lang="nl">South China.</hi> p. 244 was Chung-tso-so (Tiong-tsó-só) een oude naam van die stad, terwijl de<lb/> streek er p. 245 Chinchiu wordt genoemd, in een noot Chüan-chou. Appendix I van het genoemde<lb/> werk geeft een uitvoerige uiteenzetting over het woord.<lb/></note><note xml:id="INT_932cb918-3eff-3047-8d7a-bdbd9d6dcef0.TEI.1.text.1.body.1.div.1.note.4" xml:lang="nl" rend="font-size: 7.5; text-align: justify; line-height: 9.6pt; margin-left: 2100" xmlns="http://www.tei-c.org/ns/1.0">2) De Engelsen.<lb/></note>
            
      </div>
                  </body>
                </text>
              </TEI>