<TEI xml:id="INT_3ba75a58-a94f-322e-af9d-e5d983406313" xmlns="http://www.tei-c.org/ns/1.0">
                <teiHeader>
      <fileDesc>
        <titleStmt>
          <title>Coen en Sonck, Nieuw-Hollandia, ter rede van Banda-Neira, 6 mei 1621</title>
        </titleStmt>
        <publicationStmt>
          <p>
            <date>6 mei 1621</date>
            <idno type="sourceID">missiven:vol1</idno>
            <idno type="pid">INT_3ba75a58-a94f-322e-af9d-e5d983406313</idno>
          </p>
        </publicationStmt>
        <notesStmt>
          <note/>
        </notesStmt>
        <sourceDesc>
          <listBibl xml:id="inlMetadata">
            <bibl type="missive">
        <interpGrp type="page"><interp>105</interp></interpGrp>
        
      <interpGrp type="titleLevel1"><interp>Coen en Sonck, Nieuw-Hollandia, ter rede van Banda-Neira, 6 mei 1621</interp></interpGrp>
      <interpGrp type="dateLevel1"><interp>6 mei 1621</interp></interpGrp>
        <interpGrp type="tocLevel"><interp>1</interp></interpGrp>
      <interpGrp type="volume"><interp>1</interp></interpGrp>
        <interpGrp type="n"><interp>XII</interp></interpGrp>
      <interpGrp type="localization_placeLevel1"><interp>ter rede van Banda-Neira</interp></interpGrp>
      <interpGrp type="witnessYearLevel1_from"><interp>1621</interp></interpGrp>
      <interpGrp type="witnessYearLevel1_to"><interp>1621</interp></interpGrp>
      <interpGrp type="witnessMonthLevel1_to"><interp>5</interp></interpGrp>
      <interpGrp type="witnessMonthLevel1_from"><interp>5</interp></interpGrp>
      <interpGrp type="witnessDayLevel1_to"><interp>6</interp></interpGrp>
      <interpGrp type="witnessDayLevel1_from"><interp>6</interp></interpGrp>
      <interpGrp type="authorLevel1"><interp>Coen</interp><interp>Sonck</interp><interp>Nieuw-Hollandia</interp></interpGrp>
      <interpGrp type="pid"><interp>INT_3ba75a58-a94f-322e-af9d-e5d983406313</interp></interpGrp>
    </bibl>
          </listBibl>
        </sourceDesc>
      </fileDesc>
    </teiHeader>
                <text xml:id="INT_3ba75a58-a94f-322e-af9d-e5d983406313.TEI.1.text.1">
                  <body xml:id="INT_3ba75a58-a94f-322e-af9d-e5d983406313.TEI.1.text.1.body.1">
                    <div xml:id="INT_3ba75a58-a94f-322e-af9d-e5d983406313.TEI.1.text.1.body.1.div.1">
        
              <pb xml:id="INT_3ba75a58-a94f-322e-af9d-e5d983406313.TEI.1.text.1.body.1.div.1.pb.1" n="105" facs="http://resources.huygens.knaw.nl/retroapp/service_generalemissiven/gm_01/images/gm_1_104_0105.tif"/><fw xml:id="INT_3ba75a58-a94f-322e-af9d-e5d983406313.TEI.1.text.1.body.1.div.1.fw.1" place="top" type="head" facs="#zone.135672" xmlns="http://www.tei-c.org/ns/1.0">Coen en Sónck XII, 6 mei 1621</fw><fw xml:id="INT_3ba75a58-a94f-322e-af9d-e5d983406313.TEI.1.text.1.body.1.div.1.fw.2" place="top" type="page-number" facs="#zone.135682" xmlns="http://www.tei-c.org/ns/1.0">105</fw><head xml:id="INT_3ba75a58-a94f-322e-af9d-e5d983406313.TEI.1.text.1.body.1.div.1.head.1" xml:lang="nl" rend="font-size: 10; text-align: justify; line-height: 11.7pt" xmlns="http://www.tei-c.org/ns/1.0">XII. JAN PIETERSZ. COEN EN DR. MARTINUS SONCK, SCHIP NIEUW<lb/> HOLLANDIA TER REDE VAN BANDA NEIRA 6 mei 1621.<lb/></head><p xml:id="INT_3ba75a58-a94f-322e-af9d-e5d983406313.TEI.1.text.1.body.1.div.1.p.1" xml:lang="nl" rend="font-size: 10; line-height: 11.1pt; margin-left: 2200" xmlns="http://www.tei-c.org/ns/1.0"><hi rend="font-size:10; font-family:Liberation Serif; font-style:italic" xml:lang="nl">(Afgedrukt</hi> Coen <hi rend="font-size:10; font-family:Liberation Serif; font-style:italic" xml:lang="nl">I, p.</hi> 625-639.<lb/></p>
            
      </div>
                  </body>
                </text>
              </TEI>