<TEI xml:id="INT_08c82040-752f-3fc2-ad50-0d3e7b37a945" xmlns="http://www.tei-c.org/ns/1.0">
                <teiHeader>
      <fileDesc>
        <titleStmt>
          <title>De Carpentier, Dedel, Cornelisz. Reyersz. en Van Uffelen, Kasteel Jakatra, 9 juli 1621</title>
        </titleStmt>
        <publicationStmt>
          <p>
            <date>9 juli 1621</date>
            <idno type="sourceID">missiven:vol1</idno>
            <idno type="pid">INT_08c82040-752f-3fc2-ad50-0d3e7b37a945</idno>
          </p>
        </publicationStmt>
        <notesStmt>
          <note/>
        </notesStmt>
        <sourceDesc>
          <listBibl xml:id="inlMetadata">
            <bibl type="missive">
        <interpGrp type="page"><interp>106</interp></interpGrp>
        
      <interpGrp type="titleLevel1"><interp>De Carpentier, Dedel, Cornelisz. Reyersz. en Van Uffelen, Kasteel Jakatra, 9 juli 1621</interp></interpGrp>
      <interpGrp type="dateLevel1"><interp>9 juli 1621</interp></interpGrp>
        <interpGrp type="tocLevel"><interp>1</interp></interpGrp>
      <interpGrp type="volume"><interp>1</interp></interpGrp>
        <interpGrp type="n"><interp>XIII</interp></interpGrp>
      <interpGrp type="localization_placeLevel1"><interp>Kasteel Jakatra</interp></interpGrp>
      <interpGrp type="witnessYearLevel1_from"><interp>1621</interp></interpGrp>
      <interpGrp type="witnessYearLevel1_to"><interp>1621</interp></interpGrp>
      <interpGrp type="witnessMonthLevel1_to"><interp>7</interp></interpGrp>
      <interpGrp type="witnessMonthLevel1_from"><interp>7</interp></interpGrp>
      <interpGrp type="witnessDayLevel1_to"><interp>9</interp></interpGrp>
      <interpGrp type="witnessDayLevel1_from"><interp>9</interp></interpGrp>
      <interpGrp type="authorLevel1"><interp>De Carpentier</interp><interp>Dedel</interp><interp>Cornelisz. Reyersz.</interp><interp>Van Uffelen</interp></interpGrp>
      <interpGrp type="pid"><interp>INT_08c82040-752f-3fc2-ad50-0d3e7b37a945</interp></interpGrp>
    </bibl>
          </listBibl>
        </sourceDesc>
      </fileDesc>
    </teiHeader>
                <text xml:id="INT_08c82040-752f-3fc2-ad50-0d3e7b37a945.TEI.1.text.1">
                  <body xml:id="INT_08c82040-752f-3fc2-ad50-0d3e7b37a945.TEI.1.text.1.body.1">
                    <div xml:id="INT_08c82040-752f-3fc2-ad50-0d3e7b37a945.TEI.1.text.1.body.1.div.1">
        
              <pb xml:id="INT_08c82040-752f-3fc2-ad50-0d3e7b37a945.TEI.1.text.1.body.1.div.1.pb.1" n="106" facs="http://resources.huygens.knaw.nl/retroapp/service_generalemissiven/gm_01/images/gm_1_104_0106.tif"/><fw xml:id="INT_08c82040-752f-3fc2-ad50-0d3e7b37a945.TEI.1.text.1.body.1.div.1.fw.1" place="top" type="page-number" facs="#zone.137321" xmlns="http://www.tei-c.org/ns/1.0">106</fw><fw xml:id="INT_08c82040-752f-3fc2-ad50-0d3e7b37a945.TEI.1.text.1.body.1.div.1.fw.2" place="top" type="head" facs="#zone.137325" xmlns="http://www.tei-c.org/ns/1.0">De Carpentier, Dedel, Reyersz. en Van Uffeleii XIII, 9 juli 1621</fw><head xml:id="INT_08c82040-752f-3fc2-ad50-0d3e7b37a945.TEI.1.text.1.body.1.div.1.head.1" xml:lang="nl" rend="font-size: 10; text-align: justify; line-height: 11.7pt" xmlns="http://www.tei-c.org/ns/1.0">XIII. PIETER DE CARPENTIER, JACOB DEDEL, CORNELIS REYERSZ.<lb/> EN ABRAHAM VAN UFFELEN, KASTEEL JAKATRA 9 juli 1621.<lb/></head><p xml:id="INT_08c82040-752f-3fc2-ad50-0d3e7b37a945.TEI.1.text.1.body.1.div.1.p.1" xml:lang="nl" rend="font-size: 7.5; text-align: justify; line-height: 8.3pt" xmlns="http://www.tei-c.org/ns/1.0">985 fol. 52-61.<lb/></p><note xml:id="INT_08c82040-752f-3fc2-ad50-0d3e7b37a945.TEI.1.text.1.body.1.div.1.note.1" xml:lang="nl" place="inline" type="editorial-summary" resp="editor" rend="font-style: italic; line-height: 10.0pt; text-indent: 22.0pt; text-align: justify; font-size: 9" xmlns="http://www.tei-c.org/ns/1.0">(Aankomst en vertrek van schepen).<lb/></note><p xml:id="INT_08c82040-752f-3fc2-ad50-0d3e7b37a945.TEI.1.text.1.body.1.div.1.p.2" xml:lang="nl" rend="font-size: 10; text-align: justify; line-height: 11.7pt; text-indent: 22.0pt" xmlns="http://www.tei-c.org/ns/1.0">Op de peper van de Westcuste van Sumatra mach men geen vaste gissinge<lb/> maecken, also d’inwoonderen met geen vreemdelingen opentlijck dorven noch<lb/> vermogen te handelen, dat met degene die des Coninckx tsiap <hi rend="font-size:10; font-family:Liberation Serif; vertical-align:super" xml:lang="nl">x)</hi> verthoonen,<lb/> soodat van daer niet te verwachten hebben dan tgeene bij nacht ende ter sluyck<lb/> aen boort gebrocht wordt. Doch soo den Atchinder overleden is, gelijck hier de<lb/> spraecke gaet1 <hi rend="font-size:10; font-family:Liberation Serif; vertical-align:super" xml:lang="nl">2),</hi> soude wel licht veranderinge ten goede mogen gevallen ende<lb/> den vrijen handel bij de oversten der voorsz. plaetsen gepermitteert wesen, temeer<lb/> het gansch tegen haer sin ende welvaren is, dat in den handel so bedwongen<lb/> worden ; van den vreemden coopman ontfangen haer gading ende van den Coninck<lb/> moeten sij aennemen, tgene hij geven ende quyt wezen will. Voor desen is U Ed.<lb/> geschreven, hoe den Coninck van Atchin sijne peper op een excessiven prijs van<lb/> 64 realen de bahar was houdende, hoe alle de peper meest in sijne handen was<lb/> ende sijne ondersaten op lijffstraffe verboden hadde geene peper aen ons te moogen<lb/> vercoopen; tsedert hebben van den coopman Casembroot schrijvens, in dato 15en<lb/> februarij, per ’t Engels schip d’Unite den 3en junij passato ontfangen, hoe den<lb/> Coninck noch even obstinaet in den hoogen prijs persisteerden, jae met de compste<lb/> van ’t France schip Montmorenci <hi rend="font-size:10; font-family:Liberation Serif; vertical-align:super" xml:lang="nl">3)</hi> scheen die noch te willen rijsen; ditto Unite<lb/> hadde in Atchin niet meer als 70 baharen peper onder de hant becomen, de Coninck<lb/> was seer sieck, soo ons Casembroot advyseert ende hadde hem in twee<lb/> maenden niet te spraecke konnen coomen.<lb/></p><p xml:id="INT_08c82040-752f-3fc2-ad50-0d3e7b37a945.TEI.1.text.1.body.1.div.1.p.3" resp="int_paragraph_joining" rend="">
              Alsoo het hoog tijt is, dat wij teghen de onredelijcke proceduiren van desen<lb xmlns="http://www.tei-c.org/ns/1.0"/> Coninck yets beginnen bij der hant te nemen, is bij den Raet van Deffentie <hi rend="font-size:10; font-family:Liberation Serif; vertical-align:super" xml:lang="nl" xmlns="http://www.tei-c.org/ns/1.0">4)</hi><lb xmlns="http://www.tei-c.org/ns/1.0"/>geresolveert ende voor eerst goedt gevonden met den eersten van yder compagnie<lb xmlns="http://www.tei-c.org/ns/1.0"/> een schip derrewaerts te zeinden tot verseeckeringe van de capitalen, met<lb xmlns="http://www.tei-c.org/ns/1.0"/> ordre, soo den Coninck sijne peper noch even hoogh is houdende sonder apparentie<lb xmlns="http://www.tei-c.org/ns/1.0"/> van affslach, dat dan ’t capitael ende volck met alle behendicheyt van daer lichten<lb xmlns="http://www.tei-c.org/ns/1.0"/> ende tsijnder tijt Atchin, Ticco ende Priaman met schepen besetten sullen sonder<lb xmlns="http://www.tei-c.org/ns/1.0"/> toe te staen, datter eenige peper bij geenige natiën vervoert werde. ’t Schijnt, desen<lb xmlns="http://www.tei-c.org/ns/1.0"/> Atchinder ooghmerck heeft alle de peperplaetsen t’incorporeren ende ons alsdan<lb xmlns="http://www.tei-c.org/ns/1.0"/> na sijnen wille die te doen betalen ofte ons te dwingen, dat hem Malacca souden<lb xmlns="http://www.tei-c.org/ns/1.0"/> helpen winnen. Hij dreyght die van Patanij ende d’omliggende plaetsen zeer;<lb xmlns="http://www.tei-c.org/ns/1.0"/> Androgiry ende Jambij loopen mede groot perijckel, soo wij daer niet bijtijts voor<lb xmlns="http://www.tei-c.org/ns/1.0"/> en sijn; als hij dese plaetsen vermeestert hadde, soude wij het met hem slimmer<lb xmlns="http://www.tei-c.org/ns/1.0"/> hebben als met den Pangoram van Bantam, ’t Is derhalven hoognoodich, dat wij<lb xmlns="http://www.tei-c.org/ns/1.0"/><note xml:id="INT_08c82040-752f-3fc2-ad50-0d3e7b37a945.TEI.1.text.1.body.1.div.1.p.3.note.1" xml:lang="nl" rend="font-size: 7.5; text-align: justify; line-height: 9.6pt; margin-left: 2200" xmlns="http://www.tei-c.org/ns/1.0">1) Tsiap, Maleis tjap, merk, handelsvergunning. Bedoeld is die van den vorst van Atjeh.<lb/></note><note xml:id="INT_08c82040-752f-3fc2-ad50-0d3e7b37a945.TEI.1.text.1.body.1.div.1.p.3.note.2" xml:lang="nl" rend="font-size: 7.5; text-align: justify; line-height: 9.6pt; margin-left: 2100" xmlns="http://www.tei-c.org/ns/1.0">2) Onjuist bericht. Hij stierf eerst 27 dec. 1636.<lb/></note><note xml:id="INT_08c82040-752f-3fc2-ad50-0d3e7b37a945.TEI.1.text.1.body.1.div.1.p.3.note.3" xml:lang="nl" rend="font-size: 7.5; text-align: justify; line-height: 9.6pt; text-indent: 21.0pt" xmlns="http://www.tei-c.org/ns/1.0">3) De Montmorency kwam onder de Beaulieu (vgl. p. 99 noot 7) in januari 1621 voor<lb/> Atjeh, vanwaar hij, omdat hij geen peper kon verkrijgen, doorvoer naar het Maleise schiereiland.<lb/> Toen ook daar geen peper verhandeld werd, ging hij 12 augustus terug naar Atjeh,<lb/> waar hij nu vergunning kreeg voor peperopkoop ter Westkust van Sumatra. Van Tiku repatrieerde<lb/> hij 1 jan. 1622.<lb/></note><note xml:id="INT_08c82040-752f-3fc2-ad50-0d3e7b37a945.TEI.1.text.1.body.1.div.1.p.3.note.4" xml:lang="nl" rend="font-size: 7.5; text-align: justify; line-height: 9.6pt; text-indent: 21.0pt" xmlns="http://www.tei-c.org/ns/1.0">4) Zittingen van deze gemeenschappelijke Raad van Nederlanders en Engelsen werden<lb/> sinds 21 april 1620 gehouden. Vgl. voor de hier bedoelde Resolutie van 24 juni 1621, <hi rend="font-size:7.5; font-family:Liberation Serif; font-style:italic" xml:lang="nl">Coen</hi> IV,<lb/> p. 46.<lb/></note><pb xml:id="INT_08c82040-752f-3fc2-ad50-0d3e7b37a945.TEI.1.text.1.body.1.div.1.p.3.pb.1" n="107" facs="http://resources.huygens.knaw.nl/retroapp/service_generalemissiven/gm_01/images/gm_1_104_0107.tif"/><fw xml:id="INT_08c82040-752f-3fc2-ad50-0d3e7b37a945.TEI.1.text.1.body.1.div.1.p.3.fw.1" place="top" type="head" facs="#zone.139936" xmlns="http://www.tei-c.org/ns/1.0">De Carpentier, Dedel, Reyersz. en Van Uffelen XIII, 9 juli 1621</fw><fw xml:id="INT_08c82040-752f-3fc2-ad50-0d3e7b37a945.TEI.1.text.1.body.1.div.1.p.3.fw.2" place="top" type="page-number" facs="#zone.139950" xmlns="http://www.tei-c.org/ns/1.0">107</fw>beginnen, eer het te late wort; men soude hem den grootsten affbreuck connen<lb xmlns="http://www.tei-c.org/ns/1.0"/> doen, ja t’eenemael ruyneren, wanneer hij weder een tocht met sijne galeyen ende<lb xmlns="http://www.tei-c.org/ns/1.0"/> fusten naer Patanij ofte eenighe andere plaetsen voorneempt om deselve met een<lb xmlns="http://www.tei-c.org/ns/1.0"/> tamelijcke vloote wel beseylde schepen ende ondiepgaende jachten te besetten<lb xmlns="http://www.tei-c.org/ns/1.0"/> ende te vernielen, dan waer het met den Atchinder gedaen.<lb xmlns="http://www.tei-c.org/ns/1.0"/>
            </p><note xml:id="INT_08c82040-752f-3fc2-ad50-0d3e7b37a945.TEI.1.text.1.body.1.div.1.note.2" xml:lang="nl" place="inline" type="editorial-summary" resp="editor" rend="font-style: italic; line-height: 11.1pt; text-indent: 23.0pt; text-align: justify; font-size: 10" xmlns="http://www.tei-c.org/ns/1.0">(Meded. omtrent Perzië uit Engelse bron <hi rend="font-size:10; font-family:Liberation Serif" xml:lang="nl">,</hi> niets nieuws bevattende).<lb/></note><p xml:id="INT_08c82040-752f-3fc2-ad50-0d3e7b37a945.TEI.1.text.1.body.1.div.1.p.4" xml:lang="nl" rend="font-size: 10; text-align: justify; line-height: 11.7pt; text-indent: 23.0pt" xmlns="http://www.tei-c.org/ns/1.0">Den oppercoopman Goeree <hi rend="font-size:10; font-family:Liberation Serif; vertical-align:super" xml:lang="nl">x)</hi> was van Agra affgecomen ende in een plaetse<lb/> genaempt Mandou <hi rend="font-size:10; font-family:Liberation Serif; vertical-align:super" xml:lang="nl">1 2),</hi> ongeveer noch 200 mijlen van Suratte, met ontrent 69000 ft<lb/> indigo, bestaende in 306 pacquen, wel gearriveert; d’Engelse, die eenige dagen te<lb/> vooren met een caffila <hi rend="font-size:10; font-family:Liberation Serif; vertical-align:super" xml:lang="nl">3)</hi> van 357 geladen cameelen in Mandou gecomen ende voor<lb/> d’onse weder van daer vertrocken waren, sijn onderweghen van de Deckansche<lb/> rovers afgeseth ende geplundeert. ’t Was Goerees, maer insonderheyt U E. groot<lb/> geluck, dat door gebreck van cameelen met de Engelsche niet vertrecken conde,<lb/> soude anders deselffde gangh gegaen hebben.<lb/></p><p xml:id="INT_08c82040-752f-3fc2-ad50-0d3e7b37a945.TEI.1.text.1.body.1.div.1.p.5" resp="int_paragraph_joining" rend="">
              Om Agra tot incoop van indigo beset te houden was in Goerees plaetse weder<lb xmlns="http://www.tei-c.org/ns/1.0"/> derwaerts vertrocken den oppercoopman Wouter Heuten <hi rend="font-size:10; font-family:Liberation Serif; vertical-align:super" xml:lang="nl" xmlns="http://www.tei-c.org/ns/1.0">4)</hi> met een cargasoentjen<lb xmlns="http://www.tei-c.org/ns/1.0"/> van <hi rend="font-size:10; font-family:Liberation Serif; font-style:italic" xml:lang="nl" xmlns="http://www.tei-c.org/ns/1.0">f</hi> 13000, bestaende in giroffelnagelen <hi rend="font-size:10; font-family:Liberation Serif; vertical-align:super" xml:lang="nl" xmlns="http://www.tei-c.org/ns/1.0">5)</hi> ende andere proffijt gevende coopmanschappen.<lb xmlns="http://www.tei-c.org/ns/1.0"/> Maer wat mach het helpen ten aensien van den tref felij eken handel,<lb xmlns="http://www.tei-c.org/ns/1.0"/> dieindese quartieren gedreven wort? ’t Ware te wenschen, dat U Ed. soo wel als<lb xmlns="http://www.tei-c.org/ns/1.0"/> d’Engelsen de smaeck van dese plaetsen eens gevoelt hadden ; sij hebben met hare<lb xmlns="http://www.tei-c.org/ns/1.0"/> jongste schepen ontrent 150 000 rialen behalven verscheyden coopmanschappen<lb xmlns="http://www.tei-c.org/ns/1.0"/> in Suratte gebracht, houdende daerenboven noch een rijck capitael over tot den<lb xmlns="http://www.tei-c.org/ns/1.0"/> handel van Persien. Van den Broecke solliciteert seer, dat men den handel van<lb xmlns="http://www.tei-c.org/ns/1.0"/> Persien bij der hand soude nemen <hi rend="font-size:10; font-family:Liberation Serif; vertical-align:super" xml:lang="nl" xmlns="http://www.tei-c.org/ns/1.0">6)</hi> ; versche[i]de van de voornaemste Persianen<lb xmlns="http://www.tei-c.org/ns/1.0"/> raden ’t oock zeer aen ende presenteren selfs in persoon met ons volck na den<lb xmlns="http://www.tei-c.org/ns/1.0"/> Siabas <hi rend="font-size:10; font-family:Liberation Serif; vertical-align:super" xml:lang="nl" xmlns="http://www.tei-c.org/ns/1.0">7)</hi> ofte Coninck van Persien te willen trecken, twijffelen niet, sullen soo goet,<lb xmlns="http://www.tei-c.org/ns/1.0"/> ja beter (alles) als d’Engelse bij hem. vercrijgen. Naer wij bemereken, soude tot den<lb xmlns="http://www.tei-c.org/ns/1.0"/> handel van Persien, Suratte, Cambaja <hi rend="font-size:10; font-family:Liberation Serif; vertical-align:super" xml:lang="nl" xmlns="http://www.tei-c.org/ns/1.0">8)</hi> ende de plaetsen daerontrent, halff<lb xmlns="http://www.tei-c.org/ns/1.0"/> sooveel capitael van noode wezen ende oock wel geemployeert connen worden,<lb xmlns="http://www.tei-c.org/ns/1.0"/> als U Ed. voor heel Indien dit jaer seinden sult; van hier hebben de macht niet,<lb xmlns="http://www.tei-c.org/ns/1.0"/> gelijck U Ed. wel afmeten connen, eenige contanten, tenzij met besnijdinge van<lb xmlns="http://www.tei-c.org/ns/1.0"/> andere plaetsen, tot voornoempden handel te tournieren; de vaert van hier op<lb xmlns="http://www.tei-c.org/ns/1.0"/><note xml:id="INT_08c82040-752f-3fc2-ad50-0d3e7b37a945.TEI.1.text.1.body.1.div.1.p.5.note.1" xml:lang="nl" rend="font-size: 7.5; text-align: justify; line-height: 9.3pt; text-indent: 22.0pt" xmlns="http://www.tei-c.org/ns/1.0">1) Adriaen Willemsz. Goeree, opperkoopman, die van zijn aankomst te Bantam,<lb/> 14 november 1616, tot zijn dood te Masulipatam, 30 mei 1625, grotendeels in India diende,<lb/> eerst te Suratte, vanwaar hij landreizen naar Agra maakte, later ter Kust van Coromandel.<lb/></note><note xml:id="INT_08c82040-752f-3fc2-ad50-0d3e7b37a945.TEI.1.text.1.body.1.div.1.p.5.note.2" xml:lang="nl" rend="font-size: 7.5; text-align: justify; line-height: 9.3pt; text-indent: 21.0pt" xmlns="http://www.tei-c.org/ns/1.0">2) Mandu(garh), vroeger hoofdstad van de Moslimse staat Malwa, was reeds achteruitgaande;<lb/> de merkwaardige ruines, in de latere Mahrattenstaat Dhar liggen nabij de Narmada<lb/> op 76° O.L.<lb/></note><note xml:id="INT_08c82040-752f-3fc2-ad50-0d3e7b37a945.TEI.1.text.1.body.1.div.1.p.5.note.3" xml:lang="nl" rend="font-size: 7.5; text-align: justify; line-height: 9.3pt; margin-left: 2100" xmlns="http://www.tei-c.org/ns/1.0">3) Kafilah, Arabisch: karavaan.<lb/></note><note xml:id="INT_08c82040-752f-3fc2-ad50-0d3e7b37a945.TEI.1.text.1.body.1.div.1.p.5.note.4" xml:lang="nl" rend="font-size: 7.5; text-align: justify; line-height: 9.3pt; text-indent: 21.0pt" xmlns="http://www.tei-c.org/ns/1.0">4) Wouter Heuten, in 1616 als onderkoopman uitgekomen en o.a. te Sjihir werkzaam,<lb/> was als opperkoopman (rang 17 dec. 1618 verworven) sinds dec. 1620 secunde te Suratte. Hij<lb/> vertoefde als zodanig veelal te Agra, waar hij 1623 stierf.<lb/></note><note xml:id="INT_08c82040-752f-3fc2-ad50-0d3e7b37a945.TEI.1.text.1.body.1.div.1.p.5.note.5" xml:lang="nl" rend="font-size: 7.5; text-align: justify; line-height: 9.3pt; margin-left: 2100" xmlns="http://www.tei-c.org/ns/1.0">5) Giroffelnagelen = kruidnagelen.<lb/></note><note xml:id="INT_08c82040-752f-3fc2-ad50-0d3e7b37a945.TEI.1.text.1.body.1.div.1.p.5.note.6" xml:lang="nl" rend="font-size: 7.5; text-align: justify; line-height: 9.3pt; margin-left: 2100" xmlns="http://www.tei-c.org/ns/1.0">6) Vgl. zijn brief van 2 april 1621, afgedrukt in <hi rend="font-size:7.5; font-family:Liberation Serif; font-style:italic" xml:lang="nl">W esterkwartieren</hi> als bijlage XI.<lb/></note><note xml:id="INT_08c82040-752f-3fc2-ad50-0d3e7b37a945.TEI.1.text.1.body.1.div.1.p.5.note.7" xml:lang="nl" rend="font-size: 7.5; text-align: justify; line-height: 9.3pt; margin-left: 2100" xmlns="http://www.tei-c.org/ns/1.0">7) Sjah Abbas de Grote van Perzië, 1587-1629.<lb/></note><note xml:id="INT_08c82040-752f-3fc2-ad50-0d3e7b37a945.TEI.1.text.1.body.1.div.1.p.5.note.8" xml:lang="nl" rend="font-size: 7.5; text-align: justify; line-height: 9.3pt; text-indent: 21.0pt" xmlns="http://www.tei-c.org/ns/1.0">8) Cambay, stad, geheel achter aan de gelijknamige golf gelegen, hoofdstad van de<lb/> gelijknamige staat, was destijds nog zeer bloeiend, hoewel door de opkomst van Suratte<lb/> reeds achteruitgaande, 72° O.L., 22° N.B.<lb/></note><pb xml:id="INT_08c82040-752f-3fc2-ad50-0d3e7b37a945.TEI.1.text.1.body.1.div.1.p.5.pb.1" n="108" facs="http://resources.huygens.knaw.nl/retroapp/service_generalemissiven/gm_01/images/gm_1_104_0108.tif"/><fw xml:id="INT_08c82040-752f-3fc2-ad50-0d3e7b37a945.TEI.1.text.1.body.1.div.1.p.5.fw.1" place="top" type="page-number" facs="#zone.143018" xmlns="http://www.tei-c.org/ns/1.0">108</fw><fw xml:id="INT_08c82040-752f-3fc2-ad50-0d3e7b37a945.TEI.1.text.1.body.1.div.1.p.5.fw.2" place="top" type="head" facs="#zone.143022" xmlns="http://www.tei-c.org/ns/1.0">De Carpentier, Dedel, Ileyersz. en Van Uffelen XIII, 9 juli 1621</fw>Mocha met specerijen, benjuin, gommelacco <hi rend="font-size:10; font-family:Liberation Serif; vertical-align:super" xml:lang="nl" xmlns="http://www.tei-c.org/ns/1.0">1),</hi> Surats ende Choromandelsche<lb xmlns="http://www.tei-c.org/ns/1.0"/> deden, met noch verscheyden andere coopmanss[chappen] meer, can de negocie<lb xmlns="http://www.tei-c.org/ns/1.0"/> van Suratte grootel[ijcx] stijven, soo die maer eens te degen getroffen ende in<lb xmlns="http://www.tei-c.org/ns/1.0"/> treyn ware, maer ’t schijnt wel, dat wij tot noch toe sulcx ter behoorlijcker tijt<lb xmlns="http://www.tei-c.org/ns/1.0"/> niet hebben connen voldoen ; altijts sijn de schepen in Mocha te laet aen de merct<lb xmlns="http://www.tei-c.org/ns/1.0"/> gecomen, soodat men hem hierop alleene niet verlaten mach; specerijen ende verscheyden<lb xmlns="http://www.tei-c.org/ns/1.0"/> coopmanss[chappen] can men van hier oock naer Suratte seinden,<lb xmlns="http://www.tei-c.org/ns/1.0"/> maer alsser geen contanten bij sijn om den incoop in d’omleggende quartieren<lb xmlns="http://www.tei-c.org/ns/1.0"/> gaende te houden, soo en is ’t al mede geen deech, want als de Mooren bemercken,<lb xmlns="http://www.tei-c.org/ns/1.0"/> dat men om geit benoodicht is, soo maken sij stracx een monopolie niet te coopen<lb xmlns="http://www.tei-c.org/ns/1.0"/> dan tot sulcken prijs, als ’t haer gelieft, in voegen dat men haren wille doen moet,<lb xmlns="http://www.tei-c.org/ns/1.0"/> wil men geit hebben ende de contanten dan soo diere comen te staen, alsoff men<lb xmlns="http://www.tei-c.org/ns/1.0"/> die uyt de lombaert haelde.<lb xmlns="http://www.tei-c.org/ns/1.0"/>
            </p><p xml:id="INT_08c82040-752f-3fc2-ad50-0d3e7b37a945.TEI.1.text.1.body.1.div.1.p.6" xml:lang="nl" rend="font-size: 10; text-align: justify; line-height: 11.7pt; text-indent: 22.0pt" xmlns="http://www.tei-c.org/ns/1.0">Hiernevens gaen twee monsters van sabels, die den prince sultan Chron <hi rend="font-size:10; font-family:Liberation Serif; vertical-align:super" xml:lang="nl">2)</hi> aen<lb/> V an den Broecke gesonden heeft om in ons lant eenighe na dat fatsoen voor hem<lb/> te doen maecken. U Ed. gelieve ordre te stellen, dat die ter gelegener tijt becoomen<lb/> mogen, daer behoeft anders niet toe dan de simpele lemmers.<lb/></p><note xml:id="INT_08c82040-752f-3fc2-ad50-0d3e7b37a945.TEI.1.text.1.body.1.div.1.note.3" xml:lang="nl" place="inline" type="editorial-summary" resp="editor" rend="font-style: italic; line-height: 12.0pt; text-indent: 22.0pt; text-align: justify; font-size: 10" xmlns="http://www.tei-c.org/ns/1.0">(Aangekomen schepen <hi rend="font-size:10; font-family:Liberation Serif" xml:lang="nl">,</hi> berichten uit de W ester kwartier en, reeds bekend uit<lb/><hi rend="font-size:10; font-family:Liberation Serif" xml:lang="nl">Westerkwartieren</hi> en <hi rend="font-size:10; font-family:Liberation Serif" xml:lang="nl">Coen</hi> ) .<lb/></note><p xml:id="INT_08c82040-752f-3fc2-ad50-0d3e7b37a945.TEI.1.text.1.body.1.div.1.p.7" resp="int_paragraph_joining" rend="">
              Is te beduchten, dat d’Engelse ons in Jamby een voordeel sullen affzien,<lb xmlns="http://www.tei-c.org/ns/1.0"/> also onlangs naar onse rekeninge over de 100 000 rialen in contant, behalve de<lb xmlns="http://www.tei-c.org/ns/1.0"/> coopmanss[chappen], derrewaerts gesonden hebben. Eer het voorverhaelde ontset<lb xmlns="http://www.tei-c.org/ns/1.0"/> in Jambij bequamen ende dat van geit gans ontbloot waren, hebben sij van den<lb xmlns="http://www.tei-c.org/ns/1.0"/> Coninck 6000 rialen te leen opgenomen ende hem in recompence van dien een van<lb xmlns="http://www.tei-c.org/ns/1.0"/> haere beste stucken geschut toegeseyt ende naderhant oock gegeven. Wij hebben<lb xmlns="http://www.tei-c.org/ns/1.0"/> den president van d’Engelsen hierover aengesproken en oock berispt, dat sulcx<lb xmlns="http://www.tei-c.org/ns/1.0"/> expresselijcken in ’t accord verbooden ende oock grootelijcx tot prejuditie van<lb xmlns="http://www.tei-c.org/ns/1.0"/> onse Comp.ie streckende was. Excuseert hem geen last daertoe gegeven te hebben,<lb xmlns="http://www.tei-c.org/ns/1.0"/> maer dat den coopman sulcx op sijn eygen aucthoriteyt gedaen ende oock den<lb xmlns="http://www.tei-c.org/ns/1.0"/> Cooninck soo vast toegeseyt hadde, dat het stuck nootsakelijck moste gegeven<lb xmlns="http://www.tei-c.org/ns/1.0"/> worden ofte souden groote moeyte ende swaricheyt daervan te verwachten<lb xmlns="http://www.tei-c.org/ns/1.0"/> hebben. Hield hem, alsoff hij op den coopman heel verstoort was ende beloofde<lb xmlns="http://www.tei-c.org/ns/1.0"/> ons, dat hij ’t hem oock wel seggen soude ; dit is al den troost ende ’t redres, dat<lb xmlns="http://www.tei-c.org/ns/1.0"/> sij ons over de fauten van hare dienaers geven. Niettegenstaende dat haer volck<lb xmlns="http://www.tei-c.org/ns/1.0"/> over eenige jaren in Androgiry schandelijck van d’inwoonderen vermoort ende<lb xmlns="http://www.tei-c.org/ns/1.0"/> alles wat daer hadden, berooft is, hebben zij aen den Coninck van Jambij versocht<lb xmlns="http://www.tei-c.org/ns/1.0"/> een brief in haer faveur aen die van Androgirij te willen schrijven, ten eynde alsdaer<lb xmlns="http://www.tei-c.org/ns/1.0"/> te vooren weder mochten coomen handelen met beloften, dat het gepasseerde<lb xmlns="http://www.tei-c.org/ns/1.0"/> vergeten ende vergeven soude blijven, twelck haer den Cooninck belooft heeft.<lb xmlns="http://www.tei-c.org/ns/1.0"/> Soo haest desen brief van recommandatie becomen, sijn van meeninge, soo ons<lb xmlns="http://www.tei-c.org/ns/1.0"/> Van der Dussen <hi rend="font-size:10; font-family:Liberation Serif; vertical-align:super" xml:lang="nl" xmlns="http://www.tei-c.org/ns/1.0">3)</hi> advyseert, dadelijck een jacht derrewaerts te zeinden, soodat<lb xmlns="http://www.tei-c.org/ns/1.0"/><note xml:id="INT_08c82040-752f-3fc2-ad50-0d3e7b37a945.TEI.1.text.1.body.1.div.1.p.7.note.1" xml:lang="nl" rend="font-size: 7.5; text-align: justify; line-height: 9.6pt; margin-left: 2200" xmlns="http://www.tei-c.org/ns/1.0">1) Benjuin en gommelacco = benzoë en schellak.<lb/></note><note xml:id="INT_08c82040-752f-3fc2-ad50-0d3e7b37a945.TEI.1.text.1.body.1.div.1.p.7.note.2" xml:lang="nl" rend="font-size: 7.5; text-align: justify; line-height: 9.6pt; text-indent: 21.0pt" xmlns="http://www.tei-c.org/ns/1.0">2) Sultan Chron. De latere Grootmogol Sjah Jahan (1627-1658) heette als prins sultan<lb/> Khurram, onder welke naam hij in de Compagniesstukken ook na 1627 nog wel voorkomt.<lb/> Hij bestuurde als onderkoning in 1621 o.a. Guzeratte met inbegrip van Suratte.<lb/></note><note xml:id="INT_08c82040-752f-3fc2-ad50-0d3e7b37a945.TEI.1.text.1.body.1.div.1.p.7.note.3" xml:lang="nl" rend="font-size: 7.5; text-align: justify; line-height: 9.6pt; margin-left: 2100" xmlns="http://www.tei-c.org/ns/1.0">3) Adriaen Jacobsz. van der Dussen, die de Compagnie tussen 1607 en 1624 diende op<lb/></note><pb xml:id="INT_08c82040-752f-3fc2-ad50-0d3e7b37a945.TEI.1.text.1.body.1.div.1.p.7.pb.1" n="109" facs="http://resources.huygens.knaw.nl/retroapp/service_generalemissiven/gm_01/images/gm_1_104_0109.tif"/><fw xml:id="INT_08c82040-752f-3fc2-ad50-0d3e7b37a945.TEI.1.text.1.body.1.div.1.p.7.fw.1" place="top" type="head" facs="#zone.145723" xmlns="http://www.tei-c.org/ns/1.0">De Carpentier, Dedel, Reyersz. en Van Uffelen XIII, 9 juli 1621</fw><fw xml:id="INT_08c82040-752f-3fc2-ad50-0d3e7b37a945.TEI.1.text.1.body.1.div.1.p.7.fw.2" place="top" type="page-number" facs="#zone.145737" xmlns="http://www.tei-c.org/ns/1.0">109</fw>dese nabueren ons overal, waer wij gaen, cort op de hielen volgen ende de proffijten<lb xmlns="http://www.tei-c.org/ns/1.0"/> dun genoech maken sullen; verdragelijck soude het noch wesen, lieten sij ons maer<lb xmlns="http://www.tei-c.org/ns/1.0"/> in ruste ende dat ons achter den rugge bij de coningen ende de grooten so leelijck<lb xmlns="http://www.tei-c.org/ns/1.0"/> niet afmaelden ende becladden; de principaelste sijn haer van de voorgangers,<lb xmlns="http://www.tei-c.org/ns/1.0"/> gelijck wij nu corteling van Jamby verstaen hebben, hoe leelijck eenen meester<lb xmlns="http://www.tei-c.org/ns/1.0"/> Spalding* <hi rend="font-size:9.5; font-family:Liberation Serif; font-weight:bold; vertical-align:super" xml:lang="nl" xmlns="http://www.tei-c.org/ns/1.0">1),</hi> derde persoon in haren raet, ons bij den Coninck aldaer uytgemaect<lb xmlns="http://www.tei-c.org/ns/1.0"/> heeft, noch min noch meer, alsoff wij maer een hoopen rovers ende usurpateurs<lb xmlns="http://www.tei-c.org/ns/1.0"/> van verscheyden coningen landen waren geweest; ’t schijnt, desen Spaldingh<lb xmlns="http://www.tei-c.org/ns/1.0"/> expres daer gesonden is omme yets bijsonders ende wat vreempts met den Coninck<lb xmlns="http://www.tei-c.org/ns/1.0"/> te confereren, eerlange hopen ’t finael daervan te vernemen.<lb xmlns="http://www.tei-c.org/ns/1.0"/>
            </p><note xml:id="INT_08c82040-752f-3fc2-ad50-0d3e7b37a945.TEI.1.text.1.body.1.div.1.note.4" xml:lang="nl" place="inline" type="editorial-summary" resp="editor" rend="font-style: italic; line-height: 10.5pt; text-indent: 22.0pt; text-align: justify; font-weight: bold; font-size: 9.5" xmlns="http://www.tei-c.org/ns/1.0">( A anlcomst van het schip Gallosse uit Cambodja ) .<lb/></note><p xml:id="INT_08c82040-752f-3fc2-ad50-0d3e7b37a945.TEI.1.text.1.body.1.div.1.p.8" xml:lang="nl" rend="line-height: 11.7pt; text-indent: 22.0pt; text-align: justify; font-weight: bold; font-size: 9.5" xmlns="http://www.tei-c.org/ns/1.0">Schoonder partije rijs ende benjuin hadden wij met de Galiasse verwacht. Dat<lb/> schijnt, niet heeft willen lucken, alsoo te laet in de riviere van Cambodja gecomen<lb/> ende wel omtrent 4 maenden besich gheweest is, eer boven voor de stadt heeft<lb/> connen geraecken door de stercke affwateringe, die dat mouson soo vehement als<lb/> noch in 20 jaren geweest is, jaa soo groot, dat het lant omher omtrent 5 maenden<lb/> langh wel P/2 vadem onder water gestaen heeft, in voegen dat den nieuw gesayden<lb/> rijs op ’t landt gans verrot ende verdroncken is.<lb/></p><note xml:id="INT_08c82040-752f-3fc2-ad50-0d3e7b37a945.TEI.1.text.1.body.1.div.1.note.5" xml:lang="nl" place="inline" type="editorial-summary" resp="editor" rend="font-style: italic; line-height: 11.4pt; text-indent: 22.0pt; text-align: justify; font-weight: bold; font-size: 9.5" xmlns="http://www.tei-c.org/ns/1.0">(Over de met de Engelsen weer naar Oost- Azië te zenden vloot van defensie,<lb/> vgl. <hi rend="font-size:9.5; font-family:Liberation Serif; font-weight:bold" xml:lang="nl">Coen</hi> o.a. V, p. <hi rend="font-size:9.5; font-family:Liberation Serif; font-style:italic" xml:lang="nl">606</hi> vlg., p. 693).<lb/></note><p xml:id="INT_08c82040-752f-3fc2-ad50-0d3e7b37a945.TEI.1.text.1.body.1.div.1.p.9" xml:lang="nl" rend="line-height: 11.4pt; text-indent: 22.0pt; text-align: justify; font-weight: bold; font-size: 9.5" xmlns="http://www.tei-c.org/ns/1.0">Tegen toecomende september heeft Sijn Ed. <hi rend="font-size:9.5; font-family:Liberation Serif; font-weight:bold; vertical-align:super" xml:lang="nl">2)</hi> voorgenomen een vlote na<lb/> Malabar ende Goa te seinden, tsij in compagnie van d’Engelsen ofte, soo in defaut<lb/> blijven, gelijck het wel gesienst is, met alsulcken macht als van ons selffs sullen<lb/> connen bij brengen ende heeft ons dienvolgende belast tegen sijne wedercompste<lb/> soveel preparatien temaken, als mogelijck is. Godt geve, dat de nieuwe secoursen<lb/> tijdlijck mogen arriveren ofte de tocht sal bij gebreck van victualiën, insonderheyt<lb/> volck, geit, ammonitie van oorloge ende andere noodighe behoeften, vrij wat becrompen<lb/> uytvallen.<lb/></p><note xml:id="INT_08c82040-752f-3fc2-ad50-0d3e7b37a945.TEI.1.text.1.body.1.div.1.note.6" xml:lang="nl" place="inline" type="editorial-summary" resp="editor" rend="font-style: italic; line-height: 11.1pt; text-indent: 22.0pt; text-align: justify; font-weight: bold; font-size: 9.5" xmlns="http://www.tei-c.org/ns/1.0">(Voornemen van Coen forten in de Molukken te doen raseren. Vgl. <hi rend="font-size:9.5; font-family:Liberation Serif; font-weight:bold" xml:lang="nl">Coen,</hi> o.a.<lb/> III, 128 <hi rend="font-size:9.5; font-family:Liberation Serif; font-weight:bold" xml:lang="nl">,</hi> 777 en VII <hi rend="font-size:9.5; font-family:Liberation Serif; font-weight:bold" xml:lang="nl">,</hi> 806 vlg.).<lb/></note><p xml:id="INT_08c82040-752f-3fc2-ad50-0d3e7b37a945.TEI.1.text.1.body.1.div.1.p.10" resp="int_paragraph_joining" rend="">
              Door de heeren gouverneurs Houtman ende Van Antsen <hi rend="font-size:9.5; font-family:Liberation Serif; font-weight:bold; vertical-align:super" xml:lang="nl" xmlns="http://www.tei-c.org/ns/1.0">3)</hi> hadde Sijne Ed.<lb xmlns="http://www.tei-c.org/ns/1.0"/> eenen algemeenen landdach in Amboina doen beleggen omme te sien, off de vic-<lb xmlns="http://www.tei-c.org/ns/1.0"/><note xml:id="INT_08c82040-752f-3fc2-ad50-0d3e7b37a945.TEI.1.text.1.body.1.div.1.p.10.note.1" xml:lang="nl" rend="font-size: 7.5; text-align: justify; line-height: 9.3pt" xmlns="http://www.tei-c.org/ns/1.0">verschillende plaatsen, was van juli 1619 tot eind 1623 opperkoopman te Djambi. Vgl. <hi rend="font-size:7.5; font-family:Liberation Serif; font-style:italic" xml:lang="nl">Buysero,</hi><lb/>p. 192 vlg. en <hi rend="font-size:7.5; font-family:Liberation Serif; font-style:italic" xml:lang="nl">Woordenboek</hi> II, p. 415.<lb/></note><note xml:id="INT_08c82040-752f-3fc2-ad50-0d3e7b37a945.TEI.1.text.1.body.1.div.1.p.10.note.2" xml:lang="nl" rend="font-size: 7.5; text-align: justify; line-height: 9.3pt; text-indent: 22.0pt" xmlns="http://www.tei-c.org/ns/1.0">1) Augustus Spalding was in dienst der Engelse O.I.C. van 1607 tot 1613 te Bantam<lb/> werkzaam, sinds april 1620 weer in West-Java. Herhaaldelijk verdacht van particuliere handel<lb/> en daarover 1623 met £ 1000, — beboet, repatrieerde hij in 1624.<lb/></note><note xml:id="INT_08c82040-752f-3fc2-ad50-0d3e7b37a945.TEI.1.text.1.body.1.div.1.p.10.note.3" xml:lang="nl" rend="font-size: 7.5; text-align: justify; line-height: 9.3pt; margin-left: 2100" xmlns="http://www.tei-c.org/ns/1.0">2) Coen.<lb/></note><note xml:id="INT_08c82040-752f-3fc2-ad50-0d3e7b37a945.TEI.1.text.1.body.1.div.1.p.10.note.4" xml:lang="nl" rend="font-size: 7.5; text-align: justify; line-height: 9.3pt; text-indent: 20.0pt" xmlns="http://www.tei-c.org/ns/1.0">3) Frederik de Houtman, die reeds in 1596 voor de eerste maal in de Indische Archipel<lb/> kwam, thans eerste raad van Indië, was juist benoemd tot gouverneur van de Molukken<lb/> (30 juni 1621-25 maart 1623).<lb/></note><note xml:id="INT_08c82040-752f-3fc2-ad50-0d3e7b37a945.TEI.1.text.1.body.1.div.1.p.10.note.5" xml:lang="nl" rend="font-size: 7.5; text-align: justify; line-height: 9.3pt; text-indent: 20.0pt" xmlns="http://www.tei-c.org/ns/1.0">Willem van Antzen, raad van Indië, was 10 april 1621 afgetreden als gouverneur van<lb/> Banda. Zie verder voor hem <hi rend="font-size:7.5; font-family:Liberation Serif; font-style:italic" xml:lang="nl">Coen</hi> VII, p. 885 en 895.<lb/></note><pb xml:id="INT_08c82040-752f-3fc2-ad50-0d3e7b37a945.TEI.1.text.1.body.1.div.1.p.10.pb.1" n="110" facs="http://resources.huygens.knaw.nl/retroapp/service_generalemissiven/gm_01/images/gm_1_104_0110.tif"/><fw xml:id="INT_08c82040-752f-3fc2-ad50-0d3e7b37a945.TEI.1.text.1.body.1.div.1.p.10.fw.1" place="top" type="page-number" facs="#zone.151277" xmlns="http://www.tei-c.org/ns/1.0">110</fw><fw xml:id="INT_08c82040-752f-3fc2-ad50-0d3e7b37a945.TEI.1.text.1.body.1.div.1.p.10.fw.2" place="top" type="head" facs="#zone.151281" xmlns="http://www.tei-c.org/ns/1.0">De Carpentier, Dedel, Reyersz. en Van Uffelen XIII, 9 juli 1621</fw>torie van Banda eenige vrese ende ontsich over de twijffelige ende rebelsuchtige<lb xmlns="http://www.tei-c.org/ns/1.0"/> gemoederen gebaert soude hebben ende tegen Sijne Ed. compste de wech tot de<lb xmlns="http://www.tei-c.org/ns/1.0"/> voordere afhandelinge te prepareren. Meest alle de hoof f den waren gecompareert,<lb xmlns="http://www.tei-c.org/ns/1.0"/> uytgesondert den stathouder van den Coninck van Ternaten <hi rend="font-size:10; font-family:Liberation Serif; vertical-align:super" xml:lang="nl" xmlns="http://www.tei-c.org/ns/1.0">1)</hi> ende die van<lb xmlns="http://www.tei-c.org/ns/1.0"/> Loehoe met hare consorten; ’t scheen dat dese oock niet compareren souden;<lb xmlns="http://www.tei-c.org/ns/1.0"/> opdrachten, verbonden, eeden, contracten ende solemnele belooften gelden bij<lb xmlns="http://www.tei-c.org/ns/1.0"/> dese natiën niet meer als een wint, die daer heenen wayt, tensij door gestadige<lb xmlns="http://www.tei-c.org/ns/1.0"/> macht tot d’observantie van dien gedwongen worden.<lb xmlns="http://www.tei-c.org/ns/1.0"/>
            </p><p xml:id="INT_08c82040-752f-3fc2-ad50-0d3e7b37a945.TEI.1.text.1.body.1.div.1.p.11" xml:lang="nl" rend="font-size: 10; text-align: justify; line-height: 11.7pt; text-indent: 21.0pt" xmlns="http://www.tei-c.org/ns/1.0">Bantam blijft even onbeweeghlijck, immer soo ’t uyterlijck schijnt ende hoopt<lb/> ons te verdueren; ongetwijfelt, soo wij de macht hadden hem ’t vier wat naerder<lb/> te leggen, achte, tot redelijck verdraeh eer soude resolveeren als de behoudemsse<lb/> van sijnen staet tegen sijn totale ruyne te hasarderen. Konnen wij het maer soo<lb/> verre brengen, dat eens met Bantam in capitulatie ende contract comen, sal<lb/> Jaccatra den dwinger moeten wesen om tselve te doen onderhouden, maer soo<lb/> men naerder comen moet ende datter geen ander middel sij de saké t’accommoderen<lb/> als met Bantam selfs aen te tasten, soo waer het te wenschen, dat wij de<lb/> macht hadden sulcx alleene sonder coassistentie van d’Engelsen bij der hant te<lb/> mogen nemen, ’t en conde nimmermeer beter als nu te passé gecomen hebben,<lb/> want so machteloos rechtevoort zijn, als mogelijck oyt na desen wesen sullen; ’t en<lb/> soude Jacatra oock niet wel passen, dat d’Engelsen op Java ofte hieromtrent een<lb/> bysonder plaetse op haer selven besaten omme den teeren opganck ende beginselen<lb/> van dese republicque in haren loop ende wasdom niet hinderlijck te wesen,<lb/> daertoe zij ongetwijffelt haer uytterste beste doen souden. Conde U Ed. Bantam<lb/> noch eenige jaren derven, ’t ware Jaccatra maer so veel voorderlijcken, want so<lb/> lange Bantam gesloten ende ondergehouden wort, neempt Jaccatra dagelijcx<lb/> des te meer aen, dat met cleene costen sonder verlet ende voortganck in de reste<lb/> van de negotie geschieden can, al waer ’t, dat wij het alleene mosten beschicken,<lb/> gelijck wij voor de compste van d’Engelse ende tsedert oock alleene meest hebben<lb/> moeten doen. Wij en mogen ons op haer niet verlaten, d’eene dach hebben sij een<lb/> schip voor Bantam, d’ander dach verseinden sij ’t weder in hare particuliere negotie.<lb/><hi rend="font-size:7.5; font-family:Liberation Serif" xml:lang="nl">Fol. 56 r en v.</hi><lb/></p><note xml:id="INT_08c82040-752f-3fc2-ad50-0d3e7b37a945.TEI.1.text.1.body.1.div.1.note.7" xml:lang="nl" place="inline" type="editorial-summary" resp="editor" rend="line-height: 10.0pt; text-indent: 21.0pt; text-align: justify; letter-spacing: 1.0pt; font-size: 9" xmlns="http://www.tei-c.org/ns/1.0"><hi rend="font-size:9; font-family:Liberation Serif; font-style:italic" xml:lang="nl">( Gebrekkige medewerking der Engelsen bij de vloot van defensie</hi> ) .<lb/></note><p xml:id="INT_08c82040-752f-3fc2-ad50-0d3e7b37a945.TEI.1.text.1.body.1.div.1.p.12" xml:lang="nl" rend="font-size: 10; text-align: justify; line-height: 11.7pt; text-indent: 21.0pt" xmlns="http://www.tei-c.org/ns/1.0">Jaccatra neemt, Godt loff, dagelijcx meer ende meer toe, gelijck U Ed. per<lb/> de maentlycke incompste sult mogen sien. Den 14en junij is hier van China de<lb/> seste Chineese joncque aengecomen, naerdat ontrent 4 maenden onderwegen<lb/> geweest was; dit jaer hebben dese j oneken geen Nederlantsche waren gebracht <hi rend="font-size:10; font-family:Liberation Serif; vertical-align:super" xml:lang="nl">2),</hi><lb/>niet dan grof porceleyn, ijsere pannen, suycker, fruyten, aracq, eenige grove<lb/> slechte stoffen ende verscheyden andere cleynicheden, maer groote meenichte<lb/> van volck. Wij maken calculatie, dat omtrent 1000 man aengebracht hebben.<lb/></p><p xml:id="INT_08c82040-752f-3fc2-ad50-0d3e7b37a945.TEI.1.text.1.body.1.div.1.p.13" resp="int_paragraph_joining" rend="">
              Wij hebben aen verscheyden Chineese cooplieden ende nachodas voor 15<lb xmlns="http://www.tei-c.org/ns/1.0"/> jonequen passen verleent, die alle belooft hebben ’t naeste jaer met rijeke waeren<lb xmlns="http://www.tei-c.org/ns/1.0"/> hier te willen coomen : met Godes hulpe sal het aen den aenwas niet manequeren,<lb xmlns="http://www.tei-c.org/ns/1.0"/> insonderheyt soo U Ed. dese plaetse voor eerst met contanten rijekelijek geprovideert<lb xmlns="http://www.tei-c.org/ns/1.0"/> houde, want dit het eenige aes is, daer de Chineesen ende alle dese natiën<lb xmlns="http://www.tei-c.org/ns/1.0"/><note xml:id="INT_08c82040-752f-3fc2-ad50-0d3e7b37a945.TEI.1.text.1.body.1.div.1.p.13.note.1" xml:lang="nl" rend="font-size: 7.5; line-height: 9.9pt; text-indent: 22.0pt" xmlns="http://www.tei-c.org/ns/1.0">1) D. i. Kimelaha Daja, vgl. p. 87 noot 2. Vgl. voor deze landdag <hi rend="font-size:7.5; font-family:Liberation Serif; font-style:italic" xml:lang="nl">Coen</hi> I, p. 634 en<lb/> 646 vlg.<lb/></note><note xml:id="INT_08c82040-752f-3fc2-ad50-0d3e7b37a945.TEI.1.text.1.body.1.div.1.p.13.note.2" xml:lang="nl" rend="font-size: 7.5; text-align: justify; line-height: 9.9pt; margin-left: 2100" xmlns="http://www.tei-c.org/ns/1.0">2) Versta: voor Nederland geschikte waren.<lb/></note><pb xml:id="INT_08c82040-752f-3fc2-ad50-0d3e7b37a945.TEI.1.text.1.body.1.div.1.p.13.pb.1" n="111" facs="http://resources.huygens.knaw.nl/retroapp/service_generalemissiven/gm_01/images/gm_1_104_0111.tif"/><fw xml:id="INT_08c82040-752f-3fc2-ad50-0d3e7b37a945.TEI.1.text.1.body.1.div.1.p.13.fw.1" place="top" type="head" facs="#zone.153799" xmlns="http://www.tei-c.org/ns/1.0">De Carpentier, Dedel, Reyersz. en Van Uffelen XIII, 9 juli 1621</fw><fw xml:id="INT_08c82040-752f-3fc2-ad50-0d3e7b37a945.TEI.1.text.1.body.1.div.1.p.13.fw.2" place="top" type="page-number" facs="#zone.153813" xmlns="http://www.tei-c.org/ns/1.0">111</fw>na vliegen ende dat soo langh, totdat de incompsten U Ed. jaerlijxse secoursen<lb xmlns="http://www.tei-c.org/ns/1.0"/> derven mogen, twelck, met den segen van Godt, geschapen staet in corten jaren<lb xmlns="http://www.tei-c.org/ns/1.0"/> te sullen connen geschieden.<lb xmlns="http://www.tei-c.org/ns/1.0"/>
            </p><p xml:id="INT_08c82040-752f-3fc2-ad50-0d3e7b37a945.TEI.1.text.1.body.1.div.1.p.14" xml:lang="nl" rend="font-size: 10; text-align: justify; line-height: 11.4pt; text-indent: 22.0pt" xmlns="http://www.tei-c.org/ns/1.0">Wij sijn vast doende omme de stadt aen d’oostsijde van de rivier met houte<lb/> pallisaden ende een eerde borstweringe te besluyten.<lb/></p><p xml:id="INT_08c82040-752f-3fc2-ad50-0d3e7b37a945.TEI.1.text.1.body.1.div.1.p.15" xml:lang="nl" rend="font-size: 10; text-align: justify; line-height: 11.4pt; text-indent: 22.0pt" xmlns="http://www.tei-c.org/ns/1.0">De fortificatiën ende gebouwen van ’t fort gaen(de) mede na macht ende niet<lb/> na wensch voort; de principale schortinge is aen vlijtige ervarene wercklieden,<lb/> insonderheyt goede meesters ; de meeste part van d’ambachtslieden, soo wel huysals<lb/> scheepstimmerlieden, sijn de cost niet waerdich, wij laten staen de gagien,<lb/> soodat wij niet dan ons verdriet daeraen sien. ’t Schijnt bijcans, dat de wagen soo<lb/> voort moet, want het U Ed. genoech geschreven is ende ’t en helpt al niet. Wat<lb/> baet het, dat U Ed. met de schepen chaloupen sendet ende de timmerluyden<lb/> om die op te setten t’huys blijven. Wij en connen hier de treffelijcke benodichde<lb/> schepen haer behoeff nergens na voldoen; d’een is so haest niet verdubbelt, drie<lb/> lichter wederom gereet, die elck voor d’ander diende geholpen te worden. Ondertusschen<lb/> moeten sommige schepen bij gebreck van beurte voor haeren tijt aen de<lb/> wal; den ommeslach is soo groot, dat in der waerheyt alle het werckvolck, hier<lb/> tegenwoordich wesende, qualijck machtich is de loose <hi rend="font-size:10; font-family:Liberation Serif; vertical-align:super" xml:lang="nl">1)</hi> gebouwen in ’t fort ende<lb/> cleen vaertuygh van vlotten, fregatten, boots, schuyten, tingans als andersints<lb/> gaende te houden. Wij en connen ’t maer te kennen geven, ’t staet in U Ed. gelieften<lb/> daerinne te voorsien, ondertusschen sullen ons na vermogen quyten. Willen<lb/> U Ed. voorder gebeden hebben, soo eenige ambachtsluyden aengenomen worden,<lb/> dat men ons mannen zeinde, die niet alleen den naem maer de daet oock voeren,<lb/> ofte ’t sal altijts ’t oude wesen.<lb/></p><p xml:id="INT_08c82040-752f-3fc2-ad50-0d3e7b37a945.TEI.1.text.1.body.1.div.1.p.16" xml:lang="nl" rend="font-size: 10; text-align: justify; line-height: 11.4pt; text-indent: 22.0pt" xmlns="http://www.tei-c.org/ns/1.0">In onsen voorgaenden hebben U Ed. geschreven, hoe om contanten uytermaten<lb/> verlegen souden vallen, bij aldien U Ed. met de toecomende vloote niet<lb/> rijckelijck equipeerdet. ’t Is, Godt betert, op ons seggen uytgevallen, hier sit men<lb/> tegenwoordich benout ende hebben in casse niet boven de vijff duysent rialen<lb/> van achten, so na hebben wij ons uutgepudt omme de negotien overal in soberen<lb/> treyn te houden ende noch en is den eysch nergens na voldaen, resteert ons ternauwernoot<lb/> so veel om d’aencomende rijsprauwen t’onderhouden. Wat sal ’t<lb/> wesen, compt er peper van buyten, gelijck nu onlanghs geschiet is ofte eenige<lb/> andere dienstige waren? D’Engelsen sullen der alleen mede gaen strijcken ende wij<lb/> met compassie opkijcken; sal dit niet een schoon proffijt ende reputatie voor de<lb/> Nederlantsche Comp.Ie wesen?<lb/></p><p xml:id="INT_08c82040-752f-3fc2-ad50-0d3e7b37a945.TEI.1.text.1.body.1.div.1.p.17" xml:lang="nl" rend="font-size: 10; text-align: justify; line-height: 11.4pt; text-indent: 22.0pt" xmlns="http://www.tei-c.org/ns/1.0">Eenige dagen geleden hebben wij ’t fregat Ceylon naer Grissij gesonden<lb/> omme te sien wat oveiige contanten daer souden moghen wesen ende die hier te<lb/> brengen. Is het niet armelijck ges telt, dat de ouders van haer kinders moeten<lb/> onderstant versoecken ? Godt weet, hoe lange dit noch dueren can, eer de nieuwe<lb/> secoursen aencomen.<lb/></p><p xml:id="INT_08c82040-752f-3fc2-ad50-0d3e7b37a945.TEI.1.text.1.body.1.div.1.p.18" xml:lang="nl" rend="font-size: 10; text-align: justify; line-height: 11.4pt; text-indent: 22.0pt" xmlns="http://www.tei-c.org/ns/1.0">D’Engelsen hadden mede geerne voor eerst restitutie van r. 96 000, door ons<lb/> voor desen aenghehaelt, volgens ’t accord ende U Ed. bijsondere nagegeven ordre,<lb/> wat is daer tegen?<lb/></p><p xml:id="INT_08c82040-752f-3fc2-ad50-0d3e7b37a945.TEI.1.text.1.body.1.div.1.p.19" xml:lang="nl" rend="font-size: 10; text-align: justify; line-height: 11.4pt; text-indent: 22.0pt" xmlns="http://www.tei-c.org/ns/1.0">Indien Bantam eens open ginge, dat t’onsen gelucke m dese conjuncture<lb/> gesloten is, waermede souden den handel beghinnen? Bij gebreck van contanten<lb/> hebben dit jaer naer Suratte niet eenen riael connen seinden.<lb/></p><note xml:id="INT_08c82040-752f-3fc2-ad50-0d3e7b37a945.TEI.1.text.1.body.1.div.1.note.8" xml:lang="nl" rend="font-size: 8.5; line-height: 9.4pt; margin-left: 2100" xmlns="http://www.tei-c.org/ns/1.0">1 ) D.i. loge.<lb/></note><pb xml:id="INT_08c82040-752f-3fc2-ad50-0d3e7b37a945.TEI.1.text.1.body.1.div.1.pb.2" n="112" facs="http://resources.huygens.knaw.nl/retroapp/service_generalemissiven/gm_01/images/gm_1_104_0112.tif"/><fw xml:id="INT_08c82040-752f-3fc2-ad50-0d3e7b37a945.TEI.1.text.1.body.1.div.1.fw.3" place="top" type="page-number" facs="#zone.156370" xmlns="http://www.tei-c.org/ns/1.0">112</fw><fw xml:id="INT_08c82040-752f-3fc2-ad50-0d3e7b37a945.TEI.1.text.1.body.1.div.1.fw.4" place="top" type="head" facs="#zone.156388" xmlns="http://www.tei-c.org/ns/1.0">De Carpentier, Dedel, Reyersz. en Van Uffelen XIII, 9 juli 1621</fw><p xml:id="INT_08c82040-752f-3fc2-ad50-0d3e7b37a945.TEI.1.text.1.body.1.div.1.p.20" resp="int_paragraph_joining" rend="">
              De Custe van Choromandel begint mede te dagen, wij en sien noch geen<lb xmlns="http://www.tei-c.org/ns/1.0"/> middel om die te helpen, weten oock niet, wat capitael dat met de vlote tegen<lb xmlns="http://www.tei-c.org/ns/1.0"/> September toecomende na Malabar seinden sullen.<lb xmlns="http://www.tei-c.org/ns/1.0"/>Na Cambodja behoorden wij al 4 maenden geleden een tamelijck schip ende<lb xmlns="http://www.tei-c.org/ns/1.0"/> contanten gesonden te hebben; ’t heeft mede t’onsen leetwesen moeten naeblijven.<lb xmlns="http://www.tei-c.org/ns/1.0"/>
            </p><p xml:id="INT_08c82040-752f-3fc2-ad50-0d3e7b37a945.TEI.1.text.1.body.1.div.1.p.21" xml:lang="nl" rend="font-size: 10; text-align: justify; line-height: 11.7pt; text-indent: 21.0pt" xmlns="http://www.tei-c.org/ns/1.0">In den handel van Cauchinchina (die ons den Coninck selfs met een joncke,<lb/> dit jaer expres van daer gesonden, aengeboden heeft) hebben mede niet een sier<lb/> connen doen.<lb/></p><p xml:id="INT_08c82040-752f-3fc2-ad50-0d3e7b37a945.TEI.1.text.1.body.1.div.1.p.22" xml:lang="nl" rend="font-size: 10; text-align: justify; line-height: 11.7pt; text-indent: 21.0pt" xmlns="http://www.tei-c.org/ns/1.0">De comptoiren Siam, Patanij, Sangora, Ligor, Bordelon <hi rend="font-size:10; font-family:Liberation Serif; vertical-align:super" xml:lang="nl">1),</hi> Androgirij, Jambij,<lb/> Palambang, Atchin, de Westcuste van Sumatra ende voorts andere cleene omleggende<lb/> plaetsen, daer peper te becomen is, hebben wij nergens na den eysch<lb/> connen voldoen. Noch schrijven U Ed., dat men den handel extenderen, nieuwe<lb/> vaerten opsoecken ende goede retouren procureren soude, daer wij so machteloos<lb/> sijn, dat den ouden treyn niet connen onderhouden.<lb/></p><note xml:id="INT_08c82040-752f-3fc2-ad50-0d3e7b37a945.TEI.1.text.1.body.1.div.1.note.9" xml:lang="nl" place="inline" type="editorial-summary" resp="editor" rend="font-style: italic; line-height: 11.7pt; text-indent: 21.0pt; text-align: justify; font-size: 9.5" xmlns="http://www.tei-c.org/ns/1.0">(Ondernemingen van vrijburgers tegen vaartuigen van Malakka <hi rend="font-size:9.5; font-family:Liberation Serif" xml:lang="nl">,</hi> klachten over<lb/> de Eng eisen, 'poging te doen tot de verwerving van de handel op China).<lb/></note><p xml:id="INT_08c82040-752f-3fc2-ad50-0d3e7b37a945.TEI.1.text.1.body.1.div.1.p.23" xml:lang="nl" rend="font-size: 10; text-align: justify; line-height: 11.7pt; text-indent: 21.0pt" xmlns="http://www.tei-c.org/ns/1.0">In onsen voorgaende hebben wij verhaelt, hoe de Francen van Diepen met<lb/> den pangoram van Bantam in onderhandelinge ende accord van peper getreden<lb/> waren ende hoe tegen contract ende solemnele beloof ten haer in den prijs tegen<lb/> ons hadden gesocht te begrooten <hi rend="font-size:10; font-family:Liberation Serif; vertical-align:super" xml:lang="nl">2),</hi> gelijck per nevensgaende missiven, soo van<lb/> onse gecommitteerde, op de France schepen voor Bantam gelegen hebbende, alsmede<lb/> verscheyden andere pampieren ende attestatien dienaengaende geschreven<lb/> ende beleyt, elaerlijck blij eken sal.<lb/></p><p xml:id="INT_08c82040-752f-3fc2-ad50-0d3e7b37a945.TEI.1.text.1.body.1.div.1.p.24" xml:lang="nl" rend="font-size: 10; text-align: justify; line-height: 11.7pt; text-indent: 21.0pt" xmlns="http://www.tei-c.org/ns/1.0">Tsedert sijn zij met hare twee schepen 1’Espérance, groot ongeveer 150 ende<lb/> de barque 1’Hermitage, groot omtrent 40 lasten, beyde geladen met peper in<lb/> compagnie van ’t Engels schip de Clove, de Goede Fortuine en de Zuydthollant,<lb/> op den 27en may voor Jaccatra te reede gecoomen.<lb/></p><p xml:id="INT_08c82040-752f-3fc2-ad50-0d3e7b37a945.TEI.1.text.1.body.1.div.1.p.25" resp="int_paragraph_joining" rend="">
              Den 28en, ’s daegs daeraen, is monsieur Gravé, overste van de voorsz. schepen,<lb xmlns="http://www.tei-c.org/ns/1.0"/> met sijne suite aen lant gecomen omme den Raet van Deffentie, die doemaels<lb xmlns="http://www.tei-c.org/ns/1.0"/> binnen ’t fort vergadert was, te salueren; na volbrachte complimentos is d° Gravé<lb xmlns="http://www.tei-c.org/ns/1.0"/> bij voorsz. ïtaet aengesproocken ende gemaent geweest over de leveringe van de<lb xmlns="http://www.tei-c.org/ns/1.0"/> portien sijnder ingeladen peper, die hij volgens accord aen de respective Comp.en<lb xmlns="http://www.tei-c.org/ns/1.0"/> gehouden was te voldoen. Gaff voor antwoort, aen ’t voorsz. contract niet gehouden<lb xmlns="http://www.tei-c.org/ns/1.0"/> te wesen, aengesien wij in den prijs niet hadden willen consenteeren, derhalven<lb xmlns="http://www.tei-c.org/ns/1.0"/> oock niet van meeninghe was eenige peper te leveren. Soo wij die begeerde, dat<lb xmlns="http://www.tei-c.org/ns/1.0"/> die met gewelt mochten halen, wij waren de sterekste in dese landen. Wij repliceerden<lb xmlns="http://www.tei-c.org/ns/1.0"/> meer als reden te hebben, dat ons aen den excessiven prijs stieten, te meer,<lb xmlns="http://www.tei-c.org/ns/1.0"/> omdat die sonder ons advys ende toestemminge aengegaen had ende wij meer<lb xmlns="http://www.tei-c.org/ns/1.0"/> hyerinne te seggen hadden als hij, dewijle <hi rend="font-size:10; font-family:Liberation Serif; vertical-align:super" xml:lang="nl" xmlns="http://www.tei-c.org/ns/1.0">2/3</hi> tegen zijn een derde mosten betalen,<lb xmlns="http://www.tei-c.org/ns/1.0"/> over sulex oock wel reden was, eer tot verhooginge ende veranderinge van den<lb xmlns="http://www.tei-c.org/ns/1.0"/><note xml:id="INT_08c82040-752f-3fc2-ad50-0d3e7b37a945.TEI.1.text.1.body.1.div.1.p.25.note.1" xml:lang="nl" rend="font-size: 7.5; text-align: justify; line-height: 9.3pt; text-indent: 22.0pt" xmlns="http://www.tei-c.org/ns/1.0">1) Sangora, Ligor en Bordelong liggen aan de oostkust van het Maleise schiereiland,<lb/> noordelijk van Patani en staan onder Siam. Weldra, 4 aug. 1621, werd besloten tot opheffing<lb/> dezer kantoren. Vgl. <hi rend="font-size:7.5; font-family:Liberation Serif; font-style:italic" xml:lang="nl">Bezuinigingsmaatregelen.</hi><lb/></note><note xml:id="INT_08c82040-752f-3fc2-ad50-0d3e7b37a945.TEI.1.text.1.body.1.div.1.p.25.note.2" xml:lang="nl" rend="font-size: 7.5; text-align: justify; line-height: 9.3pt; text-indent: 21.0pt" xmlns="http://www.tei-c.org/ns/1.0">2) Zie brief XI p. 99-101, waar evenwel niets blijkt over een geschil met de Fransen<lb/> over de peperprijs. Vgl. <hi rend="font-size:7.5; font-family:Liberation Serif; font-style:italic" xml:lang="nl">Coen</hi> IV, p. 38-48. Men zie voor de afloop van deze aangelegenheid<lb/><hi rend="font-size:7.5; font-family:Liberation Serif; font-style:italic" xml:lang="nl">Beschrijvinge</hi> I, II, p. 612—615.<lb/></note><pb xml:id="INT_08c82040-752f-3fc2-ad50-0d3e7b37a945.TEI.1.text.1.body.1.div.1.p.25.pb.1" n="113" facs="http://resources.huygens.knaw.nl/retroapp/service_generalemissiven/gm_01/images/gm_1_104_0113.tif"/><fw xml:id="INT_08c82040-752f-3fc2-ad50-0d3e7b37a945.TEI.1.text.1.body.1.div.1.p.25.fw.1" place="top" type="head" facs="#zone.159006" xmlns="http://www.tei-c.org/ns/1.0">De Carpentier, Dedel, Reyersz. en Van Uffelen XIII, 9 juli 1621</fw><fw xml:id="INT_08c82040-752f-3fc2-ad50-0d3e7b37a945.TEI.1.text.1.body.1.div.1.p.25.fw.2" place="top" type="page-number" facs="#zone.159020" xmlns="http://www.tei-c.org/ns/1.0">113</fw>gewoonlijcken prijs condesenderen, met ons als voren daerover te delibereren;<lb xmlns="http://www.tei-c.org/ns/1.0"/> dat oock daerenboven bespeurt hadden, hij niet recht met ons socht te handelen,<lb xmlns="http://www.tei-c.org/ns/1.0"/> alsoo eerst onse gecommitteerde aengeseyt hadde met den pangoran veraccordeert<lb xmlns="http://www.tei-c.org/ns/1.0"/> te wesen tegen vier rialen de sacque ende naederhant socht wijs te maecken van<lb xmlns="http://www.tei-c.org/ns/1.0"/> ses ende daerna van 51/2 rialen yder sack; dese discordante proceduren gaven ons<lb xmlns="http://www.tei-c.org/ns/1.0"/> materie genoech om over den prijs te formaliseeren, insonderheyt gesien ende<lb xmlns="http://www.tei-c.org/ns/1.0"/> gehoort hebbende d’attestatien van verscheyden overgecomen Chineesen ende<lb xmlns="http://www.tei-c.org/ns/1.0"/> andere natiën van Bantam, daerbij rondtuyt ende wel duydelijck verclaeren, dat<lb xmlns="http://www.tei-c.org/ns/1.0"/> de jongst gecomene Francen tot Bantam de peper van den Pangoram niet hoger<lb xmlns="http://www.tei-c.org/ns/1.0"/> ingecocht ende oock betaelt hebben als vier rialen de sacq. Belangende onse gecontracteerde<lb xmlns="http://www.tei-c.org/ns/1.0"/> gedeelten, dat noyt van meninge waren geweest afstant daervan<lb xmlns="http://www.tei-c.org/ns/1.0"/> te doen ende sulcx oock bij onse missiven in dato 15en ende 27en martij niet can<lb xmlns="http://www.tei-c.org/ns/1.0"/> blij eken, maer wel dat ons tegen den hoogen prijs gestooten hebben. Mons.r met<lb xmlns="http://www.tei-c.org/ns/1.0"/> geene redenen te bewegen sijnde, ginek hiermede door ende gaven hem tot ’s anderen<lb xmlns="http://www.tei-c.org/ns/1.0"/> daegs uytstel om sich beter te bedeneken.<lb xmlns="http://www.tei-c.org/ns/1.0"/>
            </p><p xml:id="INT_08c82040-752f-3fc2-ad50-0d3e7b37a945.TEI.1.text.1.body.1.div.1.p.26" xml:lang="nl" rend="font-size: 10; text-align: justify; line-height: 11.7pt; text-indent: 22.0pt" xmlns="http://www.tei-c.org/ns/1.0">Naedat hem des anderen daeghs ende noch twee reysen daerna door seeckere<lb/> gecommitteerden wegen d’Engelsen ende ons ernstlijck hadde doen aenporren,<lb/> dat behoorlijcke leverantie doen souden, is ten laetsten so veere gecomen (soo ’t<lb/> scheen), dat daerinne verwillichde, ontbiedende, dat wij eenige persoonen aen<lb/> boort van 1’Espérance tot den ontfangh souden committeeren met arbeytsvolck<lb/> daerbij om de peper te wereken, also zijn volck veel sieck ende swack waren, onmachtich<lb/> twerek te mannen, twelck volgens sijn versoeck geschiet is. Onse<lb/> gecommitteerde des anderen daechs tijtlijck met de stadtsweger ende een deel<lb/> arbeytslieden aen boort van 1’Espérance comende, vonden niemant van de hooffden<lb/> scheep, als den schrijver, die last hadde (so hij seyde) haer bescheyt te doen ;<lb/> hij ginek met haer beneden, comende voor ’t ruym, wees haer op de luycken, die<lb/> gesloten waren, seggende, breect die op, daer sult ghij den peper vinden, neempt<lb/> daeruyt wat ghij pretendeert, ick sal neffens u kennisse nemen ende aenteyckening<lb/> doen van tgeene ghij daer sult uyt haelen. D’onse repliceerden, geen last hadden<lb/> eenich ghewelt in haer schip te bedrijven, gelieffde het hem de luycken selffs<lb/> t’ontsluyten ende behoorlijcke leverantie te doen, sij hadden last ende waren<lb/> bereyt die t’ontfangen. Hij antwoorde van gelijeken, geen ordre hadde ’t ruym<lb/> t’openen ofte leveringe te doen, maer was alleene gestelt om toe te sien, wat sij<lb/> doen souden.<lb/></p><p xml:id="INT_08c82040-752f-3fc2-ad50-0d3e7b37a945.TEI.1.text.1.body.1.div.1.p.27" xml:lang="nl" rend="font-size: 10; text-align: justify; line-height: 11.7pt; text-indent: 22.0pt" xmlns="http://www.tei-c.org/ns/1.0">De gecommitteerde met dese affronte weder gekeert sijnde, heeft den Raet<lb/> van Deffentie de voornoemde Gravé andermael doen aenspreken ende gevraecht,<lb/> wat hij daermede verstondt, seyde ronduyt geen peper te willen leveren ; soo die<lb/> begeerden, mosten se in dier voegen haelen ende, bij aldien oock daertoe ghesint<lb/> waeren, versochte, men dadelijck te werek soude trecken, want van meeninge<lb/> was met den eersten naer Atchin te zeylen om sijnen admirael daer te vinden.<lb/></p><p xml:id="INT_08c82040-752f-3fc2-ad50-0d3e7b37a945.TEI.1.text.1.body.1.div.1.p.28" resp="int_paragraph_joining" rend="">
              Den Raet siende, dat desen Gravé hem noch aen contract noch redelijck[heyt]<lb xmlns="http://www.tei-c.org/ns/1.0"/> binde wilde ende dat wellicht onderstaen mochte bij nacht te verseylen sonder<lb xmlns="http://www.tei-c.org/ns/1.0"/> alvooren behoorlijck contentement gedaen te hebben, heeft eindelinge den voorsz.<lb xmlns="http://www.tei-c.org/ns/1.0"/> Gravé door de stadtsboode van Jacca tra uyt den name van den Raet van Deffentie<lb xmlns="http://www.tei-c.org/ns/1.0"/> doen arresteeren met sijne twee schepen van de rede niet te vertrecken, voor ende<lb xmlns="http://www.tei-c.org/ns/1.0"/> aleer aen de respective Comp.en van Engelant ende Nederlant behoorlijck voldaen<lb xmlns="http://www.tei-c.org/ns/1.0"/> hadde, tgene hij per accord schuldich was. Dit heeft den Raet also best gedacht<lb xmlns="http://www.tei-c.org/ns/1.0"/> omme tot geen harder proceduren ende feytelijcheyt te komen (indien onderstaen<lb xmlns="http://www.tei-c.org/ns/1.0"/><fw xml:id="INT_08c82040-752f-3fc2-ad50-0d3e7b37a945.TEI.1.text.1.body.1.div.1.p.28.fw.1" type="bottom-page-number">8</fw><pb xml:id="INT_08c82040-752f-3fc2-ad50-0d3e7b37a945.TEI.1.text.1.body.1.div.1.p.28.pb.1" n="114" facs="http://resources.huygens.knaw.nl/retroapp/service_generalemissiven/gm_01/images/gm_1_104_0114.tif"/><fw xml:id="INT_08c82040-752f-3fc2-ad50-0d3e7b37a945.TEI.1.text.1.body.1.div.1.p.28.fw.2" place="top" type="page-number" facs="#zone.161515" xmlns="http://www.tei-c.org/ns/1.0">J 14</fw><fw xml:id="INT_08c82040-752f-3fc2-ad50-0d3e7b37a945.TEI.1.text.1.body.1.div.1.p.28.fw.3" place="top" type="head" facs="#zone.161534" xmlns="http://www.tei-c.org/ns/1.0">De Carpentier, Dedel, Reyersz. en Van Uffelen, XIII 9 juli 1621</fw>hadden te verseylen) ende haer occasie te verleenen ’t schip in onse handen<lb xmlns="http://www.tei-c.org/ns/1.0"/> t’abbandonneren, gelijck wel eer met Sl Michiel geleert sijn geweest *).<lb xmlns="http://www.tei-c.org/ns/1.0"/>
            </p><p xml:id="INT_08c82040-752f-3fc2-ad50-0d3e7b37a945.TEI.1.text.1.body.1.div.1.p.29" xml:lang="nl" rend="font-size: 10; text-align: justify; line-height: 11.7pt; text-indent: 23.0pt" xmlns="http://www.tei-c.org/ns/1.0">De Francen siende, dat wij ons aen haer niet en sochten te verbranden, maer<lb/> met alle civile ende behoorlijcke middelen procedeerden, hebben eindelinge<lb/> geresolveert ’t contract te voldoen, onder protestatie nochtans, gelijck U Ed. per<lb/> de nevensgaende copie van ’t protest sien mogen.<lb/></p><p xml:id="INT_08c82040-752f-3fc2-ad50-0d3e7b37a945.TEI.1.text.1.body.1.div.1.p.30" xml:lang="nl" rend="font-size: 10; text-align: justify; line-height: 11.7pt; text-indent: 23.0pt" xmlns="http://www.tei-c.org/ns/1.0">Nadat nu op den 12en juny tot den 15en derselver maendt seer langesamelijck<lb/> ende gansch ongerijffelijck hadden beginnen te leveren, naementlijck aen die van<lb/> de Nederlantsche Comp.ie 426 picol 30 catty China ende aen die van de Engelse<lb/> Comp.ie 187 picol 34 catty peper, is het voorss. schip 1’Espérance op den 16en des<lb/> nachts ontrent twee uren in den brant gesteecken ende dien dach tot omtrent het<lb/> water toe afgebrant, niet sonder vehemente suspitie, dat sulcx met Gravés eygen<lb/> opset (die denselven nacht aen lant was) door sijn volck ofte eenige geaposteerde<lb/> gedaen sij, also hem doch geen ander middel resteerden om ons van onse gerechticheyt<lb/> te frustreren ende hem (onder schijn van ongeluck) van ’t schip ende de<lb/> reste t’ontlasten.<lb/></p><p xml:id="INT_08c82040-752f-3fc2-ad50-0d3e7b37a945.TEI.1.text.1.body.1.div.1.p.31" xml:lang="nl" rend="font-size: 10; text-align: justify; line-height: 11.7pt; text-indent: 23.0pt" xmlns="http://www.tei-c.org/ns/1.0">Denselfden nacht, dat desen brandt ontstack, waren de principaelste overhooffden<lb/> van ditto schip aen landt, gelijck U Ed. per de bijgaende attestatien<lb/> sien mogen.<lb/></p><p xml:id="INT_08c82040-752f-3fc2-ad50-0d3e7b37a945.TEI.1.text.1.body.1.div.1.p.32" xml:lang="nl" rend="font-size: 10; text-align: justify; line-height: 11.7pt; text-indent: 23.0pt" xmlns="http://www.tei-c.org/ns/1.0">Alle onse schepen ofte eenige derselver, namentlijck Middelburgh (die ontrent<lb/> 600 lasten rijs in hadde), Zuydthollant, (volladen met rijs ende andere waren),<lb/> Schoonhoven, (met sijn cargasoen soo van de Custe <hi rend="font-size:10; font-family:Liberation Serif; vertical-align:super" xml:lang="nl">2)</hi> quam) ende Enchuysen (met<lb/> ontrent elff duysent sacquen peper ende 200 cassen campher geladen), die alle<lb/> beneden wints ende omtrent den brander laghen, soo niet tijtlijck onder seyl<lb/> gegaen hadden, souden groot peryckel geloopen hebben.<lb/></p><p xml:id="INT_08c82040-752f-3fc2-ad50-0d3e7b37a945.TEI.1.text.1.body.1.div.1.p.33" xml:lang="nl" rend="font-size: 10; text-align: justify; line-height: 11.7pt; text-indent: 23.0pt" xmlns="http://www.tei-c.org/ns/1.0">Het vrack van ’t voorsz. Fransche schip den heelen dach heen ende weder,<lb/> al brandende, op de rede gedreven hebbende, is eindelinge in den avont omtrent<lb/> de rivier van Anckey <hi rend="font-size:10; font-family:Liberation Serif; vertical-align:super" xml:lang="nl">3)</hi> gestrant, van alle man geabandonneert sijnde.<lb/></p><p xml:id="INT_08c82040-752f-3fc2-ad50-0d3e7b37a945.TEI.1.text.1.body.1.div.1.p.34" xml:lang="nl" rend="font-size: 10; text-align: justify; line-height: 11.7pt; text-indent: 23.0pt" xmlns="http://www.tei-c.org/ns/1.0">Ende also de Francen haer dat niet aentrocken, eenige Chineesen ende andere<lb/> onderstonden aen ’t vrack te varen om te plunderen, heeft den balliouw deser<lb/> stede, als wesende in de jurisdictie van Jaccatra geabondonneert, ’t voorsz. vrack<lb/> aengeslaghen, den brant doen lesschen ende het overblijffsel gesalveert ende onder<lb/> behoorlijcken inventaris opgenomen, gelijck U Ed. per de reecquening van voorsz.<lb/> balliouw sullen mogen sien.<lb/></p><p xml:id="INT_08c82040-752f-3fc2-ad50-0d3e7b37a945.TEI.1.text.1.body.1.div.1.p.35" xml:lang="nl" rend="font-size: 10; text-align: justify; line-height: 11.7pt; text-indent: 23.0pt" xmlns="http://www.tei-c.org/ns/1.0">Wij ende d’Engelsen hebben voornoempde Gravé schriftelijcke antwoorde<lb/> op sijn voorgaende protest gegeven ende sijn ooek na den brant van 1’Espérance<lb/> genootsaect geweest tegen hem te protesteren over zijne voorverhaelde weygeringe<lb/> van behoorlijcke ende tijdighe leverantie, dat alle schaden ende interessen, die de<lb/> respective Comp.en ter cause van dien aen de beneficie van haere gebreeckende<lb/> contingenten sijn lijdende, loopen sullen tot laste van hem ende sijne meesters.<lb/></p><p xml:id="INT_08c82040-752f-3fc2-ad50-0d3e7b37a945.TEI.1.text.1.body.1.div.1.p.36" resp="int_paragraph_joining" rend="">
              Door gecommitteerde wegen d’Engelse en de Nederlantse Comp.en hebben wij<lb xmlns="http://www.tei-c.org/ns/1.0"/> voornoempden Gravé gepresenteert ende aengeboden aff te rekenen ende te<lb xmlns="http://www.tei-c.org/ns/1.0"/> betalen, tgene wij over d’ontfangene peper voor den brant bevonden souden wor-<lb xmlns="http://www.tei-c.org/ns/1.0"/><note xml:id="INT_08c82040-752f-3fc2-ad50-0d3e7b37a945.TEI.1.text.1.body.1.div.1.p.36.note.1" xml:lang="nl" rend="font-size: 8; text-align: justify; line-height: 9.6pt; text-indent: 22.0pt" xmlns="http://www.tei-c.org/ns/1.0">1) Zie hiervoor <hi rend="font-size:8; font-family:Liberation Serif; font-style:italic" xml:lang="nl">Goen</hi> I, Register i.v. St. Michel. De aanhouding van dit schip werd in<lb/> Europa met een zeer hoge vordering van Franse zijde tegen de Compagnie beantwoord. Vgl.<lb/><hi rend="font-size:8; font-family:Liberation Serif; font-style:italic" xml:lang="nl">Beschrijvinge</hi> I, II, p. 608 vlg.<lb/></note><note xml:id="INT_08c82040-752f-3fc2-ad50-0d3e7b37a945.TEI.1.text.1.body.1.div.1.p.36.note.2" xml:lang="nl" rend="font-size: 8; text-align: justify; line-height: 9.6pt; margin-left: 2100" xmlns="http://www.tei-c.org/ns/1.0">2) De Custe is hier en elders de Kust van Coromandel.<lb/></note><note xml:id="INT_08c82040-752f-3fc2-ad50-0d3e7b37a945.TEI.1.text.1.body.1.div.1.p.36.note.3" xml:lang="nl" rend="font-size: 8; text-align: justify; line-height: 9.6pt; margin-left: 2100" xmlns="http://www.tei-c.org/ns/1.0">3) De Tji Angké, rivier, die westelijk van Batavia in de gelijknamige baai uitmondt.<lb/></note><pb xml:id="INT_08c82040-752f-3fc2-ad50-0d3e7b37a945.TEI.1.text.1.body.1.div.1.p.36.pb.1" n="115" facs="http://resources.huygens.knaw.nl/retroapp/service_generalemissiven/gm_01/images/gm_1_104_0115.tif"/><fw xml:id="INT_08c82040-752f-3fc2-ad50-0d3e7b37a945.TEI.1.text.1.body.1.div.1.p.36.fw.1" place="top" type="head" facs="#zone.164710" xmlns="http://www.tei-c.org/ns/1.0">De Carpentier, Dedel, Reyersz. en Van Uffelen XIII, 9 juli 1621</fw><fw xml:id="INT_08c82040-752f-3fc2-ad50-0d3e7b37a945.TEI.1.text.1.body.1.div.1.p.36.fw.2" place="top" type="page-number" facs="#zone.164937" xmlns="http://www.tei-c.org/ns/1.0">115</fw>den schuldich te wesen, maer hij heeft sulcx geweygert omme, gelijck sij gewoon<lb xmlns="http://www.tei-c.org/ns/1.0"/> sijn, een groote actie tegen U Ed. ende d’Engelsen in Vranckrijck te institueren.<lb xmlns="http://www.tei-c.org/ns/1.0"/>
            </p><p xml:id="INT_08c82040-752f-3fc2-ad50-0d3e7b37a945.TEI.1.text.1.body.1.div.1.p.37" xml:lang="nl" rend="font-size: 10; text-align: justify; line-height: 11.7pt; text-indent: 21.0pt" xmlns="http://www.tei-c.org/ns/1.0">Over dese zijne weygeringhe heeft den Raet van Deffentie mede goetgevonden<lb/> te protesteren, opdat daerbij blijcke, wij in geen gebreecke sijn gebleven ende dat<lb/> U Ed. ende d’Engelse Comp.le niet gehouden sijn elck sijne ontfangene peper in<lb/> Europa dierder te betalen , als die tot Bantam bij de Erancen ingecocht is, te<lb/> weten tegen vier rialen de sacq met de tollen daerbij, die na ouden costuyme<lb/> bedraghen ongeveer 58 rialen de 100 sacquen, gelijck die bij ons voor desen in<lb/> reekening gebrocht zijn, hoewel wij duchten, dat dit het minste different wesen zal,<lb/> maer dat men U Ed. ende d’Engelse Comp.ie (doch ten onrechten) met een S* Michiels<lb/> reeckeningh sal zoecken te beswaeren.<lb/></p><p xml:id="INT_08c82040-752f-3fc2-ad50-0d3e7b37a945.TEI.1.text.1.body.1.div.1.p.38" xml:lang="nl" rend="font-size: 10; text-align: justify; line-height: 11.7pt; text-indent: 21.0pt" xmlns="http://www.tei-c.org/ns/1.0">Dat dit schip met goede voordacht bij de Erancen selfs in brant gesteecken<lb/> sij, is seer waerschijnich aen verscheyde omstandicheden ; dienselfden nacht, dat<lb/> het schip aen brant gesteken wierde, waren de principaelste overhoofden, alsvooren<lb/> geseyt is, aen lant, namelijck capitain Rob. Gravé, den schipper Guilliame<lb/> du Bucq, verscheyden andere officieren ende gemeen bootsvolck. .<lb/></p><p xml:id="INT_08c82040-752f-3fc2-ad50-0d3e7b37a945.TEI.1.text.1.body.1.div.1.p.39" xml:lang="nl" rend="font-size: 10; text-align: justify; line-height: 11.7pt; text-indent: 21.0pt" xmlns="http://www.tei-c.org/ns/1.0">Den constapel, die wel 4 a 5 nachten na den anderen aen lant geweest was,<lb/> is juyst denselven nacht, dat het schip brande, aen boort gecomen sonder nochtans<lb/> in de camer te slapen ; de poorten van de camer waren alle wel dicht toe, soo Gravé<lb/> selfs naderhant heeft moeten bekennen, doen hem d’Engelsen in onse presentie<lb/> overtuyghden ’s daegs voor den brant te selffde van binnen in de camer gesien te<lb/> hebben. Men is den brant oock niet gewaer geworden, voordat met een subyten<lb/> slach de camer uytborst ; eenige maets, die van dit fayt geen kennisse hadden ende<lb/> den roock voor den slach in ’t schip gewaer werden, liepen vast om de sleutel van<lb/> de camer; de constapel hadde die niet, maer wees haer na den bottelier ; den bottelier<lb/> hadde die misleyt, ondertusschen men vast doende was met die te soecken,<lb/> borst het vier met eenen slach ter camer uyt, als wanneer yder om een goet heencomen<lb/> sach. Die dit werck beleyt heeft, is zijn leven oock niet moede geweest,<lb/> want het cruyt seer wel bewaert ende op verscheyden plaetsen van ’t schip gebercht<lb/> was, dat oock niet eer gesprongen heeft, voordat het schip boven meest<lb/> afgebrant was ende dat noch al op verscheyden tijden, ja den laetsten ende<lb/> grootsten sprong is eerst den derden nacht van den brant aengegaen; d’Engelsen,<lb/> die bij oosten den brant buyten peryckel lagen, waren in ’t eerste met eenige van<lb/> hare boots ende brantemmers aen boort ende hadden den brant van de groote<lb/> mast tot halff wegen na de cauyt gekeert, ondertusschen quam den schipper<lb/> Du Bucque met een prauw aen boort, halende noch eenich goet uyt zijn kiste, half<lb/> verbrant ende doornat van lesschen; de voorsz. Engelsen presenteerden aen<lb/> Du Bucq haer beste te doen den brant te uyten ende ’t schip te salveren, so hij<lb/> de matrosen maer eenich drinckgelt wilde beloven. Waerop ten antwoorde gaf<lb/> geen ordre van sijn capitain daertoe te hebben; sij, siende, dat het den schipper<lb/> geen ernst was ende dat de rest van de Francen niet een hant aen werck sloegen,<lb/> verlieten ’t schip van gelijcken.<lb/></p><p xml:id="INT_08c82040-752f-3fc2-ad50-0d3e7b37a945.TEI.1.text.1.body.1.div.1.p.40" resp="int_paragraph_joining" rend="">
              Den capitain Gravé verclaert, dat hij in d’Espérance ses duysent rialen van<lb xmlns="http://www.tei-c.org/ns/1.0"/> achten in specie met den brant verloren heeft, staende in de cayuyte in een kiste ;<lb xmlns="http://www.tei-c.org/ns/1.0"/> dat dit een notoire leugen sij, blijct hieruut: indien ’t geit in de cauyte ofte eenige<lb xmlns="http://www.tei-c.org/ns/1.0"/> plaetse van ’t schip gestaen hadde, na den brant soude men ’t op de kiel van ’t schip<lb xmlns="http://www.tei-c.org/ns/1.0"/> ten minsten, gelijck ’t geschut, out ijser ende eenich gesmolten tin, oock gevonden<lb xmlns="http://www.tei-c.org/ns/1.0"/> hebben; gesprongen is het niet, want de cayuyt ende ’t schip doorgaens meest<lb xmlns="http://www.tei-c.org/ns/1.0"/><pb xml:id="INT_08c82040-752f-3fc2-ad50-0d3e7b37a945.TEI.1.text.1.body.1.div.1.p.40.pb.1" n="116" facs="http://resources.huygens.knaw.nl/retroapp/service_generalemissiven/gm_01/images/gm_1_104_0116.tif"/><fw xml:id="INT_08c82040-752f-3fc2-ad50-0d3e7b37a945.TEI.1.text.1.body.1.div.1.p.40.fw.1" place="top" type="page-number" facs="#zone.168299" xmlns="http://www.tei-c.org/ns/1.0">116</fw><fw xml:id="INT_08c82040-752f-3fc2-ad50-0d3e7b37a945.TEI.1.text.1.body.1.div.1.p.40.fw.2" place="top" type="head" facs="#zone.168305" xmlns="http://www.tei-c.org/ns/1.0">De Carpentier, Dedel, Reyersz. en Van Uffelen XIII, 9 juli 1621</fw>afgebrant was, eer yets gesprongen heeft; ’t meeste cruyt lach oock voor, gelijck<lb xmlns="http://www.tei-c.org/ns/1.0"/> Du Bucq selfs verclaert heeft ende is oock maer den derden nacht, als vooren<lb xmlns="http://www.tei-c.org/ns/1.0"/> geseyt is, gesprongen, als wanneer ’t vrack omtrent Anckey gestrant lach; ’t vrack<lb xmlns="http://www.tei-c.org/ns/1.0"/> is t’eenemael bij den balliouw, ten overstaen van twee schepenen van de stat,<lb xmlns="http://www.tei-c.org/ns/1.0"/> den oppercoopman Adriaen Verhee <hi rend="font-size:10; font-family:Liberation Serif; vertical-align:super" xml:lang="nl" xmlns="http://www.tei-c.org/ns/1.0">x)</hi> ende meer andere geloof waerdige getuygen<lb xmlns="http://www.tei-c.org/ns/1.0"/> tot op de bloote kiel toe gelost, maer hebben niet een teycken van silver vernomen ;<lb xmlns="http://www.tei-c.org/ns/1.0"/> dienselfden morgen, dat het schip verbrande, worden uyt de France schepen<lb xmlns="http://www.tei-c.org/ns/1.0"/> een geltkist aen lant gebrocht ende ten huyse van den sabander geseth, daer sij<lb xmlns="http://www.tei-c.org/ns/1.0"/> oock noch staet, sijnde bijna vol geldt, soo ons den luytenant Antony Caen <hi rend="font-size:10; font-family:Liberation Serif; vertical-align:super" xml:lang="nl" xmlns="http://www.tei-c.org/ns/1.0">2)</hi><lb xmlns="http://www.tei-c.org/ns/1.0"/>gerapporteert heeft, die deselve door een Frans coopman dien morgen voornoemt<lb xmlns="http://www.tei-c.org/ns/1.0"/> heeft sien openen ende, omdat men geen presumptie hebben soude, dat dit Gravés<lb xmlns="http://www.tei-c.org/ns/1.0"/> geldt is, heeft de naem, dat het de kiste is van André Jocet Delimonoy wegen de<lb xmlns="http://www.tei-c.org/ns/1.0"/> France Comp.ie van S* Malo <hi rend="font-size:10; font-family:Liberation Serif; vertical-align:super" xml:lang="nl" xmlns="http://www.tei-c.org/ns/1.0">3).</hi> Wij en willen hiermede niet alleen bewijsen, dat<lb xmlns="http://www.tei-c.org/ns/1.0"/> in 1’Espérance geen geit geweest sij, maer daerenboven dat het schip door Gravés<lb xmlns="http://www.tei-c.org/ns/1.0"/> opset aen brant gesteken sij, omdat hij sustineert valschelijck, datter geit in<lb xmlns="http://www.tei-c.org/ns/1.0"/> geweest is, daer hij tselve met voordacht uutgelicht heeft ende in ’t lossen van<lb xmlns="http://www.tei-c.org/ns/1.0"/> ’t vrack niet een teycken van silver in ’t schip op de kiel gevonden is.<lb xmlns="http://www.tei-c.org/ns/1.0"/>
            </p><p xml:id="INT_08c82040-752f-3fc2-ad50-0d3e7b37a945.TEI.1.text.1.body.1.div.1.p.41" xml:lang="nl" rend="font-size: 10; text-align: justify; line-height: 11.7pt; text-indent: 22.0pt" xmlns="http://www.tei-c.org/ns/1.0">Den voorsz. Guilliame dn Bucq met noch een France dominé in groot crackeel<lb/> naderhant met haren capitain Gravé gevallen sijnde, hebben tegen verscheyden<lb/> ende oock ten huyse van d’Engelse tegens den president selfs geseyt, dat Gravé<lb/> ’t geit bij hem hadde ende dat het niet in den brant gebleven was; hem voorts<lb/> uytmakende ende scheldende voor een voleur ende traistre, voegende noch dese<lb/> redenen daerbij : hadde hij dat geit niet, hij en soude niet heele nachten springen<lb/> ende dansen ende moy weer spelen, gelijck hij nu doet, twelck oock de waerheyt<lb/> is.<lb/></p><p xml:id="INT_08c82040-752f-3fc2-ad50-0d3e7b37a945.TEI.1.text.1.body.1.div.1.p.42" xml:lang="nl" rend="font-size: 10; text-align: justify; line-height: 11.7pt; text-indent: 22.0pt" xmlns="http://www.tei-c.org/ns/1.0">Verclaerden desen Du Bucq ende voorsz. dominé noch aen den president<lb/> van d’Engelse Comp.ie Richart Furstlant <hi rend="font-size:10; font-family:Liberation Serif; vertical-align:super" xml:lang="nl">4)</hi> ende Thomas Brockendon <hi rend="font-size:10; font-family:Liberation Serif; vertical-align:super" xml:lang="nl">5),</hi> dat<lb/> R. Gravé den peper van den pangoram tot Bantam niet hoger ingecocht ende<lb/> betaelt hadde als tegen 4 ra. de sacq, verwondert sijnde, dat nu 51/2 r. inbrochte,<lb/> ten ware, seyde Du Bucque, dat hij de tollen ende ongelden daermede ondergereeckent<lb/> heeft. Dat Du Bucque ende den dominé dit geseyt hebben, presenteert<lb/> den President ende Brockendon tot allen tijden met eede te bevestighen.<lb/></p><p xml:id="INT_08c82040-752f-3fc2-ad50-0d3e7b37a945.TEI.1.text.1.body.1.div.1.p.43" resp="int_paragraph_joining" rend="">
              Wat belangt de barque 1’Hermitage, dese heeft Gravé in zijn protest rondtuyt<lb xmlns="http://www.tei-c.org/ns/1.0"/> verclaert hem niet toe te comen, maer dat die aen André Jocet ten dienste<lb xmlns="http://www.tei-c.org/ns/1.0"/> van de Comp.le van Malo vercocht hadde, dat derhalven noch hem, noch sijne<lb xmlns="http://www.tei-c.org/ns/1.0"/><note xml:id="INT_08c82040-752f-3fc2-ad50-0d3e7b37a945.TEI.1.text.1.body.1.div.1.p.43.note.1" xml:lang="nl" rend="font-size: 7.5; line-height: 9.6pt; text-indent: 22.0pt" xmlns="http://www.tei-c.org/ns/1.0">1) Adriaen Adriaensz. Verhee werd sept. 1621 als opperkoopman op de Noord-Holland<lb/> onder Dedel met de vloot van defensie naar de westkust van Indië gezonden.<lb/></note><note xml:id="INT_08c82040-752f-3fc2-ad50-0d3e7b37a945.TEI.1.text.1.body.1.div.1.p.43.note.2" xml:lang="nl" rend="font-size: 7.5; text-align: justify; line-height: 9.6pt; text-indent: 22.0pt" xmlns="http://www.tei-c.org/ns/1.0">2) Antony Caen had in het oosten van november 1614 tot december 1643 en van<lb/> oktober 1645 tot zijn dood op 11 augustus 1648 (te Batavia) een zeer bewogen loopbaan,<lb/> waarin hij het tot raad van Indië en superintendent van Amboina en de Molukken bracht.<lb/> Zie voor die loopbaan register sub voce Caen.<lb/></note><note xml:id="INT_08c82040-752f-3fc2-ad50-0d3e7b37a945.TEI.1.text.1.body.1.div.1.p.43.note.3" xml:lang="nl" rend="font-size: 7.5; line-height: 9.6pt; text-indent: 22.0pt" xmlns="http://www.tei-c.org/ns/1.0">3) Deze André Jocet de Limoney kocht voor de Compagnie van St. Malo te Bantam<lb/> peper op óf reeds vóór zijn landgenoten uit Dieppe kwamen óf hij kwam met hen mee.<lb/></note><note xml:id="INT_08c82040-752f-3fc2-ad50-0d3e7b37a945.TEI.1.text.1.body.1.div.1.p.43.note.4" xml:lang="nl" rend="font-size: 7.5; text-align: justify; line-height: 9.6pt; text-indent: 22.0pt" xmlns="http://www.tei-c.org/ns/1.0">4) Richard Fursland kwam eind dec. 1617 als koopman in dienst van de Engelse<lb/> Compagnie uit, werd febr. 1619 hoofd van het kantoor in Atjeh en in juli 1620 president van<lb/> dat te Batavia, waar hij vóór 16 okt. 1623 stierf.<lb/></note><note xml:id="INT_08c82040-752f-3fc2-ad50-0d3e7b37a945.TEI.1.text.1.body.1.div.1.p.43.note.5" xml:lang="nl" rend="font-size: 7.5; text-align: justify; line-height: 9.6pt; text-indent: 22.0pt" xmlns="http://www.tei-c.org/ns/1.0">5) Thomas Brockedon kwam in 1611 als koopman in dienst van de Engelse Compagnie<lb/> uit, in 1619 voor de tweede maal, sinds mei 1620 lid, sinds okt. 1623 president van de factorij<lb/> te Batavia, waar hij dec. 1623 stierf.<lb/></note><pb xml:id="INT_08c82040-752f-3fc2-ad50-0d3e7b37a945.TEI.1.text.1.body.1.div.1.p.43.pb.1" n="117" facs="http://resources.huygens.knaw.nl/retroapp/service_generalemissiven/gm_01/images/gm_1_104_0117.tif"/><fw xml:id="INT_08c82040-752f-3fc2-ad50-0d3e7b37a945.TEI.1.text.1.body.1.div.1.p.43.fw.1" place="top" type="head" facs="#zone.169385" xmlns="http://www.tei-c.org/ns/1.0">De Cur pen tier, Dedel, Reyersz. en Van Uffelen XIII, 9 juli 1621</fw><fw xml:id="INT_08c82040-752f-3fc2-ad50-0d3e7b37a945.TEI.1.text.1.body.1.div.1.p.43.fw.2" place="top" type="page-number" facs="#zone.169401" xmlns="http://www.tei-c.org/ns/1.0">117</fw>Comp.ie van Diepen meer aengingh. Niettegenstaende wij het al voor gemaecte<lb xmlns="http://www.tei-c.org/ns/1.0"/> guyterie houden, hebben evenwel goetgevonden ons met dese Francen in geen<lb xmlns="http://www.tei-c.org/ns/1.0"/> voorder moeyten te steecken. Ondertusschen heeft d° Jocet ons ende d’Engelsche<lb xmlns="http://www.tei-c.org/ns/1.0"/> den peper geveylt ende sijn eindelinge met hem veraccordeert over 1600 sacken a<lb xmlns="http://www.tei-c.org/ns/1.0"/> rialen yder Bantamse sacq, die wij tsamen ontfangen ende aen d° Limoney<lb xmlns="http://www.tei-c.org/ns/1.0"/> betaelt hebben.<lb xmlns="http://www.tei-c.org/ns/1.0"/>
            </p><p xml:id="INT_08c82040-752f-3fc2-ad50-0d3e7b37a945.TEI.1.text.1.body.1.div.1.p.44" xml:lang="nl" rend="font-size: 10; text-align: justify; line-height: 11.7pt; text-indent: 21.0pt" xmlns="http://www.tei-c.org/ns/1.0">’t Schijnt, dat met de voorss. barcque naer Atchin willen om haren admirael<lb/> te soecken; eenige dagen geleden hebben sij een opgeboeyde tingangh met 16 man<lb/> vooruyt derrewaerts gesonden; met verscheyden nootlicheden hebben wij Gravé<lb/> geholpen ende geassisteert, gelijck U Ed. per nevensgaende notitie, bij hem ondergeschreven,<lb/> sien mogen <hi rend="font-size:10; font-family:Liberation Serif; vertical-align:super" xml:lang="nl">L).</hi><lb/></p><note xml:id="INT_08c82040-752f-3fc2-ad50-0d3e7b37a945.TEI.1.text.1.body.1.div.1.note.10" xml:lang="nl" place="inline" type="editorial-summary" resp="editor" rend="font-size: 9; font-style: italic; text-align: right; line-height: 10.0pt" xmlns="http://www.tei-c.org/ns/1.0">(Diverse goederen en personen naar pair ia gezonden. Aangekomen schepen).<lb/></note><note xml:id="INT_08c82040-752f-3fc2-ad50-0d3e7b37a945.TEI.1.text.1.body.1.div.1.note.11" xml:lang="nl" rend="font-size: 7.5; text-align: justify; line-height: 9.6pt; text-indent: 21.0pt" xmlns="http://www.tei-c.org/ns/1.0">1) Gravé bereikte met deze bark Atjeh, maar vond de Beaulieu daar niet meer, een<lb/> Engels schip bracht hem weer naar Batavia, vanwaar hij repatrieerde. Vgl. <hi rend="font-size:7.5; font-family:Liberation Serif; font-style:italic" xml:lang="nl">Europeer s</hi> IX, 3e<lb/> hoofdstuk.<lb/></note>
            
      </div>
                  </body>
                </text>
              </TEI>