<TEI xml:id="INT_8cca7a93-8258-37e4-bb60-6b64bdcc4216" xmlns="http://www.tei-c.org/ns/1.0">
                <teiHeader>
      <fileDesc>
        <titleStmt>
          <title>Coen, De Carpentier, Van Antzen en Specx, 6 sept. 1622</title>
        </titleStmt>
        <publicationStmt>
          <p>
            <date>6 sept. 1622</date>
            <idno type="sourceID">missiven:vol1</idno>
            <idno type="pid">INT_8cca7a93-8258-37e4-bb60-6b64bdcc4216</idno>
          </p>
        </publicationStmt>
        <notesStmt>
          <note/>
        </notesStmt>
        <sourceDesc>
          <listBibl xml:id="inlMetadata">
            <bibl type="missive">
        <interpGrp type="page"><interp>118</interp></interpGrp>
        
      <interpGrp type="titleLevel1"><interp>Coen, De Carpentier, Van Antzen en Specx, 6 sept. 1622</interp></interpGrp>
      <interpGrp type="dateLevel1"><interp>6 sept. 1622</interp></interpGrp>
        <interpGrp type="tocLevel"><interp>1</interp></interpGrp>
      <interpGrp type="volume"><interp>1</interp></interpGrp>
        <interpGrp type="n"><interp>XIX</interp></interpGrp>
      
      <interpGrp type="witnessYearLevel1_from"><interp>1622</interp></interpGrp>
      <interpGrp type="witnessYearLevel1_to"><interp>1622</interp></interpGrp>
      <interpGrp type="witnessMonthLevel1_to"><interp>9</interp></interpGrp>
      <interpGrp type="witnessMonthLevel1_from"><interp>9</interp></interpGrp>
      <interpGrp type="witnessDayLevel1_to"><interp>6</interp></interpGrp>
      <interpGrp type="witnessDayLevel1_from"><interp>6</interp></interpGrp>
      <interpGrp type="authorLevel1"><interp>Coen</interp><interp>De Carpentier</interp><interp>Van Antzen</interp><interp>Specx</interp></interpGrp>
      <interpGrp type="pid"><interp>INT_8cca7a93-8258-37e4-bb60-6b64bdcc4216</interp></interpGrp>
    </bibl>
          </listBibl>
        </sourceDesc>
      </fileDesc>
    </teiHeader>
                <text xml:id="INT_8cca7a93-8258-37e4-bb60-6b64bdcc4216.TEI.1.text.1">
                  <body xml:id="INT_8cca7a93-8258-37e4-bb60-6b64bdcc4216.TEI.1.text.1.body.1">
                    <div xml:id="INT_8cca7a93-8258-37e4-bb60-6b64bdcc4216.TEI.1.text.1.body.1.div.1">
        
              <pb xml:id="INT_8cca7a93-8258-37e4-bb60-6b64bdcc4216.TEI.1.text.1.body.1.div.1.pb.1" n="119" facs="http://resources.huygens.knaw.nl/retroapp/service_generalemissiven/gm_01/images/gm_1_104_0119.tif"/><head xml:id="INT_8cca7a93-8258-37e4-bb60-6b64bdcc4216.TEI.1.text.1.body.1.div.1.head.1" xml:lang="nl" rend="font-size: 18; letter-spacing: 2.5pt; line-height: 19.9pt" xmlns="http://www.tei-c.org/ns/1.0">PIETER DE CARPENTIER<lb/></head><p xml:id="INT_8cca7a93-8258-37e4-bb60-6b64bdcc4216.TEI.1.text.1.body.1.div.1.p.1" xml:lang="nl" rend="font-size: 10; text-align: center; line-height: 11.1pt" xmlns="http://www.tei-c.org/ns/1.0">I FEBRUARI 1623 — 30 SEPTEMBER 1627<lb/></p><pb xml:id="INT_8cca7a93-8258-37e4-bb60-6b64bdcc4216.TEI.1.text.1.body.1.div.1.pb.2" n="120" facs="http://resources.huygens.knaw.nl/retroapp/service_generalemissiven/gm_01/images/gm_1_104_0120.tif"/><p xml:id="INT_8cca7a93-8258-37e4-bb60-6b64bdcc4216.TEI.1.text.1.body.1.div.1.p.2" xml:lang="nl" rend="margin-left: 4500; line-height: 18.8pt; text-align: justify; font-weight: bold; font-size: 17" xmlns="http://www.tei-c.org/ns/1.0">— - — —  -<lb/></p>
            
      </div>
                  </body>
                </text>
              </TEI>