<TEI xml:id="INT_0ab44c8f-6774-3eec-82d4-ba20221ef473" xmlns="http://www.tei-c.org/ns/1.0">
                <teiHeader>
      <fileDesc>
        <titleStmt>
          <title>Brouwer, Van Diemen, Vlack en Van der Burch, 5 maart 1634</title>
        </titleStmt>
        <publicationStmt>
          <p>
            <date>5 maart 1634</date>
            <idno type="sourceID">missiven:vol1</idno>
            <idno type="pid">INT_0ab44c8f-6774-3eec-82d4-ba20221ef473</idno>
          </p>
        </publicationStmt>
        <notesStmt>
          <note/>
        </notesStmt>
        <sourceDesc>
          <listBibl xml:id="inlMetadata">
            <bibl type="missive">
        <interpGrp type="page"><interp>437</interp></interpGrp>
        
      <interpGrp type="titleLevel1"><interp>Brouwer, Van Diemen, Vlack en Van der Burch, 5 maart 1634</interp></interpGrp>
      <interpGrp type="dateLevel1"><interp>5 maart 1634</interp></interpGrp>
        <interpGrp type="tocLevel"><interp>1</interp></interpGrp>
      <interpGrp type="volume"><interp>1</interp></interpGrp>
        <interpGrp type="n"><interp>VIII</interp></interpGrp>
      
      <interpGrp type="witnessYearLevel1_from"><interp>1634</interp></interpGrp>
      <interpGrp type="witnessYearLevel1_to"><interp>1634</interp></interpGrp>
      <interpGrp type="witnessMonthLevel1_to"><interp>3</interp></interpGrp>
      <interpGrp type="witnessMonthLevel1_from"><interp>3</interp></interpGrp>
      <interpGrp type="witnessDayLevel1_to"><interp>5</interp></interpGrp>
      <interpGrp type="witnessDayLevel1_from"><interp>5</interp></interpGrp>
      <interpGrp type="authorLevel1"><interp>Brouwer</interp><interp>Van Diemen</interp><interp>Vlack</interp><interp>Van der Burch</interp></interpGrp>
      <interpGrp type="pid"><interp>INT_0ab44c8f-6774-3eec-82d4-ba20221ef473</interp></interpGrp>
    </bibl>
          </listBibl>
        </sourceDesc>
      </fileDesc>
    </teiHeader>
                <text xml:id="INT_0ab44c8f-6774-3eec-82d4-ba20221ef473.TEI.1.text.1">
                  <body xml:id="INT_0ab44c8f-6774-3eec-82d4-ba20221ef473.TEI.1.text.1.body.1">
                    <div xml:id="INT_0ab44c8f-6774-3eec-82d4-ba20221ef473.TEI.1.text.1.body.1.div.1">
        
              <pb xml:id="INT_0ab44c8f-6774-3eec-82d4-ba20221ef473.TEI.1.text.1.body.1.div.1.pb.1" n="437" facs="http://resources.huygens.knaw.nl/retroapp/service_generalemissiven/gm_01/images/gm_1_104_0437.tif"/><fw xml:id="INT_0ab44c8f-6774-3eec-82d4-ba20221ef473.TEI.1.text.1.body.1.div.1.fw.1" place="top" type="head" facs="#zone.1093979" xmlns="http://www.tei-c.org/ns/1.0">Brouwer, Van Diemen, Vlack en Van der Burch VIII, 15 maart 1634</fw><fw xml:id="INT_0ab44c8f-6774-3eec-82d4-ba20221ef473.TEI.1.text.1.body.1.div.1.fw.2" place="top" type="page-number" facs="#zone.1094006" xmlns="http://www.tei-c.org/ns/1.0">437</fw><head xml:id="INT_0ab44c8f-6774-3eec-82d4-ba20221ef473.TEI.1.text.1.body.1.div.1.head.1" xml:lang="nl" rend="font-size: 10; text-align: justify; line-height: 11.7pt" xmlns="http://www.tei-c.org/ns/1.0">VIII. HENRICK BROUWER, ANTONIO VAN DIEMEN, DR. PIETER<lb/> VLACK EN JAN VAN DER BURCH, BATAVIA 5 maart 1634.<lb/></head><p xml:id="INT_0ab44c8f-6774-3eec-82d4-ba20221ef473.TEI.1.text.1.body.1.div.1.p.1" xml:lang="nl" rend="font-size: 8; text-align: justify; line-height: 8.9pt" xmlns="http://www.tei-c.org/ns/1.0">Copie. 1023j f. 272-273.<lb/></p><note xml:id="INT_0ab44c8f-6774-3eec-82d4-ba20221ef473.TEI.1.text.1.body.1.div.1.note.1" xml:lang="nl" place="inline" type="editorial-summary" resp="editor" rend="font-style: italic; line-height: 11.7pt; text-indent: 22.0pt; text-align: justify; font-size: 9.5" xmlns="http://www.tei-c.org/ns/1.0">(Meded. omtrent Suratte in <hi rend="font-size:10; font-family:Liberation Serif" xml:lang="nl">Daghregisters,</hi> 24 febr. 1634 <hi rend="font-size:10; font-family:Liberation Serif" xml:lang="nl">,</hi> p. 256-266 veel uitvoeriger<lb/> te vinden; zending van de Texel naar de Molukken, af gedrukt ibid. 3 maart <hi rend="font-size:10; font-family:Liberation Serif" xml:lang="nl">,</hi><lb/>p. 266-267).<lb/></note>
            
      </div>
                  </body>
                </text>
              </TEI>