<TEI xml:id="INT_a1f5b67a-4824-33fb-bdae-b6aa67035e93" xmlns="http://www.tei-c.org/ns/1.0">
                <teiHeader>
      <fileDesc>
        <titleStmt>
          <title>De Carpentier, Schram, Specx, Vlack en Van Diemen, 26 dec. 1626</title>
        </titleStmt>
        <publicationStmt>
          <p>
            <date>26 dec. 1626</date>
            <idno type="sourceID">missiven:vol1</idno>
            <idno type="pid">INT_a1f5b67a-4824-33fb-bdae-b6aa67035e93</idno>
          </p>
        </publicationStmt>
        <notesStmt>
          <note/>
        </notesStmt>
        <sourceDesc>
          <listBibl xml:id="inlMetadata">
            <bibl type="missive">
        <interpGrp type="page"><interp>235</interp></interpGrp>
        
      <interpGrp type="titleLevel1"><interp>De Carpentier, Schram, Specx, Vlack en Van Diemen, 26 dec. 1626</interp></interpGrp>
      <interpGrp type="dateLevel1"><interp>26 dec. 1626</interp></interpGrp>
        <interpGrp type="tocLevel"><interp>1</interp></interpGrp>
      <interpGrp type="volume"><interp>1</interp></interpGrp>
        <interpGrp type="n"><interp>XIII</interp></interpGrp>
      
      <interpGrp type="witnessYearLevel1_from"><interp>1626</interp></interpGrp>
      <interpGrp type="witnessYearLevel1_to"><interp>1626</interp></interpGrp>
      <interpGrp type="witnessMonthLevel1_to"><interp>12</interp></interpGrp>
      <interpGrp type="witnessMonthLevel1_from"><interp>12</interp></interpGrp>
      <interpGrp type="witnessDayLevel1_to"><interp>26</interp></interpGrp>
      <interpGrp type="witnessDayLevel1_from"><interp>26</interp></interpGrp>
      <interpGrp type="authorLevel1"><interp>De Carpentier</interp><interp>Schram</interp><interp>Specx</interp><interp>Vlack</interp><interp>Van Diemen</interp></interpGrp>
      <interpGrp type="pid"><interp>INT_a1f5b67a-4824-33fb-bdae-b6aa67035e93</interp></interpGrp>
    </bibl>
          </listBibl>
        </sourceDesc>
      </fileDesc>
    </teiHeader>
                <text xml:id="INT_a1f5b67a-4824-33fb-bdae-b6aa67035e93.TEI.1.text.1">
                  <body xml:id="INT_a1f5b67a-4824-33fb-bdae-b6aa67035e93.TEI.1.text.1.body.1">
                    <div xml:id="INT_a1f5b67a-4824-33fb-bdae-b6aa67035e93.TEI.1.text.1.body.1.div.1">
        
              <pb xml:id="INT_a1f5b67a-4824-33fb-bdae-b6aa67035e93.TEI.1.text.1.body.1.div.1.pb.1" n="235" facs="http://resources.huygens.knaw.nl/retroapp/service_generalemissiven/gm_01/images/gm_1_104_0235.tif"/><fw xml:id="INT_a1f5b67a-4824-33fb-bdae-b6aa67035e93.TEI.1.text.1.body.1.div.1.fw.1" place="top" type="head" facs="#zone.508375" xmlns="http://www.tei-c.org/ns/1.0">De Carpentier, Schram, Specx, Vlack en Van Diomen XIII, 26 dec. 1626</fw><fw xml:id="INT_a1f5b67a-4824-33fb-bdae-b6aa67035e93.TEI.1.text.1.body.1.div.1.fw.2" place="top" type="page-number" facs="#zone.508390" xmlns="http://www.tei-c.org/ns/1.0">235</fw><head xml:id="INT_a1f5b67a-4824-33fb-bdae-b6aa67035e93.TEI.1.text.1.body.1.div.1.head.1" xml:lang="nl" rend="font-size: 10; text-align: justify; line-height: 11.7pt" xmlns="http://www.tei-c.org/ns/1.0">XIII. PIETER DE CARPENTIER, WIJBRANT SCHRAM, JACQUES<lb/> SPECX, DR. PIETER VLACK EN ANTONIO VAN DIEMEN, Batavia<lb/> 26 december 1626.<lb/></head><p xml:id="INT_a1f5b67a-4824-33fb-bdae-b6aa67035e93.TEI.1.text.1.body.1.div.1.p.1" xml:lang="nl" rend="font-size: 8; text-align: justify; line-height: 8.9pt" xmlns="http://www.tei-c.org/ns/1.0">1000, fol. 67-73.<lb/></p><note xml:id="INT_a1f5b67a-4824-33fb-bdae-b6aa67035e93.TEI.1.text.1.body.1.div.1.note.1" xml:lang="nl" place="inline" type="editorial-summary" resp="editor" rend="font-style: italic; line-height: 10.0pt; text-indent: 23.0pt; text-align: justify; font-size: 9" xmlns="http://www.tei-c.org/ns/1.0">(Naar patria gezonden goederen).<lb/></note><p xml:id="INT_a1f5b67a-4824-33fb-bdae-b6aa67035e93.TEI.1.text.1.body.1.div.1.p.2" xml:lang="nl" rend="font-size: 10; text-align: justify; line-height: 11.7pt; text-indent: 23.0pt" xmlns="http://www.tei-c.org/ns/1.0">Waertegen <hi rend="font-size:5.5; font-family:Liberation Serif; font-style:italic; vertical-align:super; letter-spacing:0.5pt" xml:lang="nl">1)</hi> het hoogh tijdt is, versien werde, off ’t sal van quaet tot erger<lb/> vervallen ende daer resteert (onder correctie) in dese conjuncture (onses oordeels)<lb/> geen ander middel om dit schadelijck gevolch voor te comen, eenmael een eynde<lb/> van dese continuele onrust te maecken ende de Comp.a van de naegelen van<lb/> Amboina alleen te verseeckeren, mitsgaders om den Tarnataen in de Molucos in<lb/> thoom te houden ende beter wille van de Molucxe nagelen te becomen, als d’uutterste<lb/> remedie tegen dien rebellen hoop van Cheran bij der hant te nemen ende<lb/> met de wapenen te voorderen, tgene men tot noch toe bij geenige sachte middelen<lb/> heeft connen te weeghe brengen, noch oock (onses gevoelens) met soo een perfidieus<lb/> boosaerdich ende ongestaedich geslacht nemmermeer sal. Tegenwoordich ontbreect<lb/> het ons aen requisite macht, gelijck het lange gedaen heeft om dese saecke<lb/> met reputatie bij der hant te nemen ende wel te connen uutvoeren, want het niet<lb/> begonnen dient, off men moet sich oock door Godes genade verseeckert houden<lb/> ’t stuck wel te sullen volleynden. Die van Loehoe, Cambelle, Lucelle, Lessidij,<lb/> Erang <hi rend="font-size:10; font-family:Liberation Serif; vertical-align:super" xml:lang="nl">2)</hi> ende alle dien trouweloosen Moorsen aenhangh dient t’eenemael verdelcht<lb/> ende verdreven, alle haere naegel- ende vruchtboomen geextirpeert,<lb/> ’t landt gedevasteert ende ten proye van de nabuirighe Alfoures gestel t. ’t Eylandt<lb/> Amboina diende mede hoognoodich van een deel boose instrumenten ende Cheramsche<lb/> factionisten t’eenemael gesuyvert ende alle de rebellighe inwoonders onder<lb/> obediëntie van ’t casteel gereduceert te werden, sonderdat van dese iemant meer<lb/> sijn eygen meester gelaten wierdt, want d’ontrouwe handeling’ (onses oordeels)<lb/> hare vrijheyt genouchsaem verbeurt heeft gemaect ende en moesten voorts geen<lb/> andere overhooffden meer over de negris <hi rend="font-size:10; font-family:Liberation Serif; vertical-align:super" xml:lang="nl">3)</hi> regieren, als met advys van ’t casteel<lb/> daertoe vercooren. Met een goede macht van duysent a twaelff hondert Nederlantse<lb/> coppen neffens d’assistentie van ’t casteels onderdaenen ende d’Alfouresen,<lb/> mitsgaders met goet beleyt soude men dit werck met Godes hulpe connen effectueren,<lb/> doch blijven noch al beducht, wij van U Ed. dit jaer geen bastant secours<lb/> hiertoe becomen sullen ende al verscheen het noch dit westermouson, dat het te<lb/> laet sal vallen omme daermede dit jaer yets ten principaelen voor te nemen, vermits<lb/> ’t behoorlijck saysoen seer verloopen sal wesen ende den swaeren regentijt<lb/> in de landen van Amboina op de hant volgen sal, eer men te deegen aen ’t werck<lb/> soude connen trecken. Daerom achten wij, dese saecke tot d’aenstaende westermouson<lb/> van anno 1627 sal moeten rusten, tegen welcken tijt men verhoopen<lb/> mach, het alhier aen geene suffi9ante macht ontbreecken sal, bijaldien d’uutgeseylde<lb/> vloote van ’t voor jaer 1626 (van welcke Hollandia noch alleen verscheenen<lb/> is), maer insonderheyt de toegeseyde groote equipagie van dit naejaer alle behouden<lb/> ende ter behoorlijcker tijt incoomen.<lb/></p><note xml:id="INT_a1f5b67a-4824-33fb-bdae-b6aa67035e93.TEI.1.text.1.body.1.div.1.note.2" xml:lang="nl" rend="font-size: 8; line-height: 9.6pt; text-indent: 22.0pt" xmlns="http://www.tei-c.org/ns/1.0">1) NI. tegen het door niet-Nederlanders weghalen van de kruidnagelen uit de Specerij -<lb/> eilanden.<lb/></note><note xml:id="INT_a1f5b67a-4824-33fb-bdae-b6aa67035e93.TEI.1.text.1.body.1.div.1.note.3" xml:lang="nl" rend="font-size: 8; line-height: 9.6pt; text-indent: 21.0pt" xmlns="http://www.tei-c.org/ns/1.0">2) Erang, evenals de andere genoemde plaatsen een dorp op Hoamoal en wel aan de<lb/> westkust, noordelijk van Lessidi.<lb/></note><note xml:id="INT_a1f5b67a-4824-33fb-bdae-b6aa67035e93.TEI.1.text.1.body.1.div.1.note.4" xml:lang="nl" rend="font-size: 8; line-height: 9.6pt; text-indent: 21.0pt" xmlns="http://www.tei-c.org/ns/1.0">3) Negri, betere vorm dan het later vaak gebruikte negorij ; Maleis: dorp, dorpsgemeenschap.<lb/><lb/></note><pb xml:id="INT_a1f5b67a-4824-33fb-bdae-b6aa67035e93.TEI.1.text.1.body.1.div.1.pb.2" n="236" facs="http://resources.huygens.knaw.nl/retroapp/service_generalemissiven/gm_01/images/gm_1_104_0236.tif"/><fw xml:id="INT_a1f5b67a-4824-33fb-bdae-b6aa67035e93.TEI.1.text.1.body.1.div.1.fw.3" place="top" type="page-number" facs="#zone.511519" xmlns="http://www.tei-c.org/ns/1.0">236</fw><fw xml:id="INT_a1f5b67a-4824-33fb-bdae-b6aa67035e93.TEI.1.text.1.body.1.div.1.fw.4" place="top" type="head" facs="#zone.511523" xmlns="http://www.tei-c.org/ns/1.0">De Carpentier, Schram, Specx, Ylack en Van Diemen XIII, 26 dec. 1626</fw><p xml:id="INT_a1f5b67a-4824-33fb-bdae-b6aa67035e93.TEI.1.text.1.body.1.div.1.p.3" xml:lang="nl" rend="font-size: 10; text-align: justify; line-height: 11.7pt; text-indent: 23.0pt" xmlns="http://www.tei-c.org/ns/1.0">Ondertusschen sal mede op de conservatie van den Chineeschen handel<lb/> serieuselijck dienen gelet, want (gelijck wij U Ed. met onse voorgaende geadvyseert<lb/> hebben) het seecker schijnt, den Spaniard’ op Formosa sich mede vest ; voor<lb/> ’t verloop van dit noordermouson hoopen noch naerder bericht desen aengaende<lb/> van Tayouhan te becomen ende soo het seecker zij, den vijant sich op’t noord’eynde<lb/> van ’t eylandt nedergeslaegen heeft ende dat hij met een redelijcke macht (soo<lb/> men geen grooter can uutsetten) van daer conde werden gedreven, in sulcken<lb/> gevalle soud’ het (onses oordeels) gants noodich wesen, men de saecke sonder<lb/> langer uutstel in ’t eerste van ’t aenstaende oostermouson bij der hant namen.<lb/><hi rend="font-size:8; font-family:Liberation Serif" xml:lang="nl">Fol. 67r-68r.</hi><lb/></p><note xml:id="INT_a1f5b67a-4824-33fb-bdae-b6aa67035e93.TEI.1.text.1.body.1.div.1.note.5" xml:lang="nl" place="inline" type="editorial-summary" resp="editor" rend="font-style: italic; line-height: 10.5pt; text-indent: 23.0pt; text-align: justify; font-size: 9.5" xmlns="http://www.tei-c.org/ns/1.0">(Gering aanwezig kapitaal <hi rend="font-size:9.5; font-family:Liberation Serif" xml:lang="nl">,</hi> staat der reële effecten).<lb/></note><p xml:id="INT_a1f5b67a-4824-33fb-bdae-b6aa67035e93.TEI.1.text.1.body.1.div.1.p.4" xml:lang="nl" rend="font-size: 10; text-align: justify; line-height: 11.7pt; text-indent: 23.0pt" xmlns="http://www.tei-c.org/ns/1.0">Considereert doch eens Ed. Heeren, met wat een sober capitael India tot<lb/> vigoreus vervolch ende extensie van profytabelen handel, item tot voldoeninge<lb/> van de geeyschte groote retouren voor Nederlant mitsgaders tot ophalinge van<lb/> d’overgroote lasten in India versien sijn. Wij laten staen de periculen der see,<lb/> tardance van de secoursen ende verscheyden andere impedimenten <hi rend="font-size:7.5; font-family:Liberation Serif; font-style:italic; font-weight:bold; vertical-align:super" xml:lang="nl">1),</hi> soo de<lb/> gaende ende comende schepen onderworpen sijn, tegen welcke swaricheden de<lb/> comptoiren altoos op voorraet behoorden geprovideert te wesen ende soo langh’<lb/> het hiertoe niet gebracht sij, sal ’t groote werck altoos aen d’een off d’ander cant<lb/> haperen ende de verhoopte vruchten van dien nemmermeer volcomen genooten<lb/> werden, gelijck sulcx seer licht soude connen succederen, indien alles na behooren<lb/> mocht volstaen. Wat na de presente tijtsgelegentheyt daertoe vereyscht wert,<lb/> hebben wij U Ed. naer ons gering begrijph met onse voorgaende advysen geremonstreert<lb/> ende wij twijffelen niet, U Ed. connen tselve in hare wijsheyt noch beter<lb/> overwegen. Ondertusschen overleggen wij mede wel, volgens U Ed. missive per<lb/> Erasmus geschreven, que faulte d’argent soit doleur non paraille. Dan wij vertrouwen,<lb/> de saecke van de Comp.a tsedert in wat beter posture ende vermogen<lb/> geraect sij ende dat U Ed. dienvolgende niet naerlaeten sullen de schoot te vieren,<lb/> nae de wint ruympt.<lb/></p><note xml:id="INT_a1f5b67a-4824-33fb-bdae-b6aa67035e93.TEI.1.text.1.body.1.div.1.note.6" xml:lang="nl" place="inline" type="editorial-summary" resp="editor" rend="font-size: 9.5; font-style: italic; text-align: right; line-height: 10.5pt" xmlns="http://www.tei-c.org/ns/1.0">( Meded. over Thaiwan, beantwoording van de brief, met Hollandia ontvangen ) .<lb/></note><p xml:id="INT_a1f5b67a-4824-33fb-bdae-b6aa67035e93.TEI.1.text.1.body.1.div.1.p.5" resp="int_paragraph_joining" rend="">
              Emmer soo seer als U Ed. heeft ons mishaecht de gebruycte vrijmoedicheyt<lb xmlns="http://www.tei-c.org/ns/1.0"/> van den raet in Persia in ’t overseinden van den Persiaenschen ambassadeur <hi rend="font-size:10; font-family:Liberation Serif; vertical-align:super" xml:lang="nl" xmlns="http://www.tei-c.org/ns/1.0">2),</hi><lb xmlns="http://www.tei-c.org/ns/1.0"/>daerop wij onse reproche ende verbodt mede gegeven hebben, gelijck bij onse<lb xmlns="http://www.tei-c.org/ns/1.0"/> missiven, naer Suratte ende Persia den 14en augusty anno 1625 geschreven <hi rend="font-size:10; font-family:Liberation Serif; vertical-align:super" xml:lang="nl" xmlns="http://www.tei-c.org/ns/1.0">3),</hi><lb xmlns="http://www.tei-c.org/ns/1.0"/>blij eken can. Wij sullen vorder sorge draegen, dat U Ed. ordre, desen aengaende,<lb xmlns="http://www.tei-c.org/ns/1.0"/> in toecomende preeiselijck werde geobserveert, gelijck mede dat de vruntschap<lb xmlns="http://www.tei-c.org/ns/1.0"/> met den Cha Chalim ofte Grooten Mogul, als nu Jangier geintituleert <hi rend="font-size:10; font-family:Liberation Serif; vertical-align:super" xml:lang="nl" xmlns="http://www.tei-c.org/ns/1.0">4),</hi> in der<lb xmlns="http://www.tei-c.org/ns/1.0"/> bester vougen ende door bequame persoonen mach werden geconserveert, gelijck<lb xmlns="http://www.tei-c.org/ns/1.0"/><note xml:id="INT_a1f5b67a-4824-33fb-bdae-b6aa67035e93.TEI.1.text.1.body.1.div.1.p.5.note.1" xml:lang="nl" rend="font-size: 8; text-align: justify; line-height: 9.3pt; margin-left: 2200" xmlns="http://www.tei-c.org/ns/1.0">1) Impedimenten, verhinderingen, bezwaren.<lb/></note><note xml:id="INT_a1f5b67a-4824-33fb-bdae-b6aa67035e93.TEI.1.text.1.body.1.div.1.p.5.note.2" xml:lang="nl" rend="font-size: 8; line-height: 9.3pt; text-indent: 21.0pt" xmlns="http://www.tei-c.org/ns/1.0">2) Hierover wordt in <hi rend="font-size:8; font-family:Liberation Serif; font-style:italic" xml:lang="nl">Perzië</hi> uitvoerig gehandeld, o.a. p. LXXIII en in document<lb/> no. 103.<lb/></note><note xml:id="INT_a1f5b67a-4824-33fb-bdae-b6aa67035e93.TEI.1.text.1.body.1.div.1.p.5.note.3" xml:lang="nl" rend="font-size: 8; text-align: justify; line-height: 9.3pt; margin-left: 2100" xmlns="http://www.tei-c.org/ns/1.0">3) Afgedrukt <hi rend="font-size:8; font-family:Liberation Serif; font-style:italic" xml:lang="nl">Perzië</hi> als no. 83, zie vooral p. 170.<lb/></note><note xml:id="INT_a1f5b67a-4824-33fb-bdae-b6aa67035e93.TEI.1.text.1.body.1.div.1.p.5.note.4" xml:lang="nl" rend="font-size: 8; text-align: justify; line-height: 9.3pt; text-indent: 21.0pt" xmlns="http://www.tei-c.org/ns/1.0">4) De titulatuur en namen der Groot-Mogols zijn den heren te Batavia niet duidelijk;<lb/> schreef men nog kort geleden over hun rijk als dat van den (reeds 1605 overleden) „Achabar”,<lb/> nu pas drong het door, dat prins Salim, die Akbar opvolgde en in 1628 stierf, den koningsnaam<lb/> Jahangir voerde.<lb/></note><pb xml:id="INT_a1f5b67a-4824-33fb-bdae-b6aa67035e93.TEI.1.text.1.body.1.div.1.p.5.pb.1" n="237" facs="http://resources.huygens.knaw.nl/retroapp/service_generalemissiven/gm_01/images/gm_1_104_0237.tif"/><fw xml:id="INT_a1f5b67a-4824-33fb-bdae-b6aa67035e93.TEI.1.text.1.body.1.div.1.p.5.fw.1" place="top" type="head" facs="#zone.513946" xmlns="http://www.tei-c.org/ns/1.0">De Carpentier, Schram, Specx, Vlack en Van Diemen XIII, 26 dec. 1626</fw><fw xml:id="INT_a1f5b67a-4824-33fb-bdae-b6aa67035e93.TEI.1.text.1.body.1.div.1.p.5.fw.2" place="top" type="page-number" facs="#zone.513961" xmlns="http://www.tei-c.org/ns/1.0">237</fw>wij tot dien eynde naer Suratte overlangh behoorlijcke ordre gegeven ende den<lb xmlns="http://www.tei-c.org/ns/1.0"/> coopman Vapour <hi rend="font-size:10; font-family:Liberation Serif; vertical-align:super" xml:lang="nl" xmlns="http://www.tei-c.org/ns/1.0">1)</hi> daertoe voorgedragen hadden, sooals bij onse missive, den<lb xmlns="http://www.tei-c.org/ns/1.0"/> 9en augustij 1624 derwaerts geschreven, blij eken sal, waeraen wij ons, desen<lb xmlns="http://www.tei-c.org/ns/1.0"/> belangende, in onse missive, per Hollandia aen U Ed. gesonden <hi rend="font-size:10; font-family:Liberation Serif; vertical-align:super" xml:lang="nl" xmlns="http://www.tei-c.org/ns/1.0">2),</hi> desmaels<lb xmlns="http://www.tei-c.org/ns/1.0"/> gedroegen.<lb xmlns="http://www.tei-c.org/ns/1.0"/>
            </p><note xml:id="INT_a1f5b67a-4824-33fb-bdae-b6aa67035e93.TEI.1.text.1.body.1.div.1.note.7" xml:lang="nl" place="inline" type="editorial-summary" resp="editor" rend="font-style: italic; line-height: 12.0pt; text-indent: 22.0pt; text-align: justify; font-size: 10" xmlns="http://www.tei-c.org/ns/1.0">(Vervolg van de beantwoording van de brief van Heren XVII; een gedeelte<lb/> over ontrouwe dienaren is af gedrukt <hi rend="font-size:10; font-family:Liberation Serif" xml:lang="nl">Opkomst</hi> V, p. 111) <hi rend="font-size:10; font-family:Liberation Serif" xml:lang="nl">.</hi><lb/></note><p xml:id="INT_a1f5b67a-4824-33fb-bdae-b6aa67035e93.TEI.1.text.1.body.1.div.1.p.6" xml:lang="nl" rend="font-size: 10; text-align: justify; line-height: 11.7pt; text-indent: 22.0pt" xmlns="http://www.tei-c.org/ns/1.0">d’ Heer Martin Soncque (gelijck wij U Ed. ’t voorleeden jaer hebben geadvyseert)<lb/> is in Tayouhan overleden. Sijne naergelaten goederen (vrij wat veel bedraegende)<lb/> sijn volgens d’ordre ten meesten oirboir gebenificeert ende nevens sijne<lb/> verdiende gagie op desselfs reeckeninge in ’t logieboeck van Batavia geregistreert.<lb/></p><p xml:id="INT_a1f5b67a-4824-33fb-bdae-b6aa67035e93.TEI.1.text.1.body.1.div.1.p.7" xml:lang="nl" rend="font-size: 10; text-align: justify; line-height: 11.7pt; text-indent: 22.0pt" xmlns="http://www.tei-c.org/ns/1.0">Ende alsoo den overleden met seeckeren Gillis Venant <hi rend="font-size:10; font-family:Liberation Serif; vertical-align:super" xml:lang="nl">3),</hi> vrijburger deser<lb/> stede, (soo wij naderhant wijs geworden sijn) eenige particuliere societeyt van<lb/> negotie gecontraheert heeft gehadt, waervan alsnoch ’t volcomen bescheyt ende<lb/> afreeckeninghe niet is ghevolght ende oversulex oock bij den Raet over dese<lb/> particuliere handelinge alsnoch niet gedisponeert is, twelck naer ’t vertreck van<lb/> dit schip met den eersten affgehandelt sal werden, dienen U Ed. aldaer met d’erffgenaemen<lb/> tot geene affreeckeninge te comen tot naerder bescheyt van hier.<lb/></p><note xml:id="INT_a1f5b67a-4824-33fb-bdae-b6aa67035e93.TEI.1.text.1.body.1.div.1.note.8" xml:lang="nl" place="inline" type="editorial-summary" resp="editor" rend="font-style: italic; line-height: 12.0pt; text-indent: 22.0pt; text-align: justify; font-size: 10" xmlns="http://www.tei-c.org/ns/1.0">(Vervolg beantwoording brief van Heren XVII, vrijburger skwesties <hi rend="font-size:10; font-family:Liberation Serif" xml:lang="nl">,</hi> af gedrukt<lb/><hi rend="font-size:10; font-family:Liberation Serif" xml:lang="nl">Opkomst F,</hi> p. 112-113).<lb/></note><p xml:id="INT_a1f5b67a-4824-33fb-bdae-b6aa67035e93.TEI.1.text.1.body.1.div.1.p.8" xml:lang="nl" rend="font-size: 10; text-align: justify; line-height: 11.7pt; text-indent: 22.0pt" xmlns="http://www.tei-c.org/ns/1.0">In onse voorgaende generale missive is U Ed. aengeschreven, hoe wij op<lb/> d’instantie van Simsuan <hi rend="font-size:10; font-family:Liberation Serif; vertical-align:super" xml:lang="nl">4)</hi> Medenblick met eenich geldt naer Bantham gesonden<lb/> hadden om te onderstaen, off de saecken conform sijn toeseggingh aldaer mochten<lb/> uutvallen. Tzedert hebben wij tidinghe van d’onse becomen, hoe die van Bantham<lb/> wel gereet scheenen te wesen haeren peper aen ons te vercoopen ende te leveren,<lb/> maer alleen daerop stonden, dat men die aen lant soude comen ontfangen ende,<lb/> alsoo d’onse geen ander ordre hadden als de peper aen boort te verwachten, gelijck<lb/> Simsuan hem sterek gemaect hadde deselve aldaer te sullen bestellen, is de saecke<lb/> voor dien tijt daerbij blijven steecquen. Waerop Simsuan dadelijck weder nae<lb/> Batavia gecomen is, secretelijck, soo hij seyde, van den pangoran Gabangh <hi rend="font-size:10; font-family:Liberation Serif; vertical-align:super" xml:lang="nl">5)</hi><lb/></p><p xml:id="INT_a1f5b67a-4824-33fb-bdae-b6aa67035e93.TEI.1.text.1.body.1.div.1.p.9" resp="int_paragraph_joining" rend="">
              1) Hendrick Arentsz. Vapoer diende 1615 tot 1622 te Suratte, werd maart 1623 opperkoopman<lb xmlns="http://www.tei-c.org/ns/1.0"/> en lid van de dagelijkse raad te Batavia. Juli 1624 werd hij weer naar Suratte gezonden,<lb xmlns="http://www.tei-c.org/ns/1.0"/> in 1626 werd hij hoofd van het kantoor te Agra, dat onder den directeur te Suratte<lb xmlns="http://www.tei-c.org/ns/1.0"/> ressorteerde. Na van Hasel’s dood in 1632 werd hij tijdelijk directeur te Suratte, waar hij<lb xmlns="http://www.tei-c.org/ns/1.0"/> 24 oktober 1632 stierf. Vapoer was tevens schilder.<lb xmlns="http://www.tei-c.org/ns/1.0"/>2) Ons nr. VI van de brieven van de Carpentier.<lb xmlns="http://www.tei-c.org/ns/1.0"/>
            </p><p xml:id="INT_a1f5b67a-4824-33fb-bdae-b6aa67035e93.TEI.1.text.1.body.1.div.1.p.10" xml:lang="nl" rend="font-size: 7.5; text-align: justify; line-height: 9.6pt; text-indent: 22.0pt" xmlns="http://www.tei-c.org/ns/1.0">3) Gillis Venant kwam als assistent in Indië, was mei 1619 bij de verovering van Jakatra<lb/> als vendrig aanwezig en werd januari 1623 vrijburger, ook schepen van Batavia. Januari 1627<lb/> werd hij wegens het in de tekst genoemde feit naar Banda verbannen, van waar hij met een<lb/> burger jacht een reis naar Siam maakte. April 1628 mocht hij naar Batavia terugkeren; hij<lb/> repatrieerde november 1629 en kwam november 1632 in Engelse dienst te Gamron, april 1637<lb/> vertrok hij met de William van Suratte naar Engeland.<lb/></p><p xml:id="INT_a1f5b67a-4824-33fb-bdae-b6aa67035e93.TEI.1.text.1.body.1.div.1.p.11" xml:lang="nl" rend="font-size: 7.5; text-align: justify; line-height: 9.6pt; text-indent: 21.0pt" xmlns="http://www.tei-c.org/ns/1.0">4) Men zie voor het bedoelde gedeelte van de brief van 13 december 1626 <hi rend="font-size:7.5; font-family:Liberation Serif; font-style:italic" xml:lang="nl">Opkomst</hi> V,<lb/> p. 106. Simsuan was een Chinees koopman te Bantam, met wien de Nederlanders al zeer lang<lb/> in relatie waren. Vgl. <hi rend="font-size:7.5; font-family:Liberation Serif; font-style:italic" xml:lang="nl">Buysero,</hi> p. 231.<lb/></p><p xml:id="INT_a1f5b67a-4824-33fb-bdae-b6aa67035e93.TEI.1.text.1.body.1.div.1.p.12" resp="int_paragraph_joining" rend="">
              5) Pangeran Gebang, Bantams grote, die voorgaf op de hand der Nederlanders te zijn.<lb xmlns="http://www.tei-c.org/ns/1.0"/> In augustus 1618 had hij een poging gedaan zich bij een bezoek aan de loge te Jakatra daarvan<lb xmlns="http://www.tei-c.org/ns/1.0"/> meester te maken.<lb xmlns="http://www.tei-c.org/ns/1.0"/><pb xml:id="INT_a1f5b67a-4824-33fb-bdae-b6aa67035e93.TEI.1.text.1.body.1.div.1.p.12.pb.1" n="238" facs="http://resources.huygens.knaw.nl/retroapp/service_generalemissiven/gm_01/images/gm_1_104_0238.tif"/><fw xml:id="INT_a1f5b67a-4824-33fb-bdae-b6aa67035e93.TEI.1.text.1.body.1.div.1.p.12.fw.1" place="top" type="head" xml:lang="nl" rend="text-align:justify; line-height:9.4pt" facs="#zone.517017" xmlns="http://www.tei-c.org/ns/1.0">238 De Carpentier, Schram, Specx, Vlack en Van Diemen XIII, 26 dec. 1626</fw>herwaerts gesonden om ons aen te dienen, dat maer om ’twelstaens wille een<lb xmlns="http://www.tei-c.org/ns/1.0"/> persoon, hoe geringh die oock waere, alvooren aen lant wilden seinden omme noch<lb xmlns="http://www.tei-c.org/ns/1.0"/> eens van den Coninck licentie te comen versoecken om peper te mogen coopen,<lb xmlns="http://www.tei-c.org/ns/1.0"/> opdat den Coningh uutterlijck alsoo aen d’eere mocht blijven ende alles soude<lb xmlns="http://www.tei-c.org/ns/1.0"/> dan (naer sijn seggen) voorts wel lucken ende den Coningh soude daer maer op<lb xmlns="http://www.tei-c.org/ns/1.0"/> seggen, laet de coopluyden geworden ende de Hollanders vrij peper coopen ende,<lb xmlns="http://www.tei-c.org/ns/1.0"/> soo wij dan noch niet gesint waeren de peper aen lant te comen handelen, soude<lb xmlns="http://www.tei-c.org/ns/1.0"/> Simsuan (gelijck hij hem sterck maecte) deselve quansuys voor de Hollanders<lb xmlns="http://www.tei-c.org/ns/1.0"/> coopen, aen landt wegen ende soo voorts aen boort bestellen, alwaer men andermael<lb xmlns="http://www.tei-c.org/ns/1.0"/> de peper noch eens mocht naewegen ende, dien naer behooren bevindende,<lb xmlns="http://www.tei-c.org/ns/1.0"/> hem alsdan oock behoorlijcke satisfactie doen. Om te sien, wat hierop volgen wil,<lb xmlns="http://www.tei-c.org/ns/1.0"/> hebben wij goetgevonden die van Bantam hierin tegemoet te comen, doch vinden<lb xmlns="http://www.tei-c.org/ns/1.0"/> alsnoch ongeraden ons soo verre t’openbaren ende daertoe te comen om den peperhandel<lb xmlns="http://www.tei-c.org/ns/1.0"/> formelijck aen lant te gaen voorderen, alwaer men ons buyten twijffel,<lb xmlns="http://www.tei-c.org/ns/1.0"/> soo maer daertoe verstaen conden, met open armen ontfangen soude. Maer ’t<lb xmlns="http://www.tei-c.org/ns/1.0"/> dunct ons ongeraden sonder eenich voorbedingh van redelijcke conditie soo simpelijck<lb xmlns="http://www.tei-c.org/ns/1.0"/> weder in Bantam te treeden ende, dus doende, tselve genouchsaem open te<lb xmlns="http://www.tei-c.org/ns/1.0"/> stellen voor alle Europische vrunden tot nieuwe confusie van dien handel, behalven<lb xmlns="http://www.tei-c.org/ns/1.0"/> noch verscheyden andere considerabele prejuditien, welcke tot laste van de<lb xmlns="http://www.tei-c.org/ns/1.0"/> Nederlantsche Comp.a alleen daeruut ontstaen mochten. Ondertusschen vinden<lb xmlns="http://www.tei-c.org/ns/1.0"/> oock niet geraden als te stijff tegen Bantham uut te houden, maer de saké met<lb xmlns="http://www.tei-c.org/ns/1.0"/> sachte bejegeningen tot een gewenschter verdrach, soo veel mogelijck, te prepareren<lb xmlns="http://www.tei-c.org/ns/1.0"/> ende buyten prejuditiabel gevolch t’onderleggen, hoe best tot ons ooghmercque<lb xmlns="http://www.tei-c.org/ns/1.0"/> geraecken ende Bantam in goede hoope voeden sullen, twelck wij meenen,<lb xmlns="http://www.tei-c.org/ns/1.0"/> seer wel geschieden sal, soo lange wij onsen ommeslach buyten Bantham houden<lb xmlns="http://www.tei-c.org/ns/1.0"/> ende de besettingh van de reede continueren. Bij die van Bantam sal ’t ondertusschen<lb xmlns="http://www.tei-c.org/ns/1.0"/> den naem hebben, dat se daer maer leggen om den handel waer te nemen<lb xmlns="http://www.tei-c.org/ns/1.0"/> ende bij die van buyten, dat se de reede op d’oude voet beseth houden. Soo sullen<lb xmlns="http://www.tei-c.org/ns/1.0"/> niet alleen onse gealtereerde vrunden maer oock alle andere d’entrance in Bantham<lb xmlns="http://www.tei-c.org/ns/1.0"/> derven moeten, insonderheyt soo lange wij ons mede van daer houden. Hierop<lb xmlns="http://www.tei-c.org/ns/1.0"/> meenen wij het vooreerst aen te leggen, want Bantam doch niet geopendt dient,<lb xmlns="http://www.tei-c.org/ns/1.0"/> voordat in goet ende soodanich verdrach daermede comen, waerbij dien peperhandel<lb xmlns="http://www.tei-c.org/ns/1.0"/> alleen aen de Nederlantsche en de Engelsche Comp.en onder exclusyff<lb xmlns="http://www.tei-c.org/ns/1.0"/> contract mach sijn verseeckert, waertoe wij niet twijffelen, het noch wel comen<lb xmlns="http://www.tei-c.org/ns/1.0"/> sal. Wij nemen oock de zaecke wat sachtgens op, temeer omdat het ons aen suffi§ant<lb xmlns="http://www.tei-c.org/ns/1.0"/> capitael ontbreeckt ende souden ’t gaerne dus slepende houden, totdat wij<lb xmlns="http://www.tei-c.org/ns/1.0"/> van U Ed. ’t geeyschte ontset becoomen omme een goeden voortreek uut Bantam<lb xmlns="http://www.tei-c.org/ns/1.0"/> te haelen, bijaldien d’Engelsen noch sonder merekelijek capitael bleven, gelijck<lb xmlns="http://www.tei-c.org/ns/1.0"/> sij tegenwoordich naer alle uutterlijeke apparentie seer schaers sitten ende, soo<lb xmlns="http://www.tei-c.org/ns/1.0"/> sij bastant ontseth neffens ons becomen, om dan des te beter ’t stucque van Bantam<lb xmlns="http://www.tei-c.org/ns/1.0"/> gelijekelijek ten besten van beyde de Comp.en te mesnagieren. Hoe wij<lb xmlns="http://www.tei-c.org/ns/1.0"/> ondertusschen met Bantham coelder handelen, dewijle doch niet beter vermogen,<lb xmlns="http://www.tei-c.org/ns/1.0"/> werden sij des te hitsiger ende grager, waerinne sij middelertijt altemets soo met<lb xmlns="http://www.tei-c.org/ns/1.0"/> een cleintgen gevoet dienen omme, off wij voor d’Engelsen geprovideert wirden,<lb xmlns="http://www.tei-c.org/ns/1.0"/> naegels met hooffden te slaen.<lb xmlns="http://www.tei-c.org/ns/1.0"/><hi rend="font-size:9; font-family:Liberation Serif; font-style:italic" xml:lang="nl" xmlns="http://www.tei-c.org/ns/1.0">( Slotopmerkingen</hi> ) .<lb xmlns="http://www.tei-c.org/ns/1.0"/>
            
      
            </p></div>
                  </body>
                </text>
              </TEI>