<TEI xml:id="INT_f770652a-cece-382e-b688-76766d1a47f7" xmlns="http://www.tei-c.org/ns/1.0">
                <teiHeader>
      <fileDesc>
        <titleStmt>
          <title>Bantam, 10 nov. 1614</title>
        </titleStmt>
        <publicationStmt>
          <p>
            <date>10 nov. 1614</date>
            <idno type="sourceID">missiven:vol1</idno>
            <idno type="pid">INT_f770652a-cece-382e-b688-76766d1a47f7</idno>
          </p>
        </publicationStmt>
        <notesStmt>
          <note/>
        </notesStmt>
        <sourceDesc>
          <listBibl xml:id="inlMetadata">
            <bibl type="missive">
        <interpGrp type="page"><interp>29</interp></interpGrp>
        
      <interpGrp type="titleLevel1"><interp>Bantam, 10 nov. 1614</interp></interpGrp>
      <interpGrp type="dateLevel1"><interp>10 nov. 1614</interp></interpGrp>
        <interpGrp type="tocLevel"><interp>1</interp></interpGrp>
      <interpGrp type="volume"><interp>1</interp></interpGrp>
        <interpGrp type="n"><interp>XIX</interp></interpGrp>
      <interpGrp type="localization_placeLevel1"><interp>Bantam</interp></interpGrp>
      <interpGrp type="witnessYearLevel1_from"><interp>1614</interp></interpGrp>
      <interpGrp type="witnessYearLevel1_to"><interp>1614</interp></interpGrp>
      <interpGrp type="witnessMonthLevel1_to"><interp>11</interp></interpGrp>
      <interpGrp type="witnessMonthLevel1_from"><interp>11</interp></interpGrp>
      <interpGrp type="witnessDayLevel1_to"><interp>10</interp></interpGrp>
      <interpGrp type="witnessDayLevel1_from"><interp>10</interp></interpGrp>
      <interpGrp type="authorLevel1"><interp></interp></interpGrp>
      <interpGrp type="pid"><interp>INT_f770652a-cece-382e-b688-76766d1a47f7</interp></interpGrp>
    </bibl>
          </listBibl>
        </sourceDesc>
      </fileDesc>
    </teiHeader>
                <text xml:id="INT_f770652a-cece-382e-b688-76766d1a47f7.TEI.1.text.1">
                  <body xml:id="INT_f770652a-cece-382e-b688-76766d1a47f7.TEI.1.text.1.body.1">
                    <div xml:id="INT_f770652a-cece-382e-b688-76766d1a47f7.TEI.1.text.1.body.1.div.1">
        
              <pb xml:id="INT_f770652a-cece-382e-b688-76766d1a47f7.TEI.1.text.1.body.1.div.1.pb.1" n="29" facs="http://resources.huygens.knaw.nl/retroapp/service_generalemissiven/gm_01/images/gm_1_104_0029.tif"/><fw xml:id="INT_f770652a-cece-382e-b688-76766d1a47f7.TEI.1.text.1.body.1.div.1.fw.1" place="top" type="head" facs="#zone.663254" xmlns="http://www.tei-c.org/ns/1.0">Both XIX, 10 november 1614</fw><fw xml:id="INT_f770652a-cece-382e-b688-76766d1a47f7.TEI.1.text.1.body.1.div.1.fw.2" place="top" type="page-number" facs="#zone.663262" xmlns="http://www.tei-c.org/ns/1.0">29</fw><p xml:id="INT_f770652a-cece-382e-b688-76766d1a47f7.TEI.1.text.1.body.1.div.1.p.1" xml:lang="nl" rend="font-size: 10; text-align: justify; line-height: 11.1pt" xmlns="http://www.tei-c.org/ns/1.0">XIX. PIETER BOTH, BANTAM 10 november 1614 *).<lb/></p><p xml:id="INT_f770652a-cece-382e-b688-76766d1a47f7.TEI.1.text.1.body.1.div.1.p.2" xml:lang="nl" rend="font-size: 7.5; text-align: justify; line-height: 8.3pt" xmlns="http://www.tei-c.org/ns/1.0">969, fol. 20-30.<lb/></p><note xml:id="INT_f770652a-cece-382e-b688-76766d1a47f7.TEI.1.text.1.body.1.div.1.note.1" xml:lang="nl" place="inline" type="editorial-summary" resp="editor" rend="font-style: italic; margin-left: 2100; line-height: 10.0pt; text-align: justify; font-size: 9" xmlns="http://www.tei-c.org/ns/1.0">(Aangekomen scheden).<lb/></note><p xml:id="INT_f770652a-cece-382e-b688-76766d1a47f7.TEI.1.text.1.body.1.div.1.p.3" xml:lang="nl" rend="font-size: 10; text-align: justify; line-height: 11.7pt; margin-left: 2100" xmlns="http://www.tei-c.org/ns/1.0">- De twee compaignien <hi rend="font-size:10; font-family:Liberation Serif; vertical-align:super" xml:lang="nl">1 2)</hi> namentlijck eapiteyn Lamberth Adams alias<lb/></p><p xml:id="INT_f770652a-cece-382e-b688-76766d1a47f7.TEI.1.text.1.body.1.div.1.p.4" xml:lang="nl" rend="font-size: 10; text-align: justify; line-height: 11.7pt" xmlns="http://www.tei-c.org/ns/1.0">Lanckhaer <hi rend="font-size:10; font-family:Liberation Serif; vertical-align:super" xml:lang="nl">3),</hi> gecomen met Nieuw Zelandia ende eapiteyn Jeronimus van Beverninck<lb/> <hi rend="font-size:10; font-family:Liberation Serif; vertical-align:super" xml:lang="nl">4),</hi> gecomen met ’t schip Groothoorn, doen passeren, naerdat zij ververst<lb/> waren, op den Arent ende de Valck, ende alsoo cito cito op den 28en derselver<lb/> maendt <hi rend="font-size:10; font-family:Liberation Serif; vertical-align:super" xml:lang="nl">5)</hi> doen vertrecken recht na de Moluques sonder yewerts aen te doen<lb/> omme den onsen aldaer te verstercken, also men voor seker den vijandt uyt de<lb/> Philippinas met haer armade was verwachtende, waermede in persoon gecomen<lb/> soude hebben don Juan de Silva <hi rend="font-size:10; font-family:Liberation Serif; vertical-align:super" xml:lang="nl">6),</hi> gouverneur van de voorsz. plaetse, als generaell,<lb/> welcke armade bestondt in zeven grote schepen aldaer toegerust, zes galeyen,<lb/> quantiteyt van fregatten met ander roeytuych ende aldaer noch waren verwachtende<lb/> drie galjoenen van Maccau, welcke drie galjoenen door faulte van geit in<lb/> de Manilhas niet en compareerden, ende also den vijandt van tijdt tot tijdt verwitticht<lb/> zijnde van onse macht in de Moluques, bestaende in twaelff schepen,<lb/> van mij daer gelaten, resolveerden, in cas die van Maccau niet en quamen, dat jaer<lb/> ons niet te bestoocken, maer alleen een goet secorre naer Tidoor ende Ternate te<lb/> senden. Hiervan hebben wij goede kennisse gehadt, insonderheyt van eenen Joost<lb/> P[iete]rsz. <hi rend="font-size:10; font-family:Liberation Serif; vertical-align:super" xml:lang="nl">7),</hi> geboren van Vlissingen, geweest in dienste van den Coninck van<lb/> Spangien in de twintich jaren ende in julio passado <hi rend="font-size:10; font-family:Liberation Serif; vertical-align:super" xml:lang="nl">8)</hi> noch was in de Philippinas,<lb/> alwaer hij alles gehoort ende gesien heeft, alsmede den persoon van den heer<lb/> admiraell van Caerden, met alle de Hollanders aldaer gevangen, die hij met 40 al-<lb/></p><note xml:id="INT_f770652a-cece-382e-b688-76766d1a47f7.TEI.1.text.1.body.1.div.1.note.2" xml:lang="nl" rend="font-size: 7.5; text-align: justify; line-height: 9.3pt; text-indent: 22.0pt" xmlns="http://www.tei-c.org/ns/1.0">1) Een vijftal brieven door Both aan de Bewindhebbers gezonden, zijn alle gedateerd<lb/> Bantam 10 november 1614. Brief XIX is een soort dagregister, waarin algemene kwesties<lb/> chronologisch worden behandeld. F. 22 wordt van een bepaald onderwerp gezegd, dat het<lb/> wordt weggelaten „omme desen generaelen brieff daermede niet te besmetten”. Both verstond<lb/> dus onder een generale brief een brief aan de Bewindhebbers, algemene zaken betreffende.<lb/> Brief XVIII, op het A.R.A. aan XIX voorafgaande, handelt over het personeel in het algemeen,<lb/> brief XX over Molukse zaken en over Reael in het bijzonder, brief XXI over Bantam en<lb/> Jakatra, XXII over Coen.<lb/></note><note xml:id="INT_f770652a-cece-382e-b688-76766d1a47f7.TEI.1.text.1.body.1.div.1.note.3" xml:lang="nl" rend="font-size: 7.5; text-align: justify; line-height: 9.3pt; text-indent: 21.0pt" xmlns="http://www.tei-c.org/ns/1.0">2) Zij kwamen eind 1613 en begin 1614 uit patria te Bantam met een vloot onder commandeur<lb/> Dirck Pietersz. van de Sande, waartoe o. a. (Groot) Hoorn, Witte Valk en Arend<lb/> behoorden.<lb/></note><note xml:id="INT_f770652a-cece-382e-b688-76766d1a47f7.TEI.1.text.1.body.1.div.1.note.4" xml:lang="nl" rend="font-size: 7.5; line-height: 9.3pt; text-indent: 21.0pt" xmlns="http://www.tei-c.org/ns/1.0">3) Lambert Adamsz. alias Lanckhaer diende als kapitein van 1614 tot 1616 op de<lb/> Specerij eilanden. Vermoedelijk is hij kort na 1 dec. 1616 uit Bantam gerepatrieerd.<lb/></note><note xml:id="INT_f770652a-cece-382e-b688-76766d1a47f7.TEI.1.text.1.body.1.div.1.note.5" xml:lang="nl" rend="font-size: 7.5; text-align: justify; line-height: 9.3pt; text-indent: 21.0pt" xmlns="http://www.tei-c.org/ns/1.0">4) Jeronimus van Beveminck werd na aankomst met het jacht Arent naar de Molukken<lb/> gezonden; mei 1615 commandeur van Sabugu ter kust van Halmaheira, april 1616 op het<lb/> kasteel Nassau, Banda-Neira. Begin 1617 gestorven.<lb/></note><note xml:id="INT_f770652a-cece-382e-b688-76766d1a47f7.TEI.1.text.1.body.1.div.1.note.6" xml:lang="nl" rend="font-size: 7.5; text-align: justify; line-height: 9.3pt; margin-left: 2100" xmlns="http://www.tei-c.org/ns/1.0">5) NI. januari 1614.<lb/></note><note xml:id="INT_f770652a-cece-382e-b688-76766d1a47f7.TEI.1.text.1.body.1.div.1.note.7" xml:lang="nl" rend="font-size: 7.5; text-align: justify; line-height: 9.3pt; text-indent: 21.0pt" xmlns="http://www.tei-c.org/ns/1.0">6) Don Juan da Silva, sinds april 1609 gouverneur der Philippijnen, versloeg 25 april<lb/> 1610 een Nederlandse vloot onder Wittert. Men verwachtte hem herhaaldelijk in de Molukken,<lb/> waarheen hij in januari 1611 een vergeefse tocht maakte. Begin 1616 verwachtte men hem er<lb/> weer, maar hij vertrok 4 febr. 1616 niet derwaarts maar naar Malakka, waar hij zijn vloot met<lb/> die van de Portugezen uit Goa wilde verenigen. Hij overleed te Malakka 19 april 1616, naar<lb/> de Nederlanders meenden vergiftigd.<lb/></note><note xml:id="INT_f770652a-cece-382e-b688-76766d1a47f7.TEI.1.text.1.body.1.div.1.note.8" xml:lang="nl" rend="font-size: 7.5; text-align: justify; line-height: 9.3pt; text-indent: 21.0pt" xmlns="http://www.tei-c.org/ns/1.0">7) Joost Pietersz. vertoefde ongeveer 23 jaar in Spaanse dienst in Amerika en kwam via<lb/> de Philippijnen naar Japan, vanwaar hij met een Engels schip 2 jan. 1614 te Bantam kwam.<lb/> Heren XVII besloten hem een verering te geven. Hij zou met de vloot van Both repatriëren ;<lb/> misschien is hij bij de scheepsramp van die vloot op Mauritius omgekomen.<lb/></note><note xml:id="INT_f770652a-cece-382e-b688-76766d1a47f7.TEI.1.text.1.body.1.div.1.note.9" xml:lang="nl" rend="font-size: 7.5; text-align: justify; line-height: 9.3pt; margin-left: 2100" xmlns="http://www.tei-c.org/ns/1.0">8) D. w. z. van het vorige jaar, 1613.<lb/></note><pb xml:id="INT_f770652a-cece-382e-b688-76766d1a47f7.TEI.1.text.1.body.1.div.1.pb.2" n="30" facs="http://resources.huygens.knaw.nl/retroapp/service_generalemissiven/gm_01/images/gm_1_104_0030.tif"/><fw xml:id="INT_f770652a-cece-382e-b688-76766d1a47f7.TEI.1.text.1.body.1.div.1.fw.3" place="top" type="page-number" facs="#zone.694505" xmlns="http://www.tei-c.org/ns/1.0">30</fw><fw xml:id="INT_f770652a-cece-382e-b688-76766d1a47f7.TEI.1.text.1.body.1.div.1.fw.4" place="top" type="head" facs="#zone.694509" xmlns="http://www.tei-c.org/ns/1.0">Both XIXt 10 november 1614</fw><p xml:id="INT_f770652a-cece-382e-b688-76766d1a47f7.TEI.1.text.1.body.1.div.1.p.5" xml:lang="nl" rend="font-size: 10; text-align: justify; line-height: 11.7pt" xmlns="http://www.tei-c.org/ns/1.0">daer hadde sien dragen steen om haer te fortificeren. Den voorsz. Joost heeft ons<lb/> mede verclaert, dat de schepen van den vijandt wel versien waren van geschut,<lb/> den admirael ophebbende 42 metale stucken ende de andere naer advenant, over<lb/> de duysent soldaten, Castilianen, de reste waren Papangos *) ende geprest van<lb/> verscheyden plaetsen, maer geheel on versien van varendt volck, alsoo, gelijckhij<lb/></p><p xml:id="INT_f770652a-cece-382e-b688-76766d1a47f7.TEI.1.text.1.body.1.div.1.p.6" xml:lang="nl" rend="font-size: 10; text-align: justify; line-height: 11.7pt" xmlns="http://www.tei-c.org/ns/1.0">seyde, niet mogelijck was tsee te gaen -<lb/></p><note xml:id="INT_f770652a-cece-382e-b688-76766d1a47f7.TEI.1.text.1.body.1.div.1.note.10" xml:lang="nl" place="inline" type="editorial-summary" resp="editor" rend="font-style: italic; line-height: 11.7pt; text-indent: 21.0pt; text-align: justify; font-size: 10" xmlns="http://www.tei-c.org/ns/1.0">(De vólgende folio's <hi rend="font-size:10; font-family:Liberation Serif" xml:lang="nl">,</hi> waaraan ontleend is een 'passage over van Surck, afgedrukt<lb/> <hi rend="font-size:10; font-family:Liberation Serif" xml:lang="nl">Opkomst</hi> IV, p. 16, geven niets, dat niet van elders, o. a. C oen’ s brief van<lb/> dezelfde datum, af gedrukt <hi rend="font-size:10; font-family:Liberation Serif" xml:lang="nl">Coen</hi> I, p. 52, bekend is).<lb/></note><p xml:id="INT_f770652a-cece-382e-b688-76766d1a47f7.TEI.1.text.1.body.1.div.1.p.7" resp="int_paragraph_joining" rend="">
              - Opten llen ditto <hi rend="font-size:10; font-family:Liberation Serif; vertical-align:super" xml:lang="nl" xmlns="http://www.tei-c.org/ns/1.0">1 2)</hi> hebben wij den Groenen Leeuw, naerdat hij<lb xmlns="http://www.tei-c.org/ns/1.0"/>geheel van de kiell aff verdubbelt ende van alles versien is geweest, met coopluyden<lb xmlns="http://www.tei-c.org/ns/1.0"/> ende anders gesonden naer Johor omme te recouvreren de thien duysent<lb xmlns="http://www.tei-c.org/ns/1.0"/> realen van 8en, die Theunemans <hi rend="font-size:10; font-family:Liberation Serif; vertical-align:super" xml:lang="nl" xmlns="http://www.tei-c.org/ns/1.0">3)</hi> met den sijnen aldaer seer onverstandelijck<lb xmlns="http://www.tei-c.org/ns/1.0"/> hadden begraven — ende om bij den Coninck goet acces te hebben, hebben wij<lb xmlns="http://www.tei-c.org/ns/1.0"/> hem gesonden een cleyn gotelingh <hi rend="font-size:10; font-family:Liberation Serif; vertical-align:super" xml:lang="nl" xmlns="http://www.tei-c.org/ns/1.0">4)</hi> met zijn toebehoren ende andere cleynicheden<lb xmlns="http://www.tei-c.org/ns/1.0"/> tot een present ende de novo aldaer een loge te fabriceren. Tot dese legatie<lb xmlns="http://www.tei-c.org/ns/1.0"/> is gecommitteert Adriaen van der Dussen, ten respecte hij ervaren is in de Maleyse<lb xmlns="http://www.tei-c.org/ns/1.0"/> tale, met instructie om met den Coninck ende den sijnen te spreecken. Welcke<lb xmlns="http://www.tei-c.org/ns/1.0"/> schip optegi 30en october alhier weder bij ons gekeert is, met hem brengende<lb xmlns="http://www.tei-c.org/ns/1.0"/> brieven van Zijne Coninckl. Ma* aen Sijn Princel. Extle ende aen ons, waervan<lb xmlns="http://www.tei-c.org/ns/1.0"/> wij U Ed. copie hierneffens senden, als mede copie van ’t rapport van ditto<lb xmlns="http://www.tei-c.org/ns/1.0"/> Van der Dussen <hi rend="font-size:10; font-family:Liberation Serif; vertical-align:super" xml:lang="nl" xmlns="http://www.tei-c.org/ns/1.0">5).</hi><lb xmlns="http://www.tei-c.org/ns/1.0"/>
            </p><p xml:id="INT_f770652a-cece-382e-b688-76766d1a47f7.TEI.1.text.1.body.1.div.1.p.8" resp="int_paragraph_joining" rend="">
              Opten 12en ditto is van ons voor Bantam vertrocken den Leeuw met Pijlen,<lb xmlns="http://www.tei-c.org/ns/1.0"/> metten heer visitateur generaell, Hans de Hase <hi rend="font-size:10; font-family:Liberation Serif; vertical-align:super" xml:lang="nl" xmlns="http://www.tei-c.org/ns/1.0">6),</hi> naer Atchyn ende voorts na<lb xmlns="http://www.tei-c.org/ns/1.0"/> de Custe van Coromandell omme aldaer te visiteren alle de comptoiren, alwaer ick<lb xmlns="http://www.tei-c.org/ns/1.0"/> mene, hij gelijck op andere plaetsen genoech te doen sal vinden. Het is seer<lb xmlns="http://www.tei-c.org/ns/1.0"/> beclaechelijck, dat den onsen op verscheyden plaetsen haer naer behoiren niet en<lb xmlns="http://www.tei-c.org/ns/1.0"/>quiteren -<lb xmlns="http://www.tei-c.org/ns/1.0"/>
            </p><note xml:id="INT_f770652a-cece-382e-b688-76766d1a47f7.TEI.1.text.1.body.1.div.1.note.11" xml:lang="nl" place="inline" type="editorial-summary" resp="editor" rend="font-size: 10; text-align: justify; line-height: 11.1pt; text-indent: 21.0pt" xmlns="http://www.tei-c.org/ns/1.0"><hi rend="font-size:10; font-family:Liberation Serif; font-style:italic" xml:lang="nl">(Enkele weinig belangrijke mededelingen weggelaten)</hi> .<lb/></note><p xml:id="INT_f770652a-cece-382e-b688-76766d1a47f7.TEI.1.text.1.body.1.div.1.p.9" resp="int_paragraph_joining" rend="">
              - Opten 16en ditto is wel bij ons tot Bantam gearriveert ’t jacht den<lb xmlns="http://www.tei-c.org/ns/1.0"/>Neptunes, waerop den oppercoopman twee maenden naer ’t vertreck van ’t vader-<lb xmlns="http://www.tei-c.org/ns/1.0"/><note xml:id="INT_f770652a-cece-382e-b688-76766d1a47f7.TEI.1.text.1.body.1.div.1.p.9.note.1" xml:lang="nl" rend="font-size: 7.5; line-height: 9.6pt; text-indent: 22.0pt" xmlns="http://www.tei-c.org/ns/1.0">1) Pampangers, bewoners van de noordelijk van de baai van Manilla gelegen provincie<lb/> Pa(m)panga; ze gingen al vroeg tot het Christendom over.<lb/></note><note xml:id="INT_f770652a-cece-382e-b688-76766d1a47f7.TEI.1.text.1.body.1.div.1.p.9.note.2" xml:lang="nl" rend="font-size: 7.5; text-align: justify; line-height: 9.6pt; margin-left: 2200" xmlns="http://www.tei-c.org/ns/1.0">2) Sc. augustus.<lb/></note><note xml:id="INT_f770652a-cece-382e-b688-76766d1a47f7.TEI.1.text.1.body.1.div.1.p.9.note.3" xml:lang="nl" rend="font-size: 7.5; text-align: justify; line-height: 9.6pt; text-indent: 22.0pt" xmlns="http://www.tei-c.org/ns/1.0">3) Abraham Theunemans, raad van Indië, viel in 1613, te Djohore vertoevende, in<lb/> handen der Atjehers, die die stad overvielen. Vrij gelaten, werden hij en zijn lotgenoten in de<lb/> buurt van Malakka door de Portugezen gevangen genomen.<lb/></note><note xml:id="INT_f770652a-cece-382e-b688-76766d1a47f7.TEI.1.text.1.body.1.div.1.p.9.note.4" xml:lang="nl" rend="font-size: 7.5; text-align: justify; line-height: 9.6pt; margin-left: 2200" xmlns="http://www.tei-c.org/ns/1.0">4) Goteling, gegoten ijzeren kanon, licht scheepsgeschut.<lb/></note><note xml:id="INT_f770652a-cece-382e-b688-76766d1a47f7.TEI.1.text.1.body.1.div.1.p.9.note.5" xml:lang="nl" rend="font-size: 7.5; line-height: 9.6pt; text-indent: 22.0pt" xmlns="http://www.tei-c.org/ns/1.0">5) Dat verslag is afgedrukt <hi rend="font-size:7.5; font-family:Liberation Serif; font-style:italic" xml:lang="nl">Bouwstoffen</hi> I, p. 70 vlg. Vgl. voor den persoon van Van der<lb/> Dussen <hi rend="font-size:7.5; font-family:Liberation Serif; font-style:italic" xml:lang="nl">Buysero</hi> , p. 192 vlg.<lb/></note><note xml:id="INT_f770652a-cece-382e-b688-76766d1a47f7.TEI.1.text.1.body.1.div.1.p.9.note.6" xml:lang="nl" rend="font-size: 7.5; text-align: justify; line-height: 9.6pt; text-indent: 22.0pt" xmlns="http://www.tei-c.org/ns/1.0">6) Hans de Haze, in 1611 als opperkoopman uitgekomen, werd kort na aankomst raad<lb/> van Indië en juli 1612 directeur van de handel in de Molukken. Augustus 1613 vertrok hij als<lb/> visitateur-generaal naar de westelijke Compagniesgebieden. Eind 1615 werd hij directeur ter<lb/> Kust van Coromandel. Hij repatrieerde juli 1619 en werd april 1628 bewindhebber van de<lb/> O. I. C. in de Kamer Zeeland. Zie voor hem <hi rend="font-size:7.5; font-family:Liberation Serif; font-style:italic" xml:lang="nl">Buysero,</hi> p. 197 vlg.<lb/></note><pb xml:id="INT_f770652a-cece-382e-b688-76766d1a47f7.TEI.1.text.1.body.1.div.1.p.9.pb.1" n="31" facs="http://resources.huygens.knaw.nl/retroapp/service_generalemissiven/gm_01/images/gm_1_104_0031.tif"/><fw xml:id="INT_f770652a-cece-382e-b688-76766d1a47f7.TEI.1.text.1.body.1.div.1.p.9.fw.1" place="top" type="head" facs="#zone.723445" xmlns="http://www.tei-c.org/ns/1.0">Both XIX, 10 november 1614</fw><fw xml:id="INT_f770652a-cece-382e-b688-76766d1a47f7.TEI.1.text.1.body.1.div.1.p.9.fw.2" place="top" type="page-number" facs="#zone.723453" xmlns="http://www.tei-c.org/ns/1.0">31</fw>lant gesturven is, den schipper omtrent Madagascar, meest alle de soldaten, te<lb xmlns="http://www.tei-c.org/ns/1.0"/> weten 20, op de voyage ende den sergant hier, alsoo dat van de 27 maer zes in<lb xmlns="http://www.tei-c.org/ns/1.0"/> ’t leven gebleven sijn; noch 26 man van ’t varende volck ende tot meerder ongeluck<lb xmlns="http://www.tei-c.org/ns/1.0"/> van ditto schip, gearriveert zijnde in de baey van Samanca <hi rend="font-size:10; font-family:Liberation Serif; vertical-align:super" xml:lang="nl" xmlns="http://www.tei-c.org/ns/1.0">1)</hi> omtrent<lb xmlns="http://www.tei-c.org/ns/1.0"/> 30 mijlen van hier, de boot naer Bantam sendende, sijn tusschen wegen aen landt<lb xmlns="http://www.tei-c.org/ns/1.0"/> gegaen om verversinge een assistent, een bootsman ende een soldaet, een pat omtrent<lb xmlns="http://www.tei-c.org/ns/1.0"/> de strandt van den onsen aff gaende, en sijn noyt wedergesien noch gehoort;<lb xmlns="http://www.tei-c.org/ns/1.0"/> dan op ten 29en october sijn twee van de voorsz. drie, te weten den bootsman en de<lb xmlns="http://www.tei-c.org/ns/1.0"/> soldaet met een prauw hier weder bij ons gecomen ende van den derden niet en<lb xmlns="http://www.tei-c.org/ns/1.0"/> weten te seggen. Dit voorsz. jacht is van den Eolus gescheyden omtrent de Caep,<lb xmlns="http://www.tei-c.org/ns/1.0"/> in welcken Eolus alsdoen veel crancken waren.<lb xmlns="http://www.tei-c.org/ns/1.0"/>
            </p><p xml:id="INT_f770652a-cece-382e-b688-76766d1a47f7.TEI.1.text.1.body.1.div.1.p.10" resp="int_paragraph_joining" rend="">
              Op dese twee jachten is van begintsel aff grote disordre geweest met droncken<lb xmlns="http://www.tei-c.org/ns/1.0"/> drincken ende groten twist, malcanderen bejegent met alle onbeleeftheyt ende<lb xmlns="http://www.tei-c.org/ns/1.0"/> obstinaetheyt. De principalen van den Neptunes <hi rend="font-size:10; font-family:Liberation Serif; vertical-align:super" xml:lang="nl" xmlns="http://www.tei-c.org/ns/1.0">2)</hi> hebben gehandelt ende gesammelt<lb xmlns="http://www.tei-c.org/ns/1.0"/> met de matrosen ende soldaten. Den oppertimmerman, hoochbootsman ende<lb xmlns="http://www.tei-c.org/ns/1.0"/> bottelier hadden met haer gebracht brandewijn, die versoetelt onder ’t gemene<lb xmlns="http://www.tei-c.org/ns/1.0"/> volck en de soldaten om comptant ende, naerdat zij alle ’t geit in haer handen<lb xmlns="http://www.tei-c.org/ns/1.0"/> hadden, vercochten zij om clederen, niets uytgesondert, die sij weder vercochten<lb xmlns="http://www.tei-c.org/ns/1.0"/> op den Heer <hi rend="font-size:10; font-family:Liberation Serif; vertical-align:super" xml:lang="nl" xmlns="http://www.tei-c.org/ns/1.0">3)</hi> aen de soldaten ende de matrosen, tot groot verderf f van de arme<lb xmlns="http://www.tei-c.org/ns/1.0"/> matrosen ende soldaten. Die het hadden behoren te verbieden, hebben tselffs<lb xmlns="http://www.tei-c.org/ns/1.0"/> mede gedaen. Den coopman Jan Ewoutsz. <hi rend="font-size:10; font-family:Liberation Serif; vertical-align:super" xml:lang="nl" xmlns="http://www.tei-c.org/ns/1.0">4)</hi> repliceert, dat de heeren meesters<lb xmlns="http://www.tei-c.org/ns/1.0"/> van Rotterdam hem gepermitteert hebben kaesen tot 42 in ’t getall, drie lange<lb xmlns="http://www.tei-c.org/ns/1.0"/> roers, een harnas mede te nemen, maer niettegenstaende sijn seggen, dat wij nochtans<lb xmlns="http://www.tei-c.org/ns/1.0"/> niet en geloven, gecondemneert alles verbeurt, alsmede alle d’ andere ende<lb xmlns="http://www.tei-c.org/ns/1.0"/>daerenboven in een amende -<lb xmlns="http://www.tei-c.org/ns/1.0"/>
            </p><note xml:id="INT_f770652a-cece-382e-b688-76766d1a47f7.TEI.1.text.1.body.1.div.1.note.12" xml:lang="nl" place="inline" type="editorial-summary" resp="editor" rend="font-style: italic; line-height: 11.7pt; text-indent: 22.0pt; text-align: justify; font-size: 10" xmlns="http://www.tei-c.org/ns/1.0">(Uitgelaten een mededeling omtrent gebeurtenissen op Solor <hi rend="font-size:10; font-family:Liberation Serif" xml:lang="nl">,</hi> nagenoeg overeenkomende<lb/> met de inhoud van een brief van van Raemburch <hi rend="font-size:10; font-family:Liberation Serif" xml:lang="nl">,</hi> afgedrukt <hi rend="font-size:10; font-family:Liberation Serif" xml:lang="nl">Bouwstoffen</hi> I,<lb/> V ■ 97).<lb/></note><p xml:id="INT_f770652a-cece-382e-b688-76766d1a47f7.TEI.1.text.1.body.1.div.1.p.11" resp="int_paragraph_joining" rend="">
              Wij hebben den gouverneur <hi rend="font-size:10; font-family:Liberation Serif; vertical-align:super" xml:lang="nl" xmlns="http://www.tei-c.org/ns/1.0">5)</hi> belast aldaar <hi rend="font-size:10; font-family:Liberation Serif; vertical-align:super" xml:lang="nl" xmlns="http://www.tei-c.org/ns/1.0">6)</hi> niemant te permitteren te handelen,<lb xmlns="http://www.tei-c.org/ns/1.0"/> geen Indianen noch Chinesen, van wat plaets sij oock souden mogen comen,<lb xmlns="http://www.tei-c.org/ns/1.0"/> dat men sal trachten in alle manieren den geschoren hoop <hi rend="font-size:10; font-family:Liberation Serif; vertical-align:super" xml:lang="nl" xmlns="http://www.tei-c.org/ns/1.0">7),</hi> daer door capn<lb xmlns="http://www.tei-c.org/ns/1.0"/> Schotte <hi rend="font-size:10; font-family:Liberation Serif; vertical-align:super" xml:lang="nl" xmlns="http://www.tei-c.org/ns/1.0">8)</hi> gelaten, met haer consoorten te vernielen, sonder yemant toe te laten<lb xmlns="http://www.tei-c.org/ns/1.0"/><note xml:id="INT_f770652a-cece-382e-b688-76766d1a47f7.TEI.1.text.1.body.1.div.1.p.11.note.1" xml:lang="nl" rend="font-size: 7.5; text-align: justify; line-height: 9.3pt; margin-left: 2200" xmlns="http://www.tei-c.org/ns/1.0">1) De westelijkste der beide baaien aan de zuidkust van Sumatra. Vgl. <hi rend="font-size:7.5; font-family:Liberation Serif; font-style:italic" xml:lang="nl">Goen</hi> I, p. 51, 52.<lb/></note><note xml:id="INT_f770652a-cece-382e-b688-76766d1a47f7.TEI.1.text.1.body.1.div.1.p.11.note.2" xml:lang="nl" rend="font-size: 7.5; text-align: justify; line-height: 9.3pt; margin-left: 2200" xmlns="http://www.tei-c.org/ns/1.0">2) Schipper was Barent Pot.<lb/></note><note xml:id="INT_f770652a-cece-382e-b688-76766d1a47f7.TEI.1.text.1.body.1.div.1.p.11.note.3" xml:lang="nl" rend="font-size: 7.5; text-align: justify; line-height: 9.3pt; margin-left: 2200" xmlns="http://www.tei-c.org/ns/1.0">3) Op crediet; op onderpand van de van den Heer, den werkgever, te ontvangen soldij.<lb/></note><note xml:id="INT_f770652a-cece-382e-b688-76766d1a47f7.TEI.1.text.1.body.1.div.1.p.11.note.4" xml:lang="nl" rend="font-size: 7.5; line-height: 9.3pt; text-indent: 22.0pt" xmlns="http://www.tei-c.org/ns/1.0">4) Jan Ewoutsz. koopman, op de Neptunus uitgekomen, diende later op de Sterre en<lb/> sinds sept. 1615 te Arakan.<lb/></note><note xml:id="INT_f770652a-cece-382e-b688-76766d1a47f7.TEI.1.text.1.body.1.div.1.p.11.note.5" xml:lang="nl" rend="font-size: 7.5; text-align: justify; line-height: 9.3pt; text-indent: 22.0pt" xmlns="http://www.tei-c.org/ns/1.0">5) Willem Jansz. (van Amsterdam), de man, die (des onbewust) eind 1605 of begin 1606<lb/> als schipper van het Duyfken Australië ontdekte. Hij werd na het sneuvelen van Adriaen van<lb/> der Velde in 1614 gouverneur van het fort Henricus op Solor, dat hij 18 dec. 1615 op last van<lb/> Reynst moest abandonneren ; 23 maart 1619 werd hij door Coen tot raad van Indië benoemd;<lb/> 1620 was hij vice-admiraal, later admiraal van de Nederlands-Engelse vloot van defensie in<lb/> Oost- Azië. Van oct. 1623 tot febr. 1627 was hij gouverneur van Banda. In 1628 repatrieerde hij<lb/> voorgoed. Vgl. <hi rend="font-size:7.5; font-family:Liberation Serif; font-style:italic" xml:lang="nl">Buysero,</hi> p. 217, noot 1.<lb/></note><note xml:id="INT_f770652a-cece-382e-b688-76766d1a47f7.TEI.1.text.1.body.1.div.1.p.11.note.6" xml:lang="nl" rend="font-size: 7.5; text-align: justify; line-height: 9.3pt; margin-left: 2200" xmlns="http://www.tei-c.org/ns/1.0">6) NI. op Solor.<lb/></note><note xml:id="INT_f770652a-cece-382e-b688-76766d1a47f7.TEI.1.text.1.body.1.div.1.p.11.note.7" xml:lang="nl" rend="font-size: 7.5; text-align: justify; line-height: 9.3pt; margin-left: 2200" xmlns="http://www.tei-c.org/ns/1.0">7) De rooms-katholieke geestelijken.<lb/></note><note xml:id="INT_f770652a-cece-382e-b688-76766d1a47f7.TEI.1.text.1.body.1.div.1.p.11.note.8" xml:lang="nl" rend="font-size: 7.5; line-height: 9.3pt; text-indent: 22.0pt" xmlns="http://www.tei-c.org/ns/1.0">8) Apollonius Schotte kwam in 1608 als kapitein naar Indië en werd bevelhebber der<lb/> drie forten op het eiland Makéan en van dat op Moti; 9 nov. 1612 werd hij raad van Indië;<lb/></note><pb xml:id="INT_f770652a-cece-382e-b688-76766d1a47f7.TEI.1.text.1.body.1.div.1.p.11.pb.1" n="32" facs="http://resources.huygens.knaw.nl/retroapp/service_generalemissiven/gm_01/images/gm_1_104_0032.tif"/><fw xml:id="INT_f770652a-cece-382e-b688-76766d1a47f7.TEI.1.text.1.body.1.div.1.p.11.fw.1" place="top" type="page-number" facs="#zone.753712" xmlns="http://www.tei-c.org/ns/1.0">32</fw><fw xml:id="INT_f770652a-cece-382e-b688-76766d1a47f7.TEI.1.text.1.body.1.div.1.p.11.fw.2" place="top" type="head" facs="#zone.753716" xmlns="http://www.tei-c.org/ns/1.0">Both XIX, 10 november 1614</fw>van Portugese gesinden daer te blijven. Verhope, dat mijn Heeren van dese<lb xmlns="http://www.tei-c.org/ns/1.0"/> plaetse, wanneer die eens in goede ordre gestelt zal zijn, grote vruchten sal genieten.<lb xmlns="http://www.tei-c.org/ns/1.0"/><lb xmlns="http://www.tei-c.org/ns/1.0"/>
            </p><note xml:id="INT_f770652a-cece-382e-b688-76766d1a47f7.TEI.1.text.1.body.1.div.1.note.13" xml:lang="nl" place="inline" type="editorial-summary" resp="editor" rend="font-style: italic; line-height: 12.0pt; text-indent: 22.0pt; text-align: justify; font-size: 9.5" xmlns="http://www.tei-c.org/ns/1.0">(Hierna vólgt wat in <hi rend="font-size:10; font-family:Liberation Serif" xml:lang="nl">Opkomst</hi> IV p. 17 „Opten 5den deser <hi rend="font-size:10; font-family:Liberation Serif" xml:lang="nl">”</hi> is af gedrukt over<lb/> de aankomst van Reynst. Slot van de brief).<lb/></note><p xml:id="INT_f770652a-cece-382e-b688-76766d1a47f7.TEI.1.text.1.body.1.div.1.p.12" xml:lang="nl" rend="font-size: 8; text-align: justify; line-height: 9.6pt" xmlns="http://www.tei-c.org/ns/1.0">5 jan. 1613 sloot hij een contract met den vorst van Buton <hi rend="font-size:8; font-family:Liberation Serif; font-style:italic" xml:lang="nl">( Corpus</hi> I, p. 115J, 20 april d. a. v.<lb/> veroverde hij het fort Henricus op Solor op de Portugezen. 25 nov. 1613 verdronk hij bij het<lb/> baden in de rivier van Jakatra. Vgl. <hi rend="font-size:8; font-family:Liberation Serif; font-style:italic" xml:lang="nl">Coen</hi> VII, p, 873.<lb/></p>
            
      </div>
                  </body>
                </text>
              </TEI>