<TEI xml:id="INT_2bba0f00-e9d9-3eb0-a670-22b5d1861ee8" xmlns="http://www.tei-c.org/ns/1.0">
                <teiHeader>
      <fileDesc>
        <titleStmt>
          <title>Van Diemen, Philips Lucasz., Reniers, Welsing en Van der Lijn, 30 dec. 1638</title>
        </titleStmt>
        <publicationStmt>
          <p>
            <date>30 dec. 1638</date>
            <idno type="sourceID">missiven:vol1</idno>
            <idno type="pid">INT_2bba0f00-e9d9-3eb0-a670-22b5d1861ee8</idno>
          </p>
        </publicationStmt>
        <notesStmt>
          <note/>
        </notesStmt>
        <sourceDesc>
          <listBibl xml:id="inlMetadata">
            <bibl type="missive">
        <interpGrp type="page"><interp>734</interp></interpGrp>
        
      <interpGrp type="titleLevel1"><interp>Van Diemen, Philips Lucasz., Reniers, Welsing en Van der Lijn, 30 dec. 1638</interp></interpGrp>
      <interpGrp type="dateLevel1"><interp>30 dec. 1638</interp></interpGrp>
        <interpGrp type="tocLevel"><interp>1</interp></interpGrp>
      <interpGrp type="volume"><interp>1</interp></interpGrp>
        <interpGrp type="n"><interp>VI</interp></interpGrp>
      
      <interpGrp type="witnessYearLevel1_from"><interp>1638</interp></interpGrp>
      <interpGrp type="witnessYearLevel1_to"><interp>1638</interp></interpGrp>
      <interpGrp type="witnessMonthLevel1_to"><interp>12</interp></interpGrp>
      <interpGrp type="witnessMonthLevel1_from"><interp>12</interp></interpGrp>
      <interpGrp type="witnessDayLevel1_to"><interp>30</interp></interpGrp>
      <interpGrp type="witnessDayLevel1_from"><interp>30</interp></interpGrp>
      <interpGrp type="authorLevel1"><interp>Van Diemen</interp><interp>Philips Lucasz.</interp><interp>Reniers</interp><interp>Welsing</interp><interp>Van der Lijn</interp></interpGrp>
      <interpGrp type="pid"><interp>INT_2bba0f00-e9d9-3eb0-a670-22b5d1861ee8</interp></interpGrp>
    </bibl>
          </listBibl>
        </sourceDesc>
      </fileDesc>
    </teiHeader>
                <text xml:id="INT_2bba0f00-e9d9-3eb0-a670-22b5d1861ee8.TEI.1.text.1">
                  <body xml:id="INT_2bba0f00-e9d9-3eb0-a670-22b5d1861ee8.TEI.1.text.1.body.1">
                    <div xml:id="INT_2bba0f00-e9d9-3eb0-a670-22b5d1861ee8.TEI.1.text.1.body.1.div.1">
        
              <pb xml:id="INT_2bba0f00-e9d9-3eb0-a670-22b5d1861ee8.TEI.1.text.1.body.1.div.1.pb.1" n="734" facs="http://resources.huygens.knaw.nl/retroapp/service_generalemissiven/gm_01/images/gm_1_104_0734.tif"/><fw xml:id="INT_2bba0f00-e9d9-3eb0-a670-22b5d1861ee8.TEI.1.text.1.body.1.div.1.fw.1" place="top" type="page-number" facs="#zone.5496136" xmlns="http://www.tei-c.org/ns/1.0">734</fw><fw xml:id="INT_2bba0f00-e9d9-3eb0-a670-22b5d1861ee8.TEI.1.text.1.body.1.div.1.fw.2" place="top" type="head" facs="#zone.5496140" xmlns="http://www.tei-c.org/ns/1.0">Van Diemen, Lucasz., Reuiers. Welgingen Van der Lijn VI. 30 december 1638</fw><head xml:id="INT_2bba0f00-e9d9-3eb0-a670-22b5d1861ee8.TEI.1.text.1.body.1.div.1.head.1" xml:lang="nl" rend="font-size: 10; text-align: justify; line-height: 11.7pt" xmlns="http://www.tei-c.org/ns/1.0">VI. AXT0XI0 VAX DIEMEN. PHILIP.' .-IEL REXIERS (EX<lb/></head><p xml:id="INT_2bba0f00-e9d9-3eb0-a670-22b5d1861ee8.TEI.1.text.1.body.1.div.1.p.1" xml:lang="nl" rend="font-size: 10; text-align: justify; line-height: 11.7pt" xmlns="http://www.tei-c.org/ns/1.0">DE GEASSUMEERDE RADEN) ABRAHAM WELSING EN CORNELIS<lb/> VAN DER LIJN, BATAVLA. 30 december 1638.<lb/></p><p xml:id="INT_2bba0f00-e9d9-3eb0-a670-22b5d1861ee8.TEI.1.text.1.body.1.div.1.p.2" xml:lang="nl" rend="font-size: 7.5; text-align: justify; line-height: 8.3pt" xmlns="http://www.tei-c.org/ns/1.0">1036, fol. 203-221.<lb/></p><note xml:id="INT_2bba0f00-e9d9-3eb0-a670-22b5d1861ee8.TEI.1.text.1.body.1.div.1.note.1" xml:lang="nl" place="inline" type="editorial-summary" resp="editor" rend="font-size: 10; font-style: italic; line-height: 11.1pt; text-indent: 21.0pt" xmlns="http://www.tei-c.org/ns/1.0">(Zending van de Amboina en de Maestricht naar patria).<lb/></note><p xml:id="INT_2bba0f00-e9d9-3eb0-a670-22b5d1861ee8.TEI.1.text.1.body.1.div.1.p.3" xml:lang="nl" rend="font-size: 10; line-height: 11.7pt; text-indent: 21.0pt" xmlns="http://www.tei-c.org/ns/1.0">’t Retour, in geseyde schepen ende dat van Amboina met Maestricht<lb/> overgaende, monteert, als bij de respective factuyren is blijckende, incoops met<lb/> alle ongelden ter somme van fl. 2 410 856. 7. 8, te weten<lb/> Per Zutphen fl. 637 483. 18. 9<lb/></p><p xml:id="INT_2bba0f00-e9d9-3eb0-a670-22b5d1861ee8.TEI.1.text.1.body.1.div.1.p.4" xml:lang="nl" rend="font-size: 10; text-align: justify; line-height: 11.7pt; text-indent: 21.0pt" xmlns="http://www.tei-c.org/ns/1.0">D.° Fredrick Henrick „ 655 126. 13. 4<lb/></p><p xml:id="INT_2bba0f00-e9d9-3eb0-a670-22b5d1861ee8.TEI.1.text.1.body.1.div.1.p.5" xml:lang="nl" rend="font-size: 10; text-align: justify; line-height: 11.7pt; text-indent: 21.0pt" xmlns="http://www.tei-c.org/ns/1.0">D.° Noortsterre „ 208 783. 1. 5<lb/></p><p xml:id="INT_2bba0f00-e9d9-3eb0-a670-22b5d1861ee8.TEI.1.text.1.body.1.div.1.p.6" xml:lang="nl" rend="font-size: 10; text-align: justify; line-height: 11.7pt; text-indent: 21.0pt" xmlns="http://www.tei-c.org/ns/1.0">Amboina „ 493 332. 2. 12<lb/></p><p xml:id="INT_2bba0f00-e9d9-3eb0-a670-22b5d1861ee8.TEI.1.text.1.body.1.div.1.p.7" xml:lang="nl" rend="font-size: 10; text-align: justify; line-height: 11.7pt; text-indent: 21.0pt" xmlns="http://www.tei-c.org/ns/1.0">Maestricht „ 416 130. 11. 10<lb/></p><note xml:id="INT_2bba0f00-e9d9-3eb0-a670-22b5d1861ee8.TEI.1.text.1.body.1.div.1.note.2" xml:lang="nl" place="inline" type="editorial-summary" resp="editor" rend="font-style: italic; line-height: 11.7pt; text-indent: 21.0pt; text-align: justify; font-size: 10" xmlns="http://www.tei-c.org/ns/1.0">(Schepen van Arakan gekomen <hi rend="font-size:10; font-family:Liberation Serif" xml:lang="nl">,</hi> vgl. <hi rend="font-size:10; font-family:Liberation Serif" xml:lang="nl">Zeemogendheid</hi> II, p. 200; zending van<lb/> de Bommel naar Tegal <hi rend="font-size:10; font-family:Liberation Serif" xml:lang="nl">,</hi> ibid. p. 340).<lb/></note><p xml:id="INT_2bba0f00-e9d9-3eb0-a670-22b5d1861ee8.TEI.1.text.1.body.1.div.1.p.8" resp="int_paragraph_joining" rend="">
              Den 24en deser compt hier ter rheede den president van ’t Engels comptoir<lb xmlns="http://www.tei-c.org/ns/1.0"/> in Maccassar John Hunter (sijnde den persoon, welcke desen jare voornam<lb xmlns="http://www.tei-c.org/ns/1.0"/> de possessie van ’t ej'landt Ron in Banda te nemen), gedestineert met t jacht<lb xmlns="http://www.tei-c.org/ns/1.0"/> den Egel <hi rend="font-size:10; font-family:Liberation Serif; vertical-align:super" xml:lang="nl" xmlns="http://www.tei-c.org/ns/1.0">x)</hi> nae Maccassar ende ’t fluytschip de Providens omme van hier weder<lb xmlns="http://www.tei-c.org/ns/1.0"/> nae Bantam te keeren, medebrengende een missive, van den president Geraid<lb xmlns="http://www.tei-c.org/ns/1.0"/> Pinson1 <hi rend="font-size:10; font-family:Liberation Serif; vertical-align:super" xml:lang="nl" xmlns="http://www.tei-c.org/ns/1.0">2)</hi> ende den raedt onderteeckent, daerbij haren noodt te kennen gevende,<lb xmlns="http://www.tei-c.org/ns/1.0"/> met versoeck van eenigh touwerck, 17 vaten boscruyt, medicamenten, 2000 <hi rend="font-size:10; font-family:Liberation Serif; font-style:italic" xml:lang="nl" xmlns="http://www.tei-c.org/ns/1.0">U</hi><lb xmlns="http://www.tei-c.org/ns/1.0"/>hart broot, 2 leggers Spaensche wijn etc.a tot provisie van haer jacht d’adviso,<lb xmlns="http://www.tei-c.org/ns/1.0"/> twelck voornemens waren naer Engeland te schicken omme hunne Meesters haren<lb xmlns="http://www.tei-c.org/ns/1.0"/> soberen staet ende gelegentheyt te verad verteren, verclarende gemelten Hunter,<lb xmlns="http://www.tei-c.org/ns/1.0"/> dat bijaldien hun niet accommodeerden, sijlieden onmachtigh waeren tselve jacht,<lb xmlns="http://www.tei-c.org/ns/1.0"/> sijnde van 60 off 70 lasten, uyfc Bantams rheede te senden. Ende niettegenstaende<lb xmlns="http://www.tei-c.org/ns/1.0"/> dese vrunden in regarde van de quade genegentheyt tot de Nederlantse Comp.e<lb xmlns="http://www.tei-c.org/ns/1.0"/> weynigh meriteren ende ons dagelijekx veele benoodighde schepen <hi rend="font-size:10; font-family:Liberation Serif; vertical-align:super" xml:lang="nl" xmlns="http://www.tei-c.org/ns/1.0">3)</hi> toecomen,<lb xmlns="http://www.tei-c.org/ns/1.0"/> soo is ’t nochtans, dat op goede consideratie, als ten aensien van de nu onlangs<lb xmlns="http://www.tei-c.org/ns/1.0"/> voorgevallen questien, visitatien van schepen etc.a met die van de Oude en de<lb xmlns="http://www.tei-c.org/ns/1.0"/> Nieuwe Engelse, twelck wellicht in Europa eenige onlusten sal hebben veroorsaeckt<lb xmlns="http://www.tei-c.org/ns/1.0"/> om de g’altereerde gemoederen weder wat te setten, wanneer onse promptitude<lb xmlns="http://www.tei-c.org/ns/1.0"/> ende assistentie in tijde van noodt aenmereken, goetge vonden in haer versoeck<lb xmlns="http://www.tei-c.org/ns/1.0"/> te condecenderen, nae vermogen bij te staen ende van de wal te helpen;<lb xmlns="http://www.tei-c.org/ns/1.0"/> sulx dat onder recepisse omme U Ed. in Nederlandt te restitueren aen deselve<lb xmlns="http://www.tei-c.org/ns/1.0"/> Engelse Comp.e verstreckt hebben, alle dat van ons waeren versoeckende, uytgesondert<lb xmlns="http://www.tei-c.org/ns/1.0"/> boscruyt, daeraff 17 vaten, ijder van 100 <hi rend="font-size:10; font-family:Liberation Serif; font-style:italic" xml:lang="nl" xmlns="http://www.tei-c.org/ns/1.0">'tt ,</hi> eyschten ende maer vijff<lb xmlns="http://www.tei-c.org/ns/1.0"/> becomen, welcke quantité oock bestaen can tot provideringh van gesej'de adviso,<lb xmlns="http://www.tei-c.org/ns/1.0"/><note xml:id="INT_2bba0f00-e9d9-3eb0-a670-22b5d1861ee8.TEI.1.text.1.body.1.div.1.p.8.note.1" xml:lang="nl" rend="font-size: 7.5; text-align: justify; line-height: 9.3pt; margin-left: 2200" xmlns="http://www.tei-c.org/ns/1.0">1) Versta: Eagle.<lb/></note><note xml:id="INT_2bba0f00-e9d9-3eb0-a670-22b5d1861ee8.TEI.1.text.1.body.1.div.1.p.8.note.2" xml:lang="nl" rend="font-size: 7.5; text-align: justify; line-height: 9.3pt; text-indent: 21.0pt" xmlns="http://www.tei-c.org/ns/1.0">2) Geraid Pinson was in dec. 1631 in dienst van de Engelse Compagnie te Bantam,<lb/> van daar vertrok hij mei 1635 als secunde naar de Kust van Coromandel, waar hij dec. agent<lb/> was, febr. 1638 vertrok hij weer naar Bantam, waar hij 1 juli aankwam, hij fungeerde er niet<lb/> als president (dat was Muschamps) en repatrieerde in jan. 1640. Hij stierf voor 13 maart 1643.<lb/></note><note xml:id="INT_2bba0f00-e9d9-3eb0-a670-22b5d1861ee8.TEI.1.text.1.body.1.div.1.p.8.note.3" xml:lang="nl" rend="font-size: 7.5; text-align: justify; line-height: 9.3pt; margin-left: 2100" xmlns="http://www.tei-c.org/ns/1.0">3) Bedoeid: schepen, die voorzien moeten worden.<lb/></note><pb xml:id="INT_2bba0f00-e9d9-3eb0-a670-22b5d1861ee8.TEI.1.text.1.body.1.div.1.p.8.pb.1" n="735" facs="http://resources.huygens.knaw.nl/retroapp/service_generalemissiven/gm_01/images/gm_1_104_0735.tif"/><fw xml:id="INT_2bba0f00-e9d9-3eb0-a670-22b5d1861ee8.TEI.1.text.1.body.1.div.1.p.8.fw.1" place="top" type="head" facs="#zone.5497994" xmlns="http://www.tei-c.org/ns/1.0">Van Diemen, Lucasz., Romers, Welsing en Van der Lijn VI, 30 december 1638</fw><fw xml:id="INT_2bba0f00-e9d9-3eb0-a670-22b5d1861ee8.TEI.1.text.1.body.1.div.1.p.8.fw.2" place="top" type="page-number" facs="#zone.5498021" xmlns="http://www.tei-c.org/ns/1.0">735</fw>nae Engelandt gedestineert, want hier te lande hebben geen vijanden ende is ... .<lb xmlns="http://www.tei-c.org/ns/1.0"/> volgens nevengaende originele bekentenisse ’t naervolgende aen de meergeroerde<lb xmlns="http://www.tei-c.org/ns/1.0"/> Engelse gelevert, namentlijck<lb xmlns="http://www.tei-c.org/ns/1.0"/>Medicamenten tot behoeft van de voyagie nae Engelandt, als per specificatie<lb xmlns="http://www.tei-c.org/ns/1.0"/> 2000 <hi rend="font-size:10; font-family:Liberation Serif; font-style:italic" xml:lang="nl" xmlns="http://www.tei-c.org/ns/1.0">U</hi> hert broot<lb xmlns="http://www.tei-c.org/ns/1.0"/>2 leggers Spaense wijn<lb xmlns="http://www.tei-c.org/ns/1.0"/> 5 vaten van ijder 100 <hi rend="font-size:10; font-family:Liberation Serif; font-style:italic" xml:lang="nl" xmlns="http://www.tei-c.org/ns/1.0">U</hi> buspoeder<lb xmlns="http://www.tei-c.org/ns/1.0"/>1 cabel van 5 duym<lb xmlns="http://www.tei-c.org/ns/1.0"/>2 ijsere trossen ende<lb xmlns="http://www.tei-c.org/ns/1.0"/> 4 wieltrossen.<lb xmlns="http://www.tei-c.org/ns/1.0"/>
            </p><p xml:id="INT_2bba0f00-e9d9-3eb0-a670-22b5d1861ee8.TEI.1.text.1.body.1.div.1.p.9" xml:lang="nl" rend="font-size: 10; text-align: justify; line-height: 11.7pt; text-indent: 22.0pt" xmlns="http://www.tei-c.org/ns/1.0">Over dese accommodatie thoonden de vrunden hun seer danckbaer ende<lb/> belooffden hare Meesters onse volvaerdigheyt aen te cundigen ende de prompte<lb/> restitutie te recommanderen, ’t Is seecker, dat hier geen middel noch contant<lb/> hebben omme ons te contenteren ende dierhalven seer gedient sijn, de restitutie in<lb/> Nederlandt aengenomen hebben te voorderen. Wij considereren wel, dat de vergoedingh<lb/> spade sal comen, echter sullen in haer gemoet overtuyght blijven, na<lb/> den regel der lieffde gaen. Wij senden U Ed. bij desen de Engelse originele missive<lb/> ende petitie, daerbij hare necessiteyt uytdrucken, waervan U Ed. hun connen<lb/> dienen, daer het behoort ende te passé sal comen, een claer bewijs, dat de Nederlantse<lb/> Comp.e hun verderff (contrarie ons dickmaelen te laste leggen) niet is<lb/> soeckende. Item gaet hier mede recepisse van een bocghspriet ende drie anckers,<lb/> a.° 1635 ten behoeve van ’t Engels jacht de Peerl aen M.r Randel Jesson1) gelevert,<lb/> tot welckers restitutie alhier mede geen middel sijn hebbende, daeromme<lb/> bij U Ed. in Europa gevoordert dient. Ons sal in antwoorde verlangen te verstaen,<lb/> hoe U Ed. dese accomodatien gevallen, ’t Is seecker, dat in dese quartieren seer<lb/> cael ende van alle gelegentheden ontbloot sijn. Haer schip de Discouvre, uyt<lb/> Engelandt rechtdoor nae Bantam gedestineert, soo voorgeven, hebben al eenige<lb/> maenden tegemoet gesien, daermede goet ontseth verwachten. Den oppercoopman<lb/> Uythoeck rapporteert, dat, als den 26en mey passato met Amboina aen Cabo de<lb/> Verde arriveerden, geseyde Discouvre den 20en d.° nae Coromandel verseylt was;<lb/> doch in october wierd aldaer niet vernomen, achte, nae Suratte sal geloopen sijn,<lb/> dat den tijt ons eerlangh ontdecken moet. Ondertusschen blijven tot Bantam nae<lb/> dit jachts vertreck met noch ruym 200 lasten peper belemmert, hebbende volck<lb/> noch bequame schepen om dit retour nae Engelandt te senden. Den 28en deser is<lb/> meergemelten Hunter met den Egel van hier voor d’ eerste besendingh nae Maccassar<lb/> verseylt. Hoe hun daer redden sullen, staet U Ed. ende ons t’sijner tijt te vernemen.<lb/> Sijn inhebbende cargasoen is niet bastant omme haere schulden aldaer<lb/> te betaelen ende apparent, door onse tijdige besendingh de proffitabelste merct<lb/> ende voorvente beloopen sullen hebben. De Providens is den 29en d.° nae Bantam<lb/> gekeert.<lb/></p><note xml:id="INT_2bba0f00-e9d9-3eb0-a670-22b5d1861ee8.TEI.1.text.1.body.1.div.1.note.3" xml:lang="nl" place="inline" type="editorial-summary" resp="editor" rend="font-style: italic; line-height: 11.1pt; text-indent: 22.0pt; text-align: justify; font-size: 10" xmlns="http://www.tei-c.org/ns/1.0">(Bezwaarlijke reis van de Aemelia naar Perzië).<lb/></note><p xml:id="INT_2bba0f00-e9d9-3eb0-a670-22b5d1861ee8.TEI.1.text.1.body.1.div.1.p.10" resp="int_paragraph_joining" rend="">
              Den 26en deser arriveert hier, den Almogenden sij gedanckt, over Tayouan<lb xmlns="http://www.tei-c.org/ns/1.0"/> uyt Japan ’t jacht Ackerslooth, geladen met rijs, tarwe, campher, ijser, 435<lb xmlns="http://www.tei-c.org/ns/1.0"/><note xml:id="INT_2bba0f00-e9d9-3eb0-a670-22b5d1861ee8.TEI.1.text.1.body.1.div.1.p.10.note.1" xml:lang="nl" rend="font-size: 7.5; text-align: justify; line-height: 9.6pt; text-indent: 22.0pt" xmlns="http://www.tei-c.org/ns/1.0">I) Van Randell Jesson, „master” van de Pearl is mij nog bekend, dat hij in 1620 van<lb/> Masulipatam over Mokka en Kairo naar Engeland terugreisdo en dat hij in 1621 als „mate”<lb/> voor Suratte was.<lb/></note><pb xml:id="INT_2bba0f00-e9d9-3eb0-a670-22b5d1861ee8.TEI.1.text.1.body.1.div.1.p.10.pb.1" n="736" facs="http://resources.huygens.knaw.nl/retroapp/service_generalemissiven/gm_01/images/gm_1_104_0736.tif"/><fw xml:id="INT_2bba0f00-e9d9-3eb0-a670-22b5d1861ee8.TEI.1.text.1.body.1.div.1.p.10.fw.1" place="top" type="page-number" facs="#zone.5500431" xmlns="http://www.tei-c.org/ns/1.0">736</fw><fw xml:id="INT_2bba0f00-e9d9-3eb0-a670-22b5d1861ee8.TEI.1.text.1.body.1.div.1.p.10.fw.2" place="top" type="head" facs="#zone.5500435" xmlns="http://www.tei-c.org/ns/1.0">Van Diemen, Lucasz., Reniers, Welsing en Van der Lijn VI, 30 december 1638</fw>blauwe steenen1) etc.a, monteerende fl. 18 898. 4. 2, hebbende in Tayouan gelost<lb xmlns="http://www.tei-c.org/ns/1.0"/> tweehondert kisten, ijder van 1000 tayl ordinarie schuytsilver, die comen te<lb xmlns="http://www.tei-c.org/ns/1.0"/>bedragen tot 57 stuyvers den tayl . fl. 570 000<lb xmlns="http://www.tei-c.org/ns/1.0"/>'Dit jacht is van Firando vertrocken den 25en november, sijnde bevoorens<lb xmlns="http://www.tei-c.org/ns/1.0"/> op 10en derselver maendt uyt Japan gelargeert.<lb xmlns="http://www.tei-c.org/ns/1.0"/>De schepen Swol ende Zeelandt, item de jachten Bredamme ende<lb xmlns="http://www.tei-c.org/ns/1.0"/> Zantvoort met de fluytschepen Graff ende Oostcappele, die, Gode<lb xmlns="http://www.tei-c.org/ns/1.0"/> sij loff, den 16 ende 17en d.° behouden ijder met 100 kisten geit,<lb xmlns="http://www.tei-c.org/ns/1.0"/> makende 600 000 taylen, tot Tayouan waren aengelandt, compt<lb xmlns="http://www.tei-c.org/ns/1.0"/> te wesen . ,, 1 710 000<lb xmlns="http://www.tei-c.org/ns/1.0"/>Sulx dat met seven schepen, fluyten ende jachten Tayouan een<lb xmlns="http://www.tei-c.org/ns/1.0"/>ontseth vooruyt van Japan reede toegecomen was . fl. 2 280 000,<lb xmlns="http://www.tei-c.org/ns/1.0"/>waermede den gouverneur Van der Burch sijn crediteuren voldaen ende de penningen,<lb xmlns="http://www.tei-c.org/ns/1.0"/> a deposito loopende, met den intrest, wesende ongeveer 700 000 gulden<lb xmlns="http://www.tei-c.org/ns/1.0"/>. , affgeleyt hadde ende een treffelijcken incoop uyt drie rijcke j oneken, de<lb xmlns="http://www.tei-c.org/ns/1.0"/>novo van China in Tayouan aengecomen, van niet min als 300 000 realen van<lb xmlns="http://www.tei-c.org/ns/1.0"/> achten gedaen. Soo waren den 25en november achtervolgende onse ordre uyt<lb xmlns="http://www.tei-c.org/ns/1.0"/> Tayouan na ’t beswaert comptoir Suratte door de Straete Malacca verseylt de<lb xmlns="http://www.tei-c.org/ns/1.0"/> jachten Bredamme ende Zantvoort, wiens ingeladen cargasoenen incoops monteren<lb xmlns="http://www.tei-c.org/ns/1.0"/> fl. 799 943. 12. 5.<lb xmlns="http://www.tei-c.org/ns/1.0"/>
            </p><note xml:id="INT_2bba0f00-e9d9-3eb0-a670-22b5d1861ee8.TEI.1.text.1.body.1.div.1.note.4" xml:lang="nl" place="inline" type="editorial-summary" resp="editor" rend="font-style: italic; line-height: 10.5pt; text-indent: 22.0pt; text-align: justify; font-size: 9.5" xmlns="http://www.tei-c.org/ns/1.0">(Specificatie daarvan).<lb/></note><p xml:id="INT_2bba0f00-e9d9-3eb0-a670-22b5d1861ee8.TEI.1.text.1.body.1.div.1.p.11" xml:lang="nl" rend="font-size: 10; text-align: justify; line-height: 11.7pt; text-indent: 22.0pt" xmlns="http://www.tei-c.org/ns/1.0">Den grooten Godt beware dese rijckgeladen jachten ende brenge haer<lb/> spoedigh ter gedestineerde haven in salvo, opdat daer van de sware intresten<lb/> ontlast mogen werden, ’t Sal ons omtrent 160 000 gulden ontschieten ende ten<lb/> achteren setten, de 200 000 taylen silver in gout niet sijn gewisselt, dat wel gewenscht<lb/> hadden. Den E. Van der Burch adviseert, sulx niet mogelijck ende den<lb/> tijt te cort is geweest, dat oock ’t goudt door den grooten opcoop, die de Portugesen<lb/> tot Macao ondernemen, in China schaers is; echter verhoopt ons noch met<lb/> goede partije tegen february ende meert te seconderen, dat voor Coromandel<lb/> wel te passé comen sal; sulx in desen patienteren moeten met te gedeneken, dat<lb/> in soo grooten ommeslagh alles nae project, gelijck wel gaerne sagen, niet uytvallen<lb/> wil ende verhopen in corte beter op ons voordeel te comen.<lb/></p><note xml:id="INT_2bba0f00-e9d9-3eb0-a670-22b5d1861ee8.TEI.1.text.1.body.1.div.1.note.5" xml:lang="nl" place="inline" type="editorial-summary" resp="editor" rend="font-style: italic; line-height: 10.5pt; text-indent: 22.0pt; text-align: justify; font-size: 9.5" xmlns="http://www.tei-c.org/ns/1.0">(9 regels uitgelaten).<lb/></note><p xml:id="INT_2bba0f00-e9d9-3eb0-a670-22b5d1861ee8.TEI.1.text.1.body.1.div.1.p.12" xml:lang="nl" rend="font-size: 10; text-align: justify; line-height: 11.7pt; text-indent: 22.0pt" xmlns="http://www.tei-c.org/ns/1.0">Den Almogenden sij eeuwighlijck gepresen, Die alle des Comp.s schepen,<lb/> desen jare met soo rijcke Capital en van Batavia, Siam, Cambodja, Tonkin<lb/> ende Tayouan nae Japan affgeladen, (except ’t jacht Wijdenes ende de gehuyrde<lb/> Chinese joneke in Tonckin, daer op dato geen tijdingh van hebben) ter gedestineerde<lb/> haven tot Firando in salvo heeft gelieven te geleyden, sulx dat van den<lb/> 10en july tot 9en october per 13 schepen, fluyten ende jachten uyt voorgemelte<lb/> quartieren aldaer aengebracht is in diversche coop manschappen . . . ter waardij e,<lb/></p><p xml:id="INT_2bba0f00-e9d9-3eb0-a670-22b5d1861ee8.TEI.1.text.1.body.1.div.1.p.13" resp="int_paragraph_joining" rend="">
              1 ) Blauwe stenen ; vermoedelijk niet veel meer dan ballast en te Batavia als stoepstenen<lb xmlns="http://www.tei-c.org/ns/1.0"/> gebruikt.<lb xmlns="http://www.tei-c.org/ns/1.0"/><pb xml:id="INT_2bba0f00-e9d9-3eb0-a670-22b5d1861ee8.TEI.1.text.1.body.1.div.1.p.13.pb.1" n="737" facs="http://resources.huygens.knaw.nl/retroapp/service_generalemissiven/gm_01/images/gm_1_104_0737.tif"/><fw xml:id="INT_2bba0f00-e9d9-3eb0-a670-22b5d1861ee8.TEI.1.text.1.body.1.div.1.p.13.fw.1" place="top" type="head" facs="#zone.5502765" xmlns="http://www.tei-c.org/ns/1.0">Van Diemen, Lucasz., Reniers, Welsing en Van der Lijn VI, 30 december 1638</fw><fw xml:id="INT_2bba0f00-e9d9-3eb0-a670-22b5d1861ee8.TEI.1.text.1.body.1.div.1.p.13.fw.2" place="top" type="page-number" facs="#zone.5502781" xmlns="http://www.tei-c.org/ns/1.0">737</fw>incoops costende fl. 3 651 510. 4. 4, die Gode sij loff den 24en november passato<lb xmlns="http://www.tei-c.org/ns/1.0"/> ten principalen tot redelijcken prijse met goede advance gebeneficieert ende aen<lb xmlns="http://www.tei-c.org/ns/1.0"/> den man gebracht waren, behalven de 300 balen Parsise sij de, incoops costende<lb xmlns="http://www.tei-c.org/ns/1.0"/> fl. 360 834. 16. 4, die tot 270 tayl ’t picol gevendeert sijnde, met d’onderwichte<lb xmlns="http://www.tei-c.org/ns/1.0"/> van 3 per cento in Japan schade rendeert fl. 4 525. 10. 10. Soo behoorde dese<lb xmlns="http://www.tei-c.org/ns/1.0"/> zijde met noch ongeveer 20 000 gulden aen verloopen intrest tot Parsia ende<lb xmlns="http://www.tei-c.org/ns/1.0"/> Zuratte gecargeert te worden, in voegen de Comp.e ruym 24 000 gulden op geseyde<lb xmlns="http://www.tei-c.org/ns/1.0"/> driehondert balen Persise sij de comt te verliesen; sulx den president Kouckebacker<lb xmlns="http://www.tei-c.org/ns/1.0"/> ons bij sijne missive van den 9en november aenschrijft volgens gemaeckten overslagh<lb xmlns="http://www.tei-c.org/ns/1.0"/> op de resterende cargasoenen, die calculeert (affgetrocken ’t gedestineerde<lb xmlns="http://www.tei-c.org/ns/1.0"/> voor schenckagie tot de gewoone jaerlijckxe reverentie in Jedo als andersints,<lb xmlns="http://www.tei-c.org/ns/1.0"/> item ’t g’eyschte voor Tonkin) incoops te monteren gros fl. 3 186 458. — . — ,<lb xmlns="http://www.tei-c.org/ns/1.0"/> bij vercoop te proffiteren stont fl. 2 711 565. — . — . Maer uyt de nader advijsen<lb xmlns="http://www.tei-c.org/ns/1.0"/> dato 24en d.° november vernemen, de pangis, witte ende roode gillems, de rouwe<lb xmlns="http://www.tei-c.org/ns/1.0"/> ende gebleeckte kennippe lij wa ten mitsgaders de cangangs bij vercoop <hi rend="font-size:10; font-family:Liberation Serif; letter-spacing:7.0pt" xml:lang="nl" xmlns="http://www.tei-c.org/ns/1.0">....</hi><lb xmlns="http://www.tei-c.org/ns/1.0"/>minder hebben gerendeert, als gecalculeert hadden, de sommevan fl. 257 309. 1. 13 ;<lb xmlns="http://www.tei-c.org/ns/1.0"/> sulx dat desen jare des Comp.es staet in Japan verbetert blijft ruym 241/a tonnen<lb xmlns="http://www.tei-c.org/ns/1.0"/> gouts, dat voorwaer overtreffelijcke conquesten ende royale winste sij ende comen<lb xmlns="http://www.tei-c.org/ns/1.0"/> de cargasoenen dooreen ruym 75 per cento te renderen. De Heere der Heeren sij<lb xmlns="http://www.tei-c.org/ns/1.0"/> loff ende verleene tot de voordere continuatie Sijnen segen. Den prijs van Comp.es<lb xmlns="http://www.tei-c.org/ns/1.0"/> witte rouwe sijde is getroffen tot 285 tayl, sijnde 33 tayl per picol meer als a.°<lb xmlns="http://www.tei-c.org/ns/1.0"/> pas.t0. Echter hebben de participanten deser sijde, alvoor deselve hun toegewogen<lb xmlns="http://www.tei-c.org/ns/1.0"/> is geworden ende sonder eenen penningh te debourseren, op ijder picol geproffiteert<lb xmlns="http://www.tei-c.org/ns/1.0"/> 100, 110 ende 115 taylen tot 57 s. per tayl ende naderhant 90 tayl, doordien<lb xmlns="http://www.tei-c.org/ns/1.0"/> den treek der zijde ende zijdewaeren in Miaco (vermits den opulenten toevoer ende<lb xmlns="http://www.tei-c.org/ns/1.0"/> vervullingh, nevens d’apparentie derselver in toecomende te vermeerderen stont)<lb xmlns="http://www.tei-c.org/ns/1.0"/> begonde te stuyten, waerdoor oock de bovengemelte pangis, gillems etc.a buyten<lb xmlns="http://www.tei-c.org/ns/1.0"/> expectatie sooveel min als den overslagh sijn vercocht geworden; sulx contrarie<lb xmlns="http://www.tei-c.org/ns/1.0"/> a.° passato desen jaere met onse waren op te houden onnne beter prijs als de Portugesen<lb xmlns="http://www.tei-c.org/ns/1.0"/> te becomen schade gedaen, dat echter ten besten gepractiseert ende tot<lb xmlns="http://www.tei-c.org/ns/1.0"/> schade gesuccedeert sij. De geele zijde bougy heeft 280, de Tonkinse 240 ’t picol<lb xmlns="http://www.tei-c.org/ns/1.0"/> gerendeert, voorleden jaer 265 ende 180, dat op de bougy 15 ende de Tonkinse<lb xmlns="http://www.tei-c.org/ns/1.0"/> 60 tayl den picol verscheelt. Wat alle andere Comp.s waren vercocht sijn, gelieven<lb xmlns="http://www.tei-c.org/ns/1.0"/> U Ed. uj'-t nevengaende memorie van den vercoop te beoogen, alwaer U Ed. onder<lb xmlns="http://www.tei-c.org/ns/1.0"/> andere vinden sult 1300 picol peper gecontracteert sijn tegen 27 tayl den picol,<lb xmlns="http://www.tei-c.org/ns/1.0"/> mits dat in twee jaeren geen peper in Japan souden brengen, welcken coop door<lb xmlns="http://www.tei-c.org/ns/1.0"/> de regenten van Nangesacke g’annulleert is, oordeelende diergelijeke contracten<lb xmlns="http://www.tei-c.org/ns/1.0"/> ende limitatien voor d’inwoonderen van Japan sckadelijck ende heeft den cooper<lb xmlns="http://www.tei-c.org/ns/1.0"/> de partije tegen 17 tayl aengehouden, dat noch beter als in Tayouan sij. Voorleden<lb xmlns="http://www.tei-c.org/ns/1.0"/> jaer is in Japan 22 tayl vercocht.<lb xmlns="http://www.tei-c.org/ns/1.0"/>
            </p><p xml:id="INT_2bba0f00-e9d9-3eb0-a670-22b5d1861ee8.TEI.1.text.1.body.1.div.1.p.14" resp="int_paragraph_joining" rend="">
              Den president Kouckebacker calculeert ende laten ons mede voorstaen, niet<lb xmlns="http://www.tei-c.org/ns/1.0"/> veel differeren sal voor <hi rend="font-size:10; font-family:Liberation Serif; vertical-align:super" xml:lang="nl" xmlns="http://www.tei-c.org/ns/1.0">?t</hi> rendemento van des Comp.s cargasoen in cassa te becomen<lb xmlns="http://www.tei-c.org/ns/1.0"/> 61 tonnen goudt. Bij onse generale missive <hi rend="font-size:10; font-family:Liberation Serif; letter-spacing:4.5pt" xml:lang="nl" xmlns="http://www.tei-c.org/ns/1.0">....</hi> hebben calculatie op<lb xmlns="http://www.tei-c.org/ns/1.0"/> 64 tonnen gemaeckt, dat weynigh ofte niet verscheelen soude, bijaldien den Almogenden<lb xmlns="http://www.tei-c.org/ns/1.0"/> degehuyrde joneke met het Tonkins retour, monterende fl. 113 645. 15. 4<lb xmlns="http://www.tei-c.org/ns/1.0"/> ende ’t Quinams restant onder den oppercoopman Abraham Duycker gelieft<lb xmlns="http://www.tei-c.org/ns/1.0"/> hadde in salvo te geleyden. Niet min als 230 000 gulden, adviseert den E. Koeckebacker,<lb xmlns="http://www.tei-c.org/ns/1.0"/> soude voorgemelte joneks cargasoen in Firando gerendeert hebben, pro<lb xmlns="http://www.tei-c.org/ns/1.0"/><fw xml:id="INT_2bba0f00-e9d9-3eb0-a670-22b5d1861ee8.TEI.1.text.1.body.1.div.1.p.14.fw.1" type="bottom-page-number">47</fw><pb xml:id="INT_2bba0f00-e9d9-3eb0-a670-22b5d1861ee8.TEI.1.text.1.body.1.div.1.p.14.pb.1" n="738" facs="http://resources.huygens.knaw.nl/retroapp/service_generalemissiven/gm_01/images/gm_1_104_0738.tif"/><fw xml:id="INT_2bba0f00-e9d9-3eb0-a670-22b5d1861ee8.TEI.1.text.1.body.1.div.1.p.14.fw.2" place="top" type="page-number" facs="#zone.5505312" xmlns="http://www.tei-c.org/ns/1.0">738</fw><fw xml:id="INT_2bba0f00-e9d9-3eb0-a670-22b5d1861ee8.TEI.1.text.1.body.1.div.1.p.14.fw.3" place="top" type="head" facs="#zone.5505316" xmlns="http://www.tei-c.org/ns/1.0">Van Diemen, Lucasz., Reniers, Welsing en Van der Lijn VI, 30 december 1638</fw>rato Zantvoorts ingeladen goederen gerekent, die 102 per cento proffijt hebben<lb xmlns="http://www.tei-c.org/ns/1.0"/> gegeven.<lb xmlns="http://www.tei-c.org/ns/1.0"/>
            </p><note xml:id="INT_2bba0f00-e9d9-3eb0-a670-22b5d1861ee8.TEI.1.text.1.body.1.div.1.note.6" xml:lang="nl" place="inline" type="editorial-summary" resp="editor" rend="font-style: italic; line-height: 10.0pt; text-indent: 22.0pt; text-align: justify; font-size: 9" xmlns="http://www.tei-c.org/ns/1.0">(Kans op aankomst van deze jonk).<lb/></note><p xml:id="INT_2bba0f00-e9d9-3eb0-a670-22b5d1861ee8.TEI.1.text.1.body.1.div.1.p.15" xml:lang="nl" rend="font-size: 10; text-align: justify; line-height: 11.7pt; text-indent: 22.0pt" xmlns="http://www.tei-c.org/ns/1.0">’tWelck1) niet basteert tot voldoeninge des handels, alsoo den president<lb/> schrijft, den Japansen eysch voorneempt te begrooten op 30 tonnen. In onse<lb/> advijsen gissen denselven op 35 ende den gouv.r van Tayouan is van opinie,<lb/> voor Japan sal besteden 40 tonnen gouts, sulx dat te wenschen ware, in Japan dit<lb/> jaer noch al 10 tonnen, gelijck wij gemeent hadden, op intrest gecontinueert<lb/> waren, daertegen den E. Koeckebacker inbrenght voor de Comp.e advantagieuser<lb/> te wesen sich van ’t mancquement voor drie ofte 4 maenden a 30 ende 36 per cento<lb/> in Tayouan te valeeren, als 18 per cento voor een rondt jaer in Japan te betaelen;<lb/> dat mede in dier voegen wel begrijpen, wanneer sulx met soo goeden contentement<lb/> bij de Chinesen als Japanderen conde uytgewrocht worden. Maer wij vermercken,<lb/> de Chinesen daertoe ongaerne comen, dat oock, als kennisse hebben, de cassa in<lb/> Tayouan ontbloot sij, geen joncken verschijnen, tot verstaen, ’t silver uyt Japan<lb/> is gearriveert; echter vertrouwen, ons noch sonder verachteringh met reputatie<lb/> sullen redden. Ende sijn wij deliberatijff geweest op dese goede tijdingh onsen<lb/> eysch van contanten te verminderen op 400 000 gulden, doch geconsidereert de<lb/> groote retouren voor ’t patria in voorraad ende dat de reële effecten in India boven<lb/> 80 tonnen niet comen te bedragen, die noch alle tot vergrootingh van den Indisen<lb/> inlantsen handel niet bequaem sijn, item dat onverwachte ongelucken (des Godt<lb/> verhoede) ons veel verachteren connen ende principalijck de vergrootingh des<lb/> gemelten inlantsen handels door geheel India, die niet min als met 80 tonnen fons<lb/> can levendigh ende naer behooren waergenomen worden, daermede d’Indise ongelden,<lb/> sijnde 181/2 tonnen ende een retour voor Nederlant, alhier waerdigh dertich<lb/> tonnen, can ingewonnen worden, soo blijven wij bij onsen gedanen eysch van<lb/> 600 000 guldens contant parsisteren; met sulcken verstande, bijaldien U Ed.<lb/> hebben geresolveert op ons ernstigh schrijven ende remonstrantien, met de vloote<lb/> van den heere Gij seis gedaen, nae India te senden meer als 600 000 gulden, die in<lb/> contant voor a.° 1639 van U Ed. versocht sijn, ons dan voor a.° ’4-0 sooveel aen<lb/> de presente geëyschte 600 000 gulden cort ende minder nae India sent als boven de<lb/> 600 000 gulden voor a.° ’39 herwaerts geschickt sijn, dat U Ed. met volcomen<lb/> gerustheyt wel mogen effect laten sorteren. U Ed. hebben met Godes hulpe geen<lb/> naclachte van quade gissingh gemaeckt te hebben meer te verwachten ende mooght<lb/> wel staet maecken (onbedenckelijcke ongevallen buyten), dat nae desen geen<lb/> contant meer voor India van U Ed. sal worden versocht. P.r tout <hi rend="font-size:10; font-family:Liberation Serif; vertical-align:super" xml:lang="nl">2)</hi> a.° 1639<lb/> verhopen, de Comp.e buyten beswaringh van intrest in India sal wesen.<lb/></p><note xml:id="INT_2bba0f00-e9d9-3eb0-a670-22b5d1861ee8.TEI.1.text.1.body.1.div.1.note.7" xml:lang="nl" place="inline" type="editorial-summary" resp="editor" rend="font-style: italic; line-height: 10.0pt; text-indent: 22.0pt; text-align: justify; font-size: 9" xmlns="http://www.tei-c.org/ns/1.0">(Eis voor Japan).<lb/></note><p xml:id="INT_2bba0f00-e9d9-3eb0-a670-22b5d1861ee8.TEI.1.text.1.body.1.div.1.p.16" resp="int_paragraph_joining" rend="">
              Den llen april laetst sijn de voors. gerebelleerde van Keysers leger stormenderhant<lb xmlns="http://www.tei-c.org/ns/1.0"/> aengetast ende overwonnen; alles, mans, vrouwen ende kinderen,<lb xmlns="http://www.tei-c.org/ns/1.0"/> 40 000 sterck, gemassacreert, except een van de vier principale hooffden, die na<lb xmlns="http://www.tei-c.org/ns/1.0"/> Jedo is gevoert; hun sterckte ende ’t out casteel selver tot den grondt geraseert.<lb xmlns="http://www.tei-c.org/ns/1.0"/><note xml:id="INT_2bba0f00-e9d9-3eb0-a670-22b5d1861ee8.TEI.1.text.1.body.1.div.1.p.16.note.1" xml:lang="nl" rend="font-size: 7.5; text-align: justify; line-height: 8.3pt; margin-left: 2100" xmlns="http://www.tei-c.org/ns/1.0">1) NI. ƒ 265.000 te Thaiwan in goederen en geld beschikbaar.<lb/></note><note xml:id="INT_2bba0f00-e9d9-3eb0-a670-22b5d1861ee8.TEI.1.text.1.body.1.div.1.p.16.note.2" xml:lang="nl" rend="font-size: 7.5; text-align: justify; line-height: 8.3pt; margin-left: 2100" xmlns="http://www.tei-c.org/ns/1.0">2) Pr. tout, na afloop van, bij het einde van.<lb/></note><pb xml:id="INT_2bba0f00-e9d9-3eb0-a670-22b5d1861ee8.TEI.1.text.1.body.1.div.1.p.16.pb.1" n="739" facs="http://resources.huygens.knaw.nl/retroapp/service_generalemissiven/gm_01/images/gm_1_104_0739.tif"/><fw xml:id="INT_2bba0f00-e9d9-3eb0-a670-22b5d1861ee8.TEI.1.text.1.body.1.div.1.p.16.fw.1" place="top" type="head" facs="#zone.5507713" xmlns="http://www.tei-c.org/ns/1.0">Van Diemen, Lucasz., Reniers, Welsing en Van der Lijn VI, 30 december 1638</fw><fw xml:id="INT_2bba0f00-e9d9-3eb0-a670-22b5d1861ee8.TEI.1.text.1.body.1.div.1.p.16.fw.2" place="top" type="page-number" facs="#zone.5507729" xmlns="http://www.tei-c.org/ns/1.0">739</fw>Van Keysers volck wort geseyt niet minder als 40 000 persoonen omgecomen te<lb xmlns="http://www.tei-c.org/ns/1.0"/> wesen, meest door de groote disordre met attacqueren gepleeght, sulx oock als de<lb xmlns="http://www.tei-c.org/ns/1.0"/> victorie becomen hadden, tegen den anderen bleven chargeren, daer qualijck<lb xmlns="http://www.tei-c.org/ns/1.0"/> remedie tegen stellen conden; twelck gepresumeert wort ontstaen te wesen uyt<lb xmlns="http://www.tei-c.org/ns/1.0"/> de contentie, geresen tusschen de heeren Lusoyso ende Fingo over de preferentie<lb xmlns="http://www.tei-c.org/ns/1.0"/> van d’avant-garde, die Fingo te voeren gediffereert was. Geen uytheemsche<lb xmlns="http://www.tei-c.org/ns/1.0"/> Christenen sijn onder dese gerebelleerde te voorschijn gecomen. Twee maelen ter<lb xmlns="http://www.tei-c.org/ns/1.0"/> weecke was misse ende predicatie geduyrende de belegeringh door een jongelingh,<lb xmlns="http://www.tei-c.org/ns/1.0"/> van Fingo geboortigh, out sesthien jaren, gedaen, die oock als hooft opgeworpen<lb xmlns="http://www.tei-c.org/ns/1.0"/> ende wel g’obedieert hadden ; in voegen <hi rend="font-size:10; font-family:Liberation Serif; letter-spacing:4.5pt" xml:lang="nl" xmlns="http://www.tei-c.org/ns/1.0">....</hi> met dese troublen omtrent 40 000<lb xmlns="http://www.tei-c.org/ns/1.0"/> Japanse Christenen om ’t leven bennen geraeckt. Wijders sijn dit jaer in Japan<lb xmlns="http://www.tei-c.org/ns/1.0"/> geen andere Christenen noch papen ontdeckt off executie voorgevallen.<lb xmlns="http://www.tei-c.org/ns/1.0"/>
            </p><p xml:id="INT_2bba0f00-e9d9-3eb0-a670-22b5d1861ee8.TEI.1.text.1.body.1.div.1.p.17" xml:lang="nl" rend="font-size: 10; text-align: justify; line-height: 11.7pt; text-indent: 22.0pt" xmlns="http://www.tei-c.org/ns/1.0">Den heere van Arima heeft door last des Keysers sijn buyck gesneden ende<lb/> is de heere Fammamats met desselffs lantschap gebeneficieert. Crats verliest tot<lb/> amende sijn lantschap Amaxa. Lusoysa ende Findadonne sijn in disgratie ende<lb/> te hove in hare wooningen geconfineert, omdat de bevelen des Keysers niet nagecomen<lb/> hebben etc.a.<lb/></p><p xml:id="INT_2bba0f00-e9d9-3eb0-a670-22b5d1861ee8.TEI.1.text.1.body.1.div.1.p.18" xml:lang="nl" rend="font-size: 10; text-align: justify; line-height: 11.7pt; text-indent: 22.0pt" xmlns="http://www.tei-c.org/ns/1.0">Over de geresene troublen ende gerebelleerde Arima- ende Amaxase Christenen<lb/> hadden hun alle lantsheeren, regenten ende rijxraeden sulx g’occupeert gehouden,<lb/> dat op geen andere saecken gebesoigneert sij geworden. Van Manilha wierd wel<lb/> eenigh gewagh gedaen, maer is niet apparent, noch soo haest daerop voornemen<lb/> sullen t’attenteren. In Comp.es saecken was geen veranderingh, alles bleeff in<lb/> cours ende stant als a.° passato.<lb/></p><p xml:id="INT_2bba0f00-e9d9-3eb0-a670-22b5d1861ee8.TEI.1.text.1.body.1.div.1.p.19" resp="int_paragraph_joining" rend="">
              Persoonelijck is den president Kouckebacker primo mej^ passato in Jedo<lb xmlns="http://www.tei-c.org/ns/1.0"/> aengelandt omme de ordinarie reverentie te doen, maer heeft geen audiëntie bij<lb xmlns="http://www.tei-c.org/ns/1.0"/> de May.* becomen, twelck op de debiliteyt des Keysers g’excuseert wort ende dat<lb xmlns="http://www.tei-c.org/ns/1.0"/> geduerende sijn sieckte geenige lantsheeren, selffs de gecommitteerdens van den<lb xmlns="http://www.tei-c.org/ns/1.0"/> deyro ofte grooten paep *), audiëntie hadde verleendt, in voegen nevens de Portugesen<lb xmlns="http://www.tei-c.org/ns/1.0"/> getracteert sijn; twelck den president veel bedenekens gaff, vreesende,<lb xmlns="http://www.tei-c.org/ns/1.0"/> eenighe onlusten tegen de vreemdelingen de novo mochten opgecomen wesen,<lb xmlns="http://www.tei-c.org/ns/1.0"/> dat aen ’t gevolgh niet gebleecken sij. Maer onse opinie is, gelijck den Japander<lb xmlns="http://www.tei-c.org/ns/1.0"/> van tijt tot tijt moediger wort ende de vreemdelingen (soo men ons noempt) dienvolgende<lb xmlns="http://www.tei-c.org/ns/1.0"/> in minder estime, dat nae desen ter presentie des Keysers niet meer<lb xmlns="http://www.tei-c.org/ns/1.0"/> verschijnen sullen, gelijck bij ’t gepasseerde wel aff te nemen is. Den 18en mey<lb xmlns="http://www.tei-c.org/ns/1.0"/> wierden tot audiëntie geadmitteert in een der binnenzalen des keyserlijcken<lb xmlns="http://www.tei-c.org/ns/1.0"/> paleys ter presentie van vele heeren ende edelen, alwaer de raetsheere Sanickedonne<lb xmlns="http://www.tei-c.org/ns/1.0"/> (Comp.8 toegedanen vrundt) presideerden ende ’t woort voerde, seggende:<lb xmlns="http://www.tei-c.org/ns/1.0"/> Uwe schenckagie wert in een ende derselver maniere, gelijck off Sijn Keyserlijcke<lb xmlns="http://www.tei-c.org/ns/1.0"/> May.1 present ware, aengenomen ende uyt desselffs name g’accepteert, even<lb xmlns="http://www.tei-c.org/ns/1.0"/> alsof f persoonelijck audiëntie was verleenende ende U voor hem te verschijnen<lb xmlns="http://www.tei-c.org/ns/1.0"/> toestont. Den rijcxraed Bongodonne, wiens dienstdagh het was, hebbende de<lb xmlns="http://www.tei-c.org/ns/1.0"/> notitie van de gepresenteerde vereeringh in handen, soude deselve de May.*<lb xmlns="http://www.tei-c.org/ns/1.0"/> vertoonen, daermede affscheyt bequamen. Daeghs daeraenvolgende accepteerde<lb xmlns="http://www.tei-c.org/ns/1.0"/> den raedtsheere Sannickedonne persoonlijck de vereeringe, die hem toegebracht<lb xmlns="http://www.tei-c.org/ns/1.0"/><note xml:id="INT_2bba0f00-e9d9-3eb0-a670-22b5d1861ee8.TEI.1.text.1.body.1.div.1.p.19.note.1" xml:lang="nl" rend="font-size: 7.5; text-align: justify; line-height: 9.6pt; text-indent: 22.0pt" xmlns="http://www.tei-c.org/ns/1.0">]) Deyro of grote paep; Dairo, van dairi: „inwendig heiligdom”, aanduiding voor den<lb/> werkelijken, doch machtelozen Keizer van Japan, dien de Nederlanders voor een soort shintopaus<lb/> hielden.<lb/></note><pb xml:id="INT_2bba0f00-e9d9-3eb0-a670-22b5d1861ee8.TEI.1.text.1.body.1.div.1.p.19.pb.1" n="740" facs="http://resources.huygens.knaw.nl/retroapp/service_generalemissiven/gm_01/images/gm_1_104_0740.tif"/><fw xml:id="INT_2bba0f00-e9d9-3eb0-a670-22b5d1861ee8.TEI.1.text.1.body.1.div.1.p.19.fw.1" place="top" type="page-number" facs="#zone.5513284" xmlns="http://www.tei-c.org/ns/1.0">740</fw><fw xml:id="INT_2bba0f00-e9d9-3eb0-a670-22b5d1861ee8.TEI.1.text.1.body.1.div.1.p.19.fw.2" place="top" type="head" facs="#zone.5513288" xmlns="http://www.tei-c.org/ns/1.0">Van Diemen, Lucasz., Reniers, Welsing en Van der Lijn VI, 30 december 163 8</fw>werde ende verclaerde, de May.1 ’t Persiaens peert ende bovenal ’t velthoen van<lb xmlns="http://www.tei-c.org/ns/1.0"/> Cabo de Verde voor hem doen comen, met groote aengenaemheyt beooght heeft ;<lb xmlns="http://www.tei-c.org/ns/1.0"/> laudeerde mede de moeyte, die gemelte president omtrent Arima genomen hadde.<lb xmlns="http://www.tei-c.org/ns/1.0"/> Oyedonne, een vrunt van den ouden Feso ende tsedert arrest onsen vijant gebleven,<lb xmlns="http://www.tei-c.org/ns/1.0"/> excuseerde niet thuys te wesen ende wierden onse presenten bij een van<lb xmlns="http://www.tei-c.org/ns/1.0"/> sijn regenten opgenomen; des heeft d’onse met thien sijde rocken vereert, twelck<lb xmlns="http://www.tei-c.org/ns/1.0"/> van ’t arrest aff noyt geschiet ende t’estimeren is. Ten huyse van den raedsheere<lb xmlns="http://www.tei-c.org/ns/1.0"/> Taeckemondonne geroepen wesende, wierden onse giften bij d.° heere mimielijck<lb xmlns="http://www.tei-c.org/ns/1.0"/> overgenomen, door Sijne E. geconfirmeert, ’t paert ende velthoen bij de May.1 ten<lb xmlns="http://www.tei-c.org/ns/1.0"/> hooghsten aengenaem was. Gemelte heere voerde verscheyden propoosten op<lb xmlns="http://www.tei-c.org/ns/1.0"/> ’t stuck van de gerebelleerde, dat de Portugesen veel quaets in Japan veroorsaeckten<lb xmlns="http://www.tei-c.org/ns/1.0"/> ende schuldigh waren, veel menschen jaerlijckx gedoot wierden, derhalven<lb xmlns="http://www.tei-c.org/ns/1.0"/> ’t landt van Japan wel mochten ontseyt worden, doch daer was alsnoch<lb xmlns="http://www.tei-c.org/ns/1.0"/> gheen conclusie op genomen. Socht te verstaen, bijaldien de resolutie effect sorteerde,<lb xmlns="http://www.tei-c.org/ns/1.0"/> off Japan souden connen dienen, van alles tgeene den Portugees dat lant<lb xmlns="http://www.tei-c.org/ns/1.0"/> was toebrengende, daerop hem contentement werde gedaen. Van dit discours<lb xmlns="http://www.tei-c.org/ns/1.0"/> quam tot Manilha ende vraeghde, off die plaets bij ons alleen niet soude connen<lb xmlns="http://www.tei-c.org/ns/1.0"/> worden g’incorporeert, wat macht daertoe vereyschte etc.a. Gaven tenantwoorde,<lb xmlns="http://www.tei-c.org/ns/1.0"/> niet min als 10 000 soldaten van noode sijn, dat onse macht daertoe niet suffisant<lb xmlns="http://www.tei-c.org/ns/1.0"/> was, alsoo den handel ende meer saecken waer te nemen hadden. Wat desen,<lb xmlns="http://www.tei-c.org/ns/1.0"/> aengaende wijders voorgevallen sij, sullen aen gemelten Kouckebackers brief f<lb xmlns="http://www.tei-c.org/ns/1.0"/> ende journael, dat U Ed. toecomen sal, gedragen.<lb xmlns="http://www.tei-c.org/ns/1.0"/>
            </p><p xml:id="INT_2bba0f00-e9d9-3eb0-a670-22b5d1861ee8.TEI.1.text.1.body.1.div.1.p.20" xml:lang="nl" rend="font-size: 10; text-align: justify; line-height: 11.7pt; text-indent: 22.0pt" xmlns="http://www.tei-c.org/ns/1.0">Ondertusschen recommandeerde den E. Kouckebacker, Hare Mogent heden<lb/> op onse voor jarige versoecken gelief f den te letten, dat een favorabel appostil<lb/> moghten becomen ende onse schepen, als gereet leggen, in haer vertreck niet verhindert<lb/> wierden. Op alles bequamen heusch antwoordt, dat de versoecken in<lb/> reden bestonden, voornementlijck de depeche onser schepen; den gouv.r van<lb/> Nangesacke conde daerin disponeren sonder nader advijs, sulx tot dato met<lb/> schoone woorden gepayt ende van d’een tot d’ander gewesen worden ende alles<lb/> in voorige termes blijft.<lb/></p><p xml:id="INT_2bba0f00-e9d9-3eb0-a670-22b5d1861ee8.TEI.1.text.1.body.1.div.1.p.21" xml:lang="nl" rend="font-size: 10; text-align: justify; line-height: 11.7pt; text-indent: 22.0pt" xmlns="http://www.tei-c.org/ns/1.0">Soo is mede den president van opinie, daer oock niet vreempt van sijn, dat<lb/> onse schepen vóór 10 november uyt Japan te vertrecken niet gelicentieert sullen<lb/> werden, soolange den Portugees J apan toestaen te frequenteren, veel min dat ons<lb/> in voorige vrijheden sullen herstellen ende van ’t schadelijck servituyt des pancados<lb/> eximeren ofte dat onse zijde, gelijck hope gegeven was, ten prijse van 20 tayl<lb/> per picol minder, als de grossiers daervoor betaelen, sal worden getaxeert. God<lb/> geve, ons maer geen schadelijck servituyt over den halse come ende de rouwe<lb/> zijde in ’t generael onder pancado niet gebracht wert, gelijck tselve desen jare<lb/> alweder versocht is geworden. Desniettegenstaende relateert meergeroerden<lb/> president, dat wel heeft connen vermercken uyt verscheyden circumstantie, nu<lb/> beter te hove staen als voor desen ende dat d’ordinarie jaerlijckxe schenckagie<lb/> van 20 sijde rocken met meer solempniteyt sijn overgelevert volgens ’t rapport<lb/> van de tolcken, als tsedert 15 jaren is geschiet. Soo hadden oock in weergeschenck<lb/> van de rijxraeden ontfangen 90 schuyten silver ende een gouden ouban <hi rend="font-size:10; font-family:Liberation Serif; vertical-align:super" xml:lang="nl">1),</hi> monterende<lb/> samen 432 tayl, daervoor de Comp.e gecrediteert bleeff.<lb/></p><p xml:id="INT_2bba0f00-e9d9-3eb0-a670-22b5d1861ee8.TEI.1.text.1.body.1.div.1.p.22" xml:lang="nl" rend="font-size: 7.5; line-height: 9.3pt; text-indent: 23.0pt" xmlns="http://www.tei-c.org/ns/1.0">1 ) Ouban, grote gouden J apanse munt, die ongeveer een waarde had van 45 a 60 taël<lb/> vgl. <hi rend="font-size:7.5; font-family:Liberation Serif; font-style:italic; font-weight:bold" xml:lang="nl">Japan,</hi> S. 135.<lb/></p><pb xml:id="INT_2bba0f00-e9d9-3eb0-a670-22b5d1861ee8.TEI.1.text.1.body.1.div.1.pb.2" n="741" facs="http://resources.huygens.knaw.nl/retroapp/service_generalemissiven/gm_01/images/gm_1_104_0741.tif"/><fw xml:id="INT_2bba0f00-e9d9-3eb0-a670-22b5d1861ee8.TEI.1.text.1.body.1.div.1.fw.3" place="top" type="head" facs="#zone.5516328" xmlns="http://www.tei-c.org/ns/1.0">Van Diemen, Lucasz., Reniers, Welsing en Van der Lijn VI, 30 december 1638</fw><fw xml:id="INT_2bba0f00-e9d9-3eb0-a670-22b5d1861ee8.TEI.1.text.1.body.1.div.1.fw.4" place="top" type="page-number" facs="#zone.5516344" xmlns="http://www.tei-c.org/ns/1.0">741</fw><p xml:id="INT_2bba0f00-e9d9-3eb0-a670-22b5d1861ee8.TEI.1.text.1.body.1.div.1.p.23" xml:lang="nl" rend="font-size: 10; text-align: justify; line-height: 11.7pt; text-indent: 21.0pt" xmlns="http://www.tei-c.org/ns/1.0">Tot den uytvoer van coper licentie te becomen is vooreerst geen apparentie,<lb/> maer alsoo den muntmeester van de cenes off copere geit seer verlegen is om thin,<lb/> meent men, dat alsulcke quantité coper sullen consenteren uyt te voeren, als thin<lb/> in Japan brengen; tot welcken eynde van Siam per Ruttem derwaerts gesonden<lb/> is geweest 334 picol, maer, door storm ende verlies van masten hier aengelandt<lb/> sijnde, sullen ’t aenstaende saisoen goede quantité na Japan schicken. Soo daervoor<lb/> nae advenant coper mogen uytvoeren, sal de Comp.e dubbel voordeel genieten,<lb/> aen ’t succes wort niet gedubiteert.<lb/></p><p xml:id="INT_2bba0f00-e9d9-3eb0-a670-22b5d1861ee8.TEI.1.text.1.body.1.div.1.p.24" resp="int_paragraph_joining" rend="">
              Desen jare sijn de Portugesen van Macao met twee galiotten rijckelijck<lb xmlns="http://www.tei-c.org/ns/1.0"/> geladen tot Nangesacke verschenen, alwaer in den handel beter als voor desen<lb xmlns="http://www.tei-c.org/ns/1.0"/> getracteert sijn geworden ende goede prof f ij ten hebben bevaeren. De notitie van<lb xmlns="http://www.tei-c.org/ns/1.0"/> liaer aengebrachte goederen ende tot wat prijse die vercocht sijn, becomen U Ed.<lb xmlns="http://www.tei-c.org/ns/1.0"/> per de volgende schepen. Voor desel ve haere coopmanschappen hebben uytgevoert<lb xmlns="http://www.tei-c.org/ns/1.0"/> 1259 kisten silver van 1000 tayl ij der ende daerboven credit bij den Japanders<lb xmlns="http://www.tei-c.org/ns/1.0"/> becomen van 400 000 thayl, dat op bodemerije tegen 25, 26 ende 27 per cento<lb xmlns="http://www.tei-c.org/ns/1.0"/> nae Macao gevoert hebben1). Dese goede bejegeningh veroorsaeckte vele bedenckingh<lb xmlns="http://www.tei-c.org/ns/1.0"/> ende werde g’opinieert, dat nimmer over ’t gepasseerde in Arima ende<lb xmlns="http://www.tei-c.org/ns/1.0"/> ’t niet brengen van de resterende voor dese g’eyschte ses coopluyden uyt Macao<lb xmlns="http://www.tei-c.org/ns/1.0"/> souden werden aengesproken. Soo waren den gouv.r Sabroy Seymondonne ende<lb xmlns="http://www.tei-c.org/ns/1.0"/> den regent Fesedonne onder pretext van de Europise Christenen te sien eten<lb xmlns="http://www.tei-c.org/ns/1.0"/> ten huyse van den capiteyn Moor (twelck cierlijck gepalleert was) gecomen; Feso<lb xmlns="http://www.tei-c.org/ns/1.0"/> nuttighde eenige spijse, maer Sabroy Seymondonne geen. Dit ende ander goet<lb xmlns="http://www.tei-c.org/ns/1.0"/> onthael gaff aen de coopluyden bedeneken, den Portugesen in ’t aenstaende met<lb xmlns="http://www.tei-c.org/ns/1.0"/> meer quantité coopmanschappen stonden te verschijnen ende dat onse toevoer<lb xmlns="http://www.tei-c.org/ns/1.0"/> jaerlijekx accresseerde, sulx alle coopmanschappen, na de Portugesen de hare<lb xmlns="http://www.tei-c.org/ns/1.0"/> hadden uytgevent, bestonden te daelen <hi rend="font-size:10; font-family:Liberation Serif; letter-spacing:4.5pt" xml:lang="nl" xmlns="http://www.tei-c.org/ns/1.0">....</hi> ende de Comp.e ruym 200 000<lb xmlns="http://www.tei-c.org/ns/1.0"/> guldens comt te verscheelen. ’t Is apparent, dat desen Fezo ende den Nangesacksen<lb xmlns="http://www.tei-c.org/ns/1.0"/> gouv.r de handen dapper gesalft ende soolange schenckagie aennemen, van haerlieden<lb xmlns="http://www.tei-c.org/ns/1.0"/> ten hove gefavoriseert worden ende vertrouwen, als met Fezo ende sijne<lb xmlns="http://www.tei-c.org/ns/1.0"/> adherenten communiceren, verkeerde absolutie becomen, want veel in de Portugesen<lb xmlns="http://www.tei-c.org/ns/1.0"/> gehouden is. Soo hebben niet meer als 230 picols witte rouwe sijde aen de<lb xmlns="http://www.tei-c.org/ns/1.0"/> merct gebracht, daerinne dat gemelten Fezo ende de burgemeesters van Nangesacke<lb xmlns="http://www.tei-c.org/ns/1.0"/> 150 picol waeren participerende. Onaengesien dit ongewoon favorabel tractement<lb xmlns="http://www.tei-c.org/ns/1.0"/> ende ’t credit, dat hun verleent is, vertrouwt men, den Portugees groote<lb xmlns="http://www.tei-c.org/ns/1.0"/> swarigheyt te naecken staet ende apparent Japan ontseyt sal werden; te meer<lb xmlns="http://www.tei-c.org/ns/1.0"/> een dagh voor der galiotten vertreck een expresse uyt het hoff tot Nangesacke<lb xmlns="http://www.tei-c.org/ns/1.0"/> aenlande met ordre den overgebleven capiteyn Fransisco Castel Branco, hebbende<lb xmlns="http://www.tei-c.org/ns/1.0"/> nu reede affscheyt becomen ende sijne goederen gescheept, nevens den capiteyn<lb xmlns="http://www.tei-c.org/ns/1.0"/> Moor don Juan tot Nangesacke in hun ordinarie detentiehuys mosten overblijven,<lb xmlns="http://www.tei-c.org/ns/1.0"/> dat onder de Portugesen groote verslagentheyt causeerde ende seer bedroeft<lb xmlns="http://www.tei-c.org/ns/1.0"/> sonder eerschoten te doen nae Macao vertrocken. Cort daerop volghde een ander<lb xmlns="http://www.tei-c.org/ns/1.0"/> bode, daerbij den gouv.r g’insinueert wort, don Juan tot nader last nae Jedo om<lb xmlns="http://www.tei-c.org/ns/1.0"/> d’ ordinarie reverentie te doen niet verschijnen soude. Watter wijders op volgen<lb xmlns="http://www.tei-c.org/ns/1.0"/> sal, staet U Ed. ende ons nae desen te vernemen. Door een expresse van ’t hoff<lb xmlns="http://www.tei-c.org/ns/1.0"/> is d’onse in Firando affg’eyscht notitie van de desen- jaersche aengebrachte coopmanschappen<lb xmlns="http://www.tei-c.org/ns/1.0"/> in Japan omme t’ examineren, off dat rijck van alle waeren sullen<lb xmlns="http://www.tei-c.org/ns/1.0"/><note xml:id="INT_2bba0f00-e9d9-3eb0-a670-22b5d1861ee8.TEI.1.text.1.body.1.div.1.p.24.note.1" xml:lang="nl" rend="font-size: 8.5; line-height: 9.4pt; margin-left: 2200" xmlns="http://www.tei-c.org/ns/1.0">1) Zie voor deze reis <hi rend="font-size:8.5; font-family:Liberation Serif; font-style:italic" xml:lang="nl">Fidalgos,</hi> p. 119-120.<lb/></note><pb xml:id="INT_2bba0f00-e9d9-3eb0-a670-22b5d1861ee8.TEI.1.text.1.body.1.div.1.p.24.pb.1" n="742" facs="http://resources.huygens.knaw.nl/retroapp/service_generalemissiven/gm_01/images/gm_1_104_0742.tif"/><fw xml:id="INT_2bba0f00-e9d9-3eb0-a670-22b5d1861ee8.TEI.1.text.1.body.1.div.1.p.24.fw.1" place="top" type="page-number" facs="#zone.5518686" xmlns="http://www.tei-c.org/ns/1.0">742</fw><fw xml:id="INT_2bba0f00-e9d9-3eb0-a670-22b5d1861ee8.TEI.1.text.1.body.1.div.1.p.24.fw.2" place="top" type="head" facs="#zone.5518690" xmlns="http://www.tei-c.org/ns/1.0">Van Diemen, Lucasz., Reniers, Welsing en Van der Lijn VI, 30 december 1638</fw>connen provideren, soo resolveren de Portugesen uyt te setten, gelijck geseyt<lb xmlns="http://www.tei-c.org/ns/1.0"/> wart. God geve, onse vijanden daer eens uvtgeraecken ende dien handel alleen<lb xmlns="http://www.tei-c.org/ns/1.0"/> gauderen moghen.<lb xmlns="http://www.tei-c.org/ns/1.0"/>
            </p><p xml:id="INT_2bba0f00-e9d9-3eb0-a670-22b5d1861ee8.TEI.1.text.1.body.1.div.1.p.25" xml:lang="nl" rend="font-size: 10; text-align: justify; line-height: 11.7pt; text-indent: 22.0pt" xmlns="http://www.tei-c.org/ns/1.0">Aengaende ’t gepasseerde in Tonckin sullen in desen cort wesen ende ons ten<lb/> principalen gedragen aen de missive van den coopman Carel Hertsingh <hi rend="font-size:10; font-family:Liberation Serif; vertical-align:super" xml:lang="nl">1).</hi> Is . . .<lb/> een proffitabele negotie ende staet de Comp.e daerbij jaerlijckx meer als 4 tonnen<lb/> te proffiteren, doch buyten vexatie ende becommeringh sal dien handel almede<lb/> niet gedreven worden. In de stadt Senefay2) sijn d’onse wel getracteert ende<lb/> bejegent met apparentie veel treffelijcke, in Japan proffitabele stuckwercken<lb/> jaerlijckx van daer te trecken ende verhopen in toecomende 1000 picols sijde te<lb/> becomen. Volgens Hartsings ad vijs sij niet geraden aldaer comptoir te begrijpen,<lb/> ’t Is een trouwloos volck ende dieffachtige natie, sulx Comp.s volck ende middelen<lb/> bij af f wesen der schepen peryckel loopen.<lb/></p><p xml:id="INT_2bba0f00-e9d9-3eb0-a670-22b5d1861ee8.TEI.1.text.1.body.1.div.1.p.26" xml:lang="nl" rend="font-size: 10; text-align: justify; line-height: 11.7pt; text-indent: 22.0pt" xmlns="http://www.tei-c.org/ns/1.0">Den Coningh is al wat gemiscontenteert geweest, dat geen antwoorde op<lb/> sijnen brief f ende assistentie tegen Quinam verscheen ende vertrouwde, bijaldien<lb/> tselffde weygerden, soo goede soldaten niet sijn, als wel gerucht wierde, item<lb/> daeruyt besluyten most, dat maer coopluyden, die het om gewin te doen sij, waren.<lb/> Ondertusschen leverden niet meer als 15 in plaets van de 16 faccard <hi rend="font-size:10; font-family:Liberation Serif; vertical-align:super" xml:lang="nl">3)</hi> sijde ende<lb/> als hem assistentie presteerden tegen den Quinammer, souden de belooffde liberteyten<lb/> in sijn lant genieten. Ons verlanght, wat den coopman Duycker, soo<lb/> behouden gevaeren heeft, omtrent dien Coningh sal hebben verricht.<lb/></p><p xml:id="INT_2bba0f00-e9d9-3eb0-a670-22b5d1861ee8.TEI.1.text.1.body.1.div.1.p.27" xml:lang="nl" rend="font-size: 10; text-align: justify; line-height: 11.7pt; text-indent: 22.0pt" xmlns="http://www.tei-c.org/ns/1.0">Wat den president Koeckebacker op de besendingh van een ambassadeur<lb/> ende continueel resident aen ’t hoff in Japan is adviserende, sullen in desen niet<lb/> extenderen, maer ons aen desselffs missive gedragen, ’t Is sulx, tselve met ons<lb/> ongeraden oordeelt ende meent, dat den resident aldaer meer tot spot als achtbaerheyt<lb/> soude strecken. Op de besendingh van een ambassadeur wegen Sijne<lb/> Hoogheyt hadde met Fezo ende andere gecommuniceert, die van opinie waren,<lb/> voor de vrijheden ende proffijten, die in ’t Japanse rijck gauderen, geen moeyten<lb/> noch costen omme danckbaerheyt te bewijsen behoorden te spaeren ende daeromme<lb/> de committatie wel moght effect sorteren; twelck tot nader ad vijs beter<lb/> nagelaeten sij. Daer is niet anders als oncosten sonder apparentie van voordeel<lb/> aen vast.<lb/></p><p xml:id="INT_2bba0f00-e9d9-3eb0-a670-22b5d1861ee8.TEI.1.text.1.body.1.div.1.p.28" xml:lang="nl" rend="font-size: 10; text-align: justify; line-height: 11.7pt; text-indent: 22.0pt" xmlns="http://www.tei-c.org/ns/1.0">d’Advisen van Tayouan dato 4en december <hi rend="font-size:10; font-family:Liberation Serif; letter-spacing:4.5pt" xml:lang="nl">....</hi> geven ons weynige materie<lb/> noodigh U Ed. aen te cundigen. De schepen Swol ende Zeelandia souden, geladen<lb/> met vaderlants retour, den 10en off llen d.° van daer herwaerts vertrecken. Soo<lb/> haest verschijnen, worden U Ed. toegesonden.<lb/></p><p xml:id="INT_2bba0f00-e9d9-3eb0-a670-22b5d1861ee8.TEI.1.text.1.body.1.div.1.p.29" resp="int_paragraph_joining" rend="">
              Eenige ongeruste Vavorolangers hadden op hare velden de hartevanghst<lb xmlns="http://www.tei-c.org/ns/1.0"/> onderstaen te verhinderen, vier Chinesen gequetst ende drie dootgeschoten met<lb xmlns="http://www.tei-c.org/ns/1.0"/><note xml:id="INT_2bba0f00-e9d9-3eb0-a670-22b5d1861ee8.TEI.1.text.1.body.1.div.1.p.29.note.1" xml:lang="nl" rend="font-size: 7.5; text-align: justify; line-height: 9.6pt; text-indent: 21.0pt" xmlns="http://www.tei-c.org/ns/1.0">1) Carel Hartsingh voer febr. 1637 als onderkoopman met de Grol naar Tonkin, in de<lb/> volgende jaren als opperkoopman tussen Tonkin en Thaiwan, dec. 1641 was hij eerste opperkoopman<lb/> te Thaiwan. Hij x*epatrieerde dec. 1643 als commandeur van een retourvloot en<lb/> kwam aug. 1644 in patria. Juli 1651 teruggekomen als raad van Indië, werd hij president van<lb/> de Weeskamer, sept. 1651 vice-president van de Raad van Justitie, dec. 1652 commissaris<lb/> voor de kerkeraad. In maart 1653 werd hij gouverneur van Thaiwan, in mei 1653 provisioneel<lb/> directeur-generaal, nov. 1654 president van schepenen, juli 1656 definitief directeur-generaal,<lb/> nov. 1661-nov. 1663 president van schepenen, juli 1656 definitief directeur-generaal, nov.<lb/> 1661-1663 president van de Raad van Justitie. Hij stierf sept. 1663.<lb/></note><note xml:id="INT_2bba0f00-e9d9-3eb0-a670-22b5d1861ee8.TEI.1.text.1.body.1.div.1.p.29.note.2" xml:lang="nl" rend="font-size: 7.5; text-align: justify; line-height: 9.6pt; margin-left: 2100" xmlns="http://www.tei-c.org/ns/1.0">2) Senefay, bij Valentijn Tzynephay, een rivier en een stad in het noorden van Tonkin.<lb/></note><note xml:id="INT_2bba0f00-e9d9-3eb0-a670-22b5d1861ee8.TEI.1.text.1.body.1.div.1.p.29.note.3" xml:lang="nl" rend="font-size: 7.5; text-align: justify; line-height: 9.6pt; margin-left: 2100" xmlns="http://www.tei-c.org/ns/1.0">3) Faccard, gewichtseenheid in Tonkin.<lb/></note><pb xml:id="INT_2bba0f00-e9d9-3eb0-a670-22b5d1861ee8.TEI.1.text.1.body.1.div.1.p.29.pb.1" n="743" facs="http://resources.huygens.knaw.nl/retroapp/service_generalemissiven/gm_01/images/gm_1_104_0743.tif"/><fw xml:id="INT_2bba0f00-e9d9-3eb0-a670-22b5d1861ee8.TEI.1.text.1.body.1.div.1.p.29.fw.1" place="top" type="head" facs="#zone.5520500" xmlns="http://www.tei-c.org/ns/1.0">Van Diemen, Luca-sz., Reniers, Welsing en Van der Lijn VI, 30 december 1638</fw><fw xml:id="INT_2bba0f00-e9d9-3eb0-a670-22b5d1861ee8.TEI.1.text.1.body.1.div.1.p.29.fw.2" place="top" type="page-number" facs="#zone.5520516" xmlns="http://www.tei-c.org/ns/1.0">743</fw>pijl endc boogh, onaengesien licentie van den gouv.1' thoonden. Tot straffe van<lb xmlns="http://www.tei-c.org/ns/1.0"/> dese moetwille was den gouv.r persoonelijck met 200 Nederlandsche coppen<lb xmlns="http://www.tei-c.org/ns/1.0"/> ende 1400 inhabitanten, onse onderdanen, derwaerts gemekt, eysschende de<lb xmlns="http://www.tei-c.org/ns/1.0"/> moorders, dat excuseerden ende seyden, verloopen waren, daerover 150 woonende<lb xmlns="http://www.tei-c.org/ns/1.0"/> 200 rijshuysen tot straffe in brant sijn gesteecken ende die hun in defentie<lb xmlns="http://www.tei-c.org/ns/1.0"/> stelden, gevelt, sulckx dat de Sincanders drie hooffden bequamen. Dit heeft<lb xmlns="http://www.tei-c.org/ns/1.0"/> soodanigen schrick veroorsaeckt, dat niet getwijffelt wert, dese ongeruste menschen<lb xmlns="http://www.tei-c.org/ns/1.0"/> den Chinees nae desen in haere hartevanghst ongemolesteert sullen laten<lb xmlns="http://www.tei-c.org/ns/1.0"/> off ter contrarie staet groote verachteringh in de quantité vellen te veroorsaecken.<lb xmlns="http://www.tei-c.org/ns/1.0"/> Den gouv.r doet seer wel, soo quade coursen promptelijck ende aensienelijck<lb xmlns="http://www.tei-c.org/ns/1.0"/> straft.<lb xmlns="http://www.tei-c.org/ns/1.0"/>
            </p><p xml:id="INT_2bba0f00-e9d9-3eb0-a670-22b5d1861ee8.TEI.1.text.1.body.1.div.1.p.30" xml:lang="nl" rend="font-size: 10; text-align: justify; line-height: 11.7pt; text-indent: 22.0pt" xmlns="http://www.tei-c.org/ns/1.0">Wanckan is van ’t aenstorten des zees dapper affgenomen, sulx de reduyt<lb/> Vlissingen peryckel loopt te verliesen. Alle devoiren worden aengewendt tot<lb/> desselffs behoudenisse. Met sware steenen uyt de Piscadores te haelen sal den<lb/> berm moeten gemainteneert worden.<lb/></p><p xml:id="INT_2bba0f00-e9d9-3eb0-a670-22b5d1861ee8.TEI.1.text.1.body.1.div.1.p.31" xml:lang="nl" rend="font-size: 10; text-align: justify; line-height: 11.7pt; text-indent: 22.0pt" xmlns="http://www.tei-c.org/ns/1.0">’t Fort Zeelandia was g’absolveert, except de borstweeringh, cruytkelders<lb/> ende eenige corps du guardes. Per naeste hebben U Ed. d’affteeckeningh te<lb/> verwachten, die ons toegeseyt wort met Swol te senden.<lb/></p><note xml:id="INT_2bba0f00-e9d9-3eb0-a670-22b5d1861ee8.TEI.1.text.1.body.1.div.1.note.8" xml:lang="nl" place="inline" type="editorial-summary" resp="editor" rend="font-style: italic; line-height: 11.7pt; text-indent: 22.0pt; text-align: justify; font-size: 9" xmlns="http://www.tei-c.org/ns/1.0">(Van 30 sept. 1637 tot 1 oJct. 1638 is op Thaiwan toegelegd fl. 49 50 4.10.2,<lb/> de reële effecten in Indië bedragen fl. 9 252 384.16.6; de nu gezonden beide retourschepen<lb/> hebben een car gasoen van fl. 909 462.14.6; de Behagen uit Tiku gekomen;<lb/> slot).<lb/></note><pb xml:id="INT_2bba0f00-e9d9-3eb0-a670-22b5d1861ee8.TEI.1.text.1.body.1.div.1.pb.3" n="744" facs="http://resources.huygens.knaw.nl/retroapp/service_generalemissiven/gm_01/images/gm_1_104_0744.tif"/>
            
      </div>
                  </body>
                </text>
              </TEI>