<TEI xml:id="INT_bb1087e9-36f9-3895-9ba3-690f82482566" xmlns="http://www.tei-c.org/ns/1.0">
                <teiHeader>
      <fileDesc>
        <titleStmt>
          <title>De Carpentier, De Houtman, Dedel en Specx, 25 dec. 1623</title>
        </titleStmt>
        <publicationStmt>
          <p>
            <date>25 dec. 1623</date>
            <idno type="sourceID">missiven:vol1</idno>
            <idno type="pid">INT_bb1087e9-36f9-3895-9ba3-690f82482566</idno>
          </p>
        </publicationStmt>
        <notesStmt>
          <note/>
        </notesStmt>
        <sourceDesc>
          <listBibl xml:id="inlMetadata">
            <bibl type="missive">
        <interpGrp type="page"><interp>129</interp></interpGrp>
        
      <interpGrp type="titleLevel1"><interp>De Carpentier, De Houtman, Dedel en Specx, 25 dec. 1623</interp></interpGrp>
      <interpGrp type="dateLevel1"><interp>25 dec. 1623</interp></interpGrp>
        <interpGrp type="tocLevel"><interp>1</interp></interpGrp>
      <interpGrp type="volume"><interp>1</interp></interpGrp>
        <interpGrp type="n"><interp>III</interp></interpGrp>
      
      <interpGrp type="witnessYearLevel1_from"><interp>1623</interp></interpGrp>
      <interpGrp type="witnessYearLevel1_to"><interp>1623</interp></interpGrp>
      <interpGrp type="witnessMonthLevel1_to"><interp>12</interp></interpGrp>
      <interpGrp type="witnessMonthLevel1_from"><interp>12</interp></interpGrp>
      <interpGrp type="witnessDayLevel1_to"><interp>25</interp></interpGrp>
      <interpGrp type="witnessDayLevel1_from"><interp>25</interp></interpGrp>
      <interpGrp type="authorLevel1"><interp>De Carpentier</interp><interp>De Houtman</interp><interp>Dedel</interp><interp>Specx</interp></interpGrp>
      <interpGrp type="pid"><interp>INT_bb1087e9-36f9-3895-9ba3-690f82482566</interp></interpGrp>
    </bibl>
          </listBibl>
        </sourceDesc>
      </fileDesc>
    </teiHeader>
                <text xml:id="INT_bb1087e9-36f9-3895-9ba3-690f82482566.TEI.1.text.1">
                  <body xml:id="INT_bb1087e9-36f9-3895-9ba3-690f82482566.TEI.1.text.1.body.1">
                    <div xml:id="INT_bb1087e9-36f9-3895-9ba3-690f82482566.TEI.1.text.1.body.1.div.1">
        
              <pb xml:id="INT_bb1087e9-36f9-3895-9ba3-690f82482566.TEI.1.text.1.body.1.div.1.pb.1" n="129" facs="http://resources.huygens.knaw.nl/retroapp/service_generalemissiven/gm_01/images/gm_1_104_0129.tif"/><fw xml:id="INT_bb1087e9-36f9-3895-9ba3-690f82482566.TEI.1.text.1.body.1.div.1.fw.1" place="top" type="head" facs="#zone.195138" xmlns="http://www.tei-c.org/ns/1.0">De Carpentier, De Houtman, Dedel, Sonck en Speex III, 25 dec. 1623</fw><fw xml:id="INT_bb1087e9-36f9-3895-9ba3-690f82482566.TEI.1.text.1.body.1.div.1.fw.2" place="top" type="page-number" facs="#zone.195169" xmlns="http://www.tei-c.org/ns/1.0">129</fw><head xml:id="INT_bb1087e9-36f9-3895-9ba3-690f82482566.TEI.1.text.1.body.1.div.1.head.1" xml:lang="nl" rend="font-size: 10; text-align: justify; line-height: 12.0pt" xmlns="http://www.tei-c.org/ns/1.0">III. PIETER DE CARPENTIER, EREDERICK DE HOUTMAN, JACOB<lb/> DEDEL, DR. MARTINUS SONCK EN JACQUES SPECX, BATAVIA 25 december<lb/> 1623.<lb/></head><p xml:id="INT_bb1087e9-36f9-3895-9ba3-690f82482566.TEI.1.text.1.body.1.div.1.p.1" xml:lang="nl" rend="font-size: 8.5; text-align: justify; line-height: 12.0pt" xmlns="http://www.tei-c.org/ns/1.0">991 fol. 124-126, copie in 991 fol. 61-63.<lb/></p><note xml:id="INT_bb1087e9-36f9-3895-9ba3-690f82482566.TEI.1.text.1.body.1.div.1.note.1" xml:lang="nl" place="inline" type="editorial-summary" resp="editor" rend="font-style: italic; line-height: 12.0pt; text-indent: 21.0pt; text-align: justify; font-size: 10" xmlns="http://www.tei-c.org/ns/1.0">( Scheepsbeweging deels in cijferschrift <hi rend="font-size:10; font-family:Liberation Serif" xml:lang="nl">,</hi> de verklaring is in margine in patria<lb/> bij geschreven. Vervolgens meded. over moeilijkheden met de Engelsen, afgedrukt<lb/><hi rend="font-size:10; font-family:Liberation Serif" xml:lang="nl">Opkomst</hi> V, p. 23).<lb/></note><p xml:id="INT_bb1087e9-36f9-3895-9ba3-690f82482566.TEI.1.text.1.body.1.div.1.p.2" resp="int_paragraph_joining" rend="">
              Op reeckeninghe van de gemeene lasten ende incoop der specerijen van den<lb xmlns="http://www.tei-c.org/ns/1.0"/> jaere 1622 in de Moluccos, Amboina ende Banda hebben d’Engelssen van haere<lb xmlns="http://www.tei-c.org/ns/1.0"/> restanten in voorsz. quartieren suyver gefourniert ƒ 63568.11.12, pro rato van dese<lb xmlns="http://www.tei-c.org/ns/1.0"/> somme hebben haer alhier leverantie gedaen van<lb xmlns="http://www.tei-c.org/ns/1.0"/>809 ® giroffelnagelen<lb xmlns="http://www.tei-c.org/ns/1.0"/> 7287 foelie in . . . sockels<lb xmlns="http://www.tei-c.org/ns/1.0"/>23374 noten muschaten.<lb xmlns="http://www.tei-c.org/ns/1.0"/>
            </p><p xml:id="INT_bb1087e9-36f9-3895-9ba3-690f82482566.TEI.1.text.1.body.1.div.1.p.3" xml:lang="nl" rend="font-size: 10; text-align: justify; line-height: 11.7pt; text-indent: 21.0pt" xmlns="http://www.tei-c.org/ns/1.0">Niettegenstaende haer gerechte derdepart in de gemeene lasten ende incoop<lb/> der specerijen volgens onse geexhibeerde rekeninge monteerde / 305 381.15.4<lb/> ende sij niet meer daerop gefourniert hebben, alsvoren geseyt is, soo pretendeerden<lb/> sij nochtans een volle derde van alle de specerijen sonder eenen peninck meer te<lb/> willen contribueeren, sustineerende dat men haer in dese ende vorige jaers lasten<lb/> wel soo veel en bet <hi rend="font-size:10; font-family:Liberation Serif; vertical-align:super" xml:lang="nl">1 2),</hi> als aen hun contingent tecort compt, heeft af f gedrongen<lb/> te betaelen, daerinne na haer seggen niet gehouden sijn. Verscheyde reysen hebben<lb/> wij versocht, dat in conferentie wilden treden omme van post tot post de reeckeninge<lb/> t’examineeren ende, soo iets tegen contract ende naerder reglement op den<lb/> handel van de Moluccos, Amboina ende Banda (alhier bij den Raedt van Deffentie<lb/> geraemt <hi rend="font-size:10; font-family:Liberation Serif; vertical-align:super" xml:lang="nl">3),</hi> bevonden wirdt, in reeckeninge gebracht off eenige andere erreurens<lb/> gecommitteert te wesen, dat wij bereyt waeren sulcx te redresseren. Twee cessien <hi rend="font-size:10; font-family:Liberation Serif; vertical-align:super" xml:lang="nl">4)</hi><lb/>sijn door commissarissen van wedersijde daerop gehouden, maer alsoo d’Engelsen<lb/> haer noch aen reden noch reglement niet binden wilden (seggende dat sij tot het<lb/> geaccordeerde reglement geforceert waeren geweest), is alles soo blijven steecken,<lb/> in voegen, dat wij genootsaeckt sijn geweest de reeckeninge van de gemeene lasten<lb/> en de incoop der specerijen selffs te sluyten, d’Engelsse deselve over te geven<lb/> ende pro rato van haere gecontribueerde hunne portie in de specerijen te leveren,<lb/> welcke sij niet op volcomen affreeckeninge, maer provisionnelijck seyden t’ontfangen.<lb/> Naer onse meeninge soo hebben wij haer voldaen ende niet anders in<lb/> reeckeninge gebracht, als daer sij ende wij gesamentlijck aen gehouden sijn.<lb/></p><note xml:id="INT_bb1087e9-36f9-3895-9ba3-690f82482566.TEI.1.text.1.body.1.div.1.note.2" xml:lang="nl" place="inline" type="editorial-summary" resp="editor" rend="font-style: italic; line-height: 11.1pt; text-indent: 21.0pt; text-align: justify; font-size: 10" xmlns="http://www.tei-c.org/ns/1.0">(Enkele regels uitgelaten).<lb/></note><p xml:id="INT_bb1087e9-36f9-3895-9ba3-690f82482566.TEI.1.text.1.body.1.div.1.p.4" resp="int_paragraph_joining" rend="">
              In july laestleden is de vloote van deffentie onder de vlagge van den admirael<lb xmlns="http://www.tei-c.org/ns/1.0"/> Dedel ingecomen; tot april toe hebben voor Goa met de macht gelegen, de<lb xmlns="http://www.tei-c.org/ns/1.0"/> caracquen ingehouden ende voor dat jaer van hun voyage naer Portugael ge-<lb xmlns="http://www.tei-c.org/ns/1.0"/><note xml:id="INT_bb1087e9-36f9-3895-9ba3-690f82482566.TEI.1.text.1.body.1.div.1.p.4.note.1" xml:lang="nl" rend="font-size: 8.5; text-align: justify; line-height: 9.4pt; margin-left: 2200" xmlns="http://www.tei-c.org/ns/1.0">1) Sockels, baaltjes van matten of boombladeren, ter verpakking van foelie.<lb/></note><note xml:id="INT_bb1087e9-36f9-3895-9ba3-690f82482566.TEI.1.text.1.body.1.div.1.p.4.note.2" xml:lang="nl" rend="font-size: 8.5; text-align: justify; line-height: 9.6pt; margin-left: 2100" xmlns="http://www.tei-c.org/ns/1.0">2) Bet, in de zin van: meer.<lb/></note><note xml:id="INT_bb1087e9-36f9-3895-9ba3-690f82482566.TEI.1.text.1.body.1.div.1.p.4.note.3" xml:lang="nl" rend="font-size: 8.5; text-align: justify; line-height: 9.6pt; margin-left: 2100" xmlns="http://www.tei-c.org/ns/1.0">3) Af gedrukt <hi rend="font-size:8.5; font-family:Liberation Serif; font-style:italic" xml:lang="nl">Coen</hi> IV, p. 29 vlg.<lb/></note><note xml:id="INT_bb1087e9-36f9-3895-9ba3-690f82482566.TEI.1.text.1.body.1.div.1.p.4.note.4" xml:lang="nl" rend="font-size: 8.5; text-align: justify; line-height: 9.6pt; margin-left: 2100" xmlns="http://www.tei-c.org/ns/1.0">4) Bedoeld sessiën, zittingen.<lb/></note><fw xml:id="INT_bb1087e9-36f9-3895-9ba3-690f82482566.TEI.1.text.1.body.1.div.1.p.4.fw.1" type="bottom-page-number">9</fw><pb xml:id="INT_bb1087e9-36f9-3895-9ba3-690f82482566.TEI.1.text.1.body.1.div.1.p.4.pb.1" n="130" facs="http://resources.huygens.knaw.nl/retroapp/service_generalemissiven/gm_01/images/gm_1_104_0130.tif"/><fw xml:id="INT_bb1087e9-36f9-3895-9ba3-690f82482566.TEI.1.text.1.body.1.div.1.p.4.fw.2" place="top" type="page-number" facs="#zone.199843" xmlns="http://www.tei-c.org/ns/1.0">130</fw><fw xml:id="INT_bb1087e9-36f9-3895-9ba3-690f82482566.TEI.1.text.1.body.1.div.1.p.4.fw.3" place="top" type="head" facs="#zone.199847" xmlns="http://www.tei-c.org/ns/1.0">De Carpentier, De Houtman, Dedel, Sonck en Specx III, 25 dec. 1623</fw>frustreert sonder eenich voorder resconter met den vijandt gehadt te hebben, als<lb xmlns="http://www.tei-c.org/ns/1.0"/> voor Mossambicque, daervan U E. voor desen geadvijseert is <hi rend="font-size:10; font-family:Liberation Serif; vertical-align:super" xml:lang="nl" xmlns="http://www.tei-c.org/ns/1.0">1).</hi><lb xmlns="http://www.tei-c.org/ns/1.0"/>
            </p><note xml:id="INT_bb1087e9-36f9-3895-9ba3-690f82482566.TEI.1.text.1.body.1.div.1.note.3" xml:lang="nl" place="inline" type="editorial-summary" resp="editor" rend="font-style: italic; line-height: 11.7pt; text-indent: 22.0pt; text-align: justify; font-size: 9" xmlns="http://www.tei-c.org/ns/1.0">(Rechtszaak in Amboina tegen de Engelsen, ajgedrukt <hi rend="font-size:10; font-family:Liberation Serif" xml:lang="nl">Opkomst</hi> V, p. 23,<lb/> geschil over het bezit van Poelau Run, gebeurtenissen ter kust van China, bekend uit<lb/><hi rend="font-size:10; font-family:Liberation Serif" xml:lang="nl">China,</hi> scheepsladingen, dit laatste weer deels in cijferschrift, met de verklaring<lb/> in margine, in patria bijgevoegd) .<lb/></note><p xml:id="INT_bb1087e9-36f9-3895-9ba3-690f82482566.TEI.1.text.1.body.1.div.1.p.5" xml:lang="nl" rend="font-size: 8; line-height: 8.9pt; margin-left: 2200" xmlns="http://www.tei-c.org/ns/1.0">1) NI. in Coen’s brief van 20 juni 1623, vgl. <hi rend="font-size:8; font-family:Liberation Serif; font-style:italic" xml:lang="nl">Coen</hi> I, p. 758 vlg.<lb/></p>
            
      </div>
                  </body>
                </text>
              </TEI>