<TEI xml:id="INT_66116310-5197-3290-ad43-fe64bb687892" xmlns="http://www.tei-c.org/ns/1.0">
                <teiHeader>
      <fileDesc>
        <titleStmt>
          <title>De Carpentier en Raden, 15 febr. 1626</title>
        </titleStmt>
        <publicationStmt>
          <p>
            <date>15 febr. 1626</date>
            <idno type="sourceID">missiven:vol1</idno>
            <idno type="pid">INT_66116310-5197-3290-ad43-fe64bb687892</idno>
          </p>
        </publicationStmt>
        <notesStmt>
          <note/>
        </notesStmt>
        <sourceDesc>
          <listBibl xml:id="inlMetadata">
            <bibl type="missive">
        <interpGrp type="page"><interp>203</interp></interpGrp>
        
      <interpGrp type="titleLevel1"><interp>De Carpentier en Raden, 15 febr. 1626</interp></interpGrp>
      <interpGrp type="dateLevel1"><interp>15 febr. 1626</interp></interpGrp>
        <interpGrp type="tocLevel"><interp>1</interp></interpGrp>
      <interpGrp type="volume"><interp>1</interp></interpGrp>
        <interpGrp type="n"><interp>X</interp></interpGrp>
      
      <interpGrp type="witnessYearLevel1_from"><interp>1626</interp></interpGrp>
      <interpGrp type="witnessYearLevel1_to"><interp>1626</interp></interpGrp>
      <interpGrp type="witnessMonthLevel1_to"><interp>2</interp></interpGrp>
      <interpGrp type="witnessMonthLevel1_from"><interp>2</interp></interpGrp>
      <interpGrp type="witnessDayLevel1_to"><interp>15</interp></interpGrp>
      <interpGrp type="witnessDayLevel1_from"><interp>15</interp></interpGrp>
      <interpGrp type="authorLevel1"><interp>De Carpentier</interp><interp>Raden</interp></interpGrp>
      <interpGrp type="pid"><interp>INT_66116310-5197-3290-ad43-fe64bb687892</interp></interpGrp>
    </bibl>
          </listBibl>
        </sourceDesc>
      </fileDesc>
    </teiHeader>
                <text xml:id="INT_66116310-5197-3290-ad43-fe64bb687892.TEI.1.text.1">
                  <body xml:id="INT_66116310-5197-3290-ad43-fe64bb687892.TEI.1.text.1.body.1">
                    <div xml:id="INT_66116310-5197-3290-ad43-fe64bb687892.TEI.1.text.1.body.1.div.1">
        
              <pb xml:id="INT_66116310-5197-3290-ad43-fe64bb687892.TEI.1.text.1.body.1.div.1.pb.1" n="203" facs="http://resources.huygens.knaw.nl/retroapp/service_generalemissiven/gm_01/images/gm_1_104_0203.tif"/><fw xml:id="INT_66116310-5197-3290-ad43-fe64bb687892.TEI.1.text.1.body.1.div.1.fw.1" place="top" type="head" facs="#zone.415374" xmlns="http://www.tei-c.org/ns/1.0">De Carpentier en Raden X, 15 febr. 1626</fw><fw xml:id="INT_66116310-5197-3290-ad43-fe64bb687892.TEI.1.text.1.body.1.div.1.fw.2" place="top" type="page-number" facs="#zone.415385" xmlns="http://www.tei-c.org/ns/1.0">203</fw><p xml:id="INT_66116310-5197-3290-ad43-fe64bb687892.TEI.1.text.1.body.1.div.1.p.1" xml:lang="nl" rend="font-size: 8.5; text-align: justify; line-height: 13.2pt" xmlns="http://www.tei-c.org/ns/1.0"><hi rend="font-size:10; font-family:Liberation Serif" xml:lang="nl">X. PIETER DE CARPENTIER EN RADEN, BATAVIA 15 februari 1626.</hi><lb/>Copie 1002, fol. 151-155.<lb/></p><note xml:id="INT_66116310-5197-3290-ad43-fe64bb687892.TEI.1.text.1.body.1.div.1.note.1" xml:lang="nl" place="inline" type="editorial-summary" resp="editor" rend="font-size: 9.5; font-style: italic; line-height: 10.5pt; margin-left: 2200" xmlns="http://www.tei-c.org/ns/1.0">(Deze brief is een samenvatting van wat in nr IX is vermeld).<lb/></note>
            
      </div>
                  </body>
                </text>
              </TEI>