<TEI xml:id="INT_daa0011c-c34f-3ae9-9e2a-d23611ee19d6" xmlns="http://www.tei-c.org/ns/1.0">
                <teiHeader>
      <fileDesc>
        <titleStmt>
          <title>Bantam, 11 nov. 1614</title>
        </titleStmt>
        <publicationStmt>
          <p>
            <date>11 nov. 1614</date>
            <idno type="sourceID">missiven:vol1</idno>
            <idno type="pid">INT_daa0011c-c34f-3ae9-9e2a-d23611ee19d6</idno>
          </p>
        </publicationStmt>
        <notesStmt>
          <note/>
        </notesStmt>
        <sourceDesc>
          <listBibl xml:id="inlMetadata">
            <bibl type="missive">
        <interpGrp type="page"><interp>43</interp></interpGrp>
        
      <interpGrp type="titleLevel1"><interp>Bantam, 11 nov. 1614</interp></interpGrp>
      <interpGrp type="dateLevel1"><interp>11 nov. 1614</interp></interpGrp>
        <interpGrp type="tocLevel"><interp>1</interp></interpGrp>
      <interpGrp type="volume"><interp>1</interp></interpGrp>
        <interpGrp type="n"><interp>I</interp></interpGrp>
      <interpGrp type="localization_placeLevel1"><interp>Bantam</interp></interpGrp>
      <interpGrp type="witnessYearLevel1_from"><interp>1614</interp></interpGrp>
      <interpGrp type="witnessYearLevel1_to"><interp>1614</interp></interpGrp>
      <interpGrp type="witnessMonthLevel1_to"><interp>11</interp></interpGrp>
      <interpGrp type="witnessMonthLevel1_from"><interp>11</interp></interpGrp>
      <interpGrp type="witnessDayLevel1_to"><interp>11</interp></interpGrp>
      <interpGrp type="witnessDayLevel1_from"><interp>11</interp></interpGrp>
      <interpGrp type="authorLevel1"><interp></interp></interpGrp>
      <interpGrp type="pid"><interp>INT_daa0011c-c34f-3ae9-9e2a-d23611ee19d6</interp></interpGrp>
    </bibl>
          </listBibl>
        </sourceDesc>
      </fileDesc>
    </teiHeader>
                <text xml:id="INT_daa0011c-c34f-3ae9-9e2a-d23611ee19d6.TEI.1.text.1">
                  <body xml:id="INT_daa0011c-c34f-3ae9-9e2a-d23611ee19d6.TEI.1.text.1.body.1">
                    <div xml:id="INT_daa0011c-c34f-3ae9-9e2a-d23611ee19d6.TEI.1.text.1.body.1.div.1">
        
              <pb xml:id="INT_daa0011c-c34f-3ae9-9e2a-d23611ee19d6.TEI.1.text.1.body.1.div.1.pb.1" n="43" facs="http://resources.huygens.knaw.nl/retroapp/service_generalemissiven/gm_01/images/gm_1_104_0043.tif"/><fw xml:id="INT_daa0011c-c34f-3ae9-9e2a-d23611ee19d6.TEI.1.text.1.body.1.div.1.fw.1" place="top" type="head" facs="#zone.1076460" xmlns="http://www.tei-c.org/ns/1.0">Reynst I, 11 november 1614</fw><fw xml:id="INT_daa0011c-c34f-3ae9-9e2a-d23611ee19d6.TEI.1.text.1.body.1.div.1.fw.2" place="top" type="page-number" facs="#zone.1076468" xmlns="http://www.tei-c.org/ns/1.0">43</fw><p xml:id="INT_daa0011c-c34f-3ae9-9e2a-d23611ee19d6.TEI.1.text.1.body.1.div.1.p.1" xml:lang="nl" rend="font-size: 10; line-height: 12.3pt; margin-right: 10900" xmlns="http://www.tei-c.org/ns/1.0">I. GERARD REYNST, BANTAM 11 november 1614.<lb/><hi rend="font-size:7.5; font-family:Liberation Serif" xml:lang="nl">969, fol. 6 v.-12.</hi><lb/></p><note xml:id="INT_daa0011c-c34f-3ae9-9e2a-d23611ee19d6.TEI.1.text.1.body.1.div.1.note.1" xml:lang="nl" place="inline" type="editorial-summary" resp="editor" rend="font-style: italic; line-height: 11.4pt; text-indent: 22.0pt; text-align: justify; font-size: 9" xmlns="http://www.tei-c.org/ns/1.0">(Het eerste gedeelte van de brief geeft na de brieven van Both en van Coen van den<lb/> vorigen dag geen nieuws <hi rend="font-size:9; font-family:Liberation Serif; letter-spacing:1.5pt" xml:lang="nl">) .</hi><lb/></note><p xml:id="INT_daa0011c-c34f-3ae9-9e2a-d23611ee19d6.TEI.1.text.1.body.1.div.1.p.2" resp="int_paragraph_joining" rend="">
              - Ondertusschen <hi rend="font-size:10; font-family:Liberation Serif; vertical-align:super" xml:lang="nl" xmlns="http://www.tei-c.org/ns/1.0">1)</hi> bij de Engelsche alle vilainie ende quaet tegen ons<lb xmlns="http://www.tei-c.org/ns/1.0"/>souden roekenen ende dese plaetse <hi rend="font-size:10; font-family:Liberation Serif; vertical-align:super" xml:lang="nl" xmlns="http://www.tei-c.org/ns/1.0">2)</hi> oversulex alleen behouden, dat ons voor<lb xmlns="http://www.tei-c.org/ns/1.0"/> eenige jaren treffelijeke soude schaden, waeromme, omme dyergelijcke ende<lb xmlns="http://www.tei-c.org/ns/1.0"/>andere swaricheyt van wegen d’Engelsche - , voor te comen, wensche de<lb xmlns="http://www.tei-c.org/ns/1.0"/>Compie mette Engelsche aldaer <hi rend="font-size:10; font-family:Liberation Serif; vertical-align:super" xml:lang="nl" xmlns="http://www.tei-c.org/ns/1.0">3)</hi> mochten verdragen ende niettegenstaende het<lb xmlns="http://www.tei-c.org/ns/1.0"/> een pernicieuse, hooveerdig ende incompatible natie is, die overal, hoe men ’t<lb xmlns="http://www.tei-c.org/ns/1.0"/> maeckt, hun voordeel sullen soecken, soo moet nochtans het meeste ’t minste overwegen,<lb xmlns="http://www.tei-c.org/ns/1.0"/> want de prouffijte, die alsdan in ’t gemeen <hi rend="font-size:10; font-family:Liberation Serif; vertical-align:super" xml:lang="nl" xmlns="http://www.tei-c.org/ns/1.0">4)</hi> sullen cunnen gedaen worden,<lb xmlns="http://www.tei-c.org/ns/1.0"/> als meester in sulcken gevalle van Indien te cunnen worden, ende mach een<lb xmlns="http://www.tei-c.org/ns/1.0"/> cleyntgen niet schaden, als UE., tselve wel overleggende, cundt considereren.<lb xmlns="http://www.tei-c.org/ns/1.0"/>
            </p><p xml:id="INT_daa0011c-c34f-3ae9-9e2a-d23611ee19d6.TEI.1.text.1.body.1.div.1.p.3" resp="int_paragraph_joining" rend="">
              Met den persoon van Jan Pietersz. Coen is ’t contoir van Bantham sonderlingh<lb xmlns="http://www.tei-c.org/ns/1.0"/> wel bewaert; is een seer actijff bequaem jonekman ende van seer goet leven,<lb xmlns="http://www.tei-c.org/ns/1.0"/> waeromme den heer Gouverneur Both sijnne gagie heeft verbeetert, gelijck ick<lb xmlns="http://www.tei-c.org/ns/1.0"/> oock ter gelegender tijt (oock) deneke te doen, want nadat ick hem weynich dage<lb xmlns="http://www.tei-c.org/ns/1.0"/> hebbe gefrequen[t]eert, hebbe daerin sulcke contentement, dat ick winsche om<lb xmlns="http://www.tei-c.org/ns/1.0"/> 100 gulden uut mijn borse, de CcmpIe van 6 ofte 8 diergelijeke persoonen alhier<lb xmlns="http://www.tei-c.org/ns/1.0"/> waren versien. Want met soodanich persoon can men wat goets uutrechten<lb xmlns="http://www.tei-c.org/ns/1.0"/> ende met ordre ende lust negotiëren, daer ter contrarie van een onbequaeme persoon<lb xmlns="http://www.tei-c.org/ns/1.0"/> niet dan groote schade te verwachten is, gelijck U E. in ’t breede genoch<lb xmlns="http://www.tei-c.org/ns/1.0"/> sult verstaen ende bij reeckeninge voelen. Deesen Jan Pietersz. Coen is maer van<lb xmlns="http://www.tei-c.org/ns/1.0"/> den soon van Lourens Bax <hi rend="font-size:10; font-family:Liberation Serif; vertical-align:super" xml:lang="nl" xmlns="http://www.tei-c.org/ns/1.0">5)</hi> versien, die hem seer wel draecht, dan bij afflijvicheyt<lb xmlns="http://www.tei-c.org/ns/1.0"/> van den voorsz. Coenen niet bastant om deese plaetsen te dirigeeren, darhalve<lb xmlns="http://www.tei-c.org/ns/1.0"/> winsche met d’eerste scheepen, uut ’t vaderlant comende, van eenige goede comisen<lb xmlns="http://www.tei-c.org/ns/1.0"/> mocht worden versien om alhier noch eenen bij Coenen te voegen, opdat door<lb xmlns="http://www.tei-c.org/ns/1.0"/> afflijvicheyt van één, de plaetsen bij d’ander mochten worden becleet, want deese<lb xmlns="http://www.tei-c.org/ns/1.0"/> plaetsen door d’ongesontheyt van locht consemeert veel volck ende, dat ick wel<lb xmlns="http://www.tei-c.org/ns/1.0"/> ware versien, ick soude veel cantooren van nieu volck veranderen, dat nootwendich<lb xmlns="http://www.tei-c.org/ns/1.0"/> dient gedaen, mits dat op veel cantooren soo toegaet, dat ongeloof elijck is.<lb xmlns="http://www.tei-c.org/ns/1.0"/> Wemmer van Berchem <hi rend="font-size:10; font-family:Liberation Serif; vertical-align:super" xml:lang="nl" xmlns="http://www.tei-c.org/ns/1.0">6)</hi> hout op de Cust oock een royale staet, soo ick hoore, die<lb xmlns="http://www.tei-c.org/ns/1.0"/> in alle manieren mede dient gelicht ende een ander in de plaetsen gesonden ; hebbende<lb xmlns="http://www.tei-c.org/ns/1.0"/> van de Cust menichte van grove ende onbequame lijwaeten har war ts<lb xmlns="http://www.tei-c.org/ns/1.0"/> gesonden gehadt, die soo dier sijn ingecoft als de fijne clederen bij Hans van<lb xmlns="http://www.tei-c.org/ns/1.0"/><note xml:id="INT_daa0011c-c34f-3ae9-9e2a-d23611ee19d6.TEI.1.text.1.body.1.div.1.p.3.note.1" xml:lang="nl" rend="font-size: 7.5; line-height: 9.3pt; text-indent: 22.0pt" xmlns="http://www.tei-c.org/ns/1.0">1) Versta: veronderstellende dat wij elders een rendez-vous zouden zoeken te stichten,<lb/> ondertussen enz.<lb/></note><note xml:id="INT_daa0011c-c34f-3ae9-9e2a-d23611ee19d6.TEI.1.text.1.body.1.div.1.p.3.note.2" xml:lang="nl" rend="font-size: 7.5; text-align: justify; line-height: 9.3pt; margin-left: 2100" xmlns="http://www.tei-c.org/ns/1.0">2) Bantam.<lb/></note><note xml:id="INT_daa0011c-c34f-3ae9-9e2a-d23611ee19d6.TEI.1.text.1.body.1.div.1.p.3.note.3" xml:lang="nl" rend="font-size: 7.5; text-align: justify; line-height: 9.3pt; margin-left: 2100" xmlns="http://www.tei-c.org/ns/1.0">3) In Europa.<lb/></note><note xml:id="INT_daa0011c-c34f-3ae9-9e2a-d23611ee19d6.TEI.1.text.1.body.1.div.1.p.3.note.4" xml:lang="nl" rend="font-size: 7.5; text-align: justify; line-height: 9.3pt; margin-left: 2100" xmlns="http://www.tei-c.org/ns/1.0">4) Versta: gemeenschappelijk.<lb/></note><note xml:id="INT_daa0011c-c34f-3ae9-9e2a-d23611ee19d6.TEI.1.text.1.body.1.div.1.p.3.note.5" xml:lang="nl" rend="font-size: 7.5; line-height: 9.3pt; text-indent: 21.0pt" xmlns="http://www.tei-c.org/ns/1.0">5) Lourens Bacx, in december 1614 uitgekomen zoon van een gelijknamigen bewindhebber<lb/> van de Kamer Zeeland. Hij stierf reeds in 1615.<lb/></note><note xml:id="INT_daa0011c-c34f-3ae9-9e2a-d23611ee19d6.TEI.1.text.1.body.1.div.1.p.3.note.6" xml:lang="nl" rend="font-size: 7.5; text-align: justify; line-height: 9.3pt; text-indent: 21.0pt" xmlns="http://www.tei-c.org/ns/1.0">6) Wemmer van Berchem kwam okt. 1610 in Azië en werd 1612 directeur ter Kust van<lb/> Coromandel, waar hij het kasteel Geldria bij Paleacatte bouwde. Hij repatrieerde in 1615 en<lb/> werd in 1629 vice-admiraal van Holland en West-Friesland. Zie over hem <hi rend="font-size:7.5; font-family:Liberation Serif; font-style:italic" xml:lang="nl">Zes Jaren.</hi><lb/></note><pb xml:id="INT_daa0011c-c34f-3ae9-9e2a-d23611ee19d6.TEI.1.text.1.body.1.div.1.p.3.pb.1" n="44" facs="http://resources.huygens.knaw.nl/retroapp/service_generalemissiven/gm_01/images/gm_1_104_0044.tif"/><fw xml:id="INT_daa0011c-c34f-3ae9-9e2a-d23611ee19d6.TEI.1.text.1.body.1.div.1.p.3.fw.1" place="top" type="page-number" facs="#zone.1102343" xmlns="http://www.tei-c.org/ns/1.0">44</fw><fw xml:id="INT_daa0011c-c34f-3ae9-9e2a-d23611ee19d6.TEI.1.text.1.body.1.div.1.p.3.fw.2" place="top" type="head" facs="#zone.1102347" xmlns="http://www.tei-c.org/ns/1.0">Reynst I, 11 november 1614</fw>Weesick <hi rend="font-size:10; font-family:Liberation Serif; vertical-align:super" xml:lang="nl" xmlns="http://www.tei-c.org/ns/1.0">x)</hi> ordenaerlijck gecoft wierden, dat de Comple veel duysent heeft<lb xmlns="http://www.tei-c.org/ns/1.0"/> geschaet. In somma willen wij profijt trecken ende met lust negotiëren, daer moet<lb xmlns="http://www.tei-c.org/ns/1.0"/> goet volck gesonden werden ende op een cleyntgen bij U E. op ’t stuck van de<lb xmlns="http://www.tei-c.org/ns/1.0"/> gagie niet gesien.<lb xmlns="http://www.tei-c.org/ns/1.0"/>
            </p><note xml:id="INT_daa0011c-c34f-3ae9-9e2a-d23611ee19d6.TEI.1.text.1.body.1.div.1.note.2" xml:lang="nl" place="inline" type="editorial-summary" resp="editor" rend="line-height: 10.0pt; text-indent: 22.0pt; text-align: justify; letter-spacing: 1.0pt; font-size: 9" xmlns="http://www.tei-c.org/ns/1.0"><hi rend="font-size:9; font-family:Liberation Serif; font-style:italic" xml:lang="nl">(Weinig belangrijk deel overgeslagen)</hi> .<lb/></note><p xml:id="INT_daa0011c-c34f-3ae9-9e2a-d23611ee19d6.TEI.1.text.1.body.1.div.1.p.4" xml:lang="nl" rend="font-size: 10; text-align: justify; line-height: 11.7pt; text-indent: 22.0pt" xmlns="http://www.tei-c.org/ns/1.0">Ende alsoo wij bevinde, dat de plaetsen Amboyna, Banda ende de Moluyckse<lb/> eylanden daer wij forten hebben, nootwendich met goede partije slaven behooree<lb/> versien te weesen om dagelicx in alle voorvallende wercken te arbeijden, dat hier te<lb/> lande ongelijck beeter als van soldaten off matroosen wil gedaen weesen, die men<lb/> met groot geit dagelicx daertoe moet coopen, dat de Compie seer costelijck valt,<lb/> soo hebben goet gevonden U E. mits deesen te adviseren, dat U E. d’eerste<lb/> scheepen, soo na den ontfanck van deesen harwart sullen worden gesonden, deselve<lb/> ordonneert op Madagascar aen te loopen ende aldaer hun gaen ververschen,<lb/> te weeten binnen deur laten gaen verbij het eylant Gion de Nova <hi rend="font-size:10; font-family:Liberation Serif; vertical-align:super" xml:lang="nl">2)</hi> na de noortwestzijde<lb/> van ’t voorss. eylant Madagascar, aen twee plaetsen, d’eene genaemt<lb/> Mangelagij ende d’ander Sada <hi rend="font-size:10; font-family:Liberation Serif; vertical-align:super" xml:lang="nl">3),</hi> op welcke 2 voorsz. plaetsen abondancie van<lb/> beestiael is ende van alle goede verversinge voor clevn geit te becomen is, als een os<lb/> voor <hi rend="font-size:10; font-family:Liberation Serif; vertical-align:super" xml:lang="nl">1/2</hi> reael van achten ende voor coopmanschappen, haer dienstich, noch minder<lb/> te becomen sijn. Blaeuwe couraele ende andre couleuren sijn der wel begeert;<lb/> goede Hollantse ende gheen Neurenborchse messen wel begeert, gewrochte lijwaet<lb/> met blaeuwe streecxkens, gelijek daer bootsvolck hun cleederen van maken ende<lb/> veel na de cust van Guinea werden gesonden, uutneemende wel begeert ; coopere<lb/> bellen, cleyn ende groot, maer geen metaele bellen wel begeert.<lb/></p><p xml:id="INT_daa0011c-c34f-3ae9-9e2a-d23611ee19d6.TEI.1.text.1.body.1.div.1.p.5" resp="int_paragraph_joining" rend="">
              In welcke voorsz. plaetss goede suyvre anckergront ende fraey leggen is,<lb xmlns="http://www.tei-c.org/ns/1.0"/> hebbende in ’t saysoen, als onse scheepen daer sullen coomen, een opperwal, alwaer<lb xmlns="http://www.tei-c.org/ns/1.0"/> de Arabiers van de steeden Sehiri ende Cassmij <hi rend="font-size:10; font-family:Liberation Serif; vertical-align:super" xml:lang="nl" xmlns="http://www.tei-c.org/ns/1.0">4)</hi> hunne ordinarisen vaert<lb xmlns="http://www.tei-c.org/ns/1.0"/> hebben, alsmede die van de vaste cust van de steede Pathe, Lamo ende Melinde <hi rend="font-size:10; font-family:Liberation Serif; vertical-align:super" xml:lang="nl" xmlns="http://www.tei-c.org/ns/1.0">5),</hi><lb xmlns="http://www.tei-c.org/ns/1.0"/>brengende aldaer Indische cleetgens, Arabische messen, die heel goet sijn, alderhande<lb xmlns="http://www.tei-c.org/ns/1.0"/> cooperwerck, potten, ketels, beckens ende diergelijcke goederen; grove<lb xmlns="http://www.tei-c.org/ns/1.0"/> porceleynen, gout ende zilver geltt, de welcke voorsz. natie wederom van daer voeren<lb xmlns="http://www.tei-c.org/ns/1.0"/> voor de voorsz. coopmansch[appen] ende geltt, groote menichte van swarten,<lb xmlns="http://www.tei-c.org/ns/1.0"/> in quantiteyt van 4 in vijff duysent jaerlicx, dat hun beste coopmanschap is,<lb xmlns="http://www.tei-c.org/ns/1.0"/> daerin sij hunne vaert meest daer na toe maken, coopende aldaer een swart om<lb xmlns="http://www.tei-c.org/ns/1.0"/> l1/2, 2 in 3 realen van achten, nadat se sterck ende bequaem sijn ende den rijs,<lb xmlns="http://www.tei-c.org/ns/1.0"/> die daer in abondantie is, te weeten in Sada ende voor cleyn geit te becomen is,<lb xmlns="http://www.tei-c.org/ns/1.0"/><note xml:id="INT_daa0011c-c34f-3ae9-9e2a-d23611ee19d6.TEI.1.text.1.body.1.div.1.p.5.note.1" xml:lang="nl" rend="font-size: 7.5; line-height: 9.6pt; text-indent: 21.0pt" xmlns="http://www.tei-c.org/ns/1.0">1) Hana van Wesick was Van Berchems voorganger ter Kust van Coromandel en de<lb/> eerste directeur aldaar (1611-1612). Zie voor hem <hi rend="font-size:7.5; font-family:Liberation Serif; font-style:italic" xml:lang="nl">Koromandel.</hi><lb/></note><note xml:id="INT_daa0011c-c34f-3ae9-9e2a-d23611ee19d6.TEI.1.text.1.body.1.div.1.p.5.note.2" xml:lang="nl" rend="font-size: 7.5; line-height: 9.6pt; text-indent: 21.0pt" xmlns="http://www.tei-c.org/ns/1.0">2) Gion de Nova: Juan de Nova of St. Christophe, eiland in de straat van Mozambique,<lb/> west van Madagascar.<lb/></note><note xml:id="INT_daa0011c-c34f-3ae9-9e2a-d23611ee19d6.TEI.1.text.1.body.1.div.1.p.5.note.3" xml:lang="nl" rend="font-size: 7.5; line-height: 9.6pt; text-indent: 21.0pt" xmlns="http://www.tei-c.org/ns/1.0">3) Mangelagy en Sada. Het laatste ligt aan de westkust van Madagascar op 16° Z. B.<lb/> aan de baai van Baly. De andere plaats is mij niet bekend.<lb/></note><note xml:id="INT_daa0011c-c34f-3ae9-9e2a-d23611ee19d6.TEI.1.text.1.body.1.div.1.p.5.note.4" xml:lang="nl" rend="font-size: 7.5; line-height: 9.6pt; text-indent: 21.0pt" xmlns="http://www.tei-c.org/ns/1.0">4) Sehiri en Cassmy. Sjihir ligt op 30° O. L. aan de zuidkust van Arabië, Kisjim een<lb/> graad oostelijker.<lb/></note><note xml:id="INT_daa0011c-c34f-3ae9-9e2a-d23611ee19d6.TEI.1.text.1.body.1.div.1.p.5.note.5" xml:lang="nl" rend="font-size: 7.5; line-height: 9.6pt; text-indent: 21.0pt" xmlns="http://www.tei-c.org/ns/1.0">5) Pathe, Lamo en Melinde. Pata, eiland aan de oostkust van Afrika, 2° Z. B., Lamu ,<lb/> iets zuidelijker gelegen eiland, Malindi of Melinda, stad aan die kust op ongeveer 3° Z. B.<lb/></note><pb xml:id="INT_daa0011c-c34f-3ae9-9e2a-d23611ee19d6.TEI.1.text.1.body.1.div.1.p.5.pb.1" n="45" facs="http://resources.huygens.knaw.nl/retroapp/service_generalemissiven/gm_01/images/gm_1_104_0045.tif"/><fw xml:id="INT_daa0011c-c34f-3ae9-9e2a-d23611ee19d6.TEI.1.text.1.body.1.div.1.p.5.fw.1" place="top" type="head" facs="#zone.1130047" xmlns="http://www.tei-c.org/ns/1.0">Reynst I, 11 november 1614</fw><fw xml:id="INT_daa0011c-c34f-3ae9-9e2a-d23611ee19d6.TEI.1.text.1.body.1.div.1.p.5.fw.2" place="top" type="page-number" facs="#zone.1130055" xmlns="http://www.tei-c.org/ns/1.0">45</fw>ballasten hunne scheepen daervan, soo tot provijsie van de slaven, als tot coopmanschap;<lb xmlns="http://www.tei-c.org/ns/1.0"/> daer valt oock ambergries1), schilpatshoornen, daer in Indien op<lb xmlns="http://www.tei-c.org/ns/1.0"/> eenige plaetsen grooten handel mede wort gedaen. Sada is de prineipaele plaets,<lb xmlns="http://www.tei-c.org/ns/1.0"/> daer den principaelste Coninck van geheel Madagascar sijn residentie hout, is een<lb xmlns="http://www.tei-c.org/ns/1.0"/> heyden, alwaer alles beeter te becomen is als in Magelasij .<lb xmlns="http://www.tei-c.org/ns/1.0"/>
            </p><p xml:id="INT_daa0011c-c34f-3ae9-9e2a-d23611ee19d6.TEI.1.text.1.body.1.div.1.p.6" xml:lang="nl" rend="font-size: 7.5; line-height: 9.0pt; text-indent: 22.0pt" xmlns="http://www.tei-c.org/ns/1.0">1) Ambergris, afscheiding van een darmprodukt van de cachelot, als geneesmiddel en<lb/> in de parfumerie in gebruik.<lb/></p>
            
      </div>
                  </body>
                </text>
              </TEI>