<TEI xml:id="INT_84124858-13d1-3a31-b09e-279348d4361c" xmlns="http://www.tei-c.org/ns/1.0">
                <teiHeader>
      <fileDesc>
        <titleStmt>
          <title>Toelichting bij de Indices</title>
        </titleStmt>
        <publicationStmt>
          <p>
            <date></date>
            <idno type="sourceID">missiven:vol1</idno>
            <idno type="pid">INT_84124858-13d1-3a31-b09e-279348d4361c</idno>
          </p>
        </publicationStmt>
        <notesStmt>
          <note/>
        </notesStmt>
        <sourceDesc>
          <listBibl xml:id="inlMetadata">
            <bibl>
        <interpGrp type="page"><interp>746</interp></interpGrp>
        <interpGrp type="tocLevel"><interp>0</interp></interpGrp>
        <interpGrp type="volume"><interp>1</interp></interpGrp>
        <interpGrp type="n"><interp></interp></interpGrp>
        <interpGrp type="pid"><interp>INT_84124858-13d1-3a31-b09e-279348d4361c</interp></interpGrp>
        <interpGrp type="titleLevel1"><interp>Toelichting bij de Indices</interp></interpGrp>
      </bibl>
          </listBibl>
        </sourceDesc>
      </fileDesc>
    </teiHeader>
                <text xml:id="INT_84124858-13d1-3a31-b09e-279348d4361c.TEI.1.text.1">
                  <body xml:id="INT_84124858-13d1-3a31-b09e-279348d4361c.TEI.1.text.1.body.1">
                    <div xml:id="INT_84124858-13d1-3a31-b09e-279348d4361c.TEI.1.text.1.body.1.div.1">
        
              <pb xml:id="INT_84124858-13d1-3a31-b09e-279348d4361c.TEI.1.text.1.body.1.div.1.pb.1" n="746" facs="http://resources.huygens.knaw.nl/retroapp/service_generalemissiven/gm_01/images/gm_1_104_0746.tif"/><head xml:id="INT_84124858-13d1-3a31-b09e-279348d4361c.TEI.1.text.1.body.1.div.1.head.1" xml:lang="nl" rend="font-size: 12; text-align: center; line-height: 13.3pt" xmlns="http://www.tei-c.org/ns/1.0">TOELICHTING BIJ DE INDICES.<lb/></head><p xml:id="INT_84124858-13d1-3a31-b09e-279348d4361c.TEI.1.text.1.body.1.div.1.p.1" xml:lang="nl" rend="font-size: 7.5; text-align: justify; line-height: 9.6pt" xmlns="http://www.tei-c.org/ns/1.0"><hi rend="font-size:7.5; font-family:Liberation Serif; font-style:italic" xml:lang="nl">Cursief</hi> gedrukt zijn de bladzijden, waar een woord is toegelicht.<lb/></p><p xml:id="INT_84124858-13d1-3a31-b09e-279348d4361c.TEI.1.text.1.body.1.div.1.p.2" xml:lang="nl" rend="font-size: 7.5; text-align: justify; line-height: 9.6pt" xmlns="http://www.tei-c.org/ns/1.0">Woorden als Chinees en Engelsman zoeke men onder China en Engeland in de Index van<lb/> Geografische Namen; vlak daarop volgt: China (keizer van) en Engeland (koning van).<lb/> Groot-Mogol, sjogoen enz. zoeke men echter in de Index van andere Termen.<lb/></p><p xml:id="INT_84124858-13d1-3a31-b09e-279348d4361c.TEI.1.text.1.body.1.div.1.p.3" xml:lang="nl" rend="font-size: 7.5; text-align: justify; line-height: 9.6pt" xmlns="http://www.tei-c.org/ns/1.0">De schrijvers der Gen. Miss. hebben eigennamen van mensen, plaatsen, schepen enz. zonder<lb/> enig systeem en zonder consequent aan één schrijfwijze vast te houden gespeld, wat vooral<lb/> bij niet-europese termen tot verwarring kan leiden. Waar de kans daarop groot is, zijn verschillende<lb/> schrijfwijzen in de registers opgenomen met verwijzing naar degene, waarbij de<lb/> bijbehorende bladzijden zijn aangegeven. Geogr. namen en scheepsnamen zijn gewoonlijk in<lb/> moderne schrijfwijze opgenomen. Bij scheepsnamen is niet getracht te onderscheiden tussen<lb/> gelijknamige schepen.<lb/></p><p xml:id="INT_84124858-13d1-3a31-b09e-279348d4361c.TEI.1.text.1.body.1.div.1.p.4" xml:lang="nl" rend="font-size: 7.5; text-align: justify; line-height: 8.3pt" xmlns="http://www.tei-c.org/ns/1.0">De volgende letters zoeke men zo nodig ook op de volgende wijze:<lb/></p><p xml:id="INT_84124858-13d1-3a31-b09e-279348d4361c.TEI.1.text.1.body.1.div.1.p.5" xml:lang="nl" rend="font-size: 7.5; text-align: justify; line-height: 9.6pt" xmlns="http://www.tei-c.org/ns/1.0">C bij K en S.<lb/></p><p xml:id="INT_84124858-13d1-3a31-b09e-279348d4361c.TEI.1.text.1.body.1.div.1.p.6" xml:lang="nl" rend="font-size: 7.5; text-align: justify; line-height: 9.6pt" xmlns="http://www.tei-c.org/ns/1.0">Ch bij G, Ts en Tsj.<lb/> Dj bij J.<lb/></p><p xml:id="INT_84124858-13d1-3a31-b09e-279348d4361c.TEI.1.text.1.body.1.div.1.p.7" xml:lang="nl" rend="font-size: 7.5; text-align: justify; line-height: 9.6pt" xmlns="http://www.tei-c.org/ns/1.0">F bij V en Ph.<lb/></p><p xml:id="INT_84124858-13d1-3a31-b09e-279348d4361c.TEI.1.text.1.body.1.div.1.p.8" xml:lang="nl" rend="font-size: 7.5; text-align: justify; line-height: 9.6pt" xmlns="http://www.tei-c.org/ns/1.0">K bij C en Q.<lb/> Q bij K.<lb/></p><p xml:id="INT_84124858-13d1-3a31-b09e-279348d4361c.TEI.1.text.1.body.1.div.1.p.9" xml:lang="nl" rend="font-size: 7.5; text-align: justify; line-height: 9.6pt" xmlns="http://www.tei-c.org/ns/1.0">S bij C en Z.<lb/></p><p xml:id="INT_84124858-13d1-3a31-b09e-279348d4361c.TEI.1.text.1.body.1.div.1.p.10" xml:lang="nl" rend="font-size: 7.5; text-align: justify; line-height: 9.6pt" xmlns="http://www.tei-c.org/ns/1.0">G bij Ch.<lb/> J bij Dj.<lb/></p><p xml:id="INT_84124858-13d1-3a31-b09e-279348d4361c.TEI.1.text.1.body.1.div.1.p.11" xml:lang="nl" rend="font-size: 7.5; text-align: justify; line-height: 9.6pt" xmlns="http://www.tei-c.org/ns/1.0">V bij F.<lb/> Z bij S.<lb/></p>
            
      </div>
                  </body>
                </text>
              </TEI>