<TEI xml:id="INT_be4bc3a1-087b-32ea-894e-19d2e235f732" xmlns="http://www.tei-c.org/ns/1.0">
                <teiHeader>
      <fileDesc>
        <titleStmt>
          <title>Amboina, 2 juli 1617</title>
        </titleStmt>
        <publicationStmt>
          <p>
            <date>2 juli 1617</date>
            <idno type="sourceID">missiven:vol1</idno>
            <idno type="pid">INT_be4bc3a1-087b-32ea-894e-19d2e235f732</idno>
          </p>
        </publicationStmt>
        <notesStmt>
          <note/>
        </notesStmt>
        <sourceDesc>
          <listBibl xml:id="inlMetadata">
            <bibl type="missive">
        <interpGrp type="page"><interp>74</interp></interpGrp>
        
      <interpGrp type="titleLevel1"><interp>Amboina, 2 juli 1617</interp></interpGrp>
      <interpGrp type="dateLevel1"><interp>2 juli 1617</interp></interpGrp>
        <interpGrp type="tocLevel"><interp>1</interp></interpGrp>
      <interpGrp type="volume"><interp>1</interp></interpGrp>
        <interpGrp type="n"><interp>IV</interp></interpGrp>
      <interpGrp type="localization_placeLevel1"><interp>Amboina</interp></interpGrp>
      <interpGrp type="witnessYearLevel1_from"><interp>1617</interp></interpGrp>
      <interpGrp type="witnessYearLevel1_to"><interp>1617</interp></interpGrp>
      <interpGrp type="witnessMonthLevel1_to"><interp>7</interp></interpGrp>
      <interpGrp type="witnessMonthLevel1_from"><interp>7</interp></interpGrp>
      <interpGrp type="witnessDayLevel1_to"><interp>2</interp></interpGrp>
      <interpGrp type="witnessDayLevel1_from"><interp>2</interp></interpGrp>
      <interpGrp type="authorLevel1"><interp></interp></interpGrp>
      <interpGrp type="pid"><interp>INT_be4bc3a1-087b-32ea-894e-19d2e235f732</interp></interpGrp>
    </bibl>
          </listBibl>
        </sourceDesc>
      </fileDesc>
    </teiHeader>
                <text xml:id="INT_be4bc3a1-087b-32ea-894e-19d2e235f732.TEI.1.text.1">
                  <body xml:id="INT_be4bc3a1-087b-32ea-894e-19d2e235f732.TEI.1.text.1.body.1">
                    <div xml:id="INT_be4bc3a1-087b-32ea-894e-19d2e235f732.TEI.1.text.1.body.1.div.1">
        
              <pb xml:id="INT_be4bc3a1-087b-32ea-894e-19d2e235f732.TEI.1.text.1.body.1.div.1.pb.1" n="74" facs="http://resources.huygens.knaw.nl/retroapp/service_generalemissiven/gm_01/images/gm_1_104_0074.tif"/><fw xml:id="INT_be4bc3a1-087b-32ea-894e-19d2e235f732.TEI.1.text.1.body.1.div.1.fw.1" place="top" type="page-number" facs="#zone.5510115" xmlns="http://www.tei-c.org/ns/1.0">74</fw><fw xml:id="INT_be4bc3a1-087b-32ea-894e-19d2e235f732.TEI.1.text.1.body.1.div.1.fw.2" place="top" type="head" facs="#zone.5510119" xmlns="http://www.tei-c.org/ns/1.0">Reael IV, 2 juli 1617</fw><head xml:id="INT_be4bc3a1-087b-32ea-894e-19d2e235f732.TEI.1.text.1.body.1.div.1.head.1" xml:lang="nl" rend="font-size: 10; line-height: 11.1pt" xmlns="http://www.tei-c.org/ns/1.0">IV. LAURENS REAEL, AMBOINA 2 juli 1617.<lb/></head><p xml:id="INT_be4bc3a1-087b-32ea-894e-19d2e235f732.TEI.1.text.1.body.1.div.1.p.1" xml:lang="nl" rend="font-size: 7.5; line-height: 8.3pt" xmlns="http://www.tei-c.org/ns/1.0">976, fol. 10-12.<lb/></p><p xml:id="INT_be4bc3a1-087b-32ea-894e-19d2e235f732.TEI.1.text.1.body.1.div.1.p.2" xml:lang="nl" rend="font-size: 10; text-align: justify; line-height: 11.7pt; text-indent: 23.0pt" xmlns="http://www.tei-c.org/ns/1.0">De Engelse hebben haer op Poulloron seei gesterckt ende hebben een cleyn<lb/> eylandeken begrepen, dat aen wedersijde de rede (die seer sober es) beschieten<lb/> ende be vrij en can1). De reste van het eylandt es, soo vele, als tot onse kennisse<lb/> gecomen es, sonder anckergront ende seer steyl. In de stadt hebben sij mede haer<lb/> geschut alsmede noch een baterije ofte twee op het landt tot bevrijdinge van het<lb/> cleyn eylandeken. Wat hare meninge zij, en can ick niet bevroeden, maer ’t schijnt,<lb/> dat se naerder ordre van Bantham sullen verwachten. Ingevalle de vrede in Banda<lb/> continueren mach, ick en twijffel niet, off het sal van selffs doot bloeijen, want het<lb/> landeken de oncosten niet dragen en can ende soo swaren oorloge, als hier gesien<lb/> ende geschapen es te' sullen ontstaen, niet waerdich es.<lb/></p><note xml:id="INT_be4bc3a1-087b-32ea-894e-19d2e235f732.TEI.1.text.1.body.1.div.1.note.1" xml:lang="nl" place="inline" type="editorial-summary" resp="editor" rend="font-style: italic; line-height: 10.0pt; text-indent: 23.0pt; text-align: justify; font-size: 9" xmlns="http://www.tei-c.org/ns/1.0">(Meded. over Amboina, van elders bekend).<lb/></note><p xml:id="INT_be4bc3a1-087b-32ea-894e-19d2e235f732.TEI.1.text.1.body.1.div.1.p.3" resp="int_paragraph_joining" rend="">
              Dan dit bevinde ick, dat dese saken ons bij dese inwoonders overal maer<lb xmlns="http://www.tei-c.org/ns/1.0"/> principalick alhier <hi rend="font-size:10; font-family:Liberation Serif; vertical-align:super" xml:lang="nl" xmlns="http://www.tei-c.org/ns/1.0">2)</hi> seer odieux maken. Eerst de liberale uytborginge van de<lb xmlns="http://www.tei-c.org/ns/1.0"/> onse, die de schulden dan wederomme met harde middelen, te weten datelicke<lb xmlns="http://www.tei-c.org/ns/1.0"/> apprehensie van debiteurs, moeten innen ende alsoo het spreeckwoordt waer<lb xmlns="http://www.tei-c.org/ns/1.0"/> maken, borght ghij u vrundt, ghij maent u vijant. Ten anderen, dat zij bemercken,<lb xmlns="http://www.tei-c.org/ns/1.0"/> in hoe grooten servituyt zij steken uyt cracht van de contracten ende accoorden<lb xmlns="http://www.tei-c.org/ns/1.0"/> van hare vruchten alleen aen ons te leveren <hi rend="font-size:10; font-family:Liberation Serif; vertical-align:super" xml:lang="nl" xmlns="http://www.tei-c.org/ns/1.0">3),</hi> voor desen gemaeckt, daerinne haer<lb xmlns="http://www.tei-c.org/ns/1.0"/> de oogen van alle vreemden, maer principalick van de Engelse (die voor hare<lb xmlns="http://www.tei-c.org/ns/1.0"/> vruchten eens soo vele presenteren als wij) dapper werdden geopent. Nu compt<lb xmlns="http://www.tei-c.org/ns/1.0"/> daerbij, dat se zien ende mercken, dat wij alle j oneken van vreemdelingen met<lb xmlns="http://www.tei-c.org/ns/1.0"/> alle middel van hier soecken te weeren, dat van alle tijden ende altijdts haer meeste<lb xmlns="http://www.tei-c.org/ns/1.0"/> gerieff ende welvaren es geweest. Dese ende meer andere redenen, segge ick, dat<lb xmlns="http://www.tei-c.org/ns/1.0"/> ons moeten bewegen niet op haer, maer veel eer op onse eygen macht ende middelen<lb xmlns="http://www.tei-c.org/ns/1.0"/> te bouwen, daertoe mijns bedunekens de gouverneur Block <hi rend="font-size:10; font-family:Liberation Serif; vertical-align:super" xml:lang="nl" xmlns="http://www.tei-c.org/ns/1.0">4)</hi> goede fondamenten<lb xmlns="http://www.tei-c.org/ns/1.0"/> heeft beginnen te leggen. Wel is waer dat soo wel in de saké selffs als in de<lb xmlns="http://www.tei-c.org/ns/1.0"/> middelen daertoe aengewent, wel vrij wat te seggen soude vallen ende dat ick<lb xmlns="http://www.tei-c.org/ns/1.0"/> niet en ontkenne, off daer en es veel hardicheyts gebruyckt ende merckelick in<lb xmlns="http://www.tei-c.org/ns/1.0"/> den persoon van capn Hitto <hi rend="font-size:10; font-family:Liberation Serif; vertical-align:super" xml:lang="nl" xmlns="http://www.tei-c.org/ns/1.0">5),</hi> dyen hij al wat geringer, als sijne verdiensten wel<lb xmlns="http://www.tei-c.org/ns/1.0"/> schijnen te meriteren, van vele gehouden werdt getracteert te hebben. Soo is ’t<lb xmlns="http://www.tei-c.org/ns/1.0"/> nochtans soo, dat men met hetgene hier gepasseert es, sijn prouffijt moet soecken<lb xmlns="http://www.tei-c.org/ns/1.0"/><note xml:id="INT_be4bc3a1-087b-32ea-894e-19d2e235f732.TEI.1.text.1.body.1.div.1.p.3.note.1" xml:lang="nl" rend="font-size: 7.5; text-align: justify; line-height: 9.6pt; text-indent: 22.0pt" xmlns="http://www.tei-c.org/ns/1.0">1) Vgl. <hi rend="font-size:7.5; font-family:Liberation Serif; font-style:italic" xml:lang="nl">Banda,</hi> p. 95. Het „cleyn eylandeken” is Nailaka, waarover men vgl. <hi rend="font-size:7.5; font-family:Liberation Serif; font-style:italic" xml:lang="nl">Oudheden,</hi><lb/>p. 123. Zoals uit de tekst blijkt, hadden deEngelsen zich op Run, het westelijkste van de Bandaeilanden,<lb/> gevestigd. Hun aanspraken daarop gaven zij eerst bij do vrede van Breda (1667) prijs.<lb/></note><note xml:id="INT_be4bc3a1-087b-32ea-894e-19d2e235f732.TEI.1.text.1.body.1.div.1.p.3.note.2" xml:lang="nl" rend="font-size: 7.5; text-align: justify; line-height: 9.6pt; margin-left: 2100" xmlns="http://www.tei-c.org/ns/1.0">2) Op Amboina.<lb/></note><note xml:id="INT_be4bc3a1-087b-32ea-894e-19d2e235f732.TEI.1.text.1.body.1.div.1.p.3.note.3" xml:lang="nl" rend="font-size: 7.5; text-align: justify; line-height: 9.6pt; margin-left: 2100" xmlns="http://www.tei-c.org/ns/1.0">3) Vgl. <hi rend="font-size:7.5; font-family:Liberation Serif; font-style:italic" xml:lang="nl">Corpus</hi> I, vooral contract XIV.<lb/></note><note xml:id="INT_be4bc3a1-087b-32ea-894e-19d2e235f732.TEI.1.text.1.body.1.div.1.p.3.note.4" xml:lang="nl" rend="font-size: 7.5; text-align: justify; line-height: 9.6pt; text-indent: 21.0pt" xmlns="http://www.tei-c.org/ns/1.0">4) Adriaen Block Martensz. kwam 1601 als schipper op de Zwarte Leeuw in de Oost;<lb/> in 1611 als commandeur van een vloot van 12 schepen; 1614-1617 gouverneur van Amboina,<lb/> waarna hij repatrieerde; 1628 commandeur van een vloot van 11 schepen en extraord. raad<lb/> van Indië, 15 nov. 1628 uit dat laatste ambt geschorst; 4 nov. 1629 baljuw van Batavia.<lb/> Hij repatrieerde voor de laatste maal 8 maart 1631 als passagier. Vgl. <hi rend="font-size:7.5; font-family:Liberation Serif; font-style:italic" xml:lang="nl">Buysero,</hi> p. 168.<lb/></note><note xml:id="INT_be4bc3a1-087b-32ea-894e-19d2e235f732.TEI.1.text.1.body.1.div.1.p.3.note.5" xml:lang="nl" rend="font-size: 7.5; text-align: justify; line-height: 9.6pt; text-indent: 21.0pt" xmlns="http://www.tei-c.org/ns/1.0">5) Kapitan Hitu was het invloedrijkste der hoofden van Hitu, het noordelijke schiereiland<lb/> van Amboina en daar tevens vertegenwoordiger van den vorst van Ternate. Vgl. <hi rend="font-size:7.5; font-family:Liberation Serif; font-style:italic" xml:lang="nl">Corpus</hi><lb/>I, p. 31 noot 1. De man, die het ambt bekleedde, toen de Nederlanders bij Amboina verschenen<lb/> (maart 1599), bleef tot zijn dood, april 1633, in functie.<lb/></note><pb xml:id="INT_be4bc3a1-087b-32ea-894e-19d2e235f732.TEI.1.text.1.body.1.div.1.p.3.pb.1" n="75" facs="http://resources.huygens.knaw.nl/retroapp/service_generalemissiven/gm_01/images/gm_1_104_0075.tif"/><fw xml:id="INT_be4bc3a1-087b-32ea-894e-19d2e235f732.TEI.1.text.1.body.1.div.1.p.3.fw.1" place="top" type="head" facs="#zone.5530680" xmlns="http://www.tei-c.org/ns/1.0">Reael IV, 2 juli 1617</fw><fw xml:id="INT_be4bc3a1-087b-32ea-894e-19d2e235f732.TEI.1.text.1.body.1.div.1.p.3.fw.2" place="top" type="page-number" facs="#zone.5530688" xmlns="http://www.tei-c.org/ns/1.0">75</fw>te doen ende en twijffele niet, off met een discrete sachticheyt ende accomodatie<lb xmlns="http://www.tei-c.org/ns/1.0"/> alles lichtelijck terechte zal zijn te brengen ende wij sullen van onsen kant dat<lb xmlns="http://www.tei-c.org/ns/1.0"/> tenminsten daermede gewonnen hebben, dat de voorn. Hitto voortaen sijne<lb xmlns="http://www.tei-c.org/ns/1.0"/> handen wel houden sal van die dingen, die onse souverainiteyt alhier betreffen <hi rend="font-size:10; font-family:Liberation Serif; vertical-align:super" xml:lang="nl" xmlns="http://www.tei-c.org/ns/1.0">1),</hi><lb xmlns="http://www.tei-c.org/ns/1.0"/>daerinne hij hem seker niet als al te diep gesteken en hadde. De inwoonders van<lb xmlns="http://www.tei-c.org/ns/1.0"/> Combello <hi rend="font-size:10; font-family:Liberation Serif; vertical-align:super" xml:lang="nl" xmlns="http://www.tei-c.org/ns/1.0">2)</hi> blijven noch van het fort, doch den handel en es daeromme te minder<lb xmlns="http://www.tei-c.org/ns/1.0"/> niet. Die van ’t hooge, sorterende onder ’t fort, voor desen gerebelleert ende voor<lb xmlns="http://www.tei-c.org/ns/1.0"/> onse compste gereconcilieert <hi rend="font-size:10; font-family:Liberation Serif; vertical-align:super" xml:lang="nl" xmlns="http://www.tei-c.org/ns/1.0">3),</hi> houden haer alsnoch stille, maer in tijdt van<lb xmlns="http://www.tei-c.org/ns/1.0"/> oorloge souder weynich op haer, alsmede die hier om’t fort woonen, te bouwen<lb xmlns="http://www.tei-c.org/ns/1.0"/> zijn, want sij zeggen selffs tegens witten niet te mogen bestaen, dat se cans te<lb xmlns="http://www.tei-c.org/ns/1.0"/> bort zijn, die de hoochste oogen worpt, die strijckt se <hi rend="font-size:10; font-family:Liberation Serif; vertical-align:super" xml:lang="nl" xmlns="http://www.tei-c.org/ns/1.0">4).</hi> Het fort is in goede<lb xmlns="http://www.tei-c.org/ns/1.0"/> defentie ende van victualie ende ammunitie tamelick versien.<lb xmlns="http://www.tei-c.org/ns/1.0"/>
            </p><note xml:id="INT_be4bc3a1-087b-32ea-894e-19d2e235f732.TEI.1.text.1.body.1.div.1.note.2" xml:lang="nl" place="inline" type="editorial-summary" resp="editor" rend="font-size: 9.5; font-style: italic; line-height: 10.5pt; margin-left: 2200" xmlns="http://www.tei-c.org/ns/1.0">( Slotopmerkingen ) .<lb/></note><note xml:id="INT_be4bc3a1-087b-32ea-894e-19d2e235f732.TEI.1.text.1.body.1.div.1.note.3" xml:lang="nl" rend="font-size: 7.5; line-height: 9.6pt; text-indent: 21.0pt" xmlns="http://www.tei-c.org/ns/1.0">1 ) De Nederlandse souvereiniteit strekte zich uit over Leitimor, het zuidelijke schiereiland<lb/> van Amboina, de oostelijker gelegen Uleassers en een aantal dorpen op Ceram.<lb/></note><note xml:id="INT_be4bc3a1-087b-32ea-894e-19d2e235f732.TEI.1.text.1.body.1.div.1.note.4" xml:lang="nl" rend="font-size: 7.5; line-height: 9.6pt; text-indent: 21.0pt" xmlns="http://www.tei-c.org/ns/1.0">2) Met dit dorp was men sinds 1615 op slechte voet. Vgl. <hi rend="font-size:7.5; font-family:Liberation Serif; font-style:italic" xml:lang="nl">Goen</hi> VII, p. 36 vlg. en <hi rend="font-size:7.5; font-family:Liberation Serif; font-style:italic" xml:lang="nl">Geschie¬</hi><lb/><hi rend="font-size:7.5; font-family:Liberation Serif; font-style:italic" xml:lang="nl">denis</hi> III, p. 95.<lb/></note><note xml:id="INT_be4bc3a1-087b-32ea-894e-19d2e235f732.TEI.1.text.1.body.1.div.1.note.5" xml:lang="nl" rend="font-size: 7.5; line-height: 9.6pt; text-indent: 21.0pt" xmlns="http://www.tei-c.org/ns/1.0">3) Bedoeld zijn de bewoners van het bergland van Leitimor, die bij contract van<lb/> 16 nov. 1616 <hi rend="font-size:7.5; font-family:Liberation Serif; font-style:italic" xml:lang="nl">(Corpus</hi> I, nr. LIII <hi rend="font-size:7.5; font-family:Liberation Serif; font-style:italic" xml:lang="nl">)</hi> weer in onderwerping waren gekomen.<lb/></note><note xml:id="INT_be4bc3a1-087b-32ea-894e-19d2e235f732.TEI.1.text.1.body.1.div.1.note.6" xml:lang="nl" rend="font-size: 7.5; line-height: 9.6pt; text-indent: 21.0pt" xmlns="http://www.tei-c.org/ns/1.0">4) Het is mogelijk, dat de bedoelde lieden zich inderdaad zo hebben uitgedrukt, daar<lb/> het dobbelspel in het Oosten bekend was.<lb/></note>
            
      </div>
                  </body>
                </text>
              </TEI>