<TEI xml:id="INT_c4486246-2f28-33d8-b534-af5493a427f1" xmlns="http://www.tei-c.org/ns/1.0">
                <teiHeader>
      <fileDesc>
        <titleStmt>
          <title>De Carpentier, 29 juli 1627</title>
        </titleStmt>
        <publicationStmt>
          <p>
            <date>29 juli 1627</date>
            <idno type="sourceID">missiven:vol1</idno>
            <idno type="pid">INT_c4486246-2f28-33d8-b534-af5493a427f1</idno>
          </p>
        </publicationStmt>
        <notesStmt>
          <note/>
        </notesStmt>
        <sourceDesc>
          <listBibl xml:id="inlMetadata">
            <bibl type="missive">
        <interpGrp type="page"><interp>240</interp></interpGrp>
        
      <interpGrp type="titleLevel1"><interp>De Carpentier, 29 juli 1627</interp></interpGrp>
      <interpGrp type="dateLevel1"><interp>29 juli 1627</interp></interpGrp>
        <interpGrp type="tocLevel"><interp>1</interp></interpGrp>
      <interpGrp type="volume"><interp>1</interp></interpGrp>
        <interpGrp type="n"><interp>XV</interp></interpGrp>
      
      <interpGrp type="witnessYearLevel1_from"><interp>1627</interp></interpGrp>
      <interpGrp type="witnessYearLevel1_to"><interp>1627</interp></interpGrp>
      <interpGrp type="witnessMonthLevel1_to"><interp>7</interp></interpGrp>
      <interpGrp type="witnessMonthLevel1_from"><interp>7</interp></interpGrp>
      <interpGrp type="witnessDayLevel1_to"><interp>29</interp></interpGrp>
      <interpGrp type="witnessDayLevel1_from"><interp>29</interp></interpGrp>
      <interpGrp type="authorLevel1"><interp>De Carpentier</interp></interpGrp>
      <interpGrp type="pid"><interp>INT_c4486246-2f28-33d8-b534-af5493a427f1</interp></interpGrp>
    </bibl>
          </listBibl>
        </sourceDesc>
      </fileDesc>
    </teiHeader>
                <text xml:id="INT_c4486246-2f28-33d8-b534-af5493a427f1.TEI.1.text.1">
                  <body xml:id="INT_c4486246-2f28-33d8-b534-af5493a427f1.TEI.1.text.1.body.1">
                    <div xml:id="INT_c4486246-2f28-33d8-b534-af5493a427f1.TEI.1.text.1.body.1.div.1"><div xml:id="INT_c4486246-2f28-33d8-b534-af5493a427f1.TEI.1.text.1.body.1.div.1.div.1" type="subdivision_for_sake_of_validation">
        
              <pb xml:id="INT_c4486246-2f28-33d8-b534-af5493a427f1.TEI.1.text.1.body.1.div.1.div.1.pb.1" n="240" facs="http://resources.huygens.knaw.nl/retroapp/service_generalemissiven/gm_01/images/gm_1_104_0240.tif"/><fw xml:id="INT_c4486246-2f28-33d8-b534-af5493a427f1.TEI.1.text.1.body.1.div.1.div.1.fw.1" place="top" type="page-number" facs="#zone.522691" xmlns="http://www.tei-c.org/ns/1.0">240</fw><fw xml:id="INT_c4486246-2f28-33d8-b534-af5493a427f1.TEI.1.text.1.body.1.div.1.div.1.fw.2" place="top" type="head" facs="#zone.522696" xmlns="http://www.tei-c.org/ns/1.0">De Carpentier XV, 29 juli 1627</fw><p xml:id="INT_c4486246-2f28-33d8-b534-af5493a427f1.TEI.1.text.1.body.1.div.1.div.1.p.1" xml:lang="nl" rend="font-size: 10; line-height: 11.1pt" xmlns="http://www.tei-c.org/ns/1.0">XV. PIETER DE CARPENTIER, Batavia 29 juli 1627 <hi rend="font-size:10; font-family:Liberation Serif; font-style:italic" xml:lang="nl">').</hi><lb/></p><p xml:id="INT_c4486246-2f28-33d8-b534-af5493a427f1.TEI.1.text.1.body.1.div.1.div.1.p.2" xml:lang="nl" rend="font-size: 8; line-height: 8.9pt" xmlns="http://www.tei-c.org/ns/1.0">1003, fol. 37-41.<lb/></p><note xml:id="INT_c4486246-2f28-33d8-b534-af5493a427f1.TEI.1.text.1.body.1.div.1.div.1.note.1" xml:lang="nl" place="inline" type="editorial-summary" resp="editor" rend="font-style: italic; line-height: 11.1pt; text-indent: 22.0pt; text-align: justify; font-size: 10" xmlns="http://www.tei-c.org/ns/1.0">(Aankomst en vertrek van schepen <hi rend="font-size:10; font-family:Liberation Serif" xml:lang="nl">,</hi> vgl. <hi rend="font-size:10; font-family:Liberation Serif" xml:lang="nl">Daghregisters</hi> 13 maart-24 juli 1627).<lb/></note><p xml:id="INT_c4486246-2f28-33d8-b534-af5493a427f1.TEI.1.text.1.body.1.div.1.div.1.p.3" xml:lang="nl" rend="font-size: 10; text-align: justify; line-height: 11.7pt; text-indent: 22.0pt" xmlns="http://www.tei-c.org/ns/1.0">De Japanders, meent men, wel 1000 picol sijde daer1 <hi rend="font-size:10; font-family:Liberation Serif; vertical-align:super" xml:lang="nl">2)</hi> vervoeren sullen<lb/> neffens goede partije stoffen ende veele hertevellen. Van den vijant verstont men,<lb/> dat met drye galeyen, een fregat ende seven Chyneesche j oneken, altsamen wel<lb/> gemant, in de maent maey van Manilha nae Eormosa was vertrocken <hi rend="font-size:10; font-family:Liberation Serif; vertical-align:super" xml:lang="nl">3)</hi> naer een<lb/> plaetse genaemt Kelantangsui <hi rend="font-size:10; font-family:Liberation Serif; vertical-align:super" xml:lang="nl">4),</hi> gelegen aen ’t n.eynde van ’t groote eylant,<lb/> alwaer een dryhoeckigh fortien van steen had begunnen op te werpen met intentie<lb/> om sich aldaer te vesten ende den Chineschen handel voor hem te stabilieren.<lb/><hi rend="font-size:8; font-family:Liberation Serif" xml:lang="nl">Fol. 38v.</hi><lb/></p><note xml:id="INT_c4486246-2f28-33d8-b534-af5493a427f1.TEI.1.text.1.body.1.div.1.div.1.note.2" xml:lang="nl" place="inline" type="editorial-summary" resp="editor" rend="font-style: italic; line-height: 11.1pt; text-indent: 22.0pt; text-align: justify; font-size: 10" xmlns="http://www.tei-c.org/ns/1.0">(Schepen naar China en Japan gezonden).<lb/></note><p xml:id="INT_c4486246-2f28-33d8-b534-af5493a427f1.TEI.1.text.1.body.1.div.1.div.1.p.4" xml:lang="nl" rend="font-size: 10; text-align: justify; line-height: 11.7pt; text-indent: 22.0pt" xmlns="http://www.tei-c.org/ns/1.0">Wat ordre wij tegen dese schadelijcke incrupingen der Japansche trafiquanten<lb/> in Teyouhan door een extraordinary ambassade aen den Keyser van Japan gegeven,<lb/> mitsgaders wat wij tegen des vijants attentaten op Formosa voorgenomen, gelijck<lb/> mede wat capitael wij dit z. mousson tot den Chineeschen handel soo naer Teyouhan<lb/> als Japan gesonden hebben ende den voorderen stant Uwer Ed. affairen in<lb/> die quartieren, hopen wij U Ed. tsijnder tijdt breeder t’adviseren.<lb/></p><p xml:id="INT_c4486246-2f28-33d8-b534-af5493a427f1.TEI.1.text.1.body.1.div.1.div.1.p.5" xml:lang="nl" rend="font-size: 10; text-align: justify; line-height: 11.7pt; text-indent: 22.0pt" xmlns="http://www.tei-c.org/ns/1.0">In de Moluquen, Amboyna ende Banda ging het volgens de jongste ad vijsen<lb/> van daer noch redelijck toe ende alles stont naer uytterlijcke apparentie op beter<lb/> gevolch als voor desen; de sengagie van Labouwers, item de maringe <hi rend="font-size:10; font-family:Liberation Serif; vertical-align:super" xml:lang="nl">5)</hi> van de<lb/> vrije mardijekers met hare consorten in Batsian, hebben seecker verraet tegen<lb/> U Ed. fort aldaer voorgenomen <hi rend="font-size:10; font-family:Liberation Serif; vertical-align:super" xml:lang="nl">6)</hi> ende daerover met den vijant secrete intelligentie<lb/> gehadt, doch is de conspiratie door Godes genade bijtij ts ondeckt ende acht<lb/> van de principaelste sijn over dit feyt op Maleye metter doot geexecuteert. Men<lb/> bevint niet, dat den Coninck van Batsian ofte den Tarnataen hierinne yets<lb/> participeren, maer dat het directelijck van de conspirateurs selve ende den vijant<lb/> sijn oorspronek neemt.<lb/></p><note xml:id="INT_c4486246-2f28-33d8-b534-af5493a427f1.TEI.1.text.1.body.1.div.1.div.1.note.3" xml:lang="nl" place="inline" type="editorial-summary" resp="editor" rend="font-style: italic; line-height: 11.1pt; text-indent: 22.0pt; text-align: justify; font-size: 10" xmlns="http://www.tei-c.org/ns/1.0">(Produkten uit de Specerij eilanden ontvangen).<lb/></note><p xml:id="INT_c4486246-2f28-33d8-b534-af5493a427f1.TEI.1.text.1.body.1.div.1.div.1.p.6" xml:lang="nl" rend="font-size: 10; text-align: right; line-height: 11.7pt" xmlns="http://www.tei-c.org/ns/1.0">Batavia staet noch (Godt loff) nae tijts gelegentheyt in gewenscht progres;<lb/> dit jaer sijn hier 5 j oneken uyt Chyna aengecomen, volladen met allerley Chy-<lb/></p><note xml:id="INT_c4486246-2f28-33d8-b534-af5493a427f1.TEI.1.text.1.body.1.div.1.div.1.note.4" xml:lang="nl" rend="font-size: 8; text-align: justify; line-height: 9.6pt; text-indent: 22.0pt" xmlns="http://www.tei-c.org/ns/1.0">1) Deze brief is alleen door de Carpentier getekend. Door Coen en de raden van Indië<lb/> wordt er in de hierna volgende Generale Missive van 9 november 1627 — zie <hi rend="font-size:8; font-family:Liberation Serif; font-style:italic" xml:lang="nl">Coen</hi> V, p. 16 —<lb/> naar verwezen als naar „onsen jongsten”. Ik beschouw hem daarom als Generale Missive en<lb/> neem hem, voor zover gewenst, in deze uitgave op.<lb/></note><note xml:id="INT_c4486246-2f28-33d8-b534-af5493a427f1.TEI.1.text.1.body.1.div.1.div.1.note.5" xml:lang="nl" rend="font-size: 8; text-align: justify; line-height: 9.6pt; margin-left: 2100" xmlns="http://www.tei-c.org/ns/1.0">2) Van de kust van China.<lb/></note><note xml:id="INT_c4486246-2f28-33d8-b534-af5493a427f1.TEI.1.text.1.body.1.div.1.div.1.note.6" xml:lang="nl" rend="font-size: 8; text-align: justify; line-height: 9.6pt; text-indent: 21.0pt" xmlns="http://www.tei-c.org/ns/1.0">3) Volgens <hi rend="font-size:8; font-family:Liberation Serif; font-style:italic" xml:lang="nl">Formosa,</hi> p. 67 bestond deze expeditie, die evenwel eerst deels 26 juli en<lb/> deels 17 augustus 1627 vertrok, uit drie galjoenen, een kleiner schip, twee pataches (vrachtvaartuigen)<lb/> en twee galeien.<lb/></note><note xml:id="INT_c4486246-2f28-33d8-b534-af5493a427f1.TEI.1.text.1.body.1.div.1.div.1.note.7" xml:lang="nl" rend="font-size: 8; line-height: 9.6pt; text-indent: 21.0pt" xmlns="http://www.tei-c.org/ns/1.0">4) In de Indische correspondentie vindt men aanvankelijk Ki-Lung met het westelijker<lb/> gelegen Tan-Sui gewoonlijk op deze wijze als één plaats aangegeven.<lb/></note><note xml:id="INT_c4486246-2f28-33d8-b534-af5493a427f1.TEI.1.text.1.body.1.div.1.div.1.note.8" xml:lang="nl" rend="font-size: 8; text-align: justify; line-height: 9.6pt; text-indent: 21.0pt" xmlns="http://www.tei-c.org/ns/1.0">5) Marinho, van het Portugese „tot de zee behorend”. Misschien oorspronkelijk een<lb/> waterschout, op de Specerij eilanden een ondergeschikt hoofd, weldra slechts een oppasser of<lb/> bode.<lb/></note><note xml:id="INT_c4486246-2f28-33d8-b534-af5493a427f1.TEI.1.text.1.body.1.div.1.div.1.note.9" xml:lang="nl" rend="font-size: 8; line-height: 9.6pt; text-indent: 21.0pt" xmlns="http://www.tei-c.org/ns/1.0">6) Waaromtrent men raadplege <hi rend="font-size:8; font-family:Liberation Serif; font-style:italic" xml:lang="nl">Coen</hi> VII, p. 1382 vlg. en <hi rend="font-size:8; font-family:Liberation Serif; font-style:italic" xml:lang="nl">Valentijn,</hi> Beschrijvinge der<lb/> Moluccos, p. 117-118.<lb/></note><pb xml:id="INT_c4486246-2f28-33d8-b534-af5493a427f1.TEI.1.text.1.body.1.div.1.div.1.pb.2" n="241" facs="http://resources.huygens.knaw.nl/retroapp/service_generalemissiven/gm_01/images/gm_1_104_0241.tif"/><fw xml:id="INT_c4486246-2f28-33d8-b534-af5493a427f1.TEI.1.text.1.body.1.div.1.div.1.fw.3" place="top" type="head" facs="#zone.525385" xmlns="http://www.tei-c.org/ns/1.0">De Carpentier XV, 29 juli 1627</fw><fw xml:id="INT_c4486246-2f28-33d8-b534-af5493a427f1.TEI.1.text.1.body.1.div.1.div.1.fw.4" place="top" type="page-number" facs="#zone.525394" xmlns="http://www.tei-c.org/ns/1.0">241</fw><p xml:id="INT_c4486246-2f28-33d8-b534-af5493a427f1.TEI.1.text.1.body.1.div.1.div.1.p.7" xml:lang="nl" rend="font-size: 10; text-align: justify; line-height: 11.7pt" xmlns="http://www.tei-c.org/ns/1.0">neesche waren ende over de twee duysent Chynesen ende sijn weder gemelte<lb/> 5 j oneken met noch eene, overgebleven van ’t voorleden jaer, tsamen ses in ’t<lb/> getal, rijekelijek geladen nae Chyna gekeert onder convoy van den Haen en de<lb/> West Cappel; soo dese behouden overcomen, is ’t te hopen, ’t naeste jaer wel eens<lb/> soo sterek tot Batavia sullen verschijnen, dat Godt geve.<lb/></p><p xml:id="INT_c4486246-2f28-33d8-b534-af5493a427f1.TEI.1.text.1.body.1.div.1.div.1.p.8" xml:lang="nl" rend="font-size: 10; text-align: justify; line-height: 11.7pt; text-indent: 22.0pt" xmlns="http://www.tei-c.org/ns/1.0">Bantams stijvicheyt is vrij wat gesloncken; den Pangoran thoont sich in<lb/> allen deelen gans tot vrede genegen. In den tijdt van 3 a 4 maenden herrewaerts,<lb/> na men wel bereeckenen can, sijn door Chyneesen van daer tot Batavia aengebracht<lb/> ende dat genoeehsaem met publycke licentie ontrent 20 000 sacken peper,<lb/> waervan de j oneken vervoert hebben ontrent 12 000 sacken ende de reste is<lb/> meest soo bij ons als een weynich bij d’Engelsen ingecocht a 3 r.el de sack. In<lb/> Bantam werden noch gegist te wesen ontrent 30 a 40 000 sacken peper, welcke<lb/> meest alle, geen onverwacht obstakel voorvallende, geschapen staet tot Batavia<lb/> te sullen comen. Onse schepen continueren noch op de wacht ter rheede voor<lb/> Bantam gelijck voor desen. Niettegenstaende de mine tusschen ons ende Bantam<lb/> haer dus schoon verthoont, soo is evenwel bij eenige aventuriers (soo ’t schijnt) een<lb/> aenslach op onse wachthoudende schepen toegeleyt ende sijn onder schijn van<lb/> handelaers des smorgens vroech aen boort van ’t schip Haerlem gecomen, alwaer<lb/> de coopman, schipper, opper- ende onderstierman met noch een jongen verradelijck<lb/> vermoort ende acht deerlijck gequetst hebben ende nae verrichter feyt sijn de<lb/> moordenaers sonder merckelijcke schade, alsoo ’t lang aenliep, aleer ’t scheepsvolck<lb/> haer in behoorlijeke detentie stelde, over boort geraeckt ende ontvlucht.<lb/> Eenige sustineren, het met des Pangorans voorweten geschiet sij, andere ter<lb/> contrarie, dat hij daer innocent van soude wesen. Om geen mislach te begaen<lb/> hebben wij de revenge getemporiseert, totdat ons den tijt meerder seekerheyt<lb/> van de saecke geven sal.<lb/></p><note xml:id="INT_c4486246-2f28-33d8-b534-af5493a427f1.TEI.1.text.1.body.1.div.1.div.1.note.10" xml:lang="nl" place="inline" type="editorial-summary" resp="editor" rend="font-style: italic; line-height: 10.5pt; text-indent: 22.0pt; text-align: justify; font-size: 9.5" xmlns="http://www.tei-c.org/ns/1.0">(Naar patria te zenden schepen).<lb/></note><p xml:id="INT_c4486246-2f28-33d8-b534-af5493a427f1.TEI.1.text.1.body.1.div.1.div.1.p.9" resp="int_paragraph_joining" rend="">
              Bij de jongste overgesonden lijste Uwer Ed. na vale macht in India en wat<lb xmlns="http://www.tei-c.org/ns/1.0"/> tsedert daertoe bij U Ed. naer India is geequipeert, sullen U Ed. connen afmeten,<lb xmlns="http://www.tei-c.org/ns/1.0"/> hoe sober India (nae ’t vertreck der bovengemelte) van retourschepen sal versien<lb xmlns="http://www.tei-c.org/ns/1.0"/> blijven. Godt geve maer, dat U Ed. tijdtlijck op den herbst deses jaers (is ’t niet<lb xmlns="http://www.tei-c.org/ns/1.0"/> op ’t voor jaer alrede geschiet) eenige goede retourschepen herwaerts mogen<lb xmlns="http://www.tei-c.org/ns/1.0"/> gesonden hebben om met de retouren van anno 1628 alhier niet verlegen te geraken.<lb xmlns="http://www.tei-c.org/ns/1.0"/> D’oude groote schepen beginnen ons vast t’ontvallen; d’een voor d’ander naer.<lb xmlns="http://www.tei-c.org/ns/1.0"/> De Fortuyne is (Godt betert) onder Sucatora <hi rend="font-size:10; font-family:Liberation Serif; vertical-align:super" xml:lang="nl" xmlns="http://www.tei-c.org/ns/1.0">x)</hi> besweken; ’t Wapen van Zeelant<lb xmlns="http://www.tei-c.org/ns/1.0"/> in Suratte ; N. Bantam is hier ter rheede den 24en meert, naedat het onbequaemheytshalven<lb xmlns="http://www.tei-c.org/ns/1.0"/> goetgevonden was aen de wal te brengen, ledich zijnde, door versuym<lb xmlns="http://www.tei-c.org/ns/1.0"/> van d’overicheyt bij nacht verbrant; d’Engelse Beyr is mede aen de wal verwesen;<lb xmlns="http://www.tei-c.org/ns/1.0"/> Z.-Hollant loopt seer nae ’t eynde ende is langer niet bequaem om van der hant<lb xmlns="http://www.tei-c.org/ns/1.0"/> te gaen. Tsal sooveel wesen, als ’t halsen mach <hi rend="font-size:10; font-family:Liberation Serif; vertical-align:super" xml:lang="nl" xmlns="http://www.tei-c.org/ns/1.0">1 2),</hi> can N. Hollant dese tocht nae<lb xmlns="http://www.tei-c.org/ns/1.0"/> Suratte uutstaen; Haerlem is de bovenste laech afgesloopt ende dient noch tot<lb xmlns="http://www.tei-c.org/ns/1.0"/> een legger voor Bantam; de Groote Hope sal noch voor sijn laeste reyse mogelijck<lb xmlns="http://www.tei-c.org/ns/1.0"/><note xml:id="INT_c4486246-2f28-33d8-b534-af5493a427f1.TEI.1.text.1.body.1.div.1.div.1.p.9.note.1" xml:lang="nl" rend="font-size: 8; text-align: justify; line-height: 8.9pt; margin-left: 2100" xmlns="http://www.tei-c.org/ns/1.0">1) Natuurlijk Socotra, het eiland tegenover Kaap Gardafui.<lb/></note><note xml:id="INT_c4486246-2f28-33d8-b534-af5493a427f1.TEI.1.text.1.body.1.div.1.div.1.p.9.note.2" xml:lang="nl" rend="font-size: 8; text-align: justify; line-height: 8.9pt; margin-left: 2000" xmlns="http://www.tei-c.org/ns/1.0">2) Als ’t halsen mach; als met inspanning van alle krachten te doen valt.<lb/></note><fw xml:id="INT_c4486246-2f28-33d8-b534-af5493a427f1.TEI.1.text.1.body.1.div.1.div.1.p.9.fw.1" type="bottom-page-number">16</fw><pb xml:id="INT_c4486246-2f28-33d8-b534-af5493a427f1.TEI.1.text.1.body.1.div.1.div.1.p.9.pb.1" n="242" facs="http://resources.huygens.knaw.nl/retroapp/service_generalemissiven/gm_01/images/gm_1_104_0242.tif"/><fw xml:id="INT_c4486246-2f28-33d8-b534-af5493a427f1.TEI.1.text.1.body.1.div.1.div.1.p.9.fw.2" place="top" type="page-number" facs="#zone.529139" xmlns="http://www.tei-c.org/ns/1.0">242</fw><fw xml:id="INT_c4486246-2f28-33d8-b534-af5493a427f1.TEI.1.text.1.body.1.div.1.div.1.p.9.fw.3" place="top" type="head" facs="#zone.529143" xmlns="http://www.tei-c.org/ns/1.0">De Carperntier XV, 29 juli 1627</fw>verdubbelt werden; Z.Zee *) gaet op sijn laeste gras ende mach langer niet mede<lb xmlns="http://www.tei-c.org/ns/1.0"/> als op binnenwater ; Groeningen is noch niet opgedondert <hi rend="font-size:10; font-family:Liberation Serif; vertical-align:super" xml:lang="nl" xmlns="http://www.tei-c.org/ns/1.0">2)</hi> ; soo van Siam of<lb xmlns="http://www.tei-c.org/ns/1.0"/> Japan dit aenstaende n.mouson geen tijding daervan becomen, resteert cleyne<lb xmlns="http://www.tei-c.org/ns/1.0"/> hope van sijn behoudenisse ; Groot Mauritius sal mede seer afgeloopen wesen met<lb xmlns="http://www.tei-c.org/ns/1.0"/> dese tocht van Suratte; ’t cleene vaertuych smelt mede onderhants wech. Bij allen<lb xmlns="http://www.tei-c.org/ns/1.0"/> desen connen U Ed. afmeten de slechte gestaltenisse van haren navalen ommeslach<lb xmlns="http://www.tei-c.org/ns/1.0"/> in India.<lb xmlns="http://www.tei-c.org/ns/1.0"/>
            </p><note xml:id="INT_c4486246-2f28-33d8-b534-af5493a427f1.TEI.1.text.1.body.1.div.1.div.1.note.11" xml:lang="nl" place="inline" type="editorial-summary" resp="editor" rend="font-style: italic; line-height: 11.1pt; text-indent: 22.0pt; text-align: justify; font-size: 10" xmlns="http://www.tei-c.org/ns/1.0">(Enkele regels over hoop op handelsvoorspoed uitgelaten).<lb/></note><p xml:id="INT_c4486246-2f28-33d8-b534-af5493a427f1.TEI.1.text.1.body.1.div.1.div.1.p.10" xml:lang="nl" rend="font-size: 10; text-align: justify; line-height: 11.7pt; text-indent: 22.0pt" xmlns="http://www.tei-c.org/ns/1.0">Tusschen ons ende d’Engelsen alhier is tsedert onsen jongsten niet sonders<lb/> gepasseert, als alleene dat sij in ’t proces tegen den Italiaen Moretti gesucumbeert,<lb/> maer tot vrijwillige voldoeninge van sententie niet verstaen hebben, sulcx dat de<lb/> justitie genootsaeckt is geweest met authoriteyt d’executie selfs te voorderen ende<lb/> dienvolgende uyt haren huyse te lichten tot de somme van 51701/2 realen van 8en,<lb/> sijnde sooveel als aen ’t geheele proces van den Italiaen was dependerende <hi rend="font-size:10; font-family:Liberation Serif; vertical-align:super" xml:lang="nl">3).</hi><lb/>Seer wrevelich, obstinaet ende gans onbeleeft, soodat het de maet verre te boven<lb/> ging, hebben sij haer in dit proces gethoont, scheldende, dreygende, verwijtende<lb/> sonder iemant te sparen, alles watter was, niettegenstaende alle gevoechlijcke<lb/> middelen bij vruntlijcke aensprake alvoren ende, dese niet helpende, daernae de<lb/> behoorlijcke rechtsformaliteyten tegen haer gebruyckt sijnde ende haer in allen<lb/> deelen om de naties wille sooveel ende meer respecte toegedragen is, als sij in hare<lb/> persoonen wel meriteerden. Ongetwijffelt sullen sij ginder eenen grooten luy troep<lb/> maecken van gewelt, maer als recht recht sal sijn ende sij nae geen recht noch<lb/> reden haer buygen willen, hoe connen wij haren blixem ontgaen. Hiernevens<lb/> gaen de stucken van ’t proces gelijck mede noch eenige andre geschriften van<lb/> crakeel, door haer aen ons overgelevert, waerbij U Ed. ’t gepasseerde voorder<lb/> sullen connen vernemen ende waeraen wij ons voor dees tijt gedragen. Met naestvolgende<lb/> gelegentheyt hebben U Ed. naerder extensie op ’t geeyschte te verwachten.<lb/><hi rend="font-size:8; font-family:Liberation Serif" xml:lang="nl">Fol. 40 r-v.</hi><lb/></p><note xml:id="INT_c4486246-2f28-33d8-b534-af5493a427f1.TEI.1.text.1.body.1.div.1.div.1.note.12" xml:lang="nl" place="inline" type="editorial-summary" resp="editor" rend="font-style: italic; line-height: 11.7pt; text-indent: 22.0pt; text-align: justify; font-size: 10" xmlns="http://www.tei-c.org/ns/1.0">(Wachtschepen voor Malakka vgl. <hi rend="font-size:10; font-family:Liberation Serif" xml:lang="nl">Daghregisters,</hi> 11 april <hi rend="font-size:10; font-family:Liberation Serif" xml:lang="nl">1627;</hi> ambassade<lb/> naar Perzië <hi rend="font-size:10; font-family:Liberation Serif" xml:lang="nl">,</hi> zie <hi rend="font-size:10; font-family:Liberation Serif" xml:lang="nl">Perzië,</hi> p. <hi rend="font-size:10; font-family:Liberation Serif; font-style:italic; letter-spacing:1.5pt" xml:lang="nl">LX XI V</hi> en bijhorende stukken <hi rend="font-size:10; font-family:Liberation Serif" xml:lang="nl">) .</hi><lb/></note><note xml:id="INT_c4486246-2f28-33d8-b534-af5493a427f1.TEI.1.text.1.body.1.div.1.div.1.note.13" xml:lang="nl" rend="font-size: 8; text-align: justify; line-height: 9.3pt; margin-left: 2200" xmlns="http://www.tei-c.org/ns/1.0">1) = Zierikzee.<lb/></note><note xml:id="INT_c4486246-2f28-33d8-b534-af5493a427f1.TEI.1.text.1.body.1.div.1.div.1.note.14" xml:lang="nl" rend="font-size: 8; text-align: justify; line-height: 9.3pt; margin-left: 2200" xmlns="http://www.tei-c.org/ns/1.0">2) Opgedaagd. Van dit schip werd niets meer vernomen.<lb/></note><note xml:id="INT_c4486246-2f28-33d8-b534-af5493a427f1.TEI.1.text.1.body.1.div.1.div.1.note.15" xml:lang="nl" rend="font-size: 8; line-height: 9.3pt; text-indent: 22.0pt" xmlns="http://www.tei-c.org/ns/1.0">3) Ook voor het slot van de zaak Moretti zie men <hi rend="font-size:8; font-family:Liberation Serif; font-style:italic" xml:lang="nl">Daghregisters</hi> 1624-1629, in voce<lb/> Moretti.<lb/></note><pb xml:id="INT_c4486246-2f28-33d8-b534-af5493a427f1.TEI.1.text.1.body.1.div.1.div.1.pb.3" n="243" facs="http://resources.huygens.knaw.nl/retroapp/service_generalemissiven/gm_01/images/gm_1_104_0243.tif"/></div><div xml:id="INT_c4486246-2f28-33d8-b534-af5493a427f1.TEI.1.text.1.body.1.div.1.div.2" type="subdivision_for_sake_of_validation"><head xml:id="INT_c4486246-2f28-33d8-b534-af5493a427f1.TEI.1.text.1.body.1.div.1.div.2.head.1" xml:lang="nl" rend="font-size: 18; letter-spacing: 2.0pt; line-height: 19.9pt" xmlns="http://www.tei-c.org/ns/1.0">JAN PIETERS Z. COEN<lb/></head><p xml:id="INT_c4486246-2f28-33d8-b534-af5493a427f1.TEI.1.text.1.body.1.div.1.div.2.p.1" xml:lang="nl" rend="font-size: 10; line-height: 11.1pt" xmlns="http://www.tei-c.org/ns/1.0">30 SEPTEMBER 1627—21 SEPTEMBER 1629<lb/></p>
            
      </div></div>
                  </body>
                </text>
              </TEI>