<TEI xml:id="INT_108234c9-a9ce-3ca3-932d-5d144894806d" xmlns="http://www.tei-c.org/ns/1.0">
                <teiHeader>
      <fileDesc>
        <titleStmt>
          <title>De Carpentier, Dedel, Sonck, Specx en Van Gorcom, 4 maart 1624</title>
        </titleStmt>
        <publicationStmt>
          <p>
            <date>4 maart 1624</date>
            <idno type="sourceID">missiven:vol1</idno>
            <idno type="pid">INT_108234c9-a9ce-3ca3-932d-5d144894806d</idno>
          </p>
        </publicationStmt>
        <notesStmt>
          <note/>
        </notesStmt>
        <sourceDesc>
          <listBibl xml:id="inlMetadata">
            <bibl type="missive">
        <interpGrp type="page"><interp>148</interp></interpGrp>
        
      <interpGrp type="titleLevel1"><interp>De Carpentier, Dedel, Sonck, Specx en Van Gorcom, 4 maart 1624</interp></interpGrp>
      <interpGrp type="dateLevel1"><interp>4 maart 1624</interp></interpGrp>
        <interpGrp type="tocLevel"><interp>1</interp></interpGrp>
      <interpGrp type="volume"><interp>1</interp></interpGrp>
        <interpGrp type="n"><interp>V</interp></interpGrp>
      
      <interpGrp type="witnessYearLevel1_from"><interp>1624</interp></interpGrp>
      <interpGrp type="witnessYearLevel1_to"><interp>1624</interp></interpGrp>
      <interpGrp type="witnessMonthLevel1_to"><interp>3</interp></interpGrp>
      <interpGrp type="witnessMonthLevel1_from"><interp>3</interp></interpGrp>
      <interpGrp type="witnessDayLevel1_to"><interp>4</interp></interpGrp>
      <interpGrp type="witnessDayLevel1_from"><interp>4</interp></interpGrp>
      <interpGrp type="authorLevel1"><interp>De Carpentier</interp><interp>Dedel</interp><interp>Sonck</interp><interp>Specx</interp><interp>Van Gorcom</interp></interpGrp>
      <interpGrp type="pid"><interp>INT_108234c9-a9ce-3ca3-932d-5d144894806d</interp></interpGrp>
    </bibl>
          </listBibl>
        </sourceDesc>
      </fileDesc>
    </teiHeader>
                <text xml:id="INT_108234c9-a9ce-3ca3-932d-5d144894806d.TEI.1.text.1">
                  <body xml:id="INT_108234c9-a9ce-3ca3-932d-5d144894806d.TEI.1.text.1.body.1">
                    <div xml:id="INT_108234c9-a9ce-3ca3-932d-5d144894806d.TEI.1.text.1.body.1.div.1">
        
              <pb xml:id="INT_108234c9-a9ce-3ca3-932d-5d144894806d.TEI.1.text.1.body.1.div.1.pb.1" n="148" facs="http://resources.huygens.knaw.nl/retroapp/service_generalemissiven/gm_01/images/gm_1_104_0148.tif"/><fw xml:id="INT_108234c9-a9ce-3ca3-932d-5d144894806d.TEI.1.text.1.body.1.div.1.fw.1" place="top" type="page-number" facs="#zone.252054" xmlns="http://www.tei-c.org/ns/1.0">148</fw><fw xml:id="INT_108234c9-a9ce-3ca3-932d-5d144894806d.TEI.1.text.1.body.1.div.1.fw.2" place="top" type="head" facs="#zone.252058" xmlns="http://www.tei-c.org/ns/1.0">De Carpentier, Dedel, Sonck, Specx en Van Gorcom V, 4 maart 1624</fw><head xml:id="INT_108234c9-a9ce-3ca3-932d-5d144894806d.TEI.1.text.1.body.1.div.1.head.1" xml:lang="nl" rend="font-size: 10; text-align: justify; line-height: 11.7pt" xmlns="http://www.tei-c.org/ns/1.0">V. PIETER DE CARPENTIER, JACOB DEDEL, Dr. MARTINUS SONCK,<lb/> JACQUES SPECX EN JAN VAN GORCOM, BATAVIA 4 maart 1624.<lb/></head><p xml:id="INT_108234c9-a9ce-3ca3-932d-5d144894806d.TEI.1.text.1.body.1.div.1.p.1" xml:lang="nl" rend="font-size: 8.5; text-align: justify; line-height: 11.7pt" xmlns="http://www.tei-c.org/ns/1.0">1002 fol. 61-67.<lb/></p><note xml:id="INT_108234c9-a9ce-3ca3-932d-5d144894806d.TEI.1.text.1.body.1.div.1.note.1" xml:lang="nl" place="inline" type="editorial-summary" resp="editor" rend="font-style: italic; line-height: 11.1pt; text-indent: 23.0pt; text-align: justify; font-size: 10" xmlns="http://www.tei-c.org/ns/1.0">( Aangekomen schepen).<lb/></note><p xml:id="INT_108234c9-a9ce-3ca3-932d-5d144894806d.TEI.1.text.1.body.1.div.1.p.2" xml:lang="nl" rend="font-size: 10; text-align: justify; line-height: 11.7pt; text-indent: 23.0pt" xmlns="http://www.tei-c.org/ns/1.0">Den 25en der voorleeden maent sijn hier van Jambij wel aengecomen de<lb/> jachten Westcappel ende de Eortuyn, medebrengende 925 picol 76 cattij peper.<lb/> Door de compste van den Atchinder daeromtrent wasser in anderhalff maent<lb/> geen peper affgecomen, doch d’inwoonders van Jambij begonden wederom moet<lb/> te scheppen, alsoo den Atchinder haer onbesocht hadde gelaten ende daerenboven<lb/> de geruchten sterck liepen, dat de Manicabers met omtrent 16 000 man den Atchinder<lb/> overvallen, uut Androgiry verjaecht ende wel derthien hondert man affgeslaegen<lb/> hadden1). Soo dat waer is, sal den handel in Jambij wackeren, maer soo<lb/> daer niet aen sij ende den Atchinder hem met sijne macht daeromtrent onthout,<lb/> sal het (is te beduchten) met den peperhandel aldaer weynich beschieten, ten<lb/> waere wij ende d’Engelsen resolutie trocken om Jambij met macht tegen den inval<lb/> van den Atchinder te defenderen, daertoe weynige apparentie is, soodat, bij al dien<lb/> den Atchinder het op Jambij gemunt heeft, hij de plaetse voorseecker affloopen<lb/> ende destrueeren sal, invoegen dat aen de oostcust van Sumatra alsdan vooreerst<lb/> weynich in den peperhandel te doen sal wesen, ten waere de Manicabers haer na<lb/> Palimbang wenden, welcke plaetse (nae verstaen) voor haar seer ongelegen valt,<lb/> soodat in sulcken gevalle den peperhandel aen de Westcuste wel wat meer toenemen<lb/> mocht.<lb/></p><note xml:id="INT_108234c9-a9ce-3ca3-932d-5d144894806d.TEI.1.text.1.body.1.div.1.note.2" xml:lang="nl" place="inline" type="editorial-summary" resp="editor" rend="font-style: italic; line-height: 11.1pt; text-indent: 23.0pt; text-align: justify; font-size: 10" xmlns="http://www.tei-c.org/ns/1.0">( Peper ontvang sten uit Djambi in 1623).<lb/></note><p xml:id="INT_108234c9-a9ce-3ca3-932d-5d144894806d.TEI.1.text.1.body.1.div.1.p.3" xml:lang="nl" rend="font-size: 10; text-align: justify; line-height: 11.7pt; text-indent: 23.0pt" xmlns="http://www.tei-c.org/ns/1.0">Den 21en Februari hebben voor ’t jongste schip van dit westermouson na<lb/> Amboina ende Banda gesonden de fluyte Edam met 200 custsielen <hi rend="font-size:10; font-family:Liberation Serif; vertical-align:super" xml:lang="nl">2)</hi> tot peuplatie<lb/> van Banda, soodat nu in alles van desen jaere inwaerts gesonden hebben (behalven<lb/> verscheyden vrielieden ende vrijelieden slaven, met onse schepen gegaen) 600 sielen;<lb/> toecomende jaer hoopen grooter quantité derrewaerts te beschicken.<lb/></p><note xml:id="INT_108234c9-a9ce-3ca3-932d-5d144894806d.TEI.1.text.1.body.1.div.1.note.3" xml:lang="nl" place="inline" type="editorial-summary" resp="editor" rend="font-style: italic; line-height: 11.1pt; text-indent: 23.0pt; text-align: justify; font-size: 10" xmlns="http://www.tei-c.org/ns/1.0">( Gebeurtenissen ter kust van China <hi rend="font-size:10; font-family:Liberation Serif" xml:lang="nl">,</hi> vgl. <hi rend="font-size:10; font-family:Liberation Serif" xml:lang="nl">China</hi> vnl. p. 470 vlg.).<lb/></note><p xml:id="INT_108234c9-a9ce-3ca3-932d-5d144894806d.TEI.1.text.1.body.1.div.1.p.4" resp="int_paragraph_joining" rend="">
              Soo het met groote schenckagien te doen sij, hebben wij minder cans als onse<lb xmlns="http://www.tei-c.org/ns/1.0"/> vijanden <hi rend="font-size:10; font-family:Liberation Serif; vertical-align:super" xml:lang="nl" xmlns="http://www.tei-c.org/ns/1.0">3),</hi> want doen sij grote schenckagien, sij weten waerop, namentlijck op de<lb xmlns="http://www.tei-c.org/ns/1.0"/> prof f ij ten van den handel, die sij alreede genieten ende soo lange genooten hebben.<lb xmlns="http://www.tei-c.org/ns/1.0"/> Groote schenckagien voor ons te doen ende dat op onseeckere uutcompste gedoocht<lb xmlns="http://www.tei-c.org/ns/1.0"/> ’t capitael niet, mede soo en sullen alle onse schenckagien sonder dwangh<lb xmlns="http://www.tei-c.org/ns/1.0"/> ende macht niet vermogen. Groote macht baert groote lasten ende groote schenckagie<lb xmlns="http://www.tei-c.org/ns/1.0"/> daerbij beswaert noch meer, soo is dan de mesnagie van beyden nae de constitutie<lb xmlns="http://www.tei-c.org/ns/1.0"/> van U Ed. staet gans noodich. Wij sijn derhalven van meeninge, te meer<lb xmlns="http://www.tei-c.org/ns/1.0"/> onse macht anders niet toe en laet, de saecke van China tot naerder ontseth ende<lb xmlns="http://www.tei-c.org/ns/1.0"/> ordre van U Ed., soo lange niet beter mogen, in staet te conserveeren ende te sien,<lb xmlns="http://www.tei-c.org/ns/1.0"/> wat wij aen d’een sijde met soeticheyt ende aen d’ander bij empeschement van de<lb xmlns="http://www.tei-c.org/ns/1.0"/><note xml:id="INT_108234c9-a9ce-3ca3-932d-5d144894806d.TEI.1.text.1.body.1.div.1.p.4.note.1" xml:lang="nl" rend="font-size: 8.5; text-align: justify; line-height: 9.4pt; margin-left: 2100" xmlns="http://www.tei-c.org/ns/1.0">1) Vgl. <hi rend="font-size:8.5; font-family:Liberation Serif; font-style:italic" xml:lang="nl">Daghregisters,</hi> 25 febr. 1624.<lb/></note><note xml:id="INT_108234c9-a9ce-3ca3-932d-5d144894806d.TEI.1.text.1.body.1.div.1.p.4.note.2" xml:lang="nl" rend="font-size: 8.5; text-align: justify; line-height: 9.6pt; margin-left: 2100" xmlns="http://www.tei-c.org/ns/1.0">2) Dus: slaven van de Kust van Coromandel.<lb/></note><note xml:id="INT_108234c9-a9ce-3ca3-932d-5d144894806d.TEI.1.text.1.body.1.div.1.p.4.note.3" xml:lang="nl" rend="font-size: 8.5; text-align: justify; line-height: 9.6pt; margin-left: 2100" xmlns="http://www.tei-c.org/ns/1.0">3) In China: de Portugezen van Macao en de Spanjaarden van de Philippijnen.<lb/></note><pb xml:id="INT_108234c9-a9ce-3ca3-932d-5d144894806d.TEI.1.text.1.body.1.div.1.p.4.pb.1" n="149" facs="http://resources.huygens.knaw.nl/retroapp/service_generalemissiven/gm_01/images/gm_1_104_0149.tif"/><fw xml:id="INT_108234c9-a9ce-3ca3-932d-5d144894806d.TEI.1.text.1.body.1.div.1.p.4.fw.1" place="top" type="head" facs="#zone.255326" xmlns="http://www.tei-c.org/ns/1.0">De Carpentier, Dedel, Sonck, Specx en Van Gorcom V, 4 maart 1624</fw><fw xml:id="INT_108234c9-a9ce-3ca3-932d-5d144894806d.TEI.1.text.1.body.1.div.1.p.4.fw.2" place="top" type="page-number" facs="#zone.255341" xmlns="http://www.tei-c.org/ns/1.0">149</fw>vaert op Manilla ende alle andere handelplaetsen, uutgenomen Pehouw, Tayouwan<lb xmlns="http://www.tei-c.org/ns/1.0"/> ende Batavia, sullen connen voorderen sonder met cleene macht yets groots met<lb xmlns="http://www.tei-c.org/ns/1.0"/> hasard te attenteeren. Niettemin soo en sullen wij niet naelaeten daermede alle<lb xmlns="http://www.tei-c.org/ns/1.0"/> voordeelen waer te nemen, die sonder haesardeuse uutcompste onderleyt mogen<lb xmlns="http://www.tei-c.org/ns/1.0"/> worden ende voor sooveel sonder weerhoudingh van den gewenschten Chineesen<lb xmlns="http://www.tei-c.org/ns/1.0"/> handel geschieden can, die wij niet en twijffelen, wel geopent sal worden, soo U Ed.<lb xmlns="http://www.tei-c.org/ns/1.0"/> maer resolveeren de Chineesen te verdueren ende dat mogelijcx eer, als bij veelen<lb xmlns="http://www.tei-c.org/ns/1.0"/> wel geopinieert mocht worden. Dubbelen dienst wert met de besettinge van de<lb xmlns="http://www.tei-c.org/ns/1.0"/> custe van China gevordert, namentlijck d’openinge tot den handel ende affbreucq<lb xmlns="http://www.tei-c.org/ns/1.0"/> van den algemeenen vijant, die onses oordeels beyde van sulcken gevolch sijn, dat,<lb xmlns="http://www.tei-c.org/ns/1.0"/> soo het de Comp.3^ constitutie niet en gedoochde de lasten alleene te supporteeren,<lb xmlns="http://www.tei-c.org/ns/1.0"/> ’t lant daertoe behoorde te contribueeren.<lb xmlns="http://www.tei-c.org/ns/1.0"/>
            </p><p xml:id="INT_108234c9-a9ce-3ca3-932d-5d144894806d.TEI.1.text.1.body.1.div.1.p.5" xml:lang="nl" rend="font-size: 10; text-align: justify; line-height: 11.7pt; text-indent: 22.0pt" xmlns="http://www.tei-c.org/ns/1.0">Wij hebben de Chineese gesanten alhier de voorgemelte tijdinge aengedient *)<lb/> ende gevraecht, wat hun van dese trouweloose proceduren docht. In ’t eerste<lb/> thoonden haer wat verslaegen, maer alsoo wij de saecke niet hooge op en hieven,<lb/> cregen wat beter moet ende gaven óff d’onbedachtheyt van den nieuwen Toutock1<lb/> <hi rend="font-size:10; font-family:Liberation Serif; vertical-align:super" xml:lang="nl">2)</hi> de schuit, öff de verkeerde rapporten en de verraderijen van de tolcken. In<lb/> somma beslooten, dat het door misverstant ende niet met opseth geschiet most<lb/> wesen ende maecken daer cleene swaricheyt in ; hoopten, alles wel ten besten soude<lb/> comen, wanneer maer met goet bescheyt van hier na China keerden. Ons voornemen<lb/> is een expresse ambassade neffens deze gesanten tzijnder tij tderrewaerts te<lb/> seinden, als wanneer grondich hoopen te vernemen, waer de saeken op drayen.<lb/> Wij blijven noch bij onse opinie, dat het haer om Pehouw niet, maer om wat<lb/> anders te doen sij.<lb/></p><note xml:id="INT_108234c9-a9ce-3ca3-932d-5d144894806d.TEI.1.text.1.body.1.div.1.note.4" xml:lang="nl" place="inline" type="editorial-summary" resp="editor" rend="font-style: italic; line-height: 11.1pt; text-indent: 22.0pt; text-align: justify; font-size: 10" xmlns="http://www.tei-c.org/ns/1.0">(Mogelijkheid van vestiging op Thaiwan, afgedr. <hi rend="font-size:10; font-family:Liberation Serif" xml:lang="nl">China</hi> p. 248).<lb/></note><p xml:id="INT_108234c9-a9ce-3ca3-932d-5d144894806d.TEI.1.text.1.body.1.div.1.p.6" xml:lang="nl" rend="font-size: 10; text-align: justify; line-height: 11.7pt; text-indent: 22.0pt" xmlns="http://www.tei-c.org/ns/1.0">Per ’t schip d’Engelsen Bul hebben tijdinge van Japan becomen, dat alle de<lb/> Portugiesche manspersonen op lij ff straffe ’t lant ruymen, vrouwen ende dochteren<lb/> <hi rend="font-size:10; font-family:Liberation Serif; vertical-align:super" xml:lang="nl">3)</hi> verlaten moeten ende de vaders niet als haer goet ende soonen mede mogen<lb/> neemen, soodat in Nangesacke een jammerlijck gekerm ommegingh.<lb/></p><p xml:id="INT_108234c9-a9ce-3ca3-932d-5d144894806d.TEI.1.text.1.body.1.div.1.p.7" xml:lang="nl" rend="font-size: 10; text-align: justify; line-height: 11.7pt; text-indent: 22.0pt" xmlns="http://www.tei-c.org/ns/1.0">In Sadsuma was een Spaens schip met een Spaensch ambassadeur van Manilla<lb/> aengecomen, groote geschencken voor den Keyser van Japan brengende; hadde<lb/> lange naer audiëntie gewacht ende ’t was noch niet seecker off gehoort soude<lb/> werden ; nae men verstaet, soude gecomen wesen om vrijheyt van relegie voor de<lb/> Roomsche Christenheyt te versoecken; item, dat de Keyser de Nederlanders sijn<lb/> lant soude willen verbieden ende, sulcx niet connende obtineeren, te versoecken,<lb/> dat de Spaensche schepen en de navetten van Manilla op Japan onder ’s Keysers<lb/> pas varen mochten sonder van de Nederlanders beschadicht te mogen werden.<lb/></p><p xml:id="INT_108234c9-a9ce-3ca3-932d-5d144894806d.TEI.1.text.1.body.1.div.1.p.8" xml:lang="nl" rend="font-size: 10; text-align: justify; line-height: 11.7pt; text-indent: 22.0pt" xmlns="http://www.tei-c.org/ns/1.0">D’Engelsen sijn met alle man van Japan vertrocken <hi rend="font-size:10; font-family:Liberation Serif; vertical-align:super" xml:lang="nl">4).</hi><lb/></p><note xml:id="INT_108234c9-a9ce-3ca3-932d-5d144894806d.TEI.1.text.1.body.1.div.1.note.5" xml:lang="nl" place="inline" type="editorial-summary" resp="editor" rend="font-style: italic; line-height: 11.1pt; text-indent: 22.0pt; text-align: justify; font-size: 10" xmlns="http://www.tei-c.org/ns/1.0">(Chinese gevangenen maken zich van de Mokka meester <hi rend="font-size:10; font-family:Liberation Serif" xml:lang="nl">,</hi> vgl. <hi rend="font-size:10; font-family:Liberation Serif" xml:lang="nl">China</hi> p. 237).<lb/></note><note xml:id="INT_108234c9-a9ce-3ca3-932d-5d144894806d.TEI.1.text.1.body.1.div.1.note.6" xml:lang="nl" rend="font-size: 8; line-height: 9.6pt; text-indent: 21.0pt" xmlns="http://www.tei-c.org/ns/1.0">1) NI. de overval te Amoy op Christiaen Francx, die daar voor onderhandelingen was<lb/> gekomen. Zie <hi rend="font-size:8; font-family:Liberation Serif; font-style:italic" xml:lang="nl">China,</hi> p. 226 vlg. en p. 241-251.<lb/></note><note xml:id="INT_108234c9-a9ce-3ca3-932d-5d144894806d.TEI.1.text.1.body.1.div.1.note.7" xml:lang="nl" rend="font-size: 8; text-align: justify; line-height: 9.6pt; margin-left: 2100" xmlns="http://www.tei-c.org/ns/1.0">2) To-tok, opperbevelhebber der troepen, militaire gouverneur.<lb/></note><note xml:id="INT_108234c9-a9ce-3ca3-932d-5d144894806d.TEI.1.text.1.body.1.div.1.note.8" xml:lang="nl" rend="font-size: 8; line-height: 9.6pt; text-indent: 21.0pt" xmlns="http://www.tei-c.org/ns/1.0">3) Vele Portugezen waren met Japanse vrouwen gehuwd, die met haar dochters<lb/> moesten achterblijven.<lb/></note><note xml:id="INT_108234c9-a9ce-3ca3-932d-5d144894806d.TEI.1.text.1.body.1.div.1.note.9" xml:lang="nl" rend="font-size: 8; text-align: justify; line-height: 9.6pt; margin-left: 2100" xmlns="http://www.tei-c.org/ns/1.0">4) Vgl. <hi rend="font-size:8; font-family:Liberation Serif; font-style:italic" xml:lang="nl">Daghregisters,</hi> 6 febr. 1624.<lb/></note><pb xml:id="INT_108234c9-a9ce-3ca3-932d-5d144894806d.TEI.1.text.1.body.1.div.1.pb.2" n="150" facs="http://resources.huygens.knaw.nl/retroapp/service_generalemissiven/gm_01/images/gm_1_104_0150.tif"/><fw xml:id="INT_108234c9-a9ce-3ca3-932d-5d144894806d.TEI.1.text.1.body.1.div.1.fw.3" place="top" type="page-number" facs="#zone.260821" xmlns="http://www.tei-c.org/ns/1.0">150</fw><fw xml:id="INT_108234c9-a9ce-3ca3-932d-5d144894806d.TEI.1.text.1.body.1.div.1.fw.4" place="top" type="head" facs="#zone.260825" xmlns="http://www.tei-c.org/ns/1.0">De Carpentier, Deciel, Sonck, Specx en Van Gorcom V, 4 maart 1624</fw><p xml:id="INT_108234c9-a9ce-3ca3-932d-5d144894806d.TEI.1.text.1.body.1.div.1.p.9" xml:lang="nl" rend="font-size: 10; text-align: justify; line-height: 11.7pt; text-indent: 21.0pt" xmlns="http://www.tei-c.org/ns/1.0">Noch en rusten d’Engelse cracqueelschriften niet; tsedert onsen jongsten<lb/> hebben sij ons weder twee acten overgelevert .<lb/></p><p xml:id="INT_108234c9-a9ce-3ca3-932d-5d144894806d.TEI.1.text.1.body.1.div.1.p.10" resp="int_paragraph_joining" rend="">
              . Hoe bitterlijck sij ons onder schijn van opinie niet en ontsien in generale<lb xmlns="http://www.tei-c.org/ns/1.0"/>termen te calumnieren, te taxeren ende, soo ’t mogelijck waer, voor d’onkundige<lb xmlns="http://www.tei-c.org/ns/1.0"/> schuldich ende odieux te maecken.<lb xmlns="http://www.tei-c.org/ns/1.0"/>
            </p><p xml:id="INT_108234c9-a9ce-3ca3-932d-5d144894806d.TEI.1.text.1.body.1.div.1.p.11" resp="int_paragraph_joining" rend="">
              Om tot naerder ontleedinge van haere gepretendeerde gravamina ende onsc<lb xmlns="http://www.tei-c.org/ns/1.0"/> verdedinge te mogen comen hadden wij haer eenige speciale vragen in onse acte<lb xmlns="http://www.tei-c.org/ns/1.0"/> van den 26en januarij voorgestelt, welcke sij om niet achterhaelt te werden onbeantwoort<lb xmlns="http://www.tei-c.org/ns/1.0"/> laeten, alleen zeggende, dat sij niet bij forme van censure, maer alleen<lb xmlns="http://www.tei-c.org/ns/1.0"/> sub velo opinionis ons haer gevoelen te kennen gegeven hebben, maeckende niettemin<lb xmlns="http://www.tei-c.org/ns/1.0"/> op hare geopinieerde gravamina standtvastige conclusien, rondtuyt verclarende,<lb xmlns="http://www.tei-c.org/ns/1.0"/> dat om dese ende geene redenen, daerinne verhaelt, het voor haer niet betamelijck<lb xmlns="http://www.tei-c.org/ns/1.0"/> noch oirboir sij langer neffens ons in Batavia te continueeren, maer gants<lb xmlns="http://www.tei-c.org/ns/1.0"/> noodich, dat van ons scheyden ende haer van een andere residentieplaets voorsien.<lb xmlns="http://www.tei-c.org/ns/1.0"/> Tot welcken eynde oock op ons versocht hebben vreedelijck te mogen vertrecken,<lb xmlns="http://www.tei-c.org/ns/1.0"/> soo haest het haer gelegen soude comen. Wij hebben daerop gedienth (bijaldien<lb xmlns="http://www.tei-c.org/ns/1.0"/> emmer geresolveert waeren te vertrecken), dat daerinne handelen mochten , soo als<lb xmlns="http://www.tei-c.org/ns/1.0"/> sij meinden te verantwoorden ; item voor soo veel sonder laesie van den 24en artyckel<lb xmlns="http://www.tei-c.org/ns/1.0"/> van ’t tractaet ende eyndelinge sonder prejuditie van de Nederlantsche Comp.a<lb xmlns="http://www.tei-c.org/ns/1.0"/> geschieden mocht. Met dese antwoorde, schijnt, hebben sij haer voordeel niet<lb xmlns="http://www.tei-c.org/ns/1.0"/> genoech weten te doen, maer ons in een ander acte aengeporret om noch duydelijcker<lb xmlns="http://www.tei-c.org/ns/1.0"/> antwoorde te mogen hebben, haer daerinne wat naerder verclarende, namentlijck,<lb xmlns="http://www.tei-c.org/ns/1.0"/> dat het haer (vermogens den 3en ende 27en aertyckel in ’t tractaet) vrij stont een<lb xmlns="http://www.tei-c.org/ns/1.0"/> residentieplaets in Bantam selve off op eenige andere plaetsen, buyten onse possessie<lb xmlns="http://www.tei-c.org/ns/1.0"/> sijnde, te mogen verkiesen. Wij hebben haer andermael met onse voorige<lb xmlns="http://www.tei-c.org/ns/1.0"/> antwoorde daerop gedient ende noch bijgevoecht, dat, soo vreedelijck ende minnelijck<lb xmlns="http://www.tei-c.org/ns/1.0"/> als ’t haerder eerster aencompste tot Batavia ontfangen waeren, oock soo<lb xmlns="http://www.tei-c.org/ns/1.0"/> minnelijcken ende vredelijcken affscheyt (soo emmer begeerden te gaen) van ons<lb xmlns="http://www.tei-c.org/ns/1.0"/> te verwachten hadden, behoudens U Ed. actie tegen d’Engelsche Compa over haer<lb xmlns="http://www.tei-c.org/ns/1.0"/> genooten benefitien, commercie ende commoditeyt in Batavia, welcke plaetse<lb xmlns="http://www.tei-c.org/ns/1.0"/> tot U Ed. groote lasten alleen sonder eenige recognoissance van haer tot noch toe<lb xmlns="http://www.tei-c.org/ns/1.0"/> gemainteneert is geweest ende noch wort. — Van haere gepretendeerde Puloronsche<lb xmlns="http://www.tei-c.org/ns/1.0"/> schulden hebben sij noch geen wettelijck bewijs gedaen, soodat wij oock tot<lb xmlns="http://www.tei-c.org/ns/1.0"/> de leverantie van d’aengebooden specerijen noch niet gecomen sijn. In haere<lb xmlns="http://www.tei-c.org/ns/1.0"/> jongste acte hebben sij soo veel laten blij eken, dat de gemelte schulden ten vollen<lb xmlns="http://www.tei-c.org/ns/1.0"/> in Bandasche specerijen sonder die in concurrentie van de gemeene lasten te willen<lb xmlns="http://www.tei-c.org/ns/1.0"/> trecken pretendeeren sullen, alsoo sij hun niet en schaemen te seggen, dat haere<lb xmlns="http://www.tei-c.org/ns/1.0"/> coopluyden met d’orangcays van Pulo Ron gecontracteert waeren de voorsz.<lb xmlns="http://www.tei-c.org/ns/1.0"/> schulden in nooten ende foelie te betaelen, daer nochtans in Banda (volgens de<lb xmlns="http://www.tei-c.org/ns/1.0"/> verclaringe in onse acte van den 19en februario) noyt geen vermaen van geschiet<lb xmlns="http://www.tei-c.org/ns/1.0"/> is. Bij aldien sij onse aenbiedinge in volcomen satisfactie van dese schulden begeeten<lb xmlns="http://www.tei-c.org/ns/1.0"/> t’ontfangen, sullen haer die laten volgen, soo niet, de saecke op sijn beloop<lb xmlns="http://www.tei-c.org/ns/1.0"/> laten, want sij en soecken maer te plucken, wat zij connen ende haere actiën tegen<lb xmlns="http://www.tei-c.org/ns/1.0"/> TT Ed. in Europa even groot ende swaer t’institueeren.<lb xmlns="http://www.tei-c.org/ns/1.0"/>D’aengebooden specerijen wegen het qualijck gespilde cruyt in Banda1)<lb xmlns="http://www.tei-c.org/ns/1.0"/><note xml:id="INT_108234c9-a9ce-3ca3-932d-5d144894806d.TEI.1.text.1.body.1.div.1.p.11.note.1" xml:lang="nl" rend="font-size: 8.5; line-height: 9.6pt; text-indent: 22.0pt" xmlns="http://www.tei-c.org/ns/1.0">1) Voor deze kwestie over het verspillen van buskruit door saluutschoten zie men<lb/><hi rend="font-size:8.5; font-family:Liberation Serif; font-style:italic" xml:lang="nl">Coe.n</hi> I, p. 783, III, p. 281 en VII, p. 957.<lb/></note><pb xml:id="INT_108234c9-a9ce-3ca3-932d-5d144894806d.TEI.1.text.1.body.1.div.1.p.11.pb.1" n="151" facs="http://resources.huygens.knaw.nl/retroapp/service_generalemissiven/gm_01/images/gm_1_104_0151.tif"/><fw xml:id="INT_108234c9-a9ce-3ca3-932d-5d144894806d.TEI.1.text.1.body.1.div.1.p.11.fw.1" place="top" type="head" facs="#zone.263419" xmlns="http://www.tei-c.org/ns/1.0">Do Carpentier, Dedel, Sonck, Specx en Van Gorcom V, 4 maart 1624</fw><fw xml:id="INT_108234c9-a9ce-3ca3-932d-5d144894806d.TEI.1.text.1.body.1.div.1.p.11.fw.2" place="top" type="page-number" facs="#zone.263448" xmlns="http://www.tei-c.org/ns/1.0">151</fw>hebben zij gerefuseert, niet omdat geene begeerden, maer omdat de partie te geringh<lb xmlns="http://www.tei-c.org/ns/1.0"/> is ende van groote actie meer voordeel verwachten.<lb xmlns="http://www.tei-c.org/ns/1.0"/>
            </p><p xml:id="INT_108234c9-a9ce-3ca3-932d-5d144894806d.TEI.1.text.1.body.1.div.1.p.12" xml:lang="nl" rend="font-size: 10; text-align: justify; line-height: 11.7pt; text-indent: 21.0pt" xmlns="http://www.tei-c.org/ns/1.0">Wij en connen niet gelooven, dat het haer ernst sij t’eenemael van Batavia<lb/> te scheyden, veel min een fort ofte stercte op haer selven ergens te begrijpen,<lb/> daertoe (al wilden sij) haer macht tegenwoordich niet suffiyant genoech is, maer<lb/> conden sij ons soo schoon praten, dat wij haer lijber ingres ende egres tot Bantam<lb/> (onder pretext van beyder Comp.en dienst) toestonden, soo sonden sij ongetwijffelt<lb/> in beyde plaetsen haer residentie wel willen houden. Maer wat onlusten, namentlijck<lb/> weerhoudingh van Batavias progres, ophitsinge van Bantam tegen ons, onttrouwe<lb/> handelinge, onlijdelijck servitut ende consequentelijck hondertderleye<lb/> andere crackeelen uut soodanigen interpositen middel dagelijcs ontstaen souden,<lb/> leggen wij in de consideratie van U Ed. diepe wijsheyt.<lb/></p><p xml:id="INT_108234c9-a9ce-3ca3-932d-5d144894806d.TEI.1.text.1.body.1.div.1.p.13" xml:lang="nl" rend="font-size: 10; text-align: justify; line-height: 11.7pt; text-indent: 21.0pt" xmlns="http://www.tei-c.org/ns/1.0">Soo sij de macht en de moet hadden Bantam tegen ons goetvinden ende consent<lb/> t’openen, is niet eens te twijffelen, off souden den regel van ’t contract,<lb/> d’arresten van resolutien, bij den Raet van Deffentie genomen ende d’equiteyt van<lb/> de gemeene saecke selff aen d’een sij de stellen ende met haer dessein voor hun<lb/> particulier voortvaeren.<lb/></p><p xml:id="INT_108234c9-a9ce-3ca3-932d-5d144894806d.TEI.1.text.1.body.1.div.1.p.14" xml:lang="nl" rend="font-size: 10; text-align: justify; line-height: 11.7pt; text-indent: 21.0pt" xmlns="http://www.tei-c.org/ns/1.0">Tot noch toe hebben sij met schriftelijcke acten ons consendt geurgeert; tot<lb/> noch toe hebben wij haer met schriftelijcke redenen affgeseth; off sij nu tot naerder<lb/> ondersoeck bij maniere van tergingh met een schip ofte twee, ofte met haere<lb/> sobere macht tegelijck voor Bantam gaen ende onderleggen sullen onder protestatie<lb/> (soo wij haere aanbiedinge ten dienste van beyde de Comp.en niet en willen accepteren)<lb/> voor haere Comp.a den handel alleen te becomen, sal ons den tijt leeren.<lb/> Soo maer verseeckert waren, dat wij haer ontsien sullen van daer te weeren, souden<lb/> ’t ongetwijffelt onderstaen; dan wij meynen, dat sij hun credit bij den pangeram<lb/> van Bantam (welck door secreete intelligentien met groot opgeven ende andeie<lb/> parsuasive middelen tot onsen nadeele vercregen mochten hebben) ontsien sullen in<lb/> hasard te stellen, want soo dit eens onderleyden ende wij het door d’een off d’andej<lb/> middel tegen hielden, soude haer credit (tw'elck gants teer is) bij den Coningh van<lb/> Bantam t’eenemael uyt hebben ende hij des te eer met ons tot verdrach beweecht<lb/> werden, daer sij met lijff ende siel ongetwijffelt tegen arbeyden.<lb/></p><note xml:id="INT_108234c9-a9ce-3ca3-932d-5d144894806d.TEI.1.text.1.body.1.div.1.note.10" xml:lang="nl" place="inline" type="editorial-summary" resp="editor" rend="font-style: italic; line-height: 11.7pt; text-indent: 21.0pt; text-align: justify; font-size: 10" xmlns="http://www.tei-c.org/ns/1.0">( Benodigd touw <hi rend="font-size:10; font-family:Liberation Serif" xml:lang="nl">,</hi> benodigd volk <hi rend="font-size:10; font-family:Liberation Serif" xml:lang="nl">,</hi> aankomst schip uit Suratte <hi rend="font-size:10; font-family:Liberation Serif" xml:lang="nl">,</hi> vgl. <hi rend="font-size:10; font-family:Liberation Serif" xml:lang="nl">Daghregisters,</hi><lb/>3 maart 1624 <hi rend="font-size:10; font-family:Liberation Serif" xml:lang="nl">,</hi> meded. betr. Perzië <hi rend="font-size:10; font-family:Liberation Serif" xml:lang="nl">,</hi> vgl. <hi rend="font-size:10; font-family:Liberation Serif" xml:lang="nl">Perzië</hi> vnl. p. 19, vlg.).<lb/></note>
            
      </div>
                  </body>
                </text>
              </TEI>