<TEI xml:id="INT_1f873884-e030-3fe9-b37b-677400cd51e9" xmlns="http://www.tei-c.org/ns/1.0">
                <teiHeader>
      <fileDesc>
        <titleStmt>
          <title>Indices</title>
        </titleStmt>
        <publicationStmt>
          <p>
            <date></date>
            <idno type="sourceID">missiven:vol1</idno>
            <idno type="pid">INT_1f873884-e030-3fe9-b37b-677400cd51e9</idno>
          </p>
        </publicationStmt>
        <notesStmt>
          <note/>
        </notesStmt>
        <sourceDesc>
          <listBibl xml:id="inlMetadata">
            <bibl>
        <interpGrp type="page"><interp>745</interp></interpGrp>
        <interpGrp type="tocLevel"><interp>0</interp></interpGrp>
        <interpGrp type="volume"><interp>1</interp></interpGrp>
        <interpGrp type="n"><interp></interp></interpGrp>
        <interpGrp type="pid"><interp>INT_1f873884-e030-3fe9-b37b-677400cd51e9</interp></interpGrp>
        <interpGrp type="titleLevel1"><interp>Indices</interp></interpGrp>
      </bibl>
          </listBibl>
        </sourceDesc>
      </fileDesc>
    </teiHeader>
                <text xml:id="INT_1f873884-e030-3fe9-b37b-677400cd51e9.TEI.1.text.1">
                  <body xml:id="INT_1f873884-e030-3fe9-b37b-677400cd51e9.TEI.1.text.1.body.1">
                    <div xml:id="INT_1f873884-e030-3fe9-b37b-677400cd51e9.TEI.1.text.1.body.1.div.1">
        
              <pb xml:id="INT_1f873884-e030-3fe9-b37b-677400cd51e9.TEI.1.text.1.body.1.div.1.pb.1" n="745" facs="http://resources.huygens.knaw.nl/retroapp/service_generalemissiven/gm_01/images/gm_1_104_0745.tif"/><head xml:id="INT_1f873884-e030-3fe9-b37b-677400cd51e9.TEI.1.text.1.body.1.div.1.head.1" xml:lang="nl" rend="font-size: 15; letter-spacing: 2.0pt; line-height: 16.6pt" xmlns="http://www.tei-c.org/ns/1.0">INDICES<lb/></head>
            
      </div>
                  </body>
                </text>
              </TEI>