<TEI xml:id="INT_c13bc276-7b28-30d5-8a07-f6c93c46fcfd" xmlns="http://www.tei-c.org/ns/1.0">
                <teiHeader>
      <fileDesc>
        <titleStmt>
          <title>Van der Lijn, Caron, Reniers en Demmer, 18 jan. 1650</title>
        </titleStmt>
        <publicationStmt>
          <p>
            <date>18 jan. 1650</date>
            <idno type="sourceID">missiven:vol2</idno>
            <idno type="pid">INT_c13bc276-7b28-30d5-8a07-f6c93c46fcfd</idno>
          </p>
        </publicationStmt>
        <notesStmt>
          <note/>
        </notesStmt>
        <sourceDesc>
          <listBibl xml:id="inlMetadata">
            <bibl type="missive">
        <interpGrp type="page"><interp>400</interp></interpGrp>
        
      <interpGrp type="titleLevel1"><interp>Van der Lijn, Caron, Reniers en Demmer, 18 jan. 1650</interp></interpGrp>
      <interpGrp type="dateLevel1"><interp>18 jan. 1650</interp></interpGrp>
        <interpGrp type="tocLevel"><interp>1</interp></interpGrp>
      <interpGrp type="volume"><interp>2</interp></interpGrp>
        <interpGrp type="n"><interp>XI</interp></interpGrp>
      
      <interpGrp type="witnessYearLevel1_from"><interp>1650</interp></interpGrp>
      <interpGrp type="witnessYearLevel1_to"><interp>1650</interp></interpGrp>
      <interpGrp type="witnessMonthLevel1_to"><interp>1</interp></interpGrp>
      <interpGrp type="witnessMonthLevel1_from"><interp>1</interp></interpGrp>
      <interpGrp type="witnessDayLevel1_to"><interp>18</interp></interpGrp>
      <interpGrp type="witnessDayLevel1_from"><interp>18</interp></interpGrp>
      <interpGrp type="authorLevel1"><interp>Van der Lijn</interp><interp>Caron</interp><interp>Reniers</interp><interp>Demmer</interp></interpGrp>
      <interpGrp type="pid"><interp>INT_c13bc276-7b28-30d5-8a07-f6c93c46fcfd</interp></interpGrp>
    </bibl>
          </listBibl>
        </sourceDesc>
      </fileDesc>
    </teiHeader>
                <text xml:id="INT_c13bc276-7b28-30d5-8a07-f6c93c46fcfd.TEI.1.text.1">
                  <body xml:id="INT_c13bc276-7b28-30d5-8a07-f6c93c46fcfd.TEI.1.text.1.body.1">
                    <div xml:id="INT_c13bc276-7b28-30d5-8a07-f6c93c46fcfd.TEI.1.text.1.body.1.div.1"><div xml:id="INT_c13bc276-7b28-30d5-8a07-f6c93c46fcfd.TEI.1.text.1.body.1.div.1.div.1" type="subdivision_for_sake_of_validation">
        
              <pb xml:id="INT_c13bc276-7b28-30d5-8a07-f6c93c46fcfd.TEI.1.text.1.body.1.div.1.div.1.pb.1" n="400" facs="http://resources.huygens.knaw.nl/retroapp/service_generalemissiven/gm_02/images/gm_2_112_0400.tif"/><fw xml:id="INT_c13bc276-7b28-30d5-8a07-f6c93c46fcfd.TEI.1.text.1.body.1.div.1.div.1.fw.1" place="top" type="page-number" facs="#zone.6499761" xmlns="http://www.tei-c.org/ns/1.0">400</fw><fw xml:id="INT_c13bc276-7b28-30d5-8a07-f6c93c46fcfd.TEI.1.text.1.body.1.div.1.div.1.fw.2" place="top" type="head" facs="#zone.6499765" xmlns="http://www.tei-c.org/ns/1.0">Van der Lijn, Caron, Reniers en Demraer XI, 18 januari 1650</fw><head xml:id="INT_c13bc276-7b28-30d5-8a07-f6c93c46fcfd.TEI.1.text.1.body.1.div.1.div.1.head.1" xml:lang="nl" rend="font-size: 10; text-align: justify; line-height: 11.4pt" xmlns="http://www.tei-c.org/ns/1.0">XI. CORNELIS VAX DER LIJN, FRANQOIS CARON, CAREL RENIERS,<lb/> GERARD DEMMER, BATAVIA 18 januari 1650 <hi rend="font-size:10; font-family:Liberation Serif; vertical-align:super" xml:lang="nl">x).</hi><lb/></head><p xml:id="INT_c13bc276-7b28-30d5-8a07-f6c93c46fcfd.TEI.1.text.1.body.1.div.1.div.1.p.1" xml:lang="nl" rend="font-size: 7.5; text-align: justify; line-height: 8.3pt" xmlns="http://www.tei-c.org/ns/1.0">1069, fol. 1-5.<lb/></p><note xml:id="INT_c13bc276-7b28-30d5-8a07-f6c93c46fcfd.TEI.1.text.1.body.1.div.1.div.1.note.1" xml:lang="nl" place="inline" type="editorial-summary" resp="editor" rend="font-style: italic; line-height: 11.7pt; text-indent: 22.0pt; text-align: justify; font-size: 9" xmlns="http://www.tei-c.org/ns/1.0">( De fluit Lastdrager , bestemd voor patria, heeft voor het innemen van peper enige<lb/> dagen moeten wachten; 4 jan. is van daar de Tijger aangekomen, die door stormschade<lb/> [ Siërra] Leone heeft moeten aandoen; waarde van de lading is fl. 63940.8.8; 5 jan.<lb/> komt de Wolf uit Bengalen met 80 last rijst en 40 tarwe; er is jaarlijks 60 a 70.000 <hi rend="font-size:9.5; font-family:Liberation Serif" xml:lang="nl">&amp;</hi><lb/>zijde verkrijgbaar; bericht . . .)<lb/></note><p xml:id="INT_c13bc276-7b28-30d5-8a07-f6c93c46fcfd.TEI.1.text.1.body.1.div.1.div.1.p.2" xml:lang="nl" rend="font-size: 10; text-align: justify; line-height: 11.7pt" xmlns="http://www.tei-c.org/ns/1.0">. . . dat het nieuwe rijs- ende suyckergewas redelijck stondt, met apparentie dat<lb/> onse ende de Persise petitiën dit jaer sullen cunnen voldaen worden, soo maer door<lb/> den quaedwilligen Melckbeeck daerin geen obstacul comen te lijden, die bij den<lb/> prince Sasousa sooveel hadde tewegegebracht, dat . . . Sonneschijn1 <hi rend="font-size:10; font-family:Liberation Serif; vertical-align:super" xml:lang="nl">2)</hi> sonder<lb/> firmans tot den libren handel te obtineren onverrichter saecke terugge was<lb/> gekeert, dat vertrouwen, met het gedane redres in Suratte welhaest beteren sal,<lb/> d[aer]van op den 7 december noch geen tij[dinge] in Bengala was gecomen.<lb/></p><note xml:id="INT_c13bc276-7b28-30d5-8a07-f6c93c46fcfd.TEI.1.text.1.body.1.div.1.div.1.note.2" xml:lang="nl" place="inline" type="editorial-summary" resp="editor" rend="font-style: italic; line-height: 12.0pt; text-indent: 22.0pt; text-align: justify; font-size: 9" xmlns="http://www.tei-c.org/ns/1.0">(Slechts de halve eis aan suiker is naar Perzië gezonden; twee schepen komen<lb/> 8 en 14 jan. uit Siam met 419 last rijst, kostende fl. 15084, bestemd voor de Molukken<lb/> en Banda; uit J apan is vernomen,)<lb/></note><p xml:id="INT_c13bc276-7b28-30d5-8a07-f6c93c46fcfd.TEI.1.text.1.body.1.div.1.div.1.p.3" xml:lang="nl" rend="font-size: 10; text-align: justify; line-height: 11.7pt" xmlns="http://www.tei-c.org/ns/1.0"><hi rend="font-size:8; font-family:Liberation Serif; font-style:italic; font-weight:bold" xml:lang="nl">.</hi> . . dat volgens de becomen ordre van den Keyser uyt het hof van Jedo onsen<lb/> gesant Frisius <hi rend="font-size:10; font-family:Liberation Serif; vertical-align:super" xml:lang="nl">3)</hi> nevens den capitain Brouckhorst haer souden veerdich maecken<lb/> om binnen 8 è, 10 dagen naer Jedo op te reysen, waertoe reede drye barcquen om<lb/> de stucken ende voirdre schenckagie [met] de bagagie ende een suite van 24 persoonen<lb/> over te voeren gereedt waren gemaeckt, dat den gesant oock specialijck<lb/> was toege[seght] met sijn suite op de landtstrate apart [te] mogen logeren; doch in<lb/> Jedo gecomen, dat haer als[dan] bij den anderen in ’t logys sullen ver [voegen] . . .<lb/><hi rend="font-size:7.5; font-family:Liberation Serif" xml:lang="nl">Fol. 3V.</hi><lb/></p><note xml:id="INT_c13bc276-7b28-30d5-8a07-f6c93c46fcfd.TEI.1.text.1.body.1.div.1.div.1.note.3" xml:lang="nl" place="inline" type="editorial-summary" resp="editor" rend="font-style: italic; line-height: 12.0pt; text-indent: 22.0pt; text-align: justify; font-size: 9" xmlns="http://www.tei-c.org/ns/1.0">(Hoop op gunstiger verhoudingen in Japan; de reële effecten in Azië bedragen<lb/> fl. 12737084.1.5).<lb/></note><p xml:id="INT_c13bc276-7b28-30d5-8a07-f6c93c46fcfd.TEI.1.text.1.body.1.div.1.div.1.p.4" xml:lang="nl" rend="font-size: 10; text-align: justify; line-height: 11.7pt; text-indent: 22.0pt" xmlns="http://www.tei-c.org/ns/1.0">Den president Overtwater heeft sich niet willen verweerdigen, noch den<lb/> Generael ende raden van India daerin erkennen om sijne pretensiën, die hij op de<lb/> Comp.e meent te hebben, hier voor te dragen, maer ronduyt geseght, dat die in<lb/> ’t patria bij sijne Meesters wel soude obtineren . . .<lb/></p><note xml:id="INT_c13bc276-7b28-30d5-8a07-f6c93c46fcfd.TEI.1.text.1.body.1.div.1.div.1.note.4" xml:lang="nl" place="inline" type="editorial-summary" resp="editor" rend="font-style: italic; line-height: 10.0pt; text-indent: 22.0pt; text-align: justify; font-size: 9" xmlns="http://www.tei-c.org/ns/1.0">(Slot).<lb/></note><note xml:id="INT_c13bc276-7b28-30d5-8a07-f6c93c46fcfd.TEI.1.text.1.body.1.div.1.div.1.note.5" xml:lang="nl" rend="font-size: 7.5; text-align: justify; line-height: 9.6pt; margin-left: 2200" xmlns="http://www.tei-c.org/ns/1.0">1) Gedeeltelijk onleesbaar door vocht.<lb/></note><note xml:id="INT_c13bc276-7b28-30d5-8a07-f6c93c46fcfd.TEI.1.text.1.body.1.div.1.div.1.note.6" xml:lang="nl" rend="font-size: 7.5; line-height: 9.6pt; text-indent: 21.0pt" xmlns="http://www.tei-c.org/ns/1.0">2) Joan Sonneschijn kwam 1638 als assistent uit, 1643 onderkoopman in Bengalen,<lb/> 1646 koopman, 1649 opperkoopman.<lb/></note><note xml:id="INT_c13bc276-7b28-30d5-8a07-f6c93c46fcfd.TEI.1.text.1.body.1.div.1.div.1.note.7" xml:lang="nl" rend="font-size: 7.5; text-align: justify; line-height: 9.6pt; text-indent: 21.0pt" xmlns="http://www.tei-c.org/ns/1.0">3) Andries Frisius, lid van de Raad van Justitie en secretaris van de Regering, was<lb/> 1649 als medegezant naar Japan gezonden. Hij repatrieerde in 1653 en kwam 1656 als vrijburger<lb/> terug; 1657 weer secretaris van de Regering, tevens president van huwelijkse zaken,<lb/> kapitein der schutterij enz. In 1660 repatrieerde hij als commandeur van de retourvloot.<lb/></note><pb xml:id="INT_c13bc276-7b28-30d5-8a07-f6c93c46fcfd.TEI.1.text.1.body.1.div.1.div.1.pb.2" n="401" facs="http://resources.huygens.knaw.nl/retroapp/service_generalemissiven/gm_02/images/gm_2_112_0401.tif"/></div><div xml:id="INT_c13bc276-7b28-30d5-8a07-f6c93c46fcfd.TEI.1.text.1.body.1.div.1.div.2" type="subdivision_for_sake_of_validation"><head xml:id="INT_c13bc276-7b28-30d5-8a07-f6c93c46fcfd.TEI.1.text.1.body.1.div.1.div.2.head.1" xml:lang="nl" rend="font-size: 18; letter-spacing: 2.0pt; line-height: 19.9pt" xmlns="http://www.tei-c.org/ns/1.0">GAREL RENIERS<lb/></head><p xml:id="INT_c13bc276-7b28-30d5-8a07-f6c93c46fcfd.TEI.1.text.1.body.1.div.1.div.2.p.1" xml:lang="nl" rend="font-size: 9.5; line-height: 10.5pt; margin-left: 900" xmlns="http://www.tei-c.org/ns/1.0">6 OCTOBER 1650—18 MEI 1653<lb/></p><pb xml:id="INT_c13bc276-7b28-30d5-8a07-f6c93c46fcfd.TEI.1.text.1.body.1.div.1.div.2.pb.1" n="402" facs="http://resources.huygens.knaw.nl/retroapp/service_generalemissiven/gm_02/images/gm_2_112_0402.tif"/>
            
      </div></div>
                  </body>
                </text>
              </TEI>