<TEI xml:id="INT_6122400f-851a-38e6-a89a-3b73033b0431" xmlns="http://www.tei-c.org/ns/1.0">
                <teiHeader>
      <fileDesc>
        <titleStmt>
          <title>Van Diemen, Van der Lijn, Maetsuycker, Caron, Schouten en Sweers, 16 nov. 1641</title>
        </titleStmt>
        <publicationStmt>
          <p>
            <date>16 nov. 1641</date>
            <idno type="sourceID">missiven:vol2</idno>
            <idno type="pid">INT_6122400f-851a-38e6-a89a-3b73033b0431</idno>
          </p>
        </publicationStmt>
        <notesStmt>
          <note/>
        </notesStmt>
        <sourceDesc>
          <listBibl xml:id="inlMetadata">
            <bibl type="missive">
        <interpGrp type="page"><interp>138</interp></interpGrp>
        
      <interpGrp type="titleLevel1"><interp>Van Diemen, Van der Lijn, Maetsuycker, Caron, Schouten en Sweers, 16 nov. 1641</interp></interpGrp>
      <interpGrp type="dateLevel1"><interp>16 nov. 1641</interp></interpGrp>
        <interpGrp type="tocLevel"><interp>1</interp></interpGrp>
      <interpGrp type="volume"><interp>2</interp></interpGrp>
        <interpGrp type="n"><interp>XVI</interp></interpGrp>
      
      <interpGrp type="witnessYearLevel1_from"><interp>1641</interp></interpGrp>
      <interpGrp type="witnessYearLevel1_to"><interp>1641</interp></interpGrp>
      <interpGrp type="witnessMonthLevel1_to"><interp>11</interp></interpGrp>
      <interpGrp type="witnessMonthLevel1_from"><interp>11</interp></interpGrp>
      <interpGrp type="witnessDayLevel1_to"><interp>16</interp></interpGrp>
      <interpGrp type="witnessDayLevel1_from"><interp>16</interp></interpGrp>
      <interpGrp type="authorLevel1"><interp>Van Diemen</interp><interp>Van der Lijn</interp><interp>Maetsuycker</interp><interp>Caron</interp><interp>Schouten</interp><interp>Sweers</interp></interpGrp>
      <interpGrp type="pid"><interp>INT_6122400f-851a-38e6-a89a-3b73033b0431</interp></interpGrp>
    </bibl>
          </listBibl>
        </sourceDesc>
      </fileDesc>
    </teiHeader>
                <text xml:id="INT_6122400f-851a-38e6-a89a-3b73033b0431.TEI.1.text.1">
                  <body xml:id="INT_6122400f-851a-38e6-a89a-3b73033b0431.TEI.1.text.1.body.1">
                    <div xml:id="INT_6122400f-851a-38e6-a89a-3b73033b0431.TEI.1.text.1.body.1.div.1">
        
              <pb xml:id="INT_6122400f-851a-38e6-a89a-3b73033b0431.TEI.1.text.1.body.1.div.1.pb.1" n="138" facs="http://resources.huygens.knaw.nl/retroapp/service_generalemissiven/gm_02/images/gm_2_112_0138.tif"/><fw xml:id="INT_6122400f-851a-38e6-a89a-3b73033b0431.TEI.1.text.1.body.1.div.1.fw.1" place="top" type="head" xml:lang="nl" rend="text-align:justify; line-height:9.4pt" facs="#zone.5787580" xmlns="http://www.tei-c.org/ns/1.0">138 Van Diemen, Van der Lijn, Maetsuycker, Caron, Schouten en Sweers XVI, 16 nov. 1641</fw><fw xml:id="INT_6122400f-851a-38e6-a89a-3b73033b0431.TEI.1.text.1.body.1.div.1.fw.2" place="top" type="head" xml:lang="nl" rend="text-align:justify; line-height:11.7pt" facs="#zone.5787606" xmlns="http://www.tei-c.org/ns/1.0">XVI. ANTONIO VAX DIEMEN, CORNELIS VAN DER LIJN, JOANMAETSUYCKER, FRANQOIS CARON, JUSTUS SCHOUTEN EN SALOMONSWEERS, BATAVIA 16 november 1641 1).</fw><p xml:id="INT_6122400f-851a-38e6-a89a-3b73033b0431.TEI.1.text.1.body.1.div.1.p.1" xml:lang="nl" rend="font-size: 8.5; text-align: justify; line-height: 11.7pt" xmlns="http://www.tei-c.org/ns/1.0">1046, fol. 278-283.<lb/></p><note xml:id="INT_6122400f-851a-38e6-a89a-3b73033b0431.TEI.1.text.1.body.1.div.1.note.1" xml:lang="nl" place="inline" type="editorial-summary" resp="editor" rend="font-style: italic; line-height: 11.7pt; text-indent: 22.0pt; text-align: justify; font-size: 10" xmlns="http://www.tei-c.org/ns/1.0">( Van de Maestricht is nog niets vernomen; toezegging der Eng eisen zonder<lb/> Nederlandse 'passen geen Portugezen te vervoeren , klachten van Coggins , vgl. <hi rend="font-size:10; font-family:Liberation Serif" xml:lang="nl">Dagh-</hi><lb/><hi rend="font-size:10; font-family:Liberation Serif" xml:lang="nl">registers</hi> 4 sept. 1641 p. 420-421).<lb/></note><p xml:id="INT_6122400f-851a-38e6-a89a-3b73033b0431.TEI.1.text.1.body.1.div.1.p.2" resp="int_paragraph_joining" rend="font-size:10; font-family:Liberation Serif; letter-spacing:4.0pt">
              <hi rend="font-size:10; font-family:Liberation Serif; letter-spacing:4.0pt" xml:lang="nl" xmlns="http://www.tei-c.org/ns/1.0">....</hi> Den Willem procureert sijn ladingh in Jamby. Vertrouwen, aldaer de<lb xmlns="http://www.tei-c.org/ns/1.0"/> helft van desselffs carga niet becomen sal. De reste moet van Banjar ende Coromandel<lb xmlns="http://www.tei-c.org/ns/1.0"/> verschijnen, daer weynigh apparentie toe sien. Banjar geeft hun weynigh<lb xmlns="http://www.tei-c.org/ns/1.0"/> peper. Dit saysoen is ons van daer toegebraght 3800picols ofte 190 lasten. d’Engelse<lb xmlns="http://www.tei-c.org/ns/1.0"/> hebben met den Coster in october passato van daer gebraght 20 a 25 lasten ende<lb xmlns="http://www.tei-c.org/ns/1.0"/> ’t jacht <hi rend="font-size:10; font-family:Liberation Serif; font-style:italic" xml:lang="nl" xmlns="http://www.tei-c.org/ns/1.0">S.t</hi> Michiel inderijl weder derwaerts geschickt. ’t Is te gelooven, dewijle<lb xmlns="http://www.tei-c.org/ns/1.0"/> den peper in Europa bestont te dalen ende tot 29 st. ’t ® vercocht wierd, de lust<lb xmlns="http://www.tei-c.org/ns/1.0"/> tot den gretigen incoop herwaerts sal comen te cesseren. Den Caesar is geweest een<lb xmlns="http://www.tei-c.org/ns/1.0"/> schip van 300 a 350 lasten uytterlijck, dat sijn ses a 700 000 catty, sulcx wel<lb xmlns="http://www.tei-c.org/ns/1.0"/> verseeckert sijn, geen 900 000 aen de merct gebraght heeft. Soo vier vrachtschepen<lb xmlns="http://www.tei-c.org/ns/1.0"/> herwaerts gesonden waren, als U Ed. schrijven, hadden twee derselver<lb xmlns="http://www.tei-c.org/ns/1.0"/> moeten overblijven off ledigh nae Engelandt keeren. ’t Was een overjarigh<lb xmlns="http://www.tei-c.org/ns/1.0"/> retour, dat tot Bantam in voorraet hadden, daer den Caesar soo spoedigh sijn<lb xmlns="http://www.tei-c.org/ns/1.0"/> depêche mede bequam. De vrunden sijn sober van schepen tot vervolgh van den<lb xmlns="http://www.tei-c.org/ns/1.0"/> inlantsen handel versien, in dese zuyderquartieren frequenteren eenelijck Jamby,<lb xmlns="http://www.tei-c.org/ns/1.0"/> Japara, Benjarmassingh ende Maccassar. Na de Sumatrase Westcust hebben,<lb xmlns="http://www.tei-c.org/ns/1.0"/> tzedert <hi rend="font-size:10; font-family:Liberation Serif; vertical-align:super" xml:lang="nl" xmlns="http://www.tei-c.org/ns/1.0">2)</hi> aldaer geprevilegeert sijn geworden, niet getendeert, twelck vertrouwen,<lb xmlns="http://www.tei-c.org/ns/1.0"/> meer door mancquement van schepen ende capitael als omme onse gerechtigheyt<lb xmlns="http://www.tei-c.org/ns/1.0"/>niet te vilipenderen nalaeten .<lb xmlns="http://www.tei-c.org/ns/1.0"/>
            </p><note xml:id="INT_6122400f-851a-38e6-a89a-3b73033b0431.TEI.1.text.1.body.1.div.1.note.2" xml:lang="nl" place="inline" type="editorial-summary" resp="editor" rend="font-style: italic; line-height: 11.7pt; text-indent: 22.0pt; text-align: justify; font-size: 10" xmlns="http://www.tei-c.org/ns/1.0">f Overlijden van Ottens, <hi rend="font-size:10; font-family:Liberation Serif" xml:lang="nl">Daghregisters</hi> 1 oct. 1641, p. 451, voorlopig vervangen<lb/> door Caen ; te Suratte is voor 8 a 10 ton ingekocht, dat tegen 12% p.j. geleend werd;<lb/> voortzetting van de strijd met de Portugezen; vrees, dat, zo de vrede met Portugal tot<lb/> stand komt, de Nederlanders uit Japan zullen gezet worden; gegevens over Fialho<lb/> Fereira, vgl. <hi rend="font-size:10; font-family:Liberation Serif" xml:lang="nl">Daghregisters</hi> 18 sept. 1641, p. 441-442, 27 sept. p. 448, 8 oct.,<lb/> p. 468-469; de retourvloot van 9 a, 10 schepen zal onder Caen vertrekken; het valt<lb/> moeilijk de nodige schepen bijeen te krijgen, waarom misschien iets te laat zal worden<lb/> vertrokken).<lb/></note><note xml:id="INT_6122400f-851a-38e6-a89a-3b73033b0431.TEI.1.text.1.body.1.div.1.note.3" xml:lang="nl" rend="font-size: 8.5; text-align: justify; line-height: 9.4pt; margin-left: 2100" xmlns="http://www.tei-c.org/ns/1.0">1) Verzonden met het Engelse schip Moon.<lb/></note><note xml:id="INT_6122400f-851a-38e6-a89a-3b73033b0431.TEI.1.text.1.body.1.div.1.note.4" xml:lang="nl" rend="font-size: 8.5; text-align: justify; line-height: 9.4pt; margin-left: 2100" xmlns="http://www.tei-c.org/ns/1.0">2) Versta: wij.<lb/></note>
            
      </div>
                  </body>
                </text>
              </TEI>