<TEI xml:id="INT_c3f6aba5-25d9-3c40-9af1-413cdb4d790f" xmlns="http://www.tei-c.org/ns/1.0">
                <teiHeader>
      <fileDesc>
        <titleStmt>
          <title>Van Diemen en Van der Lijn, 8 jan. 1641</title>
        </titleStmt>
        <publicationStmt>
          <p>
            <date>8 jan. 1641</date>
            <idno type="sourceID">missiven:vol2</idno>
            <idno type="pid">INT_c3f6aba5-25d9-3c40-9af1-413cdb4d790f</idno>
          </p>
        </publicationStmt>
        <notesStmt>
          <note/>
        </notesStmt>
        <sourceDesc>
          <listBibl xml:id="inlMetadata">
            <bibl type="missive">
        <interpGrp type="page"><interp>128</interp></interpGrp>
        
      <interpGrp type="titleLevel1"><interp>Van Diemen en Van der Lijn, 8 jan. 1641</interp></interpGrp>
      <interpGrp type="dateLevel1"><interp>8 jan. 1641</interp></interpGrp>
        <interpGrp type="tocLevel"><interp>1</interp></interpGrp>
      <interpGrp type="volume"><interp>2</interp></interpGrp>
        <interpGrp type="n"><interp>XIII</interp></interpGrp>
      
      <interpGrp type="witnessYearLevel1_from"><interp>1641</interp></interpGrp>
      <interpGrp type="witnessYearLevel1_to"><interp>1641</interp></interpGrp>
      <interpGrp type="witnessMonthLevel1_to"><interp>1</interp></interpGrp>
      <interpGrp type="witnessMonthLevel1_from"><interp>1</interp></interpGrp>
      <interpGrp type="witnessDayLevel1_to"><interp>8</interp></interpGrp>
      <interpGrp type="witnessDayLevel1_from"><interp>8</interp></interpGrp>
      <interpGrp type="authorLevel1"><interp>Van Diemen</interp><interp>Van der Lijn</interp></interpGrp>
      <interpGrp type="pid"><interp>INT_c3f6aba5-25d9-3c40-9af1-413cdb4d790f</interp></interpGrp>
    </bibl>
          </listBibl>
        </sourceDesc>
      </fileDesc>
    </teiHeader>
                <text xml:id="INT_c3f6aba5-25d9-3c40-9af1-413cdb4d790f.TEI.1.text.1">
                  <body xml:id="INT_c3f6aba5-25d9-3c40-9af1-413cdb4d790f.TEI.1.text.1.body.1">
                    <div xml:id="INT_c3f6aba5-25d9-3c40-9af1-413cdb4d790f.TEI.1.text.1.body.1.div.1">
        
              <pb xml:id="INT_c3f6aba5-25d9-3c40-9af1-413cdb4d790f.TEI.1.text.1.body.1.div.1.pb.1" n="128" facs="http://resources.huygens.knaw.nl/retroapp/service_generalemissiven/gm_02/images/gm_2_112_0128.tif"/><fw xml:id="INT_c3f6aba5-25d9-3c40-9af1-413cdb4d790f.TEI.1.text.1.body.1.div.1.fw.1" place="top" type="page-number" facs="#zone.5764747" xmlns="http://www.tei-c.org/ns/1.0">128</fw><fw xml:id="INT_c3f6aba5-25d9-3c40-9af1-413cdb4d790f.TEI.1.text.1.body.1.div.1.fw.2" place="top" type="head" facs="#zone.5764751" xmlns="http://www.tei-c.org/ns/1.0">Van Diemen en Van der Lijn XIII, 8 januari 1641</fw><head xml:id="INT_c3f6aba5-25d9-3c40-9af1-413cdb4d790f.TEI.1.text.1.body.1.div.1.head.1" xml:lang="nl" rend="font-size: 10; text-align: justify; line-height: 11.4pt" xmlns="http://www.tei-c.org/ns/1.0">XIII. ANTONIO VAN DIEMEN EN CORNELIS VAN DER LIJN, BATAVIA<lb/> 8 januari 1641.<lb/></head><p xml:id="INT_c3f6aba5-25d9-3c40-9af1-413cdb4d790f.TEI.1.text.1.body.1.div.1.p.1" xml:lang="nl" rend="font-size: 8; text-align: justify; line-height: 8.9pt" xmlns="http://www.tei-c.org/ns/1.0">1045, fol. 896-934, copieën 1043, fol. 20-58 en 1043, fol. 440-465.<lb/></p><note xml:id="INT_c3f6aba5-25d9-3c40-9af1-413cdb4d790f.TEI.1.text.1.body.1.div.1.note.1" xml:lang="nl" place="inline" type="editorial-summary" resp="editor" rend="font-style: italic; line-height: 11.7pt; text-indent: 23.0pt; text-align: justify; font-size: 10" xmlns="http://www.tei-c.org/ns/1.0">( Schepen van patria gekomen; schip van Goromandel gekomen, vgl. <hi rend="font-size:10; font-family:Liberation Serif" xml:lang="nl">Daghregisters</hi><lb/>27 nov. 1640, p. 86-92 en 29 nov. 1640 p. 102-104 ; schepen naar de Specerij eilanden<lb/> vertrokken).<lb/></note><p xml:id="INT_c3f6aba5-25d9-3c40-9af1-413cdb4d790f.TEI.1.text.1.body.1.div.1.p.2" xml:lang="nl" rend="font-size: 10; text-align: justify; line-height: 11.7pt; text-indent: 23.0pt" xmlns="http://www.tei-c.org/ns/1.0"><hi rend="font-size:10; font-family:Liberation Serif; letter-spacing:4.5pt" xml:lang="nl">....</hi> Voor Haerlems affscheyt <hi rend="font-size:10; font-family:Liberation Serif; vertical-align:super" xml:lang="nl">x)</hi> ende noch doende sijnde met de voorder<lb/> ontladingh van ’t Portugees scheepken, sijn tusschen den 20 ende 21en october van<lb/> een vehementen storm uyt den noordoost ende zuytoosten, die tot 23 bleeff<lb/> continueren, sulx aengetast, dat Haerlem éen ende Grijpskercken twee anckers<lb/> nevens hun schuyt niet sonder voorder merckelijck gevaer verlooren, sijnde<lb/> d’Engelse Expeditie ende Hoopwel, ’t Deens jacht de Son met des sercheyls schip<lb/> nae verlies van anckers, touwen ende boots aen ’t doorgaen ende in ’t uytterste<lb/> peryckel van te stranden geweest, gelijck oock ten selven tijde van de gelargeerde<lb/> Portugesen per thony1 <hi rend="font-size:10; font-family:Liberation Serif; vertical-align:super" xml:lang="nl">2)</hi> nae SJ Thomé op ’t Petapolise riff seven persoonen<lb/> vergaen sijn, de reste van 53 aen lant verstroyt. De prinse <hi rend="font-size:10; font-family:Liberation Serif; vertical-align:super" xml:lang="nl">3),</hi> liggende voor een<lb/> ijsere ende twee sware houte anckers, doorgaende, is gestrandt, geborsten ende in<lb/> ’t welsant vastgeseth, sulx dat den radix China ende meer andere goederen nadt<lb/> geworden sijn, den spiaulter wellicht niet al sal connen geberght worden; is de<lb/> versendingh van Grijpskercken nae Batavia gestaeckt ende op 26 d.° derselver<lb/> maendt andermael nae Pipely getendeert; van wat waardij e de resterende geloste<lb/> ende gesalveerde goederen sijn, wert U Ed. nae desen bedeelt ende sullen op verre<lb/> nae sooveel niet emporteren, als de Portugesen wel opgeven, de ladingh in Macao<lb/> soude hebben gecost. Echter vertrouwen, de Compagnie ruym twee tonnen sal<lb/> renderen. Treffelijcke stoffen sijn daermede becomen, daervan eenige tot monsters<lb/> per Haerlem becompt, maer alsoo meest sorteringe voor Japan is, die aldaer groot<lb/> geit renderen ende vooral aengenaem sijn, ons oock tot monsters in toecomende<lb/> moeten dienen, blijven geresolveert ten meesten voordeel van de Compagnie<lb/> deselve derwaerts te schicken; schoone porceleynen in baliën, borduyrwercken,<lb/> althaercleeden, Tonkinse ende flos-sijde, muscus, die maer redelijck oordeelen,<lb/> schutsels ende ledicanten, mitsgaders wes meer voor Europa raer ende dienstigh<lb/> hebben g’oordeelt, wort U Ed. met Haerlem gesonden, onder andere vijff potten<lb/> geconfijte radix ende drie d.° gedistilleert water van groenen wortel China, dat bij<lb/> de Portugesen in estime ende voor den Vice-Rey gesonden is.<lb/></p><note xml:id="INT_c3f6aba5-25d9-3c40-9af1-413cdb4d790f.TEI.1.text.1.body.1.div.1.note.2" xml:lang="nl" place="inline" type="editorial-summary" resp="editor" rend="font-style: italic; line-height: 11.1pt; text-indent: 23.0pt; text-align: justify; font-size: 10" xmlns="http://www.tei-c.org/ns/1.0">( Bericht van Suratte).<lb/></note><p xml:id="INT_c3f6aba5-25d9-3c40-9af1-413cdb4d790f.TEI.1.text.1.body.1.div.1.p.3" resp="int_paragraph_joining" rend="">
              Naedat met Compagnies depositarisen is gerekent ende d’intrestpenningen<lb xmlns="http://www.tei-c.org/ns/1.0"/> affgeleyt, wort den staet aldaer schaerser bevonden, als g’oppinieert ende den<lb xmlns="http://www.tei-c.org/ns/1.0"/> directeur Barent Pietersen heeft gerapporteert, gaende ’t bedragen der verloopen<lb xmlns="http://www.tei-c.org/ns/1.0"/> rentes verre buyten gissingh, monterende f. 51 000, sulx dat de reeckening van<lb xmlns="http://www.tei-c.org/ns/1.0"/> intrest debeth blijft 48 300 gulden, twelck op d’aenstaende cargasoenen gevonden<lb xmlns="http://www.tei-c.org/ns/1.0"/><note xml:id="INT_c3f6aba5-25d9-3c40-9af1-413cdb4d790f.TEI.1.text.1.body.1.div.1.p.3.note.1" xml:lang="nl" rend="font-size: 8; text-align: justify; line-height: 9.3pt; margin-left: 2200" xmlns="http://www.tei-c.org/ns/1.0">1) Van Masulipatam.<lb/></note><note xml:id="INT_c3f6aba5-25d9-3c40-9af1-413cdb4d790f.TEI.1.text.1.body.1.div.1.p.3.note.2" xml:lang="nl" rend="font-size: 8; line-height: 9.3pt; text-indent: 21.0pt" xmlns="http://www.tei-c.org/ns/1.0">2) Thony, klein vaartuigje, vaak van één boomstam gemaakt, gebruikt voor het lossen<lb/> van schepen ter Kust van Coromandel.<lb/></note><note xml:id="INT_c3f6aba5-25d9-3c40-9af1-413cdb4d790f.TEI.1.text.1.body.1.div.1.p.3.note.3" xml:lang="nl" rend="font-size: 8; text-align: justify; line-height: 9.3pt; margin-left: 2100" xmlns="http://www.tei-c.org/ns/1.0">3) Zie voor dit prijsgemaakte schip <hi rend="font-size:8; font-family:Liberation Serif; font-style:italic" xml:lang="nl">Daghregisters,</hi> 29 nov. 1640, p. 103.<lb/></note><pb xml:id="INT_c3f6aba5-25d9-3c40-9af1-413cdb4d790f.TEI.1.text.1.body.1.div.1.p.3.pb.1" n="129" facs="http://resources.huygens.knaw.nl/retroapp/service_generalemissiven/gm_02/images/gm_2_112_0129.tif"/><fw xml:id="INT_c3f6aba5-25d9-3c40-9af1-413cdb4d790f.TEI.1.text.1.body.1.div.1.p.3.fw.1" place="top" type="head" facs="#zone.5767695" xmlns="http://www.tei-c.org/ns/1.0">Van Diemen en Van der Lijn XIII, 8 januari 1641</fw><fw xml:id="INT_c3f6aba5-25d9-3c40-9af1-413cdb4d790f.TEI.1.text.1.body.1.div.1.p.3.fw.2" place="top" type="page-number" facs="#zone.5767708" xmlns="http://www.tei-c.org/ns/1.0">129</fw>off op ’t generael affgeschreven moet worden, ’t Sal een gewenschte saecke wesen,<lb xmlns="http://www.tei-c.org/ns/1.0"/> wanneer dien handel buyten heffingh van penningen uytvoeren, de Compagnie<lb xmlns="http://www.tei-c.org/ns/1.0"/> sal niet alleen groote verlichtingh, maer wij gerustheyt genieten.<lb xmlns="http://www.tei-c.org/ns/1.0"/>
            </p><p xml:id="INT_c3f6aba5-25d9-3c40-9af1-413cdb4d790f.TEI.1.text.1.body.1.div.1.p.4" xml:lang="nl" rend="font-size: 10; text-align: justify; line-height: 11.7pt; text-indent: 22.0pt" xmlns="http://www.tei-c.org/ns/1.0">De novo liepen op intrest in Amadabath a één percento 8000 ropias ende in<lb/> Suratte 70 000 mamoudijs, samen ongeveer 45 000 gulden. Daertegen waren naer<lb/> Agra geremitteert 50 000 ropias, item in Cambaya, Pattan <hi rend="font-size:10; font-family:Liberation Serif; vertical-align:super" xml:lang="nl">x)</hi> als Amadabath op<lb/> leveringh van sijde patoolen ende chindes uytgeseth 20 250 ropias. Item redelijcke<lb/> somme op leveringh van doecken ende schoone partij e segellacq tot verdraeghlijcken<lb/> prijse aengeslagen.<lb/></p><p xml:id="INT_c3f6aba5-25d9-3c40-9af1-413cdb4d790f.TEI.1.text.1.body.1.div.1.p.5" xml:lang="nl" rend="font-size: 10; text-align: justify; line-height: 11.7pt; text-indent: 22.0pt" xmlns="http://www.tei-c.org/ns/1.0">In voorraedt hadden in Amadabath 296 packen ofte 1189 man a 36 per<lb/> man indigo sirquees, welcke vertrouwen, op onse ordre in Parsia gedebitteert sal<lb/> sijn, item 70 packen indigo Biana; aen goede partije tot retour tegen anno aenstaende<lb/> willen niet twijffelen, dat U Ed. over Engelandt gepreadverteert wordt,<lb/> vertrouwen, tot de procure van den Nederlantsen eysch ende voor India noch<lb/> merckelijcke somme genootsaeckt sullen wesen te lichten, dat bij behouden overcomen<lb/> van ’t Tayouanse secours affgedaen wort ende den intrest can sooveel niet<lb/> aendragen, als deselve goederen (wachtende, dat eygen middelen bequamen)<lb/> dierder souden moeten incoopen. Edoch anno aenstaende sal door Godes genade<lb/> tselve niet noodigh wesen, uytwijsende onse calcula in voorige missive.<lb/></p><note xml:id="INT_c3f6aba5-25d9-3c40-9af1-413cdb4d790f.TEI.1.text.1.body.1.div.1.note.3" xml:lang="nl" place="inline" type="editorial-summary" resp="editor" rend="font-style: italic; line-height: 11.7pt; text-indent: 22.0pt; text-align: justify; font-size: 10" xmlns="http://www.tei-c.org/ns/1.0">(Financiële resultaten in Suratte , winst fl. 155139.10.5; handel der Engelsen<lb/> aldaar; Icomst van een schip van voor Malakka, vgl. <hi rend="font-size:10; font-family:Liberation Serif" xml:lang="nl">Daghregisters</hi> 11 dec. 1640,<lb/> p. 121-123, en <hi rend="font-size:10; font-family:Liberation Serif" xml:lang="nl">Malakka,</hi> passim).<lb/></note><p xml:id="INT_c3f6aba5-25d9-3c40-9af1-413cdb4d790f.TEI.1.text.1.body.1.div.1.p.6" resp="int_paragraph_joining" rend="">
              Wijders mentionneren de g’intercipieerde brieven (daervan U Ed. de translaten<lb xmlns="http://www.tei-c.org/ns/1.0"/> toecomen) ’t secours, in meert passato van Portugael geseylt, bestaende uyt<lb xmlns="http://www.tei-c.org/ns/1.0"/> een caracque, een gallioen, een jacht, gemonteert met 18 stucken ende een caravelle,<lb xmlns="http://www.tei-c.org/ns/1.0"/> den 8 ende 18en september, mitsgaders bevoorens in mey passato . . .<lb xmlns="http://www.tei-c.org/ns/1.0"/> noch een ander caravelle onder de vlagge van den nieuwen Vice-Rey Conde Juan<lb xmlns="http://www.tei-c.org/ns/1.0"/> da Silva Tello1 <hi rend="font-size:10; font-family:Liberation Serif; vertical-align:super" xml:lang="nl" xmlns="http://www.tei-c.org/ns/1.0">2 3)</hi> in Goa salvo aengelandt sij. Een ander gallioen ofte, soo geseyt<lb xmlns="http://www.tei-c.org/ns/1.0"/> wort, patache is op de lenghte van Cabo de Boa Esperance van de vloote versteecken<lb xmlns="http://www.tei-c.org/ns/1.0"/> ende noch achter. God geve, intrum onse aengetogen schepen ter gedestineerde<lb xmlns="http://www.tei-c.org/ns/1.0"/> rende-vous verschijnen ende tselve vijants schip bemachtigen; d.° is,<lb xmlns="http://www.tei-c.org/ns/1.0"/> soo ges. wort, gemant met 4 a 500 coppen, cloeck volck, den capiteyn, genaempt<lb xmlns="http://www.tei-c.org/ns/1.0"/> Pedro d’Amede Cabral8), voor desen capiteyn van Coutchin. Gemelte aengecomen<lb xmlns="http://www.tei-c.org/ns/1.0"/> drie schepen hebben in Goa gebraght ongeveer 2200 coppen, soldaten ende<lb xmlns="http://www.tei-c.org/ns/1.0"/> matroosen ende is over dit secours veel triumphe ende blijdschap in Goa geweest,<lb xmlns="http://www.tei-c.org/ns/1.0"/> daertoe groote redenen hadden, want buyten tselve haren staet in India verlooren<lb xmlns="http://www.tei-c.org/ns/1.0"/> was, gelijck hun brieven . . . dicteren. Echter, geen nader secours becomende,<lb xmlns="http://www.tei-c.org/ns/1.0"/> sullen niet notabels verrichten, alsoo extraordinarie door d’oorlogen op Ceylon<lb xmlns="http://www.tei-c.org/ns/1.0"/> ende elders van volck ontbloot sijn ende schrijft seker persoon uyt Goa nae<lb xmlns="http://www.tei-c.org/ns/1.0"/> Malacca, den Vice-Rey aldaer met groote authoriteyt ofte podeer <hi rend="font-size:10; font-family:Liberation Serif; vertical-align:super" xml:lang="nl" xmlns="http://www.tei-c.org/ns/1.0">4)</hi> van den<lb xmlns="http://www.tei-c.org/ns/1.0"/><note xml:id="INT_c3f6aba5-25d9-3c40-9af1-413cdb4d790f.TEI.1.text.1.body.1.div.1.p.6.note.1" xml:lang="nl" rend="font-size: 8; text-align: justify; line-height: 9.6pt; margin-left: 2300" xmlns="http://www.tei-c.org/ns/1.0">1) Patan, stad in Guzeratte op 22°50/ N.B. en 72° 16' O.L.<lb/></note><note xml:id="INT_c3f6aba5-25d9-3c40-9af1-413cdb4d790f.TEI.1.text.1.body.1.div.1.p.6.note.2" xml:lang="nl" rend="font-size: 8; text-align: justify; line-height: 9.6pt; text-indent: 22.0pt" xmlns="http://www.tei-c.org/ns/1.0">2) Joao da Silva Tello de Menezes, conde de Aveiras, Onderkoning van Port. Indië van<lb/> 1640 tot 1645, verklaarde zich na korte aarzeling voor den Braganza-Koning. In 1651 weer tot<lb/> Onderkoning benoemd, stierf hij op reis naar Goa.<lb/></note><note xml:id="INT_c3f6aba5-25d9-3c40-9af1-413cdb4d790f.TEI.1.text.1.body.1.div.1.p.6.note.3" xml:lang="nl" rend="font-size: 8; text-align: justify; line-height: 9.6pt; margin-left: 2300" xmlns="http://www.tei-c.org/ns/1.0">3) Pedro de Almeida Cabral is mij verder niet bekend.<lb/></note><note xml:id="INT_c3f6aba5-25d9-3c40-9af1-413cdb4d790f.TEI.1.text.1.body.1.div.1.p.6.note.4" xml:lang="nl" rend="font-size: 8; text-align: justify; line-height: 9.6pt; margin-left: 2200" xmlns="http://www.tei-c.org/ns/1.0">4) Podeer, port. poder, macht.<lb/></note><fw xml:id="INT_c3f6aba5-25d9-3c40-9af1-413cdb4d790f.TEI.1.text.1.body.1.div.1.p.6.fw.1" type="bottom-page-number">9</fw><pb xml:id="INT_c3f6aba5-25d9-3c40-9af1-413cdb4d790f.TEI.1.text.1.body.1.div.1.p.6.pb.1" n="130" facs="http://resources.huygens.knaw.nl/retroapp/service_generalemissiven/gm_02/images/gm_2_112_0130.tif"/><fw xml:id="INT_c3f6aba5-25d9-3c40-9af1-413cdb4d790f.TEI.1.text.1.body.1.div.1.p.6.fw.2" place="top" type="page-number" facs="#zone.5773123" xmlns="http://www.tei-c.org/ns/1.0">130</fw><fw xml:id="INT_c3f6aba5-25d9-3c40-9af1-413cdb4d790f.TEI.1.text.1.body.1.div.1.p.6.fw.3" place="top" type="head" facs="#zone.5773150" xmlns="http://www.tei-c.org/ns/1.0">Van Diemen en Van der Lijn XIII, 8 januari 1641</fw>Coningh, edoch met weynigh geit ende cleene armada, aengelant was. Den vijandt<lb xmlns="http://www.tei-c.org/ns/1.0"/> geeft voor ende hare brieven melden, dat in mey aenstaende andere vier ofte ses<lb xmlns="http://www.tei-c.org/ns/1.0"/> gallioenen te verwachten hadden, twelck den Coningh in sijne hiervoor aengetogen<lb xmlns="http://www.tei-c.org/ns/1.0"/> missive oock schijnt te belooven. Watter op volght, leert den tijt ende sal U Ed.<lb xmlns="http://www.tei-c.org/ns/1.0"/> voor dato uyt Lixboa wel verstaen hebben. Ingevolge vertrouwen, daerop geleth<lb xmlns="http://www.tei-c.org/ns/1.0"/> ende des te meer macht herwaerts sal uytgeseth wesen, ten eynde onse quijnenden<lb xmlns="http://www.tei-c.org/ns/1.0"/> vijandt geen tijt van respiratie become. ’t Ware een groote saecke geweest, soo dit<lb xmlns="http://www.tei-c.org/ns/1.0"/> secours hadden connen destrueren ; ’t heeft aen macht ende middelen gemancqueert,<lb xmlns="http://www.tei-c.org/ns/1.0"/> de g’eyschte ses groote oorloghschepen waren hier noodigh ende moeten U Ed.<lb xmlns="http://www.tei-c.org/ns/1.0"/> gelooven, soo ons met geen ende meer aensienelijcke scheepsmacht secondeert, als<lb xmlns="http://www.tei-c.org/ns/1.0"/> tot noch gedaen hebt, onmachtigh blijven den vijandt d’entrance tot Goa te<lb xmlns="http://www.tei-c.org/ns/1.0"/> beletten ende sijne retouren in te houden, alsoo de weynige schepen, tot die<lb xmlns="http://www.tei-c.org/ns/1.0"/> expeditie suffisant, doorgaens soo spade van d’Indise cust tot Batavia verschijnen,<lb xmlns="http://www.tei-c.org/ns/1.0"/> dat deselve voor 20 augusti ende bijwijle later tot vertreck derwaerts niet vaerdigh<lb xmlns="http://www.tei-c.org/ns/1.0"/> connen crijgen, als wanneer soo spade omtrent Goa paresseren, dat, gelijck nu<lb xmlns="http://www.tei-c.org/ns/1.0"/> meermalen is geschiet, ’t Portugaels secours ons ontsnapt ende den vijandt<lb xmlns="http://www.tei-c.org/ns/1.0"/> behouden toecompt. Soo leggen ’t mede daerop aen, hun retouren voor onse<lb xmlns="http://www.tei-c.org/ns/1.0"/> paresse off als de bhare verlaeten, nae Portugael affsenden, gelijck met S.* Bente<lb xmlns="http://www.tei-c.org/ns/1.0"/> ende Oliveras gepractiseert hebben, sijnde den eenen in ’t begin van october anno<lb xmlns="http://www.tei-c.org/ns/1.0"/> 1638 van Goa vertrocken ende den tweeden in april 1639, de caracque spoedigh<lb xmlns="http://www.tei-c.org/ns/1.0"/> aengecomen ende ’t gallioen, soo verstaen, masteloos in Angola vervallen, daervan<lb xmlns="http://www.tei-c.org/ns/1.0"/> in Lixboa advijs hadden ende waren tselve in corte te verwachten. Halff juny<lb xmlns="http://www.tei-c.org/ns/1.0"/> behoort onse vloote tot vertreck van hier a droicture omme Goa’s bhare te<lb xmlns="http://www.tei-c.org/ns/1.0"/> besluyten gereedt te wesen off primo april omme omtrent Mosambique te cruyssen,<lb xmlns="http://www.tei-c.org/ns/1.0"/> van waer primo september vroeger ende laeter voor Goa connen wesen, daer toedan<lb xmlns="http://www.tei-c.org/ns/1.0"/> . . . volck ende schepen vereysschen. Soo U Ed. ons deselve beschickt (gelijck wel<lb xmlns="http://www.tei-c.org/ns/1.0"/> doen cundt), willen vaststellen, d’oncosten rijckelijck sullen worden gecompenseert<lb xmlns="http://www.tei-c.org/ns/1.0"/> met treffelijcke prinsen. Dit sijn geen imaginatiën off casteelen in de lucht, maer<lb xmlns="http://www.tei-c.org/ns/1.0"/> gefondeerde concepten, daeraen des Compagnies welstant dependeert. In Goa<lb xmlns="http://www.tei-c.org/ns/1.0"/> hadde den vijant drie nieuwe treffelijcke schepen, ’t eene ... in Bassin ende de<lb xmlns="http://www.tei-c.org/ns/1.0"/> twee in loco getimmert, maer conden dit mousson niet vaerdigh worden omme<lb xmlns="http://www.tei-c.org/ns/1.0"/> buyten te corten; ’t gecomen secours lagh onder de beschermingh van ’t casteel<lb xmlns="http://www.tei-c.org/ns/1.0"/> Bardas met intentie de caracque geladen nae Portugael aff te senden. Bijaldien nu<lb xmlns="http://www.tei-c.org/ns/1.0"/> in mey (hoewel achten, op september aenstaende uytloopen sal) nader ontseth van<lb xmlns="http://www.tei-c.org/ns/1.0"/> vier ofte ses gallioenen becomen, sal den vijandt (ten ware U Ed. ons treffelijck<lb xmlns="http://www.tei-c.org/ns/1.0"/> secondeerden) op d’Indische cust meester ter zee sijn, dat voorwaer in onse concepten<lb xmlns="http://www.tei-c.org/ns/1.0"/> groote veranderingh staet te baren. U Ed. examineren hare presente navale<lb xmlns="http://www.tei-c.org/ns/1.0"/> macht in India, deselve met de equipagie, van desen jare herwaerts gedaen, vergrootende,<lb xmlns="http://www.tei-c.org/ns/1.0"/> achtingh gevende, <hi rend="font-size:10; font-family:Liberation Serif; vertical-align:super" xml:lang="nl" xmlns="http://www.tei-c.org/ns/1.0">1)</hi> 9 ofte 10 groote schepen tot overvoeren van de<lb xmlns="http://www.tei-c.org/ns/1.0"/> ordinarie vaderlantse retouren affsteecken moeten omme den meulen te doen<lb xmlns="http://www.tei-c.org/ns/1.0"/> gaen, sult dan licht bevinden, hoe sober omme onsen vijandt ’t hooft te bieden<lb xmlns="http://www.tei-c.org/ns/1.0"/> gestelt sijn; laeten ongemoveert progressen te poucheren ende omme U Ed. tselve<lb xmlns="http://www.tei-c.org/ns/1.0"/> naeckter te verthoonen sullen hier specifice in ’t corte stellen, wat middelen<lb xmlns="http://www.tei-c.org/ns/1.0"/> presentelijck hebbben, daermede Uwen grooten ommeslagh moeten waernemen<lb xmlns="http://www.tei-c.org/ns/1.0"/> ende sijn, als te weten:<lb xmlns="http://www.tei-c.org/ns/1.0"/><note xml:id="INT_c3f6aba5-25d9-3c40-9af1-413cdb4d790f.TEI.1.text.1.body.1.div.1.p.6.note.5" xml:lang="nl" rend="font-size: 8; line-height: 8.9pt; margin-left: 2100" xmlns="http://www.tei-c.org/ns/1.0">1 ) Hier te verstaan : wij .<lb/></note><pb xml:id="INT_c3f6aba5-25d9-3c40-9af1-413cdb4d790f.TEI.1.text.1.body.1.div.1.p.6.pb.2" n="131" facs="http://resources.huygens.knaw.nl/retroapp/service_generalemissiven/gm_02/images/gm_2_112_0131.tif"/><fw xml:id="INT_c3f6aba5-25d9-3c40-9af1-413cdb4d790f.TEI.1.text.1.body.1.div.1.p.6.fw.4" place="top" type="head" facs="#zone.5775304" xmlns="http://www.tei-c.org/ns/1.0">Van Diemen en Van der Lijn XIII, 8 januari 1640</fw><fw xml:id="INT_c3f6aba5-25d9-3c40-9af1-413cdb4d790f.TEI.1.text.1.body.1.div.1.p.6.fw.5" place="top" type="page-number" facs="#zone.5775317" xmlns="http://www.tei-c.org/ns/1.0">131</fw>1 oorloghschip Amboina voor Goa; Utrecht is aff, bijaldien éen è, 2 jaren in<lb xmlns="http://www.tei-c.org/ns/1.0"/> Molucco dienst doet, sal veel wesen,<lb xmlns="http://www.tei-c.org/ns/1.0"/>6 oorloghs jachten, namentlijck:<lb xmlns="http://www.tei-c.org/ns/1.0"/>3 Arnemuyden, Valckenburch ende Heemskerck voor Goa,<lb xmlns="http://www.tei-c.org/ns/1.0"/>1 Reynsburch, geprojecteert over Tarnate nae Pehouw,<lb xmlns="http://www.tei-c.org/ns/1.0"/>2 Wassenaer ende Egmont voor Malacca, eysschen vertimmeringh,<lb xmlns="http://www.tei-c.org/ns/1.0"/>9 coopvaarders, daeronder twee retourschepen, namentlijck:<lb xmlns="http://www.tei-c.org/ns/1.0"/>2 Zeelandia en de Snoeck nae Suratte ende Parsia,<lb xmlns="http://www.tei-c.org/ns/1.0"/>1 Neptunus, op de custe van Malabaer tot den peperhandel,<lb xmlns="http://www.tei-c.org/ns/1.0"/>1 Hollandia in de Moluccos,<lb xmlns="http://www.tei-c.org/ns/1.0"/>1 Walvisch nae Tarnate ende Piscadores off Pehouw,<lb xmlns="http://www.tei-c.org/ns/1.0"/>2 Pauw ende Oudewater in Japan ende Araccan,<lb xmlns="http://www.tei-c.org/ns/1.0"/>2 Grol ende Ackerslooth,<lb xmlns="http://www.tei-c.org/ns/1.0"/>9 cleene deffencive jachten, daervan drie op de Cust Coromandel werden gebruyckt<lb xmlns="http://www.tei-c.org/ns/1.0"/> ende ver eysschen wel vijff met twee fluyten tot den omslagh aldaer, Santfort is<lb xmlns="http://www.tei-c.org/ns/1.0"/> nae Parsia, Kievith nae Tarnate, Lisch op de custe van China, Limmen en de<lb xmlns="http://www.tei-c.org/ns/1.0"/> Lieffde op Ceylon, mitsgaders Franicker nae Malacca; de custe van India<lb xmlns="http://www.tei-c.org/ns/1.0"/> vereyscht vijff deser jachten, sulx dat allerwegen te cort comen,<lb xmlns="http://www.tei-c.org/ns/1.0"/>20 fluyten ende noch 4 te verwachten, nevens ’t Spaensch gallioen ;<lb xmlns="http://www.tei-c.org/ns/1.0"/>12 sijn der desen jare nae Siam, Cambodja, Tonkin, Tayouan ende Japan<lb xmlns="http://www.tei-c.org/ns/1.0"/> g’employeert,<lb xmlns="http://www.tei-c.org/ns/1.0"/>
            </p><p xml:id="INT_c3f6aba5-25d9-3c40-9af1-413cdb4d790f.TEI.1.text.1.body.1.div.1.p.7" xml:lang="nl" rend="font-size: 10; text-align: justify; line-height: 11.7pt; text-indent: 22.0pt" xmlns="http://www.tei-c.org/ns/1.0">2 in Palimbangh,<lb/></p><p xml:id="INT_c3f6aba5-25d9-3c40-9af1-413cdb4d790f.TEI.1.text.1.body.1.div.1.p.8" xml:lang="nl" rend="font-size: 10; text-align: justify; line-height: 11.7pt; text-indent: 22.0pt" xmlns="http://www.tei-c.org/ns/1.0">2 op de Westkust van Sumatra nevens Grol,<lb/></p><p xml:id="INT_c3f6aba5-25d9-3c40-9af1-413cdb4d790f.TEI.1.text.1.body.1.div.1.p.9" xml:lang="nl" rend="font-size: 10; text-align: justify; line-height: 11.7pt; text-indent: 22.0pt" xmlns="http://www.tei-c.org/ns/1.0">2 nae Coromandel versonden,<lb/></p><p xml:id="INT_c3f6aba5-25d9-3c40-9af1-413cdb4d790f.TEI.1.text.1.body.1.div.1.p.10" resp="int_paragraph_joining" rend="">
              1 tot den handel van Mocha ende<lb xmlns="http://www.tei-c.org/ns/1.0"/>1 Heemsté, jonghst uyt ’t patria gecomen, gaet nae Banda, welck quartier<lb xmlns="http://www.tei-c.org/ns/1.0"/> ende Amboina met de geretourneerde van Siam, Cambodja, Westcust etc.<lb xmlns="http://www.tei-c.org/ns/1.0"/> versorght worden; de resterende cleene, soo hier opgesette jachten, als van<lb xmlns="http://www.tei-c.org/ns/1.0"/> U Ed. becomen, meriteren geen specificatie, alsoo daer weynigh als omtrent<lb xmlns="http://www.tei-c.org/ns/1.0"/> Malacca, Amboina ende ’t lossen als laden der groote schepen in Suratte<lb xmlns="http://www.tei-c.org/ns/1.0"/> ende elders mede te verrichten sij.<lb xmlns="http://www.tei-c.org/ns/1.0"/>
            </p><note xml:id="INT_c3f6aba5-25d9-3c40-9af1-413cdb4d790f.TEI.1.text.1.body.1.div.1.note.4" xml:lang="nl" place="inline" type="editorial-summary" resp="editor" rend="font-style: italic; line-height: 11.7pt; text-indent: 22.0pt; text-align: justify; font-size: 10" xmlns="http://www.tei-c.org/ns/1.0">( Berichten uit Ceylon, vgl. <hi rend="font-size:10; font-family:Liberation Serif" xml:lang="nl">Ceilon</hi> p. 67 en af gedrukt Bijlage IX, vgl. <hi rend="font-size:10; font-family:Liberation Serif" xml:lang="nl">Zeemogend¬</hi><lb/><hi rend="font-size:10; font-family:Liberation Serif" xml:lang="nl">heid</hi> II p. 131; uit Siam, vgl. <hi rend="font-size:10; font-family:Liberation Serif" xml:lang="nl">Daghregisters</hi> 3 dec. 1640, p. 103-109 ; Portugees schip<lb/> in Nagasaki, <hi rend="font-size:10; font-family:Liberation Serif" xml:lang="nl">Zeemogendheid</hi> II p. 302, <hi rend="font-size:10; font-family:Liberation Serif" xml:lang="nl">Christian Century</hi> p. 385; berichten over<lb/> Cambodja <hi rend="font-size:10; font-family:Liberation Serif" xml:lang="nl">, Daghregisters</hi> 21 dec. 1640, p. 124-129; idem van Djambi, <hi rend="font-size:10; font-family:Liberation Serif" xml:lang="nl">Daghregisters</hi><lb/>4 dec. 1640, p. 109 en <hi rend="font-size:10; font-family:Liberation Serif" xml:lang="nl">Zeemogendheid</hi> II p. 239; aankomst van de fluit Schagen van<lb/> Palembang, vgl. <hi rend="font-size:10; font-family:Liberation Serif" xml:lang="nl">Daghregisters</hi> 26 dec. 1640, p. 130).<lb/></note><p xml:id="INT_c3f6aba5-25d9-3c40-9af1-413cdb4d790f.TEI.1.text.1.body.1.div.1.p.11" resp="int_paragraph_joining" rend="font-size:10; font-family:Liberation Serif; letter-spacing:4.0pt">
              <hi rend="font-size:10; font-family:Liberation Serif; letter-spacing:4.0pt" xml:lang="nl" xmlns="http://www.tei-c.org/ns/1.0">....</hi> Soury asseureert ons, in corte met Coninghs ende andere particuliere<lb xmlns="http://www.tei-c.org/ns/1.0"/> vaertuygen te verwachten hebben omtrent 300 lasten peper, sulx Palimbangh dit<lb xmlns="http://www.tei-c.org/ns/1.0"/> pepermousson ruym 700 lasten uytgeven sal, in voegen die plaets mede van<lb xmlns="http://www.tei-c.org/ns/1.0"/> apparentie sij ende belooft ons den Coningh alle sijne peper met exclusie van andere<lb xmlns="http://www.tei-c.org/ns/1.0"/> natiën, edoch sagh gaerne, daer parmanente residentie namen; gelijck voor desen<lb xmlns="http://www.tei-c.org/ns/1.0"/> meer U Ed. aengeschreven hebben, heeft ons der Engelsche plaetse ofte sulcke<lb xmlns="http://www.tei-c.org/ns/1.0"/> gelegentheyt, als ons best gevalt, gegundt, namentlijck aen de zuytzijde desriviers<lb xmlns="http://www.tei-c.org/ns/1.0"/> tegenover de stadt ende bij gesegelde acte toestaen, dat sullen vermogen onse<lb xmlns="http://www.tei-c.org/ns/1.0"/> huysingh te verseeckeren tegen de Portugesen, die van den Mattaram, dieven ende<lb xmlns="http://www.tei-c.org/ns/1.0"/><pb xml:id="INT_c3f6aba5-25d9-3c40-9af1-413cdb4d790f.TEI.1.text.1.body.1.div.1.p.11.pb.1" n="132" facs="http://resources.huygens.knaw.nl/retroapp/service_generalemissiven/gm_02/images/gm_2_112_0132.tif"/><fw xml:id="INT_c3f6aba5-25d9-3c40-9af1-413cdb4d790f.TEI.1.text.1.body.1.div.1.p.11.fw.1" place="top" type="page-number" facs="#zone.5777591" xmlns="http://www.tei-c.org/ns/1.0">132</fw><fw xml:id="INT_c3f6aba5-25d9-3c40-9af1-413cdb4d790f.TEI.1.text.1.body.1.div.1.p.11.fw.2" place="top" type="head" facs="#zone.5777595" xmlns="http://www.tei-c.org/ns/1.0">Van Diemen en Van der Lijn XIII, 8 januari 1641</fw>wijders sijne ende onse vijanden met acht stucken groff canon, sulx dat genoeghsaem<lb xmlns="http://www.tei-c.org/ns/1.0"/> accordeert, fortificatie in desselfs landt begrijpen op hope sijn rijck door ons<lb xmlns="http://www.tei-c.org/ns/1.0"/> te versekeren, tsij tegen invasie des Mattarams, Bantam (daermede in oorlog is)<lb xmlns="http://www.tei-c.org/ns/1.0"/> off Jamby1). Edoch blijft te beduchten, dese residentie t’sijner tijt almede wel<lb xmlns="http://www.tei-c.org/ns/1.0"/> onlust moght veroorsaken, weshalven die saecke wijsselijck sullen overleggen ende<lb xmlns="http://www.tei-c.org/ns/1.0"/> bij alle middelen trachten dese negotie soo te dirigeren, dat, doenelijck sijnde, geen<lb xmlns="http://www.tei-c.org/ns/1.0"/> parmanente residentie in Palimbangh nemen ende echter den peper becomen.<lb xmlns="http://www.tei-c.org/ns/1.0"/> Ons scopus dient uytgewerckt, namentlijck die spetie ten principalen door<lb xmlns="http://www.tei-c.org/ns/1.0"/> particuliere in Batavia toegevoert worde. Bijaldien tselve te wege conde worden<lb xmlns="http://www.tei-c.org/ns/1.0"/> gebraght met deffensive huysingh aldaer te bouwen onder pretext van Palimbanghs<lb xmlns="http://www.tei-c.org/ns/1.0"/> beschermingh tegen oppressie van vijanden, ware soo vreempt niet, wat costen<lb xmlns="http://www.tei-c.org/ns/1.0"/> spendeerden. Maer omme de negotie in loco te stabileren, den peper van daer met<lb xmlns="http://www.tei-c.org/ns/1.0"/> cleeden ende realen te trecken is contrarie ’t welvaeren van Compagnies standt in<lb xmlns="http://www.tei-c.org/ns/1.0"/> India ende met peryckel vermenght: exempel aen Benjarmassingh.<lb xmlns="http://www.tei-c.org/ns/1.0"/>
            </p><p xml:id="INT_c3f6aba5-25d9-3c40-9af1-413cdb4d790f.TEI.1.text.1.body.1.div.1.p.12" xml:lang="nl" rend="font-size: 10; text-align: justify; line-height: 11.7pt; text-indent: 22.0pt" xmlns="http://www.tei-c.org/ns/1.0">Soury is met extraordinarie contentement uyt Palimbangh vertrocken,<lb/> hebbende veel eere ende faveur van den Coningh als de groote genoten. Bijaldien<lb/> Schagen bequaem ware geweest, den Coningh soude ons met een treffelijcken<lb/> oliphant hebben begroet, daer t’sijner tijt vaertuygh toe sullen bestellen.<lb/></p><p xml:id="INT_c3f6aba5-25d9-3c40-9af1-413cdb4d790f.TEI.1.text.1.body.1.div.1.p.13" xml:lang="nl" rend="font-size: 10; text-align: justify; line-height: 11.7pt; text-indent: 22.0pt" xmlns="http://www.tei-c.org/ns/1.0">d’ Ambassadeurs van den Mattaram waren in Palimbangh met redelijcke<lb/> schenckagie verschenen ende oock magnifyckelijck na de wijse des lants ingehaelt.<lb/> Dese schenckagie is van den Mattaram gedaen in recompense van een Parsisch<lb/> paert, bij den Palimbanger van ons tot verreeringh becomen ende op ’t begeeren<lb/> van den Souchounangh na de stadt Mattaram gesonden, waeruyt evidentelijck<lb/> blijckt ’t respect, gemelten Souchounangh in Palimbangh is hebbende ende onse<lb/> Parsiaense paerden door andere maeckt te crijgen.<lb/></p><note xml:id="INT_c3f6aba5-25d9-3c40-9af1-413cdb4d790f.TEI.1.text.1.body.1.div.1.note.5" xml:lang="nl" place="inline" type="editorial-summary" resp="editor" rend="font-size: 10; text-align: justify; line-height: 11.7pt; text-indent: 22.0pt" xmlns="http://www.tei-c.org/ns/1.0"><hi rend="font-size:10; font-family:Liberation Serif; font-style:italic" xml:lang="nl">(Schepen naar Thaiwan en Japan gezonden; berichten van daar, vgl.</hi> Daghregisters<lb/> <hi rend="font-size:10; font-family:Liberation Serif; font-style:italic" xml:lang="nl">6 dec. 1640, p. 110-120; contract met I-Jcican gesloten, vgl.</hi> Zeemogendheid//,<lb/><hi rend="font-size:10; font-family:Liberation Serif; font-style:italic" xml:lang="nl">p. 308; berichten uit Japan, vgl.</hi> Daghregisters <hi rend="font-size:10; font-family:Liberation Serif; font-style:italic" xml:lang="nl">31 dec. 1640, p. 130-159,</hi> Zeemogendheid<lb/> <hi rend="font-size:10; font-family:Liberation Serif; font-style:italic" xml:lang="nl">II p. 302-303 en</hi> Japan, <hi rend="font-size:10; font-family:Liberation Serif; font-style:italic" xml:lang="nl">S. 273-284).</hi><lb/></note><p xml:id="INT_c3f6aba5-25d9-3c40-9af1-413cdb4d790f.TEI.1.text.1.body.1.div.1.p.14" resp="int_paragraph_joining" rend="font-size:10; font-family:Liberation Serif; letter-spacing:4.0pt">
              <hi rend="font-size:10; font-family:Liberation Serif; letter-spacing:4.0pt" xml:lang="nl" xmlns="http://www.tei-c.org/ns/1.0">....</hi> Door de quade genegentheyt der Nangesacquese regenten is den handel<lb xmlns="http://www.tei-c.org/ns/1.0"/> spade aenge vangen ende den prijs van de witte Chinese zijde niet voor 17 november<lb xmlns="http://www.tei-c.org/ns/1.0"/> getroffen op 268 tayl den picol, sijnde 27 tayl per picol minder als anno passato.<lb xmlns="http://www.tei-c.org/ns/1.0"/> De zijde, met de joncken gecomen, is mede onder pancado gebraght ende adviseert<lb xmlns="http://www.tei-c.org/ns/1.0"/> s.r Caron bij appendix per de Roch dato 27 november aldus: „De cargasoenen<lb xmlns="http://www.tei-c.org/ns/1.0"/> leggen seer moeyelijck op den anderen gestuwt, hebben nu ons eenighsints gereddet<lb xmlns="http://www.tei-c.org/ns/1.0"/> ende sijn tot begin van den vercoop gecomen, die sich seer desolaet, ja schandelijck<lb xmlns="http://www.tei-c.org/ns/1.0"/> verthoont”; ende gelijck ons de vrunden, van daer gecomen, rapporteren, sal ’t<lb xmlns="http://www.tei-c.org/ns/1.0"/> uytgeleyde capitael schaers behouden worden, dat echter soo niet begrijpen ende<lb xmlns="http://www.tei-c.org/ns/1.0"/> ons oorsaecke geeft omme eenighsints staet te maecken ende U Ed. sooveel<lb xmlns="http://www.tei-c.org/ns/1.0"/> doenelijck desen aengaende de beste onderrichtingh te geven de waren, derwaerts<lb xmlns="http://www.tei-c.org/ns/1.0"/> gesonden, te calculeren tot den prijs, als de Chinesen vercocht hebben, daervan ons<lb xmlns="http://www.tei-c.org/ns/1.0"/> notitie is gesonden, als wanneer bevinden op de Chinese coopmanschappen,<lb xmlns="http://www.tei-c.org/ns/1.0"/> welckers incoop bedraeght 51 tonnen, t’advanceren 520 000 guldens, affgetrocken<lb xmlns="http://www.tei-c.org/ns/1.0"/> voor de beschadighde goederen, per de Rijp ende Graft gebraght, 30 000, mits-<lb xmlns="http://www.tei-c.org/ns/1.0"/><note xml:id="INT_c3f6aba5-25d9-3c40-9af1-413cdb4d790f.TEI.1.text.1.body.1.div.1.p.14.note.1" xml:lang="nl" rend="font-size: 8.5; line-height: 9.4pt; margin-left: 2100" xmlns="http://www.tei-c.org/ns/1.0">1) Men vgl. hiervoor <hi rend="font-size:8.5; font-family:Liberation Serif; font-style:italic" xml:lang="nl">Corpus ,</hi> I, p. 348.<lb/></note><pb xml:id="INT_c3f6aba5-25d9-3c40-9af1-413cdb4d790f.TEI.1.text.1.body.1.div.1.p.14.pb.1" n="133" facs="http://resources.huygens.knaw.nl/retroapp/service_generalemissiven/gm_02/images/gm_2_112_0133.tif"/><fw xml:id="INT_c3f6aba5-25d9-3c40-9af1-413cdb4d790f.TEI.1.text.1.body.1.div.1.p.14.fw.1" place="top" type="head" facs="#zone.5779947" xmlns="http://www.tei-c.org/ns/1.0">Van Diemen en Van der Lijn XIII, 8 januari 1640</fw><fw xml:id="INT_c3f6aba5-25d9-3c40-9af1-413cdb4d790f.TEI.1.text.1.body.1.div.1.p.14.fw.2" place="top" type="page-number" facs="#zone.5779960" xmlns="http://www.tei-c.org/ns/1.0">133</fw>a ders ’t verlies op de pelinghs ende gilems, sijnde 70 000 guldens; item op ’t<lb xmlns="http://www.tei-c.org/ns/1.0"/> dubbel Tonkins cargasoen, welcke sijde boven 170 tayl niet halen sal, f. 280 000,<lb xmlns="http://www.tei-c.org/ns/1.0"/> de Europese ende Bataviase waren 100 000 ende op de Siam- ende Cambodjase<lb xmlns="http://www.tei-c.org/ns/1.0"/> cargasoenen 200 000 guldens ; sulx dat de Japanse winsten desen jaren niet hooger<lb xmlns="http://www.tei-c.org/ns/1.0"/>derven begrooten als tot . f. 1 100000,<lb xmlns="http://www.tei-c.org/ns/1.0"/>daer dan moet affgaen voor intrest, ongelden ende schenckagie, dat<lb xmlns="http://www.tei-c.org/ns/1.0"/>
            </p><p xml:id="INT_c3f6aba5-25d9-3c40-9af1-413cdb4d790f.TEI.1.text.1.body.1.div.1.p.15" resp="int_paragraph_joining" rend="">
              niet minder sal wesen dan . f . 700 000,<lb xmlns="http://www.tei-c.org/ns/1.0"/>sulx nae dese calcula de proffijten in Japan ongeveer sullen wesen f . 400 000.<lb xmlns="http://www.tei-c.org/ns/1.0"/>
            </p><p xml:id="INT_c3f6aba5-25d9-3c40-9af1-413cdb4d790f.TEI.1.text.1.body.1.div.1.p.16" xml:lang="nl" rend="font-size: 10; text-align: justify; line-height: 11.7pt; text-indent: 23.0pt" xmlns="http://www.tei-c.org/ns/1.0">Wij hadden staet gemaeckt desen jare suyver in Japan geproffiteert te hebben<lb/> 25 tonnen, dat nu 21 d.° ontschiet ende een grooten slagh sij, doch dit is cours van<lb/> negotie ende een misslagh, wij de landen vercroppen, twelck ten principalen<lb/> gesien heeft om te bethoonen, dat Japan emmer soowel als den Portugees dienen<lb/> connen; derwegen ons g’evertueert <hi rend="font-size:10; font-family:Liberation Serif; vertical-align:super" xml:lang="nl">1),</hi> edoch gelijck de saken nu uytvallen, is te<lb/> grooten empleo gedaen ende sullen die negotie in toecomende (nu sien, waer den<lb/> Japander logeert), soodanigh reguleren, dat naer desen op capitael van 20 tonnen<lb/> meer advanceren, als voor dato op 40 d.° gedaen hebben.<lb/></p><p xml:id="INT_c3f6aba5-25d9-3c40-9af1-413cdb4d790f.TEI.1.text.1.body.1.div.1.p.17" resp="int_paragraph_joining" rend="">
              Volgens dese calculatie maken staet, in Japan alles vercocht sijnde, aen<lb xmlns="http://www.tei-c.org/ns/1.0"/>capitael sullen hebben ongeveer . tonnen 73,<lb xmlns="http://www.tei-c.org/ns/1.0"/>daer loopt ongeveer op intrest ende is nae Tayouan in<lb xmlns="http://www.tei-c.org/ns/1.0"/> goudt ende silver geretourneert 10 tonnen, samen . . . tonnen 33,<lb xmlns="http://www.tei-c.org/ns/1.0"/> d’ongelden ende intrestpenningen . . . staen te bedragen<lb xmlns="http://www.tei-c.org/ns/1.0"/> . tonnen 7, ^ tonnen 44,<lb xmlns="http://www.tei-c.org/ns/1.0"/>nae Tonkin achten de novo niet uytsetten sullen boven tonnen 3,<lb xmlns="http://www.tei-c.org/ns/1.0"/> nae Siam ende Cambodja schaers . tonnen 1,<lb xmlns="http://www.tei-c.org/ns/1.0"/>
            </p><p xml:id="INT_c3f6aba5-25d9-3c40-9af1-413cdb4d790f.TEI.1.text.1.body.1.div.1.p.18" xml:lang="nl" rend="font-size: 10; text-align: justify; line-height: 11.7pt; text-indent: 23.0pt" xmlns="http://www.tei-c.org/ns/1.0">rest voor Tayouan buyten beswaernisse . tonnen 29.<lb/></p><p xml:id="INT_c3f6aba5-25d9-3c40-9af1-413cdb4d790f.TEI.1.text.1.body.1.div.1.p.19" xml:lang="nl" rend="font-size: 10; text-align: justify; line-height: 11.7pt; text-indent: 23.0pt" xmlns="http://www.tei-c.org/ns/1.0">Dat vertrouwen, niet minder uytvallen sal ; oock wellicht niet veel meer ende,<lb/> gelijck de saken gebakent sien, desen jare aen Chinese waren uyt Tayouan voor<lb/> Japan niet boven de twintigh tonnen incoops gevoordert te werden, die ten<lb/> principaelen uyt rouwe zijde, damasten ende satijnen bestaen sullen ende sal desen<lb/> empleo aengaende de damasten als satijnen connen gemindert worden, bijaldien<lb/> onse advijsen wegen de treffelijcke veroverde stuckgoederen (die voornemens<lb/> sijn nae Japan te senden) maer tijtelijck in Tayouan comen, daertoe alle debvoiren<lb/> met vroege besendingh sullen aenwenden. Ingevolge deses sal Tayouan 10 tonnen<lb/> over behouden, dewelcke volgens onse serieuse recommandatie tegen february,<lb/> maert off april in goudt ende silver herwaerts verwachten voor Coromandel ende<lb/> Suratte, off sullen aen dien candt, voornementlijck op de Coromandelse Custe,<lb/> dapper benepen blijven, daertegen buyten belastingh in Japan, alwaer intrest<lb/> van 18 tot 30 ten hondert betaelt wort. Verhopen, hoewel de winst van Japan ons<lb/> ruym 20 tonnen ontschiet ende een swaren slagh is, den Almogenden dese saecke<lb/> echter ten besten van de Compagnie te dirigeren voorgenomen heeft, namentlijck<lb/> dat wij voortaen de negotie buyten belastingh beter gereguleert waernemen ende<lb/> . . . met matigh capitael meer voordeel dan met grooter empleo doen sullen. God<lb/> geve maer, Japan behouden ende met voordeel frequenteren mogen, daeraen . . .<lb/> niet twijffelen, vermits niet connen gelooven, wanneer hunne mandaten patientelijck<lb/> nacomen, ons Japan ontseggen sullen.<lb/></p><note xml:id="INT_c3f6aba5-25d9-3c40-9af1-413cdb4d790f.TEI.1.text.1.body.1.div.1.note.6" xml:lang="nl" rend="font-size: 7.5; line-height: 8.3pt; margin-left: 2400" xmlns="http://www.tei-c.org/ns/1.0">1) G’evertueert, ons best gedaan, ons toegelegd op.<lb/></note><pb xml:id="INT_c3f6aba5-25d9-3c40-9af1-413cdb4d790f.TEI.1.text.1.body.1.div.1.pb.2" n="134" facs="http://resources.huygens.knaw.nl/retroapp/service_generalemissiven/gm_02/images/gm_2_112_0134.tif"/><fw xml:id="INT_c3f6aba5-25d9-3c40-9af1-413cdb4d790f.TEI.1.text.1.body.1.div.1.fw.3" place="top" type="page-number" facs="#zone.5782474" xmlns="http://www.tei-c.org/ns/1.0">134</fw><fw xml:id="INT_c3f6aba5-25d9-3c40-9af1-413cdb4d790f.TEI.1.text.1.body.1.div.1.fw.4" place="top" type="head" facs="#zone.5782478" xmlns="http://www.tei-c.org/ns/1.0">Van Diemen en Van der Lijn XIII, 8 januari 1641</fw><p xml:id="INT_c3f6aba5-25d9-3c40-9af1-413cdb4d790f.TEI.1.text.1.body.1.div.1.p.20" resp="int_paragraph_joining" rend="">
              Sijn oock van gevoelen, meer werck van ons maecken, als uytterlijck laeten<lb xmlns="http://www.tei-c.org/ns/1.0"/> blijcken ende de Nederlanders liever te vrund als tot vijand’ hebben. Wij verhopen,<lb xmlns="http://www.tei-c.org/ns/1.0"/> het daertoe niet comen sal, maer ’t is seker, soo ons uytseggen *), Japan<lb xmlns="http://www.tei-c.org/ns/1.0"/> straffe is naeckende ende inlantsen oorloge te verwachten heeft, twelck door ons in<lb xmlns="http://www.tei-c.org/ns/1.0"/>dwangh wert gehouden, hoewel te moedigh sijn tselve te bekennen .<lb xmlns="http://www.tei-c.org/ns/1.0"/>
            </p><note xml:id="INT_c3f6aba5-25d9-3c40-9af1-413cdb4d790f.TEI.1.text.1.body.1.div.1.note.7" xml:lang="nl" place="inline" type="editorial-summary" resp="editor" rend="font-style: italic; line-height: 11.1pt; text-indent: 22.0pt; text-align: justify; font-size: 10" xmlns="http://www.tei-c.org/ns/1.0">( De Heren dienen op de Japanse eis te letten ).<lb/></note><p xml:id="INT_c3f6aba5-25d9-3c40-9af1-413cdb4d790f.TEI.1.text.1.body.1.div.1.p.21" xml:lang="nl" rend="font-size: 10; text-align: justify; line-height: 11.7pt; text-indent: 22.0pt" xmlns="http://www.tei-c.org/ns/1.0">’t Coper wort niet toegestaen uyt te voeren, is oock op 20 tayl ’t picol gesteygert,<lb/> dat dier sij, wij eysschen 100 000 'ffi plaetcoper van U Ed. ; sal meer voordeel<lb/> in Parsia ende Coromandel als contant renderen ende de landen dienst doen,<lb/> weshalven gelieft jaerlijckx 100 000 nae Batavia te senden ende wert U Ed.<lb/> vrundelijck ten dienste van de Compagnie versocht onse petitie (daer den Japansen<lb/> eysch bij g’annexeert is) in quantité ende qualité te voldoen.<lb/></p><note xml:id="INT_c3f6aba5-25d9-3c40-9af1-413cdb4d790f.TEI.1.text.1.body.1.div.1.note.8" xml:lang="nl" place="inline" type="editorial-summary" resp="editor" rend="font-style: italic; line-height: 11.7pt; text-indent: 22.0pt; text-align: justify; font-size: 10" xmlns="http://www.tei-c.org/ns/1.0">(Voortzetting berichten Thaiwan en Japan <hi rend="font-size:10; font-family:Liberation Serif" xml:lang="nl">,</hi> vgl. <hi rend="font-size:10; font-family:Liberation Serif" xml:lang="nl">Daghregisters</hi> 31 dec. 1640 <hi rend="font-size:10; font-family:Liberation Serif" xml:lang="nl">,</hi><lb/>p. 158-159; opzending negotieboeken; te Batavia fl. 158023.2- meer uitgegeven dan<lb/> ontvangen).<lb/></note><p xml:id="INT_c3f6aba5-25d9-3c40-9af1-413cdb4d790f.TEI.1.text.1.body.1.div.1.p.22" resp="int_paragraph_joining" rend="">
              Soo sal U Ed. mede sien bij aparte memorie, annex de geroerde balance, wat<lb xmlns="http://www.tei-c.org/ns/1.0"/> ij der comptoir desen jare gegasteert ende bij negotie geproffyteert heeft, monterende<lb xmlns="http://www.tei-c.org/ns/1.0"/> de generale winsten, prinsen op den vijandt etc. in India<lb xmlns="http://www.tei-c.org/ns/1.0"/>de somme van . /. 3 012 153. 1. 5<lb xmlns="http://www.tei-c.org/ns/1.0"/>in contra de generale ongelden, verliesen ende schaden ter zee /. 1 813 623. 3.15<lb xmlns="http://www.tei-c.org/ns/1.0"/>sulx dit jaer in India meer geproffiteert als gegasteert sij . . /.I 198 529.17. 6,<lb xmlns="http://www.tei-c.org/ns/1.0"/>dat ten aensien van de voorige jaren dapper verscheelt. Wij hadden niet getwijffelt,<lb xmlns="http://www.tei-c.org/ns/1.0"/> dit ware een jaer oyt diergelijcke <hi rend="font-size:10; font-family:Liberation Serif; vertical-align:super" xml:lang="nl" xmlns="http://www.tei-c.org/ns/1.0">1 2),</hi> maer 1’home propose et Dieu dispose. Als dese<lb xmlns="http://www.tei-c.org/ns/1.0"/> winsten ende subsidiën uyt Nederlandt tot de jongst aengewesen effecten gedaen<lb xmlns="http://www.tei-c.org/ns/1.0"/> worden ende ’t retour, dat U Ed. becomen, gedefalcqueert, sal preuve geven,<lb xmlns="http://www.tei-c.org/ns/1.0"/> d’Indische effecten . . . waerdigh blijven fl. 9 488 174.17.2.<lb xmlns="http://www.tei-c.org/ns/1.0"/>
            </p><note xml:id="INT_c3f6aba5-25d9-3c40-9af1-413cdb4d790f.TEI.1.text.1.body.1.div.1.note.9" xml:lang="nl" place="inline" type="editorial-summary" resp="editor" rend="font-style: italic; line-height: 11.4pt; text-indent: 22.0pt; text-align: justify; font-size: 10" xmlns="http://www.tei-c.org/ns/1.0">( Opzending berichten van overledenen naar patria ; wissels op patria getrokken;<lb/> lading der schepen).<lb/></note><note xml:id="INT_c3f6aba5-25d9-3c40-9af1-413cdb4d790f.TEI.1.text.1.body.1.div.1.note.10" xml:lang="nl" rend="font-size: 8; text-align: justify; line-height: 8.9pt; margin-left: 2100" xmlns="http://www.tei-c.org/ns/1.0">1) Uytseggen, aanzeggen te moeten vertrekken.<lb/></note><note xml:id="INT_c3f6aba5-25d9-3c40-9af1-413cdb4d790f.TEI.1.text.1.body.1.div.1.note.11" xml:lang="nl" rend="font-size: 8; text-align: justify; line-height: 8.9pt; margin-left: 2100" xmlns="http://www.tei-c.org/ns/1.0">2) Oyt diergelycke, zoals nooit te voren.<lb/></note>
            
      </div>
                  </body>
                </text>
              </TEI>