<TEI xml:id="INT_c709a574-9495-3938-be69-d6d59b8e0301" xmlns="http://www.tei-c.org/ns/1.0">
                <teiHeader>
      <fileDesc>
        <titleStmt>
          <title>Maetsuycker, Hartzinck, Cunaeus, Verburch, Steur en Van den Bogaerde, 6 febr. 1654</title>
        </titleStmt>
        <publicationStmt>
          <p>
            <date>6 febr. 1654</date>
            <idno type="sourceID">missiven:vol2</idno>
            <idno type="pid">INT_c709a574-9495-3938-be69-d6d59b8e0301</idno>
          </p>
        </publicationStmt>
        <notesStmt>
          <note/>
        </notesStmt>
        <sourceDesc>
          <listBibl xml:id="inlMetadata">
            <bibl type="missive">
        <interpGrp type="page"><interp>739</interp></interpGrp>
        
      <interpGrp type="titleLevel1"><interp>Maetsuycker, Hartzinck, Cunaeus, Verburch, Steur en Van den Bogaerde, 6 febr. 1654</interp></interpGrp>
      <interpGrp type="dateLevel1"><interp>6 febr. 1654</interp></interpGrp>
        <interpGrp type="tocLevel"><interp>1</interp></interpGrp>
      <interpGrp type="volume"><interp>2</interp></interpGrp>
        <interpGrp type="n"><interp>II</interp></interpGrp>
      
      <interpGrp type="witnessYearLevel1_from"><interp>1654</interp></interpGrp>
      <interpGrp type="witnessYearLevel1_to"><interp>1654</interp></interpGrp>
      <interpGrp type="witnessMonthLevel1_to"><interp>2</interp></interpGrp>
      <interpGrp type="witnessMonthLevel1_from"><interp>2</interp></interpGrp>
      <interpGrp type="witnessDayLevel1_to"><interp>6</interp></interpGrp>
      <interpGrp type="witnessDayLevel1_from"><interp>6</interp></interpGrp>
      <interpGrp type="authorLevel1"><interp>Maetsuycker</interp><interp>Hartzinck</interp><interp>Cunaeus</interp><interp>Verburch</interp><interp>Steur</interp><interp>Van den Bogaerde</interp></interpGrp>
      <interpGrp type="pid"><interp>INT_c709a574-9495-3938-be69-d6d59b8e0301</interp></interpGrp>
    </bibl>
          </listBibl>
        </sourceDesc>
      </fileDesc>
    </teiHeader>
                <text xml:id="INT_c709a574-9495-3938-be69-d6d59b8e0301.TEI.1.text.1">
                  <body xml:id="INT_c709a574-9495-3938-be69-d6d59b8e0301.TEI.1.text.1.body.1">
                    <div xml:id="INT_c709a574-9495-3938-be69-d6d59b8e0301.TEI.1.text.1.body.1.div.1">
        
              <pb xml:id="INT_c709a574-9495-3938-be69-d6d59b8e0301.TEI.1.text.1.body.1.div.1.pb.1" n="739" facs="http://resources.huygens.knaw.nl/retroapp/service_generalemissiven/gm_02/images/gm_2_112_0739.tif"/><fw xml:id="INT_c709a574-9495-3938-be69-d6d59b8e0301.TEI.1.text.1.body.1.div.1.fw.1" place="top" type="head" facs="#zone.4026547" xmlns="http://www.tei-c.org/ns/1.0">Maetsuyker, Hartzinck, Cunaeus, Yerburch, Steur en V. d. Bogaerde il, 6 februari 1654 739</fw><head xml:id="INT_c709a574-9495-3938-be69-d6d59b8e0301.TEI.1.text.1.body.1.div.1.head.1" xml:lang="nl" rend="font-size: 10; text-align: justify; line-height: 11.7pt" xmlns="http://www.tei-c.org/ns/1.0">II. JOAN MAETSUYKER, CAREL HARTZINCK, JOAN CUNAEUS,<lb/> NICOLAES VERBURCH, DIRCK STEUR EN GASPAR VAN DEN BOGAERDE,<lb/> BATAVIA 6 febr. 1654.<lb/></head><p xml:id="INT_c709a574-9495-3938-be69-d6d59b8e0301.TEI.1.text.1.body.1.div.1.p.1" xml:lang="nl" rend="font-size: 8; text-align: justify; line-height: 8.9pt" xmlns="http://www.tei-c.org/ns/1.0">1087, Fol. 359-386.<lb/></p><note xml:id="INT_c709a574-9495-3938-be69-d6d59b8e0301.TEI.1.text.1.body.1.div.1.note.1" xml:lang="nl" place="inline" type="editorial-summary" resp="editor" rend="font-style: italic; line-height: 11.7pt; text-indent: 22.0pt; text-align: justify; font-size: 10" xmlns="http://www.tei-c.org/ns/1.0">(De 6 retourschepen zijn 24 jan. buiten Straat Sunda geraakt; berichten over<lb/> Kaap de Goede Hoop , afgedr. <hi rend="font-size:10; font-family:Liberation Serif" xml:lang="nl">Daghregisters,</hi> 8 mei 1653 , p. 48-50, 20 juni, p. 85-86;<lb/> het garnizoen is er op 150 koppen gebracht).<lb/></note><p xml:id="INT_c709a574-9495-3938-be69-d6d59b8e0301.TEI.1.text.1.body.1.div.1.p.2" xml:lang="nl" rend="font-size: 10; text-align: justify; line-height: 11.7pt; text-indent: 22.0pt" xmlns="http://www.tei-c.org/ns/1.0">Maer de huysingen ende magasijnen om de victuaillen ende andere goederen<lb/> in te bergen blijven noch slecht gestelt door gebreck van metselsteen, calck,<lb/> dackpannen, hout, ijserwerck ende andere nodige materialen, waervan sij van hier<lb/> een grooten eysch doen, die wij haer beswaerlijck sullen connen bestellen ende laten<lb/> ons oock voorstaen, dat die landtstreecke soo geheel ontbloot van nodige materialen<lb/> tot bouwen van huysingen niet sal wesen, of sal aen d’een off d’ander zijde in<lb/> dees off gene baey wel coraelsteen, schelpen ofte oesters gevonden worden om<lb/> calck van te branden, mitsgaders houtwerck totte gebouwen noodich ende om<lb/> totte calck- ende steenovens te dienen, sullende anders, bijaldien hen die grove<lb/> speciën van hier ofte uyt het vaderlandt sullen moeten worden versorgt, de Comp.e<lb/> costelijck vallen die fortificatie met toebehooren in wesen te brengen ende te<lb/> onderhouden, daer sij dan om uyt sullen moeten sien.<lb/></p><note xml:id="INT_c709a574-9495-3938-be69-d6d59b8e0301.TEI.1.text.1.body.1.div.1.note.2" xml:lang="nl" place="inline" type="editorial-summary" resp="editor" rend="font-style: italic; line-height: 11.7pt; text-indent: 22.0pt; text-align: justify; font-size: 10" xmlns="http://www.tei-c.org/ns/1.0">(Vervolg van de gegevens, afgedr. <hi rend="font-size:10; font-family:Liberation Serif" xml:lang="nl">Daghregisters,</hi> t.a.p .; mededelingen van den<lb/> Jezuiet Martinus Martini aan Van Riebeeck omtrent het voorkomen van goud aan<lb/> Afrika’ s oostkust; vgl. <hi rend="font-size:10; font-family:Liberation Serif" xml:lang="nl">Resoluties</hi> I , p. 15 en 37).<lb/></note><p xml:id="INT_c709a574-9495-3938-be69-d6d59b8e0301.TEI.1.text.1.body.1.div.1.p.3" xml:lang="nl" rend="font-size: 10; text-align: justify; line-height: 11.7pt; text-indent: 22.0pt" xmlns="http://www.tei-c.org/ns/1.0">Wij achten de ontdeckinge van de gen. cust alsmede de cust van Melinde<lb/> seer considerabel, hetwelck van de . . . Caep ende het eylandt Mauritius ofte oock<lb/> van Suratte bequaem soude connen geschieden. d’Engelschen hebben dit jaer<lb/> weder van Suratte haer jacht de Assade Marchand na Melinde gehad met quantiteyt<lb/> grove doecken, die daer goede voordelen na derselver seggen schijnen te<lb/> geven ende tegen gout, eliphantstanden, amber etc. omgeset worden, waerop wij<lb/> U Ed. ordre in ’t gemoet sullen sien. Eliphantstanden schijnen aen de Caep mede in<lb/> quantiteyt te vallen, daer de particulieren, soo het schijnt, rede de smaeck al van<lb/> wegh hebben ende haar proffijt met weten te doen, dat voorgecomen dient.<lb/></p><note xml:id="INT_c709a574-9495-3938-be69-d6d59b8e0301.TEI.1.text.1.body.1.div.1.note.3" xml:lang="nl" place="inline" type="editorial-summary" resp="editor" rend="font-style: italic; line-height: 11.1pt; text-indent: 22.0pt; text-align: justify; font-size: 10" xmlns="http://www.tei-c.org/ns/1.0">(Vervolg van de gegevens, afgedr. <hi rend="font-size:10; font-family:Liberation Serif" xml:lang="nl">Daghregisters,</hi> t.a.p.; van robbeveüen <hi rend="font-size:10; font-family:Liberation Serif" xml:lang="nl">. .</hi> . ).<lb/></note><p xml:id="INT_c709a574-9495-3938-be69-d6d59b8e0301.TEI.1.text.1.body.1.div.1.p.4" xml:lang="nl" rend="font-size: 10; text-align: justify; line-height: 11.7pt; text-indent: 22.0pt" xmlns="http://www.tei-c.org/ns/1.0">. . . heeft gen. commandeur oock 225 stucx nevens 49 stucx zeekoetanden <hi rend="font-size:10; font-family:Liberation Serif; vertical-align:super" xml:lang="nl">x)</hi><lb/>herwaerts geschiet, die tot een preuve na Japan gegaen sijn, alwaer gegolden hebben<lb/> de vellen 1 maes 6 condrin ende de koetanden 3 maes 9 condrin het stuck, dat<lb/> weynich beschiet.<lb/></p><p xml:id="INT_c709a574-9495-3938-be69-d6d59b8e0301.TEI.1.text.1.body.1.div.1.p.5" xml:lang="nl" rend="font-size: 10; text-align: justify; line-height: 11.7pt; text-indent: 22.0pt" xmlns="http://www.tei-c.org/ns/1.0">Het aerdrijck schijnt sich aldaer seer vruchtbaer te vertoonen, maer lijden<lb/> grooten overlast van de stereke winden ende slachregens, die het gesay, dickmael<lb/> schoon staende, in een ogenblick tijts terneder slaen ende vernietigen, dat voor den<lb/> bouman verdrietich valt ; waertegen onses oordeels geen beter raet sal wesen, dan<lb/> dat sij in aenstaende de louste velden daertoe sullen moeten uytsoecken, daer<lb/></p><note xml:id="INT_c709a574-9495-3938-be69-d6d59b8e0301.TEI.1.text.1.body.1.div.1.note.4" xml:lang="nl" rend="font-size: 8; text-align: justify; line-height: 8.9pt; text-indent: 22.0pt" xmlns="http://www.tei-c.org/ns/1.0">1) Zeekoe, dujong, aan welks tanden medicinale kracht werd toegekend.<lb/></note><pb xml:id="INT_c709a574-9495-3938-be69-d6d59b8e0301.TEI.1.text.1.body.1.div.1.pb.2" n="740" facs="http://resources.huygens.knaw.nl/retroapp/service_generalemissiven/gm_02/images/gm_2_112_0740.tif"/><fw xml:id="INT_c709a574-9495-3938-be69-d6d59b8e0301.TEI.1.text.1.body.1.div.1.fw.2" place="top" type="head" xml:lang="nl" rend="text-align:justify; line-height:11.1pt" facs="#zone.4032102" xmlns="http://www.tei-c.org/ns/1.0">740 Maetsuyker, Hartzinck, Cunaeus, Verburch, Steur en V. d. Bogaerde II, 6 februari 1654</fw><fw xml:id="INT_c709a574-9495-3938-be69-d6d59b8e0301.TEI.1.text.1.body.1.div.1.fw.3" place="top" type="head" xml:lang="nl" rend="text-align:justify; line-height:11.7pt" facs="#zone.4032317" xmlns="http://www.tei-c.org/ns/1.0">deselve winden minder cracht sijn doende, als wanneer verhoopen, daer alles inabondantie aengeteelt sal connen werden om te dienen soo tot onderhout derresidenten als tot verversinge ende spij singe der schepen, daer gins ende wederpasserende. Onder tusschen moeten soo van U Ed. uyt het vaderlandt als van hiervan het noodige versorght worden. Rijs, schrijft den . . . commandeur, dat henaldaer dienstiger is als hard broot, omdat sij geen gelegentheyt en hebben omhetselve te preserveren ende wel geslooten te houden, eysschende dienvolgendevan hier dartich lasten jaerlicx nevens cadjangh 1), boontjes etc., die wij voornemenhaer te bestellen, opdat niet wederom in gebreck comen te vervallen.</fw><note xml:id="INT_c709a574-9495-3938-be69-d6d59b8e0301.TEI.1.text.1.body.1.div.1.note.5" xml:lang="nl" place="inline" type="editorial-summary" resp="editor" rend="font-style: italic; line-height: 11.7pt; text-indent: 22.0pt; text-align: justify; font-size: 10" xmlns="http://www.tei-c.org/ns/1.0">( Daar de retourschepen de Kaap niet aandoen, zal een fluit derwaarts via Mauritius<lb/> gaan; de Engelsen hebben, naar Europa varend, de Kaap niet aangedaan;<lb/> er zijn slechts 7 Engelse jachten in het oosten; de Morgensterre met 304 pak zijde uit<lb/> Perzië blijft nog uit; de reis van de Westvriesland, vgl. <hi rend="font-size:10; font-family:Liberation Serif" xml:lang="nl">Daghregisters,</hi> 20 juni 1653 ,<lb/> p. 86-88; het jacht Erasmus kwam uit patria met 168 koppen, w.o. 53 soldaten; het<lb/> had maar 2 sterfgevallen; alle schepen samen hebben maar 1851 man aangebracht,<lb/> terwijl er 4000 nodig waren; met de retourvloot repatriëren 877 gagetrekkenden, 34<lb/> vrouwen enz.; er is dus gebrek aan volk; af gelegde schepen; daar ds. Gravius vertrekt,<lb/> zijn er nog maar 19 predikanten; Appeldoorn en Panterus naar patria gezonden;<lb/> 27 jan. heeft de kerkeraad een geschrift ingediend over het overplaatsen van predikanten,).<lb/><lb/></note><p xml:id="INT_c709a574-9495-3938-be69-d6d59b8e0301.TEI.1.text.1.body.1.div.1.p.6" xml:lang="nl" rend="font-size: 10; text-align: justify; line-height: 11.7pt; text-indent: 22.0pt" xmlns="http://www.tei-c.org/ns/1.0"><hi rend="font-size:10; font-family:Liberation Serif; letter-spacing:4.0pt" xml:lang="nl">....</hi> te weten, dat het beroepen ende versenden der predicanten t’eenemael<lb/> ende geheel soude dependeren aen de vrije electie ende verkiesinge van den . . .<lb/> kerckenraet, dewelcke dan van ons soude worden geapprobeert, versoeckende<lb/> daerop onse schriftelijcke verclaringe, off wij genegen ende voornemens waeren<lb/> haer bij hetselve out gebruyck te laten ende dat niet uyt een goetwillige concessie,<lb/> die wij naderhandt na gelieven weder souden connen intrecken, maer als een recht,<lb/> de kercke competerende, off dat sij bij weygeringe van dien versochten van haeren<lb/> dienst ontslagen ende na het vaderlandt te keren, welcke voorstellinge t’eenemael<lb/> strijdich is met U Ed. . . . ordre gelijck oock met het out gebruyck, tot noch toe<lb/> in India geobserveert <hi rend="font-size:10; font-family:Liberation Serif; vertical-align:super" xml:lang="nl">2).</hi> Want off wel bij den Gouverneur- Generael ende raden van<lb/> India over het versenden der predicanten doorgaens het advijs des e. kerckenraets<lb/> versocht ende oock meest altijt achtervolcht zij, soo en is evenwel de meyninge<lb/> noyt geweest, dat daermede in ’t alderminste soude worden geweken, gecedeert<lb/> ofte overgegeven van het recht, de Comp.e competerende, gelijck haer e.e.<lb/> hetselve in consequentie schijnen te trecken. Op welck vertoogh dan in Rade van<lb/> India gelet sijnde, nae deliberatie van saeken goetgevonden ende geresolveert is<lb/> daerop tot antwoort ende verclaringe te geven, dat wij ons houden soo in die als<lb/> alle andere saeken aen de ordre van de Generale Comp.e ende specialijck aen die<lb/> van 10 september 1650 ende 30 april des voorleden jaers, in het . . . vertoogh<lb/> aengeroert ende dat alle degene, die onder haer e.e. sich daermede niet en connen<lb/> conformeren, gelicentieert sullen worden het aenstaende ofte noch dit jaer naer het<lb/> vaderlandt te mogen keeren, gelijck U Ed. ordre oock medebrenght.<lb/></p><note xml:id="INT_c709a574-9495-3938-be69-d6d59b8e0301.TEI.1.text.1.body.1.div.1.note.6" xml:lang="nl" rend="font-size: 8; text-align: justify; line-height: 8.9pt; margin-left: 2200" xmlns="http://www.tei-c.org/ns/1.0">1) Cadjangh, maleis katjang, naam voor verschillende boonsoorten.<lb/></note><note xml:id="INT_c709a574-9495-3938-be69-d6d59b8e0301.TEI.1.text.1.body.1.div.1.note.7" xml:lang="nl" rend="font-size: 8; text-align: justify; line-height: 8.9pt; margin-left: 2100" xmlns="http://www.tei-c.org/ns/1.0">2) Zie voor deze aangelegenheid <hi rend="font-size:8; font-family:Liberation Serif; font-style:italic" xml:lang="nl">Protestantsche Kerk</hi> , p. 70.<lb/></note><pb xml:id="INT_c709a574-9495-3938-be69-d6d59b8e0301.TEI.1.text.1.body.1.div.1.pb.3" n="741" facs="http://resources.huygens.knaw.nl/retroapp/service_generalemissiven/gm_02/images/gm_2_112_0741.tif"/><fw xml:id="INT_c709a574-9495-3938-be69-d6d59b8e0301.TEI.1.text.1.body.1.div.1.fw.4" place="top" type="head" facs="#zone.4033994" xmlns="http://www.tei-c.org/ns/1.0">Maetsuyker, Hartzinck, Cunaeus, Verburch, Steur en V. d. Bogaerde II, 6 februari 1654 741</fw><note xml:id="INT_c709a574-9495-3938-be69-d6d59b8e0301.TEI.1.text.1.body.1.div.1.note.8" xml:lang="nl" place="inline" type="editorial-summary" resp="editor" rend="font-style: italic; line-height: 11.7pt; text-indent: 22.0pt; text-align: justify; font-size: 9" xmlns="http://www.tei-c.org/ns/1.0">(Van der Lijn had 24 aug. 1648 vergund , dat 4 predikanten steeds te Batavia<lb/> zouden blijven zonder naar elders te kunnen worden gezonden en dat nieuw aankomende<lb/> predikanten geen stem in de kerker aad zouden hebben; dit strijdt met Compagniesvoor<lb/> schriften en was niet in Rade besproken; aan Heren <hi rend="font-size:9; font-family:Liberation Serif; font-style:italic; letter-spacing:1.0pt" xml:lang="nl">XVII</hi> wordt gevraagd,<lb/> waarom Dirck Schouten ongeacht een onterend vonnis van 1630 steeds in<lb/> dienst is gehouden , nu als generaal-boekhouder) .<lb/></note><p xml:id="INT_c709a574-9495-3938-be69-d6d59b8e0301.TEI.1.text.1.body.1.div.1.p.7" xml:lang="nl" rend="font-size: 10; text-align: justify; line-height: 11.7pt; text-indent: 22.0pt" xmlns="http://www.tei-c.org/ns/1.0">Onder ’t schrijven deses verschijnen alhier op 2 deser maent van Dermayo <hi rend="font-size:10; font-family:Liberation Serif; vertical-align:super" xml:lang="nl">1),</hi><lb/>een plaets om de oost op de cust van Java gelegen, 4 Nederlandtse matrosen,<lb/> rapporterende, hoe dat sij, 7 persoonen sterck, met een der barcken, . . . van Siam<lb/> herwaerts aen gesonden sijnde, geladen met sappanhout, door de harde westelijcke<lb/> winden na de cust van Java voorsz. verdreven sijn ende dat, voor voorsz. plaets<lb/> leggende ende sij met haer vieren aen landt sijnde om water te halen, seecker<lb/> Portugees, aldaer met een cleyn vaertuygh leggende, de voorsz. barck overrompelt<lb/> ende mette resterende 3 persoonen weghgevoert heeft onseecker werwaerts. Na<lb/> desel ve seggen, soude de geroerde Portugees een inwoonder van Batavia sijn,<lb/> genaemt Domingo Victoria, ende onse passé aen haer vertoont hebben, daer wij<lb/> nader enqueste op sullen doen. Waer de andere 2 barcken bevaeren sijn, is Godt<lb/> bekent.<lb/></p><note xml:id="INT_c709a574-9495-3938-be69-d6d59b8e0301.TEI.1.text.1.body.1.div.1.note.9" xml:lang="nl" place="inline" type="editorial-summary" resp="editor" rend="font-style: italic; line-height: 11.7pt; text-indent: 22.0pt; text-align: justify; font-size: 9" xmlns="http://www.tei-c.org/ns/1.0">( De schulden van de Chinezen te Batavia komen langzaam binnen, daar ze meest<lb/> arm zijn; ze bedroegen op 1 jan. nog f. 253204; kapitein Jan Willemsz. zal van Malakka<lb/> worden opgeroepen, daar hij Engelsman is).<lb/></note><p xml:id="INT_c709a574-9495-3938-be69-d6d59b8e0301.TEI.1.text.1.body.1.div.1.p.8" xml:lang="nl" rend="font-size: 10; text-align: justify; line-height: 11.7pt; text-indent: 22.0pt" xmlns="http://www.tei-c.org/ns/1.0">Voortaen sullen letten, dat van die ende de France, Portugese ofte andere<lb/> onduytse natiën gene tot hooge ampten gevordert en worden. De officieren van de<lb/> Engelse natie hier op Batavia hebben wij vermits het opcomen van den oorlogh<lb/> met haere natie, daer op haer aenneminge geen gedachten van waren, alle tot<lb/> sergeanten incluys voor ons doen roepen ende in haere keure gestelt in haeren<lb/> dienst te continueren ofte nae het vaderlandt te vertrecken, mits dat bij continuatie<lb/> den eet, aen de Comp.e gedaen, souden vernieuwen om deselve gehou ende getrou<lb/> te blijven niet alleen tegen alle andere maer oock selffs tegen d’ Engelse natie, dat<lb/> sij geern aengenomen ende den eet soodanich in onse handen gepresteert hebben,<lb/> waerop wij ons dan willen geruststellen.<lb/></p><note xml:id="INT_c709a574-9495-3938-be69-d6d59b8e0301.TEI.1.text.1.body.1.div.1.note.10" xml:lang="nl" place="inline" type="editorial-summary" resp="editor" rend="font-style: italic; line-height: 11.7pt; text-indent: 22.0pt; text-align: justify; font-size: 9" xmlns="http://www.tei-c.org/ns/1.0">(Hartzinck voorlopig op fl. 500. <hi rend="font-size:7.5; font-family:Liberation Serif; font-weight:bold" xml:lang="nl">—</hi> salaris en 100 realen kostgeld p.m. gesteld;<lb/> 11 jan. is Verburch uit Thaiwan via Malakka gekomen met cargasoen van f. 18147.3.5;<lb/> te Malakka zijn 11000 taël Japans zilver, waard f. 31365.13.8, gelost voor Ligor; uit<lb/> Thaiwan is 4 dec. in 4 schepen voor f. 2425925.15.15 gezonden; voor Coromandel aan<lb/> goud plus schuitzilver voor f. 1481468.5.1, voor Suratte meest koper voor f. 23014.5.6,<lb/> voor Perzië meest suiker en koper voor f. 139945.10.14, voor Bengalen vnl. schuitzilver<lb/> voor <hi rend="font-size:7.5; font-family:Liberation Serif; font-weight:bold" xml:lang="nl">/.</hi> 781497 .14.1, voorts iets voor Malakka).<lb/></note><p xml:id="INT_c709a574-9495-3938-be69-d6d59b8e0301.TEI.1.text.1.body.1.div.1.p.9" resp="int_paragraph_joining" rend="">
              Doordien de rijcxdaelders en de andere gevalueerde munt nietjegenstaende het<lb xmlns="http://www.tei-c.org/ns/1.0"/> hooge verbodt echter t’eenemael vervoert werden, sijn in Tayoan genootsaect onder<lb xmlns="http://www.tei-c.org/ns/1.0"/> de gemeente schuytsilver tot 69 stuyvers de teyl te laten gaen, twelck onder de<lb xmlns="http://www.tei-c.org/ns/1.0"/><note xml:id="INT_c709a574-9495-3938-be69-d6d59b8e0301.TEI.1.text.1.body.1.div.1.p.9.note.1" xml:lang="nl" rend="font-size: 9; line-height: 10.0pt; margin-left: 2100" xmlns="http://www.tei-c.org/ns/1.0">1 ) Dermayo, Indramaju, plaats ter noordkust van Java op 108°20' O.L.<lb/></note><pb xml:id="INT_c709a574-9495-3938-be69-d6d59b8e0301.TEI.1.text.1.body.1.div.1.p.9.pb.1" n="742" facs="http://resources.huygens.knaw.nl/retroapp/service_generalemissiven/gm_02/images/gm_2_112_0742.tif"/><fw xml:id="INT_c709a574-9495-3938-be69-d6d59b8e0301.TEI.1.text.1.body.1.div.1.p.9.fw.1" place="top" type="head" facs="#zone.4036019" xmlns="http://www.tei-c.org/ns/1.0">742 Maetsuyker, Hartzinck, Cunaeus, Verburch, Steur en V. d. Bogaerde II, 6 februari 1654</fw>congias *) ofte arbeytsluyden, vermits op den teyl, als se denselven in ’t cleyne<lb xmlns="http://www.tei-c.org/ns/1.0"/> uytgeven, 3 stvs. moeten verliesen, groote oppositie tegens de cabessas of principale<lb xmlns="http://www.tei-c.org/ns/1.0"/> landbouwers causeert, willende den teyl niet hooger als 66 stuyvers ontfangen;<lb xmlns="http://www.tei-c.org/ns/1.0"/> sulcx op de dachten der cabessas, daerover gedaen, geresolveert zijn bij<lb xmlns="http://www.tei-c.org/ns/1.0"/> openbare gommeslach <hi rend="font-size:10; font-family:Liberation Serif; vertical-align:super" xml:lang="nl" xmlns="http://www.tei-c.org/ns/1.0">1 2)</hi> en placcaet op verbeurte van eenige realen te gebieden,<lb xmlns="http://www.tei-c.org/ns/1.0"/> dat een ij der gehouden sal wesen den tijl schuytsilver tot 69 stuyvers, gelijck denselven<lb xmlns="http://www.tei-c.org/ns/1.0"/> de Comp.e present valeert, te ontfangen. De cabessas houden dagelijcx bij<lb xmlns="http://www.tei-c.org/ns/1.0"/> den gouverneur sterck aen om te gevoeghlijcker de betalinge aen hun arbeytsvolck<lb xmlns="http://www.tei-c.org/ns/1.0"/> te connen doen, den rijcxdaelder wederom tot 60 stuyvers mocht werden gestelt,<lb xmlns="http://www.tei-c.org/ns/1.0"/> waerop in toecomende onse ordre wert verso cht, daer wij echter geen verandering<lb xmlns="http://www.tei-c.org/ns/1.0"/> in sullen doen, tensij U Ed. ons anders geliefden te ordonneren. Doordien de<lb xmlns="http://www.tei-c.org/ns/1.0"/> Tayoanse casse t’eenemael destituyt van Nederlandtse munte zij, versoecken, dat<lb xmlns="http://www.tei-c.org/ns/1.0"/> haeren eysch van realen, rijcxdaelders ende payement in aenstaende mach voldaen<lb xmlns="http://www.tei-c.org/ns/1.0"/> werden, alsoo op ’t hoogste daerom benodicht zijn.<lb xmlns="http://www.tei-c.org/ns/1.0"/>
            </p><note xml:id="INT_c709a574-9495-3938-be69-d6d59b8e0301.TEI.1.text.1.body.1.div.1.note.11" xml:lang="nl" place="inline" type="editorial-summary" resp="editor" rend="font-style: italic; line-height: 11.7pt; text-indent: 23.0pt; text-align: justify; font-size: 9.5" xmlns="http://www.tei-c.org/ns/1.0">( Ds. Bacherius volgt in Favorlang wijlen ds. Happart op; de gouverneur van<lb/> Formosa zal de bevolking van de Tickeranse velden de bebouwing aanbevelen; zo zij niet<lb/> wil, zal Compagniespersoneel ze mogen beplanten met tarwe voor Batavia; het garnizoen<lb/> van Ki-Lung lijdt aan pestilentiale koortsen; er woedde een sprinkhanenplaag evenals<lb/> in Zuid- Formosa; de sterfte onder de bevolking neemt toe; aan Goxinga zal satisfactie<lb/> worden gedaan voor de goederen, door Wagenaar uit zijn jonk genomen; hij heeft<lb/> geschreven,)<lb/></note><p xml:id="INT_c709a574-9495-3938-be69-d6d59b8e0301.TEI.1.text.1.body.1.div.1.p.10" xml:lang="nl" rend="font-size: 10; text-align: justify; line-height: 11.7pt; text-indent: 23.0pt" xmlns="http://www.tei-c.org/ns/1.0">. . . dat hij met den Tartar onder seeckere conditiën veraccordeert was, maer<lb/> dat hoopte in corten wederom tot reconvalisatie te geraeken, twelck van hem uyt<lb/> eenen glorieusen boesem, jegens ons gesproocken, schijnt voort te comen; maer<lb/> dat hij metten Tarter veraccordeert sij en in de volle possessie van sijne landen,<lb/> daer hij den oorlogh gevoert heeft, blijft sitten, sonderdat se oock na de Tartarisehe<lb/> wijse hun hair behoeven te corten. . . .<lb/></p><note xml:id="INT_c709a574-9495-3938-be69-d6d59b8e0301.TEI.1.text.1.body.1.div.1.note.12" xml:lang="nl" place="inline" type="editorial-summary" resp="editor" rend="font-style: italic; line-height: 11.7pt; text-indent: 23.0pt; text-align: justify; font-size: 9.5" xmlns="http://www.tei-c.org/ns/1.0">(In Japan is van 1 nov. 1652 tot 10 nov. 1653 gewonnen f. 955925.8.14; de<lb/> onkosten waren er f. 64826.1.9 ; de nu gaande retourschepen hebben cargasoen van<lb/> f. 536156.1-; te Batavia blijft 56756 picol peper, 11714 picol suiker en veel kaneel;<lb/> in jan. en febr. zijn te Batavia 3 Chinese jonken gekomen, nog 4 of 5 zullen volgen; de<lb/> te zenden peper wordt voortaan te Batavia beter gezuiverd, de prijs gesteld op 8 realen<lb/> tegen 6 de ongezuiverde ) .<lb/></note><p xml:id="INT_c709a574-9495-3938-be69-d6d59b8e0301.TEI.1.text.1.body.1.div.1.p.11" xml:lang="nl" rend="font-size: 10; text-align: center; line-height: 11.7pt" xmlns="http://www.tei-c.org/ns/1.0">Proffijt gevende comptoiren<lb/></p><p xml:id="INT_c709a574-9495-3938-be69-d6d59b8e0301.TEI.1.text.1.body.1.div.1.p.12" xml:lang="nl" rend="font-size: 10; text-align: justify; line-height: 11.7pt" xmlns="http://www.tei-c.org/ns/1.0">’t Comptoir Japan . .<lb/> Voyagie naer Canton .<lb/> Voyagie naer Macassar<lb/> ’t Comptoir Geldria . .<lb/> ’t Comptoir Persia . .<lb/> ’t Comptoir Jamby. .<lb/> ’t Comptoir Tayoan. .<lb/></p><p xml:id="INT_c709a574-9495-3938-be69-d6d59b8e0301.TEI.1.text.1.body.1.div.1.p.13" xml:lang="nl" rend="font-size: 10; text-align: justify; line-height: 11.7pt" xmlns="http://www.tei-c.org/ns/1.0">ƒ 891 099 7 5<lb/> „ 29 804 19 2<lb/></p><p xml:id="INT_c709a574-9495-3938-be69-d6d59b8e0301.TEI.1.text.1.body.1.div.1.p.14" xml:lang="nl" rend="font-size: 10; text-align: justify; line-height: 11.7pt" xmlns="http://www.tei-c.org/ns/1.0">„ 20 566 - 13<lb/></p><p xml:id="INT_c709a574-9495-3938-be69-d6d59b8e0301.TEI.1.text.1.body.1.div.1.p.15" xml:lang="nl" rend="font-size: 10; text-align: justify; line-height: 11.7pt" xmlns="http://www.tei-c.org/ns/1.0">„ 32 892 8 4<lb/></p><p xml:id="INT_c709a574-9495-3938-be69-d6d59b8e0301.TEI.1.text.1.body.1.div.1.p.16" xml:lang="nl" rend="font-size: 10; text-align: justify; line-height: 11.7pt" xmlns="http://www.tei-c.org/ns/1.0">„ 480 094 4 13<lb/> „ 41042 6 6<lb/></p><p xml:id="INT_c709a574-9495-3938-be69-d6d59b8e0301.TEI.1.text.1.body.1.div.1.p.17" xml:lang="nl" rend="font-size: 10; text-align: justify; line-height: 11.7pt" xmlns="http://www.tei-c.org/ns/1.0">„ 286 624 5 7<lb/></p><note xml:id="INT_c709a574-9495-3938-be69-d6d59b8e0301.TEI.1.text.1.body.1.div.1.note.13" xml:lang="nl" rend="font-size: 8; text-align: justify; line-height: 8.9pt; margin-left: 2100" xmlns="http://www.tei-c.org/ns/1.0">1 ) Congia, blijkbaar een woord uit een taal van Formosa voor arbeider, koeli.<lb/></note><note xml:id="INT_c709a574-9495-3938-be69-d6d59b8e0301.TEI.1.text.1.body.1.div.1.note.14" xml:lang="nl" rend="font-size: 8; text-align: justify; line-height: 8.9pt; margin-left: 2000" xmlns="http://www.tei-c.org/ns/1.0">2) Gommeslach, bekkenslag. Gom = gong.<lb/></note><pb xml:id="INT_c709a574-9495-3938-be69-d6d59b8e0301.TEI.1.text.1.body.1.div.1.pb.4" n="743" facs="http://resources.huygens.knaw.nl/retroapp/service_generalemissiven/gm_02/images/gm_2_112_0743.tif"/><fw xml:id="INT_c709a574-9495-3938-be69-d6d59b8e0301.TEI.1.text.1.body.1.div.1.fw.5" place="top" type="head" facs="#zone.4038574" xmlns="http://www.tei-c.org/ns/1.0">Maetsuyker, Hartzinek, Cunaeus, Verbureh, Steur en V. d. Bogaerde II, 6 februari 1654 743</fw><p xml:id="INT_c709a574-9495-3938-be69-d6d59b8e0301.TEI.1.text.1.body.1.div.1.p.18" xml:lang="nl" rend="margin-left: 2100; line-height: 11.7pt; text-indent: -21.0pt; text-align: justify; font-size: 9.5" xmlns="http://www.tei-c.org/ns/1.0">’t Comptoir Souratte .<lb/></p><p xml:id="INT_c709a574-9495-3938-be69-d6d59b8e0301.TEI.1.text.1.body.1.div.1.p.19" xml:lang="nl" rend="margin-left: 2100; line-height: 11.7pt; text-indent: -21.0pt; text-align: justify; font-size: 9.5" xmlns="http://www.tei-c.org/ns/1.0">’t Comptoir Wingurla .<lb/></p><p xml:id="INT_c709a574-9495-3938-be69-d6d59b8e0301.TEI.1.text.1.body.1.div.1.p.20" xml:lang="nl" rend="margin-left: 2100; line-height: 11.7pt; text-indent: -21.0pt; text-align: justify; font-size: 9.5" xmlns="http://www.tei-c.org/ns/1.0">Op de Cust Chormandel van de Portugese<lb/></p><p xml:id="INT_c709a574-9495-3938-be69-d6d59b8e0301.TEI.1.text.1.body.1.div.1.p.21" xml:lang="nl" rend="font-size: 9.5; text-align: justify; line-height: 11.7pt; margin-left: 2100" xmlns="http://www.tei-c.org/ns/1.0">verovert .<lb/></p><p xml:id="INT_c709a574-9495-3938-be69-d6d59b8e0301.TEI.1.text.1.body.1.div.1.p.22" xml:lang="nl" rend="margin-left: 2100; line-height: 11.7pt; text-indent: -21.0pt; text-align: justify; font-size: 9.5" xmlns="http://www.tei-c.org/ns/1.0">In Persia van d’ Engelse en Portugesen als<lb/></p><p xml:id="INT_c709a574-9495-3938-be69-d6d59b8e0301.TEI.1.text.1.body.1.div.1.p.23" xml:lang="nl" rend="font-size: 9.5; text-align: justify; line-height: 11.7pt; margin-left: 2100" xmlns="http://www.tei-c.org/ns/1.0">boven .<lb/></p><p xml:id="INT_c709a574-9495-3938-be69-d6d59b8e0301.TEI.1.text.1.body.1.div.1.p.24" xml:lang="nl" rend="font-size: 9.5; text-align: justify; line-height: 11.7pt" xmlns="http://www.tei-c.org/ns/1.0">Om en omtrent Batavia van den Portugees<lb/> Omtrent Bantham met d’Engelse Duyff . .<lb/> Op Ceylon, soo te water als te lande . . .<lb/> Voor 59 slaven op Malacca van den Portugees<lb/> .<lb/></p><p xml:id="INT_c709a574-9495-3938-be69-d6d59b8e0301.TEI.1.text.1.body.1.div.1.p.25" xml:lang="nl" rend="margin-left: 2100; line-height: 11.7pt; text-indent: -21.0pt; text-align: justify; font-size: 9.5" xmlns="http://www.tei-c.org/ns/1.0">Item voor 276 p. <hi rend="font-size:9.5; font-family:Liberation Serif; vertical-align:super" xml:lang="nl">8</hi> koehuyden, anno 1651 op<lb/> de generale winst van ’t comptoir Japan<lb/></p><p xml:id="INT_c709a574-9495-3938-be69-d6d59b8e0301.TEI.1.text.1.body.1.div.1.p.26" xml:lang="nl" rend="font-size: 9.5; text-align: justify; line-height: 11.7pt; margin-left: 2100" xmlns="http://www.tei-c.org/ns/1.0">ten onrechte afgetrocken .<lb/></p><p xml:id="INT_c709a574-9495-3938-be69-d6d59b8e0301.TEI.1.text.1.body.1.div.1.p.27" xml:lang="nl" rend="margin-left: 2100; line-height: 11.7pt; text-indent: -21.0pt; text-align: justify; font-size: 9.5" xmlns="http://www.tei-c.org/ns/1.0">Voor 23 958 catty Japans staeffcooper in<lb/> Tayoan uyt ’t wrack van de Joncker<lb/></p><p xml:id="INT_c709a574-9495-3938-be69-d6d59b8e0301.TEI.1.text.1.body.1.div.1.p.28" xml:lang="nl" rend="font-size: 9.5; text-align: justify; line-height: 11.7pt; margin-left: 2600" xmlns="http://www.tei-c.org/ns/1.0">opgevischt .<lb/></p><note xml:id="INT_c709a574-9495-3938-be69-d6d59b8e0301.TEI.1.text.1.body.1.div.1.note.15" xml:lang="nl" rend="margin-left: 2100; line-height: 11.7pt; text-indent: -21.0pt; text-align: justify; font-size: 9.5" xmlns="http://www.tei-c.org/ns/1.0">Nota, bij de Persische negotieboecken wert<lb/> aengewesen, hoe acht bondels met peerlen<lb/> bij ’t nemen van ’t Engels schip de<lb/> Bhebock noch sijn verovert, waervooren<lb/> bij d’eygenaers van d.° Engelse reets<lb/> 37 766 r°. was genoten, gelijck se oock<lb/> ruym sooveel waerdich sijn, welck evenwel<lb/> niet en hadden goetgedaen, omdat<lb/> dierwegen aen de Persische May.4 waer<lb/> geschreven, naer welckers antwoorde<lb/> dan de waerde off ’t bovengenoemde<lb/> geit, sijnde ƒ 50 354 8, de Comp.e in<lb/> reeckeninge goetdoen souden, ....<lb/></note><p xml:id="INT_c709a574-9495-3938-be69-d6d59b8e0301.TEI.1.text.1.body.1.div.1.p.29" xml:lang="nl" rend="font-size: 9.5; text-align: justify; line-height: 11.7pt" xmlns="http://www.tei-c.org/ns/1.0">/ 197 732 15 9<lb/></p><p xml:id="INT_c709a574-9495-3938-be69-d6d59b8e0301.TEI.1.text.1.body.1.div.1.p.30" xml:lang="nl" rend="font-size: 9.5; text-align: justify; line-height: 11.7pt" xmlns="http://www.tei-c.org/ns/1.0">„ 7 762 9 8<lb/></p><p xml:id="INT_c709a574-9495-3938-be69-d6d59b8e0301.TEI.1.text.1.body.1.div.1.p.31" xml:lang="nl" rend="font-size: 9.5; text-align: justify; line-height: 10.5pt" xmlns="http://www.tei-c.org/ns/1.0">„ 3 032 16 10<lb/></p><p xml:id="INT_c709a574-9495-3938-be69-d6d59b8e0301.TEI.1.text.1.body.1.div.1.p.32" xml:lang="nl" rend="font-size: 9.5; text-align: justify; line-height: 11.7pt" xmlns="http://www.tei-c.org/ns/1.0">„ 251 308 16 8<lb/></p><p xml:id="INT_c709a574-9495-3938-be69-d6d59b8e0301.TEI.1.text.1.body.1.div.1.p.33" xml:lang="nl" rend="font-size: 9.5; text-align: justify; line-height: 11.7pt" xmlns="http://www.tei-c.org/ns/1.0">„ 144 296 19 1<lb/></p><p xml:id="INT_c709a574-9495-3938-be69-d6d59b8e0301.TEI.1.text.1.body.1.div.1.p.34" xml:lang="nl" rend="font-size: 9.5; text-align: justify; line-height: 11.7pt" xmlns="http://www.tei-c.org/ns/1.0">„ 29 920 6 4<lb/></p><p xml:id="INT_c709a574-9495-3938-be69-d6d59b8e0301.TEI.1.text.1.body.1.div.1.p.35" xml:lang="nl" rend="font-size: 9.5; text-align: justify; line-height: 11.7pt" xmlns="http://www.tei-c.org/ns/1.0">„ 12 034 13 5<lb/></p><p xml:id="INT_c709a574-9495-3938-be69-d6d59b8e0301.TEI.1.text.1.body.1.div.1.p.36" xml:lang="nl" rend="font-size: 9.5; text-align: justify; line-height: 10.5pt" xmlns="http://www.tei-c.org/ns/1.0">„ 3 761 5 -<lb/></p><p xml:id="INT_c709a574-9495-3938-be69-d6d59b8e0301.TEI.1.text.1.body.1.div.1.p.37" xml:lang="nl" rend="font-size: 9.5; line-height: 10.5pt" xmlns="http://www.tei-c.org/ns/1.0">248 8 -<lb/></p><p xml:id="INT_c709a574-9495-3938-be69-d6d59b8e0301.TEI.1.text.1.body.1.div.1.p.38" xml:lang="nl" rend="font-size: 9.5; line-height: 10.5pt" xmlns="http://www.tei-c.org/ns/1.0">6 145 4 9<lb/></p><note xml:id="INT_c709a574-9495-3938-be69-d6d59b8e0301.TEI.1.text.1.body.1.div.1.note.16" xml:lang="nl" rend="font-size: 9.5; line-height: 10.5pt" xmlns="http://www.tei-c.org/ns/1.0">p. memorie<lb/></note><note xml:id="INT_c709a574-9495-3938-be69-d6d59b8e0301.TEI.1.text.1.body.1.div.1.note.17" xml:lang="nl" rend="font-size: 9.5; line-height: 10.5pt" xmlns="http://www.tei-c.org/ns/1.0">Soodat de generale winsten als anders a.° 1653 bedragen. . .<lb/></note><note xml:id="INT_c709a574-9495-3938-be69-d6d59b8e0301.TEI.1.text.1.body.1.div.1.note.18" xml:lang="nl" rend="font-size: 9.5; line-height: 10.5pt" xmlns="http://www.tei-c.org/ns/1.0">Aff voor de verlies gevende comptoiren<lb/></note><table xml:id="INT_c709a574-9495-3938-be69-d6d59b8e0301.TEI.1.text.1.body.1.div.1.table.1" xmlns="http://www.tei-c.org/ns/1.0"><row xml:id="INT_c709a574-9495-3938-be69-d6d59b8e0301.TEI.1.text.1.body.1.div.1.table.1.row.1"><cell xml:id="INT_c709a574-9495-3938-be69-d6d59b8e0301.TEI.1.text.1.body.1.div.1.table.1.row.1.cell.1"><note xml:id="INT_c709a574-9495-3938-be69-d6d59b8e0301.TEI.1.text.1.body.1.div.1.table.1.row.1.cell.1.note.1" xml:lang="nl" rend="font-size: 9.5; text-align: justify; line-height: 10.5pt" xmlns="http://www.tei-c.org/ns/1.0">’t Comptoir Siam .<lb/></note></cell><cell xml:id="INT_c709a574-9495-3938-be69-d6d59b8e0301.TEI.1.text.1.body.1.div.1.table.1.row.1.cell.2"><note xml:id="INT_c709a574-9495-3938-be69-d6d59b8e0301.TEI.1.text.1.body.1.div.1.table.1.row.1.cell.2.note.1" xml:lang="nl" rend="font-size: 9.5; line-height: 10.5pt" xmlns="http://www.tei-c.org/ns/1.0">/<lb/></note></cell><cell xml:id="INT_c709a574-9495-3938-be69-d6d59b8e0301.TEI.1.text.1.body.1.div.1.table.1.row.1.cell.3"><p xml:id="INT_c709a574-9495-3938-be69-d6d59b8e0301.TEI.1.text.1.body.1.div.1.table.1.row.1.cell.3.p.1" xml:lang="nl" rend="font-size: 9.5; text-align: right; line-height: 10.5pt" xmlns="http://www.tei-c.org/ns/1.0">36<lb/></p></cell><cell xml:id="INT_c709a574-9495-3938-be69-d6d59b8e0301.TEI.1.text.1.body.1.div.1.table.1.row.1.cell.4"><p xml:id="INT_c709a574-9495-3938-be69-d6d59b8e0301.TEI.1.text.1.body.1.div.1.table.1.row.1.cell.4.p.1" xml:lang="nl" rend="font-size: 9.5; line-height: 10.5pt" xmlns="http://www.tei-c.org/ns/1.0">089<lb/></p></cell><cell xml:id="INT_c709a574-9495-3938-be69-d6d59b8e0301.TEI.1.text.1.body.1.div.1.table.1.row.1.cell.5"><p xml:id="INT_c709a574-9495-3938-be69-d6d59b8e0301.TEI.1.text.1.body.1.div.1.table.1.row.1.cell.5.p.1" xml:lang="nl" rend="font-size: 9.5; line-height: 10.5pt" xmlns="http://www.tei-c.org/ns/1.0">7<lb/></p></cell><cell xml:id="INT_c709a574-9495-3938-be69-d6d59b8e0301.TEI.1.text.1.body.1.div.1.table.1.row.1.cell.6"><p xml:id="INT_c709a574-9495-3938-be69-d6d59b8e0301.TEI.1.text.1.body.1.div.1.table.1.row.1.cell.6.p.1" xml:lang="nl" rend="font-size: 9.5; line-height: 10.5pt" xmlns="http://www.tei-c.org/ns/1.0">9<lb/></p></cell></row><row xml:id="INT_c709a574-9495-3938-be69-d6d59b8e0301.TEI.1.text.1.body.1.div.1.table.1.row.2"><cell xml:id="INT_c709a574-9495-3938-be69-d6d59b8e0301.TEI.1.text.1.body.1.div.1.table.1.row.2.cell.1"><note xml:id="INT_c709a574-9495-3938-be69-d6d59b8e0301.TEI.1.text.1.body.1.div.1.table.1.row.2.cell.1.note.1" xml:lang="nl" rend="font-size: 9.5; text-align: justify; line-height: 10.5pt" xmlns="http://www.tei-c.org/ns/1.0">’t Comptoir Banda .<lb/></note></cell><cell xml:id="INT_c709a574-9495-3938-be69-d6d59b8e0301.TEI.1.text.1.body.1.div.1.table.1.row.2.cell.2"><note xml:id="INT_c709a574-9495-3938-be69-d6d59b8e0301.TEI.1.text.1.body.1.div.1.table.1.row.2.cell.2.note.1" xml:lang="nl" rend="font-size: 4; font-style: italic; line-height: 4.5pt" xmlns="http://www.tei-c.org/ns/1.0">i)<lb/></note></cell><cell xml:id="INT_c709a574-9495-3938-be69-d6d59b8e0301.TEI.1.text.1.body.1.div.1.table.1.row.2.cell.3"><p xml:id="INT_c709a574-9495-3938-be69-d6d59b8e0301.TEI.1.text.1.body.1.div.1.table.1.row.2.cell.3.p.1" xml:lang="nl" rend="font-size: 9.5; text-align: right; line-height: 10.5pt" xmlns="http://www.tei-c.org/ns/1.0">54<lb/></p></cell><cell xml:id="INT_c709a574-9495-3938-be69-d6d59b8e0301.TEI.1.text.1.body.1.div.1.table.1.row.2.cell.4"><p xml:id="INT_c709a574-9495-3938-be69-d6d59b8e0301.TEI.1.text.1.body.1.div.1.table.1.row.2.cell.4.p.1" xml:lang="nl" rend="font-size: 9.5; line-height: 10.5pt" xmlns="http://www.tei-c.org/ns/1.0">433<lb/></p></cell><cell xml:id="INT_c709a574-9495-3938-be69-d6d59b8e0301.TEI.1.text.1.body.1.div.1.table.1.row.2.cell.5"><p xml:id="INT_c709a574-9495-3938-be69-d6d59b8e0301.TEI.1.text.1.body.1.div.1.table.1.row.2.cell.5.p.1" xml:lang="nl" rend="font-size: 9.5; line-height: 10.5pt" xmlns="http://www.tei-c.org/ns/1.0">17<lb/></p></cell><cell xml:id="INT_c709a574-9495-3938-be69-d6d59b8e0301.TEI.1.text.1.body.1.div.1.table.1.row.2.cell.6"><p xml:id="INT_c709a574-9495-3938-be69-d6d59b8e0301.TEI.1.text.1.body.1.div.1.table.1.row.2.cell.6.p.1" xml:lang="nl" rend="font-size: 9.5; line-height: 10.5pt" xmlns="http://www.tei-c.org/ns/1.0">9<lb/></p></cell></row><row xml:id="INT_c709a574-9495-3938-be69-d6d59b8e0301.TEI.1.text.1.body.1.div.1.table.1.row.3"><cell xml:id="INT_c709a574-9495-3938-be69-d6d59b8e0301.TEI.1.text.1.body.1.div.1.table.1.row.3.cell.1"><note xml:id="INT_c709a574-9495-3938-be69-d6d59b8e0301.TEI.1.text.1.body.1.div.1.table.1.row.3.cell.1.note.1" xml:lang="nl" rend="font-size: 9.5; text-align: justify; line-height: 10.5pt" xmlns="http://www.tei-c.org/ns/1.0">’t Eylandt Mauritius .<lb/></note></cell><cell xml:id="INT_c709a574-9495-3938-be69-d6d59b8e0301.TEI.1.text.1.body.1.div.1.table.1.row.3.cell.2"><note xml:id="INT_c709a574-9495-3938-be69-d6d59b8e0301.TEI.1.text.1.body.1.div.1.table.1.row.3.cell.2.note.1" xml:lang="nl" rend="font-size: 4; font-style: italic; letter-spacing: 0.5pt; line-height: 4.4pt" xmlns="http://www.tei-c.org/ns/1.0">&gt;)<lb/></note></cell><cell xml:id="INT_c709a574-9495-3938-be69-d6d59b8e0301.TEI.1.text.1.body.1.div.1.table.1.row.3.cell.3"><p xml:id="INT_c709a574-9495-3938-be69-d6d59b8e0301.TEI.1.text.1.body.1.div.1.table.1.row.3.cell.3.p.1" xml:lang="nl" rend="font-size: 9.5; text-align: right; line-height: 10.5pt" xmlns="http://www.tei-c.org/ns/1.0">11<lb/></p></cell><cell xml:id="INT_c709a574-9495-3938-be69-d6d59b8e0301.TEI.1.text.1.body.1.div.1.table.1.row.3.cell.4"><p xml:id="INT_c709a574-9495-3938-be69-d6d59b8e0301.TEI.1.text.1.body.1.div.1.table.1.row.3.cell.4.p.1" xml:lang="nl" rend="font-size: 9.5; line-height: 10.5pt" xmlns="http://www.tei-c.org/ns/1.0">100<lb/></p></cell><cell xml:id="INT_c709a574-9495-3938-be69-d6d59b8e0301.TEI.1.text.1.body.1.div.1.table.1.row.3.cell.5"><note xml:id="INT_c709a574-9495-3938-be69-d6d59b8e0301.TEI.1.text.1.body.1.div.1.table.1.row.3.cell.5.note.1" xml:lang="nl" rend="font-size: 9.5; line-height: 10.5pt" xmlns="http://www.tei-c.org/ns/1.0">-<lb/></note></cell><cell xml:id="INT_c709a574-9495-3938-be69-d6d59b8e0301.TEI.1.text.1.body.1.div.1.table.1.row.3.cell.6"><p xml:id="INT_c709a574-9495-3938-be69-d6d59b8e0301.TEI.1.text.1.body.1.div.1.table.1.row.3.cell.6.p.1" xml:lang="nl" rend="font-size: 9.5; line-height: 10.5pt" xmlns="http://www.tei-c.org/ns/1.0">14<lb/></p></cell></row><row xml:id="INT_c709a574-9495-3938-be69-d6d59b8e0301.TEI.1.text.1.body.1.div.1.table.1.row.4"><cell xml:id="INT_c709a574-9495-3938-be69-d6d59b8e0301.TEI.1.text.1.body.1.div.1.table.1.row.4.cell.1"><note xml:id="INT_c709a574-9495-3938-be69-d6d59b8e0301.TEI.1.text.1.body.1.div.1.table.1.row.4.cell.1.note.1" xml:lang="nl" rend="font-size: 9.5; text-align: justify; line-height: 10.5pt" xmlns="http://www.tei-c.org/ns/1.0">Voyagie op Solor .<lb/></note></cell><cell xml:id="INT_c709a574-9495-3938-be69-d6d59b8e0301.TEI.1.text.1.body.1.div.1.table.1.row.4.cell.2"><p xml:id="INT_c709a574-9495-3938-be69-d6d59b8e0301.TEI.1.text.1.body.1.div.1.table.1.row.4.cell.2.p.1" rend="line-height:-0.01pt" xmlns="http://www.tei-c.org/ns/1.0"/></cell><cell xml:id="INT_c709a574-9495-3938-be69-d6d59b8e0301.TEI.1.text.1.body.1.div.1.table.1.row.4.cell.3"><p xml:id="INT_c709a574-9495-3938-be69-d6d59b8e0301.TEI.1.text.1.body.1.div.1.table.1.row.4.cell.3.p.1" xml:lang="nl" rend="font-size: 9.5; text-align: right; line-height: 10.5pt" xmlns="http://www.tei-c.org/ns/1.0">4<lb/></p></cell><cell xml:id="INT_c709a574-9495-3938-be69-d6d59b8e0301.TEI.1.text.1.body.1.div.1.table.1.row.4.cell.4"><p xml:id="INT_c709a574-9495-3938-be69-d6d59b8e0301.TEI.1.text.1.body.1.div.1.table.1.row.4.cell.4.p.1" xml:lang="nl" rend="font-size: 9.5; line-height: 10.5pt" xmlns="http://www.tei-c.org/ns/1.0">830<lb/></p></cell><cell xml:id="INT_c709a574-9495-3938-be69-d6d59b8e0301.TEI.1.text.1.body.1.div.1.table.1.row.4.cell.5"><p xml:id="INT_c709a574-9495-3938-be69-d6d59b8e0301.TEI.1.text.1.body.1.div.1.table.1.row.4.cell.5.p.1" xml:lang="nl" rend="font-size: 9.5; line-height: 10.5pt" xmlns="http://www.tei-c.org/ns/1.0">11<lb/></p></cell><cell xml:id="INT_c709a574-9495-3938-be69-d6d59b8e0301.TEI.1.text.1.body.1.div.1.table.1.row.4.cell.6"><p xml:id="INT_c709a574-9495-3938-be69-d6d59b8e0301.TEI.1.text.1.body.1.div.1.table.1.row.4.cell.6.p.1" xml:lang="nl" rend="font-size: 9.5; line-height: 10.5pt" xmlns="http://www.tei-c.org/ns/1.0">7<lb/></p></cell></row><row xml:id="INT_c709a574-9495-3938-be69-d6d59b8e0301.TEI.1.text.1.body.1.div.1.table.1.row.5"><cell xml:id="INT_c709a574-9495-3938-be69-d6d59b8e0301.TEI.1.text.1.body.1.div.1.table.1.row.5.cell.1"><note xml:id="INT_c709a574-9495-3938-be69-d6d59b8e0301.TEI.1.text.1.body.1.div.1.table.1.row.5.cell.1.note.1" xml:lang="nl" rend="font-size: 9.5; text-align: justify; line-height: 10.5pt" xmlns="http://www.tei-c.org/ns/1.0">’t Comptoir Amboina .<lb/></note></cell><cell xml:id="INT_c709a574-9495-3938-be69-d6d59b8e0301.TEI.1.text.1.body.1.div.1.table.1.row.5.cell.2"><note xml:id="INT_c709a574-9495-3938-be69-d6d59b8e0301.TEI.1.text.1.body.1.div.1.table.1.row.5.cell.2.note.1" xml:lang="nl" rend="font-size: 4; font-style: italic; letter-spacing: 0.5pt; line-height: 4.4pt" xmlns="http://www.tei-c.org/ns/1.0">)&gt;<lb/></note></cell><cell xml:id="INT_c709a574-9495-3938-be69-d6d59b8e0301.TEI.1.text.1.body.1.div.1.table.1.row.5.cell.3"><p xml:id="INT_c709a574-9495-3938-be69-d6d59b8e0301.TEI.1.text.1.body.1.div.1.table.1.row.5.cell.3.p.1" xml:lang="nl" rend="font-size: 9.5; text-align: right; line-height: 10.5pt" xmlns="http://www.tei-c.org/ns/1.0">216<lb/></p></cell><cell xml:id="INT_c709a574-9495-3938-be69-d6d59b8e0301.TEI.1.text.1.body.1.div.1.table.1.row.5.cell.4"><p xml:id="INT_c709a574-9495-3938-be69-d6d59b8e0301.TEI.1.text.1.body.1.div.1.table.1.row.5.cell.4.p.1" xml:lang="nl" rend="font-size: 9.5; line-height: 10.5pt" xmlns="http://www.tei-c.org/ns/1.0">741<lb/></p></cell><cell xml:id="INT_c709a574-9495-3938-be69-d6d59b8e0301.TEI.1.text.1.body.1.div.1.table.1.row.5.cell.5"><p xml:id="INT_c709a574-9495-3938-be69-d6d59b8e0301.TEI.1.text.1.body.1.div.1.table.1.row.5.cell.5.p.1" xml:lang="nl" rend="font-size: 9.5; line-height: 10.5pt" xmlns="http://www.tei-c.org/ns/1.0">15<lb/></p></cell><cell xml:id="INT_c709a574-9495-3938-be69-d6d59b8e0301.TEI.1.text.1.body.1.div.1.table.1.row.5.cell.6"><p xml:id="INT_c709a574-9495-3938-be69-d6d59b8e0301.TEI.1.text.1.body.1.div.1.table.1.row.5.cell.6.p.1" xml:lang="nl" rend="font-size: 9.5; line-height: 10.5pt" xmlns="http://www.tei-c.org/ns/1.0">3<lb/></p></cell></row><row xml:id="INT_c709a574-9495-3938-be69-d6d59b8e0301.TEI.1.text.1.body.1.div.1.table.1.row.6"><cell xml:id="INT_c709a574-9495-3938-be69-d6d59b8e0301.TEI.1.text.1.body.1.div.1.table.1.row.6.cell.1"><note xml:id="INT_c709a574-9495-3938-be69-d6d59b8e0301.TEI.1.text.1.body.1.div.1.table.1.row.6.cell.1.note.1" xml:lang="nl" rend="font-size: 9.5; text-align: justify; line-height: 10.5pt" xmlns="http://www.tei-c.org/ns/1.0">De Moluccos .<lb/></note></cell><cell xml:id="INT_c709a574-9495-3938-be69-d6d59b8e0301.TEI.1.text.1.body.1.div.1.table.1.row.6.cell.2"><note xml:id="INT_c709a574-9495-3938-be69-d6d59b8e0301.TEI.1.text.1.body.1.div.1.table.1.row.6.cell.2.note.1" xml:lang="nl" rend="font-size: 4; font-style: italic; letter-spacing: 0.5pt; line-height: 4.4pt" xmlns="http://www.tei-c.org/ns/1.0">&gt;&gt;<lb/></note></cell><cell xml:id="INT_c709a574-9495-3938-be69-d6d59b8e0301.TEI.1.text.1.body.1.div.1.table.1.row.6.cell.3"><p xml:id="INT_c709a574-9495-3938-be69-d6d59b8e0301.TEI.1.text.1.body.1.div.1.table.1.row.6.cell.3.p.1" xml:lang="nl" rend="font-size: 9.5; text-align: right; line-height: 10.5pt" xmlns="http://www.tei-c.org/ns/1.0">146<lb/></p></cell><cell xml:id="INT_c709a574-9495-3938-be69-d6d59b8e0301.TEI.1.text.1.body.1.div.1.table.1.row.6.cell.4"><p xml:id="INT_c709a574-9495-3938-be69-d6d59b8e0301.TEI.1.text.1.body.1.div.1.table.1.row.6.cell.4.p.1" xml:lang="nl" rend="font-size: 9.5; line-height: 10.5pt" xmlns="http://www.tei-c.org/ns/1.0">667<lb/></p></cell><cell xml:id="INT_c709a574-9495-3938-be69-d6d59b8e0301.TEI.1.text.1.body.1.div.1.table.1.row.6.cell.5"><p xml:id="INT_c709a574-9495-3938-be69-d6d59b8e0301.TEI.1.text.1.body.1.div.1.table.1.row.6.cell.5.p.1" xml:lang="nl" rend="font-size: 9.5; line-height: 10.5pt" xmlns="http://www.tei-c.org/ns/1.0">9<lb/></p></cell><cell xml:id="INT_c709a574-9495-3938-be69-d6d59b8e0301.TEI.1.text.1.body.1.div.1.table.1.row.6.cell.6"><p xml:id="INT_c709a574-9495-3938-be69-d6d59b8e0301.TEI.1.text.1.body.1.div.1.table.1.row.6.cell.6.p.1" xml:lang="nl" rend="font-size: 9.5; line-height: 10.5pt" xmlns="http://www.tei-c.org/ns/1.0">2<lb/></p></cell></row><row xml:id="INT_c709a574-9495-3938-be69-d6d59b8e0301.TEI.1.text.1.body.1.div.1.table.1.row.7"><cell xml:id="INT_c709a574-9495-3938-be69-d6d59b8e0301.TEI.1.text.1.body.1.div.1.table.1.row.7.cell.1"><note xml:id="INT_c709a574-9495-3938-be69-d6d59b8e0301.TEI.1.text.1.body.1.div.1.table.1.row.7.cell.1.note.1" xml:lang="nl" rend="font-size: 9.5; text-align: justify; line-height: 10.5pt" xmlns="http://www.tei-c.org/ns/1.0">’t Comptoir Batavia .<lb/></note></cell><cell xml:id="INT_c709a574-9495-3938-be69-d6d59b8e0301.TEI.1.text.1.body.1.div.1.table.1.row.7.cell.2"><note xml:id="INT_c709a574-9495-3938-be69-d6d59b8e0301.TEI.1.text.1.body.1.div.1.table.1.row.7.cell.2.note.1" xml:lang="nl" place="inline" type="editorial-summary" resp="editor" rend="font-size: 4; font-style: italic; line-height: 4.5pt" xmlns="http://www.tei-c.org/ns/1.0">99<lb/></note></cell><cell xml:id="INT_c709a574-9495-3938-be69-d6d59b8e0301.TEI.1.text.1.body.1.div.1.table.1.row.7.cell.3"><p xml:id="INT_c709a574-9495-3938-be69-d6d59b8e0301.TEI.1.text.1.body.1.div.1.table.1.row.7.cell.3.p.1" xml:lang="nl" rend="font-size: 9.5; text-align: right; line-height: 10.5pt" xmlns="http://www.tei-c.org/ns/1.0">241<lb/></p></cell><cell xml:id="INT_c709a574-9495-3938-be69-d6d59b8e0301.TEI.1.text.1.body.1.div.1.table.1.row.7.cell.4"><p xml:id="INT_c709a574-9495-3938-be69-d6d59b8e0301.TEI.1.text.1.body.1.div.1.table.1.row.7.cell.4.p.1" xml:lang="nl" rend="font-size: 9.5; line-height: 10.5pt" xmlns="http://www.tei-c.org/ns/1.0">880<lb/></p></cell><cell xml:id="INT_c709a574-9495-3938-be69-d6d59b8e0301.TEI.1.text.1.body.1.div.1.table.1.row.7.cell.5"><p xml:id="INT_c709a574-9495-3938-be69-d6d59b8e0301.TEI.1.text.1.body.1.div.1.table.1.row.7.cell.5.p.1" xml:lang="nl" rend="font-size: 9.5; line-height: 10.5pt" xmlns="http://www.tei-c.org/ns/1.0">2<lb/></p></cell><cell xml:id="INT_c709a574-9495-3938-be69-d6d59b8e0301.TEI.1.text.1.body.1.div.1.table.1.row.7.cell.6"><p xml:id="INT_c709a574-9495-3938-be69-d6d59b8e0301.TEI.1.text.1.body.1.div.1.table.1.row.7.cell.6.p.1" xml:lang="nl" rend="font-size: 9.5; line-height: 10.5pt" xmlns="http://www.tei-c.org/ns/1.0">10<lb/></p></cell></row><row xml:id="INT_c709a574-9495-3938-be69-d6d59b8e0301.TEI.1.text.1.body.1.div.1.table.1.row.8"><cell xml:id="INT_c709a574-9495-3938-be69-d6d59b8e0301.TEI.1.text.1.body.1.div.1.table.1.row.8.cell.1"><note xml:id="INT_c709a574-9495-3938-be69-d6d59b8e0301.TEI.1.text.1.body.1.div.1.table.1.row.8.cell.1.note.1" xml:lang="nl" rend="font-size: 9.5; text-align: justify; line-height: 10.5pt" xmlns="http://www.tei-c.org/ns/1.0">’t Comptoir Ceylon .<lb/></note></cell><cell xml:id="INT_c709a574-9495-3938-be69-d6d59b8e0301.TEI.1.text.1.body.1.div.1.table.1.row.8.cell.2"><note xml:id="INT_c709a574-9495-3938-be69-d6d59b8e0301.TEI.1.text.1.body.1.div.1.table.1.row.8.cell.2.note.1" xml:lang="nl" rend="font-size: 4; font-style: italic; letter-spacing: 0.5pt; line-height: 4.4pt" xmlns="http://www.tei-c.org/ns/1.0">&gt;»<lb/></note></cell><cell xml:id="INT_c709a574-9495-3938-be69-d6d59b8e0301.TEI.1.text.1.body.1.div.1.table.1.row.8.cell.3"><p xml:id="INT_c709a574-9495-3938-be69-d6d59b8e0301.TEI.1.text.1.body.1.div.1.table.1.row.8.cell.3.p.1" xml:lang="nl" rend="font-size: 9.5; text-align: right; line-height: 10.5pt" xmlns="http://www.tei-c.org/ns/1.0">237<lb/></p></cell><cell xml:id="INT_c709a574-9495-3938-be69-d6d59b8e0301.TEI.1.text.1.body.1.div.1.table.1.row.8.cell.4"><p xml:id="INT_c709a574-9495-3938-be69-d6d59b8e0301.TEI.1.text.1.body.1.div.1.table.1.row.8.cell.4.p.1" xml:lang="nl" rend="font-size: 9.5; line-height: 10.5pt" xmlns="http://www.tei-c.org/ns/1.0">126<lb/></p></cell><cell xml:id="INT_c709a574-9495-3938-be69-d6d59b8e0301.TEI.1.text.1.body.1.div.1.table.1.row.8.cell.5"><p xml:id="INT_c709a574-9495-3938-be69-d6d59b8e0301.TEI.1.text.1.body.1.div.1.table.1.row.8.cell.5.p.1" xml:lang="nl" rend="font-size: 9.5; line-height: 10.5pt" xmlns="http://www.tei-c.org/ns/1.0">17<lb/></p></cell><cell xml:id="INT_c709a574-9495-3938-be69-d6d59b8e0301.TEI.1.text.1.body.1.div.1.table.1.row.8.cell.6"><p xml:id="INT_c709a574-9495-3938-be69-d6d59b8e0301.TEI.1.text.1.body.1.div.1.table.1.row.8.cell.6.p.1" xml:lang="nl" rend="font-size: 9.5; line-height: 10.5pt" xmlns="http://www.tei-c.org/ns/1.0">14<lb/></p></cell></row><row xml:id="INT_c709a574-9495-3938-be69-d6d59b8e0301.TEI.1.text.1.body.1.div.1.table.1.row.9"><cell xml:id="INT_c709a574-9495-3938-be69-d6d59b8e0301.TEI.1.text.1.body.1.div.1.table.1.row.9.cell.1"><note xml:id="INT_c709a574-9495-3938-be69-d6d59b8e0301.TEI.1.text.1.body.1.div.1.table.1.row.9.cell.1.note.1" xml:lang="nl" rend="font-size: 9.5; text-align: justify; line-height: 10.5pt" xmlns="http://www.tei-c.org/ns/1.0">’t Comptoir Malacca .<lb/></note></cell><cell xml:id="INT_c709a574-9495-3938-be69-d6d59b8e0301.TEI.1.text.1.body.1.div.1.table.1.row.9.cell.2"><p xml:id="INT_c709a574-9495-3938-be69-d6d59b8e0301.TEI.1.text.1.body.1.div.1.table.1.row.9.cell.2.p.1" rend="line-height:-0.01pt" xmlns="http://www.tei-c.org/ns/1.0"/></cell><cell xml:id="INT_c709a574-9495-3938-be69-d6d59b8e0301.TEI.1.text.1.body.1.div.1.table.1.row.9.cell.3"><p xml:id="INT_c709a574-9495-3938-be69-d6d59b8e0301.TEI.1.text.1.body.1.div.1.table.1.row.9.cell.3.p.1" xml:lang="nl" rend="font-size: 9.5; text-align: right; line-height: 10.5pt" xmlns="http://www.tei-c.org/ns/1.0">96<lb/></p></cell><cell xml:id="INT_c709a574-9495-3938-be69-d6d59b8e0301.TEI.1.text.1.body.1.div.1.table.1.row.9.cell.4"><p xml:id="INT_c709a574-9495-3938-be69-d6d59b8e0301.TEI.1.text.1.body.1.div.1.table.1.row.9.cell.4.p.1" xml:lang="nl" rend="font-size: 9.5; line-height: 10.5pt" xmlns="http://www.tei-c.org/ns/1.0">262<lb/></p></cell><cell xml:id="INT_c709a574-9495-3938-be69-d6d59b8e0301.TEI.1.text.1.body.1.div.1.table.1.row.9.cell.5"><p xml:id="INT_c709a574-9495-3938-be69-d6d59b8e0301.TEI.1.text.1.body.1.div.1.table.1.row.9.cell.5.p.1" xml:lang="nl" rend="font-size: 9.5; line-height: 10.5pt" xmlns="http://www.tei-c.org/ns/1.0">17<lb/></p></cell><cell xml:id="INT_c709a574-9495-3938-be69-d6d59b8e0301.TEI.1.text.1.body.1.div.1.table.1.row.9.cell.6"><p xml:id="INT_c709a574-9495-3938-be69-d6d59b8e0301.TEI.1.text.1.body.1.div.1.table.1.row.9.cell.6.p.1" xml:lang="nl" rend="font-size: 9.5; line-height: 10.5pt" xmlns="http://www.tei-c.org/ns/1.0">1<lb/></p></cell></row><row xml:id="INT_c709a574-9495-3938-be69-d6d59b8e0301.TEI.1.text.1.body.1.div.1.table.1.row.10"><cell xml:id="INT_c709a574-9495-3938-be69-d6d59b8e0301.TEI.1.text.1.body.1.div.1.table.1.row.10.cell.1"><note xml:id="INT_c709a574-9495-3938-be69-d6d59b8e0301.TEI.1.text.1.body.1.div.1.table.1.row.10.cell.1.note.1" xml:lang="nl" rend="font-size: 9.5; text-align: justify; line-height: 10.5pt" xmlns="http://www.tei-c.org/ns/1.0">’t Comptoir Tonquyn .<lb/></note></cell><cell xml:id="INT_c709a574-9495-3938-be69-d6d59b8e0301.TEI.1.text.1.body.1.div.1.table.1.row.10.cell.2"><note xml:id="INT_c709a574-9495-3938-be69-d6d59b8e0301.TEI.1.text.1.body.1.div.1.table.1.row.10.cell.2.note.1" xml:lang="nl" rend="font-size: 9.5; font-variant: small-caps; line-height: 10.5pt" xmlns="http://www.tei-c.org/ns/1.0">j?<lb/></note></cell><cell xml:id="INT_c709a574-9495-3938-be69-d6d59b8e0301.TEI.1.text.1.body.1.div.1.table.1.row.10.cell.3"><p xml:id="INT_c709a574-9495-3938-be69-d6d59b8e0301.TEI.1.text.1.body.1.div.1.table.1.row.10.cell.3.p.1" xml:lang="nl" rend="font-size: 9.5; text-align: right; line-height: 10.5pt" xmlns="http://www.tei-c.org/ns/1.0">64<lb/></p></cell><cell xml:id="INT_c709a574-9495-3938-be69-d6d59b8e0301.TEI.1.text.1.body.1.div.1.table.1.row.10.cell.4"><p xml:id="INT_c709a574-9495-3938-be69-d6d59b8e0301.TEI.1.text.1.body.1.div.1.table.1.row.10.cell.4.p.1" xml:lang="nl" rend="font-size: 9.5; line-height: 10.5pt" xmlns="http://www.tei-c.org/ns/1.0">145<lb/></p></cell><cell xml:id="INT_c709a574-9495-3938-be69-d6d59b8e0301.TEI.1.text.1.body.1.div.1.table.1.row.10.cell.5"><p xml:id="INT_c709a574-9495-3938-be69-d6d59b8e0301.TEI.1.text.1.body.1.div.1.table.1.row.10.cell.5.p.1" xml:lang="nl" rend="font-size: 9.5; line-height: 10.5pt" xmlns="http://www.tei-c.org/ns/1.0">14<lb/></p></cell><cell xml:id="INT_c709a574-9495-3938-be69-d6d59b8e0301.TEI.1.text.1.body.1.div.1.table.1.row.10.cell.6"><p xml:id="INT_c709a574-9495-3938-be69-d6d59b8e0301.TEI.1.text.1.body.1.div.1.table.1.row.10.cell.6.p.1" xml:lang="nl" rend="font-size: 9.5; line-height: 10.5pt" xmlns="http://www.tei-c.org/ns/1.0">9<lb/></p></cell></row><row xml:id="INT_c709a574-9495-3938-be69-d6d59b8e0301.TEI.1.text.1.body.1.div.1.table.1.row.11"><cell xml:id="INT_c709a574-9495-3938-be69-d6d59b8e0301.TEI.1.text.1.body.1.div.1.table.1.row.11.cell.1"><p xml:id="INT_c709a574-9495-3938-be69-d6d59b8e0301.TEI.1.text.1.body.1.div.1.table.1.row.11.cell.1.p.1" rend="line-height:-0.01pt" xmlns="http://www.tei-c.org/ns/1.0"/></cell><cell xml:id="INT_c709a574-9495-3938-be69-d6d59b8e0301.TEI.1.text.1.body.1.div.1.table.1.row.11.cell.2"><note xml:id="INT_c709a574-9495-3938-be69-d6d59b8e0301.TEI.1.text.1.body.1.div.1.table.1.row.11.cell.2.note.1" xml:lang="nl" rend="font-size: 9.5; line-height: 10.5pt" xmlns="http://www.tei-c.org/ns/1.0">/:<lb/></note></cell><cell xml:id="INT_c709a574-9495-3938-be69-d6d59b8e0301.TEI.1.text.1.body.1.div.1.table.1.row.11.cell.3"><note xml:id="INT_c709a574-9495-3938-be69-d6d59b8e0301.TEI.1.text.1.body.1.div.1.table.1.row.11.cell.3.note.1" xml:lang="nl" rend="font-size: 9.5; text-align: right; line-height: 10.5pt" xmlns="http://www.tei-c.org/ns/1.0">L 109<lb/></note></cell><cell xml:id="INT_c709a574-9495-3938-be69-d6d59b8e0301.TEI.1.text.1.body.1.div.1.table.1.row.11.cell.4"><p xml:id="INT_c709a574-9495-3938-be69-d6d59b8e0301.TEI.1.text.1.body.1.div.1.table.1.row.11.cell.4.p.1" xml:lang="nl" rend="font-size: 9.5; line-height: 10.5pt" xmlns="http://www.tei-c.org/ns/1.0">278<lb/></p></cell><cell xml:id="INT_c709a574-9495-3938-be69-d6d59b8e0301.TEI.1.text.1.body.1.div.1.table.1.row.11.cell.5"><p xml:id="INT_c709a574-9495-3938-be69-d6d59b8e0301.TEI.1.text.1.body.1.div.1.table.1.row.11.cell.5.p.1" xml:lang="nl" rend="font-size: 9.5; line-height: 10.5pt" xmlns="http://www.tei-c.org/ns/1.0">13<lb/></p></cell><cell xml:id="INT_c709a574-9495-3938-be69-d6d59b8e0301.TEI.1.text.1.body.1.div.1.table.1.row.11.cell.6"><p xml:id="INT_c709a574-9495-3938-be69-d6d59b8e0301.TEI.1.text.1.body.1.div.1.table.1.row.11.cell.6.p.1" xml:lang="nl" rend="font-size: 9.5; line-height: 10.5pt" xmlns="http://www.tei-c.org/ns/1.0">14<lb/></p></cell></row><row xml:id="INT_c709a574-9495-3938-be69-d6d59b8e0301.TEI.1.text.1.body.1.div.1.table.1.row.12"><cell xml:id="INT_c709a574-9495-3938-be69-d6d59b8e0301.TEI.1.text.1.body.1.div.1.table.1.row.12.cell.1"><note xml:id="INT_c709a574-9495-3938-be69-d6d59b8e0301.TEI.1.text.1.body.1.div.1.table.1.row.12.cell.1.note.1" xml:lang="nl" rend="font-size: 9.5; text-align: justify; line-height: 10.5pt" xmlns="http://www.tei-c.org/ns/1.0">Item bij calcula ten comptoire Atchin, van<lb/></note></cell><cell xml:id="INT_c709a574-9495-3938-be69-d6d59b8e0301.TEI.1.text.1.body.1.div.1.table.1.row.12.cell.2"><p xml:id="INT_c709a574-9495-3938-be69-d6d59b8e0301.TEI.1.text.1.body.1.div.1.table.1.row.12.cell.2.p.1" rend="line-height:-0.01pt" xmlns="http://www.tei-c.org/ns/1.0"/></cell><cell xml:id="INT_c709a574-9495-3938-be69-d6d59b8e0301.TEI.1.text.1.body.1.div.1.table.1.row.12.cell.3"><p xml:id="INT_c709a574-9495-3938-be69-d6d59b8e0301.TEI.1.text.1.body.1.div.1.table.1.row.12.cell.3.p.1" rend="line-height:-0.01pt" xmlns="http://www.tei-c.org/ns/1.0"/></cell><cell xml:id="INT_c709a574-9495-3938-be69-d6d59b8e0301.TEI.1.text.1.body.1.div.1.table.1.row.12.cell.4"><p xml:id="INT_c709a574-9495-3938-be69-d6d59b8e0301.TEI.1.text.1.body.1.div.1.table.1.row.12.cell.4.p.1" rend="line-height:-0.01pt" xmlns="http://www.tei-c.org/ns/1.0"/></cell><cell xml:id="INT_c709a574-9495-3938-be69-d6d59b8e0301.TEI.1.text.1.body.1.div.1.table.1.row.12.cell.5"><p xml:id="INT_c709a574-9495-3938-be69-d6d59b8e0301.TEI.1.text.1.body.1.div.1.table.1.row.12.cell.5.p.1" rend="line-height:-0.01pt" xmlns="http://www.tei-c.org/ns/1.0"/></cell><cell xml:id="INT_c709a574-9495-3938-be69-d6d59b8e0301.TEI.1.text.1.body.1.div.1.table.1.row.12.cell.6"><p xml:id="INT_c709a574-9495-3938-be69-d6d59b8e0301.TEI.1.text.1.body.1.div.1.table.1.row.12.cell.6.p.1" rend="line-height:-0.01pt" xmlns="http://www.tei-c.org/ns/1.0"/></cell></row><row xml:id="INT_c709a574-9495-3938-be69-d6d59b8e0301.TEI.1.text.1.body.1.div.1.table.1.row.13"><cell xml:id="INT_c709a574-9495-3938-be69-d6d59b8e0301.TEI.1.text.1.body.1.div.1.table.1.row.13.cell.1"><note xml:id="INT_c709a574-9495-3938-be69-d6d59b8e0301.TEI.1.text.1.body.1.div.1.table.1.row.13.cell.1.note.1" xml:lang="nl" rend="font-size: 9.5; text-align: justify; line-height: 10.5pt; margin-left: 2100" xmlns="http://www.tei-c.org/ns/1.0">waer gene boecken becomen hebben.<lb/></note></cell><cell xml:id="INT_c709a574-9495-3938-be69-d6d59b8e0301.TEI.1.text.1.body.1.div.1.table.1.row.13.cell.2"><p xml:id="INT_c709a574-9495-3938-be69-d6d59b8e0301.TEI.1.text.1.body.1.div.1.table.1.row.13.cell.2.p.1" rend="line-height:-0.01pt" xmlns="http://www.tei-c.org/ns/1.0"/></cell><cell xml:id="INT_c709a574-9495-3938-be69-d6d59b8e0301.TEI.1.text.1.body.1.div.1.table.1.row.13.cell.3"><p xml:id="INT_c709a574-9495-3938-be69-d6d59b8e0301.TEI.1.text.1.body.1.div.1.table.1.row.13.cell.3.p.1" rend="line-height:-0.01pt" xmlns="http://www.tei-c.org/ns/1.0"/></cell><cell xml:id="INT_c709a574-9495-3938-be69-d6d59b8e0301.TEI.1.text.1.body.1.div.1.table.1.row.13.cell.4"><p xml:id="INT_c709a574-9495-3938-be69-d6d59b8e0301.TEI.1.text.1.body.1.div.1.table.1.row.13.cell.4.p.1" rend="line-height:-0.01pt" xmlns="http://www.tei-c.org/ns/1.0"/></cell><cell xml:id="INT_c709a574-9495-3938-be69-d6d59b8e0301.TEI.1.text.1.body.1.div.1.table.1.row.13.cell.5"><p xml:id="INT_c709a574-9495-3938-be69-d6d59b8e0301.TEI.1.text.1.body.1.div.1.table.1.row.13.cell.5.p.1" rend="line-height:-0.01pt" xmlns="http://www.tei-c.org/ns/1.0"/></cell><cell xml:id="INT_c709a574-9495-3938-be69-d6d59b8e0301.TEI.1.text.1.body.1.div.1.table.1.row.13.cell.6"><p xml:id="INT_c709a574-9495-3938-be69-d6d59b8e0301.TEI.1.text.1.body.1.div.1.table.1.row.13.cell.6.p.1" rend="line-height:-0.01pt" xmlns="http://www.tei-c.org/ns/1.0"/></cell></row><row xml:id="INT_c709a574-9495-3938-be69-d6d59b8e0301.TEI.1.text.1.body.1.div.1.table.1.row.14"><cell xml:id="INT_c709a574-9495-3938-be69-d6d59b8e0301.TEI.1.text.1.body.1.div.1.table.1.row.14.cell.1"><note xml:id="INT_c709a574-9495-3938-be69-d6d59b8e0301.TEI.1.text.1.body.1.div.1.table.1.row.14.cell.1.note.1" xml:lang="nl" rend="font-size: 9.5; text-align: justify; line-height: 10.5pt; margin-left: 2100" xmlns="http://www.tei-c.org/ns/1.0">meer verteert als gewonnen .<lb/></note></cell><cell xml:id="INT_c709a574-9495-3938-be69-d6d59b8e0301.TEI.1.text.1.body.1.div.1.table.1.row.14.cell.2"><note xml:id="INT_c709a574-9495-3938-be69-d6d59b8e0301.TEI.1.text.1.body.1.div.1.table.1.row.14.cell.2.note.1" xml:lang="nl" rend="font-size: 4; font-style: italic; letter-spacing: 0.5pt; line-height: 4.4pt" xmlns="http://www.tei-c.org/ns/1.0">&gt;)<lb/></note></cell><cell xml:id="INT_c709a574-9495-3938-be69-d6d59b8e0301.TEI.1.text.1.body.1.div.1.table.1.row.14.cell.3"><p xml:id="INT_c709a574-9495-3938-be69-d6d59b8e0301.TEI.1.text.1.body.1.div.1.table.1.row.14.cell.3.p.1" xml:lang="nl" rend="font-size: 9.5; text-align: right; line-height: 10.5pt" xmlns="http://www.tei-c.org/ns/1.0">1<lb/></p></cell><cell xml:id="INT_c709a574-9495-3938-be69-d6d59b8e0301.TEI.1.text.1.body.1.div.1.table.1.row.14.cell.4"><fw xml:id="INT_c709a574-9495-3938-be69-d6d59b8e0301.TEI.1.text.1.body.1.div.1.table.1.row.14.cell.4.fw.1" type="bottom-page-number">500</fw></cell><cell xml:id="INT_c709a574-9495-3938-be69-d6d59b8e0301.TEI.1.text.1.body.1.div.1.table.1.row.14.cell.5"><note xml:id="INT_c709a574-9495-3938-be69-d6d59b8e0301.TEI.1.text.1.body.1.div.1.table.1.row.14.cell.5.note.1" xml:lang="nl" rend="font-size: 9.5; line-height: 10.5pt" xmlns="http://www.tei-c.org/ns/1.0">-<lb/></note></cell><cell xml:id="INT_c709a574-9495-3938-be69-d6d59b8e0301.TEI.1.text.1.body.1.div.1.table.1.row.14.cell.6"><note xml:id="INT_c709a574-9495-3938-be69-d6d59b8e0301.TEI.1.text.1.body.1.div.1.table.1.row.14.cell.6.note.1" xml:lang="nl" rend="font-size: 9.5; line-height: 10.5pt" xmlns="http://www.tei-c.org/ns/1.0">-<lb/></note></cell></row></table><note xml:id="INT_c709a574-9495-3938-be69-d6d59b8e0301.TEI.1.text.1.body.1.div.1.note.19" xml:lang="nl" rend="font-size: 9.5; line-height: 10.5pt" xmlns="http://www.tei-c.org/ns/1.0">2 438 367 6 8<lb/></note><pb xml:id="INT_c709a574-9495-3938-be69-d6d59b8e0301.TEI.1.text.1.body.1.div.1.pb.5" n="744" facs="http://resources.huygens.knaw.nl/retroapp/service_generalemissiven/gm_02/images/gm_2_112_0744.tif"/><fw xml:id="INT_c709a574-9495-3938-be69-d6d59b8e0301.TEI.1.text.1.body.1.div.1.fw.6" place="top" type="head" facs="#zone.4041288" xmlns="http://www.tei-c.org/ns/1.0">744 Maetsuyker, Hartzinck, Cunaeus, Verburch, Steur en V. d. Bogaerde II, 6 februari 1654</fw><p xml:id="INT_c709a574-9495-3938-be69-d6d59b8e0301.TEI.1.text.1.body.1.div.1.p.39" xml:lang="nl" rend="font-size: 10; line-height: 11.7pt; margin-left: 2100; text-indent: -21.0pt" xmlns="http://www.tei-c.org/ns/1.0">Voor 121 lasten rijs met de fluyt Maeslt.,<lb/> naer de Molucquos varende, veronge-<lb/></p><p xml:id="INT_c709a574-9495-3938-be69-d6d59b8e0301.TEI.1.text.1.body.1.div.1.p.40" xml:lang="nl" rend="font-size: 10; text-align: justify; line-height: 11.7pt; margin-left: 2100" xmlns="http://www.tei-c.org/ns/1.0">luct . . . ƒ<lb/></p><p xml:id="INT_c709a574-9495-3938-be69-d6d59b8e0301.TEI.1.text.1.body.1.div.1.p.41" xml:lang="nl" rend="font-size: 10; line-height: 11.7pt; margin-left: 2100; text-indent: -21.0pt" xmlns="http://www.tei-c.org/ns/1.0">Voor ’t cargasoen met ’t jacht Batta. op de<lb/> Malabarse cust van eenige rovers besprongen<lb/> en verbrandt . „<lb/></p><p xml:id="INT_c709a574-9495-3938-be69-d6d59b8e0301.TEI.1.text.1.body.1.div.1.p.42" xml:lang="nl" rend="font-size: 10; line-height: 11.7pt; margin-left: 2100; text-indent: -21.0pt" xmlns="http://www.tei-c.org/ns/1.0">Met den Sperwer uyt Tayoan na J appan versonden,<lb/> naer alle apparentie met volck<lb/></p><p xml:id="INT_c709a574-9495-3938-be69-d6d59b8e0301.TEI.1.text.1.body.1.div.1.p.43" xml:lang="nl" rend="font-size: 10; text-align: justify; line-height: 11.7pt; margin-left: 2100" xmlns="http://www.tei-c.org/ns/1.0">en al verloren en gesoncken . „<lb/></p><p xml:id="INT_c709a574-9495-3938-be69-d6d59b8e0301.TEI.1.text.1.body.1.div.1.p.44" xml:lang="nl" rend="margin-left: 2100; margin-right: 1100; line-height: 11.7pt; text-indent: -21.0pt; text-align: justify; font-size: 10" xmlns="http://www.tei-c.org/ns/1.0">Voor ’t cargasoen per de fluyt de Smient,<lb/> van hier naer Tayoan zeylende, door<lb/> storm in zee sonder tijdinge daervan te<lb/></p><p xml:id="INT_c709a574-9495-3938-be69-d6d59b8e0301.TEI.1.text.1.body.1.div.1.p.45" xml:lang="nl" rend="font-size: 10; text-align: justify; line-height: 11.7pt; margin-left: 2100" xmlns="http://www.tei-c.org/ns/1.0">hooren gebleven en verloren . „<lb/></p><p xml:id="INT_c709a574-9495-3938-be69-d6d59b8e0301.TEI.1.text.1.body.1.div.1.p.46" xml:lang="nl" rend="font-size: 10; line-height: 11.7pt" xmlns="http://www.tei-c.org/ns/1.0">Voor premio van spoedige voyagies uyt ’t<lb/></p><p xml:id="INT_c709a574-9495-3938-be69-d6d59b8e0301.TEI.1.text.1.body.1.div.1.p.47" xml:lang="nl" rend="font-size: 10; text-align: justify; line-height: 11.7pt; margin-left: 2100" xmlns="http://www.tei-c.org/ns/1.0">vaderlandt hier betaelt . .<lb/></p><p xml:id="INT_c709a574-9495-3938-be69-d6d59b8e0301.TEI.1.text.1.body.1.div.1.p.48" xml:lang="nl" rend="font-size: 10; line-height: 11.7pt" xmlns="http://www.tei-c.org/ns/1.0">In Persia aen quade schuit gevallen . . . . „<lb/></p><p xml:id="INT_c709a574-9495-3938-be69-d6d59b8e0301.TEI.1.text.1.body.1.div.1.p.49" xml:lang="nl" rend="font-size: 10; line-height: 11.1pt" xmlns="http://www.tei-c.org/ns/1.0">9 27610 -<lb/></p><p xml:id="INT_c709a574-9495-3938-be69-d6d59b8e0301.TEI.1.text.1.body.1.div.1.p.50" xml:lang="nl" rend="font-size: 10; text-align: justify; line-height: 35.1pt" xmlns="http://www.tei-c.org/ns/1.0">92 791 -<lb/></p><p xml:id="INT_c709a574-9495-3938-be69-d6d59b8e0301.TEI.1.text.1.body.1.div.1.p.51" xml:lang="nl" rend="font-size: 10; text-align: justify; line-height: 35.1pt" xmlns="http://www.tei-c.org/ns/1.0">38 819 14 15<lb/></p><p xml:id="INT_c709a574-9495-3938-be69-d6d59b8e0301.TEI.1.text.1.body.1.div.1.p.52" xml:lang="nl" rend="font-size: 10; text-align: right; line-height: 11.1pt" xmlns="http://www.tei-c.org/ns/1.0">71 750 16 4<lb/></p><p xml:id="INT_c709a574-9495-3938-be69-d6d59b8e0301.TEI.1.text.1.body.1.div.1.p.53" xml:lang="nl" rend="font-size: 10; text-align: right; line-height: 11.7pt" xmlns="http://www.tei-c.org/ns/1.0">7 084 10 12<lb/> 340 8 -<lb/></p><p xml:id="INT_c709a574-9495-3938-be69-d6d59b8e0301.TEI.1.text.1.body.1.div.1.p.54" xml:lang="nl" rend="font-size: 10; line-height: 11.1pt" xmlns="http://www.tei-c.org/ns/1.0">Soodat de progressen en suvere winsten 1653 in India sijn . . .<lb/></p><p xml:id="INT_c709a574-9495-3938-be69-d6d59b8e0301.TEI.1.text.1.body.1.div.1.p.55" xml:lang="nl" rend="font-size: 10; line-height: 11.7pt; margin-left: 2100; text-indent: -21.0pt" xmlns="http://www.tei-c.org/ns/1.0">Hiertoe tgene desen jare uyt d’gearriveerde schepen van<lb/> Nederlandt voor overich scheepsgelt als anders is ontfangen<lb/> . .<lb/></p><p xml:id="INT_c709a574-9495-3938-be69-d6d59b8e0301.TEI.1.text.1.body.1.div.1.p.56" xml:lang="nl" rend="font-size: 10; line-height: 11.7pt" xmlns="http://www.tei-c.org/ns/1.0">Mitsgaders den caneel van des Keysers van Ceylons debet desen<lb/></p><p xml:id="INT_c709a574-9495-3938-be69-d6d59b8e0301.TEI.1.text.1.body.1.div.1.p.57" xml:lang="nl" rend="font-size: 10; text-align: justify; line-height: 11.7pt; margin-left: 2100" xmlns="http://www.tei-c.org/ns/1.0">jare ontfangen ende af geschreven . .<lb/></p><p xml:id="INT_c709a574-9495-3938-be69-d6d59b8e0301.TEI.1.text.1.body.1.div.1.p.58" xml:lang="nl" rend="font-size: 10; line-height: 11.7pt" xmlns="http://www.tei-c.org/ns/1.0">In Banda, Amboina, de Moluccus, Bengale, Ceylon, Souratta,<lb/> Malacca, Tayoan ende op Batavia contant van verscheyde<lb/> overledenen ten dienste van de Comp.e aengenomen . . ,<lb/> Op Malacca voor 2 metale stucken geschuts, bij den Coninck<lb/> van Queda als geweldelijck, doen den commisss. Truytman<lb/> in sijn gevanckenisse hadt, van ’t jacht den Saphier doen<lb/> aen land brengen en in reecq.e daervooren laten valideren<lb/> Voor 29 ijssere stucken geschuts in Suratta bij vercoop aen den<lb/> gouverneur voor des Mogols schepen geprocedeert . . . ,<lb/> Item tgeene den verleden jare op den peper, met ’t schip de<lb/> Peerl van Jamby ontfangen, door abuys in de become<lb/> facture hier oock ten laste van de Generale Comp.e op de<lb/> peper met genoemde schip de Peerl en den Walvisch, naer<lb/></p><p xml:id="INT_c709a574-9495-3938-be69-d6d59b8e0301.TEI.1.text.1.body.1.div.1.p.59" xml:lang="nl" rend="font-size: 10; text-align: justify; line-height: 11.7pt; margin-left: 2100" xmlns="http://www.tei-c.org/ns/1.0">’t patria gesonden, te veel is in reecq.e gebracht . .<lb/></p><p xml:id="INT_c709a574-9495-3938-be69-d6d59b8e0301.TEI.1.text.1.body.1.div.1.p.60" xml:lang="nl" rend="font-size: 10; text-align: right; line-height: 11.7pt; margin-right: 8400" xmlns="http://www.tei-c.org/ns/1.0">Item r.a 200 anno 1651 in Tayoan door ’t collegie van schepenen<lb/> op wissel getelt om me in Hollandt voor hun te laten in<lb/></p><p xml:id="INT_c709a574-9495-3938-be69-d6d59b8e0301.TEI.1.text.1.body.1.div.1.p.61" xml:lang="nl" rend="font-size: 10; text-align: justify; line-height: 11.7pt; margin-left: 2100" xmlns="http://www.tei-c.org/ns/1.0">boeken besteden . .<lb/></p><p xml:id="INT_c709a574-9495-3938-be69-d6d59b8e0301.TEI.1.text.1.body.1.div.1.p.62" xml:lang="nl" rend="font-size: 10; text-align: right; line-height: 11.7pt; margin-right: 8400" xmlns="http://www.tei-c.org/ns/1.0">Voor ’t secours desen jare met 17 schepen uyt Neerlandt ontfangen,<lb/> ontstaende uyt comptant . . ƒ 209 625 - -<lb/></p><p xml:id="INT_c709a574-9495-3938-be69-d6d59b8e0301.TEI.1.text.1.body.1.div.1.p.63" xml:lang="nl" rend="font-size: 10; text-align: justify; line-height: 11.1pt" xmlns="http://www.tei-c.org/ns/1.0">Coopmanschappen . „ 508 074 14 6<lb/></p><p xml:id="INT_c709a574-9495-3938-be69-d6d59b8e0301.TEI.1.text.1.body.1.div.1.p.64" xml:lang="nl" rend="font-size: 10; text-align: justify; line-height: 11.1pt" xmlns="http://www.tei-c.org/ns/1.0">Diverse provisiën als anders . „ 291 832 10 8<lb/></p><p xml:id="INT_c709a574-9495-3938-be69-d6d59b8e0301.TEI.1.text.1.body.1.div.1.p.65" xml:lang="nl" rend="font-size: 6.5; text-align: justify" xmlns="http://www.tei-c.org/ns/1.0">»<lb/></p><p xml:id="INT_c709a574-9495-3938-be69-d6d59b8e0301.TEI.1.text.1.body.1.div.1.p.66" xml:lang="nl" rend="font-size: 10; text-align: right; line-height: 24.6pt" xmlns="http://www.tei-c.org/ns/1.0">1 330 841 13 13<lb/><hi rend="font-size:12; font-family:Liberation Sans; font-style:italic" xml:lang="nl">f</hi> 1 107 525 12 11<lb/></p><p xml:id="INT_c709a574-9495-3938-be69-d6d59b8e0301.TEI.1.text.1.body.1.div.1.p.67" xml:lang="nl" rend="font-size: 10; text-align: right; line-height: 23.7pt" xmlns="http://www.tei-c.org/ns/1.0">6 601 8 14<lb/> 69 133 7 -<lb/></p><p xml:id="INT_c709a574-9495-3938-be69-d6d59b8e0301.TEI.1.text.1.body.1.div.1.p.68" xml:lang="nl" rend="font-size: 10; text-align: right; line-height: 11.1pt" xmlns="http://www.tei-c.org/ns/1.0">68 217 3 12<lb/></p><p xml:id="INT_c709a574-9495-3938-be69-d6d59b8e0301.TEI.1.text.1.body.1.div.1.p.69" xml:lang="nl" rend="font-size: 10; text-align: justify; line-height: 11.1pt; margin-left: 2200" xmlns="http://www.tei-c.org/ns/1.0">10 200 -<lb/></p><p xml:id="INT_c709a574-9495-3938-be69-d6d59b8e0301.TEI.1.text.1.body.1.div.1.p.70" xml:lang="nl" rend="font-size: 10; text-align: right; line-height: 11.1pt" xmlns="http://www.tei-c.org/ns/1.0">29 194 5 8<lb/></p><p xml:id="INT_c709a574-9495-3938-be69-d6d59b8e0301.TEI.1.text.1.body.1.div.1.p.71" xml:lang="nl" rend="font-size: 10; text-align: right; line-height: 11.1pt" xmlns="http://www.tei-c.org/ns/1.0">5 207 12 7<lb/></p><p xml:id="INT_c709a574-9495-3938-be69-d6d59b8e0301.TEI.1.text.1.body.1.div.1.p.72" xml:lang="nl" rend="font-size: 10; text-align: justify; line-height: 11.1pt; margin-left: 3400" xmlns="http://www.tei-c.org/ns/1.0">510 -<lb/></p><p xml:id="INT_c709a574-9495-3938-be69-d6d59b8e0301.TEI.1.text.1.body.1.div.1.p.73" xml:lang="nl" rend="font-size: 10; text-align: right; line-height: 11.1pt" xmlns="http://www.tei-c.org/ns/1.0">1009 532 4 14<lb/></p><pb xml:id="INT_c709a574-9495-3938-be69-d6d59b8e0301.TEI.1.text.1.body.1.div.1.pb.6" n="745" facs="http://resources.huygens.knaw.nl/retroapp/service_generalemissiven/gm_02/images/gm_2_112_0745.tif"/><fw xml:id="INT_c709a574-9495-3938-be69-d6d59b8e0301.TEI.1.text.1.body.1.div.1.fw.7" place="top" type="head" facs="#zone.4042865" xmlns="http://www.tei-c.org/ns/1.0">Maetsuyker, Hartzinck, Cunaeus, Verburch, Steur en Y. d. Bogaerde II, 6 februari 1654 745</fw><fw xml:id="INT_c709a574-9495-3938-be69-d6d59b8e0301.TEI.1.text.1.body.1.div.1.fw.8" place="top" type="head" facs="#zone.4042882" xmlns="http://www.tei-c.org/ns/1.0">Ende d’effecten van verleden jare conform den staet ende cal¬culatie, 17 december anno 1652 gemaect, beloopen . . .Waertoe nu op wissel ontfangen is r. 126 490 .</fw><p xml:id="INT_c709a574-9495-3938-be69-d6d59b8e0301.TEI.1.text.1.body.1.div.1.p.74" xml:lang="nl" rend="margin-left: 2200; margin-right: 16400; line-height: 11.7pt; text-indent: -22.0pt; text-align: justify; font-size: 10" xmlns="http://www.tei-c.org/ns/1.0">Hiertegens moet wederom afgetrocken werden,<lb/> tgunt bij de commissie van den<lb/> heer ambassadeur Cuneus aen den Coninck<lb/> van Persia in Espahan in betalinge<lb/> van voor dese ontfange ende niet betaelde<lb/> sijde is moeten werden gerestitu-<lb/></p><p xml:id="INT_c709a574-9495-3938-be69-d6d59b8e0301.TEI.1.text.1.body.1.div.1.p.75" xml:lang="nl" rend="font-size: 10; text-align: justify; line-height: 11.7pt; margin-left: 2200" xmlns="http://www.tei-c.org/ns/1.0">eert . ƒ 139 017 4 -<lb/></p><p xml:id="INT_c709a574-9495-3938-be69-d6d59b8e0301.TEI.1.text.1.body.1.div.1.p.76" xml:lang="nl" rend="margin-left: 2200; margin-right: 16400; line-height: 11.7pt; text-indent: -22.0pt; text-align: justify; font-size: 10" xmlns="http://www.tei-c.org/ns/1.0">Item sooveel voor de naergelaten overledenens<lb/> middelen in Amboina 20 october<lb/> 1653 de Comp.e in de generale boecken<lb/></p><p xml:id="INT_c709a574-9495-3938-be69-d6d59b8e0301.TEI.1.text.1.body.1.div.1.p.77" xml:lang="nl" rend="font-size: 10; text-align: justify; line-height: 11.7pt; margin-left: 2200" xmlns="http://www.tei-c.org/ns/1.0">is te veel gecreditt . „ 303 9 -<lb/></p><p xml:id="INT_c709a574-9495-3938-be69-d6d59b8e0301.TEI.1.text.1.body.1.div.1.p.78" xml:lang="nl" rend="margin-left: 2200; margin-right: 16400; line-height: 11.7pt; text-indent: -22.0pt; text-align: justify; font-size: 10" xmlns="http://www.tei-c.org/ns/1.0">Oock tgeen op den peper, p.r ’t schip Banda<lb/> a.° 1652 van Indrapoura ontfangen en<lb/> met de schepen Malacca ende Princes<lb/> Royael nae ’t vaderlandt gesonden, te<lb/></p><p xml:id="INT_c709a574-9495-3938-be69-d6d59b8e0301.TEI.1.text.1.body.1.div.1.p.79" xml:lang="nl" rend="font-size: 10; text-align: justify; line-height: 11.7pt; margin-left: 2200" xmlns="http://www.tei-c.org/ns/1.0">weynich in factura gebracht . „ 14 597 12 6<lb/></p><p xml:id="INT_c709a574-9495-3938-be69-d6d59b8e0301.TEI.1.text.1.body.1.div.1.p.80" xml:lang="nl" rend="margin-left: 2200; margin-right: 16400; line-height: 11.7pt; text-indent: -22.0pt; text-align: justify; font-size: 10" xmlns="http://www.tei-c.org/ns/1.0">Mitsgaders ’t retour met de schepen Phoenicx,<lb/> Salmander, Orangie, Prins Wilhem,<lb/> N. -Rotterdam, de jachten Avontsterre<lb/> ende de Leeuwinne ende ’t fluytschip<lb/> de Coninck Bavidt naer ’t patria<lb/> desen jare gesonden, bedragende tesamen<lb/> . „ 1 770 429 4 3<lb/></p><p xml:id="INT_c709a574-9495-3938-be69-d6d59b8e0301.TEI.1.text.1.body.1.div.1.p.81" xml:lang="nl" rend="font-size: 9; text-align: justify; line-height: 12.0pt" xmlns="http://www.tei-c.org/ns/1.0"><hi rend="font-size:10; font-family:Liberation Serif" xml:lang="nl">Sulcx de reële effecten in India van a.° 1654 belopen . . .</hi><lb/>Fol. 383r— 385r.<lb/></p><note xml:id="INT_c709a574-9495-3938-be69-d6d59b8e0301.TEI.1.text.1.body.1.div.1.note.20" xml:lang="nl" place="inline" type="editorial-summary" resp="editor" rend="font-style: italic; margin-left: 2200; line-height: 11.1pt; text-align: justify; font-size: 10" xmlns="http://www.tei-c.org/ns/1.0">(Nog voor f. 9097.15.4 aan wissels op patria af gegeven).<lb/></note><p xml:id="INT_c709a574-9495-3938-be69-d6d59b8e0301.TEI.1.text.1.body.1.div.1.p.82" xml:lang="nl" rend="font-size: 10; text-align: justify; line-height: 12.0pt" xmlns="http://www.tei-c.org/ns/1.0"><hi rend="font-size:10; font-family:Liberation Serif; font-style:italic" xml:lang="nl">f</hi> 11 932 065 1010<lb/> „ 322 549 10 -<lb/></p><p xml:id="INT_c709a574-9495-3938-be69-d6d59b8e0301.TEI.1.text.1.body.1.div.1.p.83" xml:lang="nl" rend="font-size: 10; line-height: 11.1pt" xmlns="http://www.tei-c.org/ns/1.0">ƒ 14 560 736 15 12<lb/></p><p xml:id="INT_c709a574-9495-3938-be69-d6d59b8e0301.TEI.1.text.1.body.1.div.1.p.84" xml:lang="nl" rend="font-size: 10; text-align: right; line-height: 11.1pt" xmlns="http://www.tei-c.org/ns/1.0">„ 1924 347 9 9<lb/></p><p xml:id="INT_c709a574-9495-3938-be69-d6d59b8e0301.TEI.1.text.1.body.1.div.1.p.85" xml:lang="nl" rend="font-size: 10; line-height: 11.1pt" xmlns="http://www.tei-c.org/ns/1.0">ƒ 12 636 389 6 3<lb/></p>
            
      </div>
                  </body>
                </text>
              </TEI>