<TEI xml:id="INT_b2067a4a-5d46-32ea-8a8c-a9d7dc012f73" xmlns="http://www.tei-c.org/ns/1.0">
                <teiHeader>
      <fileDesc>
        <titleStmt>
          <title>Reniers, Maetsuycker, Demmer, Cunaeus, Versteghen, De With en Steur, 10 febr. 1651</title>
        </titleStmt>
        <publicationStmt>
          <p>
            <date>10 febr. 1651</date>
            <idno type="sourceID">missiven:vol2</idno>
            <idno type="pid">INT_b2067a4a-5d46-32ea-8a8c-a9d7dc012f73</idno>
          </p>
        </publicationStmt>
        <notesStmt>
          <note/>
        </notesStmt>
        <sourceDesc>
          <listBibl xml:id="inlMetadata">
            <bibl type="missive">
        <interpGrp type="page"><interp>476</interp></interpGrp>
        
      <interpGrp type="titleLevel1"><interp>Reniers, Maetsuycker, Demmer, Cunaeus, Versteghen, De With en Steur, 10 febr. 1651</interp></interpGrp>
      <interpGrp type="dateLevel1"><interp>10 febr. 1651</interp></interpGrp>
        <interpGrp type="tocLevel"><interp>1</interp></interpGrp>
      <interpGrp type="volume"><interp>2</interp></interpGrp>
        <interpGrp type="n"><interp>III</interp></interpGrp>
      
      <interpGrp type="witnessYearLevel1_from"><interp>1651</interp></interpGrp>
      <interpGrp type="witnessYearLevel1_to"><interp>1651</interp></interpGrp>
      <interpGrp type="witnessMonthLevel1_to"><interp>2</interp></interpGrp>
      <interpGrp type="witnessMonthLevel1_from"><interp>2</interp></interpGrp>
      <interpGrp type="witnessDayLevel1_to"><interp>10</interp></interpGrp>
      <interpGrp type="witnessDayLevel1_from"><interp>10</interp></interpGrp>
      <interpGrp type="authorLevel1"><interp>Reniers</interp><interp>Maetsuycker</interp><interp>Demmer</interp><interp>Cunaeus</interp><interp>Versteghen</interp><interp>De With</interp><interp>Steur</interp></interpGrp>
      <interpGrp type="pid"><interp>INT_b2067a4a-5d46-32ea-8a8c-a9d7dc012f73</interp></interpGrp>
    </bibl>
          </listBibl>
        </sourceDesc>
      </fileDesc>
    </teiHeader>
                <text xml:id="INT_b2067a4a-5d46-32ea-8a8c-a9d7dc012f73.TEI.1.text.1">
                  <body xml:id="INT_b2067a4a-5d46-32ea-8a8c-a9d7dc012f73.TEI.1.text.1.body.1">
                    <div xml:id="INT_b2067a4a-5d46-32ea-8a8c-a9d7dc012f73.TEI.1.text.1.body.1.div.1">
        
              <pb xml:id="INT_b2067a4a-5d46-32ea-8a8c-a9d7dc012f73.TEI.1.text.1.body.1.div.1.pb.1" n="476" facs="http://resources.huygens.knaw.nl/retroapp/service_generalemissiven/gm_02/images/gm_2_112_0476.tif"/><fw xml:id="INT_b2067a4a-5d46-32ea-8a8c-a9d7dc012f73.TEI.1.text.1.body.1.div.1.fw.1" place="top" type="head" facs="#zone.6683125" xmlns="http://www.tei-c.org/ns/1.0">476 Reniers, Maetsuyker, Demmer, Cunaeus, Versteghen, De With en Steur III, 10 feb. 1651</fw><head xml:id="INT_b2067a4a-5d46-32ea-8a8c-a9d7dc012f73.TEI.1.text.1.body.1.div.1.head.1" xml:lang="nl" rend="font-size: 10; text-align: justify; line-height: 11.7pt" xmlns="http://www.tei-c.org/ns/1.0">III. CAREL RENIERS, JOAN MAETSUYKER, GERARD DEMMER,<lb/> JOAN CUNAEUS, WILHEM VERSTEGHEN, JACOB DE WITH EN DIRCK<lb/> JANSZ. STEUR, BATAVIA 10 februari 1651.<lb/></head><p xml:id="INT_b2067a4a-5d46-32ea-8a8c-a9d7dc012f73.TEI.1.text.1.body.1.div.1.p.1" xml:lang="nl" rend="font-size: 9; text-align: justify; line-height: 10.0pt" xmlns="http://www.tei-c.org/ns/1.0">1072 bis, fol. 883-888.<lb/></p><p xml:id="INT_b2067a4a-5d46-32ea-8a8c-a9d7dc012f73.TEI.1.text.1.body.1.div.1.p.2" resp="int_paragraph_joining" rend="">
              In onse jongste is onder anderen gementioneert, hoe den E. Fran^is Caron,<lb xmlns="http://www.tei-c.org/ns/1.0"/> kennisse bekomen hebbende, van hetgeen in onse voorige, Sijn E. toecherende,<lb xmlns="http://www.tei-c.org/ns/1.0"/> geschreven hebben aengaende het graven van de gracht van dese stadtsmuyren<lb xmlns="http://www.tei-c.org/ns/1.0"/> tot in de revier Anchol (welck graven ongeveer de 14 maenden continueerlijck<lb xmlns="http://www.tei-c.org/ns/1.0"/> geduert heeft), namentlijck dat Comp.8 volck, soo lijffeygenen als matroosen, daer<lb xmlns="http://www.tei-c.org/ns/1.0"/> het minste niet toe hebben gecontribueert, hem daerbij gegraveert gevonden ende<lb xmlns="http://www.tei-c.org/ns/1.0"/> bij requeste daegs voor het affveerdigen der scheepen aen ons versocht hadt van<lb xmlns="http://www.tei-c.org/ns/1.0"/> die blame gepurgeert te worden, het contrarie met bijgevoechde attestatiën trachtende<lb xmlns="http://www.tei-c.org/ns/1.0"/> te bewijsen, omme welcke saecke nae behooren te examineren doenmaels de<lb xmlns="http://www.tei-c.org/ns/1.0"/> tijt te cort was, off soude de schepen daarnae hebben moeten ophouden, nae ’t<lb xmlns="http://www.tei-c.org/ns/1.0"/> vertreck van welcke hetselve dan is bij der handt genomen, bij nevensgaende<lb xmlns="http://www.tei-c.org/ns/1.0"/> informatie blijckende, uyt welcke U Ed. gelieven te oordeelen, off wij fondament<lb xmlns="http://www.tei-c.org/ns/1.0"/> gehadt hebben om sulcx te schrijven ofte niet ende off Sijn E. in ’t beleggen van<lb xmlns="http://www.tei-c.org/ns/1.0"/> sijne getuygenissen al goede trouwe gebruyct heeft, capterende om U Ed. te<lb xmlns="http://www.tei-c.org/ns/1.0"/> abuseren het woort graven al eveneens, off het slechten van de opgeworpen aerde,<lb xmlns="http://www.tei-c.org/ns/1.0"/> het uytmaalen van ’t waater ende andere diensten daer niet onder waeren begreepen<lb xmlns="http://www.tei-c.org/ns/1.0"/> ende alsoff het d’E. Comp.e niet evenveel was, tot wat wercken haer volcq bij<lb xmlns="http://www.tei-c.org/ns/1.0"/> particulieren wert gebruyct, behalven dat het gantsche werck sich selven tegenspreect.<lb xmlns="http://www.tei-c.org/ns/1.0"/> De 24 lijffeygenen, in de attestatiën vermeit, sijn nae Sijn E. eygen seggen<lb xmlns="http://www.tei-c.org/ns/1.0"/> voor dato Comp.8 lijffeygenen geweest. Sij waeren doentertijt noch in Comp.8<lb xmlns="http://www.tei-c.org/ns/1.0"/> quartier onder de andere slaven gelogeert, sij aten uyt Comp.8 rijskeetel soowel als<lb xmlns="http://www.tei-c.org/ns/1.0"/> andere ; sij wierden van een mandadoor ofte bevelhebber gecommandeert, die selve<lb xmlns="http://www.tei-c.org/ns/1.0"/> niet beeter wist, off het was Comp.8 volck; sij wierden van tijt tot tijt, sieck ofte<lb xmlns="http://www.tei-c.org/ns/1.0"/> impotent werdende, tegens anderen gewisselt. Wie sal anders konnen seggen off<lb xmlns="http://www.tei-c.org/ns/1.0"/> dencken, off het sijn Comp.8 lijffeygenen geweest? Want te seggen, dat Sijn E.<lb xmlns="http://www.tei-c.org/ns/1.0"/> met de cap.n Silvemagel ontrent dien tijt getal slaven van de Comp.e hebben<lb xmlns="http://www.tei-c.org/ns/1.0"/> gecocht, en can de saecke onses oordeels niet goetmaecken, alsoo daeruyt niet en<lb xmlns="http://www.tei-c.org/ns/1.0"/> blijckt, dat het juyst die slaven sijn geweest, naedien Sijn E. op die tijt verscheyde<lb xmlns="http://www.tei-c.org/ns/1.0"/> andere thuynen ende wercken onder handen heeft gehadt, daer groote meenichte<lb xmlns="http://www.tei-c.org/ns/1.0"/> van menschen in waeren arbeydende, oock doorgaens soo voor als na veele slaven<lb xmlns="http://www.tei-c.org/ns/1.0"/> van de Comp.e heeft gecocht niet seer tot haer voordeel. Ende en wort oock de<lb xmlns="http://www.tei-c.org/ns/1.0"/> saecke niet gepurgeert, mitsdien naderhandt eenige lasten rijs in Comp.8 magasijn<lb xmlns="http://www.tei-c.org/ns/1.0"/> gelevert sijn tot vergoedinge quansuys van den rijs, die de voorsz. slaven in Comp.8<lb xmlns="http://www.tei-c.org/ns/1.0"/> quartier hadden gegeten, naedemael hetselve niet en sij geschiet dan langen tijt<lb xmlns="http://www.tei-c.org/ns/1.0"/> daernae ende dat door den e. Johan Cuneus, dier tijt baljouw, ende gecommitteerde<lb xmlns="http://www.tei-c.org/ns/1.0"/> scheepenen al gedivulgeert was, dat, de voorsz. gracht visiterende, daer soo veel<lb xmlns="http://www.tei-c.org/ns/1.0"/> Comp.8 volck volgens seggen van den mandadoor selve aen hadden vinden<lb xmlns="http://www.tei-c.org/ns/1.0"/> arbeyden, sonder hetwelck den voorsz. rijs wellicht noyt in Comp.8 packhuys soude<lb xmlns="http://www.tei-c.org/ns/1.0"/> sijn gekomen; behalven dat hetselve, alles al warachtich sijnde, gelijck daer met<lb xmlns="http://www.tei-c.org/ns/1.0"/> reden seer aan gedubiteert wort, gantsch vuyle practijcken sijn, rechte middelen om<lb xmlns="http://www.tei-c.org/ns/1.0"/> de Comp.e te frauderen, die niemandt sal bij de hant nemen, off sal redenen weeten<lb xmlns="http://www.tei-c.org/ns/1.0"/> waerom. Ende in allen gevalle soo blijct, dat de toepalingh van de mont van de<lb xmlns="http://www.tei-c.org/ns/1.0"/> voorsz. revier Anchiol door Comp.8 gegagieerde dienaren gedaen sij, daer nochtans<lb xmlns="http://www.tei-c.org/ns/1.0"/><pb xml:id="INT_b2067a4a-5d46-32ea-8a8c-a9d7dc012f73.TEI.1.text.1.body.1.div.1.p.2.pb.1" n="477" facs="http://resources.huygens.knaw.nl/retroapp/service_generalemissiven/gm_02/images/gm_2_112_0477.tif"/><fw xml:id="INT_b2067a4a-5d46-32ea-8a8c-a9d7dc012f73.TEI.1.text.1.body.1.div.1.p.2.fw.1" place="top" type="head" facs="#zone.6685087" xmlns="http://www.tei-c.org/ns/1.0">Reniers, Maetsuyker, Demmer, Cunaeus, Versteghen, De With en Steur III, 20 feb. 1651 477</fw>bij het octroy, aen Sijn E. ende cap.n Silvernagel sal.r wegen voorsz. vaert verleent,<lb xmlns="http://www.tei-c.org/ns/1.0"/> expres gestipuleert sij, dat hetselve op haer eygen costen moeste geschieden.<lb xmlns="http://www.tei-c.org/ns/1.0"/>
            </p><note xml:id="INT_b2067a4a-5d46-32ea-8a8c-a9d7dc012f73.TEI.1.text.1.body.1.div.1.note.1" xml:lang="nl" place="inline" type="editorial-summary" resp="editor" rend="font-style: italic; line-height: 12.0pt; text-indent: 22.0pt; text-align: justify; font-size: 9" xmlns="http://www.tei-c.org/ns/1.0">(De advocaat-fiscaal Mr. Jacob de Wilt aan een spasmus gestorven; berichten<lb/> van Laurens Pit uit Paleacatte).<lb/></note><p xml:id="INT_b2067a4a-5d46-32ea-8a8c-a9d7dc012f73.TEI.1.text.1.body.1.div.1.p.3" xml:lang="nl" rend="font-size: 10; text-align: justify; line-height: 11.7pt" xmlns="http://www.tei-c.org/ns/1.0"><hi rend="font-size:10; font-family:Liberation Serif; font-style:italic" xml:lang="nl">.</hi> . . onder andere inhondende, hoe sij met de coopluyden, wevers ende schilders<lb/> soo ontrent Paliacatta als Masulipatam contract gemaect hadden wegen de geëyste<lb/> cleeden ende lijwaten, sullende ongeveer bedraagen, het Guinees daer buyten<lb/> gestelt, op hetwelcke geen staet gemaeckt conde werden, ontrent Paliacatta 677 470<lb/> guldens ende in de quartieren van Masulipatam 711 000 guldens, tesamen 1388 470<lb/> guldens, daer verhoopt wiert weynich aen te sullen gebreecken. De reeden, waerom<lb/> op het Guinees geen staet konden werden gemaeckt, was, omdat de Engelsche met<lb/> de komste van haere fluyt de Leeuwinne uyt Europa seer om hetselve waren<lb/> woelende ende dat besij den dien de mirsumela die negotie nevens de groove salempouris<lb/> meer als andere lijwaeten tracht te monopoliseren, hebbende op verscheyde<lb/> plaetsen, daer hetselve is vallende, de arme lieden genouchsaem tegen haer danck<lb/> op leverantie van dien geit opgedrongen om, soo het scheynt, daer alleen meester<lb/> van te worden ende het naderhandt ons ende de meergenoemde vrunden nae sijn<lb/> gelieven aen te smeren, niet min tot nadeel van de gemelte plaetsen en de arme<lb/> ingesetenen, die met de landtsgrooten niet geern te doen hebben, als van de<lb/> Generaele Comp.e streckende, waerom dan de onse daerover schriftelijck gedoleert<lb/> hadden met eerbiedich versoeck hetselve in aenstaende nae te willen laeten om de<lb/> inconveniëntiën, daeruyt voortkomende, waerop noch geen antwoort becomen was;<lb/> maar bleven de onse ondertusschen voornemens bij continuatie van soodanighe<lb/> procedueren liever den handel voor eenigen tijt te staecken dan op die wijse de<lb/> lijwaeten van gemelten heer aen te nemen om het quaet gevolch, dat daeruyt soude<lb/> ontstaen, want denselven, die negotie eens geheel in sijn gewelt gekregen hebbende,<lb/> ons naderhandt nae sijn pijpen soude doen dansen, waerin bijtijts gestut dient, eer<lb/> het te laet wort. Gelijck in onse voorige vermeit, schijnt gemelte heer vremde<lb/> concepten in ’t hooft te hebben, hebbende al voor het vertreck van d’heer Heussen,<lb/> dat ons wonder geeft, sijn e. vergeten heeft bekent te maecken, seker constabel,<lb/> hem van de Comp.e geleent, gesundeert, off hem wel soude laten gebruycken tot<lb/> het bemachtigen van de forten Paliacatta ende Madraspatnam, hetwelck hem<lb/> affgeslagen sijnde, echter sekeren Engelschen renegado affgesonden hadt de<lb/> gemelte fortressen te verspieden ende aff te sien, dat verre siet ende de onse<lb/> oorsaeck gegeven hadt op hoede te wesen, hebbende een vertrout Nederlander nae<lb/> des mirsumelas leger affgesonden om op desselffs doen ende voornemen te letten<lb/> onder pretecxt van twee wechgeloopen Nederlanders op te soecken, die dan oock<lb/> bij denselven gevonden waeren, Konings dienst genomen hebbende, om welcke de<lb/> miersumela, aengesproocken sijnde, deselve niet geweygert hadt aff te staen ende<lb/> over te leveren, mits dat van straffe vrij soude wesen, dat den e. Pit <hi rend="font-size:10; font-family:Liberation Serif; vertical-align:super" xml:lang="nl">1)</hi> met den raet<lb/></p><note xml:id="INT_b2067a4a-5d46-32ea-8a8c-a9d7dc012f73.TEI.1.text.1.body.1.div.1.note.2" xml:lang="nl" rend="font-size: 8; text-align: justify; line-height: 9.6pt; text-indent: 22.0pt" xmlns="http://www.tei-c.org/ns/1.0">I) Laurens Pit kwam 1632 als assistent uit, vrijburger eerst te Batavia, later te Banda;<lb/> hij repatrieerde 1638 als onderkoopman en kwam 1641 als opperkoopman uit, lid van de Raad<lb/> van Justitie, daarna kassier te Thaiwan, 1642 werkzaam te Paleacatte, vervolgens te Masulipatam,<lb/> 1650-51 tijdelijk president ter Kust van Coromandel, 1652 tweede gezant naar Golconda,<lb/> daarna directeur van Coromandel, 1656 gouverneur en raad extra-ord. van Inië, 1662<lb/></note><pb xml:id="INT_b2067a4a-5d46-32ea-8a8c-a9d7dc012f73.TEI.1.text.1.body.1.div.1.pb.2" n="478" facs="http://resources.huygens.knaw.nl/retroapp/service_generalemissiven/gm_02/images/gm_2_112_0478.tif"/><fw xml:id="INT_b2067a4a-5d46-32ea-8a8c-a9d7dc012f73.TEI.1.text.1.body.1.div.1.fw.2" place="top" type="head" facs="#zone.6687888" xmlns="http://www.tei-c.org/ns/1.0">478 Reniers Maetsuyker, Demmer, Cunaeus, Versteghen, De With en Steur III, 10 feb. 1651</fw><p xml:id="INT_b2067a4a-5d46-32ea-8a8c-a9d7dc012f73.TEI.1.text.1.body.1.div.1.p.4" xml:lang="nl" rend="font-size: 10; text-align: justify; line-height: 11.7pt" xmlns="http://www.tei-c.org/ns/1.0">hadt ingewillicht te weten van de straffe des doots ende vorder niet om de consequentie<lb/> ende dat haer van het woort des mirsumelas niet ten vollen konden verseeckeren,<lb/> sullende misschien sijn beloften niet naekomen ende ondertusschen met<lb/> de toesegginge van soo een generael pardon sijn voordeel trachten te doen om noch<lb/> meer andere te debaucheren, doch en was daerop noch geen antwoorde bekomen,<lb/> die nae desen in ’t gemoet sien. Het blijckt in veele manieren, dat de Moorse<lb/> progressen op Carnatica deselve moedich heeft gemaect, dat niet te beeteren staet,<lb/> soolang de Comp.e haer tanden niet laet sien, off tenwaere sij onder malkanderen<lb/> quamen onnenich te worden, daer sich al beginselen van verthonen, willende nae<lb/> luyt der voorsz. advijsen den Visiapourder inruyminge hebben van de stercte<lb/> Gendecata* <hi rend="font-size:10; font-family:Liberation Serif; vertical-align:super" xml:lang="nl">1),</hi> als tot sijn district pertinerende, daer die van Golconda niet toe<lb/> genegen is, soodat het geschil sooverre gekomen soude wesen, dat rede wedersijts<lb/> veltlegers nae genoemde plaetsen in aentocht waren .<lb/></p><p xml:id="INT_b2067a4a-5d46-32ea-8a8c-a9d7dc012f73.TEI.1.text.1.body.1.div.1.p.5" xml:lang="nl" rend="font-size: 10; text-align: justify; line-height: 11.7pt; text-indent: 21.0pt" xmlns="http://www.tei-c.org/ns/1.0">Gemelte heere mirsumela hout hem seer gegraveert over het aenhaelen van<lb/> sijn thin . . . mitsgaders over het weygeren der passen nae Aetcliin etc., alsmede<lb/> dat den Heer Generael sijne brieven geen antwoort verweerdicht heeft, hetselve<lb/> tot sijn groote kleyn[achtin]ge duydende, dat met een honorable ambassade verbetert<lb/> dient ende hem voort in alle andere saecken sooveel contentement gedaen,<lb/> als Comp.s dienst sal toelaten ende gedogen, daer eerstdaegs op geleth wort. De<lb/> giroffelnagelen hadt denselven totten hoogen prijs van 12 oude pagoden de man<lb/> niet begeren aen te nemen, soodat de packhuysen noch bleven bewaeren, dat met<lb/> patiëntia affgewacht moet werden. Sekere 2 caskens met 748 marcq 7 onsen gout<lb/> van 23 caraet hadt gemelte heer aengenomen tegen 68 oude pagoden het ceer van<lb/> 91 <hi rend="font-size:10; font-family:Liberation Serif; vertical-align:super" xml:lang="nl">*/32</hi> onsen, in Comp.8 cassa getelt ter somma van 45 108f genoemde pagoden,<lb/> daer volgens den jegenwoordigen cours van oude ofte Masulipatnamse ende nieuwe<lb/> ofte Paliacatse pagoden ruym 2£ per cento meer op is gehaelt, dan off hetselve<lb/> gout tot pagoden hadden doen munten, behalven dat de Paliacatse pagoden daermeede<lb/> eenichsints in extime worden gehouden.<lb/></p><p xml:id="INT_b2067a4a-5d46-32ea-8a8c-a9d7dc012f73.TEI.1.text.1.body.1.div.1.p.6" xml:lang="nl" rend="font-size: 10; text-align: justify; line-height: 11.7pt; text-indent: 21.0pt" xmlns="http://www.tei-c.org/ns/1.0">Des mirsumelas schip . . . was van Gamron noch niet teruchgekomen, echter<lb/> deed hij weeder een ander equiperen om dit jaer weder derwarts te navigeren nevens<lb/> een nae Atchin hetsij met ofte sonder onse passen, daer mede wel onlusten uyt<lb/> mochten rijsen, off tenwaere door den Conincq gestut wiert, die geseght wort sich<lb/> seer vergenoucht te hebben, verstaende, de onse de mirsumela geweygert hadden<lb/> sijne coopmanschappen onder die van de Comp.e door Gamrons tholhuys te passeren,<lb/> hetselve voor een teecken van trouwe ende oprechticheyt houdende. De<lb/> Coninck van Carnatica onthielt hem noch bij de Naick van Misjour2) sonder iets<lb/> tot herbouwinge van sijne vervallen staet bij der hant te nemen.<lb/></p><p xml:id="INT_b2067a4a-5d46-32ea-8a8c-a9d7dc012f73.TEI.1.text.1.body.1.div.1.p.7" resp="int_paragraph_joining" rend="">
              De Portugesen in Nagap at nam hadden door de Deenen contschap bekomen<lb xmlns="http://www.tei-c.org/ns/1.0"/> van de resolutie van Haere Ho. Mo. aengaende haer natie in dese landen ende dat<lb xmlns="http://www.tei-c.org/ns/1.0"/> de Comp.e gelast was haer van deselve te revengeren van de schade, de Westindi-<lb xmlns="http://www.tei-c.org/ns/1.0"/><note xml:id="INT_b2067a4a-5d46-32ea-8a8c-a9d7dc012f73.TEI.1.text.1.body.1.div.1.p.7.note.1" xml:lang="nl" rend="font-size: 8; text-align: justify; line-height: 9.9pt" xmlns="http://www.tei-c.org/ns/1.0">raad ord., 1663 naar Batavia en president van de weeskamer, 1665 president van schepenen,<lb/> 1678 uit Compagniesdienst, 1684 te Batavia gestorven.<lb/></note><note xml:id="INT_b2067a4a-5d46-32ea-8a8c-a9d7dc012f73.TEI.1.text.1.body.1.div.1.p.7.note.2" xml:lang="nl" rend="font-size: 8; text-align: justify; line-height: 9.9pt; text-indent: 22.0pt" xmlns="http://www.tei-c.org/ns/1.0">1) Gendecata, Gendikota, thans vervallen vesting aan de Penniar -rivier op 14°50/ N.B.<lb/> en 78°20' O.L. G. was een centrum van goudmijnen en was door den mirdjumla op de Hindoes<lb/> veroverd.<lb/></note><note xml:id="INT_b2067a4a-5d46-32ea-8a8c-a9d7dc012f73.TEI.1.text.1.body.1.div.1.p.7.note.3" xml:lang="nl" rend="font-size: 8; text-align: justify; line-height: 9.9pt; margin-left: 2200" xmlns="http://www.tei-c.org/ns/1.0">2) Misjour, Mysore, Hindoevorstendom in Zuid-India, deel van het uit elkaar gevallen<lb/></note><note xml:id="INT_b2067a4a-5d46-32ea-8a8c-a9d7dc012f73.TEI.1.text.1.body.1.div.1.p.7.note.4" xml:lang="nl" rend="font-size: 8; text-align: justify; line-height: 9.9pt" xmlns="http://www.tei-c.org/ns/1.0">grote Hindoerijk; de gelijknamige hoofdplaats ligt op 12£° N.B. en 76°42' O.L.<lb/></note><pb xml:id="INT_b2067a4a-5d46-32ea-8a8c-a9d7dc012f73.TEI.1.text.1.body.1.div.1.p.7.pb.1" n="479" facs="http://resources.huygens.knaw.nl/retroapp/service_generalemissiven/gm_02/images/gm_2_112_0479.tif"/><fw xml:id="INT_b2067a4a-5d46-32ea-8a8c-a9d7dc012f73.TEI.1.text.1.body.1.div.1.p.7.fw.1" place="top" type="head" facs="#zone.6689103" xmlns="http://www.tei-c.org/ns/1.0">Reniers, Maetsuyker, Demmer, Cunaeus, Versteghen, De With en Steur III, 10 feb. 1651 479</fw>sche Comp.e in Brasil aengedaen <hi rend="font-size:10; font-family:Liberation Serif; vertical-align:super" xml:lang="nl" xmlns="http://www.tei-c.org/ns/1.0">1),</hi> maer desniettemin nae verscheyde quartieren<lb xmlns="http://www.tei-c.org/ns/1.0"/> even sterck als voor desen geëquipeert, namentlijck 3 jachten nae Aetchin, een nae<lb xmlns="http://www.tei-c.org/ns/1.0"/> Tanassary, gelaaden hebbende 80 packen cleeden ende 700 stucx lijffeygenen,<lb xmlns="http://www.tei-c.org/ns/1.0"/> mitsgaders een nae Macassar met 60 packen, dat eenigen tijt voorleden hier<lb xmlns="http://www.tei-c.org/ns/1.0"/> gepasseert is ende, Japara aengedaen hebbende, aldaar ettelijcke packen cleeden<lb xmlns="http://www.tei-c.org/ns/1.0"/> gelaaten heeft. Soo het blijct, weten gemelte vrunden noch al lijffeygenen te<lb xmlns="http://www.tei-c.org/ns/1.0"/> krijgen, daar wij seer om benoodicht sijn, doch de middelen, die sij daertoe gebruycken,<lb xmlns="http://www.tei-c.org/ns/1.0"/> sijn niet seer christelijck, latende deselve bij nacht ende ontij den uyt<lb xmlns="http://www.tei-c.org/ns/1.0"/> [da]t2) landt stelen ofte wel openbaerlijck rooven niet sonder kennisse ende<lb xmlns="http://www.tei-c.org/ns/1.0"/> toestaen der gouverneurs ende landtregeerders, die daer haer voordeel uyt strijcken,<lb xmlns="http://www.tei-c.org/ns/1.0"/> welcke godtloosheyt ons niet staet nae te volgen, al soude noyt slaven meester<lb xmlns="http://www.tei-c.org/ns/1.0"/> worden.<lb xmlns="http://www.tei-c.org/ns/1.0"/>
            </p><p xml:id="INT_b2067a4a-5d46-32ea-8a8c-a9d7dc012f73.TEI.1.text.1.body.1.div.1.p.8" xml:lang="nl" rend="font-size: 10; text-align: justify; line-height: 11.7pt; text-indent: 22.0pt" xmlns="http://www.tei-c.org/ns/1.0">De Engelsche vrunden souden hun jacht de Bonito nae Gamron senden ende<lb/> waeren de fluyt de Leeuwinne uyt Bengale verwachtende om van Madrespatnam<lb/> rechttoe nae Engelandt geretourneert te werden.<lb/></p><note xml:id="INT_b2067a4a-5d46-32ea-8a8c-a9d7dc012f73.TEI.1.text.1.body.1.div.1.note.3" xml:lang="nl" place="inline" type="editorial-summary" resp="editor" rend="font-style: italic; line-height: 11.7pt; text-indent: 22.0pt; text-align: justify; font-size: 9.5" xmlns="http://www.tei-c.org/ns/1.0">( Gunstige berichten uit Tonkin; verzoek om toezending van rondhout voor masten;<lb/> spiegels en satijnen in slechte staat uit patria ontvangen <hi rend="font-size:9.5; font-family:Liberation Serif; letter-spacing:0.5pt" xml:lang="nl">) .</hi><lb/></note><note xml:id="INT_b2067a4a-5d46-32ea-8a8c-a9d7dc012f73.TEI.1.text.1.body.1.div.1.note.4" xml:lang="nl" rend="font-size: 8; text-align: justify; line-height: 9.6pt; text-indent: 22.0pt" xmlns="http://www.tei-c.org/ns/1.0">1) De V.O.C. had in 1647 een subsidie van 1£ miljoen gulden aan de W.I.C. moeten<lb/> geven voor de verlenging van het octrooi in verband met de oorlogen in Brazilië. Zij kreeg in<lb/> 1649 vergunning van de Staten-Generaal de schade op de Portugezen te verhalen.<lb/></note><note xml:id="INT_b2067a4a-5d46-32ea-8a8c-a9d7dc012f73.TEI.1.text.1.body.1.div.1.note.5" xml:lang="nl" rend="font-size: 8; text-align: justify; line-height: 9.6pt; margin-left: 2200" xmlns="http://www.tei-c.org/ns/1.0">2) Of: het.<lb/></note>
            
      </div>
                  </body>
                </text>
              </TEI>