<TEI xml:id="INT_659a2d0d-deee-3c56-827e-a1178208f08d" xmlns="http://www.tei-c.org/ns/1.0">
                <teiHeader>
      <fileDesc>
        <titleStmt>
          <title>Maetsuycker, Hulft, Hartzinck, Cunaeus, Verburch, Steur en Van der Beecken, 1 april 1655</title>
        </titleStmt>
        <publicationStmt>
          <p>
            <date>1 april 1655</date>
            <idno type="sourceID">missiven:vol2</idno>
            <idno type="pid">INT_659a2d0d-deee-3c56-827e-a1178208f08d</idno>
          </p>
        </publicationStmt>
        <notesStmt>
          <note/>
        </notesStmt>
        <sourceDesc>
          <listBibl xml:id="inlMetadata">
            <bibl type="missive">
        <interpGrp type="page"><interp>821</interp></interpGrp>
        
      <interpGrp type="titleLevel1"><interp>Maetsuycker, Hulft, Hartzinck, Cunaeus, Verburch, Steur en Van der Beecken, 1 april 1655</interp></interpGrp>
      <interpGrp type="dateLevel1"><interp>1 april 1655</interp></interpGrp>
        <interpGrp type="tocLevel"><interp>1</interp></interpGrp>
      <interpGrp type="volume"><interp>2</interp></interpGrp>
        <interpGrp type="n"><interp>VI</interp></interpGrp>
      
      <interpGrp type="witnessYearLevel1_from"><interp>1655</interp></interpGrp>
      <interpGrp type="witnessYearLevel1_to"><interp>1655</interp></interpGrp>
      <interpGrp type="witnessMonthLevel1_to"><interp>4</interp></interpGrp>
      <interpGrp type="witnessMonthLevel1_from"><interp>4</interp></interpGrp>
      <interpGrp type="witnessDayLevel1_to"><interp>1</interp></interpGrp>
      <interpGrp type="witnessDayLevel1_from"><interp>1</interp></interpGrp>
      <interpGrp type="authorLevel1"><interp>Maetsuycker</interp><interp>Hulft</interp><interp>Hartzinck</interp><interp>Cunaeus</interp><interp>Verburch</interp><interp>Steur</interp><interp>Van der Beecken</interp></interpGrp>
      <interpGrp type="pid"><interp>INT_659a2d0d-deee-3c56-827e-a1178208f08d</interp></interpGrp>
    </bibl>
          </listBibl>
        </sourceDesc>
      </fileDesc>
    </teiHeader>
                <text xml:id="INT_659a2d0d-deee-3c56-827e-a1178208f08d.TEI.1.text.1">
                  <body xml:id="INT_659a2d0d-deee-3c56-827e-a1178208f08d.TEI.1.text.1.body.1">
                    <div xml:id="INT_659a2d0d-deee-3c56-827e-a1178208f08d.TEI.1.text.1.body.1.div.1">
        
              <pb xml:id="INT_659a2d0d-deee-3c56-827e-a1178208f08d.TEI.1.text.1.body.1.div.1.pb.1" n="821" facs="http://resources.huygens.knaw.nl/retroapp/service_generalemissiven/gm_02/images/gm_2_112_0821.tif"/><fw xml:id="INT_659a2d0d-deee-3c56-827e-a1178208f08d.TEI.1.text.1.body.1.div.1.fw.1" place="top" type="head" facs="#zone.4253497" xmlns="http://www.tei-c.org/ns/1.0">Maetsuyker, Huift, Hartzinck, Cunaeus, Verburch, Steur enz. VI, 1 april 1655</fw><fw xml:id="INT_659a2d0d-deee-3c56-827e-a1178208f08d.TEI.1.text.1.body.1.div.1.fw.2" place="top" type="page-number" facs="#zone.4253511" xmlns="http://www.tei-c.org/ns/1.0">821</fw><head xml:id="INT_659a2d0d-deee-3c56-827e-a1178208f08d.TEI.1.text.1.body.1.div.1.head.1" xml:lang="nl" rend="font-size: 10; text-align: justify; line-height: 11.7pt" xmlns="http://www.tei-c.org/ns/1.0">VI. JOAN MAETSUYKER, GERARD HULFT, CAREL HARTZINCK,<lb/> JOAN CUNAEUS, NICOLAES VERBURCH, DIRCK STEUR EN WILLEM<lb/> VAN DER BEECKEN, BATAVIA 1 april 1655.<lb/></head><p xml:id="INT_659a2d0d-deee-3c56-827e-a1178208f08d.TEI.1.text.1.body.1.div.1.p.1" xml:lang="nl" rend="font-size: 9; text-align: justify; line-height: 10.0pt" xmlns="http://www.tei-c.org/ns/1.0">1099, fol. 487-500.<lb/></p><note xml:id="INT_659a2d0d-deee-3c56-827e-a1178208f08d.TEI.1.text.1.body.1.div.1.note.1" xml:lang="nl" place="inline" type="editorial-summary" resp="editor" rend="font-style: italic; line-height: 11.7pt; text-indent: 22.0pt; text-align: justify; font-size: 9.5" xmlns="http://www.tei-c.org/ns/1.0">(De retourvloot is 13 febr. door Straat Sunda geraakt; uit patria aangekomen<lb/> 18 maart de Prins, 160 koppen, 10 doden, 24 maart Nieuw Enckhuysen, 236 koppen,<lb/> w.o. 8 vrouwen, 14 doden; de Prins vertrekt nu met lading van <hi rend="font-size:9.5; font-family:Liberation Serif" xml:lang="nl">/.</hi> 86266 -.7, vnl.<lb/> peper, suiker en sapanhout; hij moet wel de Kaap, niet St. Helena aandoen en door<lb/> het Kanaal varen; zending op 20 febr. van schepen naar Amboina, Banda en Timor<lb/> met rijst en naar Mauritius en de Kaap; op Mauritius is het personeel tot 30 man<lb/> verminderd; op 8 maart vaart een schip naar de Westkust; aankomst van Atjehse<lb/> gezanten, dezelfde, die in 1654 de bestraffing van de moordenaars in Perak niet<lb/> hebben doorgezet <hi rend="font-size:9.5; font-family:Liberation Serif" xml:lang="nl">) .</hi><lb/></note><p xml:id="INT_659a2d0d-deee-3c56-827e-a1178208f08d.TEI.1.text.1.body.1.div.1.p.2" xml:lang="nl" rend="font-size: 10; text-align: justify; line-height: 11.7pt; text-indent: 22.0pt" xmlns="http://www.tei-c.org/ns/1.0">Sij wenden tot haer onschult voor, dat Truytman, met haer in Perach gecomen<lb/> sijnde, terwijl sij na de Sulthan waren opgereyst om met denselven over<lb/> de uytvoeringe van liaere last te confereren, getracht soude hebben met de<lb/> oorloghsvaartuygen, die bij hem hadde, tot onder ofte voorbij de vasticheden, die<lb/> de Perahesen op de rivier hadden gemaect, tegen derselver danck ende protestatie<lb/> op te corten, om hetwelck te beletten haer genootsaeckt hadden gevonden daerin<lb/> te schieten, waerdoor dan de onderhandelinge was geïnterrumpeert ende tot<lb/> openbaare faictelijckheden uytgevallen tot seer groot leetwesen van de Coninginne<lb/> ende alhoewel het voorsz. attentaet bij de onse ontkent wort, oock geen waerschijnehjckheyt<lb/> en heeft, soo schijnt evenwel, dat sij de Mayes.1 hetselve soo hebben<lb/> weten wijs te maecken, van welcke opinie sij oock niet wel te diverteren sal wesen.<lb/> De voorn, gesanten en hebben buyten den brief van de Mayest. geen last om ietwes<lb/> met ons te besluyten ofte ons eenige toesegginge te doen, maer willen ons echter<lb/> zeer hooch versekeren van des Coninginnes goede meninge ende intentie om ons<lb/> satisfactie ende contentement te geven, hetsij dan mettet straffen der voorsz.<lb/> moordenaers ofte andersints. Of hetselve nu zoo breet al volgen sal, wert bij ons<lb/> getwijffelt, te meer omdat verstaen, dat het hof van Achin zoo geheel absoluten<lb/> gebiet over de Perahesen niet en heeft, een stoudt ende ongebonden volck sijnde<lb/> ende dat den dato tommagon, die wel de grootste autheur van meergeroerde moort<lb/> gesecht wort geweest te sijn, middelerwijle vermits het overlijden van den Sulthan<lb/> in desselfs plaetse gesuccedeert sij ende daer nu het hoochste gebiedt is hebbende.<lb/><hi rend="font-size:8.5; font-family:Liberation Serif" xml:lang="nl">Fol. 489r-v.</hi><lb/></p><note xml:id="INT_659a2d0d-deee-3c56-827e-a1178208f08d.TEI.1.text.1.body.1.div.1.note.2" xml:lang="nl" place="inline" type="editorial-summary" resp="editor" rend="font-style: italic; line-height: 10.5pt; text-indent: 22.0pt; text-align: justify; font-size: 9.5" xmlns="http://www.tei-c.org/ns/1.0">( Batavia bereid tot vrede met Atjeh).<lb/></note><p xml:id="INT_659a2d0d-deee-3c56-827e-a1178208f08d.TEI.1.text.1.body.1.div.1.p.3" resp="int_paragraph_joining" rend="">
              Onder de redenen, die ons daertoe hebben doen inclineren, is wel de voornaemste,<lb xmlns="http://www.tei-c.org/ns/1.0"/> omdat bij besettinge van de bare van Achin, dat het ooghmerck zoude<lb xmlns="http://www.tei-c.org/ns/1.0"/> zijn geweest om daerdoor de groote vaert der Mooren te stutten, swaricheyt souden<lb xmlns="http://www.tei-c.org/ns/1.0"/> hebben gemaect oock die van de Engelse natie daerbuyten te houden om de<lb xmlns="http://www.tei-c.org/ns/1.0"/> ongenuchten, die daeruyt zouden mogen rijsen ende dat sonder hetselve het doelwit<lb xmlns="http://www.tei-c.org/ns/1.0"/> niet en soude worden bereyckt, maer dat in plaets van dien deselve vrunden een<lb xmlns="http://www.tei-c.org/ns/1.0"/> groote deure soude geopent worden om haer van onse ongelegentheden te dienen<lb xmlns="http://www.tei-c.org/ns/1.0"/> ende onse preëminentiën soo in Achin als op de Westcust te ondercruypen, hetwelck<lb xmlns="http://www.tei-c.org/ns/1.0"/> naderhandt wellicht niet te repareren zoude sijn. Wij hebben dan goet-<lb xmlns="http://www.tei-c.org/ns/1.0"/><pb xml:id="INT_659a2d0d-deee-3c56-827e-a1178208f08d.TEI.1.text.1.body.1.div.1.p.3.pb.1" n="822" facs="http://resources.huygens.knaw.nl/retroapp/service_generalemissiven/gm_02/images/gm_2_112_0822.tif"/><fw xml:id="INT_659a2d0d-deee-3c56-827e-a1178208f08d.TEI.1.text.1.body.1.div.1.p.3.fw.1" place="top" type="page-number" facs="#zone.4256376" xmlns="http://www.tei-c.org/ns/1.0">822</fw><fw xml:id="INT_659a2d0d-deee-3c56-827e-a1178208f08d.TEI.1.text.1.body.1.div.1.p.3.fw.2" place="top" type="head" facs="#zone.4256400" xmlns="http://www.tei-c.org/ns/1.0">Maetsuyker, Huift, Hartzinck, Cunaeus, Verburch, Steur enz. VI, 1 april 1655</fw>gevonden nietten eersten over Malacca na Achin te senden den e. Dirck Schouten,<lb xmlns="http://www.tei-c.org/ns/1.0"/> bouckhoudergenerael <hi rend="font-size:7; font-family:Liberation Serif; font-style:italic; vertical-align:super; letter-spacing:0.5pt" xml:lang="nl" xmlns="http://www.tei-c.org/ns/1.0">1),</hi> die in die quartieren ervaren is ende de maleytse taaie<lb xmlns="http://www.tei-c.org/ns/1.0"/> seer wel spreect ende daertoe te gebruyken de jachten Jonge Prins ende Alckmaer.<lb xmlns="http://www.tei-c.org/ns/1.0"/>. . . De instructie, die wij denselven gedencken mede te geven, sal ten principalen<lb xmlns="http://www.tei-c.org/ns/1.0"/> bestaen uyt de volgende poincten, namentlijck dat de Coninginne alsnoch sal<lb xmlns="http://www.tei-c.org/ns/1.0"/> straffen de schuldige aen de moort in Perach, aen de onse begaen, gelijck sij voor<lb xmlns="http://www.tei-c.org/ns/1.0"/> desen toegestaen ende belooft had of dat sij ons daermet sal laaten geworden,<lb xmlns="http://www.tei-c.org/ns/1.0"/> 2. dat sij ons zal verleenen een nieuwe eeuwichduyrende firman van de preëminentiën<lb xmlns="http://www.tei-c.org/ns/1.0"/> ende vrijheeden, op de Sumaterse Westcust aen de Comp.e voor desen<lb xmlns="http://www.tei-c.org/ns/1.0"/> vergunt, 3. dat sij ons bovendien opnieuw sal toestaen ende vergunnen alle den<lb xmlns="http://www.tei-c.org/ns/1.0"/> thin, in Perach vallende, tot vergoedinge van de oncosten, die wij eenige jaaren<lb xmlns="http://www.tei-c.org/ns/1.0"/> aen den anderen tot straffe der moordenaren sij[n) genootsaect geworden te doen<lb xmlns="http://www.tei-c.org/ns/1.0"/> ende ten laesten dat, dewijle de Engelsen al eenige jaaren verleden Achin verlaten<lb xmlns="http://www.tei-c.org/ns/1.0"/> hebben ende de Portugesen haere ende onse oude vijanden sijn, voortaen in toecomende<lb xmlns="http://www.tei-c.org/ns/1.0"/> geen andere Europase natiën dan alleen de Nederlandtse Comp.e in Achin<lb xmlns="http://www.tei-c.org/ns/1.0"/> ofte andere plaetsen, onder haer gebiet staende, en sullen werden geadmitteert . . .<lb xmlns="http://www.tei-c.org/ns/1.0"/><hi rend="font-size:8; font-family:Liberation Serif" xml:lang="nl" xmlns="http://www.tei-c.org/ns/1.0">Fol. 489v-490v.</hi><lb xmlns="http://www.tei-c.org/ns/1.0"/>
            </p><note xml:id="INT_659a2d0d-deee-3c56-827e-a1178208f08d.TEI.1.text.1.body.1.div.1.note.3" xml:lang="nl" place="inline" type="editorial-summary" resp="editor" rend="font-style: italic; line-height: 11.7pt; text-indent: 22.0pt; text-align: justify; font-size: 9" xmlns="http://www.tei-c.org/ns/1.0">( De eerste twee voorwaarden moeten worden toegestaan; twee grote branden in de<lb/> noor der voor stad van Malakka; in het Perakse een onbekend riviertje ontdekt, waar 13<lb/> bahar tin is aangehaald) <hi rend="font-size:9; font-family:Liberation Serif" xml:lang="nl">.</hi><lb/></note><p xml:id="INT_659a2d0d-deee-3c56-827e-a1178208f08d.TEI.1.text.1.body.1.div.1.p.4" xml:lang="nl" rend="font-size: 10; text-align: justify; line-height: 11.7pt; text-indent: 22.0pt" xmlns="http://www.tei-c.org/ns/1.0">Dit sal wellicht de plaets sijn, door dewelcke sij doorgaens haere vaartuygen<lb/> hebben weten uyt ende in te crijgen, die, nu mede ontdect sijnde, haer licht in<lb/> meerder becommeringh sal stellen, bijaldien de besettinge noch langer blijft continueren.<lb/><lb/></p><note xml:id="INT_659a2d0d-deee-3c56-827e-a1178208f08d.TEI.1.text.1.body.1.div.1.note.4" xml:lang="nl" place="inline" type="editorial-summary" resp="editor" rend="font-style: italic; line-height: 11.7pt; text-indent: 22.0pt; text-align: justify; font-size: 9" xmlns="http://www.tei-c.org/ns/1.0">(Te Malakka is één predikant voldoende; uit Arakan zijn 170 last rijst en 200<lb/> slaven te Malakka aangevoerd; 10 maart is de Vlieland via Malakka om daar peper<lb/> te laden naar Thaiwan gezonden; zending op 13 maart van een schip naar Djambi;<lb/> 6 maart naar Japan; berichten 27 maart met de Zeerob uit Goromandel ontvangen) <hi rend="font-size:9; font-family:Liberation Serif" xml:lang="nl">.</hi><lb/></note><p xml:id="INT_659a2d0d-deee-3c56-827e-a1178208f08d.TEI.1.text.1.body.1.div.1.p.5" xml:lang="nl" rend="font-size: 10; text-align: justify; line-height: 11.7pt; text-indent: 22.0pt" xmlns="http://www.tei-c.org/ns/1.0">Den nabab had eyndelijck onse presenten, a.° 1653 gesonden, geaccepteert<lb/> tesamen met den peper van het jacht Nasar eth, maer het jacht selve noch niet, dat<lb/> ons noch aen de handt bleef niet zonder pericul van d’een of d’ander tijt door leekte<lb/> te sineken ofte door quaet weder tegen de wal te geraecken ; wij verhoopen, dat ons<lb/> naderhandt van hetselve mede zal hebben ontlast. Over de prijs der cleeden, alhier<lb/> van sijn volck aengenomen, en is mede noch niet geaccordeert, zijnde met de 5500<lb/> pagoden, hem door de gen. gouverneur (meer als onse taxatie bedraecht) aengebooden,<lb/> niet tevreden, maer meent, dat hem ten minsten 50 ten hondert toecomt<lb/> van ’t bedragen, nae sijn eygen opgeven ingestelt, dat vrij hooger zoude loopen.<lb/><hi rend="font-size:8; font-family:Liberation Serif" xml:lang="nl">Fol. 492r-v.</hi><lb/></p><note xml:id="INT_659a2d0d-deee-3c56-827e-a1178208f08d.TEI.1.text.1.body.1.div.1.note.5" xml:lang="nl" place="inline" type="editorial-summary" resp="editor" rend="font-style: italic; line-height: 10.0pt; text-indent: 22.0pt; text-align: justify; font-size: 9" xmlns="http://www.tei-c.org/ns/1.0">(Hij heeft de specerijhandel voor een ieder opengesteld) <hi rend="font-size:9; font-family:Liberation Serif" xml:lang="nl">.</hi><lb/></note><p xml:id="INT_659a2d0d-deee-3c56-827e-a1178208f08d.TEI.1.text.1.body.1.div.1.p.6" resp="int_paragraph_joining" rend="">
              Hij is bij den Golcondasen Coninck weder aengenomen ende in al sijn voorige<lb xmlns="http://www.tei-c.org/ns/1.0"/> digniteyten herstelt, maer houdt echter bedenekelijke correspondentie metten<lb xmlns="http://www.tei-c.org/ns/1.0"/> Mogol, tenderende, zoo gerucht wort, tot herstellinge van den Coninck van Carna-<lb xmlns="http://www.tei-c.org/ns/1.0"/><note xml:id="INT_659a2d0d-deee-3c56-827e-a1178208f08d.TEI.1.text.1.body.1.div.1.p.6.note.1" xml:lang="nl" rend="font-size: 8; line-height: 9.9pt; text-indent: 23.0pt" xmlns="http://www.tei-c.org/ns/1.0">1) Dat Schouten dit ambt bekleedde, dient toegevoegd aan de gegevens omtrent hem in<lb/> dl. I, p. 666, noot 4.<lb/></note><pb xml:id="INT_659a2d0d-deee-3c56-827e-a1178208f08d.TEI.1.text.1.body.1.div.1.p.6.pb.1" n="823" facs="http://resources.huygens.knaw.nl/retroapp/service_generalemissiven/gm_02/images/gm_2_112_0823.tif"/><fw xml:id="INT_659a2d0d-deee-3c56-827e-a1178208f08d.TEI.1.text.1.body.1.div.1.p.6.fw.1" place="top" type="head" facs="#zone.4258550" xmlns="http://www.tei-c.org/ns/1.0">Maetsuyker, Huift, Hartzinck, Cunaeus, Verburch, Steur enz. VI, 1 april 1655</fw><fw xml:id="INT_659a2d0d-deee-3c56-827e-a1178208f08d.TEI.1.text.1.body.1.div.1.p.6.fw.2" place="top" type="page-number" facs="#zone.4258564" xmlns="http://www.tei-c.org/ns/1.0">823</fw>tica, mits dat hij gestelt zoude worden tot vertrouwde des rijcx, hetwelck men<lb xmlns="http://www.tei-c.org/ns/1.0"/> meent voor de Comp.e niet dienstich te zullen wesen, omdat hij dan wellicht de<lb xmlns="http://www.tei-c.org/ns/1.0"/> Naycken van Tansjouwer ende Madure zal willen op ’t lijf vallen ende sich dienvolgende<lb xmlns="http://www.tei-c.org/ns/1.0"/> meester maecken van de suyderquartieren, daer de Comp.e jegenwoordich<lb xmlns="http://www.tei-c.org/ns/1.0"/> genoechsaem een vredige negotie geniet.<lb xmlns="http://www.tei-c.org/ns/1.0"/>
            </p><note xml:id="INT_659a2d0d-deee-3c56-827e-a1178208f08d.TEI.1.text.1.body.1.div.1.note.6" xml:lang="nl" place="inline" type="editorial-summary" resp="editor" rend="font-style: italic; line-height: 11.7pt; text-indent: 23.0pt; text-align: justify; font-size: 9.5" xmlns="http://www.tei-c.org/ns/1.0">(Er is in Goromandel evenwel in 'plaats van 10 maar 5\ ton van Thaiwan<lb/> gekomen; de 3 ton goud, van daar te Batavia aanwezig , is voor Bengalen nodig; de<lb/> Gabo Jasques is 21 dec. van Pegu in Bengalen gekomen met Chinese muntjes, goud<lb/> en robijnen, waard f. 169908; het schip is met cargasoen van f. 41944, vnl. suiker, naar<lb/> Perzië doorgestuurd zonder Masulipotam aan te doen; het Engelse jacht Hart uit<lb/> Bengalen is door een ongeval voor Madras opgehouden, waar het particuliere Eng.<lb/> jacht Catharine 14 nov. uit Engeland is gekomen, dat de vrede bekend maakte; dat jacht<lb/> is 1 febr. met lading suiker, salpeter, peper en kaneel gerepatrieerd met den president<lb/> Baker).<lb/></note><p xml:id="INT_659a2d0d-deee-3c56-827e-a1178208f08d.TEI.1.text.1.body.1.div.1.p.7" xml:lang="nl" rend="font-size: 10; text-align: justify; line-height: 11.7pt; text-indent: 23.0pt" xmlns="http://www.tei-c.org/ns/1.0">De acht joncken, die wij dit jaer uyt China waaren verwachtende, sijn hier<lb/> alle behouden aengelandt, dat vrij wat neringh in Batavia maect ende staen<lb/> deselve goede quantiteyt peper ende andere coopmanschappen van hier te slepen.<lb/> In Palembangh verstaen wij, dat mede een Chinese jonck sij leggende ende alsoo<lb/> hetselve van seer schadelijcken gevolge soude worden, omdat den peper in Palembangh<lb/> sooveel betercoop is als alhier, waerdoor den handel van Batavia soude<lb/> worden gediverteert, soo hebben in Raade van India (om daerin te voorsien)<lb/> goetgevonden metten eersten derwaerts te senden de fluyt den Os. . . . nevens 2<lb/> gearmeerde chaloupen met een brief aen de Pangoran om aen de Comp.e alleen<lb/> gelevert te hebben alle den peper, in Palembangh vallende, uyt cracht van het<lb/> contract met Sijn Hoocheyt gemaect in den jaare 1642 <hi rend="font-size:10; font-family:Liberation Serif; vertical-align:super" xml:lang="nl">1),</hi> doende daerbenevens die<lb/> van de voorsz. Chinese joncke insinueren haer niet te verstouten eenigen peper in<lb/> Palembangh te laaden ofte uyt te voeren, tenwaare na Batavia, of dat wij haer, in<lb/> zee comende, sullen aensnoeren, tot welcken eynde de voorsz. chaloupen buyten de<lb/> rivier sullen blijven cruyssen. Ende alhoewel het voorsz. contract eenichsints<lb/> verstorven schijnt te wesen, doordien wij nu in acht ofte thien jaaren geen scheepen<lb/> om peper in Palembangh hebben gehadt, soo willen wij echter verhoopen, dat den<lb/> Pangoran hem door onsen brief ende de goede schenckagie, die daernevens gedenoken<lb/> te senden, zal laaten bewegen ons versoeck in te willigen, mits dat wij ons<lb/> verbinden sullen voortaen alle den peper, die door particulieren niet na Batavia<lb/> gebracht en wort, met eygen scheepen te haaien . . . Uyt de vrunden, met de<lb/> voorige scheepen overgaende, zullen U Ed. verstaen, hoe in de Straet Sunda van<lb/> de Javanen dootgeslaagen sij een stuyrman van het schip de Perel. Wij hebben<lb/> daerover te Bantam justitie doen versoecken, doch zonder vrucht, nietjegenstaende<lb/> de moorders genoech bekent sijn. Ondertusschen gelaten sij haer, of zeer genegen<lb/> waeren tot vernieuwinge van de vrede, zeer verlangende nae de besendinge, die sij<lb/> geern saagen, dat wij tot dien eynde wederom deeden, dat alleen om de schenckagie,<lb/> die sij daermede verwachten, te doen is ende dan sal <hi rend="font-size:10; font-family:Liberation Serif; vertical-align:super" xml:lang="nl">5t</hi> weder evenveel sijn, soo niet<lb/> slimmer als tevooren.<lb/></p><note xml:id="INT_659a2d0d-deee-3c56-827e-a1178208f08d.TEI.1.text.1.body.1.div.1.note.7" xml:lang="nl" rend="font-size: 8; line-height: 8.9pt; margin-left: 2200" xmlns="http://www.tei-c.org/ns/1.0">1) Contract van 20 oct. 1642, afgedrukt <hi rend="font-size:8; font-family:Liberation Serif; font-style:italic" xml:lang="nl">Corpus</hi> I, nr. CXLVII.<lb/></note><pb xml:id="INT_659a2d0d-deee-3c56-827e-a1178208f08d.TEI.1.text.1.body.1.div.1.pb.2" n="824" facs="http://resources.huygens.knaw.nl/retroapp/service_generalemissiven/gm_02/images/gm_2_112_0824.tif"/><fw xml:id="INT_659a2d0d-deee-3c56-827e-a1178208f08d.TEI.1.text.1.body.1.div.1.fw.3" place="top" type="page-number" facs="#zone.4261418" xmlns="http://www.tei-c.org/ns/1.0">824</fw><fw xml:id="INT_659a2d0d-deee-3c56-827e-a1178208f08d.TEI.1.text.1.body.1.div.1.fw.4" place="top" type="head" facs="#zone.4261422" xmlns="http://www.tei-c.org/ns/1.0">Maetsuyker, Huift, Hartzinck, Cunaeus, Verburch, Steur enz. VI, 1 april 1655</fw><note xml:id="INT_659a2d0d-deee-3c56-827e-a1178208f08d.TEI.1.text.1.body.1.div.1.note.8" xml:lang="nl" place="inline" type="editorial-summary" resp="editor" rend="font-style: italic; line-height: 11.7pt; text-indent: 22.0pt; text-align: justify; font-size: 10" xmlns="http://www.tei-c.org/ns/1.0">( Aan die van Bantam een pas voor een schip met 30 man naar Makassar verleend;<lb/> bezwaren der vrijburgers tegen de bepaling , dat de Compagnie altijd preferent<lb/> schuldeiser is, vgl. <hi rend="font-size:10; font-family:Liberation Serif" xml:lang="nl">Plakaatboek</hi> I, p. 436; na de twee grote branden kunnen zij daardoor<lb/> geen geld lenen voor de heropbouw; daarom die preferentie gemodereerd, hypothecaire<lb/> schulden zullen voorrang hebben, ibid. II p. 204; aan de bemanning van de Prins<lb/> twee maand extra-gage beloofd, zo ze geen Franse en Engelse havens aandoen; wissels<lb/> op patria voor f. 25204.9.6 en bovendien f. 16000.18.16 voor erfgenamen aldaar; de<lb/> handel in Malaklca staat al 2\ maand stil ) .<lb/></note><p xml:id="INT_659a2d0d-deee-3c56-827e-a1178208f08d.TEI.1.text.1.body.1.div.1.p.8" xml:lang="nl" rend="font-size: 10; text-align: justify; line-height: 11.7pt; text-indent: 22.0pt" xmlns="http://www.tei-c.org/ns/1.0">20 february verleden was daer weder een wancan ofte cleyne jonck nyt China<lb/> aengecomen, thuysbehoorende in Aymuy, niettegenstaande de ernstige insinuatie<lb/> hen verleden jaer gedaen om voortaen alleen op Batavia te mogen vaaren, dat den<lb/> mandorijn Cocxinia soo niet can verstaen, gelijck blijct uyt sijn brief, tot geleyde<lb/> van deselve wancan aen den gouverneur . . . geschreven, waerin sustineert, dat<lb/> hem sulcx niet en can worden verboden, omdat Batavia, Tayoan ende Malacca één<lb/> landt is ofte onder één gebiet sij staende, hetwelck ons noch te verdragen soude<lb/> sijn, maer hebben zeeckere kennisse becomen, dat in Johor mede een jonck,<lb/> denselven mandorijn toebehorende, sij leggende, besijden noch 6 andere, die de<lb/> nachoda van de voorsz. wancan verclaert, dat bij denselven souden sijn geëquipeert,<lb/> namentlijck 3 na Siam, een na Ligor, een na Sangora, een na Patany, hoe<lb/> doende, hij alles can waernemen ende na hem sleepen, dat in die gewesten te doen<lb/> is sonder Tayoan, Batavia ofte Malacca meer nodich te hebben ofte ons iets overich<lb/> te laaten, waerom wij meenen, dat sij aen die cant niet nader sullen dienen te<lb/> comen dan tot Siam, hetwelck ons dan noch schadelijck genoech sal wesen, omdat<lb/> den tin en de peper mede derwaerts sal gevoert worden. Wij nemen voor in<lb/> aenstaande jaerlijcx op die schadelijcke handelaers, tegen dat te comen staen, aen<lb/> de een of d’andere bequame plaets in zee te doen cruysen om haer met of tegen<lb/> danck na Batavia te wijsen, gelijck U Ed. ons bij haare missive van 21 september<lb/> 1644 hebben gelieven te ordonneren.<lb/></p><note xml:id="INT_659a2d0d-deee-3c56-827e-a1178208f08d.TEI.1.text.1.body.1.div.1.note.9" xml:lang="nl" place="inline" type="editorial-summary" resp="editor" rend="font-style: italic; line-height: 12.0pt; text-indent: 22.0pt; text-align: justify; font-size: 10" xmlns="http://www.tei-c.org/ns/1.0">( In Thaiwan is geen goud uit China meer aangekomen wegens het stormachtige<lb/> weer).<lb/></note><p xml:id="INT_659a2d0d-deee-3c56-827e-a1178208f08d.TEI.1.text.1.body.1.div.1.p.9" xml:lang="nl" rend="font-size: 10; text-align: justify; line-height: 12.0pt; text-indent: 22.0pt" xmlns="http://www.tei-c.org/ns/1.0">De geruchten liepen, dat den Tartar weder tegen Cocxin ... op de been<lb/> zoude sijn, omdat hij weygert sijn hair op de Tartarische wijse te corten, dat, zoo<lb/> sijnde, in den vertier der coopmanschappen mede licht niet veel goets zal doen.<lb/><hi rend="font-size:8; font-family:Liberation Serif" xml:lang="nl">Fol. 49 9r.</hi><lb/></p><note xml:id="INT_659a2d0d-deee-3c56-827e-a1178208f08d.TEI.1.text.1.body.1.div.1.note.10" xml:lang="nl" place="inline" type="editorial-summary" resp="editor" rend="font-style: italic; line-height: 11.1pt; text-indent: 22.0pt; text-align: justify; font-size: 10" xmlns="http://www.tei-c.org/ns/1.0">(In Formosa wordt op suikeroogst van 15 d 16000 picol gehoopt).<lb/></note><p xml:id="INT_659a2d0d-deee-3c56-827e-a1178208f08d.TEI.1.text.1.body.1.div.1.p.10" xml:lang="nl" rend="font-size: 10; text-align: justify; line-height: 11.7pt; text-indent: 22.0pt" xmlns="http://www.tei-c.org/ns/1.0">Om de zuydt waaren eenige rebellen haer zeer moetwillich aenstellende met<lb/> moorden ende rooven, daer den landtdrost Fredrick Schedel <hi rend="font-size:10; font-family:Liberation Serif; vertical-align:super" xml:lang="nl">1)</hi> en capteyn Thomas<lb/> Pedel <hi rend="font-size:10; font-family:Liberation Serif; vertical-align:super" xml:lang="nl">2)</hi> met 100 soldaten ende 20 matrosen op zouden uytgaen.<lb/></p><note xml:id="INT_659a2d0d-deee-3c56-827e-a1178208f08d.TEI.1.text.1.body.1.div.1.note.11" xml:lang="nl" rend="font-size: 8; text-align: justify; line-height: 9.6pt; text-indent: 23.0pt" xmlns="http://www.tei-c.org/ns/1.0">1) Frederick Schedel kwam 1642 als assistent uit, werd 1644 onderkoopman en diende<lb/> op Formosa, o.a. 1650 als secretaris; in 1652 en 1653 maakte hij van daar reizen naar Canton,<lb/> 1 654 landdrost op Formosa.<lb/></note><note xml:id="INT_659a2d0d-deee-3c56-827e-a1178208f08d.TEI.1.text.1.body.1.div.1.note.12" xml:lang="nl" rend="font-size: 8; text-align: justify; line-height: 9.6pt; text-indent: 22.0pt" xmlns="http://www.tei-c.org/ns/1.0">2) Thomas Pedel kwam 1625 als soldaat uit, 1627 adelborst op Formosa, nog hetzelfde<lb/> jaar korporaal, 1636 vendrig, 1641 luitenant, 1644 naar Batavia, 1645 kapitein op Banda,<lb/> 1646 weer naar Formosa, waar hij in 1661 sneuvelde bij de aanval van Coxinga.<lb/></note><pb xml:id="INT_659a2d0d-deee-3c56-827e-a1178208f08d.TEI.1.text.1.body.1.div.1.pb.3" n="825" facs="http://resources.huygens.knaw.nl/retroapp/service_generalemissiven/gm_02/images/gm_2_112_0825.tif"/><fw xml:id="INT_659a2d0d-deee-3c56-827e-a1178208f08d.TEI.1.text.1.body.1.div.1.fw.5" place="top" type="head" facs="#zone.4262757" xmlns="http://www.tei-c.org/ns/1.0">Maetsuyker, Huift, Hartzinck, Cunaeus, Yerburch, Steur enz. VI, 1 april 1655 825</fw><fw xml:id="INT_659a2d0d-deee-3c56-827e-a1178208f08d.TEI.1.text.1.body.1.div.1.fw.6" place="top" type="head" facs="#zone.4262772" xmlns="http://www.tei-c.org/ns/1.0">(Vier olifanten uit Siam ontvangen).Deselve eliphanten worden ons tot schenckagie gesonden, twee van de Pegusevrou Osoet ende 2 van den Oja Sabertiban, sijnde nu berquelangh gemaeckt, datons niet zeer aengenaem is om de ongenegentheyt, die hij ons vanouts is toedra¬gende.</fw><pb xml:id="INT_659a2d0d-deee-3c56-827e-a1178208f08d.TEI.1.text.1.body.1.div.1.pb.4" n="826" facs="http://resources.huygens.knaw.nl/retroapp/service_generalemissiven/gm_02/images/gm_2_112_0826.tif"/>
            
      </div>
                  </body>
                </text>
              </TEI>