<TEI xml:id="INT_ab40a750-1c11-3d37-9fb1-879a03f933ec" xmlns="http://www.tei-c.org/ns/1.0">
                <teiHeader>
      <fileDesc>
        <titleStmt>
          <title>Index van Scheepsnamen</title>
        </titleStmt>
        <publicationStmt>
          <p>
            <date></date>
            <idno type="sourceID">missiven:vol2</idno>
            <idno type="pid">INT_ab40a750-1c11-3d37-9fb1-879a03f933ec</idno>
          </p>
        </publicationStmt>
        <notesStmt>
          <note/>
        </notesStmt>
        <sourceDesc>
          <listBibl xml:id="inlMetadata">
            <bibl>
        <interpGrp type="page"><interp>852</interp></interpGrp>
        <interpGrp type="tocLevel"><interp>0</interp></interpGrp>
        <interpGrp type="volume"><interp>2</interp></interpGrp>
        <interpGrp type="n"><interp></interp></interpGrp>
        <interpGrp type="pid"><interp>INT_ab40a750-1c11-3d37-9fb1-879a03f933ec</interp></interpGrp>
        <interpGrp type="titleLevel1"><interp>Index van Scheepsnamen</interp></interpGrp>
      </bibl>
          </listBibl>
        </sourceDesc>
      </fileDesc>
    </teiHeader>
                <text xml:id="INT_ab40a750-1c11-3d37-9fb1-879a03f933ec.TEI.1.text.1">
                  <body xml:id="INT_ab40a750-1c11-3d37-9fb1-879a03f933ec.TEI.1.text.1.body.1">
                    <div xml:id="INT_ab40a750-1c11-3d37-9fb1-879a03f933ec.TEI.1.text.1.body.1.div.1">
        
              <pb xml:id="INT_ab40a750-1c11-3d37-9fb1-879a03f933ec.TEI.1.text.1.body.1.div.1.pb.1" n="852" facs="http://resources.huygens.knaw.nl/retroapp/service_generalemissiven/gm_02/images/gm_2_112_0852.tif"/><head xml:id="INT_ab40a750-1c11-3d37-9fb1-879a03f933ec.TEI.1.text.1.body.1.div.1.head.1" xml:lang="nl" rend="font-size: 13; text-align: center; line-height: 14.4pt; margin-right: 200" xmlns="http://www.tei-c.org/ns/1.0">INDEX VAN SCHEEPSNAMEN.<lb/></head><p xml:id="INT_ab40a750-1c11-3d37-9fb1-879a03f933ec.TEI.1.text.1.body.1.div.1.p.1" xml:lang="nl" rend="font-size: 8; line-height: 8.9pt; margin-left: 8100" xmlns="http://www.tei-c.org/ns/1.0">A.<lb/></p><p xml:id="INT_ab40a750-1c11-3d37-9fb1-879a03f933ec.TEI.1.text.1.body.1.div.1.p.2" xml:lang="nl" rend="font-size: 8.5; line-height: 9.6pt; margin-right: 5800" xmlns="http://www.tei-c.org/ns/1.0">Aagtekerke 234, 268, 280, 471<lb/> Abcoude 815<lb/></p><p xml:id="INT_ab40a750-1c11-3d37-9fb1-879a03f933ec.TEI.1.text.1.body.1.div.1.p.3" xml:lang="nl" rend="margin-left: 1100; line-height: 9.6pt; text-indent: -11.0pt; text-align: justify; font-size: 8.5" xmlns="http://www.tei-c.org/ns/1.0">Adviso (Eng.) 169, 262, 328, 348 362, 467,<lb/> 469<lb/></p><p xml:id="INT_ab40a750-1c11-3d37-9fb1-879a03f933ec.TEI.1.text.1.body.1.div.1.p.4" xml:lang="nl" rend="font-size: 8.5; line-height: 9.6pt" xmlns="http://www.tei-c.org/ns/1.0">Akersloot 1, 110, 115, 131, 183, 261, 278, 517<lb/> Alkmaar 495, 594, 818, 822<lb/> Amboina 53, 54, 121, 131, 140, 170, 206, 261,<lb/> 328<lb/></p><p xml:id="INT_ab40a750-1c11-3d37-9fb1-879a03f933ec.TEI.1.text.1.body.1.div.1.p.5" xml:lang="nl" rend="margin-left: 1100; line-height: 9.6pt; text-indent: -11.0pt; text-align: justify; font-size: 8.5" xmlns="http://www.tei-c.org/ns/1.0">Amboina, Klein 155<lb/></p><p xml:id="INT_ab40a750-1c11-3d37-9fb1-879a03f933ec.TEI.1.text.1.body.1.div.1.p.6" xml:lang="nl" rend="font-size: 8.5; line-height: 9.6pt" xmlns="http://www.tei-c.org/ns/1.0">Amsterdam 37, 48, 54, 64, 88, 97, 201, 294,<lb/> 296, 573<lb/> Anjelier 746<lb/> Anna 12, 196, 257<lb/> Anne (Eng.) 299<lb/> Anne-Clear (Eng.) 483, 484, 576<lb/> Antilope (Eng.) 336<lb/></p><p xml:id="INT_ab40a750-1c11-3d37-9fb1-879a03f933ec.TEI.1.text.1.body.1.div.1.p.7" xml:lang="nl" rend="font-size: 8.5; line-height: 9.6pt" xmlns="http://www.tei-c.org/ns/1.0">Arend 184, 206, 302, 307, 339, 364, 376, 471<lb/> Arnemuiden 53, 131, 140, 313, 481, 673<lb/> Atalia (Port.) 379<lb/> Avenhom 673, 768<lb/> Avondster, zie Blessing<lb/></p><p xml:id="INT_ab40a750-1c11-3d37-9fb1-879a03f933ec.TEI.1.text.1.body.1.div.1.p.8" xml:lang="nl" rend="font-size: 8; line-height: 8.9pt; margin-left: 8100" xmlns="http://www.tei-c.org/ns/1.0">B.<lb/></p><p xml:id="INT_ab40a750-1c11-3d37-9fb1-879a03f933ec.TEI.1.text.1.body.1.div.1.p.9" xml:lang="nl" rend="margin-left: 1100; line-height: 9.6pt; text-indent: -11.0pt; text-align: justify; font-size: 8.5" xmlns="http://www.tei-c.org/ns/1.0">Banda 29, 37, 54, 84, 88, 170, 183, 201, 243,<lb/> 283, 284, 303, 382, 550, 551, 625, 685, 745,<lb/> 746<lb/></p><p xml:id="INT_ab40a750-1c11-3d37-9fb1-879a03f933ec.TEI.1.text.1.body.1.div.1.p.10" xml:lang="nl" rend="font-size: 8.5; line-height: 9.6pt" xmlns="http://www.tei-c.org/ns/1.0">Batavia 494, 495, 744<lb/> Batavia, Klein 568, 572, 595, 646, 775<lb/> Beer, Zwarte 234, 268, 279, 321, 422, 424, 451,<lb/> 497<lb/></p><p xml:id="INT_ab40a750-1c11-3d37-9fb1-879a03f933ec.TEI.1.text.1.body.1.div.1.p.11" xml:lang="nl" rend="font-size: 8.5; line-height: 9.6pt" xmlns="http://www.tei-c.org/ns/1.0">Berkhout 137, 246, 268, 279, 364, 410, 496,<lb/> 591, 596, 659<lb/> Bimlipatam 762, 795, 810<lb/> Blessing (Eng.) 16, 198, 254, 255, 257, 262,<lb/> 398, 601, 673, 733, 745<lb/> Boei, Wakende 155, 176, 213, 261<lb/> Bommel 2, 23, 24<lb/> Bergen 247, 338<lb/> Bergen op Zoom 274, 471<lb/> Boa Ventura (Port.) 5, 52, 65, 103, 126<lb/> Bom Jesus (Port.) 5, 52, 65, 103, 110, 733<lb/> Bon Esperance (Eng.) 221, 227, 231, 259<lb/> Bonito (Eng.) 348, 409, 479, 715, 716<lb/> Boterbloem 746<lb/> Brak 108, 183, 328<lb/></p><p xml:id="INT_ab40a750-1c11-3d37-9fb1-879a03f933ec.TEI.1.text.1.body.1.div.1.p.12" xml:lang="nl" rend="font-size: 8.5; line-height: 9.6pt" xmlns="http://www.tei-c.org/ns/1.0">Breda 53, 54, 84, 94, 97, 209, 214, 276, 386»<lb/> 480, 746, 756, 760, 776, 779, 781, 812, 818<lb/> Bredamme 34, 35, 42, 53, 109<lb/> Breskens 189, 212, 213, 280, 364, 366<lb/> Broeckoort 84, 87, 101, 141, 231<lb/> Bruinvis 276, 299, 371, 380, 514, 641, 656,<lb/> 702, 704<lb/></p><p xml:id="INT_ab40a750-1c11-3d37-9fb1-879a03f933ec.TEI.1.text.1.body.1.div.1.p.13" xml:lang="nl" rend="font-size: 8.5; line-height: 9.6pt" xmlns="http://www.tei-c.org/ns/1.0">Buis, Gulden 146, 155, 182, 188, 246<lb/> Bul 811, 818<lb/> Buren 25, 26<lb/></p><p xml:id="INT_ab40a750-1c11-3d37-9fb1-879a03f933ec.TEI.1.text.1.body.1.div.1.p.14" xml:lang="nl" rend="font-size: 8; text-align: center; line-height: 8.9pt" xmlns="http://www.tei-c.org/ns/1.0">C.<lb/></p><p xml:id="INT_ab40a750-1c11-3d37-9fb1-879a03f933ec.TEI.1.text.1.body.1.div.1.p.15" xml:lang="nl" rend="font-size: 8.5; line-height: 9.6pt" xmlns="http://www.tei-c.org/ns/1.0">Cabo Jask, zie Supply<lb/> Caesar (Eng.) 101, 119, 124, 138<lb/> Castricum 84, 88, 358, 373, 481<lb/> Catherine (Eng.) 623<lb/> Charlois 586<lb/></p><p xml:id="INT_ab40a750-1c11-3d37-9fb1-879a03f933ec.TEI.1.text.1.body.1.div.1.p.16" xml:lang="nl" rend="font-size: 8.5; line-height: 9.6pt; margin-left: 1100; text-indent: -11.0pt" xmlns="http://www.tei-c.org/ns/1.0">Christianshavn (Deens) 106, 107, 282, 349,<lb/> 385, 413, 791<lb/></p><p xml:id="INT_ab40a750-1c11-3d37-9fb1-879a03f933ec.TEI.1.text.1.body.1.div.1.p.17" xml:lang="nl" rend="font-size: 8.5; line-height: 9.6pt" xmlns="http://www.tei-c.org/ns/1.0">Coaster (Eng.) 16, 119, 138, 139<lb/> Comfort (Eng.) 16<lb/></p><p xml:id="INT_ab40a750-1c11-3d37-9fb1-879a03f933ec.TEI.1.text.1.body.1.div.1.p.18" xml:lang="nl" rend="font-size: 8.5; line-height: 9.6pt" xmlns="http://www.tei-c.org/ns/1.0">Concordia 371, 403, 566, 626, 627, 729, 731733,<lb/> 749, 750<lb/> Crispina (Eng.) 101, 255<lb/></p><p xml:id="INT_ab40a750-1c11-3d37-9fb1-879a03f933ec.TEI.1.text.1.body.1.div.1.p.19" xml:lang="nl" rend="font-size: 8; text-align: center; line-height: 8.9pt" xmlns="http://www.tei-c.org/ns/1.0">I).<lb/></p><p xml:id="INT_ab40a750-1c11-3d37-9fb1-879a03f933ec.TEI.1.text.1.body.1.div.1.p.20" xml:lang="nl" rend="font-size: 8.5; line-height: 9.6pt; margin-left: 1100; text-indent: -11.0pt" xmlns="http://www.tei-c.org/ns/1.0">David 89<lb/></p><p xml:id="INT_ab40a750-1c11-3d37-9fb1-879a03f933ec.TEI.1.text.1.body.1.div.1.p.21" xml:lang="nl" rend="font-size: 8.5; line-height: 9.6pt" xmlns="http://www.tei-c.org/ns/1.0">Delft 170, 183, 200, 236, 243, 306, 311, 424,<lb/> 448, 464, 585, 605, 612, 649, 704, 781<lb/> Delftshaven 171, 183, 247, 294, 485, 533, 589,<lb/> 676<lb/></p><p xml:id="INT_ab40a750-1c11-3d37-9fb1-879a03f933ec.TEI.1.text.1.body.1.div.1.p.22" xml:lang="nl" rend="font-size: 8.5; line-height: 9.6pt" xmlns="http://www.tei-c.org/ns/1.0">Diamant 372, 480, 485, 585, 771<lb/> Diamond (Eng.) 169, 262<lb/> Discovre (Eng.) 16, 93, 232, 262<lb/> Dolfijn 156, 195, 232, 261, 288, 297, 746,<lb/> 812, 818<lb/></p><p xml:id="INT_ab40a750-1c11-3d37-9fb1-879a03f933ec.TEI.1.text.1.body.1.div.1.p.23" xml:lang="nl" rend="font-size: 8.5; line-height: 9.6pt" xmlns="http://www.tei-c.org/ns/1.0">Dolphine (Eng.) 262, 291, 315, 328, 348, 362<lb/> Dordrecht 746, 751, 773, 774, 812, 818<lb/> Draak 68, 746, 759, 769, 818<lb/> Dromedaris 306, 585, 712, 713, 763<lb/> Duif (Eng.) 385, 467, 534, 673, 696, 743, 768<lb/> Duif, Witte 261, 364, 391, 394, 444, 452, 471,<lb/> 775<lb/></p><p xml:id="INT_ab40a750-1c11-3d37-9fb1-879a03f933ec.TEI.1.text.1.body.1.div.1.p.24" xml:lang="nl" rend="font-size: 8; text-align: center; line-height: 8.9pt" xmlns="http://www.tei-c.org/ns/1.0">E.<lb/></p><p xml:id="INT_ab40a750-1c11-3d37-9fb1-879a03f933ec.TEI.1.text.1.body.1.div.1.p.25" xml:lang="nl" rend="font-size: 8.5; line-height: 9.9pt; margin-left: 1100; text-indent: -11.0pt" xmlns="http://www.tei-c.org/ns/1.0">Eagle (Eng.) 12-14, 16, 101, 290, 296, 336,<lb/> 376, 769, 796<lb/></p><pb xml:id="INT_ab40a750-1c11-3d37-9fb1-879a03f933ec.TEI.1.text.1.body.1.div.1.pb.2" n="853" facs="http://resources.huygens.knaw.nl/retroapp/service_generalemissiven/gm_02/images/gm_2_112_0853.tif"/><fw xml:id="INT_ab40a750-1c11-3d37-9fb1-879a03f933ec.TEI.1.text.1.body.1.div.1.fw.1" place="top" type="head" facs="#zone.4332394" xmlns="http://www.tei-c.org/ns/1.0">INDEX VAN SCHEEPSNAMEN</fw><fw xml:id="INT_ab40a750-1c11-3d37-9fb1-879a03f933ec.TEI.1.text.1.body.1.div.1.fw.2" place="top" type="page-number" facs="#zone.4332400" xmlns="http://www.tei-c.org/ns/1.0">853</fw><p xml:id="INT_ab40a750-1c11-3d37-9fb1-879a03f933ec.TEI.1.text.1.body.1.div.1.p.26" xml:lang="nl" rend="font-size: 8.5; line-height: 9.6pt" xmlns="http://www.tei-c.org/ns/1.0">Eendracht 195, 240, 286<lb/> Egmond 131, 264<lb/> Ekster 12, 13, 775<lb/> Emilia 8, 23, 54, 81, 82, 96<lb/> Endeavour (Eng.) 255, 385, 467, 498, 733,<lb/> 767, 768<lb/></p><p xml:id="INT_ab40a750-1c11-3d37-9fb1-879a03f933ec.TEI.1.text.1.body.1.div.1.p.27" xml:lang="nl" rend="font-size: 8.5; text-align: justify; line-height: 9.6pt" xmlns="http://www.tei-c.org/ns/1.0">Endymion (Eng.) 302, 306, 399, 472, 521, 522<lb/> Engel 94, 191<lb/></p><p xml:id="INT_ab40a750-1c11-3d37-9fb1-879a03f933ec.TEI.1.text.1.body.1.div.1.p.28" xml:lang="nl" rend="font-size: 8.5; line-height: 9.6pt" xmlns="http://www.tei-c.org/ns/1.0">Enkhuizen 53, 54, 97, 234, 244, 262, 277,<lb/> 464, 586, 821<lb/> Erasmus 740, 759<lb/></p><p xml:id="INT_ab40a750-1c11-3d37-9fb1-879a03f933ec.TEI.1.text.1.body.1.div.1.p.29" xml:lang="nl" rend="font-size: 8.5; line-height: 9.6pt" xmlns="http://www.tei-c.org/ns/1.0">Expedition (Eng.) 13-16, 101, 128, 160, 385,<lb/> 483, 548, 553, 715<lb/> Ezel (Deens) 413<lb/></p><p xml:id="INT_ab40a750-1c11-3d37-9fb1-879a03f933ec.TEI.1.text.1.body.1.div.1.p.30" xml:lang="nl" rend="font-size: 8.5; line-height: 9.4pt; margin-left: 8200" xmlns="http://www.tei-c.org/ns/1.0">F.<lb/></p><p xml:id="INT_ab40a750-1c11-3d37-9fb1-879a03f933ec.TEI.1.text.1.body.1.div.1.p.31" xml:lang="nl" rend="font-size: 8.5; line-height: 9.6pt" xmlns="http://www.tei-c.org/ns/1.0">Farewell (Eng.) 328, 399<lb/> Fleece, Golden (Eng.) 343, 467, 469<lb/> Fortuin (Deens) 238<lb/> Francis (Eng.) 348, 467, 498, 601<lb/> Franeker 50, 53, 54, 88, 111, 131, 155, 182,<lb/> 188<lb/></p><p xml:id="INT_ab40a750-1c11-3d37-9fb1-879a03f933ec.TEI.1.text.1.body.1.div.1.p.32" xml:lang="nl" rend="font-size: 8.5; line-height: 9.6pt" xmlns="http://www.tei-c.org/ns/1.0">Fredericus (Deens) 791<lb/> Frederik Hendrik 107, 125, 168, 170, 193,<lb/> 201, 260, 262, 272<lb/></p><p xml:id="INT_ab40a750-1c11-3d37-9fb1-879a03f933ec.TEI.1.text.1.body.1.div.1.p.33" xml:lang="nl" rend="font-size: 8; line-height: 8.9pt; margin-left: 8200" xmlns="http://www.tei-c.org/ns/1.0">G.<lb/></p><p xml:id="INT_ab40a750-1c11-3d37-9fb1-879a03f933ec.TEI.1.text.1.body.1.div.1.p.34" xml:lang="nl" rend="font-size: 8.5; line-height: 9.6pt" xmlns="http://www.tei-c.org/ns/1.0">Galiasse 8, 23, 37, 81, 82<lb/> Gallioen, Spaanse 223<lb/> Gange (Port.) 343<lb/></p><p xml:id="INT_ab40a750-1c11-3d37-9fb1-879a03f933ec.TEI.1.text.1.body.1.div.1.p.35" xml:lang="nl" rend="font-size: 8.5; line-height: 9.6pt; margin-left: 1100; text-indent: -11.0pt" xmlns="http://www.tei-c.org/ns/1.0">Gans, Gulden 234, 268, 280, 300 ,391, 596,<lb/> 685<lb/></p><p xml:id="INT_ab40a750-1c11-3d37-9fb1-879a03f933ec.TEI.1.text.1.body.1.div.1.p.36" xml:lang="nl" rend="font-size: 8.5; line-height: 9.6pt" xmlns="http://www.tei-c.org/ns/1.0">Gaping(e) 234, 514, 570, 641, 646, 775<lb/></p><p xml:id="INT_ab40a750-1c11-3d37-9fb1-879a03f933ec.TEI.1.text.1.body.1.div.1.p.37" xml:lang="nl" rend="font-size: 8.5; line-height: 9.6pt" xmlns="http://www.tei-c.org/ns/1.0">Geisjauwer (Hind.) 415<lb/></p><p xml:id="INT_ab40a750-1c11-3d37-9fb1-879a03f933ec.TEI.1.text.1.body.1.div.1.p.38" xml:lang="nl" rend="font-size: 8.5; line-height: 9.6pt" xmlns="http://www.tei-c.org/ns/1.0">Geldria 795<lb/></p><p xml:id="INT_ab40a750-1c11-3d37-9fb1-879a03f933ec.TEI.1.text.1.body.1.div.1.p.39" xml:lang="nl" rend="font-size: 8.5; line-height: 9.6pt" xmlns="http://www.tei-c.org/ns/1.0">George (Eng.) 16<lb/></p><p xml:id="INT_ab40a750-1c11-3d37-9fb1-879a03f933ec.TEI.1.text.1.body.1.div.1.p.40" xml:lang="nl" rend="font-size: 8.5; line-height: 9.6pt" xmlns="http://www.tei-c.org/ns/1.0">Gideon 770, 812, 818<lb/></p><p xml:id="INT_ab40a750-1c11-3d37-9fb1-879a03f933ec.TEI.1.text.1.body.1.div.1.p.41" xml:lang="nl" rend="font-size: 8.5; line-height: 9.6pt" xmlns="http://www.tei-c.org/ns/1.0">Goa 775<lb/></p><p xml:id="INT_ab40a750-1c11-3d37-9fb1-879a03f933ec.TEI.1.text.1.body.1.div.1.p.42" xml:lang="nl" rend="font-size: 8.5; line-height: 9.6pt" xmlns="http://www.tei-c.org/ns/1.0">Goes 23, 24, 26, 27<lb/> Goudsbloem 746, 773<lb/> Graft 94, 132, 145, 261, 263<lb/> Greyhound (Eng.) 291, 336, 385<lb/> Griffioen 350, 387, 410, 508, 522, 567, 639,<lb/> 802, 811<lb/></p><p xml:id="INT_ab40a750-1c11-3d37-9fb1-879a03f933ec.TEI.1.text.1.body.1.div.1.p.43" xml:lang="nl" rend="font-size: 8.5; line-height: 9.6pt" xmlns="http://www.tei-c.org/ns/1.0">Grol 4, 5, 56, 131<lb/></p><p xml:id="INT_ab40a750-1c11-3d37-9fb1-879a03f933ec.TEI.1.text.1.body.1.div.1.p.44" xml:lang="nl" rend="font-size: 8.5; line-height: 9.6pt; margin-left: 1100; text-indent: -11.0pt" xmlns="http://www.tei-c.org/ns/1.0">Grijpskerk 62, 63, 128, 208, 459, 511, 512,<lb/> 517, 568, 646<lb/></p><p xml:id="INT_ab40a750-1c11-3d37-9fb1-879a03f933ec.TEI.1.text.1.body.1.div.1.p.45" xml:lang="nl" rend="font-size: 8; line-height: 8.9pt; margin-left: 8200" xmlns="http://www.tei-c.org/ns/1.0">H.<lb/></p><p xml:id="INT_ab40a750-1c11-3d37-9fb1-879a03f933ec.TEI.1.text.1.body.1.div.1.p.46" xml:lang="nl" rend="font-size: 8.5; line-height: 9.3pt; margin-left: 1100; text-indent: -11.0pt" xmlns="http://www.tei-c.org/ns/1.0">Haan 198, 207, 268, 279, 303, 338, 339, 378,<lb/> 502<lb/></p><p xml:id="INT_ab40a750-1c11-3d37-9fb1-879a03f933ec.TEI.1.text.1.body.1.div.1.p.47" xml:lang="nl" rend="font-size: 8.5; line-height: 9.3pt; margin-left: 1100; text-indent: -11.0pt" xmlns="http://www.tei-c.org/ns/1.0">Haarlem 54, 88, 128, 137, 200, 243, 283, 296,<lb/> 305, 311<lb/></p><p xml:id="INT_ab40a750-1c11-3d37-9fb1-879a03f933ec.TEI.1.text.1.body.1.div.1.p.48" xml:lang="nl" rend="font-size: 8.5; line-height: 9.3pt" xmlns="http://www.tei-c.org/ns/1.0">Haas 673, 751, 768, 775<lb/> Harderwijk 30, 34-36, 54, 97, 170, 201, 235,<lb/> 302, 307<lb/></p><p xml:id="INT_ab40a750-1c11-3d37-9fb1-879a03f933ec.TEI.1.text.1.body.1.div.1.p.49" xml:lang="nl" rend="font-size: 8.5; line-height: 9.6pt" xmlns="http://www.tei-c.org/ns/1.0">Haring 234, 261, 494<lb/> Hazewind 183, 205, 406, 505, 506, 633<lb/> Heemskerk 88, 89, 105, 106, 131, 140, 247,<lb/> 293<lb/></p><p xml:id="INT_ab40a750-1c11-3d37-9fb1-879a03f933ec.TEI.1.text.1.body.1.div.1.p.50" xml:lang="nl" rend="font-size: 8.5; line-height: 9.6pt" xmlns="http://www.tei-c.org/ns/1.0">Heemstede 131, 135, 221, 261, 386, 447<lb/> Henriette Louise 53, 97, 234, 244, 261, 268,<lb/> 278, 392, 480, 501, 506, 746, 770, 812, 818<lb/> Hert (Eng.) 238, 297, 330, 332, 796, 823<lb/> Hert, Vliegend 37, 84, 88, 115, 135, 144, 208,<lb/> 226<lb/></p><p xml:id="INT_ab40a750-1c11-3d37-9fb1-879a03f933ec.TEI.1.text.1.body.1.div.1.p.51" xml:lang="nl" rend="font-size: 8.5; line-height: 9.6pt" xmlns="http://www.tei-c.org/ns/1.0">’s-Hertogenbosch 34, 35, 41, 43, 44, 54, 115,<lb/> 123, 157, 167, 194<lb/> Hillegersberg 267, 268, 279, 723<lb/> Hind (Eng.) 240, 467<lb/> Hof van Holland 53, 54, 59, 89, 107, 124<lb/> Hof van Zeeland 208, 276, 277, 585, 640, 820<lb/> Hollandia 54, 89, 90, 95, 106, 118, 131, 181,<lb/> 201, 226<lb/></p><p xml:id="INT_ab40a750-1c11-3d37-9fb1-879a03f933ec.TEI.1.text.1.body.1.div.1.p.52" xml:lang="nl" rend="font-size: 8.5; line-height: 9.6pt" xmlns="http://www.tei-c.org/ns/1.0">Hollandia, Klein 62, 63<lb/> Hoop 242<lb/></p><p xml:id="INT_ab40a750-1c11-3d37-9fb1-879a03f933ec.TEI.1.text.1.body.1.div.1.p.53" xml:lang="nl" rend="font-size: 8.5; line-height: 9.6pt" xmlns="http://www.tei-c.org/ns/1.0">Hoop, Goede 609, 673, 715, 775<lb/> Hoop, Goede (Deens) 285, 762<lb/> Hoorn 558, 601, 716<lb/> Hopewell (Eng.) 101, 128, 169, 232, 262<lb/> Hulst 306, 386, 574<lb/></p><p xml:id="INT_ab40a750-1c11-3d37-9fb1-879a03f933ec.TEI.1.text.1.body.1.div.1.p.54" xml:lang="nl" rend="font-size: 9; font-weight: bold; line-height: 10.0pt; margin-left: 8200" xmlns="http://www.tei-c.org/ns/1.0">I.<lb/></p><p xml:id="INT_ab40a750-1c11-3d37-9fb1-879a03f933ec.TEI.1.text.1.body.1.div.1.p.55" xml:lang="nl" rend="font-size: 8.5; line-height: 19.2pt" xmlns="http://www.tei-c.org/ns/1.0">Ilhey (Hind.) 376<lb/></p><p xml:id="INT_ab40a750-1c11-3d37-9fb1-879a03f933ec.TEI.1.text.1.body.1.div.1.p.56" xml:lang="nl" rend="font-size: 8; font-weight: bold; line-height: 19.2pt; margin-left: 8200" xmlns="http://www.tei-c.org/ns/1.0">J.<lb/></p><p xml:id="INT_ab40a750-1c11-3d37-9fb1-879a03f933ec.TEI.1.text.1.body.1.div.1.p.57" xml:lang="nl" rend="font-size: 8.5; line-height: 9.3pt" xmlns="http://www.tei-c.org/ns/1.0">Jafnapatam 648, 761<lb/> Jager 201<lb/> James (Eng.) 319<lb/> Japara (Eng.) 467<lb/> Jask, zie Supply<lb/> Jewell (Eng.) 15, 16<lb/> Jonas (Eng.) 101, 255<lb/> Jonathan (Eng.) 769, 774, 808<lb/> Jonker 276, 321-323, 355, 363, 392, 454, 542,<lb/> 613, 743, 815<lb/> Juffer 272, 292, 316, 471<lb/></p><p xml:id="INT_ab40a750-1c11-3d37-9fb1-879a03f933ec.TEI.1.text.1.body.1.div.1.p.58" xml:lang="nl" rend="font-size: 8; line-height: 8.9pt; margin-left: 8200" xmlns="http://www.tei-c.org/ns/1.0">K.<lb/></p><p xml:id="INT_ab40a750-1c11-3d37-9fb1-879a03f933ec.TEI.1.text.1.body.1.div.1.p.59" xml:lang="nl" rend="font-size: 8.5; line-height: 9.6pt" xmlns="http://www.tei-c.org/ns/1.0">Kaap vogel 773<lb/></p><p xml:id="INT_ab40a750-1c11-3d37-9fb1-879a03f933ec.TEI.1.text.1.body.1.div.1.p.60" xml:lang="nl" rend="font-size: 8.5; line-height: 9.6pt" xmlns="http://www.tei-c.org/ns/1.0">Kabeljauw 665, 768, 796, 797, 810<lb/> Kalf 746, 790<lb/></p><p xml:id="INT_ab40a750-1c11-3d37-9fb1-879a03f933ec.TEI.1.text.1.body.1.div.1.p.61" xml:lang="nl" rend="font-size: 8.5; line-height: 9.6pt" xmlns="http://www.tei-c.org/ns/1.0">Kampen 306, 364, 390, 698, 701, 709<lb/> Kapelle 88, 158, 159, 210<lb/> Kat, Vergulde 624, 721, 810<lb/> Katwijk 651-653<lb/></p><p xml:id="INT_ab40a750-1c11-3d37-9fb1-879a03f933ec.TEI.1.text.1.body.1.div.1.p.62" xml:lang="nl" rend="font-size: 8.5; line-height: 9.6pt" xmlns="http://www.tei-c.org/ns/1.0">Kievit 124, 131, 176, 213, 267, 280, 289, 338,<lb/> 341, 403, 414, 506, 645, 687, 795<lb/> Koe 364, 605, 649, 666, 704<lb/> Koning David 283, 303, 345, 530, 538, 550,<lb/> 551, 673, 745<lb/></p><p xml:id="INT_ab40a750-1c11-3d37-9fb1-879a03f933ec.TEI.1.text.1.body.1.div.1.p.63" xml:lang="nl" rend="font-size: 8.5; line-height: 9.6pt" xmlns="http://www.tei-c.org/ns/1.0">Koningin van Zweden 493<lb/></p><pb xml:id="INT_ab40a750-1c11-3d37-9fb1-879a03f933ec.TEI.1.text.1.body.1.div.1.pb.3" n="854" facs="http://resources.huygens.knaw.nl/retroapp/service_generalemissiven/gm_02/images/gm_2_112_0854.tif"/><fw xml:id="INT_ab40a750-1c11-3d37-9fb1-879a03f933ec.TEI.1.text.1.body.1.div.1.fw.3" place="top" type="page-number" facs="#zone.4333563" xmlns="http://www.tei-c.org/ns/1.0">854</fw><fw xml:id="INT_ab40a750-1c11-3d37-9fb1-879a03f933ec.TEI.1.text.1.body.1.div.1.fw.4" place="top" type="head" facs="#zone.4333567" xmlns="http://www.tei-c.org/ns/1.0">INDEX VAN SCHEEPSNAMEN</fw><p xml:id="INT_ab40a750-1c11-3d37-9fb1-879a03f933ec.TEI.1.text.1.body.1.div.1.p.64" xml:lang="nl" rend="font-size: 8.5; line-height: 9.6pt" xmlns="http://www.tei-c.org/ns/1.0">Koning van Polen 267, 474, 624, 812, 818<lb/> Korsör (Deens) 13, 64, 91, 92, 148<lb/> Koudekerke 12<lb/></p><p xml:id="INT_ab40a750-1c11-3d37-9fb1-879a03f933ec.TEI.1.text.1.body.1.div.1.p.65" xml:lang="nl" rend="font-size: 8.5; line-height: 9.4pt; margin-left: 8000" xmlns="http://www.tei-c.org/ns/1.0">L.<lb/></p><p xml:id="INT_ab40a750-1c11-3d37-9fb1-879a03f933ec.TEI.1.text.1.body.1.div.1.p.66" xml:lang="nl" rend="font-size: 8.5; line-height: 9.6pt" xmlns="http://www.tei-c.org/ns/1.0">Lam, Gevonden 683<lb/></p><p xml:id="INT_ab40a750-1c11-3d37-9fb1-879a03f933ec.TEI.1.text.1.body.1.div.1.p.67" xml:lang="nl" rend="font-size: 8.5; line-height: 9.6pt" xmlns="http://www.tei-c.org/ns/1.0">Lam, Witte 500, 620, 746, 781, 814<lb/></p><p xml:id="INT_ab40a750-1c11-3d37-9fb1-879a03f933ec.TEI.1.text.1.body.1.div.1.p.68" xml:lang="nl" rend="font-size: 8.5; line-height: 9.6pt" xmlns="http://www.tei-c.org/ns/1.0">Langer ak 69<lb/></p><p xml:id="INT_ab40a750-1c11-3d37-9fb1-879a03f933ec.TEI.1.text.1.body.1.div.1.p.69" xml:lang="nl" rend="font-size: 8.5; line-height: 9.6pt" xmlns="http://www.tei-c.org/ns/1.0">Lastdrager 387, 400, 480<lb/></p><p xml:id="INT_ab40a750-1c11-3d37-9fb1-879a03f933ec.TEI.1.text.1.body.1.div.1.p.70" xml:lang="nl" rend="font-size: 8.5; line-height: 9.6pt" xmlns="http://www.tei-c.org/ns/1.0">Leeuw 586<lb/></p><p xml:id="INT_ab40a750-1c11-3d37-9fb1-879a03f933ec.TEI.1.text.1.body.1.div.1.p.71" xml:lang="nl" rend="font-size: 8.5; line-height: 9.6pt" xmlns="http://www.tei-c.org/ns/1.0">Leeuw, Gouden 767<lb/></p><p xml:id="INT_ab40a750-1c11-3d37-9fb1-879a03f933ec.TEI.1.text.1.body.1.div.1.p.72" xml:lang="nl" rend="font-size: 8.5; line-height: 9.6pt" xmlns="http://www.tei-c.org/ns/1.0">Leeuw, Witte 639<lb/></p><p xml:id="INT_ab40a750-1c11-3d37-9fb1-879a03f933ec.TEI.1.text.1.body.1.div.1.p.73" xml:lang="nl" rend="font-size: 8.5; line-height: 9.6pt" xmlns="http://www.tei-c.org/ns/1.0">Leeuwarden 37, 54, 88, 116, 165, 170, 183,<lb/> 214, 230, 276, 480, 692<lb/> Leeuwerik 183, 205, 224, 267, 280, 333, 344<lb/> Leeuwin 673, 745<lb/> Leiden 29<lb/></p><p xml:id="INT_ab40a750-1c11-3d37-9fb1-879a03f933ec.TEI.1.text.1.body.1.div.1.p.74" xml:lang="nl" rend="font-size: 8.5; line-height: 9.6pt; margin-left: 1100; text-indent: -11.0pt" xmlns="http://www.tei-c.org/ns/1.0">Le(o)noret (Eng.) 553, 566, 673, 731-733, 765,<lb/> 767<lb/></p><p xml:id="INT_ab40a750-1c11-3d37-9fb1-879a03f933ec.TEI.1.text.1.body.1.div.1.p.75" xml:lang="nl" rend="font-size: 8.5; line-height: 9.6pt; margin-left: 1100; text-indent: -11.0pt" xmlns="http://www.tei-c.org/ns/1.0">Liefde 98, 108, 111, 121, 131, 364, 420, 422,<lb/> 474<lb/></p><p xml:id="INT_ab40a750-1c11-3d37-9fb1-879a03f933ec.TEI.1.text.1.body.1.div.1.p.76" xml:lang="nl" rend="font-size: 8.5; line-height: 9.6pt" xmlns="http://www.tei-c.org/ns/1.0">Liefde (Deens) 714<lb/> Liefde (Eng.) 548, 549, 601, 715<lb/> Liefde, Gekroonde 306, 423, 613, 692-694,<lb/> 755, 756<lb/></p><p xml:id="INT_ab40a750-1c11-3d37-9fb1-879a03f933ec.TEI.1.text.1.body.1.div.1.p.77" xml:lang="nl" rend="font-size: 8.5; line-height: 9.6pt; margin-left: 1100; text-indent: -11.0pt" xmlns="http://www.tei-c.org/ns/1.0">Lillo 155, 224, 267, 280, 343, 411, 562, 563,<lb/> 695<lb/></p><p xml:id="INT_ab40a750-1c11-3d37-9fb1-879a03f933ec.TEI.1.text.1.body.1.div.1.p.78" xml:lang="nl" rend="font-size: 8.5; line-height: 9.6pt" xmlns="http://www.tei-c.org/ns/1.0">Limmen 131, 572<lb/> Lingen 108<lb/></p><p xml:id="INT_ab40a750-1c11-3d37-9fb1-879a03f933ec.TEI.1.text.1.body.1.div.1.p.79" xml:lang="nl" rend="font-size: 8.5; line-height: 9.6pt" xmlns="http://www.tei-c.org/ns/1.0">Lioness (Eng.) 409, 477, 479<lb/> Lis 38, 60, 88, 131, 328, 371, 583<lb/> Londen (Eng.) 15, 16<lb/> Luipaard 183, 239, 471<lb/></p><p xml:id="INT_ab40a750-1c11-3d37-9fb1-879a03f933ec.TEI.1.text.1.body.1.div.1.p.80" xml:lang="nl" rend="font-size: 8.5; line-height: 9.4pt; margin-left: 8000" xmlns="http://www.tei-c.org/ns/1.0">M.<lb/></p><p xml:id="INT_ab40a750-1c11-3d37-9fb1-879a03f933ec.TEI.1.text.1.body.1.div.1.p.81" xml:lang="nl" rend="font-size: 8.5; line-height: 9.3pt" xmlns="http://www.tei-c.org/ns/1.0">Maagd van Dordrecht 765<lb/> Maan 30, 34, 35, 95, 155, 182, 188<lb/> Maasland 267, 279, 444, 451, 452, 471, 501,<lb/> 506, 581, 744<lb/></p><p xml:id="INT_ab40a750-1c11-3d37-9fb1-879a03f933ec.TEI.1.text.1.body.1.div.1.p.82" xml:lang="nl" rend="font-size: 8.5; line-height: 9.3pt" xmlns="http://www.tei-c.org/ns/1.0">Maastricht 124, 137, 138, 165, 170, 183, 201,<lb/> 244, 261, 314, 339, 343, 424, 464, 481, 507,<lb/> 581<lb/></p><p xml:id="INT_ab40a750-1c11-3d37-9fb1-879a03f933ec.TEI.1.text.1.body.1.div.1.p.83" xml:lang="nl" rend="font-size: 8.5; line-height: 9.3pt" xmlns="http://www.tei-c.org/ns/1.0">Makassar 514<lb/> Makreel 234, 642, 695, 752<lb/> Malakka 200, 236, 243, 255, 283, 512, 568,<lb/> 586, 640, 745<lb/> Mansour (Turks) 39<lb/> Marguerite (Frans) 93<lb/></p><p xml:id="INT_ab40a750-1c11-3d37-9fb1-879a03f933ec.TEI.1.text.1.body.1.div.1.p.84" xml:lang="nl" rend="font-size: 8.5; line-height: 9.3pt" xmlns="http://www.tei-c.org/ns/1.0">Maria de Medici 29, 54, 89, 90, 95, 97, 155,<lb/> 182, 187, 246<lb/> Mars 810<lb/></p><p xml:id="INT_ab40a750-1c11-3d37-9fb1-879a03f933ec.TEI.1.text.1.body.1.div.1.p.85" xml:lang="nl" rend="font-size: 8.5; line-height: 9.3pt" xmlns="http://www.tei-c.org/ns/1.0">Mary (Eng.) 16, 41, 262, 291, 328, 330<lb/> Mauritius 234<lb/></p><p xml:id="INT_ab40a750-1c11-3d37-9fb1-879a03f933ec.TEI.1.text.1.body.1.div.1.p.86" xml:lang="nl" rend="font-size: 8.5; line-height: 9.3pt; margin-left: 1100; text-indent: -11.0pt" xmlns="http://www.tei-c.org/ns/1.0">Meerman 88, 136, 177, 215, 268, 279, 289,<lb/> 481<lb/></p><p xml:id="INT_ab40a750-1c11-3d37-9fb1-879a03f933ec.TEI.1.text.1.body.1.div.1.p.87" xml:lang="nl" rend="font-size: 8.5; line-height: 9.3pt" xmlns="http://www.tei-c.org/ns/1.0">Merchant, Aleppo (Eng.) 548, 553<lb/> Merchant, Assade (Eng.) 739<lb/></p><p xml:id="INT_ab40a750-1c11-3d37-9fb1-879a03f933ec.TEI.1.text.1.body.1.div.1.p.88" xml:lang="nl" rend="font-size: 8.5; line-height: 9.6pt" xmlns="http://www.tei-c.org/ns/1.0">Merchant, (East-) Indian (Eng.) 441, 467,<lb/> 469, 666, 774, 808<lb/> Merchant, Sede (Eng.) 548<lb/> Merchant, Smyrna (Eng.) 628, 730<lb/> Middelburg 54, 88, 183, 276, 302, 303<lb/> Molukko 771<lb/> Moon (Eng.) 138<lb/></p><p xml:id="INT_ab40a750-1c11-3d37-9fb1-879a03f933ec.TEI.1.text.1.body.1.div.1.p.89" xml:lang="nl" rend="font-size: 8.5; line-height: 9.6pt; margin-right: 2100" xmlns="http://www.tei-c.org/ns/1.0">Morgenster 497, 658, 735, 740, 765, 814<lb/> Muiden 673, 768, 769, 818<lb/></p><p xml:id="INT_ab40a750-1c11-3d37-9fb1-879a03f933ec.TEI.1.text.1.body.1.div.1.p.90" xml:lang="nl" rend="font-size: 8.5; text-align: center; line-height: 9.4pt" xmlns="http://www.tei-c.org/ns/1.0">N.<lb/></p><p xml:id="INT_ab40a750-1c11-3d37-9fb1-879a03f933ec.TEI.1.text.1.body.1.div.1.p.91" xml:lang="nl" rend="font-size: 8.5; line-height: 9.6pt" xmlns="http://www.tei-c.org/ns/1.0">Naarden 746, 759<lb/></p><p xml:id="INT_ab40a750-1c11-3d37-9fb1-879a03f933ec.TEI.1.text.1.body.1.div.1.p.92" xml:lang="nl" rend="font-size: 8.5; line-height: 9.6pt" xmlns="http://www.tei-c.org/ns/1.0">Nassau 12, 68, 89, 94, 95, 99, 163, 167, 172,<lb/> 177, 183, 234, 244, 275, 292, 441, 464<lb/> Nazareth (Golcondaas) 598, 710-713, 822<lb/> Negapatam 9, 10, 77, 95<lb/> Neptunus 106, 110, 131, 145, 181, 239<lb/> Noordster 144, 158, 214, 264, 364<lb/> Nossa Senhora da Gra?a (Port.) 638<lb/></p><p xml:id="INT_ab40a750-1c11-3d37-9fb1-879a03f933ec.TEI.1.text.1.body.1.div.1.p.93" xml:lang="nl" rend="font-size: 9; font-weight: bold; text-align: center; line-height: 10.0pt" xmlns="http://www.tei-c.org/ns/1.0">O.<lb/></p><p xml:id="INT_ab40a750-1c11-3d37-9fb1-879a03f933ec.TEI.1.text.1.body.1.div.1.p.94" xml:lang="nl" rend="font-size: 8.5; line-height: 9.6pt; margin-left: 1000; text-indent: -10.0pt" xmlns="http://www.tei-c.org/ns/1.0">Olifant 585, 606<lb/></p><p xml:id="INT_ab40a750-1c11-3d37-9fb1-879a03f933ec.TEI.1.text.1.body.1.div.1.p.95" xml:lang="nl" rend="font-size: 8.5; line-height: 9.6pt" xmlns="http://www.tei-c.org/ns/1.0">Olifant, Witte 106, 141, 146, 166, 200, 206,<lb/> 243, 283, 296, 303, 305, 349<lb/> Olifant, Witte (Siamees) 525<lb/> Oliveiros (Port.) 5, 16, 52, 130<lb/> Onrust 589, 674, 771<lb/> Oostkapelle 7, 84, 87, 191<lb/> Oranje 234, 243, 262, 468, 480, 525, 626, 673,<lb/> 745<lb/></p><p xml:id="INT_ab40a750-1c11-3d37-9fb1-879a03f933ec.TEI.1.text.1.body.1.div.1.p.96" xml:lang="nl" rend="font-size: 8.5; line-height: 9.6pt" xmlns="http://www.tei-c.org/ns/1.0">Oranjeboom 168, 224, 259, 315<lb/> Os 507, 549, 624, 730, 754, 823<lb/> Otter 82, 84, 141, 166, 187, 201, 226, 237<lb/> Oudewater 131, 160, 202, 270, 280<lb/> Oudgeest 268, 288<lb/></p><p xml:id="INT_ab40a750-1c11-3d37-9fb1-879a03f933ec.TEI.1.text.1.body.1.div.1.p.97" xml:lang="nl" rend="font-size: 8.5; line-height: 9.6pt; margin-left: 1000; text-indent: -10.0pt" xmlns="http://www.tei-c.org/ns/1.0">Overschie 234, 292, 293, 298, 300, 311, 345,<lb/> 391, 392, 686, 762, 794, 795, 813<lb/></p><p xml:id="INT_ab40a750-1c11-3d37-9fb1-879a03f933ec.TEI.1.text.1.body.1.div.1.p.98" xml:lang="nl" rend="font-size: 8.5; line-height: 9.6pt; margin-left: 1000; text-indent: -10.0pt" xmlns="http://www.tei-c.org/ns/1.0">Paard, Witte 303, 321, 485, 605, 609, 757,<lb/> 781, 814<lb/></p><p xml:id="INT_ab40a750-1c11-3d37-9fb1-879a03f933ec.TEI.1.text.1.body.1.div.1.p.99" xml:lang="nl" rend="font-size: 8.5; line-height: 9.6pt; margin-left: 1000; text-indent: -10.0pt" xmlns="http://www.tei-c.org/ns/1.0">Parel 585, 603, 606, 612, 640, 744, 746, 812,<lb/> 818, 823<lb/></p><p xml:id="INT_ab40a750-1c11-3d37-9fb1-879a03f933ec.TEI.1.text.1.body.1.div.1.p.100" xml:lang="nl" rend="font-size: 8.5; line-height: 9.6pt" xmlns="http://www.tei-c.org/ns/1.0">Patiencie 283, 285, 356, 364, 394, 403, 685<lb/> Pauw 88, 110, 131, 140, 141, 166, 177, 192.<lb/> 202, 204, 205, 214, 226, 227, 240, 245, 259,<lb/> 294<lb/></p><p xml:id="INT_ab40a750-1c11-3d37-9fb1-879a03f933ec.TEI.1.text.1.body.1.div.1.p.101" xml:lang="nl" rend="font-size: 8.5; line-height: 9.6pt; margin-right: 4700" xmlns="http://www.tei-c.org/ns/1.0">Pelikaan 534, 538, 605, 608, 754<lb/> Perak 512, 568<lb/></p><p xml:id="INT_ab40a750-1c11-3d37-9fb1-879a03f933ec.TEI.1.text.1.body.1.div.1.p.102" xml:lang="nl" rend="font-size: 8.5; line-height: 9.6pt; margin-right: 3200" xmlns="http://www.tei-c.org/ns/1.0">Petten 29, 82, 84, 236, 260, 287, 300<lb/> Planter (Eng.) 51, 101<lb/></p><p xml:id="INT_ab40a750-1c11-3d37-9fb1-879a03f933ec.TEI.1.text.1.body.1.div.1.p.103" xml:lang="nl" rend="font-size: 8.5; line-height: 9.6pt; margin-left: 1000; text-indent: -10.0pt" xmlns="http://www.tei-c.org/ns/1.0">Popkensburg 550, 565, 566, 568, 598, 633,<lb/> 658, 767<lb/></p><p xml:id="INT_ab40a750-1c11-3d37-9fb1-879a03f933ec.TEI.1.text.1.body.1.div.1.p.104" xml:lang="nl" rend="font-size: 8.5; line-height: 9.6pt; margin-left: 1000; text-indent: -10.0pt" xmlns="http://www.tei-c.org/ns/1.0">Post 234, 259, 273, 281, 339, 350, 505, 506,<lb/> 514, 599, 631, 721, 750, 751, 773<lb/></p><pb xml:id="INT_ab40a750-1c11-3d37-9fb1-879a03f933ec.TEI.1.text.1.body.1.div.1.pb.4" n="855" facs="http://resources.huygens.knaw.nl/retroapp/service_generalemissiven/gm_02/images/gm_2_112_0855.tif"/><fw xml:id="INT_ab40a750-1c11-3d37-9fb1-879a03f933ec.TEI.1.text.1.body.1.div.1.fw.5" place="top" type="head" facs="#zone.4336138" xmlns="http://www.tei-c.org/ns/1.0">INDEX VAN SCHEEPSNAMEN</fw><fw xml:id="INT_ab40a750-1c11-3d37-9fb1-879a03f933ec.TEI.1.text.1.body.1.div.1.fw.6" place="top" type="page-number" facs="#zone.4336144" xmlns="http://www.tei-c.org/ns/1.0">855</fw><p xml:id="INT_ab40a750-1c11-3d37-9fb1-879a03f933ec.TEI.1.text.1.body.1.div.1.p.105" xml:lang="nl" rend="font-size: 8.5; line-height: 9.3pt" xmlns="http://www.tei-c.org/ns/1.0">Potvis 374, 444, 471, 534<lb/> Princess Royal 423, 586, 640, 745, 746, 812,<lb/> 818<lb/></p><p xml:id="INT_ab40a750-1c11-3d37-9fb1-879a03f933ec.TEI.1.text.1.body.1.div.1.p.106" xml:lang="nl" rend="font-size: 8.5; line-height: 9.3pt" xmlns="http://www.tei-c.org/ns/1.0">Prins 821, 824<lb/></p><p xml:id="INT_ab40a750-1c11-3d37-9fb1-879a03f933ec.TEI.1.text.1.body.1.div.1.p.107" xml:lang="nl" rend="font-size: 8.5; line-height: 9.3pt; margin-left: 1100; text-indent: -11.0pt" xmlns="http://www.tei-c.org/ns/1.0">Prins, Jonge 20, 322, 324, 562, 599, 633, 795,<lb/> 822<lb/></p><p xml:id="INT_ab40a750-1c11-3d37-9fb1-879a03f933ec.TEI.1.text.1.body.1.div.1.p.108" xml:lang="nl" rend="font-size: 8.5; line-height: 9.3pt" xmlns="http://www.tei-c.org/ns/1.0">Prins Willem 480, 481, 585, 738, 745<lb/> Providence (Eng.) 13-16<lb/> Provinciën 208, 223, 283, 585, 615<lb/></p><p xml:id="INT_ab40a750-1c11-3d37-9fb1-879a03f933ec.TEI.1.text.1.body.1.div.1.p.109" xml:lang="nl" rend="font-size: 8; text-align: center; line-height: 8.9pt; margin-left: 100" xmlns="http://www.tei-c.org/ns/1.0">R.<lb/></p><p xml:id="INT_ab40a750-1c11-3d37-9fb1-879a03f933ec.TEI.1.text.1.body.1.div.1.p.110" xml:lang="nl" rend="font-size: 8.5; line-height: 9.3pt" xmlns="http://www.tei-c.org/ns/1.0">Rarop 34, 37-41, 114<lb/> Rebecca (Eng.) 328<lb/> Recover (Eng.) 483, 484, 563, 567<lb/> Reformatie, zie Zon (Deens)<lb/></p><p xml:id="INT_ab40a750-1c11-3d37-9fb1-879a03f933ec.TEI.1.text.1.body.1.div.1.p.111" xml:lang="nl" rend="font-size: 8.5; line-height: 9.3pt" xmlns="http://www.tei-c.org/ns/1.0">Reformation (Eng.) 13, 15, 16, 59<lb/> Reiger 394, 445, 446, 464, 585, 628, 723, 731,<lb/> 735, 762, 795, 813<lb/> Renoster 447, 448, 461, 763<lb/> Revengie 151<lb/></p><p xml:id="INT_ab40a750-1c11-3d37-9fb1-879a03f933ec.TEI.1.text.1.body.1.div.1.p.112" xml:lang="nl" rend="font-size: 8.5; line-height: 9.3pt" xmlns="http://www.tei-c.org/ns/1.0">Roebuck (Eng.) 673, 731, 732, 743, 816<lb/> Rog 84, 132, 168, 261<lb/> Rommerswaal 9, 68<lb/></p><p xml:id="INT_ab40a750-1c11-3d37-9fb1-879a03f933ec.TEI.1.text.1.body.1.div.1.p.113" xml:lang="nl" rend="font-size: 8.5; line-height: 9.3pt" xmlns="http://www.tei-c.org/ns/1.0">Rotterdam 12, 151, 155, 179, 190, 194, 234,<lb/> 244, 277, 380, 480, 745<lb/> Ruby (Eng.) 388, 449, 558, 601, 716, 730-733,<lb/> 765<lb/></p><p xml:id="INT_ab40a750-1c11-3d37-9fb1-879a03f933ec.TEI.1.text.1.body.1.div.1.p.114" xml:lang="nl" rend="font-size: 8.5; line-height: 9.3pt" xmlns="http://www.tei-c.org/ns/1.0">Ruth (Eng.) 399<lb/> Ruttem 102<lb/></p><p xml:id="INT_ab40a750-1c11-3d37-9fb1-879a03f933ec.TEI.1.text.1.body.1.div.1.p.115" xml:lang="nl" rend="font-size: 8.5; line-height: 9.3pt; margin-left: 1100; text-indent: -11.0pt" xmlns="http://www.tei-c.org/ns/1.0">Rijnsburg 33, 34, 109, 131, 166, 247, 248,<lb/> 293, 302, 307<lb/></p><p xml:id="INT_ab40a750-1c11-3d37-9fb1-879a03f933ec.TEI.1.text.1.body.1.div.1.p.116" xml:lang="nl" rend="font-size: 8.5; line-height: 9.3pt" xmlns="http://www.tei-c.org/ns/1.0">Rijp, de 132, 160, 195, 261<lb/> Rijswijk 5, 68, 216, 259, 315<lb/></p><p xml:id="INT_ab40a750-1c11-3d37-9fb1-879a03f933ec.TEI.1.text.1.body.1.div.1.p.117" xml:lang="nl" rend="font-size: 8.5; text-align: center; line-height: 9.4pt; margin-left: 100" xmlns="http://www.tei-c.org/ns/1.0">S.<lb/></p><p xml:id="INT_ab40a750-1c11-3d37-9fb1-879a03f933ec.TEI.1.text.1.body.1.div.1.p.118" xml:lang="nl" rend="font-size: 8.5; line-height: 9.3pt; margin-left: 1100; text-indent: -11.0pt" xmlns="http://www.tei-c.org/ns/1.0">Saffier 480, 514, 570, 633, 642, 644, 645, 744,<lb/> 765, 768<lb/></p><p xml:id="INT_ab40a750-1c11-3d37-9fb1-879a03f933ec.TEI.1.text.1.body.1.div.1.p.119" xml:lang="nl" rend="font-size: 8.5; line-height: 9.3pt" xmlns="http://www.tei-c.org/ns/1.0">Sagaby (Hind.) 415<lb/></p><p xml:id="INT_ab40a750-1c11-3d37-9fb1-879a03f933ec.TEI.1.text.1.body.1.div.1.p.120" xml:lang="nl" rend="font-size: 8.5; line-height: 9.3pt" xmlns="http://www.tei-c.org/ns/1.0">Salamander 123-125, 170, 183, 208, 209, 223,<lb/> 276, 296, 480, 585, 673, 745, 816<lb/> Sandijk 682, 711<lb/></p><p xml:id="INT_ab40a750-1c11-3d37-9fb1-879a03f933ec.TEI.1.text.1.body.1.div.1.p.121" xml:lang="nl" rend="font-size: 8.5; line-height: 9.3pt" xmlns="http://www.tei-c.org/ns/1.0">Santo André (Port.) 244, 245, 271<lb/> Santo António (Port.) 244, 245, 403, 519<lb/> Santo Milagre (Port.) 343<lb/> Santo Sacramento (Port.) 379<lb/> Sao Bento (Port.) 52, 53, 65, 130<lb/> Sao Bemardo (Port.) 239<lb/> Sao Filipe (Port.) 5, 52, 638<lb/> Sao Francisco de Borja (Port. ) 5, 52<lb/> Sao Sebastiao (Port.) 5, 52<lb/> Sas van Gent 276, 283, 372, 589<lb/> Sayer 106, 159, 191, 195, 224, 261<lb/> Scbagen 131, 132<lb/> Schelvis 234, 247, 294, 665<lb/> Schiedam 234, 244, 268, 274, 279, 294, 296,<lb/> 305, 480, 555, 557, 693, 730, 763, 796, 814<lb/></p><p xml:id="INT_ab40a750-1c11-3d37-9fb1-879a03f933ec.TEI.1.text.1.body.1.div.1.p.122" xml:lang="nl" rend="font-size: 8.5; line-height: 9.3pt" xmlns="http://www.tei-c.org/ns/1.0">Seaflower (Eng.) 255, 257, 297, 348, 385, 467<lb/> Seahorse (Eng.) 240, 548, 626, 729, 730, 734<lb/> Serpent 12<lb/> Siam 568, 569<lb/> Simson 493<lb/></p><p xml:id="INT_ab40a750-1c11-3d37-9fb1-879a03f933ec.TEI.1.text.1.body.1.div.1.p.123" xml:lang="nl" rend="font-size: 8.5; line-height: 9.3pt" xmlns="http://www.tei-c.org/ns/1.0">Sluis 276, 376, 377, 417, 548, 566, 626, 768<lb/> Smient 407, 704, 707, 744, 760<lb/> Snoek 131, 260, 300, 328, 339, 364, 378, 464,<lb/> 481<lb/></p><p xml:id="INT_ab40a750-1c11-3d37-9fb1-879a03f933ec.TEI.1.text.1.body.1.div.1.p.124" xml:lang="nl" rend="font-size: 8.5; line-height: 9.3pt" xmlns="http://www.tei-c.org/ns/1.0">Solor 683, 685<lb/></p><p xml:id="INT_ab40a750-1c11-3d37-9fb1-879a03f933ec.TEI.1.text.1.body.1.div.1.p.125" xml:lang="nl" rend="font-size: 8.5; line-height: 9.3pt" xmlns="http://www.tei-c.org/ns/1.0">Souby (Deens) 13, 64, 92<lb/></p><p xml:id="INT_ab40a750-1c11-3d37-9fb1-879a03f933ec.TEI.1.text.1.body.1.div.1.p.126" xml:lang="nl" rend="font-size: 8.5; line-height: 9.3pt" xmlns="http://www.tei-c.org/ns/1.0">Souk 771<lb/></p><p xml:id="INT_ab40a750-1c11-3d37-9fb1-879a03f933ec.TEI.1.text.1.body.1.div.1.p.127" xml:lang="nl" rend="font-size: 8.5; line-height: 9.3pt" xmlns="http://www.tei-c.org/ns/1.0">Sperwer 332, 447, 485, 550, 707, 744, 760<lb/> Sterre, Klein 140<lb/></p><p xml:id="INT_ab40a750-1c11-3d37-9fb1-879a03f933ec.TEI.1.text.1.body.1.div.1.p.128" xml:lang="nl" rend="font-size: 8.5; line-height: 9.3pt" xmlns="http://www.tei-c.org/ns/1.0">St. Jacob (Deens) 5, 36, 64, 92, 107<lb/> St. Jan Baptist (Port.) 598, 624, 660, 754<lb/> St. Lauren?o (Port.) 12, 62, 63, 68, 273<lb/> St. Marie (Port.) 599<lb/></p><p xml:id="INT_ab40a750-1c11-3d37-9fb1-879a03f933ec.TEI.1.text.1.body.1.div.1.p.129" xml:lang="nl" rend="font-size: 8.5; line-height: 9.3pt" xmlns="http://www.tei-c.org/ns/1.0">St. Michaël (Eng.) 138, 139, 161, 262, 270<lb/> Stonebuck (Eng.) 348<lb/></p><p xml:id="INT_ab40a750-1c11-3d37-9fb1-879a03f933ec.TEI.1.text.1.body.1.div.1.p.130" xml:lang="nl" rend="font-size: 8.5; line-height: 9.3pt; margin-left: 1100; text-indent: -11.0pt" xmlns="http://www.tei-c.org/ns/1.0">St. Pedro en Paulo (Deens) 385, 413, 564,<lb/> 623, 714<lb/></p><p xml:id="INT_ab40a750-1c11-3d37-9fb1-879a03f933ec.TEI.1.text.1.body.1.div.1.p.131" xml:lang="nl" rend="font-size: 8.5; line-height: 9.3pt" xmlns="http://www.tei-c.org/ns/1.0">Supply (Eng.) 217, 278, 360, 362, 467, 673,<lb/> 733, 734, 762, 765, 823<lb/> Swan (Eng.) 16, 255, 262, 270, 291, 302<lb/></p><p xml:id="INT_ab40a750-1c11-3d37-9fb1-879a03f933ec.TEI.1.text.1.body.1.div.1.p.132" xml:lang="nl" rend="font-size: 8; line-height: 8.9pt; margin-left: 8000" xmlns="http://www.tei-c.org/ns/1.0">T.<lb/></p><p xml:id="INT_ab40a750-1c11-3d37-9fb1-879a03f933ec.TEI.1.text.1.body.1.div.1.p.133" xml:lang="nl" rend="font-size: 8.5; line-height: 9.6pt" xmlns="http://www.tei-c.org/ns/1.0">Talbot (Eng.) 101<lb/> Tegenapatam 349, 385, 411<lb/> Terschelling 746, 769, 818<lb/> Thaiwan 480, 704, 781<lb/> Tholen 746, 812, 815, 818<lb/> Thomas (Eng.) 16, 90, 91, 93, 101<lb/> Tomassin (Eng.) 101<lb/> Tonijn 276, 288, 363<lb/> Tortelduif 586<lb/> Troostenburg 514, 646<lb/> Trouw 538, 574, 802, 811<lb/> Tijger 163, 166, 169, 172, 183, 234, 243, 260,<lb/> 277, 313, 370, 400, 471<lb/></p><p xml:id="INT_ab40a750-1c11-3d37-9fb1-879a03f933ec.TEI.1.text.1.body.1.div.1.p.134" xml:lang="nl" rend="font-size: 8; line-height: 8.9pt; margin-left: 8000" xmlns="http://www.tei-c.org/ns/1.0">U.<lb/></p><p xml:id="INT_ab40a750-1c11-3d37-9fb1-879a03f933ec.TEI.1.text.1.body.1.div.1.p.135" xml:lang="nl" rend="font-size: 8.5; line-height: 9.6pt" xmlns="http://www.tei-c.org/ns/1.0">Uitgeest 278, 279, 297, 342, 526, 568, 595<lb/> Ulysses (Eng.) 194, 302<lb/> Utrecht 131, 145, 781, 814<lb/> Utrecht, zie ook Roebuck<lb/></p><p xml:id="INT_ab40a750-1c11-3d37-9fb1-879a03f933ec.TEI.1.text.1.body.1.div.1.p.136" xml:lang="nl" rend="font-size: 8; line-height: 8.9pt; margin-left: 8000" xmlns="http://www.tei-c.org/ns/1.0">V.<lb/></p><p xml:id="INT_ab40a750-1c11-3d37-9fb1-879a03f933ec.TEI.1.text.1.body.1.div.1.p.137" xml:lang="nl" rend="font-size: 8.5; line-height: 9.3pt" xmlns="http://www.tei-c.org/ns/1.0">Valk 56<lb/></p><p xml:id="INT_ab40a750-1c11-3d37-9fb1-879a03f933ec.TEI.1.text.1.body.1.div.1.p.138" xml:lang="nl" rend="font-size: 8.5; line-height: 9.3pt" xmlns="http://www.tei-c.org/ns/1.0">Valk (Eng.) 297, 730, 731, 768<lb/> Valk, Witte 276, 364, 390, 452, 530, 692, 693,<lb/> 698, 702, 790<lb/></p><p xml:id="INT_ab40a750-1c11-3d37-9fb1-879a03f933ec.TEI.1.text.1.body.1.div.1.p.139" xml:lang="nl" rend="font-size: 8.5; line-height: 9.3pt; margin-left: 1100; text-indent: -11.0pt" xmlns="http://www.tei-c.org/ns/1.0">Valkenburg 53, 109, 131, 140, 262, 273, 274,<lb/> 292, 293<lb/></p><p xml:id="INT_ab40a750-1c11-3d37-9fb1-879a03f933ec.TEI.1.text.1.body.1.div.1.p.140" xml:lang="nl" rend="font-size: 8.5; line-height: 9.3pt" xmlns="http://www.tei-c.org/ns/1.0">Veere 37, 56, 673<lb/> Velzen 512, 513<lb/></p><pb xml:id="INT_ab40a750-1c11-3d37-9fb1-879a03f933ec.TEI.1.text.1.body.1.div.1.pb.5" n="856" facs="http://resources.huygens.knaw.nl/retroapp/service_generalemissiven/gm_02/images/gm_2_112_0856.tif"/><fw xml:id="INT_ab40a750-1c11-3d37-9fb1-879a03f933ec.TEI.1.text.1.body.1.div.1.fw.7" place="top" type="page-number" facs="#zone.4338298" xmlns="http://www.tei-c.org/ns/1.0">856</fw><fw xml:id="INT_ab40a750-1c11-3d37-9fb1-879a03f933ec.TEI.1.text.1.body.1.div.1.fw.8" place="top" type="head" facs="#zone.4338311" xmlns="http://www.tei-c.org/ns/1.0">INDEX VAN SCHEEPSNAMEN</fw><p xml:id="INT_ab40a750-1c11-3d37-9fb1-879a03f933ec.TEI.1.text.1.body.1.div.1.p.141" xml:lang="nl" rend="font-size: 8.5; line-height: 9.3pt; margin-right: 4800" xmlns="http://www.tei-c.org/ns/1.0">Venhuizen 5, 68<lb/> Venlo 62, 193, 260, 263<lb/> Vidjajapatam 349, 385, 408, 471<lb/> Visscher 183<lb/> Vleermuis 586, 685<lb/> Vlieland 746, 751, 774, 822<lb/> Vlissingen 746, 815<lb/> Vogel Phenix 673,745<lb/></p><p xml:id="INT_ab40a750-1c11-3d37-9fb1-879a03f933ec.TEI.1.text.1.body.1.div.1.p.142" xml:lang="nl" rend="font-size: 8.5; line-height: 9.3pt" xmlns="http://www.tei-c.org/ns/1.0">Vogel Struis 148, 149, 151, 214, 267, 273, 274,<lb/> 480, 485, 554<lb/> Voorburg 62<lb/> Vos 68, 224<lb/> Vos, Rode 673<lb/> Vos, Zwarte 673<lb/></p><p xml:id="INT_ab40a750-1c11-3d37-9fb1-879a03f933ec.TEI.1.text.1.body.1.div.1.p.143" xml:lang="nl" rend="font-size: 8.5; text-align: right; line-height: 9.3pt" xmlns="http://www.tei-c.org/ns/1.0">Vrede 172, 183, 234, 244, 256, 264, 277, 293,<lb/> 420, 422, 423, 464, 558, 585, 746, 760, 781<lb/></p><p xml:id="INT_ab40a750-1c11-3d37-9fb1-879a03f933ec.TEI.1.text.1.body.1.div.1.p.144" xml:lang="nl" rend="font-size: 8; text-align: center; line-height: 8.9pt" xmlns="http://www.tei-c.org/ns/1.0">W.<lb/></p><p xml:id="INT_ab40a750-1c11-3d37-9fb1-879a03f933ec.TEI.1.text.1.body.1.div.1.p.145" xml:lang="nl" rend="font-size: 8.5; line-height: 9.6pt" xmlns="http://www.tei-c.org/ns/1.0">Wachter 9<lb/></p><p xml:id="INT_ab40a750-1c11-3d37-9fb1-879a03f933ec.TEI.1.text.1.body.1.div.1.p.146" xml:lang="nl" rend="font-size: 8.5; line-height: 9.6pt" xmlns="http://www.tei-c.org/ns/1.0">Walvis 114, 124, 125, 131, 214, 220, 267, 268,<lb/> 277, 306, 585, 640, 744, 810<lb/> Wapen van Amsterdam, zie Bom Jesus<lb/> Wapen van Batavia 586<lb/> Wapen van Galle 635<lb/> Wassenaar 37, 131, 194<lb/> Waterhond 184, 192, 210, 213, 215, 224, 512,<lb/> 513, 568<lb/> Waterland 102<lb/> Weesp 673, 769, 818<lb/> Welcome (Eng.) 483, 484, 563, 768<lb/> Welsing(h)en 68, 193, 246, 270<lb/> Wesel 54, 89, 90, 95, 97, 151, 200, 244, 334,<lb/> 386, 464, 481, 483<lb/></p><p xml:id="INT_ab40a750-1c11-3d37-9fb1-879a03f933ec.TEI.1.text.1.body.1.div.1.p.147" xml:lang="nl" rend="font-size: 8.5; line-height: 9.6pt; margin-left: 1100; text-indent: -11.0pt" xmlns="http://www.tei-c.org/ns/1.0">Wesel, Klein 12, 13<lb/></p><p xml:id="INT_ab40a750-1c11-3d37-9fb1-879a03f933ec.TEI.1.text.1.body.1.div.1.p.148" xml:lang="nl" rend="font-size: 8.5; line-height: 9.6pt" xmlns="http://www.tei-c.org/ns/1.0">Westfriesland 163, 183, 234, 244, 277, 464,<lb/> 586, 639, 740, 746<lb/> Westhoven 20<lb/></p><p xml:id="INT_ab40a750-1c11-3d37-9fb1-879a03f933ec.TEI.1.text.1.body.1.div.1.p.149" xml:lang="nl" rend="font-size: 8.5; line-height: 9.6pt" xmlns="http://www.tei-c.org/ns/1.0">William (Eng.) 15, 16, 59, 101, 138, 254-256,<lb/> 262, 302, 362, 467, 469<lb/> Windhond 673, 763, 764<lb/> Wolf 400, 498, 591<lb/> Wijdenes 56, 62, 101, 155, 159, 176<lb/></p><p xml:id="INT_ab40a750-1c11-3d37-9fb1-879a03f933ec.TEI.1.text.1.body.1.div.1.p.150" xml:lang="nl" rend="font-size: 8; text-align: center; line-height: 8.9pt" xmlns="http://www.tei-c.org/ns/1.0">Z.<lb/></p><p xml:id="INT_ab40a750-1c11-3d37-9fb1-879a03f933ec.TEI.1.text.1.body.1.div.1.p.151" xml:lang="nl" rend="font-size: 8.5; line-height: 9.6pt" xmlns="http://www.tei-c.org/ns/1.0">Zalm 267, 268, 278, 280, 289, 290, 336, 343,<lb/> 447, 522, 691, 733, 776<lb/> Zandvoort 7, 34-36, 42, 110, 131, 140, 155,<lb/> 176, 288<lb/></p><p xml:id="INT_ab40a750-1c11-3d37-9fb1-879a03f933ec.TEI.1.text.1.body.1.div.1.p.152" xml:lang="nl" rend="font-size: 8.5; line-height: 9.6pt" xmlns="http://www.tei-c.org/ns/1.0">Zeehaan 139, 261<lb/> Zeeland 103<lb/></p><p xml:id="INT_ab40a750-1c11-3d37-9fb1-879a03f933ec.TEI.1.text.1.body.1.div.1.p.153" xml:lang="nl" rend="font-size: 8.5; line-height: 9.6pt" xmlns="http://www.tei-c.org/ns/1.0">Zeelandia 131, 201, 236, 243, 283, 586, 640,<lb/> 756, 757, 762, 776, 786<lb/> Zeemeeuw 247, 293, 374, 522, 589, 674, 676<lb/> Zeerob 283, 290, 300, 563, 568, 572, 791, 822<lb/> Zeewolf 234<lb/></p><p xml:id="INT_ab40a750-1c11-3d37-9fb1-879a03f933ec.TEI.1.text.1.body.1.div.1.p.154" xml:lang="nl" rend="font-size: 8.5; line-height: 9.6pt" xmlns="http://www.tei-c.org/ns/1.0">Zierikzee 54, 88, 673, 759<lb/> Zon 20, 84<lb/></p><p xml:id="INT_ab40a750-1c11-3d37-9fb1-879a03f933ec.TEI.1.text.1.body.1.div.1.p.155" xml:lang="nl" rend="font-size: 8.5; line-height: 9.6pt" xmlns="http://www.tei-c.org/ns/1.0">Zon, Gulde (Deens) 106, 128, 148, 161, 169,<lb/> 198, 199<lb/> Zoutelande 746<lb/></p><p xml:id="INT_ab40a750-1c11-3d37-9fb1-879a03f933ec.TEI.1.text.1.body.1.div.1.p.156" xml:lang="nl" rend="font-size: 8.5; line-height: 9.6pt; margin-left: 1100; text-indent: -11.0pt" xmlns="http://www.tei-c.org/ns/1.0">Zutphen 107, 183, 185, 234, 244, 268, 277,<lb/> 387, 481<lb/></p><p xml:id="INT_ab40a750-1c11-3d37-9fb1-879a03f933ec.TEI.1.text.1.body.1.div.1.p.157" xml:lang="nl" rend="font-size: 8.5; line-height: 9.6pt; margin-left: 1100; text-indent: -11.0pt" xmlns="http://www.tei-c.org/ns/1.0">Zutphen, Klein 68<lb/></p><p xml:id="INT_ab40a750-1c11-3d37-9fb1-879a03f933ec.TEI.1.text.1.body.1.div.1.p.158" xml:lang="nl" rend="font-size: 8.5; line-height: 9.6pt; margin-left: 1100; text-indent: -11.0pt" xmlns="http://www.tei-c.org/ns/1.0">Zwaan 200, 210, 213-215, 224, 243<lb/></p><p xml:id="INT_ab40a750-1c11-3d37-9fb1-879a03f933ec.TEI.1.text.1.body.1.div.1.p.159" xml:lang="nl" rend="font-size: 8.5; line-height: 9.6pt; margin-left: 1100; text-indent: -11.0pt" xmlns="http://www.tei-c.org/ns/1.0">Zwolle 2, 121, 125<lb/></p><p xml:id="INT_ab40a750-1c11-3d37-9fb1-879a03f933ec.TEI.1.text.1.body.1.div.1.p.160" xml:lang="nl" rend="font-size: 8.5; line-height: 9.6pt; margin-left: 1100; text-indent: -11.0pt" xmlns="http://www.tei-c.org/ns/1.0">Zijdeworm, zie Le(o)noret<lb/></p>
            
      </div>
                  </body>
                </text>
              </TEI>