<TEI xml:id="INT_cba4c78a-3315-3d31-9c71-2132a4232bc4" xmlns="http://www.tei-c.org/ns/1.0">
                <teiHeader>
      <fileDesc>
        <titleStmt>
          <title>Van Diemen, Van der Lijn, Maetsuycker, Schouten en Sweers, 13 jan. 1643</title>
        </titleStmt>
        <publicationStmt>
          <p>
            <date>13 jan. 1643</date>
            <idno type="sourceID">missiven:vol2</idno>
            <idno type="pid">INT_cba4c78a-3315-3d31-9c71-2132a4232bc4</idno>
          </p>
        </publicationStmt>
        <notesStmt>
          <note/>
        </notesStmt>
        <sourceDesc>
          <listBibl xml:id="inlMetadata">
            <bibl type="missive">
        <interpGrp type="page"><interp>190</interp></interpGrp>
        
      <interpGrp type="titleLevel1"><interp>Van Diemen, Van der Lijn, Maetsuycker, Schouten en Sweers, 13 jan. 1643</interp></interpGrp>
      <interpGrp type="dateLevel1"><interp>13 jan. 1643</interp></interpGrp>
        <interpGrp type="tocLevel"><interp>1</interp></interpGrp>
      <interpGrp type="volume"><interp>2</interp></interpGrp>
        <interpGrp type="n"><interp>XX</interp></interpGrp>
      
      <interpGrp type="witnessYearLevel1_from"><interp>1643</interp></interpGrp>
      <interpGrp type="witnessYearLevel1_to"><interp>1643</interp></interpGrp>
      <interpGrp type="witnessMonthLevel1_to"><interp>1</interp></interpGrp>
      <interpGrp type="witnessMonthLevel1_from"><interp>1</interp></interpGrp>
      <interpGrp type="witnessDayLevel1_to"><interp>13</interp></interpGrp>
      <interpGrp type="witnessDayLevel1_from"><interp>13</interp></interpGrp>
      <interpGrp type="authorLevel1"><interp>Van Diemen</interp><interp>Van der Lijn</interp><interp>Maetsuycker</interp><interp>Schouten</interp><interp>Sweers</interp></interpGrp>
      <interpGrp type="pid"><interp>INT_cba4c78a-3315-3d31-9c71-2132a4232bc4</interp></interpGrp>
    </bibl>
          </listBibl>
        </sourceDesc>
      </fileDesc>
    </teiHeader>
                <text xml:id="INT_cba4c78a-3315-3d31-9c71-2132a4232bc4.TEI.1.text.1">
                  <body xml:id="INT_cba4c78a-3315-3d31-9c71-2132a4232bc4.TEI.1.text.1.body.1">
                    <div xml:id="INT_cba4c78a-3315-3d31-9c71-2132a4232bc4.TEI.1.text.1.body.1.div.1">
        
              <pb xml:id="INT_cba4c78a-3315-3d31-9c71-2132a4232bc4.TEI.1.text.1.body.1.div.1.pb.1" n="190" facs="http://resources.huygens.knaw.nl/retroapp/service_generalemissiven/gm_02/images/gm_2_112_0190.tif"/><fw xml:id="INT_cba4c78a-3315-3d31-9c71-2132a4232bc4.TEI.1.text.1.body.1.div.1.fw.1" place="top" type="page-number" facs="#zone.5935678" xmlns="http://www.tei-c.org/ns/1.0">190</fw><fw xml:id="INT_cba4c78a-3315-3d31-9c71-2132a4232bc4.TEI.1.text.1.body.1.div.1.fw.2" place="top" type="head" facs="#zone.5935682" xmlns="http://www.tei-c.org/ns/1.0">Van Diemen, Van der Lijn, Maetsuycker, Schouten en Sweers XX, 13 januari 1643</fw><head xml:id="INT_cba4c78a-3315-3d31-9c71-2132a4232bc4.TEI.1.text.1.body.1.div.1.head.1" xml:lang="nl" rend="font-size: 10; text-align: justify; line-height: 11.7pt" xmlns="http://www.tei-c.org/ns/1.0">XX. ANTONIO VAX DIEMEN, CORNELIS VAN DER LIJN, JOAN<lb/> MAETSUYCKER, JUSTUS SCHOUTEN EN SALOMON SWEERS, BATAVIA<lb/> 13 januari 1643.<lb/></head><p xml:id="INT_cba4c78a-3315-3d31-9c71-2132a4232bc4.TEI.1.text.1.body.1.div.1.p.1" xml:lang="nl" rend="font-size: 8.5; text-align: justify; line-height: 9.4pt" xmlns="http://www.tei-c.org/ns/1.0">1050, fol. 1-13.<lb/></p><note xml:id="INT_cba4c78a-3315-3d31-9c71-2132a4232bc4.TEI.1.text.1.body.1.div.1.note.1" xml:lang="nl" place="inline" type="editorial-summary" resp="editor" rend="font-style: italic; line-height: 11.7pt; text-indent: 22.0pt; text-align: justify; font-size: 9" xmlns="http://www.tei-c.org/ns/1.0">( Afzending van de Nieuw Rotterdam , waardoor de waarde van de lading van de<lb/> retourvloot is gestegen tot fl. 3227882.5.5, waarvan voor de Kamer Amsterdam<lb/> fl. 1345763.18.10, voor Zeeland fl. 658376.19.1, voor Delft fl. 259071.12.3, voor Hoorn<lb/> fl. 474009.13 <hi rend="font-size:9; font-family:Liberation Serif; font-weight:bold" xml:lang="nl">.-,</hi> voor Enkhuizen fl. 241073.1.13, voor Rotterdam fl. 249587 -.10,<lb/> er repatriëren alles tesamen 1050 personen, terwijl 3391 koppen, w.o. 1157 soldaten,<lb/> met 18 schepen in 1642 uit patria kwamen, wat onvoldoende is).<lb/></note><p xml:id="INT_cba4c78a-3315-3d31-9c71-2132a4232bc4.TEI.1.text.1.body.1.div.1.p.2" xml:lang="nl" rend="font-size: 10; text-align: justify; line-height: 11.7pt; text-indent: 22.0pt" xmlns="http://www.tei-c.org/ns/1.0">’t Batavisch garnisoen, daermede de stadt ende ’t casteel bewaeckt mitsgaders<lb/> de kettinghslaven bewaert worden, bestont primo deser uyt 458 coppen<lb/> (officieren, soldaten, siecke, creupele ende lamme), dat sober is ten aensien van de<lb/> groote besettingh en de verscheyden natiën, in dit resort residentie hebbende,<lb/> sulcx d’interne meer als externe vijanden te duchten sijn. Soo can ons bij dit<lb/> saysoen van buyten geen swarigheyt genaecken.<lb/></p><note xml:id="INT_cba4c78a-3315-3d31-9c71-2132a4232bc4.TEI.1.text.1.body.1.div.1.note.2" xml:lang="nl" place="inline" type="editorial-summary" resp="editor" rend="font-style: italic; line-height: 10.0pt; text-indent: 22.0pt; text-align: justify; font-size: 9" xmlns="http://www.tei-c.org/ns/1.0">(In 1642 zijn slechts 110 soldaten gestorven).<lb/></note><p xml:id="INT_cba4c78a-3315-3d31-9c71-2132a4232bc4.TEI.1.text.1.body.1.div.1.p.3" xml:lang="nl" rend="font-size: 10; text-align: justify; line-height: 11.7pt" xmlns="http://www.tei-c.org/ns/1.0"><hi rend="font-size:8.5; font-family:Liberation Serif; font-style:italic; font-weight:bold" xml:lang="nl">. . .</hi> sult met ons wel begrijpen, dit groot werck met 35 è, 3600 mensen jaerlijx uyt<lb/> Nederlant te senden niet gaende connen houden. Derhalven sullen U Ed. sich ten<lb/> dienste van de Comp.e moeten evertueren omme vooralsnoch nae India met ijder<lb/> equipagie te bestellen vierduysent matroosen ende soldaten nevens sooveel<lb/> jongens, als de schepen bergen connen. Mancqueert het aen bevaren volck, suppleert<lb/> de reste met onbevaren gasten ende soldaten; sullen hier wel ervaringh<lb/> crijgen bij dagelijxse te doene oeffeningh. Soo willen U Ed. mede ten dienste van<lb/> de Comp.e versocht ende gebeden hebben, bijaldien op d’een off d’ander insichten<lb/> haddet geresolveert ende met d’equipagie van ’t najaer 1642 als ’t voorjaer ’43<lb/> niet meer als 3000 &amp; 3500 coppen nae India gesonden, ons tegen a.° ’44 ruymer te<lb/> provideren ende niet minder herwaerts te bestellen dan vijffduysent menschen,<lb/> except jongens, die niet te veel connen comen, wanneer de scheepsruymte sulcx<lb/> toelaet, alsoo de Comp.e (mits thien jaren verbonden sijnde) van desulcke de<lb/> laetste vijff jaren groote diensten treckt. Gelieft ’t zenden van volck nae India niet<lb/> te besnijden op insichten van ’t bestant met de Portugesen hier te lande; ons sal<lb/> geen occasie mancqueren deselve tot grooten dienst ende versekeringh van U Ed.<lb/> stant herwaerts over te gebruycken. Die van Martapoura ende Cotuaringen moeten<lb/> aensienlijck werden gestraft ende totalijcken geruïneert; den Mattaram dient<lb/> ingetoomt, soo in Palimbangh, Jamby, Borneo ende elders gerustelijck onse<lb/> negotie sullen vervolgen als om derselver regenten t’onser devotie te reduceren,<lb/> die hun anno passato vrij meer tot den Mattaram als de Comp.e genegen hebben<lb/> gethoont, . . . principalijck Jamby ende Palimbangh; den Maccassar sal moeten<lb/> desisteren onse rebellen in Amboina t’assisteren ende uyt die provintie door<lb/> indirecten handel des Comp.8 alleen competerende nagelen niet langer t’ontvreemden,<lb/> off worden genootsaeckt in formelen oorloge tot maintenue van Comp.8<lb/> recht met hem te treden. Onse pretentie tegen ’t Quinamse rijck dient met competente<lb/> macht vervolght, tot ons sal sijn contentement gedaen. Wat staet op den<lb/> stilstant van wapenen hier te lande met den Portugees te maecken zij, sullen U Ed.<lb/></p><pb xml:id="INT_cba4c78a-3315-3d31-9c71-2132a4232bc4.TEI.1.text.1.body.1.div.1.pb.2" n="191" facs="http://resources.huygens.knaw.nl/retroapp/service_generalemissiven/gm_02/images/gm_2_112_0191.tif"/><fw xml:id="INT_cba4c78a-3315-3d31-9c71-2132a4232bc4.TEI.1.text.1.body.1.div.1.fw.3" place="top" type="head" facs="#zone.5938060" xmlns="http://www.tei-c.org/ns/1.0">Van Diemen, Van der Lijn, Maetsuycker, Schouten en Sweers XX, 13 januari 1643</fw><fw xml:id="INT_cba4c78a-3315-3d31-9c71-2132a4232bc4.TEI.1.text.1.body.1.div.1.fw.4" place="top" type="page-number" facs="#zone.5938076" xmlns="http://www.tei-c.org/ns/1.0">191</fw><p xml:id="INT_cba4c78a-3315-3d31-9c71-2132a4232bc4.TEI.1.text.1.body.1.div.1.p.4" xml:lang="nl" rend="font-size: 10; text-align: justify; line-height: 11.7pt" xmlns="http://www.tei-c.org/ns/1.0">wel begrijpen in ’t resumeren van onse advijsen ende specialijck dat geresolveert<lb/> hebben den oorloge tegen dese vrunden tot nader ordre te continueren, bijaldien<lb/> ons op Ceylon in de limitscheydingh van Gales jurisdictie geen contentement ende<lb/> recht doen, gelijck nader bij ’t nevengaende extract uyt d’instructie, den commissaris<lb/> Boreel verleent, gebeft te vernemen. Soo sullen die van Negapatnam haer<lb/> contract moeten voldoen, bevooren haer als vrunden admitteren. Insgelijcx die<lb/> van Maccauw over d’enorme moort, buyten alle fatsoen ende crijgsge woont e aen<lb/> de 50 Nederlander en, door den Coningh van Quinangh gelargeert, omtrent Champa<lb/> begaen . . .<lb/></p><note xml:id="INT_cba4c78a-3315-3d31-9c71-2132a4232bc4.TEI.1.text.1.body.1.div.1.note.3" xml:lang="nl" place="inline" type="editorial-summary" resp="editor" rend="font-size: 10; font-style: italic; line-height: 11.1pt; margin-left: 1300" xmlns="http://www.tei-c.org/ns/1.0">(Nadere gegevens hierover te vinden <hi rend="font-size:10; font-family:Liberation Serif" xml:lang="nl">Quinam,</hi> p. 82).<lb/></note><p xml:id="INT_cba4c78a-3315-3d31-9c71-2132a4232bc4.TEI.1.text.1.body.1.div.1.p.5" xml:lang="nl" rend="font-size: 10; text-align: justify; line-height: 11.7pt; text-indent: 22.0pt" xmlns="http://www.tei-c.org/ns/1.0">Hierbij comt noch, de Portugesen in Cambodja bij de groote aldaer hebben<lb/> weten door schenckagien uyt te wercken, dat in rechte gecondemneert sijn tot de<lb/> restitutie van hare goederen, anno passato uyt seeckere Cambodjase joncke, nae<lb/> Japan gedestineert, bij Oostcappel gelicht ende begroot op 11 553 tayls a 3 gulden<lb/> ij der, daer d’onse hun seer heftigh hebben tegen gestelt, in geenen deele tot de<lb/> restitutie willende verstaen, totdat onderstonden de sententie met gewelt ter<lb/> executie te brengen ende betalingh uyt Comp.s magasijn te halen. Edoch d’onse<lb/> haer aen den Coningh voor de jonghste male addresserende, heeft den Coningh<lb/> d’executie, mits genietende 4000 taylen ofte f 12 000, gestut, de Portugesen ende<lb/> rechters hare pretentie ontseyt ende de Comp.e acte verleent naer dese questie<lb/> noch de pretentie der rechteren wegen de Tonkinse zijde ende roovers, monterende<lb/> 660 taylen, nimmer aengesproocken noch gemolesteert te werden, sulcx de<lb/> Portugesen ende gecorrumpeerde rechters door de begeerhjckheyt des Conings van<lb/> hun desseyn versteecken bbjven ende de Comp.e uytpayen moet f 12 000, twelck<lb/> d’onse omme grooter swarigheyt voor te comen toegestaen hebben. Maer dewijle<lb/> de Portugesen genoeghsaem weten, haere goederen bij ons door ’t recht des<lb/> oorloghs wel ende ten rechten sijn aengeslagen ende zij uyt louter invidie dese<lb/> saecken tegen ons in Cambodja hebben vervolght, quiterende hare pretentie ten<lb/> proffijte van de rechters omme de Comp.e aen onverdiende schade ende moeyten<lb/> te helpen, verstaen, de Portugesen off den Coningh dese 4000 taylen moeten<lb/> rembourseren off dat ons bij represalie sullen garanderen.<lb/></p><note xml:id="INT_cba4c78a-3315-3d31-9c71-2132a4232bc4.TEI.1.text.1.body.1.div.1.note.4" xml:lang="nl" place="inline" type="editorial-summary" resp="editor" rend="font-style: italic; line-height: 11.7pt; text-indent: 22.0pt; text-align: justify; font-size: 10" xmlns="http://www.tei-c.org/ns/1.0">( Ontdekkingsreizen voort te zetten; bezoek van kooplieden uit Laos aan Batavia;<lb/> de Koning van Cambodja heeft zijn voorganger eigenhandig gedood <hi rend="font-size:10; font-family:Liberation Serif; vertical-align:super" xml:lang="nl">1);</hi> op de handel<lb/> daar is van 1 oct. 1641 tot eind dec. 1642 slechts fl. 28827 .11.11 gewonnen; tocht naar<lb/> Laos <hi rend="font-size:10; font-family:Liberation Serif" xml:lang="nl">,</hi> vgl. <hi rend="font-size:10; font-family:Liberation Serif" xml:lang="nl">Cambodja,</hi> p. 233-245).<lb/></note><p xml:id="INT_cba4c78a-3315-3d31-9c71-2132a4232bc4.TEI.1.text.1.body.1.div.1.p.6" resp="int_paragraph_joining" rend="">
              Edoch wij oordeelen de wegh te verre ende voor ons met te veel risico ende<lb xmlns="http://www.tei-c.org/ns/1.0"/> molesten vermenght; des beter sal wesen de coopluyden in Cambodja ende tot<lb xmlns="http://www.tei-c.org/ns/1.0"/> Batavia trecken, gelijck nu twee jaren verschenen sijn ende weder eenige met den<lb xmlns="http://www.tei-c.org/ns/1.0"/> Sayer verwachten. De vereeringh, van den Lauwsen Coningh aen den GouverneurGenerael<lb xmlns="http://www.tei-c.org/ns/1.0"/> gesonden ende per den Engel ontfangen, bestaet in een goude beteldoos<lb xmlns="http://www.tei-c.org/ns/1.0"/> met sijn toebehooren, wegende IJ catty, 33 ps. zijde cleeden, 800 catty benjuwin,<lb xmlns="http://www.tei-c.org/ns/1.0"/> 400 d.° gommelacca ende ses ballen rnuscus, item van den Cambodjasen Coningh<lb xmlns="http://www.tei-c.org/ns/1.0"/><note xml:id="INT_cba4c78a-3315-3d31-9c71-2132a4232bc4.TEI.1.text.1.body.1.div.1.p.6.note.1" xml:lang="nl" rend="font-size: 8.5; text-align: center; line-height: 9.4pt; margin-left: 800" xmlns="http://www.tei-c.org/ns/1.0">1) Het betreft hier Ang Non (1640-1642) en Rama Thupdey Chan (1642-1659).<lb/></note><pb xml:id="INT_cba4c78a-3315-3d31-9c71-2132a4232bc4.TEI.1.text.1.body.1.div.1.p.6.pb.1" n="192" facs="http://resources.huygens.knaw.nl/retroapp/service_generalemissiven/gm_02/images/gm_2_112_0192.tif"/><fw xml:id="INT_cba4c78a-3315-3d31-9c71-2132a4232bc4.TEI.1.text.1.body.1.div.1.p.6.fw.1" place="top" type="page-number" facs="#zone.5940399" xmlns="http://www.tei-c.org/ns/1.0">192</fw><fw xml:id="INT_cba4c78a-3315-3d31-9c71-2132a4232bc4.TEI.1.text.1.body.1.div.1.p.6.fw.2" place="top" type="head" facs="#zone.5940403" xmlns="http://www.tei-c.org/ns/1.0">Van Diemen, Van der Lijn, Maetsuycker, Schouten en Sweers XX, 13 januari 1643</fw>nevens sijne missive 10 picol benjuwin ende 10 pieol gommelacca, daervoor<lb xmlns="http://www.tei-c.org/ns/1.0"/> generale schenckagie in recompense van onse gedane vereeringh sullen crediteren.<lb xmlns="http://www.tei-c.org/ns/1.0"/><hi rend="font-size:8.5; font-family:Liberation Serif" xml:lang="nl" xmlns="http://www.tei-c.org/ns/1.0">Fol. 6r.</hi><lb xmlns="http://www.tei-c.org/ns/1.0"/>
            </p><note xml:id="INT_cba4c78a-3315-3d31-9c71-2132a4232bc4.TEI.1.text.1.body.1.div.1.note.5" xml:lang="nl" place="inline" type="editorial-summary" resp="editor" rend="font-style: italic; line-height: 11.7pt; text-indent: 22.0pt; text-align: justify; font-size: 10" xmlns="http://www.tei-c.org/ns/1.0">(Uit Djambi is 12712 picol peper ontvangen; van 1 nov. 1641 tot 31 oct. 1642<lb/> is daar fl. 66444 -.10 gewonnen; brief van Siroyemondonne „ burgemeester ende hooft<lb/> des eylandts Kisima in Nangasacqui, alwaer Comps. dienaers resideren <hi rend="font-size:10; font-family:Liberation Serif" xml:lang="nl">”,</hi> afgedr.<lb/><hi rend="font-size:10; font-family:Liberation Serif" xml:lang="nl">Japan,</hi> Beilage 56 <hi rend="font-size:10; font-family:Liberation Serif; font-style:italic; vertical-align:super" xml:lang="nl">1)).</hi><lb/></note><p xml:id="INT_cba4c78a-3315-3d31-9c71-2132a4232bc4.TEI.1.text.1.body.1.div.1.p.7" xml:lang="nl" rend="font-size: 10; text-align: justify; line-height: 11.7pt; text-indent: 22.0pt" xmlns="http://www.tei-c.org/ns/1.0">’t Schijnt, als het Christendom niet poucheren ende ons in Japan desen<lb/> aengaende modest dragen, veele vrijdommen sullen toestaen ende proffitabelen<lb/> handel verleenen. Wij sullen alles ten beste van de Comp.e mesnagieren ende<lb/> betrachten, doenlij ck sijnde, dat den handel emmers ten principalen alleen<lb/> gauderen.<lb/></p><note xml:id="INT_cba4c78a-3315-3d31-9c71-2132a4232bc4.TEI.1.text.1.body.1.div.1.note.6" xml:lang="nl" place="inline" type="editorial-summary" resp="editor" rend="font-style: italic; line-height: 11.7pt; text-indent: 22.0pt; text-align: justify; font-size: 10" xmlns="http://www.tei-c.org/ns/1.0">(Van Elserack, die goed voldoet, ml als opperhoofd in Japan gecontinueerd<lb/> worden; als proef zijn „pladtgevouwen <hi rend="font-size:10; font-family:Liberation Serif" xml:lang="nl">”</hi> damasten uit China en muscus uit Laos<lb/> gezonden; Van Twist uit Malakka gekomen, vgl. <hi rend="font-size:10; font-family:Liberation Serif" xml:lang="nl">Zeemogendheid II</hi> p. 223; de<lb/> Pauw en de Waterhondt, komend uit Thaiwan met fl. 600.000 aan goud en zilver,<lb/> bestemd voor de W ester kwartieren, passeren 16 december Malakka; waar nog 141970<lb/> pond tin uit Kedah en Perak wordt ingeladen; Spaansgezinden in Macau verwekken<lb/> daar moeilijkheden, vgl. <hi rend="font-size:10; font-family:Liberation Serif" xml:lang="nl">Fidalgos</hi> p. 150).<lb/></note><p xml:id="INT_cba4c78a-3315-3d31-9c71-2132a4232bc4.TEI.1.text.1.body.1.div.1.p.8" xml:lang="nl" rend="font-size: 10; text-align: justify; line-height: 11.7pt; text-indent: 22.0pt" xmlns="http://www.tei-c.org/ns/1.0">De Portugesen hebben haere saecken omtrent den gouverneur van Manilha<lb/> soo looselijck weten te besteecken, dat niet alleen haere uytstaende schulden ende<lb/> volck, maer omtrent 90 Castilianen in Maccauw overgebracht sijn. ’t Schijnt, den<lb/> Castiliaen hebben doen gelooven (waertoe hun geen gefondeerde redenen mancqueerden<lb/> voor te stellen), de stadt Maccauw nimmer de zijde van don Juan<lb/> Quarto souden kiesen, waerop de Portugesen uyt Manilha per haer eygen scheepken<lb/> gelargeert sijn met omtrent 600 000 realen van 8n ende in compagnie van<lb/> tzelve een ander, den Spaensen commissaris, met ettelijcke Castilianen ende<lb/> 30 000 realen tot betalingh van ’t Spaens garnisoen in Maccauw. Dese twee<lb/> scheepkens sijn cort nae Antonio Fialho Fereres vertreck in Maccauw tot groote<lb/> vreuchde van de Portugesen aengelandt, de Castilianen ende haer silver in verseeckeringh<lb/> genomen, totdat ordre van den Vice-Rey becomen, hoe hun verder te<lb/> gedragen hebben. Wat uyteomste de saecken noch sorteren sullen, wil ons den tijt<lb/> openbaren. God geve, ’t maer aen volck niet mancqueert, wanneer advantagieuse<lb/> occasiën comen te presenteren. Ende moet ons dese stratageme <hi rend="font-size:10; font-family:Liberation Serif; vertical-align:super" xml:lang="nl">2),</hi> van d’Portugesen<lb/> ontrent den Castiliaen gebruyckt, oorsaecke geven tegen d’een ende d’ander wel<lb/> op hoede te wesen, te meer niet te vertrouwen sijn.<lb/></p><note xml:id="INT_cba4c78a-3315-3d31-9c71-2132a4232bc4.TEI.1.text.1.body.1.div.1.note.7" xml:lang="nl" place="inline" type="editorial-summary" resp="editor" rend="font-style: italic; line-height: 11.1pt; text-indent: 22.0pt; text-align: justify; font-size: 10" xmlns="http://www.tei-c.org/ns/1.0">(Van Vliet wordt gouverneur van Malakka, vgl. <hi rend="font-size:10; font-family:Liberation Serif" xml:lang="nl">Zeemogendheid</hi> II p. 223).<lb/></note><p xml:id="INT_cba4c78a-3315-3d31-9c71-2132a4232bc4.TEI.1.text.1.body.1.div.1.p.9" resp="int_paragraph_joining" rend="">
              Dese vestingh consumeert noch veel volck ende principalijck in den droogen<lb xmlns="http://www.tei-c.org/ns/1.0"/> tijt, die nu weder stont te genaecken, geduyrende den regen waren weynigh<lb xmlns="http://www.tei-c.org/ns/1.0"/><note xml:id="INT_cba4c78a-3315-3d31-9c71-2132a4232bc4.TEI.1.text.1.body.1.div.1.p.9.note.1" xml:lang="nl" rend="font-size: 8.5; text-align: justify; line-height: 9.4pt; margin-left: 2100" xmlns="http://www.tei-c.org/ns/1.0">1) Vgl. p. 183, noot 2.<lb/></note><note xml:id="INT_cba4c78a-3315-3d31-9c71-2132a4232bc4.TEI.1.text.1.body.1.div.1.p.9.note.2" xml:lang="nl" rend="font-size: 8.5; text-align: justify; line-height: 9.4pt; margin-left: 2100" xmlns="http://www.tei-c.org/ns/1.0">2) Stratageme, krijgslist.<lb/></note><pb xml:id="INT_cba4c78a-3315-3d31-9c71-2132a4232bc4.TEI.1.text.1.body.1.div.1.p.9.pb.1" n="193" facs="http://resources.huygens.knaw.nl/retroapp/service_generalemissiven/gm_02/images/gm_2_112_0193.tif"/><fw xml:id="INT_cba4c78a-3315-3d31-9c71-2132a4232bc4.TEI.1.text.1.body.1.div.1.p.9.fw.1" place="top" type="head" facs="#zone.5942202" xmlns="http://www.tei-c.org/ns/1.0">Van Diemen, Van der Lijn, Maetsuycker, Schouten en Sweers XX, 13 januari 1643</fw><fw xml:id="INT_cba4c78a-3315-3d31-9c71-2132a4232bc4.TEI.1.text.1.body.1.div.1.p.9.fw.2" place="top" type="page-number" facs="#zone.5942231" xmlns="http://www.tei-c.org/ns/1.0">193</fw>menschen gestorven, ’t Guarnisoen bleeff sterck except bosschieters etc. 336<lb xmlns="http://www.tei-c.org/ns/1.0"/> coppen ende wirden niet meer dan 22 siecken bevonden. De stadt is vrij wat<lb xmlns="http://www.tei-c.org/ns/1.0"/> opgeruymt ende gesuyvert, staet dagelijx noch te beteren met het voltrecken van<lb xmlns="http://www.tei-c.org/ns/1.0"/> de geprojecteerde wercken ende ’t graven van de gracht ten noorden landtwaerts<lb xmlns="http://www.tei-c.org/ns/1.0"/> Malacca. In dat vaerwater wirden gebruyckt de jachten Welsingh ende Venloo,<lb xmlns="http://www.tei-c.org/ns/1.0"/> gedestineert tot den thinhandel ende ons desseyn op Oudjongh Salem, Punte<lb xmlns="http://www.tei-c.org/ns/1.0"/> Gale, tot geleyde van d’heer Boreels vloote tot voor Keda ofte Poelelade als den<lb xmlns="http://www.tei-c.org/ns/1.0"/> thinhandel te vervolgen, mitsgaders te beletten, de Moorse vaertuygen van<lb xmlns="http://www.tei-c.org/ns/1.0"/> Coromandel ende Bengale in Keda’s riviere niet loopen, bevooren Malacca hebben<lb xmlns="http://www.tei-c.org/ns/1.0"/> aengedaen volgens ’t recht van die stadt ende ’t contract, met den Quedasen<lb xmlns="http://www.tei-c.org/ns/1.0"/> prins gemaeckt1). In voegen Malacca gestadigh met gerequireerde coopmansehappen<lb xmlns="http://www.tei-c.org/ns/1.0"/> ende alle sorteringh van lijwaten ende cleeden geprovideert sijnde, item<lb xmlns="http://www.tei-c.org/ns/1.0"/> daernevens d’oliphantenvanghst succederende, sal ’t daer aen proffitable negotie<lb xmlns="http://www.tei-c.org/ns/1.0"/> ende toeloop van verscheyde natiën niet mancqueren, waertoe in corte de Comp.e<lb xmlns="http://www.tei-c.org/ns/1.0"/> d’effecten te gemoeten heeft. Soo comporteren hun Malacca’s subjecten ende<lb xmlns="http://www.tei-c.org/ns/1.0"/> bontgenoten geheel gedienstigh ende obediënt.<lb xmlns="http://www.tei-c.org/ns/1.0"/>
            </p><note xml:id="INT_cba4c78a-3315-3d31-9c71-2132a4232bc4.TEI.1.text.1.body.1.div.1.note.8" xml:lang="nl" place="inline" type="editorial-summary" resp="editor" rend="font-style: italic; line-height: 11.7pt; text-indent: 22.0pt; text-align: justify; font-size: 10" xmlns="http://www.tei-c.org/ns/1.0">(In Malakka is van 1 oct. 1641 tot 30 sept. 1642 fl. 49312.19.9 verbren; de<lb/> redenen van Van Twist’s terugroeping; 8 jan. arriveert de FredericJc Hendrick uit<lb/> patria met 288 opvarenden , w.o. 124 soldaten, 38 sterfgevallen; in Engeland zijn<lb/> 170 man gedrost; het schip heeft een waarde van fl. 245371.9— aan goederen en<lb/> contanten meegebracht, waardoor het Indische fonds fl. 7721760.13.14 bedraagt;<lb/> gegevens over Mataram, af gedrukt <hi rend="font-size:10; font-family:Liberation Serif" xml:lang="nl">Opkomst</hi> V p. 258-259).<lb/></note><p xml:id="INT_cba4c78a-3315-3d31-9c71-2132a4232bc4.TEI.1.text.1.body.1.div.1.p.10" xml:lang="nl" rend="font-size: 10; text-align: justify; line-height: 11.7pt; text-indent: 22.0pt" xmlns="http://www.tei-c.org/ns/1.0">Nopende den vreede met deze trouwloose menschen sal ons veroorsaecken<lb/> beter op hoede te moeten sijn als bij openbaren oorloge. Bijaldien op desen trotsen<lb/> tiran sooveel advantagie erlangen, dat onse gevangene tot verlossingh van Hagy <hi rend="font-size:10; font-family:Liberation Serif; vertical-align:super" xml:lang="nl">2)</hi><lb/>ende becomingh sijner realen in Batavia brenght, sullen hem wel voorder t’onser<lb/> devotie crijgen. ’t Is noodigh, wat cleender gemaeckt off emmers in sijn progressen<lb/> gestudt wert.<lb/></p><note xml:id="INT_cba4c78a-3315-3d31-9c71-2132a4232bc4.TEI.1.text.1.body.1.div.1.note.9" xml:lang="nl" rend="font-size: 8; text-align: justify; line-height: 9.6pt; margin-left: 2200" xmlns="http://www.tei-c.org/ns/1.0">1) Op 11 juli 1642, afgedrukt <hi rend="font-size:8; font-family:Liberation Serif; font-style:italic" xml:lang="nl">Corpus</hi> I, nr. CXLIII.<lb/></note><note xml:id="INT_cba4c78a-3315-3d31-9c71-2132a4232bc4.TEI.1.text.1.body.1.div.1.note.10" xml:lang="nl" rend="font-size: 8; line-height: 9.6pt; text-indent: 21.0pt" xmlns="http://www.tei-c.org/ns/1.0">2) De hadji, die van een Engels schip werd gehaald en naar Batavia gebracht; in andere<lb/> stukken wordt hij vermeld als „de Arabise priester Ha(d)gy”.<lb/></note><fw xml:id="INT_cba4c78a-3315-3d31-9c71-2132a4232bc4.TEI.1.text.1.body.1.div.1.fw.5" type="bottom-page-number">13</fw>
            
      </div>
                  </body>
                </text>
              </TEI>