<TEI xml:id="INT_bdf8f687-4203-344f-90aa-3b9cd3d72e6f" xmlns="http://www.tei-c.org/ns/1.0">
                <teiHeader>
      <fileDesc>
        <titleStmt>
          <title>Van der Lijn, Caron, Reniers, Caen en Van Dutecum, 14 april 1647</title>
        </titleStmt>
        <publicationStmt>
          <p>
            <date>14 april 1647</date>
            <idno type="sourceID">missiven:vol2</idno>
            <idno type="pid">INT_bdf8f687-4203-344f-90aa-3b9cd3d72e6f</idno>
          </p>
        </publicationStmt>
        <notesStmt>
          <note/>
        </notesStmt>
        <sourceDesc>
          <listBibl xml:id="inlMetadata">
            <bibl type="missive">
        <interpGrp type="page"><interp>306</interp></interpGrp>
        
      <interpGrp type="titleLevel1"><interp>Van der Lijn, Caron, Reniers, Caen en Van Dutecum, 14 april 1647</interp></interpGrp>
      <interpGrp type="dateLevel1"><interp>14 april 1647</interp></interpGrp>
        <interpGrp type="tocLevel"><interp>1</interp></interpGrp>
      <interpGrp type="volume"><interp>2</interp></interpGrp>
        <interpGrp type="n"><interp>VI</interp></interpGrp>
      
      <interpGrp type="witnessYearLevel1_from"><interp>1647</interp></interpGrp>
      <interpGrp type="witnessYearLevel1_to"><interp>1647</interp></interpGrp>
      <interpGrp type="witnessMonthLevel1_to"><interp>4</interp></interpGrp>
      <interpGrp type="witnessMonthLevel1_from"><interp>4</interp></interpGrp>
      <interpGrp type="witnessDayLevel1_to"><interp>14</interp></interpGrp>
      <interpGrp type="witnessDayLevel1_from"><interp>14</interp></interpGrp>
      <interpGrp type="authorLevel1"><interp>Van der Lijn</interp><interp>Caron</interp><interp>Reniers</interp><interp>Caen</interp><interp>Van Dutecum</interp></interpGrp>
      <interpGrp type="pid"><interp>INT_bdf8f687-4203-344f-90aa-3b9cd3d72e6f</interp></interpGrp>
    </bibl>
          </listBibl>
        </sourceDesc>
      </fileDesc>
    </teiHeader>
                <text xml:id="INT_bdf8f687-4203-344f-90aa-3b9cd3d72e6f.TEI.1.text.1">
                  <body xml:id="INT_bdf8f687-4203-344f-90aa-3b9cd3d72e6f.TEI.1.text.1.body.1">
                    <div xml:id="INT_bdf8f687-4203-344f-90aa-3b9cd3d72e6f.TEI.1.text.1.body.1.div.1">
        
              <pb xml:id="INT_bdf8f687-4203-344f-90aa-3b9cd3d72e6f.TEI.1.text.1.body.1.div.1.pb.1" n="306" facs="http://resources.huygens.knaw.nl/retroapp/service_generalemissiven/gm_02/images/gm_2_112_0306.tif"/><fw xml:id="INT_bdf8f687-4203-344f-90aa-3b9cd3d72e6f.TEI.1.text.1.body.1.div.1.fw.1" place="top" type="page-number" facs="#zone.6241832" xmlns="http://www.tei-c.org/ns/1.0">306</fw><fw xml:id="INT_bdf8f687-4203-344f-90aa-3b9cd3d72e6f.TEI.1.text.1.body.1.div.1.fw.2" place="top" type="head" facs="#zone.6241836" xmlns="http://www.tei-c.org/ns/1.0">Van der Lijn, Caron, Reniers, Caen en Van Dutecum VI, 14 april 1647</fw><head xml:id="INT_bdf8f687-4203-344f-90aa-3b9cd3d72e6f.TEI.1.text.1.body.1.div.1.head.1" xml:lang="nl" rend="font-size: 10; text-align: justify; line-height: 11.7pt" xmlns="http://www.tei-c.org/ns/1.0">VI. CORNELIS VAN DER LIJN, FRANgOIS CARON, CAREL RENIERS,<lb/> ANTHONIO CAEN EN JOCHEM ROELOFFSZ. VAN DUTECUM, BATAVIA<lb/> 14 april 1647.<lb/></head><p xml:id="INT_bdf8f687-4203-344f-90aa-3b9cd3d72e6f.TEI.1.text.1.body.1.div.1.p.1" xml:lang="nl" rend="font-size: 8.5; text-align: justify; line-height: 11.7pt" xmlns="http://www.tei-c.org/ns/1.0">1063 (potlood-) folio 325-338; copie in 1065 bis, folio 514-521.<lb/></p><note xml:id="INT_bdf8f687-4203-344f-90aa-3b9cd3d72e6f.TEI.1.text.1.body.1.div.1.note.1" xml:lang="nl" place="inline" type="editorial-summary" resp="editor" rend="font-style: italic; line-height: 11.7pt; text-indent: 22.0pt; text-align: justify; font-size: 10" xmlns="http://www.tei-c.org/ns/1.0">(Brief gezonden met het Engelse huurschip Endimion, groot 150 last, geladen<lb/> met peper en suiker; van het uit patria verwachte schip Nieuw Delft is niets meer<lb/> vernomen sinds het passeren van Tristan da Cunha; aangekomen zijn de Dromedaris,<lb/> de Campen en de Gecroonde Liefde op 30 jan. en 20 maart en van de nieuwe equipage<lb/> Hulst op 9 maart , Walvis, „gisteren”; vernieuwd verbod tegen particuliere handel,<lb/> vgl. <hi rend="font-size:10; font-family:Liberation Serif" xml:lang="nl">Plakaatboek</hi> 11 p. 112-113).<lb/></note><p xml:id="INT_bdf8f687-4203-344f-90aa-3b9cd3d72e6f.TEI.1.text.1.body.1.div.1.p.2" xml:lang="nl" rend="font-size: 10; text-align: justify; line-height: 11.7pt; text-indent: 22.0pt" xmlns="http://www.tei-c.org/ns/1.0">Wij vertrouwen, dat India nu van de principale particuliere handelaars<lb/> gesuyvert is ende dat U Ed. wel kennelijcq sij, uyt welcken hooffde de groove<lb/> particulariteyten naast eenige jaren haren oorsproncq ende gevolch hebben<lb/> genomen, daerin ons dan geruststellen met belofte, dat d’ordre van de Comp.e<lb/> sullen achtervolgen ende d’overtreeders van dien sonder aensien van persoonen<lb/> volgens den generaelen artyckelbrieff <hi rend="font-size:10; font-family:Liberation Serif; vertical-align:super" xml:lang="nl">1)</hi> sullen doen straffen, dat U Ed. ons gelieven<lb/> toe te vertrouwen ende haar vastelijcq op mogen rusten.<lb/></p><note xml:id="INT_bdf8f687-4203-344f-90aa-3b9cd3d72e6f.TEI.1.text.1.body.1.div.1.note.2" xml:lang="nl" place="inline" type="editorial-summary" resp="editor" rend="font-style: italic; line-height: 11.1pt; text-indent: 22.0pt; text-align: justify; font-size: 10" xmlns="http://www.tei-c.org/ns/1.0">(De 9 retourschepen onder Lemaire zijn goed in patria gekomen).<lb/></note><p xml:id="INT_bdf8f687-4203-344f-90aa-3b9cd3d72e6f.TEI.1.text.1.body.1.div.1.p.3" resp="int_paragraph_joining" rend="">
              Dewijle op eergisteren eerst tijdinghe hebben becomen, dat voorsz. Engels<lb xmlns="http://www.tei-c.org/ns/1.0"/> schip op morgenavont staat te vertrecken, soo cunnen U Ed. . . . generale brieven<lb xmlns="http://www.tei-c.org/ns/1.0"/> niet naar eysch beantwoorden, te meer deselve met sooveel reproches van ontrouwe<lb xmlns="http://www.tei-c.org/ns/1.0"/> (die hier niet bekent sijn) geëxtendeert vinden, dat die sonder groote alteratie onser<lb xmlns="http://www.tei-c.org/ns/1.0"/> gemoederen niet cunnen lesen ende tijt van ware beantwoordinghe moeten hebben,<lb xmlns="http://www.tei-c.org/ns/1.0"/> dat met de naeste retourschepen in debita forma tot U Ed. contentement sal<lb xmlns="http://www.tei-c.org/ns/1.0"/> geschieden. Echter cunnen niet voorbijgaan op U Ed. doleancen over onse jaarlijcqse<lb xmlns="http://www.tei-c.org/ns/1.0"/> gedane groote eysschen van provisiënals andersints een weynich te dienen.<lb xmlns="http://www.tei-c.org/ns/1.0"/> Wij seggen dan, dat met U Ed. moeten bekennen, dezelve inderdaat groot sijn,<lb xmlns="http://www.tei-c.org/ns/1.0"/> maar als U Ed. considereren de veelheyt van schepen ende volcq, die in India sijn,<lb xmlns="http://www.tei-c.org/ns/1.0"/>sullen U Ed. bevinden, dat se niet excederen .<lb xmlns="http://www.tei-c.org/ns/1.0"/>
            </p><note xml:id="INT_bdf8f687-4203-344f-90aa-3b9cd3d72e6f.TEI.1.text.1.body.1.div.1.note.3" xml:lang="nl" place="inline" type="editorial-summary" resp="editor" rend="font-style: italic; line-height: 11.1pt; text-indent: 22.0pt; text-align: justify; font-size: 10" xmlns="http://www.tei-c.org/ns/1.0">(Er is o.a. veel nodig: )<lb/></note><p xml:id="INT_bdf8f687-4203-344f-90aa-3b9cd3d72e6f.TEI.1.text.1.body.1.div.1.p.4" resp="int_paragraph_joining" rend="font-size:10; font-family:Liberation Serif; letter-spacing:4.0pt">
              <hi rend="font-size:10; font-family:Liberation Serif; letter-spacing:4.0pt" xml:lang="nl" xmlns="http://www.tei-c.org/ns/1.0">....</hi> principalijcq in de swaere vaarwaeters van Toncquin, Tayouan ende<lb xmlns="http://www.tei-c.org/ns/1.0"/> Jappan, daar ongelooffelijcqe touwercken, seylen, anckers ende ronthouten gespilt<lb xmlns="http://www.tei-c.org/ns/1.0"/> worden. Integendeel, wanneer den grooten ommeslach van schepen ende volcq<lb xmlns="http://www.tei-c.org/ns/1.0"/> vermindert wort, soo sal den eysch oocq cleender vallen, gelijcq nu bij de overgaande<lb xmlns="http://www.tei-c.org/ns/1.0"/> petitie in de provisiën geschiet. De comptoiren worden oocq doorgaans<lb xmlns="http://www.tei-c.org/ns/1.0"/> minder geprovideert, als wel sijn eysschende, sulcx datter in Tayouhan niets ten<lb xmlns="http://www.tei-c.org/ns/1.0"/> overvloede is gesonden, maar ’t overschot is ontstaan uyt den overvloedigen<lb xmlns="http://www.tei-c.org/ns/1.0"/> harder <hi rend="font-size:10; font-family:Liberation Serif; vertical-align:super" xml:lang="nl" xmlns="http://www.tei-c.org/ns/1.0">2)</hi> -ende hartevanghst, die in plaatse van vlees ende specq aen ’t volcq is<lb xmlns="http://www.tei-c.org/ns/1.0"/> verstrect ende tselve daarmede gespaert, dat ons niet altijt cunnen verseeckeren<lb xmlns="http://www.tei-c.org/ns/1.0"/> ende bij mancquement van dien souden dan wel tot groot naedeel van de Comp.e<lb xmlns="http://www.tei-c.org/ns/1.0"/><note xml:id="INT_bdf8f687-4203-344f-90aa-3b9cd3d72e6f.TEI.1.text.1.body.1.div.1.p.4.note.1" xml:lang="nl" rend="font-size: 8.5; text-align: justify; line-height: 9.9pt; margin-left: 2100" xmlns="http://www.tei-c.org/ns/1.0">1) Die dateert van 2 maart 1634 en te vinden is <hi rend="font-size:8; font-family:Liberation Serif; font-style:italic" xml:lang="nl">Plakaatboek</hi> I, p. 309-361.<lb/></note><note xml:id="INT_bdf8f687-4203-344f-90aa-3b9cd3d72e6f.TEI.1.text.1.body.1.div.1.p.4.note.2" xml:lang="nl" rend="font-size: 8.5; line-height: 9.9pt; text-indent: 21.0pt" xmlns="http://www.tei-c.org/ns/1.0">2) Harder, een karperachtige rivier- en zeevis, mugil ramada, veel in de buurt van<lb/> Forinosa gevangen.<lb/></note><pb xml:id="INT_bdf8f687-4203-344f-90aa-3b9cd3d72e6f.TEI.1.text.1.body.1.div.1.p.4.pb.1" n="307" facs="http://resources.huygens.knaw.nl/retroapp/service_generalemissiven/gm_02/images/gm_2_112_0307.tif"/><fw xml:id="INT_bdf8f687-4203-344f-90aa-3b9cd3d72e6f.TEI.1.text.1.body.1.div.1.p.4.fw.1" place="top" type="head" facs="#zone.6244219" xmlns="http://www.tei-c.org/ns/1.0">Van der Lijn, Caron, Reniers, Caen en Van Dutecum VI, 14 april 1647</fw><fw xml:id="INT_bdf8f687-4203-344f-90aa-3b9cd3d72e6f.TEI.1.text.1.body.1.div.1.p.4.fw.2" place="top" type="page-number" facs="#zone.6244235" xmlns="http://www.tei-c.org/ns/1.0">307</fw>in schaersheyt vervallen, daarvoor ons te vigileren staat. Wij leggen hier alles soo<lb xmlns="http://www.tei-c.org/ns/1.0"/> suynich ende spaarsaem over, dat het niet beter weten te dirigeren ende mogen<lb xmlns="http://www.tei-c.org/ns/1.0"/> U Ed. haar wel verseeckeren, dat in d’een en d’ander onder behoorlijcke reecqueningh<lb xmlns="http://www.tei-c.org/ns/1.0"/> soo oprecht ende getrouw wort gehandelt, dat de Comp.e niet eenen stuyver<lb xmlns="http://www.tei-c.org/ns/1.0"/> comt te missen noch gefraudeert can worden, alsoo selffs het ooge daarover laten<lb xmlns="http://www.tei-c.org/ns/1.0"/> gaan ende niets buyten ordonnantie van den Generael ofte de directeurs wort<lb xmlns="http://www.tei-c.org/ns/1.0"/> verstrect, dat U Ed. vastelijcken gelieven te gelooven ende geen soo eerlose rapporteurs<lb xmlns="http://www.tei-c.org/ns/1.0"/> gehoor te geven in tgene, daermede U Ed. ons gelieven te beschuldigen, dat<lb xmlns="http://www.tei-c.org/ns/1.0"/> voor oprechte gemoederen seer hart valt, wanneer voor soodanich bij U Ed.<lb xmlns="http://www.tei-c.org/ns/1.0"/> souden moeten gereputeert worden, dat contrarie verhoopen, off waaren niet<lb xmlns="http://www.tei-c.org/ns/1.0"/> waerdich U Ed. te dienen ende sullen sulcx met ware effecten ander doen blij eken,<lb xmlns="http://www.tei-c.org/ns/1.0"/> gelijcq tot noch toe in alle getrouwigheyt gedaan hebben, waermede op die odieuse<lb xmlns="http://www.tei-c.org/ns/1.0"/> materie niet verder sullen repliceren, <hi rend="font-size:10; font-family:Liberation Serif; letter-spacing:4.5pt" xml:lang="nl" xmlns="http://www.tei-c.org/ns/1.0">....</hi><lb xmlns="http://www.tei-c.org/ns/1.0"/>
            </p><note xml:id="INT_bdf8f687-4203-344f-90aa-3b9cd3d72e6f.TEI.1.text.1.body.1.div.1.note.4" xml:lang="nl" place="inline" type="editorial-summary" resp="editor" rend="font-style: italic; line-height: 10.5pt; text-indent: 22.0pt; text-align: justify; font-size: 9.5" xmlns="http://www.tei-c.org/ns/1.0">(In Siam zijn o.a. gekomen:)<lb/></note><p xml:id="INT_bdf8f687-4203-344f-90aa-3b9cd3d72e6f.TEI.1.text.1.body.1.div.1.p.5" xml:lang="nl" rend="font-size: 10; text-align: justify; line-height: 11.7pt; text-indent: 22.0pt" xmlns="http://www.tei-c.org/ns/1.0"><hi rend="font-size:10; font-family:Liberation Serif; letter-spacing:4.5pt" xml:lang="nl">....</hi> de schepen Harderwijcq, Arent ende Reynsburgh, die in december<lb/> passato een Chinese joneque, omtrent 20 000 realen waardich, hebben verovert<lb/> ende met 22 Nederlanders nevens 40 Chinesen herwaarts gesonden, welcke tot<lb/> dato noch niet is verschenen ende, nae de geruchten loopen, op een riff niet verre<lb/> van Manilha met volcq en al verongeluct soude sijn.<lb/></p><note xml:id="INT_bdf8f687-4203-344f-90aa-3b9cd3d72e6f.TEI.1.text.1.body.1.div.1.note.5" xml:lang="nl" place="inline" type="editorial-summary" resp="editor" rend="font-style: italic; line-height: 11.7pt; text-indent: 22.0pt; text-align: justify; font-size: 9.5" xmlns="http://www.tei-c.org/ns/1.0">(Met 6 schepen is uit Siam een lading van f. 52045.1.14 ontvangen , vnl. sapanhout,<lb/> rijst, gommelalc en 5 schone olifanten, geschenk van den Koning, die naar<lb/> Coromandel worden gezonden; voor Japan zijn er 47358 hertevellen, sapanhout enz.<lb/> in voorraad; twee schepen zijn te Batavia gekomen uit Thaiwan met lading van<lb/> f. 71400.15.4, w.o. 40.000 gld. aan goud, 753 picol koper).<lb/></note><p xml:id="INT_bdf8f687-4203-344f-90aa-3b9cd3d72e6f.TEI.1.text.1.body.1.div.1.p.6" xml:lang="nl" rend="font-size: 10; text-align: justify; line-height: 11.7pt; text-indent: 22.0pt" xmlns="http://www.tei-c.org/ns/1.0">Den lantbouw wort hoe langhs hoe meer beijvert ende stont het rijs- ende<lb/> indigogewas seer schoon, daarvan goede quantiteyt verhoopt wert, maer de<lb/> suyckeren souden dit jaar schaars zijn ende sal Saccam niet boven de 8000 picols<lb/> uytleveren; daarbij was den toevoer uyt China noch onseecker, echter vertrouwen,<lb/> met £ ofte f reael per picol meer te geven onse competentie wel erlangen sullen,<lb/> daartoe ordre sullen geven. Met de troublen in China was de hardervanghst sober<lb/> ende in plaats van 200 niet meer als omtrent 100 visschersjoncqges verschenen, dat<lb/> de incompsten sal verminderen. De geruchten liepen, dat Iquan met den Tarter<lb/> vereenicht was om over de drie principale provintiën in de lage landen te regeren<lb/> ende dat tot dien eynde naar boven diep om de noort was vertrocken om ’t accoort<lb/> te besluyten ende sijn commissie t’ontfangen, alwaar naar veeler opinie sal worden<lb/> aengehouden, doordien den Tarter hem in de lage landen om den zuyt (daar<lb/> gewent is te domineren) niet vertrouwt, dat een gewenste zaacke voor de Comp.®<lb/> soude sijn. Echter blijven gemelten Icquans broeders met een groote macht ter<lb/> zee omtrent Aymuy ende Kemoy <hi rend="font-size:10; font-family:Liberation Serif; vertical-align:super" xml:lang="nl">1),</hi> sijnde Iquans besitlanden, noch al continueren,<lb/> sonder dat haar tot accoort willen begeven, <hi rend="font-size:10; font-family:Liberation Serif; letter-spacing:4.5pt" xml:lang="nl">....</hi><lb/></p><note xml:id="INT_bdf8f687-4203-344f-90aa-3b9cd3d72e6f.TEI.1.text.1.body.1.div.1.note.6" xml:lang="nl" rend="font-size: 8.5; line-height: 9.9pt; text-indent: 22.0pt" xmlns="http://www.tei-c.org/ns/1.0">1) Kemoy, Quemoy, eiland voor de kust van China, zeewaarts van Amoy op 24°30/<lb/> N.B. en 108° 20' O.L.<lb/></note><pb xml:id="INT_bdf8f687-4203-344f-90aa-3b9cd3d72e6f.TEI.1.text.1.body.1.div.1.pb.2" n="308" facs="http://resources.huygens.knaw.nl/retroapp/service_generalemissiven/gm_02/images/gm_2_112_0308.tif"/><fw xml:id="INT_bdf8f687-4203-344f-90aa-3b9cd3d72e6f.TEI.1.text.1.body.1.div.1.fw.3" place="top" type="page-number" facs="#zone.6246633" xmlns="http://www.tei-c.org/ns/1.0">308</fw><fw xml:id="INT_bdf8f687-4203-344f-90aa-3b9cd3d72e6f.TEI.1.text.1.body.1.div.1.fw.4" place="top" type="head" facs="#zone.6246637" xmlns="http://www.tei-c.org/ns/1.0">Van der Lijn, Caron, Reniers, Caen en Van Dutecum VI, 14 april 1647</fw><note xml:id="INT_bdf8f687-4203-344f-90aa-3b9cd3d72e6f.TEI.1.text.1.body.1.div.1.note.7" xml:lang="nl" place="inline" type="editorial-summary" resp="editor" rend="font-style: italic; line-height: 11.4pt; text-indent: 22.0pt; text-align: justify; font-size: 10" xmlns="http://www.tei-c.org/ns/1.0">( Kans op herleving van de handel met China; een handelsjonkje is van daar te<lb/> Thaiwan gekomen ).<lb/></note><p xml:id="INT_bdf8f687-4203-344f-90aa-3b9cd3d72e6f.TEI.1.text.1.body.1.div.1.p.7" xml:lang="nl" rend="font-size: 10; text-align: justify; line-height: 11.7pt; text-indent: 22.0pt" xmlns="http://www.tei-c.org/ns/1.0">De coopmanschappen namen mede scheut, den wierrooeq was ’t picol tot 11<lb/> realen, poetsjocq tot 45, mirhe tot 41, de rompen tot 17 J ende den peper van 12 tot<lb/> 17 realen ’t picol vercocht, dat goede prijsen sijn ende worden voor dit jaar 6000<lb/> picols peper gevordert, <hi rend="font-size:10; font-family:Liberation Serif; letter-spacing:4.0pt" xml:lang="nl">....</hi><lb/></p><note xml:id="INT_bdf8f687-4203-344f-90aa-3b9cd3d72e6f.TEI.1.text.1.body.1.div.1.note.8" xml:lang="nl" place="inline" type="editorial-summary" resp="editor" rend="font-style: italic; line-height: 11.7pt; text-indent: 22.0pt; text-align: justify; font-size: 10" xmlns="http://www.tei-c.org/ns/1.0">(In Thaiwan blijft f. 594.000 aan contanten <hi rend="font-size:10; font-family:Liberation Serif; letter-spacing:4.0pt" xml:lang="nl">,</hi> f. 170000 aan waren; nieuws uit<lb/> Japan).<lb/></note><p xml:id="INT_bdf8f687-4203-344f-90aa-3b9cd3d72e6f.TEI.1.text.1.body.1.div.1.p.8" xml:lang="nl" rend="font-size: 10; text-align: justify; line-height: 11.7pt; text-indent: 22.0pt" xmlns="http://www.tei-c.org/ns/1.0"><hi rend="font-size:10; font-family:Liberation Serif; letter-spacing:4.0pt" xml:lang="nl">....</hi> dat den oppercoopman Willem Verstegen een groote misslagh heeft<lb/> begaan in ’t refuseren van een goede partij e cooper, dat hem in staven tot 8 ende<lb/> in plaatsen tot 7 tail ’t picol wiert aengepresenteert, omdat (soo secht) den eysch<lb/> voldaan ende de schaal van de leveraars een weynich te licht was, dat vreesen,<lb/> wellicht nieuw verbot van uytvoer mocht veroorsaacken, dewijle, nae langh solliciterens<lb/> ons versoucq toegestaan sijnde, nu weygeren ’t coper t’ ontvangen ,dat door<lb/> de coopluyden rede met groote costen van boven uyt de mine is gebracht, ’t Is te<lb/> beclagen, vele ministers soo onwetende sijn ende soo licht proffytabel benefitie<lb/> verbrodden, dat met groote moeyten vercregen is, want tot dien sivilen prijs can<lb/> ons niet te veel coper toecomen, alsoo tgeene voor India t’ over hebben, voor<lb/> ballast in de retourschepen naer ’t patria can gaen ende daar met ruym een cent<lb/> advance gevent worden.<lb/></p><note xml:id="INT_bdf8f687-4203-344f-90aa-3b9cd3d72e6f.TEI.1.text.1.body.1.div.1.note.9" xml:lang="nl" place="inline" type="editorial-summary" resp="editor" rend="font-style: italic; line-height: 11.7pt; text-indent: 22.0pt; text-align: justify; font-size: 10" xmlns="http://www.tei-c.org/ns/1.0">(2 schepen imt f. 798990.2.8 lading zijn van daar naar Coromandel en Suratte<lb/> vertrokken <hi rend="font-size:10; font-family:Liberation Serif" xml:lang="nl">,</hi> meest goud en zilver; Brouckhorst is met 2 fluiten en lading van f. 400000<lb/> 2 dec. in Tonkin gekomen).<lb/></note><p xml:id="INT_bdf8f687-4203-344f-90aa-3b9cd3d72e6f.TEI.1.text.1.body.1.div.1.p.9" xml:lang="nl" rend="font-size: 10; text-align: justify; line-height: 11.7pt; text-indent: 22.0pt" xmlns="http://www.tei-c.org/ns/1.0">Den oppersten cappado hadde voorgenomen een monepolie op te rechten, dat<lb/> de Comp.e met niemant anders soude mogen handelen als met eenige geaposteerde<lb/> coopluyden ende de zijde en stucqgoederen tot soodanigen prijs aen te moeten<lb/> nemen, als souden goetvinden om de Comp.e soo van haer proffijten te frustreren,<lb/> dat eyntlijcq door . . . Broucqhorst is affgeloopen met aen denselven jaarlijcx<lb/> 6000 tail silver op leverantie van sijde nae des Conincx wijse ter hant te stellen,<lb/> waarmede den handel op den ouden voet voortgancq nam. Ende hadde den<lb/> Conincq oocq gelast, dat daer geen volcq meer most o ver blij ven om naar ’t<lb/> vertrecq van de schepen te handelen, dat voor de Comp.e een goede saacke is om<lb/> van schade bevrijt te blijven, alsoo ’t een snoode rasse is, die niet te vertrouwen<lb/> sijn ende in dien tijt oocq weynich in negotie te doen valt.<lb/></p><note xml:id="INT_bdf8f687-4203-344f-90aa-3b9cd3d72e6f.TEI.1.text.1.body.1.div.1.note.10" xml:lang="nl" place="inline" type="editorial-summary" resp="editor" rend="font-style: italic; line-height: 11.7pt; text-indent: 22.0pt; text-align: justify; font-size: 10" xmlns="http://www.tei-c.org/ns/1.0">( Berichten van Mauritius, vgl. <hi rend="font-size:10; font-family:Liberation Serif" xml:lang="nl">Mauritius</hi> p. 1019 vlg.; zending van schepen naar<lb/> de Specerij eilanden).<lb/></note><p xml:id="INT_bdf8f687-4203-344f-90aa-3b9cd3d72e6f.TEI.1.text.1.body.1.div.1.p.10" xml:lang="nl" rend="font-size: 10; text-align: right; line-height: 11.7pt" xmlns="http://www.tei-c.org/ns/1.0">Dese schepen hebben alle in vloote doen gaen ende Maccassar in ’t gesicht<lb/> lopen laten om alle vremde handelaers, die van daer naer voorsz. quartieren noch<lb/></p><pb xml:id="INT_bdf8f687-4203-344f-90aa-3b9cd3d72e6f.TEI.1.text.1.body.1.div.1.pb.3" n="309" facs="http://resources.huygens.knaw.nl/retroapp/service_generalemissiven/gm_02/images/gm_2_112_0309.tif"/><fw xml:id="INT_bdf8f687-4203-344f-90aa-3b9cd3d72e6f.TEI.1.text.1.body.1.div.1.fw.5" place="top" type="head" facs="#zone.6248973" xmlns="http://www.tei-c.org/ns/1.0">Van der Lijn, Caron, Reniers, Caen en Van Dutecum VI, 14 april 1647</fw><fw xml:id="INT_bdf8f687-4203-344f-90aa-3b9cd3d72e6f.TEI.1.text.1.body.1.div.1.fw.6" place="top" type="page-number" facs="#zone.6248989" xmlns="http://www.tei-c.org/ns/1.0">309</fw><p xml:id="INT_bdf8f687-4203-344f-90aa-3b9cd3d72e6f.TEI.1.text.1.body.1.div.1.p.11" xml:lang="nl" rend="font-size: 10; text-align: justify; line-height: 12.0pt" xmlns="http://www.tei-c.org/ns/1.0">mochten tenderen, een schricq aen te jagen ende van haer voornemen te doen<lb/> desisteren.<lb/></p><note xml:id="INT_bdf8f687-4203-344f-90aa-3b9cd3d72e6f.TEI.1.text.1.body.1.div.1.note.11" xml:lang="nl" place="inline" type="editorial-summary" resp="editor" rend="font-style: italic; line-height: 12.0pt; text-indent: 22.0pt; text-align: justify; font-size: 10" xmlns="http://www.tei-c.org/ns/1.0">( Zending van majoor Verbeech met een jacht naar Larantuka en Solor; zending<lb/> van Marten de Vries naar de Philippijnen; vgl. <hi rend="font-size:10; font-family:Liberation Serif" xml:lang="nl">Zeemogendheid</hi> II p. 361 ).<lb/></note><p xml:id="INT_bdf8f687-4203-344f-90aa-3b9cd3d72e6f.TEI.1.text.1.body.1.div.1.p.12" xml:lang="nl" rend="font-size: 10; text-align: justify; line-height: 11.7pt; text-indent: 22.0pt" xmlns="http://www.tei-c.org/ns/1.0"><hi rend="font-size:10; font-family:Liberation Serif; letter-spacing:4.5pt" xml:lang="nl">....</hi> met ordre des vijants macht in de bay van Manilha onversiens op ’t<lb/> lijff te vallen ende trachten te devaliseren, wanneer d.° bay met 3 schepen sal<lb/> beseth laten om ’t in- ende uytcomen van eenich vaertuych te beletten ende tselve<lb/> te vermeesteren. Drie schepen sullen aen de oostsijde van Luconia omtrent<lb/> Cagiaen1), twee omtrent de rieviere van Maubangh2 <hi rend="font-size:10; font-family:Liberation Serif; vertical-align:super" xml:lang="nl">3)</hi> ende de resterende macht<lb/> van S.1 Claria <hi rend="font-size:10; font-family:Liberation Serif; vertical-align:super" xml:lang="nl">s)</hi> tot Cabo Spirito Sancto ende omleggende plaetsen in den Embocadera<lb/> aff- ende aen cruyssen op de comende silverschepen uyt Nova-Spangien tot<lb/> den 10en augusto^aenstaende, <hi rend="font-size:10; font-family:Liberation Serif; letter-spacing:4.5pt" xml:lang="nl">....</hi><lb/></p><note xml:id="INT_bdf8f687-4203-344f-90aa-3b9cd3d72e6f.TEI.1.text.1.body.1.div.1.note.12" xml:lang="nl" place="inline" type="editorial-summary" resp="editor" rend="font-style: italic; line-height: 11.1pt; text-indent: 22.0pt; text-align: justify; font-size: 10" xmlns="http://www.tei-c.org/ns/1.0">( Een deel der schepen gaat daarna vracht in Thaiwan halen).<lb/></note><p xml:id="INT_bdf8f687-4203-344f-90aa-3b9cd3d72e6f.TEI.1.text.1.body.1.div.1.p.13" xml:lang="nl" rend="font-size: 10; text-align: justify; line-height: 11.7pt; text-indent: 22.0pt" xmlns="http://www.tei-c.org/ns/1.0">Den commandeur sal dan met de vordere macht naar Manilha comen affsacken<lb/> ende de bay beset houden om den Chinesen handel te beletten, van waer drie<lb/> van de handighste jachten boven den inham van Panassilangh sal senden om<lb/> ’t incomen van de Chinese joncquen aldaar mede te weeren ende deselve te vermeesteren,<lb/> <hi rend="font-size:10; font-family:Liberation Serif; letter-spacing:4.5pt" xml:lang="nl">....</hi><lb/></p><note xml:id="INT_bdf8f687-4203-344f-90aa-3b9cd3d72e6f.TEI.1.text.1.body.1.div.1.note.13" xml:lang="nl" place="inline" type="editorial-summary" resp="editor" rend="font-style: italic; line-height: 11.1pt; text-indent: 22.0pt; text-align: justify; font-size: 10" xmlns="http://www.tei-c.org/ns/1.0">(Hoop op succes).<lb/></note><p xml:id="INT_bdf8f687-4203-344f-90aa-3b9cd3d72e6f.TEI.1.text.1.body.1.div.1.p.14" resp="int_paragraph_joining" rend="">
              In Batavia staat alles wel ende naar wensch. Van brant off ongevallen sijn tot<lb xmlns="http://www.tei-c.org/ns/1.0"/> dato bevrijt ende neemt de timmeragie in steen aen de westsijde van de rieviere<lb xmlns="http://www.tei-c.org/ns/1.0"/> seer toe. Den toevoer van peper is groot ende neemt noch dagelijcx aen, hebben<lb xmlns="http://www.tei-c.org/ns/1.0"/> rede over de 10 000 picols ofte 500 lasten hier ingecocht ende in voorraet opgeslaegen,<lb xmlns="http://www.tei-c.org/ns/1.0"/> soodat U Ed. met d’aenstaande retourschepen weder een groote quantiteyt<lb xmlns="http://www.tei-c.org/ns/1.0"/> staat toe te comen. Den toevoer van rijs ende andere maintementos is eenigen tijt<lb xmlns="http://www.tei-c.org/ns/1.0"/> schaars geweest, doordien den Mattaram in february passato een machtich leger<lb xmlns="http://www.tei-c.org/ns/1.0"/> naer Balimboangh heeft uytgeseth, dat sich weder onder de Balyër hadde gesubmitteert<lb xmlns="http://www.tei-c.org/ns/1.0"/> ende nu andermael bij den Mattaram is ingenomen, alwaer aen wedersijden<lb xmlns="http://www.tei-c.org/ns/1.0"/> veel duysenden menschen sijn gesneuvelt, daaronder van der Javaenen zijde haren<lb xmlns="http://www.tei-c.org/ns/1.0"/> veltoversten, den tommagon Wieragoena <hi rend="font-size:10; font-family:Liberation Serif; vertical-align:super" xml:lang="nl" xmlns="http://www.tei-c.org/ns/1.0">4),</hi> mede is gebleven, dat een groot<lb xmlns="http://www.tei-c.org/ns/1.0"/> vijant van de Comp.e is geweest, die den VTeede (onder schijn van vruntschap)<lb xmlns="http://www.tei-c.org/ns/1.0"/><note xml:id="INT_bdf8f687-4203-344f-90aa-3b9cd3d72e6f.TEI.1.text.1.body.1.div.1.p.14.note.1" xml:lang="nl" rend="font-size: 8; line-height: 9.9pt; text-indent: 23.0pt" xmlns="http://www.tei-c.org/ns/1.0">1 ) Cagiaen, Cagayan, rivier en plaats in het noorden van Luzon ; de rivier stroomt van<lb/> zuid naar noord.<lb/></note><note xml:id="INT_bdf8f687-4203-344f-90aa-3b9cd3d72e6f.TEI.1.text.1.body.1.div.1.p.14.note.2" xml:lang="nl" rend="font-size: 8; line-height: 9.9pt; text-indent: 22.0pt" xmlns="http://www.tei-c.org/ns/1.0">2) Maubangh, vermoedelijk Mambulao, ook aan de oostkust van Luzon op ruim<lb/> 14° N.B.<lb/></note><note xml:id="INT_bdf8f687-4203-344f-90aa-3b9cd3d72e6f.TEI.1.text.1.body.1.div.1.p.14.note.3" xml:lang="nl" rend="font-size: 8; line-height: 9.9pt; text-indent: 23.0pt" xmlns="http://www.tei-c.org/ns/1.0">3) St. Claria, plaats op ongeveer 12£° N.B., noordelijk van de San Bemardinostraat, die<lb/> toen bekend stond als Embocadero.<lb/></note><note xml:id="INT_bdf8f687-4203-344f-90aa-3b9cd3d72e6f.TEI.1.text.1.body.1.div.1.p.14.note.4" xml:lang="nl" rend="font-size: 8; text-align: justify; line-height: 9.9pt; text-indent: 22.0pt" xmlns="http://www.tei-c.org/ns/1.0">4) Tumenggung Wiraguna, sinds 1637 invloedrijk Matarams grote, door de Nederlanders<lb/> voor opperrechter, generaal en eerste raad gehouden. In 1647 werd hij met vele verwanten<lb/> op last van den in 1646 opgetreden Susuhunan gedood. Hij viel dus niet in de strijd met Balambangan,<lb/> waarvoor men zie <hi rend="font-size:8; font-family:Liberation Serif; font-style:italic" xml:lang="nl">Encyclopaedie</hi> V, p. 221.<lb/></note><pb xml:id="INT_bdf8f687-4203-344f-90aa-3b9cd3d72e6f.TEI.1.text.1.body.1.div.1.p.14.pb.1" n="310" facs="http://resources.huygens.knaw.nl/retroapp/service_generalemissiven/gm_02/images/gm_2_112_0310.tif"/><fw xml:id="INT_bdf8f687-4203-344f-90aa-3b9cd3d72e6f.TEI.1.text.1.body.1.div.1.p.14.fw.1" place="top" type="page-number" facs="#zone.6252374" xmlns="http://www.tei-c.org/ns/1.0">310</fw><fw xml:id="INT_bdf8f687-4203-344f-90aa-3b9cd3d72e6f.TEI.1.text.1.body.1.div.1.p.14.fw.2" place="top" type="head" facs="#zone.6252378" xmlns="http://www.tei-c.org/ns/1.0">Van der Lijn, Caron, Reniers, Caen on Van Dutecum VI, 14 april 1647</fw>lange jaren heeft tegengehouden, sijnde het resterende Javaensche leger opgebroocken<lb xmlns="http://www.tei-c.org/ns/1.0"/> ende in de stadt Mattaram geretourneert om den rijsoogst, die seer<lb xmlns="http://www.tei-c.org/ns/1.0"/> opulent staat, te beter te innen <hi rend="font-size:10; font-family:Liberation Serif; vertical-align:super" xml:lang="nl" xmlns="http://www.tei-c.org/ns/1.0">1),</hi> waardoor den toevoer weder begint te wackeren,<lb xmlns="http://www.tei-c.org/ns/1.0"/> soodat onsen rijsnootdruft tot een civilen prijs van Java rijckelijcq hopen<lb xmlns="http://www.tei-c.org/ns/1.0"/> t’erlangen, <hi rend="font-size:10; font-family:Liberation Serif; letter-spacing:4.5pt" xml:lang="nl" xmlns="http://www.tei-c.org/ns/1.0">....</hi><lb xmlns="http://www.tei-c.org/ns/1.0"/>
            </p><note xml:id="INT_bdf8f687-4203-344f-90aa-3b9cd3d72e6f.TEI.1.text.1.body.1.div.1.note.14" xml:lang="nl" place="inline" type="editorial-summary" resp="editor" rend="font-style: italic; margin-left: 2200; line-height: 10.5pt; font-weight: bold; font-size: 9.5" xmlns="http://www.tei-c.org/ns/1.0">(Slot).<lb/></note><p xml:id="INT_bdf8f687-4203-344f-90aa-3b9cd3d72e6f.TEI.1.text.1.body.1.div.1.p.15" xml:lang="nl" rend="font-size: 9; line-height: 10.0pt; margin-left: 2100" xmlns="http://www.tei-c.org/ns/1.0">1) Dit is weinig aannemelijk.<lb/></p>
            
      </div>
                  </body>
                </text>
              </TEI>