<TEI xml:id="INT_19b0c64b-1a6e-36fb-943c-320ca6d17e3d" xmlns="http://www.tei-c.org/ns/1.0">
                <teiHeader>
      <fileDesc>
        <titleStmt>
          <title>Van der Lijn, Maetsuyker, Reniers en Van Alphen, 17 dec. 1645</title>
        </titleStmt>
        <publicationStmt>
          <p>
            <date>17 dec. 1645</date>
            <idno type="sourceID">missiven:vol2</idno>
            <idno type="pid">INT_19b0c64b-1a6e-36fb-943c-320ca6d17e3d</idno>
          </p>
        </publicationStmt>
        <notesStmt>
          <note/>
        </notesStmt>
        <sourceDesc>
          <listBibl xml:id="inlMetadata">
            <bibl type="missive">
        <interpGrp type="page"><interp>273</interp></interpGrp>
        
      <interpGrp type="titleLevel1"><interp>Van der Lijn, Maetsuyker, Reniers en Van Alphen, 17 dec. 1645</interp></interpGrp>
      <interpGrp type="dateLevel1"><interp>17 dec. 1645</interp></interpGrp>
        <interpGrp type="tocLevel"><interp>1</interp></interpGrp>
      <interpGrp type="volume"><interp>2</interp></interpGrp>
        <interpGrp type="n"><interp>II</interp></interpGrp>
      
      <interpGrp type="witnessYearLevel1_from"><interp>1645</interp></interpGrp>
      <interpGrp type="witnessYearLevel1_to"><interp>1645</interp></interpGrp>
      <interpGrp type="witnessMonthLevel1_to"><interp>12</interp></interpGrp>
      <interpGrp type="witnessMonthLevel1_from"><interp>12</interp></interpGrp>
      <interpGrp type="witnessDayLevel1_to"><interp>17</interp></interpGrp>
      <interpGrp type="witnessDayLevel1_from"><interp>17</interp></interpGrp>
      <interpGrp type="authorLevel1"><interp>Van der Lijn</interp><interp>Maetsuyker</interp><interp>Reniers</interp><interp>Van Alphen</interp></interpGrp>
      <interpGrp type="pid"><interp>INT_19b0c64b-1a6e-36fb-943c-320ca6d17e3d</interp></interpGrp>
    </bibl>
          </listBibl>
        </sourceDesc>
      </fileDesc>
    </teiHeader>
                <text xml:id="INT_19b0c64b-1a6e-36fb-943c-320ca6d17e3d.TEI.1.text.1">
                  <body xml:id="INT_19b0c64b-1a6e-36fb-943c-320ca6d17e3d.TEI.1.text.1.body.1">
                    <div xml:id="INT_19b0c64b-1a6e-36fb-943c-320ca6d17e3d.TEI.1.text.1.body.1.div.1">
        
              <pb xml:id="INT_19b0c64b-1a6e-36fb-943c-320ca6d17e3d.TEI.1.text.1.body.1.div.1.pb.1" n="273" facs="http://resources.huygens.knaw.nl/retroapp/service_generalemissiven/gm_02/images/gm_2_112_0273.tif"/><fw xml:id="INT_19b0c64b-1a6e-36fb-943c-320ca6d17e3d.TEI.1.text.1.body.1.div.1.fw.1" place="top" type="head" facs="#zone.6153175" xmlns="http://www.tei-c.org/ns/1.0">Van der Lijn, Maetsuyker, Reniers en Van Alphen II, 17 december 1645</fw><fw xml:id="INT_19b0c64b-1a6e-36fb-943c-320ca6d17e3d.TEI.1.text.1.body.1.div.1.fw.2" place="top" type="page-number" facs="#zone.6153190" xmlns="http://www.tei-c.org/ns/1.0">273</fw><head xml:id="INT_19b0c64b-1a6e-36fb-943c-320ca6d17e3d.TEI.1.text.1.body.1.div.1.head.1" xml:lang="nl" rend="font-size: 10; line-height: 11.7pt" xmlns="http://www.tei-c.org/ns/1.0">II. CORNELIS VAN DER LETN, JOAN MAETSUYKER, CAREL RENIERS<lb/> EN SIMON VAN ALPHEN, BATAVIA 17 december 1645.<lb/></head><p xml:id="INT_19b0c64b-1a6e-36fb-943c-320ca6d17e3d.TEI.1.text.1.body.1.div.1.p.1" xml:lang="nl" rend="font-size: 8; line-height: 8.9pt" xmlns="http://www.tei-c.org/ns/1.0">1058, fol. 1-67.<lb/></p><note xml:id="INT_19b0c64b-1a6e-36fb-943c-320ca6d17e3d.TEI.1.text.1.body.1.div.1.note.1" xml:lang="nl" place="inline" type="editorial-summary" resp="editor" rend="font-style: italic; line-height: 11.7pt; text-indent: 22.0pt; text-align: justify; font-size: 10" xmlns="http://www.tei-c.org/ns/1.0">(Verwijzing naar vorige brief; berichten over Ternate, vgl. <hi rend="font-size:10; font-family:Liberation Serif" xml:lang="nl">Daghregisters</hi><lb/>1644^45, p. 3-11, deels afgedr. <hi rend="font-size:10; font-family:Liberation Serif" xml:lang="nl">Bouwstoffen</hi> III p. 234r-239 ; over Amboina, vgl.<lb/><hi rend="font-size:10; font-family:Liberation Serif" xml:lang="nl">Daghregisters</hi> p. 21-24, deels afgedr. <hi rend="font-size:10; font-family:Liberation Serif" xml:lang="nl">Bouwstoffen</hi> III p. 239-243; over Banda, vgl.<lb/><hi rend="font-size:10; font-family:Liberation Serif" xml:lang="nl">Daghregisters</hi> p. 33-38, deels afgedr. <hi rend="font-size:10; font-family:Liberation Serif" xml:lang="nl">Bouwstoffen</hi> III p. 243-246; over Sulu ( Solok),<lb/> afgedr. ibid. p. 246-247; over Makassar, deels afgedr. ibid. p. 247-248; over Mataram<lb/> en Bantam, deels afgedr. <hi rend="font-size:10; font-family:Liberation Serif" xml:lang="nl">Opkomst</hi> V p. 278; men is nog niet bij machte de moorden,<lb/> in Borneo en Cambodja gepleegd, te straffen; berichten over Enggano, deels afgedr.<lb/><hi rend="font-size:10; font-family:Liberation Serif" xml:lang="nl">Bouwstoffen</hi> III p. 248-249; zending van een schip naar Arakan ; berichten over<lb/> Mauritius, vgl. <hi rend="font-size:10; font-family:Liberation Serif" xml:lang="nl">Mauritius</hi> p. 1015-1017; zending van schepen naar de kust van<lb/> Malabar, vgl. <hi rend="font-size:10; font-family:Liberation Serif" xml:lang="nl">Malabar</hi> p. 114).<lb/></note><p xml:id="INT_19b0c64b-1a6e-36fb-943c-320ca6d17e3d.TEI.1.text.1.body.1.div.1.p.2" xml:lang="nl" rend="font-size: 10; text-align: justify; line-height: 11.7pt; text-indent: 22.0pt" xmlns="http://www.tei-c.org/ns/1.0">Met gemelte schepen is mede vertrocken om in Goa aen lant gebracht te<lb/> werden den Portugesen ambassadeur Frey Gonsalo Veloso de S.* Joseph1), die<lb/> eerst meende nae Ceylon te gaen ende naderhant resolveerde den Vice-Rey Don<lb/> Philippo de Mascarenhas <hi rend="font-size:10; font-family:Liberation Serif; vertical-align:super" xml:lang="nl">2)</hi> in Goa te verwachten nevens den commissaris<lb/> Erancisco Zusarte3). Is geduyrende zijn aenwesen alhier ten laste van de Comp.e<lb/> seer heerlijck gedefroyeert, met grote eere aen boort gebracht ende in alles, naer<lb/> heeft doen blijcken, seer vernoeght gescheyden. De gasto’s bedragen ƒ 9800.-. Wat<lb/> met sijn eerwaerde tot op ’t vertreck van de advijsfluyt de Post zij gebesoingeert<lb/> ende aen den commissaris Zusarte is uytgekeert op rekeninge der aengehaelde<lb/> goederen, die gerestitueert mosten werden, hebben U Ed. daermede aengecundicht<lb/> <hi rend="font-size:10; font-family:Liberation Serif; vertical-align:super" xml:lang="nl">4).</hi> Zedert is hem nader contentement gedaen ende bij rekeninge verthoont,<lb/> hoe de aengehaelde goederen in ’t geheel comen te bedragen ter somme van<lb/> ƒ 389 396.5.10, waerop in Suratte zijn voldaen 100 000 realen in spetie, gerekent<lb/> na Batavia’s valeur a IJ realen ij der, comt a 51 stuyvers per<lb/> reael . ƒ 318 <hi rend="font-size:10; font-family:Liberation Serif; letter-spacing:1.0pt" xml:lang="nl">750.-.-</hi><lb/></p><p xml:id="INT_19b0c64b-1a6e-36fb-943c-320ca6d17e3d.TEI.1.text.1.body.1.div.1.p.3" resp="int_paragraph_joining" rend="">
              In Goa is bij d’heer Maetsuycker aen touwerc ende andere<lb xmlns="http://www.tei-c.org/ns/1.0"/> scheepsbehoeften op ’t versoeck van den Vice-Rey ten behoeve<lb xmlns="http://www.tei-c.org/ns/1.0"/> van haer galjoen S.* Laureri.90 verstrect de waerde van <hi rend="font-size:10; font-family:Liberation Serif; letter-spacing:6.5pt" xml:lang="nl" xmlns="http://www.tei-c.org/ns/1.0">....</hi> „ 2 485.18. 4<lb xmlns="http://www.tei-c.org/ns/1.0"/>ende in Batavia sijn aen den commissaris Erancisco Zusarte in<lb xmlns="http://www.tei-c.org/ns/1.0"/> contant ter hant gestelt 26 729£ realen van 8en, comt . „ 68 160. 7. 6<lb xmlns="http://www.tei-c.org/ns/1.0"/>
            </p><p xml:id="INT_19b0c64b-1a6e-36fb-943c-320ca6d17e3d.TEI.1.text.1.body.1.div.1.p.4" xml:lang="nl" rend="font-size: 10; text-align: justify; line-height: 11.1pt; text-indent: 22.0pt" xmlns="http://www.tei-c.org/ns/1.0">Comt tsamen als voren . guldens 389 396. 5.10.<lb/></p><note xml:id="INT_19b0c64b-1a6e-36fb-943c-320ca6d17e3d.TEI.1.text.1.body.1.div.1.note.2" xml:lang="nl" place="inline" type="editorial-summary" resp="editor" rend="font-style: italic; line-height: 12.0pt; text-indent: 22.0pt; text-align: justify; font-size: 10" xmlns="http://www.tei-c.org/ns/1.0">(Vogelstruys en ValcJcenburgh naar Suratte gezonden met een car gasoen van<lb/> f. 380433.1.4).<lb/></note><note xml:id="INT_19b0c64b-1a6e-36fb-943c-320ca6d17e3d.TEI.1.text.1.body.1.div.1.note.3" xml:lang="nl" rend="font-size: 8; text-align: justify; line-height: 9.6pt; text-indent: 23.0pt" xmlns="http://www.tei-c.org/ns/1.0">1) Frei Gonsalo de Velozo de St. Joseph kwam 1642 voor onderhandelingen, die geen<lb/> succes hadden, te Batavia; in 1644 was hij op Ceylon voor het vaststellen van de grenzen,<lb/> daarna kwam hij weer te Batavia, van waar hij 4 aug. 1645 naar Goa werd teruggebracht.<lb/></note><note xml:id="INT_19b0c64b-1a6e-36fb-943c-320ca6d17e3d.TEI.1.text.1.body.1.div.1.note.4" xml:lang="nl" rend="font-size: 8; text-align: justify; line-height: 9.6pt; text-indent: 23.0pt" xmlns="http://www.tei-c.org/ns/1.0">2) Dom Felipe de Mascarenhas kwam 1623 naar Indië, 1631-1634 kapitein-generaal<lb/> van Cochin, 1640-1645 van Ceylon, 1645-1651 Onderkoning van Portugees Indië. Hij stierf<lb/> op de thuisreis in 1652.<lb/></note><note xml:id="INT_19b0c64b-1a6e-36fb-943c-320ca6d17e3d.TEI.1.text.1.body.1.div.1.note.5" xml:lang="nl" rend="font-size: 8; line-height: 9.6pt; text-indent: 23.0pt" xmlns="http://www.tei-c.org/ns/1.0">3) Francisco Susarte was aan Frei Gongalo toegevoegd vooral voor de financiële aangelegenheden.<lb/><lb/></note><note xml:id="INT_19b0c64b-1a6e-36fb-943c-320ca6d17e3d.TEI.1.text.1.body.1.div.1.note.6" xml:lang="nl" rend="font-size: 8; text-align: justify; line-height: 9.6pt; margin-left: 2300" xmlns="http://www.tei-c.org/ns/1.0">4) In ons nr. I is daaromtrent echter evenmin iets te vinden als hier.<lb/></note><fw xml:id="INT_19b0c64b-1a6e-36fb-943c-320ca6d17e3d.TEI.1.text.1.body.1.div.1.fw.3" type="bottom-page-number">18</fw><pb xml:id="INT_19b0c64b-1a6e-36fb-943c-320ca6d17e3d.TEI.1.text.1.body.1.div.1.pb.2" n="274" facs="http://resources.huygens.knaw.nl/retroapp/service_generalemissiven/gm_02/images/gm_2_112_0274.tif"/><fw xml:id="INT_19b0c64b-1a6e-36fb-943c-320ca6d17e3d.TEI.1.text.1.body.1.div.1.fw.4" place="top" type="page-number" facs="#zone.6155633" xmlns="http://www.tei-c.org/ns/1.0">274</fw><fw xml:id="INT_19b0c64b-1a6e-36fb-943c-320ca6d17e3d.TEI.1.text.1.body.1.div.1.fw.5" place="top" type="head" facs="#zone.6155637" xmlns="http://www.tei-c.org/ns/1.0">Van der Lijn, Maetsuyker, Reniers en Van Alphen II, 17 december 1645</fw><p xml:id="INT_19b0c64b-1a6e-36fb-943c-320ca6d17e3d.TEI.1.text.1.body.1.div.1.p.5" xml:lang="nl" rend="font-size: 10; text-align: right; line-height: 11.1pt" xmlns="http://www.tei-c.org/ns/1.0">Volgens becomen extract over Coromandel was in Suratte suyver geavanceert<lb/></p><p xml:id="INT_19b0c64b-1a6e-36fb-943c-320ca6d17e3d.TEI.1.text.1.body.1.div.1.p.6" xml:lang="nl" rend="font-size: 10; text-align: justify; line-height: 11.1pt" xmlns="http://www.tei-c.org/ns/1.0">zedert primo juny 1644 tot ultimo mey 1645 . ƒ 168 931.18. 2<lb/></p><p xml:id="INT_19b0c64b-1a6e-36fb-943c-320ca6d17e3d.TEI.1.text.1.body.1.div.1.p.7" xml:lang="nl" rend="font-size: 10; text-align: justify; line-height: 11.1pt" xmlns="http://www.tei-c.org/ns/1.0">in Mocha in 11 maenden gewonnen . „ 39 764. 1. 5<lb/></p><p xml:id="INT_19b0c64b-1a6e-36fb-943c-320ca6d17e3d.TEI.1.text.1.body.1.div.1.p.8" xml:lang="nl" rend="font-size: 10; text-align: right; line-height: 11.1pt" xmlns="http://www.tei-c.org/ns/1.0">van vracht der Moorse goederen over te voeren geproeedeert <hi rend="font-size:10; font-family:Liberation Serif; vertical-align:super" xml:lang="nl">x)</hi> „ 25 413. 6.15<lb/></p><p xml:id="INT_19b0c64b-1a6e-36fb-943c-320ca6d17e3d.TEI.1.text.1.body.1.div.1.p.9" xml:lang="nl" rend="font-size: 10; text-align: right; line-height: 11.7pt" xmlns="http://www.tei-c.org/ns/1.0">ƒ 234 109. 6. 6.<lb/></p><p xml:id="INT_19b0c64b-1a6e-36fb-943c-320ca6d17e3d.TEI.1.text.1.body.1.div.1.p.10" xml:lang="nl" rend="font-size: 10; text-align: right; line-height: 11.7pt; margin-right: 8000" xmlns="http://www.tei-c.org/ns/1.0">Hiertegen is in denselven tijt gegasteert in oncosten, montcosten,<lb/> soldij e, schenckagie ende ten behoeve van de schepen te<lb/></p><p xml:id="INT_19b0c64b-1a6e-36fb-943c-320ca6d17e3d.TEI.1.text.1.body.1.div.1.p.11" xml:lang="nl" rend="font-size: 10; text-align: justify; line-height: 11.1pt" xmlns="http://www.tei-c.org/ns/1.0">samen . „ 62 960. 3. 9<lb/></p><p xml:id="INT_19b0c64b-1a6e-36fb-943c-320ca6d17e3d.TEI.1.text.1.body.1.div.1.p.12" xml:lang="nl" rend="font-size: 10; text-align: justify; line-height: 11.1pt; margin-left: 2100" xmlns="http://www.tei-c.org/ns/1.0">In voegen aldaer bij negotie overgewonnen is . ƒ 171 149. 2.13.<lb/></p><p xml:id="INT_19b0c64b-1a6e-36fb-943c-320ca6d17e3d.TEI.1.text.1.body.1.div.1.p.13" xml:lang="nl" rend="font-size: 10; text-align: justify; line-height: 11.7pt; text-indent: 22.0pt" xmlns="http://www.tei-c.org/ns/1.0">Alle de intrestpenningen waren affgeleyt ende bleeff ’t comptoir Suratte nogh<lb/> in voorraet geprovideert met een capitael van 160 000 gld., dat noyt gebeurt is<lb/> ende hopen de saken soo te beleyden, dat de Comp.e voortaen in dat gewest van<lb/> dien cancker ontlast sal blijven. Alles stont daer voorts in redelijcke termen; de<lb/> procure der lijwaten hadde goeden voortgangh ende souw den eysch van anno 1646<lb/> ’t merendeel voldaen werden, den indigo wiert nogh op prijs gehouden, maer den<lb/> cattoen was vrij wat gedaelt, doordien de Moren weynich incoop van cleeden voor<lb/> Parsia ondernamen ende dat uyt vrese van onse uytgesette macht tegen dat rijck,<lb/> daervan kennisse hadden, twelck die van Suratte almede omsichtiger maecte ende<lb/> is seker, soo de saké in Parsia naer wensch uytvalt, dat allerwegen beter deegh<lb/> van de Moren sullen hebben, ’t Zal oock niet alleen groot ontsach ende respect<lb/> baren, maer de Comp.e seer proffitabel wesen, alsoo wel weten, meester ter zee sijn<lb/> ende haer de vaert cunnen beletten. d’Engelsen hielden haer in negotie heel stil<lb/> ende hadden in Agra nogh Amadabat geen incoop van indigo gedaen. . . .<lb/></p><p xml:id="INT_19b0c64b-1a6e-36fb-943c-320ca6d17e3d.TEI.1.text.1.body.1.div.1.p.14" resp="int_paragraph_joining" rend="">
              Wij maken staet, dat de voorsz. coopmansehappen ende tgene van Tayouan<lb xmlns="http://www.tei-c.org/ns/1.0"/> met ’t schip Schiedam ende van Siam per ’t jacht Bergen op Zoom in Suratte staet<lb xmlns="http://www.tei-c.org/ns/1.0"/> te comen, bij behouden varen (dat God geve) aldaer tsamen niet minder renderen<lb xmlns="http://www.tei-c.org/ns/1.0"/>sullen . ƒ 280 000-<lb xmlns="http://www.tei-c.org/ns/1.0"/>de contanten, per den Vogel Struys ende Valckenburgh gesonden,<lb xmlns="http://www.tei-c.org/ns/1.0"/>bedragen . „ 190 000 -<lb xmlns="http://www.tei-c.org/ns/1.0"/>uyt Mocha staet naer gissinge te comen . „ 100 000 -<lb xmlns="http://www.tei-c.org/ns/1.0"/>van Parsia souden in october per een jacht 200 000 gld. in Suratte<lb xmlns="http://www.tei-c.org/ns/1.0"/> gaen ende in february nogh andere 200 000 gld. volgen, makende<lb xmlns="http://www.tei-c.org/ns/1.0"/>tsamen . „ 400 000 -<lb xmlns="http://www.tei-c.org/ns/1.0"/>ende ’t comptoir Suratte bleef op ultimo mey in voorraet geprovideert<lb xmlns="http://www.tei-c.org/ns/1.0"/> . . . met . „ 160 000 -<lb xmlns="http://www.tei-c.org/ns/1.0"/>
            </p><p xml:id="INT_19b0c64b-1a6e-36fb-943c-320ca6d17e3d.TEI.1.text.1.body.1.div.1.p.15" resp="int_paragraph_joining" rend="">
              comt tsamen guldens 1130 000 -.<lb xmlns="http://www.tei-c.org/ns/1.0"/> Hier moet affgaen ’t retour, dat anno 1646 van daer staen te<lb xmlns="http://www.tei-c.org/ns/1.0"/>crijgen, dat na calcula omtrent bedragen <hi rend="font-size:10; font-family:Liberation Serif; letter-spacing:2.5pt" xml:lang="nl" xmlns="http://www.tei-c.org/ns/1.0">zal ...</hi> . ƒ 440 000 -<lb xmlns="http://www.tei-c.org/ns/1.0"/>naer Mocha te senden . „ 60 000 -<lb xmlns="http://www.tei-c.org/ns/1.0"/>naer Parsia bij continuatie van den handel in cleeden<lb xmlns="http://www.tei-c.org/ns/1.0"/>etc. mede . <hi rend="font-size:10; font-family:Liberation Serif; letter-spacing:2.5pt" xml:lang="nl" xmlns="http://www.tei-c.org/ns/1.0">,&gt;60</hi> 000 -<lb xmlns="http://www.tei-c.org/ns/1.0"/>voor een jaers ongelden stellen . „70 000 -<lb xmlns="http://www.tei-c.org/ns/1.0"/>
            </p><p xml:id="INT_19b0c64b-1a6e-36fb-943c-320ca6d17e3d.TEI.1.text.1.body.1.div.1.p.16" resp="int_paragraph_joining" rend="">
              in alles ƒ 630 000 -<lb xmlns="http://www.tei-c.org/ns/1.0"/> Rest dan guldens 500 000 -<lb xmlns="http://www.tei-c.org/ns/1.0"/><note xml:id="INT_19b0c64b-1a6e-36fb-943c-320ca6d17e3d.TEI.1.text.1.body.1.div.1.p.16.note.1" xml:lang="nl" rend="font-size: 8; text-align: justify; line-height: 8.9pt; text-indent: 22.0pt" xmlns="http://www.tei-c.org/ns/1.0">1) Geproeedeert, vei-worven.<lb/></note><pb xml:id="INT_19b0c64b-1a6e-36fb-943c-320ca6d17e3d.TEI.1.text.1.body.1.div.1.p.16.pb.1" n="275" facs="http://resources.huygens.knaw.nl/retroapp/service_generalemissiven/gm_02/images/gm_2_112_0275.tif"/><fw xml:id="INT_19b0c64b-1a6e-36fb-943c-320ca6d17e3d.TEI.1.text.1.body.1.div.1.p.16.fw.1" place="top" type="head" facs="#zone.6157921" xmlns="http://www.tei-c.org/ns/1.0">Van der Lijn, Maetsuyker, Reniers en Van Alphen II, 17 december 1645</fw><fw xml:id="INT_19b0c64b-1a6e-36fb-943c-320ca6d17e3d.TEI.1.text.1.body.1.div.1.p.16.fw.2" place="top" type="page-number" facs="#zone.6157949" xmlns="http://www.tei-c.org/ns/1.0">275</fw>voor den empleo van anno 1647, dat vrij meer is, als de petitiën voor ’t patria ende<lb xmlns="http://www.tei-c.org/ns/1.0"/> India comen te bedragen, zijnde den eysch voor India seer weynich, vermits den<lb xmlns="http://www.tei-c.org/ns/1.0"/> soberen afftreck in alle Suratse doeken ende als bet aenstaende jaers retour in salvo<lb xmlns="http://www.tei-c.org/ns/1.0"/> crijgen, blijven ruym voor twe jaren geprovideert, ten ware onderwijlen den vertier<lb xmlns="http://www.tei-c.org/ns/1.0"/> wackerde, daernae ons dan sullen reguleren. Hier moet nu nogb bij comen ’t<lb xmlns="http://www.tei-c.org/ns/1.0"/> cargasoen, dat anno 1646 naer Suratte sullen senden ende tgene van de juwelen<lb xmlns="http://www.tei-c.org/ns/1.0"/> staet te procederen, dat vertrouwen, tsamen niet minder als 300000 gulden sal<lb xmlns="http://www.tei-c.org/ns/1.0"/> renderen.<lb xmlns="http://www.tei-c.org/ns/1.0"/>
            </p><note xml:id="INT_19b0c64b-1a6e-36fb-943c-320ca6d17e3d.TEI.1.text.1.body.1.div.1.note.7" xml:lang="nl" place="inline" type="editorial-summary" resp="editor" rend="font-style: italic; line-height: 11.7pt; text-indent: 22.0pt; text-align: justify; font-size: 9.5" xmlns="http://www.tei-c.org/ns/1.0">(Vervólg berichten van Suratte; berichten over Perzië te vinden <hi rend="font-size:10; font-family:Liberation Serif" xml:lang="nl">Daghregisters</hi><lb/>1644-45 , p. 258-265; er is in Perzië van 1.4.1644 tot 30.4.1645 gewonnen f 222887.8.8<lb/> en uitgegeven f 49802.6.-; de Nassau is 25.10 met cargasoen van f 55641.15 - vnl.<lb/> kruidnagelen en muskaatnoten , bestemd voor Suratte <hi rend="font-size:10; font-family:Liberation Serif" xml:lang="nl">,</hi> vertrokken ; voor Perzië zal in<lb/> Malakka tin en in Wingurla peper worden ingenomen en in Suratte kleden; heeft de<lb/> Sjah geen satisfactie gegeven , dan blijft Gamron geblokkeerd; voor de handel is in<lb/> Perzië bij hervatten daarvan een waarde van 7 tan, waarvan f 360.000 nodig voor<lb/> 300 balen zijde voor patria en 150 voor Japan; Coromandel is in 1645 met f 1625241.<lb/> 15.4 voorzien , terwijl het retour van daar f 1542061.11.14 bedraagt; berichten van<lb/> daar en van Bengalen, af gedrukt <hi rend="font-size:10; font-family:Liberation Serif" xml:lang="nl">Daghregisters</hi> 1644^-45, p. 345-364).<lb/></note><p xml:id="INT_19b0c64b-1a6e-36fb-943c-320ca6d17e3d.TEI.1.text.1.body.1.div.1.p.17" resp="int_paragraph_joining" rend="">
              Volgens de negotieboecken, lopende van primo augusty 1644 tot ultimo july<lb xmlns="http://www.tei-c.org/ns/1.0"/>1645, was op de Coromandelse Custe ende dependerende comptoiren geadvanceert<lb xmlns="http://www.tei-c.org/ns/1.0"/> als volcht:<lb xmlns="http://www.tei-c.org/ns/1.0"/>op Paliacatte . ƒ 83 335.17. 2<lb xmlns="http://www.tei-c.org/ns/1.0"/>op ’t comptoir Pipely in Bengale . „ 35 500. 6. 9<lb xmlns="http://www.tei-c.org/ns/1.0"/>op ’t comptoir Ava in Pegu . „23 678. 9.12<lb xmlns="http://www.tei-c.org/ns/1.0"/>op ’t comptoir Masilipatnam .   44 370. 5.11<lb xmlns="http://www.tei-c.org/ns/1.0"/>ƒ 186 884.19. 2<lb xmlns="http://www.tei-c.org/ns/1.0"/>
            </p><p xml:id="INT_19b0c64b-1a6e-36fb-943c-320ca6d17e3d.TEI.1.text.1.body.1.div.1.p.18" resp="int_paragraph_joining" rend="">
              Hiertegen bedragen d’ongelden, in voorschreven tijt op alle<lb xmlns="http://www.tei-c.org/ns/1.0"/> comptoiren gespendeert . „114 872. 2. 6<lb xmlns="http://www.tei-c.org/ns/1.0"/>sulcs de winsten d’ongelden te boven comen . gld. 72 012.16.12,<lb xmlns="http://www.tei-c.org/ns/1.0"/>dat ruym 58 000 gld. minder is als voorleden jaer, ontstaende uyt den soberen<lb xmlns="http://www.tei-c.org/ns/1.0"/> afftreck der coopmanschappen ende principalijck het groot verlies op ’t schuytsilver<lb xmlns="http://www.tei-c.org/ns/1.0"/> in Masilipatnam, alwaer op 21 800 marck ƒ 41 529.3.9 verloren is, dat een<lb xmlns="http://www.tei-c.org/ns/1.0"/> grose bresse maect ende, soo daervoor gout uyt China hadden becomen, souden niet<lb xmlns="http://www.tei-c.org/ns/1.0"/> minder als 8 per cento geadvanceert hebben.<lb xmlns="http://www.tei-c.org/ns/1.0"/>
            </p><note xml:id="INT_19b0c64b-1a6e-36fb-943c-320ca6d17e3d.TEI.1.text.1.body.1.div.1.note.8" xml:lang="nl" place="inline" type="editorial-summary" resp="editor" rend="font-style: italic; line-height: 11.7pt; text-indent: 22.0pt; text-align: justify; font-size: 9.5" xmlns="http://www.tei-c.org/ns/1.0">(Naar Coromandel zal voor f. 1294730.9.5 gezonden worden, w.o. voor f. 820000<lb/> aan goud en zilver uit Thaiwan; zending van schepen naar Siam; berichten van daar,<lb/> vgl. <hi rend="font-size:10; font-family:Liberation Serif" xml:lang="nl">Daghregisters</hi> 1644—45 <hi rend="font-size:10; font-family:Liberation Serif" xml:lang="nl">,</hi> p. 106-107 <hi rend="font-size:10; font-family:Liberation Serif" xml:lang="nl">,</hi> deels af gedrukt <hi rend="font-size:10; font-family:Liberation Serif" xml:lang="nl">Bouwstoffen</hi> III <hi rend="font-size:10; font-family:Liberation Serif" xml:lang="nl">p.</hi> 249250;<lb/> berichten van Thaiwan, vgl. <hi rend="font-size:10; font-family:Liberation Serif" xml:lang="nl">Daghregisters</hi> p. 171-176; van Japan, vgl. <hi rend="font-size:10; font-family:Liberation Serif" xml:lang="nl">Dagh¬</hi><lb/><hi rend="font-size:10; font-family:Liberation Serif" xml:lang="nl">registers,</hi> p. 218-224; van Tonkin, afgedr. <hi rend="font-size:10; font-family:Liberation Serif" xml:lang="nl">Tonkin</hi> p. 100; van delen van Sumatra,<lb/> deels afgedrukt <hi rend="font-size:10; font-family:Liberation Serif" xml:lang="nl">Bouwstoffen</hi> III p. 250.)<lb/></note><pb xml:id="INT_19b0c64b-1a6e-36fb-943c-320ca6d17e3d.TEI.1.text.1.body.1.div.1.pb.3" n="276" facs="http://resources.huygens.knaw.nl/retroapp/service_generalemissiven/gm_02/images/gm_2_112_0276.tif"/><fw xml:id="INT_19b0c64b-1a6e-36fb-943c-320ca6d17e3d.TEI.1.text.1.body.1.div.1.fw.6" place="top" type="page-number" facs="#zone.6159402" xmlns="http://www.tei-c.org/ns/1.0">276</fw><fw xml:id="INT_19b0c64b-1a6e-36fb-943c-320ca6d17e3d.TEI.1.text.1.body.1.div.1.fw.7" place="top" type="head" facs="#zone.6159406" xmlns="http://www.tei-c.org/ns/1.0">Van der Lijn, Maetsuyker, Reniers en Van Alphen II, 17 december 1645</fw><table xml:id="INT_19b0c64b-1a6e-36fb-943c-320ca6d17e3d.TEI.1.text.1.body.1.div.1.table.1" xmlns="http://www.tei-c.org/ns/1.0"><row xml:id="INT_19b0c64b-1a6e-36fb-943c-320ca6d17e3d.TEI.1.text.1.body.1.div.1.table.1.row.1"><cell xml:id="INT_19b0c64b-1a6e-36fb-943c-320ca6d17e3d.TEI.1.text.1.body.1.div.1.table.1.row.1.cell.1"><p xml:id="INT_19b0c64b-1a6e-36fb-943c-320ca6d17e3d.TEI.1.text.1.body.1.div.1.table.1.row.1.cell.1.p.1" rend="line-height:-0.01pt" xmlns="http://www.tei-c.org/ns/1.0"/></cell><cell xml:id="INT_19b0c64b-1a6e-36fb-943c-320ca6d17e3d.TEI.1.text.1.body.1.div.1.table.1.row.1.cell.2"><p xml:id="INT_19b0c64b-1a6e-36fb-943c-320ca6d17e3d.TEI.1.text.1.body.1.div.1.table.1.row.1.cell.2.p.1" xml:lang="nl" rend="font-size: 9.5; line-height: 10.5pt" xmlns="http://www.tei-c.org/ns/1.0">matrosen<lb/></p></cell><cell xml:id="INT_19b0c64b-1a6e-36fb-943c-320ca6d17e3d.TEI.1.text.1.body.1.div.1.table.1.row.1.cell.3"><p xml:id="INT_19b0c64b-1a6e-36fb-943c-320ca6d17e3d.TEI.1.text.1.body.1.div.1.table.1.row.1.cell.3.p.1" xml:lang="nl" rend="font-size: 9.5; line-height: 10.5pt" xmlns="http://www.tei-c.org/ns/1.0">soldaten:<lb/></p></cell><cell xml:id="INT_19b0c64b-1a6e-36fb-943c-320ca6d17e3d.TEI.1.text.1.body.1.div.1.table.1.row.1.cell.4"><p xml:id="INT_19b0c64b-1a6e-36fb-943c-320ca6d17e3d.TEI.1.text.1.body.1.div.1.table.1.row.1.cell.4.p.1" xml:lang="nl" rend="font-size: 9.5; line-height: 10.5pt" xmlns="http://www.tei-c.org/ns/1.0">— coppen<lb/></p></cell><cell xml:id="INT_19b0c64b-1a6e-36fb-943c-320ca6d17e3d.TEI.1.text.1.body.1.div.1.table.1.row.1.cell.5"><p xml:id="INT_19b0c64b-1a6e-36fb-943c-320ca6d17e3d.TEI.1.text.1.body.1.div.1.table.1.row.1.cell.5.p.1" xml:lang="nl" rend="font-size: 9.5; line-height: 10.5pt" xmlns="http://www.tei-c.org/ns/1.0">doden<lb/></p></cell></row><row xml:id="INT_19b0c64b-1a6e-36fb-943c-320ca6d17e3d.TEI.1.text.1.body.1.div.1.table.1.row.2"><cell xml:id="INT_19b0c64b-1a6e-36fb-943c-320ca6d17e3d.TEI.1.text.1.body.1.div.1.table.1.row.2.cell.1"><p xml:id="INT_19b0c64b-1a6e-36fb-943c-320ca6d17e3d.TEI.1.text.1.body.1.div.1.table.1.row.2.cell.1.p.1" xml:lang="nl" rend="font-size: 9.5; text-align: justify; line-height: 10.5pt; margin-left: 2200" xmlns="http://www.tei-c.org/ns/1.0">(Met vorige 6 schepen zijn aangeko-<lb/></p></cell><cell xml:id="INT_19b0c64b-1a6e-36fb-943c-320ca6d17e3d.TEI.1.text.1.body.1.div.1.table.1.row.2.cell.2"><p xml:id="INT_19b0c64b-1a6e-36fb-943c-320ca6d17e3d.TEI.1.text.1.body.1.div.1.table.1.row.2.cell.2.p.1" rend="line-height:-0.01pt" xmlns="http://www.tei-c.org/ns/1.0"/></cell><cell xml:id="INT_19b0c64b-1a6e-36fb-943c-320ca6d17e3d.TEI.1.text.1.body.1.div.1.table.1.row.2.cell.3"><p xml:id="INT_19b0c64b-1a6e-36fb-943c-320ca6d17e3d.TEI.1.text.1.body.1.div.1.table.1.row.2.cell.3.p.1" rend="line-height:-0.01pt" xmlns="http://www.tei-c.org/ns/1.0"/></cell><cell xml:id="INT_19b0c64b-1a6e-36fb-943c-320ca6d17e3d.TEI.1.text.1.body.1.div.1.table.1.row.2.cell.4"><p xml:id="INT_19b0c64b-1a6e-36fb-943c-320ca6d17e3d.TEI.1.text.1.body.1.div.1.table.1.row.2.cell.4.p.1" rend="line-height:-0.01pt" xmlns="http://www.tei-c.org/ns/1.0"/></cell><cell xml:id="INT_19b0c64b-1a6e-36fb-943c-320ca6d17e3d.TEI.1.text.1.body.1.div.1.table.1.row.2.cell.5"><p xml:id="INT_19b0c64b-1a6e-36fb-943c-320ca6d17e3d.TEI.1.text.1.body.1.div.1.table.1.row.2.cell.5.p.1" rend="line-height:-0.01pt" xmlns="http://www.tei-c.org/ns/1.0"/></cell></row><row xml:id="INT_19b0c64b-1a6e-36fb-943c-320ca6d17e3d.TEI.1.text.1.body.1.div.1.table.1.row.3"><cell xml:id="INT_19b0c64b-1a6e-36fb-943c-320ca6d17e3d.TEI.1.text.1.body.1.div.1.table.1.row.3.cell.1"><p xml:id="INT_19b0c64b-1a6e-36fb-943c-320ca6d17e3d.TEI.1.text.1.body.1.div.1.table.1.row.3.cell.1.p.1" xml:lang="nl" rend="font-size: 9.5; text-align: justify; line-height: 10.5pt" xmlns="http://www.tei-c.org/ns/1.0">komen:) .<lb/></p></cell><cell xml:id="INT_19b0c64b-1a6e-36fb-943c-320ca6d17e3d.TEI.1.text.1.body.1.div.1.table.1.row.3.cell.2"><p xml:id="INT_19b0c64b-1a6e-36fb-943c-320ca6d17e3d.TEI.1.text.1.body.1.div.1.table.1.row.3.cell.2.p.1" xml:lang="nl" rend="font-size: 9.5; text-align: center; line-height: 10.5pt" xmlns="http://www.tei-c.org/ns/1.0">951<lb/></p></cell><cell xml:id="INT_19b0c64b-1a6e-36fb-943c-320ca6d17e3d.TEI.1.text.1.body.1.div.1.table.1.row.3.cell.3"><p xml:id="INT_19b0c64b-1a6e-36fb-943c-320ca6d17e3d.TEI.1.text.1.body.1.div.1.table.1.row.3.cell.3.p.1" xml:lang="nl" rend="font-size: 9.5; text-align: right; line-height: 10.5pt; margin-right: 1200" xmlns="http://www.tei-c.org/ns/1.0">360<lb/></p></cell><cell xml:id="INT_19b0c64b-1a6e-36fb-943c-320ca6d17e3d.TEI.1.text.1.body.1.div.1.table.1.row.3.cell.4"><p xml:id="INT_19b0c64b-1a6e-36fb-943c-320ca6d17e3d.TEI.1.text.1.body.1.div.1.table.1.row.3.cell.4.p.1" xml:lang="nl" rend="font-size: 9.5; text-align: right; line-height: 10.5pt; margin-right: 1100" xmlns="http://www.tei-c.org/ns/1.0">1311<lb/></p></cell><cell xml:id="INT_19b0c64b-1a6e-36fb-943c-320ca6d17e3d.TEI.1.text.1.body.1.div.1.table.1.row.3.cell.5"><p xml:id="INT_19b0c64b-1a6e-36fb-943c-320ca6d17e3d.TEI.1.text.1.body.1.div.1.table.1.row.3.cell.5.p.1" xml:lang="nl" rend="font-size: 9.5; text-align: right; line-height: 10.5pt; margin-right: 1000" xmlns="http://www.tei-c.org/ns/1.0">32<lb/></p></cell></row><row xml:id="INT_19b0c64b-1a6e-36fb-943c-320ca6d17e3d.TEI.1.text.1.body.1.div.1.table.1.row.4"><cell xml:id="INT_19b0c64b-1a6e-36fb-943c-320ca6d17e3d.TEI.1.text.1.body.1.div.1.table.1.row.4.cell.1"><p xml:id="INT_19b0c64b-1a6e-36fb-943c-320ca6d17e3d.TEI.1.text.1.body.1.div.1.table.1.row.4.cell.1.p.1" xml:lang="nl" rend="font-size: 9.5; text-align: justify; line-height: 10.5pt; margin-left: 2200" xmlns="http://www.tei-c.org/ns/1.0">(Met Hoff van Seelant en Middelburgh<lb/></p></cell><cell xml:id="INT_19b0c64b-1a6e-36fb-943c-320ca6d17e3d.TEI.1.text.1.body.1.div.1.table.1.row.4.cell.2"><p xml:id="INT_19b0c64b-1a6e-36fb-943c-320ca6d17e3d.TEI.1.text.1.body.1.div.1.table.1.row.4.cell.2.p.1" rend="line-height:-0.01pt" xmlns="http://www.tei-c.org/ns/1.0"/></cell><cell xml:id="INT_19b0c64b-1a6e-36fb-943c-320ca6d17e3d.TEI.1.text.1.body.1.div.1.table.1.row.4.cell.3"><p xml:id="INT_19b0c64b-1a6e-36fb-943c-320ca6d17e3d.TEI.1.text.1.body.1.div.1.table.1.row.4.cell.3.p.1" rend="line-height:-0.01pt" xmlns="http://www.tei-c.org/ns/1.0"/></cell><cell xml:id="INT_19b0c64b-1a6e-36fb-943c-320ca6d17e3d.TEI.1.text.1.body.1.div.1.table.1.row.4.cell.4"><p xml:id="INT_19b0c64b-1a6e-36fb-943c-320ca6d17e3d.TEI.1.text.1.body.1.div.1.table.1.row.4.cell.4.p.1" rend="line-height:-0.01pt" xmlns="http://www.tei-c.org/ns/1.0"/></cell><cell xml:id="INT_19b0c64b-1a6e-36fb-943c-320ca6d17e3d.TEI.1.text.1.body.1.div.1.table.1.row.4.cell.5"><p xml:id="INT_19b0c64b-1a6e-36fb-943c-320ca6d17e3d.TEI.1.text.1.body.1.div.1.table.1.row.4.cell.5.p.1" rend="line-height:-0.01pt" xmlns="http://www.tei-c.org/ns/1.0"/></cell></row><row xml:id="INT_19b0c64b-1a6e-36fb-943c-320ca6d17e3d.TEI.1.text.1.body.1.div.1.table.1.row.5"><cell xml:id="INT_19b0c64b-1a6e-36fb-943c-320ca6d17e3d.TEI.1.text.1.body.1.div.1.table.1.row.5.cell.1"><p xml:id="INT_19b0c64b-1a6e-36fb-943c-320ca6d17e3d.TEI.1.text.1.body.1.div.1.table.1.row.5.cell.1.p.1" xml:lang="nl" rend="font-size: 9.5; text-align: justify; line-height: 10.5pt" xmlns="http://www.tei-c.org/ns/1.0">op 18 juli:) .<lb/></p></cell><cell xml:id="INT_19b0c64b-1a6e-36fb-943c-320ca6d17e3d.TEI.1.text.1.body.1.div.1.table.1.row.5.cell.2"><p xml:id="INT_19b0c64b-1a6e-36fb-943c-320ca6d17e3d.TEI.1.text.1.body.1.div.1.table.1.row.5.cell.2.p.1" xml:lang="nl" rend="font-size: 9.5; text-align: center; line-height: 10.5pt" xmlns="http://www.tei-c.org/ns/1.0">411<lb/></p></cell><cell xml:id="INT_19b0c64b-1a6e-36fb-943c-320ca6d17e3d.TEI.1.text.1.body.1.div.1.table.1.row.5.cell.3"><p xml:id="INT_19b0c64b-1a6e-36fb-943c-320ca6d17e3d.TEI.1.text.1.body.1.div.1.table.1.row.5.cell.3.p.1" xml:lang="nl" rend="font-size: 9.5; text-align: right; line-height: 10.5pt; margin-right: 1200" xmlns="http://www.tei-c.org/ns/1.0">236<lb/></p></cell><cell xml:id="INT_19b0c64b-1a6e-36fb-943c-320ca6d17e3d.TEI.1.text.1.body.1.div.1.table.1.row.5.cell.4"><p xml:id="INT_19b0c64b-1a6e-36fb-943c-320ca6d17e3d.TEI.1.text.1.body.1.div.1.table.1.row.5.cell.4.p.1" xml:lang="nl" rend="font-size: 9.5; text-align: right; line-height: 10.5pt; margin-right: 1100" xmlns="http://www.tei-c.org/ns/1.0">647<lb/></p></cell><cell xml:id="INT_19b0c64b-1a6e-36fb-943c-320ca6d17e3d.TEI.1.text.1.body.1.div.1.table.1.row.5.cell.5"><p xml:id="INT_19b0c64b-1a6e-36fb-943c-320ca6d17e3d.TEI.1.text.1.body.1.div.1.table.1.row.5.cell.5.p.1" xml:lang="nl" rend="font-size: 9.5; text-align: right; line-height: 10.5pt; margin-right: 1000" xmlns="http://www.tei-c.org/ns/1.0">52<lb/></p></cell></row><row xml:id="INT_19b0c64b-1a6e-36fb-943c-320ca6d17e3d.TEI.1.text.1.body.1.div.1.table.1.row.6"><cell xml:id="INT_19b0c64b-1a6e-36fb-943c-320ca6d17e3d.TEI.1.text.1.body.1.div.1.table.1.row.6.cell.1"><p xml:id="INT_19b0c64b-1a6e-36fb-943c-320ca6d17e3d.TEI.1.text.1.body.1.div.1.table.1.row.6.cell.1.p.1" xml:lang="nl" rend="font-size: 9.5; text-align: justify; line-height: 10.5pt" xmlns="http://www.tei-c.org/ns/1.0">op 2 november Breda .<lb/></p></cell><cell xml:id="INT_19b0c64b-1a6e-36fb-943c-320ca6d17e3d.TEI.1.text.1.body.1.div.1.table.1.row.6.cell.2"><p xml:id="INT_19b0c64b-1a6e-36fb-943c-320ca6d17e3d.TEI.1.text.1.body.1.div.1.table.1.row.6.cell.2.p.1" xml:lang="nl" rend="font-size: 9.5; text-align: center; line-height: 10.5pt" xmlns="http://www.tei-c.org/ns/1.0">230<lb/></p></cell><cell xml:id="INT_19b0c64b-1a6e-36fb-943c-320ca6d17e3d.TEI.1.text.1.body.1.div.1.table.1.row.6.cell.3"><p xml:id="INT_19b0c64b-1a6e-36fb-943c-320ca6d17e3d.TEI.1.text.1.body.1.div.1.table.1.row.6.cell.3.p.1" xml:lang="nl" rend="font-size: 9.5; text-align: right; line-height: 10.5pt; margin-right: 1200" xmlns="http://www.tei-c.org/ns/1.0">54<lb/></p></cell><cell xml:id="INT_19b0c64b-1a6e-36fb-943c-320ca6d17e3d.TEI.1.text.1.body.1.div.1.table.1.row.6.cell.4"><p xml:id="INT_19b0c64b-1a6e-36fb-943c-320ca6d17e3d.TEI.1.text.1.body.1.div.1.table.1.row.6.cell.4.p.1" xml:lang="nl" rend="font-size: 9.5; text-align: right; line-height: 10.5pt; margin-right: 1100" xmlns="http://www.tei-c.org/ns/1.0">284<lb/></p></cell><cell xml:id="INT_19b0c64b-1a6e-36fb-943c-320ca6d17e3d.TEI.1.text.1.body.1.div.1.table.1.row.6.cell.5"><p xml:id="INT_19b0c64b-1a6e-36fb-943c-320ca6d17e3d.TEI.1.text.1.body.1.div.1.table.1.row.6.cell.5.p.1" xml:lang="nl" rend="font-size: 9.5; text-align: right; line-height: 10.5pt; margin-right: 1000" xmlns="http://www.tei-c.org/ns/1.0">16<lb/></p></cell></row><row xml:id="INT_19b0c64b-1a6e-36fb-943c-320ca6d17e3d.TEI.1.text.1.body.1.div.1.table.1.row.7"><cell xml:id="INT_19b0c64b-1a6e-36fb-943c-320ca6d17e3d.TEI.1.text.1.body.1.div.1.table.1.row.7.cell.1"><p xml:id="INT_19b0c64b-1a6e-36fb-943c-320ca6d17e3d.TEI.1.text.1.body.1.div.1.table.1.row.7.cell.1.p.1" xml:lang="nl" rend="font-size: 9.5; text-align: justify; line-height: 10.5pt; margin-left: 2200" xmlns="http://www.tei-c.org/ns/1.0">d.° ’t schip Leeuwaerden .<lb/></p></cell><cell xml:id="INT_19b0c64b-1a6e-36fb-943c-320ca6d17e3d.TEI.1.text.1.body.1.div.1.table.1.row.7.cell.2"><p xml:id="INT_19b0c64b-1a6e-36fb-943c-320ca6d17e3d.TEI.1.text.1.body.1.div.1.table.1.row.7.cell.2.p.1" xml:lang="nl" rend="font-size: 9.5; text-align: center; line-height: 10.5pt" xmlns="http://www.tei-c.org/ns/1.0">213<lb/></p></cell><cell xml:id="INT_19b0c64b-1a6e-36fb-943c-320ca6d17e3d.TEI.1.text.1.body.1.div.1.table.1.row.7.cell.3"><p xml:id="INT_19b0c64b-1a6e-36fb-943c-320ca6d17e3d.TEI.1.text.1.body.1.div.1.table.1.row.7.cell.3.p.1" xml:lang="nl" rend="font-size: 9.5; text-align: right; line-height: 10.5pt; margin-right: 1200" xmlns="http://www.tei-c.org/ns/1.0">78<lb/></p></cell><cell xml:id="INT_19b0c64b-1a6e-36fb-943c-320ca6d17e3d.TEI.1.text.1.body.1.div.1.table.1.row.7.cell.4"><p xml:id="INT_19b0c64b-1a6e-36fb-943c-320ca6d17e3d.TEI.1.text.1.body.1.div.1.table.1.row.7.cell.4.p.1" xml:lang="nl" rend="font-size: 9.5; text-align: right; line-height: 10.5pt; margin-right: 1100" xmlns="http://www.tei-c.org/ns/1.0">291<lb/></p></cell><cell xml:id="INT_19b0c64b-1a6e-36fb-943c-320ca6d17e3d.TEI.1.text.1.body.1.div.1.table.1.row.7.cell.5"><p xml:id="INT_19b0c64b-1a6e-36fb-943c-320ca6d17e3d.TEI.1.text.1.body.1.div.1.table.1.row.7.cell.5.p.1" xml:lang="nl" rend="font-size: 9.5; text-align: right; line-height: 10.5pt; margin-right: 1000" xmlns="http://www.tei-c.org/ns/1.0">4<lb/></p></cell></row><row xml:id="INT_19b0c64b-1a6e-36fb-943c-320ca6d17e3d.TEI.1.text.1.body.1.div.1.table.1.row.8"><cell xml:id="INT_19b0c64b-1a6e-36fb-943c-320ca6d17e3d.TEI.1.text.1.body.1.div.1.table.1.row.8.cell.1"><p xml:id="INT_19b0c64b-1a6e-36fb-943c-320ca6d17e3d.TEI.1.text.1.body.1.div.1.table.1.row.8.cell.1.p.1" xml:lang="nl" rend="font-size: 9.5; text-align: justify; line-height: 10.5pt" xmlns="http://www.tei-c.org/ns/1.0">10 d.° de Witte Valck .<lb/></p></cell><cell xml:id="INT_19b0c64b-1a6e-36fb-943c-320ca6d17e3d.TEI.1.text.1.body.1.div.1.table.1.row.8.cell.2"><p xml:id="INT_19b0c64b-1a6e-36fb-943c-320ca6d17e3d.TEI.1.text.1.body.1.div.1.table.1.row.8.cell.2.p.1" xml:lang="nl" rend="font-size: 9.5; text-align: center; line-height: 10.5pt" xmlns="http://www.tei-c.org/ns/1.0">38<lb/></p></cell><cell xml:id="INT_19b0c64b-1a6e-36fb-943c-320ca6d17e3d.TEI.1.text.1.body.1.div.1.table.1.row.8.cell.3"><p xml:id="INT_19b0c64b-1a6e-36fb-943c-320ca6d17e3d.TEI.1.text.1.body.1.div.1.table.1.row.8.cell.3.p.1" xml:lang="nl" rend="font-size: 9.5; text-align: right; line-height: 10.5pt; margin-right: 1200" xmlns="http://www.tei-c.org/ns/1.0">53<lb/></p></cell><cell xml:id="INT_19b0c64b-1a6e-36fb-943c-320ca6d17e3d.TEI.1.text.1.body.1.div.1.table.1.row.8.cell.4"><p xml:id="INT_19b0c64b-1a6e-36fb-943c-320ca6d17e3d.TEI.1.text.1.body.1.div.1.table.1.row.8.cell.4.p.1" xml:lang="nl" rend="font-size: 9.5; text-align: right; line-height: 10.5pt; margin-right: 1100" xmlns="http://www.tei-c.org/ns/1.0">91<lb/></p></cell><cell xml:id="INT_19b0c64b-1a6e-36fb-943c-320ca6d17e3d.TEI.1.text.1.body.1.div.1.table.1.row.8.cell.5"><p xml:id="INT_19b0c64b-1a6e-36fb-943c-320ca6d17e3d.TEI.1.text.1.body.1.div.1.table.1.row.8.cell.5.p.1" xml:lang="nl" rend="font-size: 9.5; text-align: right; line-height: 10.5pt; margin-right: 1000" xmlns="http://www.tei-c.org/ns/1.0">20<lb/></p></cell></row><row xml:id="INT_19b0c64b-1a6e-36fb-943c-320ca6d17e3d.TEI.1.text.1.body.1.div.1.table.1.row.9"><cell xml:id="INT_19b0c64b-1a6e-36fb-943c-320ca6d17e3d.TEI.1.text.1.body.1.div.1.table.1.row.9.cell.1"><p xml:id="INT_19b0c64b-1a6e-36fb-943c-320ca6d17e3d.TEI.1.text.1.body.1.div.1.table.1.row.9.cell.1.p.1" xml:lang="nl" rend="font-size: 9.5; text-align: justify; line-height: 10.5pt" xmlns="http://www.tei-c.org/ns/1.0">17 d.° de Bruynvisch .<lb/></p></cell><cell xml:id="INT_19b0c64b-1a6e-36fb-943c-320ca6d17e3d.TEI.1.text.1.body.1.div.1.table.1.row.9.cell.2"><p xml:id="INT_19b0c64b-1a6e-36fb-943c-320ca6d17e3d.TEI.1.text.1.body.1.div.1.table.1.row.9.cell.2.p.1" xml:lang="nl" rend="font-size: 9.5; text-align: center; line-height: 10.5pt" xmlns="http://www.tei-c.org/ns/1.0">60<lb/></p></cell><cell xml:id="INT_19b0c64b-1a6e-36fb-943c-320ca6d17e3d.TEI.1.text.1.body.1.div.1.table.1.row.9.cell.3"><p xml:id="INT_19b0c64b-1a6e-36fb-943c-320ca6d17e3d.TEI.1.text.1.body.1.div.1.table.1.row.9.cell.3.p.1" xml:lang="nl" rend="font-size: 9.5; text-align: right; line-height: 10.5pt; margin-right: 1200" xmlns="http://www.tei-c.org/ns/1.0">20<lb/></p></cell><cell xml:id="INT_19b0c64b-1a6e-36fb-943c-320ca6d17e3d.TEI.1.text.1.body.1.div.1.table.1.row.9.cell.4"><p xml:id="INT_19b0c64b-1a6e-36fb-943c-320ca6d17e3d.TEI.1.text.1.body.1.div.1.table.1.row.9.cell.4.p.1" xml:lang="nl" rend="font-size: 9.5; text-align: right; line-height: 10.5pt; margin-right: 1100" xmlns="http://www.tei-c.org/ns/1.0">80<lb/></p></cell><cell xml:id="INT_19b0c64b-1a6e-36fb-943c-320ca6d17e3d.TEI.1.text.1.body.1.div.1.table.1.row.9.cell.5"><p xml:id="INT_19b0c64b-1a6e-36fb-943c-320ca6d17e3d.TEI.1.text.1.body.1.div.1.table.1.row.9.cell.5.p.1" xml:lang="nl" rend="font-size: 9.5; text-align: right; line-height: 10.5pt; margin-right: 1000" xmlns="http://www.tei-c.org/ns/1.0">2<lb/></p></cell></row><row xml:id="INT_19b0c64b-1a6e-36fb-943c-320ca6d17e3d.TEI.1.text.1.body.1.div.1.table.1.row.10"><cell xml:id="INT_19b0c64b-1a6e-36fb-943c-320ca6d17e3d.TEI.1.text.1.body.1.div.1.table.1.row.10.cell.1"><p xml:id="INT_19b0c64b-1a6e-36fb-943c-320ca6d17e3d.TEI.1.text.1.body.1.div.1.table.1.row.10.cell.1.p.1" xml:lang="nl" rend="font-size: 9.5; text-align: justify; line-height: 10.5pt" xmlns="http://www.tei-c.org/ns/1.0">27 d.° Sluys .<lb/></p></cell><cell xml:id="INT_19b0c64b-1a6e-36fb-943c-320ca6d17e3d.TEI.1.text.1.body.1.div.1.table.1.row.10.cell.2"><p xml:id="INT_19b0c64b-1a6e-36fb-943c-320ca6d17e3d.TEI.1.text.1.body.1.div.1.table.1.row.10.cell.2.p.1" xml:lang="nl" rend="font-size: 9.5; text-align: center; line-height: 10.5pt" xmlns="http://www.tei-c.org/ns/1.0">58<lb/></p></cell><cell xml:id="INT_19b0c64b-1a6e-36fb-943c-320ca6d17e3d.TEI.1.text.1.body.1.div.1.table.1.row.10.cell.3"><p xml:id="INT_19b0c64b-1a6e-36fb-943c-320ca6d17e3d.TEI.1.text.1.body.1.div.1.table.1.row.10.cell.3.p.1" xml:lang="nl" rend="font-size: 9.5; text-align: right; line-height: 10.5pt; margin-right: 1200" xmlns="http://www.tei-c.org/ns/1.0">50<lb/></p></cell><cell xml:id="INT_19b0c64b-1a6e-36fb-943c-320ca6d17e3d.TEI.1.text.1.body.1.div.1.table.1.row.10.cell.4"><p xml:id="INT_19b0c64b-1a6e-36fb-943c-320ca6d17e3d.TEI.1.text.1.body.1.div.1.table.1.row.10.cell.4.p.1" xml:lang="nl" rend="font-size: 9.5; text-align: right; line-height: 10.5pt; margin-right: 1100" xmlns="http://www.tei-c.org/ns/1.0">108<lb/></p></cell><cell xml:id="INT_19b0c64b-1a6e-36fb-943c-320ca6d17e3d.TEI.1.text.1.body.1.div.1.table.1.row.10.cell.5"><p xml:id="INT_19b0c64b-1a6e-36fb-943c-320ca6d17e3d.TEI.1.text.1.body.1.div.1.table.1.row.10.cell.5.p.1" xml:lang="nl" rend="font-size: 9.5; text-align: right; line-height: 10.5pt; margin-right: 1000" xmlns="http://www.tei-c.org/ns/1.0">5<lb/></p></cell></row><row xml:id="INT_19b0c64b-1a6e-36fb-943c-320ca6d17e3d.TEI.1.text.1.body.1.div.1.table.1.row.11"><cell xml:id="INT_19b0c64b-1a6e-36fb-943c-320ca6d17e3d.TEI.1.text.1.body.1.div.1.table.1.row.11.cell.1"><p xml:id="INT_19b0c64b-1a6e-36fb-943c-320ca6d17e3d.TEI.1.text.1.body.1.div.1.table.1.row.11.cell.1.p.1" xml:lang="nl" rend="font-size: 9.5; text-align: justify; line-height: 10.5pt" xmlns="http://www.tei-c.org/ns/1.0">3 december den Salmandar .<lb/></p></cell><cell xml:id="INT_19b0c64b-1a6e-36fb-943c-320ca6d17e3d.TEI.1.text.1.body.1.div.1.table.1.row.11.cell.2"><p xml:id="INT_19b0c64b-1a6e-36fb-943c-320ca6d17e3d.TEI.1.text.1.body.1.div.1.table.1.row.11.cell.2.p.1" xml:lang="nl" rend="font-size: 9.5; text-align: center; line-height: 10.5pt" xmlns="http://www.tei-c.org/ns/1.0">197<lb/></p></cell><cell xml:id="INT_19b0c64b-1a6e-36fb-943c-320ca6d17e3d.TEI.1.text.1.body.1.div.1.table.1.row.11.cell.3"><p xml:id="INT_19b0c64b-1a6e-36fb-943c-320ca6d17e3d.TEI.1.text.1.body.1.div.1.table.1.row.11.cell.3.p.1" xml:lang="nl" rend="font-size: 9.5; text-align: right; line-height: 10.5pt; margin-right: 1200" xmlns="http://www.tei-c.org/ns/1.0">92<lb/></p></cell><cell xml:id="INT_19b0c64b-1a6e-36fb-943c-320ca6d17e3d.TEI.1.text.1.body.1.div.1.table.1.row.11.cell.4"><p xml:id="INT_19b0c64b-1a6e-36fb-943c-320ca6d17e3d.TEI.1.text.1.body.1.div.1.table.1.row.11.cell.4.p.1" xml:lang="nl" rend="font-size: 9.5; text-align: right; line-height: 10.5pt; margin-right: 1100" xmlns="http://www.tei-c.org/ns/1.0">289<lb/></p></cell><cell xml:id="INT_19b0c64b-1a6e-36fb-943c-320ca6d17e3d.TEI.1.text.1.body.1.div.1.table.1.row.11.cell.5"><p xml:id="INT_19b0c64b-1a6e-36fb-943c-320ca6d17e3d.TEI.1.text.1.body.1.div.1.table.1.row.11.cell.5.p.1" xml:lang="nl" rend="font-size: 9.5; text-align: right; line-height: 10.5pt; margin-right: 1000" xmlns="http://www.tei-c.org/ns/1.0">61<lb/></p></cell></row><row xml:id="INT_19b0c64b-1a6e-36fb-943c-320ca6d17e3d.TEI.1.text.1.body.1.div.1.table.1.row.12"><cell xml:id="INT_19b0c64b-1a6e-36fb-943c-320ca6d17e3d.TEI.1.text.1.body.1.div.1.table.1.row.12.cell.1"><p xml:id="INT_19b0c64b-1a6e-36fb-943c-320ca6d17e3d.TEI.1.text.1.body.1.div.1.table.1.row.12.cell.1.p.1" xml:lang="nl" rend="font-size: 9.5; text-align: justify; line-height: 10.5pt" xmlns="http://www.tei-c.org/ns/1.0">4 d.° den Tonijn .<lb/></p></cell><cell xml:id="INT_19b0c64b-1a6e-36fb-943c-320ca6d17e3d.TEI.1.text.1.body.1.div.1.table.1.row.12.cell.2"><p xml:id="INT_19b0c64b-1a6e-36fb-943c-320ca6d17e3d.TEI.1.text.1.body.1.div.1.table.1.row.12.cell.2.p.1" xml:lang="nl" rend="font-size: 9.5; text-align: center; line-height: 10.5pt" xmlns="http://www.tei-c.org/ns/1.0">38<lb/></p></cell><cell xml:id="INT_19b0c64b-1a6e-36fb-943c-320ca6d17e3d.TEI.1.text.1.body.1.div.1.table.1.row.12.cell.3"><p xml:id="INT_19b0c64b-1a6e-36fb-943c-320ca6d17e3d.TEI.1.text.1.body.1.div.1.table.1.row.12.cell.3.p.1" rend="line-height:-0.01pt" xmlns="http://www.tei-c.org/ns/1.0"/></cell><cell xml:id="INT_19b0c64b-1a6e-36fb-943c-320ca6d17e3d.TEI.1.text.1.body.1.div.1.table.1.row.12.cell.4"><p xml:id="INT_19b0c64b-1a6e-36fb-943c-320ca6d17e3d.TEI.1.text.1.body.1.div.1.table.1.row.12.cell.4.p.1" xml:lang="nl" rend="font-size: 9.5; text-align: right; line-height: 10.5pt; margin-right: 1100" xmlns="http://www.tei-c.org/ns/1.0">38<lb/></p></cell><cell xml:id="INT_19b0c64b-1a6e-36fb-943c-320ca6d17e3d.TEI.1.text.1.body.1.div.1.table.1.row.12.cell.5"><p xml:id="INT_19b0c64b-1a6e-36fb-943c-320ca6d17e3d.TEI.1.text.1.body.1.div.1.table.1.row.12.cell.5.p.1" xml:lang="nl" rend="font-size: 9.5; text-align: right; line-height: 10.5pt; margin-right: 1000" xmlns="http://www.tei-c.org/ns/1.0">3<lb/></p></cell></row><row xml:id="INT_19b0c64b-1a6e-36fb-943c-320ca6d17e3d.TEI.1.text.1.body.1.div.1.table.1.row.13"><cell xml:id="INT_19b0c64b-1a6e-36fb-943c-320ca6d17e3d.TEI.1.text.1.body.1.div.1.table.1.row.13.cell.1"><p xml:id="INT_19b0c64b-1a6e-36fb-943c-320ca6d17e3d.TEI.1.text.1.body.1.div.1.table.1.row.13.cell.1.p.1" xml:lang="nl" rend="font-size: 9.5; text-align: justify; line-height: 10.5pt" xmlns="http://www.tei-c.org/ns/1.0">6 d.° de Joncker .<lb/></p></cell><cell xml:id="INT_19b0c64b-1a6e-36fb-943c-320ca6d17e3d.TEI.1.text.1.body.1.div.1.table.1.row.13.cell.2"><p xml:id="INT_19b0c64b-1a6e-36fb-943c-320ca6d17e3d.TEI.1.text.1.body.1.div.1.table.1.row.13.cell.2.p.1" xml:lang="nl" rend="font-size: 9.5; text-align: center; line-height: 10.5pt" xmlns="http://www.tei-c.org/ns/1.0">95<lb/></p></cell><cell xml:id="INT_19b0c64b-1a6e-36fb-943c-320ca6d17e3d.TEI.1.text.1.body.1.div.1.table.1.row.13.cell.3"><p xml:id="INT_19b0c64b-1a6e-36fb-943c-320ca6d17e3d.TEI.1.text.1.body.1.div.1.table.1.row.13.cell.3.p.1" xml:lang="nl" rend="font-size: 9.5; text-align: right; line-height: 10.5pt; margin-right: 1200" xmlns="http://www.tei-c.org/ns/1.0">42<lb/></p></cell><cell xml:id="INT_19b0c64b-1a6e-36fb-943c-320ca6d17e3d.TEI.1.text.1.body.1.div.1.table.1.row.13.cell.4"><p xml:id="INT_19b0c64b-1a6e-36fb-943c-320ca6d17e3d.TEI.1.text.1.body.1.div.1.table.1.row.13.cell.4.p.1" xml:lang="nl" rend="font-size: 9.5; text-align: right; line-height: 10.5pt; margin-right: 1100" xmlns="http://www.tei-c.org/ns/1.0">137<lb/></p></cell><cell xml:id="INT_19b0c64b-1a6e-36fb-943c-320ca6d17e3d.TEI.1.text.1.body.1.div.1.table.1.row.13.cell.5"><p xml:id="INT_19b0c64b-1a6e-36fb-943c-320ca6d17e3d.TEI.1.text.1.body.1.div.1.table.1.row.13.cell.5.p.1" xml:lang="nl" rend="font-size: 9.5; text-align: right; line-height: 10.5pt; margin-right: 1000" xmlns="http://www.tei-c.org/ns/1.0">16<lb/></p></cell></row><row xml:id="INT_19b0c64b-1a6e-36fb-943c-320ca6d17e3d.TEI.1.text.1.body.1.div.1.table.1.row.14"><cell xml:id="INT_19b0c64b-1a6e-36fb-943c-320ca6d17e3d.TEI.1.text.1.body.1.div.1.table.1.row.14.cell.1"><p xml:id="INT_19b0c64b-1a6e-36fb-943c-320ca6d17e3d.TEI.1.text.1.body.1.div.1.table.1.row.14.cell.1.p.1" xml:lang="nl" rend="font-size: 9.5; text-align: justify; line-height: 11.4pt" xmlns="http://www.tei-c.org/ns/1.0">tsamen 17 schepen, fluyten ende jachten<lb/> met .<lb/></p></cell><cell xml:id="INT_19b0c64b-1a6e-36fb-943c-320ca6d17e3d.TEI.1.text.1.body.1.div.1.table.1.row.14.cell.2"><p xml:id="INT_19b0c64b-1a6e-36fb-943c-320ca6d17e3d.TEI.1.text.1.body.1.div.1.table.1.row.14.cell.2.p.1" xml:lang="nl" rend="font-size: 9.5; line-height: 10.5pt; margin-left: 1100" xmlns="http://www.tei-c.org/ns/1.0">2291<lb/></p></cell><cell xml:id="INT_19b0c64b-1a6e-36fb-943c-320ca6d17e3d.TEI.1.text.1.body.1.div.1.table.1.row.14.cell.3"><p xml:id="INT_19b0c64b-1a6e-36fb-943c-320ca6d17e3d.TEI.1.text.1.body.1.div.1.table.1.row.14.cell.3.p.1" xml:lang="nl" rend="font-size: 9.5; text-align: right; line-height: 10.5pt; margin-right: 1200" xmlns="http://www.tei-c.org/ns/1.0">985<lb/></p></cell><cell xml:id="INT_19b0c64b-1a6e-36fb-943c-320ca6d17e3d.TEI.1.text.1.body.1.div.1.table.1.row.14.cell.4"><p xml:id="INT_19b0c64b-1a6e-36fb-943c-320ca6d17e3d.TEI.1.text.1.body.1.div.1.table.1.row.14.cell.4.p.1" xml:lang="nl" rend="font-size: 9.5; text-align: right; line-height: 10.5pt; margin-right: 1100" xmlns="http://www.tei-c.org/ns/1.0">3276<lb/></p></cell><cell xml:id="INT_19b0c64b-1a6e-36fb-943c-320ca6d17e3d.TEI.1.text.1.body.1.div.1.table.1.row.14.cell.5"><p xml:id="INT_19b0c64b-1a6e-36fb-943c-320ca6d17e3d.TEI.1.text.1.body.1.div.1.table.1.row.14.cell.5.p.1" xml:lang="nl" rend="font-size: 9.5; text-align: right; line-height: 10.5pt; margin-right: 1000" xmlns="http://www.tei-c.org/ns/1.0">211,<lb/></p></cell></row></table><p xml:id="INT_19b0c64b-1a6e-36fb-943c-320ca6d17e3d.TEI.1.text.1.body.1.div.1.p.19" xml:lang="nl" rend="font-size: 9.5; text-align: justify; line-height: 12.0pt" xmlns="http://www.tei-c.org/ns/1.0">resterende eenelijck ’t jacht Sas van Gent, dat door gebreck van water naer<lb/> Pharnambucq gelopen is ende dagelijx tegemoet sien.<lb/></p><note xml:id="INT_19b0c64b-1a6e-36fb-943c-320ca6d17e3d.TEI.1.text.1.body.1.div.1.note.9" xml:lang="nl" place="inline" type="editorial-summary" resp="editor" rend="font-style: italic; line-height: 11.7pt; text-indent: 22.0pt; text-align: justify; font-size: 9.5" xmlns="http://www.tei-c.org/ns/1.0">( Schepen met een cargasoen van f, 1013S4.il. 14 naar Ceylon gezonden; berichten<lb/> van daar , vgl. <hi rend="font-size:9.5; font-family:Liberation Serif" xml:lang="nl">Daghregisters</hi> 1644—45, p. 308-318, grotendeels afgedr. <hi rend="font-size:9.5; font-family:Liberation Serif" xml:lang="nl">Ceilon</hi> XXXI,<lb/> p. 78; er is van 1 maart 1644 tot 28 febr. 1645 uitgegeven f. 337665.17 .3, daarentegen<lb/> ontvangen, vnl. aan tollen, f. 69631.3-, zomede enige kaneel; moeilijkheden met de<lb/> octrooiverlening en berichten van Siam, afgedr. <hi rend="font-size:9.5; font-family:Liberation Serif" xml:lang="nl">Bouwstoffen</hi> III p. 250-251;<lb/> toezending van diverse bescheiden).<lb/></note><p xml:id="INT_19b0c64b-1a6e-36fb-943c-320ca6d17e3d.TEI.1.text.1.body.1.div.1.p.20" resp="int_paragraph_joining" rend="">
              Soo worden nu mede overgesonden dubbele extracten uyt de generale negotieboeken<lb xmlns="http://www.tei-c.org/ns/1.0"/> van India ; oock de negotieboeken van ’t groot comptoir Batavia, lopende<lb xmlns="http://www.tei-c.org/ns/1.0"/> van primo september 1644 tot ultimo augusty 1645, in welcken tijt de generale<lb xmlns="http://www.tei-c.org/ns/1.0"/>ongelden comen te bedragen ter somme van . ƒ 940 246.11.14,<lb xmlns="http://www.tei-c.org/ns/1.0"/><note xml:id="INT_19b0c64b-1a6e-36fb-943c-320ca6d17e3d.TEI.1.text.1.body.1.div.1.p.20.note.1" xml:lang="nl" rend="font-size: 9.5; text-align: justify; line-height: 11.7pt; margin-right: 8100" xmlns="http://www.tei-c.org/ns/1.0">dat ƒ 420 397.15.12 minder is als anno passato ende vertrouwen,<lb/> aenstaende jaer nogh verminderen sullen ende dat Batavia<lb/> voortaen boven de ongelden wel een goede somme te boven sal<lb/> comen; d’advancen, in voorsz. tijt op diverse coopmanschappen<lb/></note><note xml:id="INT_19b0c64b-1a6e-36fb-943c-320ca6d17e3d.TEI.1.text.1.body.1.div.1.p.20.note.2" xml:lang="nl" rend="font-size: 9.5; text-align: justify; line-height: 11.7pt" xmlns="http://www.tei-c.org/ns/1.0">in Batavia verhandelt, bedragen . ƒ 653 697. 8. 9.<lb/></note><note xml:id="INT_19b0c64b-1a6e-36fb-943c-320ca6d17e3d.TEI.1.text.1.body.1.div.1.p.20.note.3" xml:lang="nl" rend="font-size: 9.5; line-height: 11.7pt" xmlns="http://www.tei-c.org/ns/1.0">d’Incomsten van de landen ende ’t Coninckrijck<lb/> Jacatra bedragen volgens de boecken<lb/> van den ontfanger Sebald Wonderer ... de<lb/> somme van . . 271 077.15. -<lb/></note><note xml:id="INT_19b0c64b-1a6e-36fb-943c-320ca6d17e3d.TEI.1.text.1.body.1.div.1.p.20.note.4" xml:lang="nl" rend="font-size: 9.5; text-align: right; line-height: 10.5pt" xmlns="http://www.tei-c.org/ns/1.0">ƒ 924 775. 3. 9<lb/></note><note xml:id="INT_19b0c64b-1a6e-36fb-943c-320ca6d17e3d.TEI.1.text.1.body.1.div.1.p.20.note.5" xml:lang="nl" rend="font-size: 9.5; text-align: justify; line-height: 11.7pt" xmlns="http://www.tei-c.org/ns/1.0">in voegen Batavia in 12 m. ten achteren comt . ƒ 15 471. 8. 5,<lb/></note><note xml:id="INT_19b0c64b-1a6e-36fb-943c-320ca6d17e3d.TEI.1.text.1.body.1.div.1.p.20.note.6" xml:lang="nl" rend="font-size: 9.5; text-align: justify; line-height: 11.7pt" xmlns="http://www.tei-c.org/ns/1.0">dat ƒ 326 528.16.7 minder is als ’t voorleden jaer .<lb/></note><note xml:id="INT_19b0c64b-1a6e-36fb-943c-320ca6d17e3d.TEI.1.text.1.body.1.div.1.p.20.note.7" xml:lang="nl" rend="font-size: 9.5; text-align: justify; line-height: 11.7pt; text-indent: 22.0pt" xmlns="http://www.tei-c.org/ns/1.0">De reeckeninge van de diaconye staen in Batavia’s logieboeken credit<lb/> ƒ 5295.19.5, dat bij diverse personen zedert anno 1632 aen den armen bij testament<lb/> is gemaect ende besproken.<lb/></note><note xml:id="INT_19b0c64b-1a6e-36fb-943c-320ca6d17e3d.TEI.1.text.1.body.1.div.1.p.20.note.8" xml:lang="nl" rend="font-size: 8; text-align: justify; line-height: 8.9pt" xmlns="http://www.tei-c.org/ns/1.0">Fol. 63v-64r.<lb/></note><note xml:id="INT_19b0c64b-1a6e-36fb-943c-320ca6d17e3d.TEI.1.text.1.body.1.div.1.p.20.note.9" xml:lang="nl" rend="font-style: italic; line-height: 10.5pt; text-indent: 22.0pt; text-align: justify; font-size: 9.5" xmlns="http://www.tei-c.org/ns/1.0">( De pakhuizen zijn met lakenen overvuld, nl. 1301 stuks).<lb/></note><pb xml:id="INT_19b0c64b-1a6e-36fb-943c-320ca6d17e3d.TEI.1.text.1.body.1.div.1.p.20.pb.1" n="277" facs="http://resources.huygens.knaw.nl/retroapp/service_generalemissiven/gm_02/images/gm_2_112_0277.tif"/><fw xml:id="INT_19b0c64b-1a6e-36fb-943c-320ca6d17e3d.TEI.1.text.1.body.1.div.1.p.20.fw.1" place="top" type="head" facs="#zone.6161666" xmlns="http://www.tei-c.org/ns/1.0">Van der Lijn, Maetsuyker, Reniers en Van Alphen II, 17 december 1645</fw><fw xml:id="INT_19b0c64b-1a6e-36fb-943c-320ca6d17e3d.TEI.1.text.1.body.1.div.1.p.20.fw.2" place="top" type="page-number" facs="#zone.6161690" xmlns="http://www.tei-c.org/ns/1.0">277</fw>Met dese vooruytgaende acht retourschepen comt U Ed. toe een treffelijck<lb xmlns="http://www.tei-c.org/ns/1.0"/> Indisch retour, monterende ... ter somme van ƒ 2 385 790.2.14, te weten<lb xmlns="http://www.tei-c.org/ns/1.0"/>( denTiger . ƒ 338 219. 1.15<lb xmlns="http://www.tei-c.org/ns/1.0"/>voor | den Walvisch .   343 125.19. 9<lb xmlns="http://www.tei-c.org/ns/1.0"/>Amsterdam j de Vreede .   242 849.10. 3<lb xmlns="http://www.tei-c.org/ns/1.0"/>( Zutphen .   168 473.19. 1<lb xmlns="http://www.tei-c.org/ns/1.0"/>ƒ 10 92 668 10.12<lb xmlns="http://www.tei-c.org/ns/1.0"/>Middelburgh ’t Hoff van Zeelant .   468 995.14. -<lb xmlns="http://www.tei-c.org/ns/1.0"/>Rotterdam N. -Rotterdam .   307 569.19. 5<lb xmlns="http://www.tei-c.org/ns/1.0"/>Hoorn West- Vriesland .   289 925.14.14<lb xmlns="http://www.tei-c.org/ns/1.0"/>Enchuysen N.-Enchuysen .   226 630. 3.15<lb xmlns="http://www.tei-c.org/ns/1.0"/>Comt als voren gld. 2 385 790. 2.14.<lb xmlns="http://www.tei-c.org/ns/1.0"/>
            </p><note xml:id="INT_19b0c64b-1a6e-36fb-943c-320ca6d17e3d.TEI.1.text.1.body.1.div.1.note.10" xml:lang="nl" place="inline" type="editorial-summary" resp="editor" rend="font-style: italic; margin-left: 2100; line-height: 10.5pt; text-align: justify; font-size: 9.5" xmlns="http://www.tei-c.org/ns/1.0">( Maximiliaen le Maire is commandeur hiervan; op Nederland getrokken wissels ) .<lb/></note>
            
      </div>
                  </body>
                </text>
              </TEI>