<TEI xml:id="INT_16fdca77-4c6b-32ff-94ac-02dd430f1154" xmlns="http://www.tei-c.org/ns/1.0">
                <teiHeader>
      <fileDesc>
        <titleStmt>
          <title>Maetsuyker, Hartzinck, Cunaeus, Caesar en Steur, 31 jan. 1653</title>
        </titleStmt>
        <publicationStmt>
          <p>
            <date>31 jan. 1653</date>
            <idno type="sourceID">missiven:vol2</idno>
            <idno type="pid">INT_16fdca77-4c6b-32ff-94ac-02dd430f1154</idno>
          </p>
        </publicationStmt>
        <notesStmt>
          <note/>
        </notesStmt>
        <sourceDesc>
          <listBibl xml:id="inlMetadata">
            <bibl type="missive">
        <interpGrp type="page"><interp>668</interp></interpGrp>
        
      <interpGrp type="titleLevel1"><interp>Maetsuyker, Hartzinck, Cunaeus, Caesar en Steur, 31 jan. 1653</interp></interpGrp>
      <interpGrp type="dateLevel1"><interp>31 jan. 1653</interp></interpGrp>
        <interpGrp type="tocLevel"><interp>1</interp></interpGrp>
      <interpGrp type="volume"><interp>2</interp></interpGrp>
        <interpGrp type="n"><interp>IX</interp></interpGrp>
      
      <interpGrp type="witnessYearLevel1_from"><interp>1653</interp></interpGrp>
      <interpGrp type="witnessYearLevel1_to"><interp>1653</interp></interpGrp>
      <interpGrp type="witnessMonthLevel1_to"><interp>1</interp></interpGrp>
      <interpGrp type="witnessMonthLevel1_from"><interp>1</interp></interpGrp>
      <interpGrp type="witnessDayLevel1_to"><interp>31</interp></interpGrp>
      <interpGrp type="witnessDayLevel1_from"><interp>31</interp></interpGrp>
      <interpGrp type="authorLevel1"><interp>Maetsuyker</interp><interp>Hartzinck</interp><interp>Cunaeus</interp><interp>Caesar</interp><interp>Steur</interp></interpGrp>
      <interpGrp type="pid"><interp>INT_16fdca77-4c6b-32ff-94ac-02dd430f1154</interp></interpGrp>
    </bibl>
          </listBibl>
        </sourceDesc>
      </fileDesc>
    </teiHeader>
                <text xml:id="INT_16fdca77-4c6b-32ff-94ac-02dd430f1154.TEI.1.text.1">
                  <body xml:id="INT_16fdca77-4c6b-32ff-94ac-02dd430f1154.TEI.1.text.1.body.1">
                    <div xml:id="INT_16fdca77-4c6b-32ff-94ac-02dd430f1154.TEI.1.text.1.body.1.div.1"><div xml:id="INT_16fdca77-4c6b-32ff-94ac-02dd430f1154.TEI.1.text.1.body.1.div.1.div.1" type="subdivision_for_sake_of_validation">
        
              <pb xml:id="INT_16fdca77-4c6b-32ff-94ac-02dd430f1154.TEI.1.text.1.body.1.div.1.div.1.pb.1" n="668" facs="http://resources.huygens.knaw.nl/retroapp/service_generalemissiven/gm_02/images/gm_2_112_0668.tif"/><fw xml:id="INT_16fdca77-4c6b-32ff-94ac-02dd430f1154.TEI.1.text.1.body.1.div.1.div.1.fw.1" place="top" type="page-number" facs="#zone.3830033" xmlns="http://www.tei-c.org/ns/1.0">668</fw><fw xml:id="INT_16fdca77-4c6b-32ff-94ac-02dd430f1154.TEI.1.text.1.body.1.div.1.div.1.fw.2" place="top" type="head" facs="#zone.3830037" xmlns="http://www.tei-c.org/ns/1.0">Maetsuyker, Hartzinck, Cunaeus, Caesar en Steur IX, 31 januari 1653</fw><head xml:id="INT_16fdca77-4c6b-32ff-94ac-02dd430f1154.TEI.1.text.1.body.1.div.1.div.1.head.1" xml:lang="nl" rend="font-size: 10; text-align: justify; line-height: 11.7pt" xmlns="http://www.tei-c.org/ns/1.0">IX. JOAN MAETSUYKER, CAREL HARTZINCK, JOAN CUNAEUS,<lb/> CORNELIS CAESAR, DIRCK JANSZ. STEUR, BATAVIA 31 jan. 1653.<lb/></head><p xml:id="INT_16fdca77-4c6b-32ff-94ac-02dd430f1154.TEI.1.text.1.body.1.div.1.div.1.p.1" xml:lang="nl" rend="font-size: 8; text-align: justify; line-height: 8.9pt" xmlns="http://www.tei-c.org/ns/1.0">1080, folio 287a.<lb/></p><p xml:id="INT_16fdca77-4c6b-32ff-94ac-02dd430f1154.TEI.1.text.1.body.1.div.1.div.1.p.2" resp="int_paragraph_joining" rend="">
              Met droefheyt ende seer ongaern worden wij door de plicht, waermede aen<lb xmlns="http://www.tei-c.org/ns/1.0"/> de Comp.e gehouden sijn, aengemaent ende gedwongen U Ed. bekent te maken,<lb xmlns="http://www.tei-c.org/ns/1.0"/> hoe dat het God almachtich gelieft heeft, den Heere Gouverneur-Generael Carel<lb xmlns="http://www.tei-c.org/ns/1.0"/> Reniersen eenige maenden harwaerts met een groote swackheyt ende verdovinge<lb xmlns="http://www.tei-c.org/ns/1.0"/> in sijn leden te besoecken, soodat bij tijden qualijck gaen ofte staen kan, welcke<lb xmlns="http://www.tei-c.org/ns/1.0"/> sieckte, naer ’t vertreck van de eerste vijf schepen van tijt tot tijt toenemende,<lb xmlns="http://www.tei-c.org/ns/1.0"/> eyndelijek, soo het schijnt, opwaerts geslagen ende na de hersenen geclommen is,<lb xmlns="http://www.tei-c.org/ns/1.0"/> soodat rechtevoort t’eenemael sonder memorie is ende als simpel begint te worden<lb xmlns="http://www.tei-c.org/ns/1.0"/> ende dienvolgende, soo langh het soo duyert, geheel onbequaem om de Comp.e<lb xmlns="http://www.tei-c.org/ns/1.0"/> eenigen dienst te doen, laten staen, dat het generale werck van de Regeeringe en de<lb xmlns="http://www.tei-c.org/ns/1.0"/> dierectie van de negotie van India, daer wel staele hersenen toe vereyschten,<lb xmlns="http://www.tei-c.org/ns/1.0"/> soude connen waernemen, in voegen dat wij genootsaeckt sijn geworden hetselve<lb xmlns="http://www.tei-c.org/ns/1.0"/> om geen verachteringe te lijden met malkander self bij der handt te nemen ende<lb xmlns="http://www.tei-c.org/ns/1.0"/> alles te doen ende versorgen, dat den dienst requireert, min ofte meer dan of Sijn<lb xmlns="http://www.tei-c.org/ns/1.0"/> Ed. niet meer voorhanden was, latende evenwel het respect ende aensien van ’t<lb xmlns="http://www.tei-c.org/ns/1.0"/> Generael Gouvernement in Sijn Ed. persoon resideren, sooveel geschieden kan<lb xmlns="http://www.tei-c.org/ns/1.0"/> ende de gelegentheyt van Comp.8 saken gedoocht ende verhopen met de hulpe<lb xmlns="http://www.tei-c.org/ns/1.0"/> Godes daertoe soodanigen vigilantie ende naersticheyt te contribueren, dat het<lb xmlns="http://www.tei-c.org/ns/1.0"/> generale werck van de Comp.e daer geen verachteringh ofte nadeel van sal comen<lb xmlns="http://www.tei-c.org/ns/1.0"/> te lijden, daer U Ed. haer geheel op gelieven te verlaten. Hoe het met deselve<lb xmlns="http://www.tei-c.org/ns/1.0"/> sieckte voort aflopen sal, connen wij niet oordeelen, sijnde God alleen bekent ; maer<lb xmlns="http://www.tei-c.org/ns/1.0"/> men heeft veeltijt gesien, dat desulcke, wanneer het quaet de overhant na boven<lb xmlns="http://www.tei-c.org/ns/1.0"/> in de hersenen begint te nemen, of schielijck worden wechgeruckt, of seer beswaerlijck<lb xmlns="http://www.tei-c.org/ns/1.0"/> wederom tot het rechte gebruyck van haere sinnen ende verstandt comen. Wij<lb xmlns="http://www.tei-c.org/ns/1.0"/> wenschten ontertusschen wel, dat Sijn Ed. met soete middelen conde worden<lb xmlns="http://www.tei-c.org/ns/1.0"/> gedisponeert sich eenigen tijt te absenteren ende boven ofte bij sijn camer te<lb xmlns="http://www.tei-c.org/ns/1.0"/> houden soo om buyten spot van menschen te mogen blijven, alsoock opdat de<lb xmlns="http://www.tei-c.org/ns/1.0"/> noodige besoinges van de Comp.e door Sijn Ed. presentie niet en werden verachtert,<lb xmlns="http://www.tei-c.org/ns/1.0"/> daer het bij continuatie van de voorsz. sieckte sullen toe sien te brengen op ’t<lb xmlns="http://www.tei-c.org/ns/1.0"/> bequaemlijckste ende gevoechlijckste doenlij ck. Het spade vertreck van dese<lb xmlns="http://www.tei-c.org/ns/1.0"/> scheepen is oock al eenichsints door de voorsz. sieckte veroorsaeckt, alsoo Sijn Ed.<lb xmlns="http://www.tei-c.org/ns/1.0"/> aengenomen had de gerequireerde antwoorde op U Ed. missiven te coucheren <hi rend="font-size:10; font-family:Liberation Serif; vertical-align:super" xml:lang="nl" xmlns="http://www.tei-c.org/ns/1.0">1)</hi><lb xmlns="http://www.tei-c.org/ns/1.0"/>ende voort te schrijven alles, wat de stadt Batavia ende tgene daeraen dependeert,<lb xmlns="http://www.tei-c.org/ns/1.0"/> mitsgaders den generalen staedt van de Comp.e sij raeckende, sijnde de quertieren<lb xmlns="http://www.tei-c.org/ns/1.0"/> van India onder de raden verdeelt, waerop wij hetselve dan hadden laten aencomen,<lb xmlns="http://www.tei-c.org/ns/1.0"/> niet twijfelende, of Sijn Ed. sou alles tijdich gereet ende claer gehad hebben,<lb xmlns="http://www.tei-c.org/ns/1.0"/> waerin ons, als de schepen afgeladen ende alle de andere advijsen veerdich waren,<lb xmlns="http://www.tei-c.org/ns/1.0"/> eerst vonden geabuseert, alsoo niet uyt Sijn Ed. handen quam, soodat eyndelijek<lb xmlns="http://www.tei-c.org/ns/1.0"/> noch genootsaeckt sijn geworden sijn geminuteerde op de voorsz. materiën self uyt<lb xmlns="http://www.tei-c.org/ns/1.0"/> sijn comptoir op te soecken, hetwelck dan noch weynich genouch was ende door<lb xmlns="http://www.tei-c.org/ns/1.0"/> ons voort terloop om de schepen daerna niet op te houden vervolcht heeft moeten<lb xmlns="http://www.tei-c.org/ns/1.0"/> worden, soodat wel conde sijn, het een of ’t ander over ’t hooft gesien ofte vergeten<lb xmlns="http://www.tei-c.org/ns/1.0"/><note xml:id="INT_16fdca77-4c6b-32ff-94ac-02dd430f1154.TEI.1.text.1.body.1.div.1.div.1.p.2.note.1" xml:lang="nl" rend="font-size: 8; line-height: 8.9pt; margin-left: 2200" xmlns="http://www.tei-c.org/ns/1.0">1) Coucheren, concipiëren, opstellen.<lb/></note><pb xml:id="INT_16fdca77-4c6b-32ff-94ac-02dd430f1154.TEI.1.text.1.body.1.div.1.div.1.p.2.pb.1" n="669" facs="http://resources.huygens.knaw.nl/retroapp/service_generalemissiven/gm_02/images/gm_2_112_0669.tif"/><fw xml:id="INT_16fdca77-4c6b-32ff-94ac-02dd430f1154.TEI.1.text.1.body.1.div.1.div.1.p.2.fw.1" place="top" type="head" facs="#zone.3831970" xmlns="http://www.tei-c.org/ns/1.0">Maetsuyker, Hartzinck, Cunaeus, Caesar en Steur IX, 31 januari 1653</fw><fw xml:id="INT_16fdca77-4c6b-32ff-94ac-02dd430f1154.TEI.1.text.1.body.1.div.1.div.1.p.2.fw.2" place="top" type="page-number" facs="#zone.3831983" xmlns="http://www.tei-c.org/ns/1.0">669</fw>waere, hetwelck dan versoecken, U Ed. na kaer gewoone discretie om voorsz. reden<lb xmlns="http://www.tei-c.org/ns/1.0"/> gelieven te excuseren, sullende daerin wel hebben voorsien, bijaldien ons sijn<lb xmlns="http://www.tei-c.org/ns/1.0"/> voorsz. swackheyt eerder waere gebleecken. Ende dit hebben geoordeelt plichtshalven<lb xmlns="http://www.tei-c.org/ns/1.0"/> schuldich te wesen U Ed. te adviseren, opdat U Ed. van een saecke, het<lb xmlns="http://www.tei-c.org/ns/1.0"/> Generael Gouvernement van India soo seer raekende, niet en mochten blijven<lb xmlns="http://www.tei-c.org/ns/1.0"/> onwetende om hetsij van af lij ven, lange continuatie van voorsz. sieckte ofte anders<lb xmlns="http://www.tei-c.org/ns/1.0"/> soodanigen ordre op hebselve Gouvernement te mogen stellen, als sullen oordeelen<lb xmlns="http://www.tei-c.org/ns/1.0"/> te vereyschen.<lb xmlns="http://www.tei-c.org/ns/1.0"/><pb xml:id="INT_16fdca77-4c6b-32ff-94ac-02dd430f1154.TEI.1.text.1.body.1.div.1.div.1.p.2.pb.2" n="670" facs="http://resources.huygens.knaw.nl/retroapp/service_generalemissiven/gm_02/images/gm_2_112_0670.tif"/><fw xml:id="INT_16fdca77-4c6b-32ff-94ac-02dd430f1154.TEI.1.text.1.body.1.div.1.div.1.p.2.fw.3" place="top" type="page-number" facs="#zone.3835268" xmlns="http://www.tei-c.org/ns/1.0"></fw><fw xml:id="INT_16fdca77-4c6b-32ff-94ac-02dd430f1154.TEI.1.text.1.body.1.div.1.div.1.p.2.fw.4" place="top" type="page-number" facs="#zone.3835269" xmlns="http://www.tei-c.org/ns/1.0"></fw><pb xml:id="INT_16fdca77-4c6b-32ff-94ac-02dd430f1154.TEI.1.text.1.body.1.div.1.div.1.p.2.pb.3" n="671" facs="http://resources.huygens.knaw.nl/retroapp/service_generalemissiven/gm_02/images/gm_2_112_0671.tif"/>
            </p></div><div xml:id="INT_16fdca77-4c6b-32ff-94ac-02dd430f1154.TEI.1.text.1.body.1.div.1.div.2" type="subdivision_for_sake_of_validation"><head xml:id="INT_16fdca77-4c6b-32ff-94ac-02dd430f1154.TEI.1.text.1.body.1.div.1.div.2.head.1" xml:lang="nl" rend="font-size: 19; letter-spacing: 2.0pt; line-height: 21.0pt" xmlns="http://www.tei-c.org/ns/1.0">Mr. JOAN MAETSUYKER.<lb/></head><p xml:id="INT_16fdca77-4c6b-32ff-94ac-02dd430f1154.TEI.1.text.1.body.1.div.1.div.2.p.1" xml:lang="nl" rend="font-size: 9.5; text-align: center; line-height: 10.5pt" xmlns="http://www.tei-c.org/ns/1.0">18 MEI 1653—4 JANUARI 1678.<lb/></p><pb xml:id="INT_16fdca77-4c6b-32ff-94ac-02dd430f1154.TEI.1.text.1.body.1.div.1.div.2.pb.1" n="672" facs="http://resources.huygens.knaw.nl/retroapp/service_generalemissiven/gm_02/images/gm_2_112_0672.tif"/>
            
      </div></div>
                  </body>
                </text>
              </TEI>