<TEI xml:id="INT_d09a8e90-486e-331d-abc1-7eafe0d835a8" xmlns="http://www.tei-c.org/ns/1.0">
                <teiHeader>
      <fileDesc>
        <titleStmt>
          <title>Van der Lijn, Maetsuyker, Reniers en Van Alphen, 31 dec. 1645</title>
        </titleStmt>
        <publicationStmt>
          <p>
            <date>31 dec. 1645</date>
            <idno type="sourceID">missiven:vol2</idno>
            <idno type="pid">INT_d09a8e90-486e-331d-abc1-7eafe0d835a8</idno>
          </p>
        </publicationStmt>
        <notesStmt>
          <note/>
        </notesStmt>
        <sourceDesc>
          <listBibl xml:id="inlMetadata">
            <bibl type="missive">
        <interpGrp type="page"><interp>278</interp></interpGrp>
        
      <interpGrp type="titleLevel1"><interp>Van der Lijn, Maetsuyker, Reniers en Van Alphen, 31 dec. 1645</interp></interpGrp>
      <interpGrp type="dateLevel1"><interp>31 dec. 1645</interp></interpGrp>
        <interpGrp type="tocLevel"><interp>1</interp></interpGrp>
      <interpGrp type="volume"><interp>2</interp></interpGrp>
        <interpGrp type="n"><interp>III</interp></interpGrp>
      
      <interpGrp type="witnessYearLevel1_from"><interp>1645</interp></interpGrp>
      <interpGrp type="witnessYearLevel1_to"><interp>1645</interp></interpGrp>
      <interpGrp type="witnessMonthLevel1_to"><interp>12</interp></interpGrp>
      <interpGrp type="witnessMonthLevel1_from"><interp>12</interp></interpGrp>
      <interpGrp type="witnessDayLevel1_to"><interp>31</interp></interpGrp>
      <interpGrp type="witnessDayLevel1_from"><interp>31</interp></interpGrp>
      <interpGrp type="authorLevel1"><interp>Van der Lijn</interp><interp>Maetsuyker</interp><interp>Reniers</interp><interp>Van Alphen</interp></interpGrp>
      <interpGrp type="pid"><interp>INT_d09a8e90-486e-331d-abc1-7eafe0d835a8</interp></interpGrp>
    </bibl>
          </listBibl>
        </sourceDesc>
      </fileDesc>
    </teiHeader>
                <text xml:id="INT_d09a8e90-486e-331d-abc1-7eafe0d835a8.TEI.1.text.1">
                  <body xml:id="INT_d09a8e90-486e-331d-abc1-7eafe0d835a8.TEI.1.text.1.body.1">
                    <div xml:id="INT_d09a8e90-486e-331d-abc1-7eafe0d835a8.TEI.1.text.1.body.1.div.1">
        
              <pb xml:id="INT_d09a8e90-486e-331d-abc1-7eafe0d835a8.TEI.1.text.1.body.1.div.1.pb.1" n="278" facs="http://resources.huygens.knaw.nl/retroapp/service_generalemissiven/gm_02/images/gm_2_112_0278.tif"/><fw xml:id="INT_d09a8e90-486e-331d-abc1-7eafe0d835a8.TEI.1.text.1.body.1.div.1.fw.1" place="top" type="page-number" facs="#zone.6164407" xmlns="http://www.tei-c.org/ns/1.0">278</fw><fw xml:id="INT_d09a8e90-486e-331d-abc1-7eafe0d835a8.TEI.1.text.1.body.1.div.1.fw.2" place="top" type="head" facs="#zone.6164411" xmlns="http://www.tei-c.org/ns/1.0">Van der Lijn, Maetsuyker, Reniers en Van Alphen HE, 31 december 1645</fw><head xml:id="INT_d09a8e90-486e-331d-abc1-7eafe0d835a8.TEI.1.text.1.body.1.div.1.head.1" xml:lang="nl" rend="font-size: 10; text-align: justify; line-height: 12.0pt" xmlns="http://www.tei-c.org/ns/1.0">III. CORNELIS VAN DER LIJN, JOAN MAETSIJYKER, CAREL RENIERS<lb/> EN SIMON VAN ALPHEN, BATAVIA 31 december 1645.<lb/></head><p xml:id="INT_d09a8e90-486e-331d-abc1-7eafe0d835a8.TEI.1.text.1.body.1.div.1.p.1" xml:lang="nl" rend="font-size: 8.5; text-align: justify; line-height: 9.4pt" xmlns="http://www.tei-c.org/ns/1.0">1058, fol. 68-85.<lb/></p><note xml:id="INT_d09a8e90-486e-331d-abc1-7eafe0d835a8.TEI.1.text.1.body.1.div.1.note.1" xml:lang="nl" place="inline" type="editorial-summary" resp="editor" rend="font-style: italic; line-height: 11.7pt; text-indent: 22.0pt; text-align: justify; font-size: 10" xmlns="http://www.tei-c.org/ns/1.0">(De acht retourschepen, 18 dec. vertrokken, hebben 1062 zielen aan boord;<lb/> berichten over Atjeh, afgedr. <hi rend="font-size:10; font-family:Liberation Serif" xml:lang="nl">Bouwstoffen</hi> III, p. 251-253; de Engelse Supply vaart<lb/> van Suratte over Atjeh naar Manilla; de Akersloot komt van Sumatra’s Westkust<lb/> te Batavia <hi rend="font-size:10; font-family:Liberation Serif" xml:lang="nl">;</hi> berichten over Malakka, afgedr. <hi rend="font-size:10; font-family:Liberation Serif" xml:lang="nl">Bouwstoffen</hi> III p. 254-256 midden).<lb/></note><p xml:id="INT_d09a8e90-486e-331d-abc1-7eafe0d835a8.TEI.1.text.1.body.1.div.1.p.2" xml:lang="nl" rend="font-size: 10; text-align: justify; line-height: 11.7pt; text-indent: 22.0pt" xmlns="http://www.tei-c.org/ns/1.0">Naerdat Henriette Louyse daegs voor ’t vertreck der acht retourschepen hier<lb/> uyt Tayouan was aengecomen met een retour van ƒ 76 377 6.10, bestaende in 4861<lb/> picol suykeren, 18201 p. fijne porceleynen, 111 picol geconfijte gember, lackwercken<lb/> etc., zoo verschijnt den 25en deser van daer mede ’t fluytschip Uytgeest met<lb/> een cargasoen van ƒ 63 132.13.13, bestaende in 2044 picol suyker, 56 919 p. fijne<lb/> porceleynen als andersints; d’advisen, daermede van Japan ende Tayouan becomen,<lb/> bedelen ons weynich ofte geen veranderinghe in die quartieren, alles stont<lb/> nogh in goede termen, de goederen in Japan waren op den 18en november uytgesondert<lb/> weynigh restanten ende eenige rochevellen van Pessart t’eenemael vercocht<lb/> ende gelevert ende was den president Overtwater in meninge op ultimo<lb/> november pr. de fluyt de Salm van Nangasacky naer Tayouan te vertrecken met<lb/> de negotieboucken, die met acht tonnen gouts verhoopt te sluyten, dat door den<lb/> anderen op de gevente coopmanschappen ruym 60 pr. cento sal wesen ende ons<lb/> te bedancken hebben. Heeft rede met acht schepen, jachten ende fluyten van<lb/> Nangasacky naer Tayouan geretourneert een capitael van ƒ 2 101 414.5.7, daeronder<lb/> 645 000 teylen ofte ƒ 1 838 250 - - in silver, 70 balen Parsise zijde, lackwercken,<lb/> rijs als andersints, welcke alle daer behouden zijn aengelant, waervoor<lb/> den Almogenden eeuwigh gedanct zij . Maer in ’t senden van de Parsise zijde, omdat<lb/> niet meer als het costende conde halen, heeft een groten misslach begaen ende doet<lb/> blij eken, geen recht coopman is ofte weynigh overlegh heeft. Want als deselve al<lb/> geit om geit hadde gegeven, soo conde dat procedido op Choromandel in deden<lb/> besteet ende in Batavia weder met een cent advance verset geweest zijn, eer<lb/> gemelte sijde in Nederlant conde aenlangen, alwaer mede cleen voordeel geeft ende<lb/> het Indisch fons soo veel vergroot soude hebben.<lb/></p><p xml:id="INT_d09a8e90-486e-331d-abc1-7eafe0d835a8.TEI.1.text.1.body.1.div.1.p.3" xml:lang="nl" rend="font-size: 10; text-align: justify; line-height: 11.7pt; text-indent: 22.0pt" xmlns="http://www.tei-c.org/ns/1.0">d’Heer Caron heeft die in Tayouan behouden om aenstaende jaer wederom<lb/> derwaerts te senden, also presumeert, weynigh zijde uyt China in Japan sal comen<lb/> ende nogh redelijck proffijt sal geven, dat seer wel gedaen is ende sijn voornemens<lb/> van hier nogh 100 a 150 balen Parsise zijde nae Japan te senden om capitael te<lb/> maken ende den inlantsen handel sooveel mogelijck te vergroten. De andere 130<lb/> balen sijn met omtrent 14 per cento advance vercocht, dat nogh goet proffijt is,<lb/> ten aensien dier ende tot 50 toman de carga was ingecocht. De Bengaelse sijde<lb/> heeft ruym een cent winst gerendeert ende is wel begeert, sullen sooveel derwaerts<lb/> bestellen, als doenelijck is .<lb/></p><p xml:id="INT_d09a8e90-486e-331d-abc1-7eafe0d835a8.TEI.1.text.1.body.1.div.1.p.4" xml:lang="nl" rend="font-size: 10; text-align: justify; line-height: 11.7pt; text-indent: 22.0pt" xmlns="http://www.tei-c.org/ns/1.0">De lackwercken, desen jare van Japan becomen, die vrij veel ende van grote<lb/> volume sijn, hebben goetgevonden hier te behouden, dewijle de jonghste partije in<lb/> Nederlant met verlies vercocht is, op hope in toecomende beter begeert zullen<lb/> worden. Anders mogen sien deselve hier in India te vertieren ende tot schenckagie<lb/> te gebruycken, costen tsamen incoops ƒ 16 540.10.14. Den vorderen incoop is<lb/> affgeschreven.<lb/></p><pb xml:id="INT_d09a8e90-486e-331d-abc1-7eafe0d835a8.TEI.1.text.1.body.1.div.1.pb.2" n="279" facs="http://resources.huygens.knaw.nl/retroapp/service_generalemissiven/gm_02/images/gm_2_112_0279.tif"/><fw xml:id="INT_d09a8e90-486e-331d-abc1-7eafe0d835a8.TEI.1.text.1.body.1.div.1.fw.3" place="top" type="head" facs="#zone.6166134" xmlns="http://www.tei-c.org/ns/1.0">Van der Lijn, Maetsuyker, Reniers en Van Alphen III, 31 december 1645</fw><fw xml:id="INT_d09a8e90-486e-331d-abc1-7eafe0d835a8.TEI.1.text.1.body.1.div.1.fw.4" place="top" type="page-number" facs="#zone.6166149" xmlns="http://www.tei-c.org/ns/1.0">279</fw><note xml:id="INT_d09a8e90-486e-331d-abc1-7eafe0d835a8.TEI.1.text.1.body.1.div.1.note.2" xml:lang="nl" place="inline" type="editorial-summary" resp="editor" rend="font-style: italic; line-height: 10.5pt; text-indent: 21.0pt; text-align: justify; font-weight: bold; font-size: 9.5" xmlns="http://www.tei-c.org/ns/1.0">( Commentaar op de eis van Japan).<lb/></note><p xml:id="INT_d09a8e90-486e-331d-abc1-7eafe0d835a8.TEI.1.text.1.body.1.div.1.p.5" xml:lang="nl" rend="font-size: 10; text-align: justify; line-height: 11.7pt; text-indent: 21.0pt" xmlns="http://www.tei-c.org/ns/1.0">In Tayouan bleeff den toevoer uyt China noch even sober met continuatie van<lb/> de oorlogen in dat rijck, soodat de uytcomste met patiëntie sullen moeten affwachten<lb/> ende genoechsaem op Iquans genade leven, die den handel op Tayouan onder<lb/> de hant verbiet ende alles aenslaet, dat becomen can om naer Japan te senden<lb/> ende ons van die negotie uyt te sluyten, dat verdrietigh ende onverdraeghlijck<lb/> valt, te meer het aen contant capitael niet mancqueert. God geve in corte veranderinge<lb/> ten goede ende dat schadelijck instrument een eynde des levens.<lb/></p><p xml:id="INT_d09a8e90-486e-331d-abc1-7eafe0d835a8.TEI.1.text.1.body.1.div.1.p.6" xml:lang="nl" rend="font-size: 10; text-align: justify; line-height: 11.7pt; text-indent: 21.0pt" xmlns="http://www.tei-c.org/ns/1.0">De hete coortsen ende andere siecten hebben op Formosa vrij geregneert ende<lb/> sijn in Tayouan ende Tamsuy over de 140 menschen gestorven, daeronder den<lb/> oppercoopman Henrick Steen <hi rend="font-size:10; font-family:Liberation Serif; vertical-align:super" xml:lang="nl">1),</hi> jonghst gewesen hooft over de uytgesette macht<lb/> naer Manilha ende bleeff het sieckenhuys met nogh veel siecken beseth. De Chinesen<lb/> hebben oock mede gedeelt, daeronder eenen Peko, Chinees coopman, waerbij<lb/> de Comp.e over de 25 000 gis. comt te verliesen, welcke hem bij den gouverneur<lb/> Traudenius in meerder somme gefieert sijn, soodat het op Formosa allerwegen een<lb/> ongesont ende almede een schadelijck jaer voor de Comp.e is geweest. De militaire<lb/> macht bestont nogh in 629 coppen, die daer wel nodich sijn om alles in goede<lb/> versekeringe ende ontsach te houden. De toegeseyde 6 picols indigo sijn niet gereet<lb/> cunnen vallen ende staen U Ed. anno aenstaende nevens nogh goede quantiteyt<lb/> toe te comen, gelijck ons belooft wort.<lb/></p><p xml:id="INT_d09a8e90-486e-331d-abc1-7eafe0d835a8.TEI.1.text.1.body.1.div.1.p.7" xml:lang="nl" rend="font-size: 10; text-align: justify; line-height: 11.7pt; text-indent: 21.0pt" xmlns="http://www.tei-c.org/ns/1.0">In comp.e van voorsz. fluyte Uytgeest sijn den 28en november mede van<lb/> Tayouan geseylt de fluyten Swarten Beer ende Hillegaersbergh naer Tonckin met<lb/> een capitael van ƒ 454 606.12.8, bestaende in 150 000 teylen silver ende eenige<lb/> coopmanschappen onder d’administratie van den oppercoopman Antonij Brouckhorst<lb/> om door hem in zijde, sijdestuckwercken etc. voor Japan ende 120 picol voor<lb/> Nederland gebeneficeert te worden; de schepen Schiedam ende Haen naer Choromandel,<lb/> Suratte ende Parsia met een capitael van <hi rend="font-size:8; font-family:Liberation Serif" xml:lang="nl">ƒ</hi> 1 157 825.6.14, te weten voor<lb/> Coromandel 220 000 gld. in gout, ƒ 852 150 — in 299 000 teylen silver ende eenige<lb/> coopmanschappen, monterende tsamen, als per facture blijct ƒ 1 079 896. 5. 8<lb/></p><p xml:id="INT_d09a8e90-486e-331d-abc1-7eafe0d835a8.TEI.1.text.1.body.1.div.1.p.8" xml:lang="nl" rend="margin-right: 9000; line-height: 11.7pt; text-indent: 21.0pt; text-align: justify; font-size: 10" xmlns="http://www.tei-c.org/ns/1.0">Dit contant capitael gaet op die twee bodems verdeelt<lb/> tot voor Malacca, daervan ’t geordoneerde in de fluyt Maeslant<lb/> sal gescheept worden om den risico te verdelen ende so<lb/> na Paliacatte te voeren.<lb/></p><p xml:id="INT_d09a8e90-486e-331d-abc1-7eafe0d835a8.TEI.1.text.1.body.1.div.1.p.9" xml:lang="nl" rend="font-size: 10; line-height: 11.7pt; text-indent: 21.0pt" xmlns="http://www.tei-c.org/ns/1.0">Voor Suratte ende Parsia in ’t schip Schiedam 4100 picols<lb/> poeyersuyckeren, 152 picols candijsuyker, 35 873 p. fijne porceleynen,<lb/> 843 picol spiaulter, 600 picol alluyn als andersints,<lb/> monterende tsamen . ƒ 77 929. 1. 6<lb/></p><p xml:id="INT_d09a8e90-486e-331d-abc1-7eafe0d835a8.TEI.1.text.1.body.1.div.1.p.10" resp="int_paragraph_joining" rend="">
              comt als voren guldens 1 157 825. 6.14,<lb xmlns="http://www.tei-c.org/ns/1.0"/> dat voorwaer een rijck capitael is, zijnde d.° schepen den 18en deser aen Poulo<lb xmlns="http://www.tei-c.org/ns/1.0"/> Timon van Uytgeest gescheyden, alwaer buyten de swaerste periculen zijn. De<lb xmlns="http://www.tei-c.org/ns/1.0"/> fluyt Berchout souw in corte nae Siam gaen met 25 000 teylen silver ende eenige<lb xmlns="http://www.tei-c.org/ns/1.0"/> coopmanschappen, monterende samen / 73 300.18.5; de fluyt de Meerman stont<lb xmlns="http://www.tei-c.org/ns/1.0"/><note xml:id="INT_d09a8e90-486e-331d-abc1-7eafe0d835a8.TEI.1.text.1.body.1.div.1.p.10.note.1" xml:lang="nl" rend="font-size: 8; text-align: justify; line-height: 9.6pt; text-indent: 21.0pt" xmlns="http://www.tei-c.org/ns/1.0">1) Henrick Steen kwam 1635 als onderkoopman uit, hij diende op schepen, werd 1640<lb/> opperhoofd in Atjeh, 1643 opperkoopman te G-amron, 1644-45 sjahbandar te Malakka, 1645<lb/> commandeur van de vloot naar de Philippijnen, daarna op Formosa, waar hij weldra stierf.<lb/></note><pb xml:id="INT_d09a8e90-486e-331d-abc1-7eafe0d835a8.TEI.1.text.1.body.1.div.1.p.10.pb.1" n="280" facs="http://resources.huygens.knaw.nl/retroapp/service_generalemissiven/gm_02/images/gm_2_112_0280.tif"/><fw xml:id="INT_d09a8e90-486e-331d-abc1-7eafe0d835a8.TEI.1.text.1.body.1.div.1.p.10.fw.1" place="top" type="page-number" facs="#zone.6172443" xmlns="http://www.tei-c.org/ns/1.0">280</fw><fw xml:id="INT_d09a8e90-486e-331d-abc1-7eafe0d835a8.TEI.1.text.1.body.1.div.1.p.10.fw.2" place="top" type="head" facs="#zone.6172447" xmlns="http://www.tei-c.org/ns/1.0">Van der Lijn, Maetsuyker, Reniers en Van Alphen III, 31 december 1645</fw>ultimo january ende ’t jacht de Kievith voor de laetste besendinge herwaerts te<lb xmlns="http://www.tei-c.org/ns/1.0"/> eomen, blijvende de fluyt de Gulde Gans daer over om steen voor de hooffden ende<lb xmlns="http://www.tei-c.org/ns/1.0"/> smeecolen uyt Quelangh te halen. . . .<lb xmlns="http://www.tei-c.org/ns/1.0"/>
            </p><p xml:id="INT_d09a8e90-486e-331d-abc1-7eafe0d835a8.TEI.1.text.1.body.1.div.1.p.11" resp="int_paragraph_joining" rend="">
              d’Oppercoopluyden Cornelis Cesar *) ende Nicasius de Hoge <hi rend="font-size:10; font-family:Liberation Serif; vertical-align:super" xml:lang="nl" xmlns="http://www.tei-c.org/ns/1.0">1 2)</hi> waren gereet<lb xmlns="http://www.tei-c.org/ns/1.0"/> om den 29en november met een armé van 210 militaire coppen naer de noortoostcant<lb xmlns="http://www.tei-c.org/ns/1.0"/> van Formosa te vertrecken om de verhoopte goutmine op te soecken, met een<lb xmlns="http://www.tei-c.org/ns/1.0"/> goede instructie, waernaer hun in die ende andere gerecommandeerde saken te<lb xmlns="http://www.tei-c.org/ns/1.0"/>reguleren hebben . Op de wedercomste van dese macht in ’t begin van<lb xmlns="http://www.tei-c.org/ns/1.0"/>february aenstaende souw de uytsettinge naer de Manilha’s geschieden met de<lb xmlns="http://www.tei-c.org/ns/1.0"/> fluyt de Salm ende de jachten Leeuwerc, Lillo ende Aechtekercke onder ’t commando<lb xmlns="http://www.tei-c.org/ns/1.0"/> van meergemelte oppercoopman Cornelis Cesar, twelc een redelijke macht<lb xmlns="http://www.tei-c.org/ns/1.0"/> is, daermede vertrouwen, onder den Chinees ontsach maken, die vaert verhinderen<lb xmlns="http://www.tei-c.org/ns/1.0"/> ende wel een goeden buyt becomen sullen.<lb xmlns="http://www.tei-c.org/ns/1.0"/>
            </p><note xml:id="INT_d09a8e90-486e-331d-abc1-7eafe0d835a8.TEI.1.text.1.body.1.div.1.note.3" xml:lang="nl" place="inline" type="editorial-summary" resp="editor" rend="font-style: italic; line-height: 10.5pt; text-indent: 23.0pt; text-align: justify; font-size: 9.5" xmlns="http://www.tei-c.org/ns/1.0">( Aankomst te Batavia van het jacht Oudewater uit Arakan).<lb/></note><p xml:id="INT_d09a8e90-486e-331d-abc1-7eafe0d835a8.TEI.1.text.1.body.1.div.1.p.12" xml:lang="nl" rend="font-size: 10; text-align: justify; line-height: 11.7pt; text-indent: 23.0pt" xmlns="http://www.tei-c.org/ns/1.0">Den Coningh <hi rend="font-size:10; font-family:Liberation Serif; vertical-align:super" xml:lang="nl">3)</hi> bleeff nogh binnen ende verthoonde sigh niet. Den rijs was<lb/> qualijck geslaecht ende vrij dier geweest, maer het nieuwe gewasóh stont seer<lb/> schoon ende eerstdaegs in te comen, soodat de fluyts ladinge tot civilen prijs in corte<lb/> meent te becomen, die tegen meert aenstaende tegemoet sien. Slaven waren nu<lb/> geen te crijgen, insgelijx deden door de schaersheyt van ’t cattoen, als dat Cleen<lb/> Bengale <hi rend="font-size:10; font-family:Liberation Serif; vertical-align:super" xml:lang="nl">4)</hi> geheel verwoest ende geruïneert was. Heeft den uytvoer van slaven<lb/> t’een mael verboden ende wil geen andere als nieuwe Bengaelders licentiëren, die<lb/> niet te becomen sijn, also daerom geen uytsettinge naer Bengale off andere<lb/> quartieren wert gedaen, maer den Coningh hout sijn armade binnen, sulcs dat ons<lb/> van lijffeygenen elders sullen moeten versien, soo daervan gedient willen wesen.<lb/> Den coopman Arend van den Helm souw volgens onse ordre van daer opbreken<lb/> ende een keer herwaerts doen, meent, als den Coningh sulcs verstaet, wel beter<lb/> coop geven ende den liberen handel in sijn lant vergunnen zal, dat oock het aengehaelde<lb/> jacht van onsen Malaxsen burger Nicolaes van der Graeff <hi rend="font-size:10; font-family:Liberation Serif; vertical-align:super" xml:lang="nl">5)</hi> met sijne<lb/> goederen ende vijff swarten wel sal restitueren. Sullen daer andermael ernstigh<lb/> om schrijven. Onsen laetsten brieff heeft bewerct, dat de resterende twee Nederlanders<lb/> ende een weghgelopen jongen heeft overgelevert, zijnde gemelte Van der<lb/> Graeff nevens nogh 6 Nederlanders in ’t bosch seer miserabel overleden.<lb/></p><note xml:id="INT_d09a8e90-486e-331d-abc1-7eafe0d835a8.TEI.1.text.1.body.1.div.1.note.4" xml:lang="nl" place="inline" type="editorial-summary" resp="editor" rend="font-style: italic; line-height: 10.5pt; text-indent: 23.0pt; text-align: justify; font-size: 9.5" xmlns="http://www.tei-c.org/ns/1.0">(Het jacht Breskens komt uit Tonkin).<lb/></note><note xml:id="INT_d09a8e90-486e-331d-abc1-7eafe0d835a8.TEI.1.text.1.body.1.div.1.note.5" xml:lang="nl" rend="font-size: 8; text-align: justify; line-height: 9.6pt; text-indent: 22.0pt" xmlns="http://www.tei-c.org/ns/1.0">1) Cornelis Caesar, 1636-37 koopman in Quinam, daarna te Thaiwan, 1641 opperkoopman;<lb/> hij repatrieert in 1646 en komt 1651 weer uit als extra-ord. raad van Indië, president van<lb/> de weeskamer, 1653 gouverneur van Formosa, 17 jan. 1657 tot zijn sterven op 5 oct. gewoon<lb/> raad van Indië.<lb/></note><note xml:id="INT_d09a8e90-486e-331d-abc1-7eafe0d835a8.TEI.1.text.1.body.1.div.1.note.6" xml:lang="nl" rend="font-size: 8; line-height: 9.6pt; text-indent: 21.0pt" xmlns="http://www.tei-c.org/ns/1.0">2) Nicasius de Hoge kwam 1638 als onderkoopman uit, werd vervolgens koopman, 1644<lb/> opperkoopman. Hij dient voortdurend op Formosa en repatrieert in 1647.<lb/></note><note xml:id="INT_d09a8e90-486e-331d-abc1-7eafe0d835a8.TEI.1.text.1.body.1.div.1.note.7" xml:lang="nl" rend="font-size: 8; text-align: justify; line-height: 9.6pt; margin-left: 2100" xmlns="http://www.tei-c.org/ns/1.0">3) Thado, Koning van Arakan, 1645-1652.<lb/></note><note xml:id="INT_d09a8e90-486e-331d-abc1-7eafe0d835a8.TEI.1.text.1.body.1.div.1.note.8" xml:lang="nl" rend="font-size: 8; text-align: justify; line-height: 9.6pt; margin-left: 2100" xmlns="http://www.tei-c.org/ns/1.0">4) Klein Bengalen, de grensstreek tussen Bengalen en Arakan.<lb/></note><note xml:id="INT_d09a8e90-486e-331d-abc1-7eafe0d835a8.TEI.1.text.1.body.1.div.1.note.9" xml:lang="nl" rend="font-size: 8; text-align: justify; line-height: 9.6pt; text-indent: 21.0pt" xmlns="http://www.tei-c.org/ns/1.0">5) Nicolaes van der Graeff, vrijburger te Malakka, werd, met zijn jacht in 1644 naar<lb/> Chittagong varend, aangehouden in de haven van Arakan en met de bemanning het binnenland<lb/> ingevoerd, waar hij stierf.<lb/></note><pb xml:id="INT_d09a8e90-486e-331d-abc1-7eafe0d835a8.TEI.1.text.1.body.1.div.1.pb.3" n="281" facs="http://resources.huygens.knaw.nl/retroapp/service_generalemissiven/gm_02/images/gm_2_112_0281.tif"/><fw xml:id="INT_d09a8e90-486e-331d-abc1-7eafe0d835a8.TEI.1.text.1.body.1.div.1.fw.5" place="top" type="head" facs="#zone.6174584" xmlns="http://www.tei-c.org/ns/1.0">Van der Lijn, Maetsuyker, Reniers en Van Alphen III, 31 december 1645</fw><fw xml:id="INT_d09a8e90-486e-331d-abc1-7eafe0d835a8.TEI.1.text.1.body.1.div.1.fw.6" place="top" type="page-number" facs="#zone.6174611" xmlns="http://www.tei-c.org/ns/1.0">281</fw><p xml:id="INT_d09a8e90-486e-331d-abc1-7eafe0d835a8.TEI.1.text.1.body.1.div.1.p.13" xml:lang="nl" rend="font-size: 10; text-align: justify; line-height: 11.7pt; text-indent: 22.0pt" xmlns="http://www.tei-c.org/ns/1.0">Den ondercoopman Jan van Riebeecq1) adviseert, dat door een extraordinarien<lb/> tuffon <hi rend="font-size:10; font-family:Liberation Serif; vertical-align:super" xml:lang="nl">2)</hi> ende hoge watervloeden in de maent augusty passato meest<lb/> alle de huysen in Tonckin nevens des Comp.s logie schadeloos <hi rend="font-size:10; font-family:Liberation Serif; vertical-align:super" xml:lang="nl">3)</hi> geraect ende de<lb/> dacken weghgewaeyt sijn, waerdoor oock de sijwormenhuysen ende ’t ooft op ’t<lb/> lant meest vernielt ende dat gedierte omgecomen is, twelck de eenige oorsake zij,<lb/> dit najaer soo weynich zijde is aengeteelt ende dat niet meer als de helft van den<lb/> eysch heeft cunnen voldoen, soodat nogh met een capitaeltjen van 14 000 gl.<lb/> geprovideert blijft, dat voor de comste van den oppercoopman Brouckhorst in sijde<lb/> ende sijdestuckwercken hoopt te versetten, die in goede quantiteyt bij de wevers<lb/> aenbesteet ende onder handen waren ende ,na d’apparentiën hun verthoonden, sal<lb/> ’t aen zijde noch dienstige stuckwercken voor Japan niet mancqueren, als de<lb/> oorlogen en de laetste revolte maer comen te cesseren, die nogh al bleven continueren,<lb/> waerdoor de wegen vrij onveyl ende de luyden scrupuleus waren om grote<lb/> aentelinge te doen; dat haest te beteren stont, doordien den Coningh geduyrigh<lb/> een aensienelijck leger te velde hout ende alle die ’t met den omgebracht en prince<lb/> gehouden hebben, doet doden ende ruïneren, dat grote schrick ende ontsach baert <hi rend="font-size:10; font-family:Liberation Serif; vertical-align:super" xml:lang="nl">4)</hi> .<lb/> De Mayesteyt was weder volcomen gesont ende ons toegedaen; bleef nogh 819J<lb/> catty sijde schuldigh, die eerstdaegs soude voldoen. d’Ongelden ende reparatie van<lb/> de logie, sedert den 20en july daer gedaen, bedragen ƒ 2843.19.3, dat de zijde vrij<lb/> wat beswaert.<lb/></p><note xml:id="INT_d09a8e90-486e-331d-abc1-7eafe0d835a8.TEI.1.text.1.body.1.div.1.note.10" xml:lang="nl" place="inline" type="editorial-summary" resp="editor" rend="font-style: italic; line-height: 11.7pt; text-indent: 22.0pt; text-align: justify; font-size: 10" xmlns="http://www.tei-c.org/ns/1.0">( Gewenste hoeveelheid volk , afgedr. <hi rend="font-size:10; font-family:Liberation Serif" xml:lang="nl">Bouwstoffen</hi> II p. 256-257; Salomon Sweers<lb/> repatrieert buiten gage; andere repatriër enden; Mr J ohannes Gunaeus volgt Mestdagh<lb/> op als secretaris van de Regering).<lb/></note><p xml:id="INT_d09a8e90-486e-331d-abc1-7eafe0d835a8.TEI.1.text.1.body.1.div.1.p.14" xml:lang="nl" rend="font-size: 10; text-align: justify; line-height: 11.7pt; text-indent: 22.0pt" xmlns="http://www.tei-c.org/ns/1.0">Van de vier uj^gesonden predicanten zijn der drie in gesontheyt overgecomen<lb/> ende de vierde is op Breda overleden, soodat present op Batavia ses sterck zijn,<lb/> daervan eerstdaegs twee na Amboina ende Banda versonden werden. U Ed. blijven<lb/> VTuntlijck versocht ons jarelijx met eenige gestudeerde ende wel levende leeraers<lb/> te secunderen, opdat alle plaetsen naer behoef ende tot voortplantinge der Christelijke<lb/> religie behoorlijck mogen versorgen.<lb/></p><note xml:id="INT_d09a8e90-486e-331d-abc1-7eafe0d835a8.TEI.1.text.1.body.1.div.1.note.11" xml:lang="nl" place="inline" type="editorial-summary" resp="editor" rend="font-style: italic; line-height: 11.7pt; text-indent: 22.0pt; text-align: justify; font-size: 10" xmlns="http://www.tei-c.org/ns/1.0">(Naar patria overgemaakte lading, waard f 2519610.9.8; op patria getrokken<lb/> wissels; aan reële effecten blijft na vertrek der retourschepen f. 10207091.6.6, meer dan<lb/> ooit te voren).<lb/></note><p xml:id="INT_d09a8e90-486e-331d-abc1-7eafe0d835a8.TEI.1.text.1.body.1.div.1.p.15" xml:lang="nl" rend="font-size: 10; text-align: right; line-height: 11.7pt" xmlns="http://www.tei-c.org/ns/1.0">In Batavia is zedert het vertreck van de fluyt de Post weynigh veranderinge<lb/> voorgevallen, alles staet (Godloff) wel, den toevoer van rijs, peper ende andere<lb/></p><note xml:id="INT_d09a8e90-486e-331d-abc1-7eafe0d835a8.TEI.1.text.1.body.1.div.1.note.12" xml:lang="nl" rend="font-size: 7.5; line-height: 9.6pt; text-indent: 22.0pt" xmlns="http://www.tei-c.org/ns/1.0">1) Jan van Riebeeck, de man, die later de Nederlandse vestiging aan de Kaap de Goede<lb/> Hoop tot stand bracht. Van de uitgebreide literatuur over hem zie men bijv. <hi rend="font-size:7.5; font-family:Liberation Serif; font-style:italic" xml:lang="nl">Riebeeck.</hi><lb/></note><note xml:id="INT_d09a8e90-486e-331d-abc1-7eafe0d835a8.TEI.1.text.1.body.1.div.1.note.13" xml:lang="nl" rend="font-size: 7.5; text-align: justify; line-height: 9.6pt; margin-left: 2100" xmlns="http://www.tei-c.org/ns/1.0">2) Tuffon, taifoen.<lb/></note><note xml:id="INT_d09a8e90-486e-331d-abc1-7eafe0d835a8.TEI.1.text.1.body.1.div.1.note.14" xml:lang="nl" rend="font-size: 7.5; text-align: justify; line-height: 9.6pt; margin-left: 2100" xmlns="http://www.tei-c.org/ns/1.0">3) Schadeloos, hier: zwaar beschadigd.<lb/></note><note xml:id="INT_d09a8e90-486e-331d-abc1-7eafe0d835a8.TEI.1.text.1.body.1.div.1.note.15" xml:lang="nl" rend="font-size: 7.5; text-align: justify; line-height: 9.6pt; text-indent: 21.0pt" xmlns="http://www.tei-c.org/ns/1.0">4) Het hoofd van het geslacht Trinh. oppermachtig in Tonkin, had van den nominalen<lb/> Vorst, den Koning van Annam uit het geslacht Le, de titel Vuong, ongeveer: prins, gekregen.<lb/> De Nederlanders meenden, dat hij de Koning was. Van 1623 tot 1657 was het Trinh Trang, die<lb/> een van zijn zoons, in de Nederlandse stukken Duckongfoe genoemd, als kroonprins had<lb/> afgezet. Deze man was met enige andere prinsen in verzet gekomen en 26 mei 1645 totaal<lb/> verslagen. Hij werd met zijn voornaamste aanhangers ter dood gebracht. Men vgl. <hi rend="font-size:7.5; font-family:Liberation Serif; font-style:italic" xml:lang="nl">Tonkin</hi><lb/>register, i.c. Duckonghfoe.<lb/></note><pb xml:id="INT_d09a8e90-486e-331d-abc1-7eafe0d835a8.TEI.1.text.1.body.1.div.1.pb.4" n="282" facs="http://resources.huygens.knaw.nl/retroapp/service_generalemissiven/gm_02/images/gm_2_112_0282.tif"/><fw xml:id="INT_d09a8e90-486e-331d-abc1-7eafe0d835a8.TEI.1.text.1.body.1.div.1.fw.7" place="top" type="page-number" facs="#zone.6175648" xmlns="http://www.tei-c.org/ns/1.0">282</fw><fw xml:id="INT_d09a8e90-486e-331d-abc1-7eafe0d835a8.TEI.1.text.1.body.1.div.1.fw.8" place="top" type="head" facs="#zone.6175652" xmlns="http://www.tei-c.org/ns/1.0">Van der Lijn, Maetsuyker, Reniers en Van Alphen III, 31 december 1645</fw><p xml:id="INT_d09a8e90-486e-331d-abc1-7eafe0d835a8.TEI.1.text.1.body.1.div.1.p.16" xml:lang="nl" rend="font-size: 10; text-align: justify; line-height: 11.7pt" xmlns="http://www.tei-c.org/ns/1.0">waren is opulent, geen brant nogb andere merckelijcke ongevallen hebben gehad.<lb/> Den gepasseerden somer is seer nat geweest, waerdoor ’t bemueren van de stadtsburghwallen<lb/> en de andere wercken weynigh gevordert sijn, den Tijgersgracht is<lb/> meest geabsolveert, de punt Gelderlant wort gesloten ende de paekhuysen op de<lb/> timmerwerff sijn onder handen. Na den regentijt sullen alles met de minste costen<lb/> in effect brengen, wanneer des Generaels ende andere woningen binnen ’t casteel<lb/> bij der hant nemen sullen, also nootwendigh gerepareert ende eenige nieuw in<lb/> plaetse gemaect moeten werden.<lb/></p><p xml:id="INT_d09a8e90-486e-331d-abc1-7eafe0d835a8.TEI.1.text.1.body.1.div.1.p.17" xml:lang="nl" rend="font-size: 10; text-align: justify; line-height: 11.7pt; text-indent: 21.0pt" xmlns="http://www.tei-c.org/ns/1.0">Den Deensen commandeur Willem Leyel <hi rend="font-size:10; font-family:Liberation Serif; vertical-align:super" xml:lang="nl">1)</hi> is met ’t schip Christiaenshaven<lb/> den 26en deser van Bantham hier aengelant, alwaer eenige dagen gelegen heeft;<lb/> comt in 29 dagen van Coromandel overgeseylt met een redelijck cargasoen deden,<lb/> daermede eerstdaegs naer Maccassar staet te vertrecken met intentie om ’t aenstaende<lb/> jaer na Denemarcken te retourneren.<lb/></p><note xml:id="INT_d09a8e90-486e-331d-abc1-7eafe0d835a8.TEI.1.text.1.body.1.div.1.note.16" xml:lang="nl" rend="font-size: 8; text-align: justify; line-height: 9.6pt; text-indent: 22.0pt" xmlns="http://www.tei-c.org/ns/1.0">1) Willem Leyel was 1639 uit Denemarken vertrokken met de Christianshavn, maar op<lb/> Teneriffe aangehouden, waardoor hij eerst 1643 optrad als commandeur van Trankebar. In<lb/> 1645 liquideerde hij het kantoor te Bantam, maar knoopte betrekkingen met Makassar aan.<lb/> In 1648 kwam zijn personeel tegen hem in verzet, dat hem via Bantam naar Denemarken<lb/> terugzond.<lb/></note>
            
      </div>
                  </body>
                </text>
              </TEI>