<TEI xml:id="INT_4c5747fa-22bf-3aa5-af54-d9caa6c40620" xmlns="http://www.tei-c.org/ns/1.0">
                <teiHeader>
      <fileDesc>
        <titleStmt>
          <title>Van der Lijn, Caron, Reniers, Van Dutecum en Demmer, 26 jan. 1649</title>
        </titleStmt>
        <publicationStmt>
          <p>
            <date>26 jan. 1649</date>
            <idno type="sourceID">missiven:vol2</idno>
            <idno type="pid">INT_4c5747fa-22bf-3aa5-af54-d9caa6c40620</idno>
          </p>
        </publicationStmt>
        <notesStmt>
          <note/>
        </notesStmt>
        <sourceDesc>
          <listBibl xml:id="inlMetadata">
            <bibl type="missive">
        <interpGrp type="page"><interp>366</interp></interpGrp>
        
      <interpGrp type="titleLevel1"><interp>Van der Lijn, Caron, Reniers, Van Dutecum en Demmer, 26 jan. 1649</interp></interpGrp>
      <interpGrp type="dateLevel1"><interp>26 jan. 1649</interp></interpGrp>
        <interpGrp type="tocLevel"><interp>1</interp></interpGrp>
      <interpGrp type="volume"><interp>2</interp></interpGrp>
        <interpGrp type="n"><interp>IX</interp></interpGrp>
      
      <interpGrp type="witnessYearLevel1_from"><interp>1649</interp></interpGrp>
      <interpGrp type="witnessYearLevel1_to"><interp>1649</interp></interpGrp>
      <interpGrp type="witnessMonthLevel1_to"><interp>1</interp></interpGrp>
      <interpGrp type="witnessMonthLevel1_from"><interp>1</interp></interpGrp>
      <interpGrp type="witnessDayLevel1_to"><interp>26</interp></interpGrp>
      <interpGrp type="witnessDayLevel1_from"><interp>26</interp></interpGrp>
      <interpGrp type="authorLevel1"><interp>Van der Lijn</interp><interp>Caron</interp><interp>Reniers</interp><interp>Van Dutecum</interp><interp>Demmer</interp></interpGrp>
      <interpGrp type="pid"><interp>INT_4c5747fa-22bf-3aa5-af54-d9caa6c40620</interp></interpGrp>
    </bibl>
          </listBibl>
        </sourceDesc>
      </fileDesc>
    </teiHeader>
                <text xml:id="INT_4c5747fa-22bf-3aa5-af54-d9caa6c40620.TEI.1.text.1">
                  <body xml:id="INT_4c5747fa-22bf-3aa5-af54-d9caa6c40620.TEI.1.text.1.body.1">
                    <div xml:id="INT_4c5747fa-22bf-3aa5-af54-d9caa6c40620.TEI.1.text.1.body.1.div.1">
        
              <pb xml:id="INT_4c5747fa-22bf-3aa5-af54-d9caa6c40620.TEI.1.text.1.body.1.div.1.pb.1" n="366" facs="http://resources.huygens.knaw.nl/retroapp/service_generalemissiven/gm_02/images/gm_2_112_0366.tif"/><fw xml:id="INT_4c5747fa-22bf-3aa5-af54-d9caa6c40620.TEI.1.text.1.body.1.div.1.fw.1" place="top" type="page-number" facs="#zone.6403206" xmlns="http://www.tei-c.org/ns/1.0">366</fw><fw xml:id="INT_4c5747fa-22bf-3aa5-af54-d9caa6c40620.TEI.1.text.1.body.1.div.1.fw.2" place="top" type="head" facs="#zone.6403210" xmlns="http://www.tei-c.org/ns/1.0">Van der Lijn, Caron, Reniers, Van Duteeum en Dommer IX, 26 januari 1649</fw><head xml:id="INT_4c5747fa-22bf-3aa5-af54-d9caa6c40620.TEI.1.text.1.body.1.div.1.head.1" xml:lang="nl" rend="font-size: 10; text-align: justify; line-height: 12.0pt" xmlns="http://www.tei-c.org/ns/1.0">IX. CORNELIS VAN DER LIJN, ERANQOIS CARON, CAREL RENIERS,<lb/> JOCHEM ROELOESZ. VAN DUTECUM EN GERARD DEMMER, BATAVIA<lb/> 26 januari 1649.<lb/></head><p xml:id="INT_4c5747fa-22bf-3aa5-af54-d9caa6c40620.TEI.1.text.1.body.1.div.1.p.1" xml:lang="nl" rend="font-size: 8; text-align: justify; line-height: 12.0pt" xmlns="http://www.tei-c.org/ns/1.0">1067, fol. 10-22.<lb/></p><note xml:id="INT_4c5747fa-22bf-3aa5-af54-d9caa6c40620.TEI.1.text.1.body.1.div.1.note.1" xml:lang="nl" place="inline" type="editorial-summary" resp="editor" rend="font-style: italic; line-height: 11.7pt; text-indent: 22.0pt; text-align: justify; font-size: 9.5" xmlns="http://www.tei-c.org/ns/1.0">( De retourvloot van 8 schepen en 1124 zielen, w.o. vele impotente en onbekwame<lb/> personen <hi rend="font-size:8.5; font-family:Liberation Serif" xml:lang="nl">,</hi> is 19 jan. vertrokken; daarna zijn drie kleine jonken uit Thaiwan gearriveerd;<lb/> in Japan is 111% gewonnen en 15 ton is naar Thaiwan overgemaakt, nl. door den op<lb/> 28 dec. aangekomen Coyet met 150000 taël schuitzilver; te T. is 9 ton beschikbaar,<lb/> nadat 17 \ ton naar Coromandel en Suratte is verzonden, 1\ ton naar Siam, 4 ton<lb/> ligt gereed voor Tonkin, er is 6 ton meer dan verwacht werd; goede vooruitzichten in<lb/> Tonkin).<lb/></note><p xml:id="INT_4c5747fa-22bf-3aa5-af54-d9caa6c40620.TEI.1.text.1.body.1.div.1.p.2" xml:lang="nl" rend="font-size: 10; text-align: justify; line-height: 11.7pt" xmlns="http://www.tei-c.org/ns/1.0"><hi rend="font-size:10; font-family:Liberation Serif; letter-spacing:4.5pt" xml:lang="nl">....</hi> vermits een groote Chinese joncque, seer rijckelijcq in Tonckin geladen, tot<lb/> Nangasacque niet verschenen was ende de Jappanders, die deselve met haer<lb/> capitael uutgereedt hadden, apparendt den lust vergaen sal wesen om weder<lb/> nieuwe besettinge derwaerts te doen, bevorens dat weten, hoe ’t met haer vorige<lb/> capitael off retour gelegen sij, dat de Comp.e sonderlinge wel slagen sal ende te<lb/> wenschen ware, noyt geen tijdinge daervan en cregen; tot dato hadden noch geen<lb/> nieuwe equipagie ondernomen.<lb/></p><note xml:id="INT_4c5747fa-22bf-3aa5-af54-d9caa6c40620.TEI.1.text.1.body.1.div.1.note.2" xml:lang="nl" place="inline" type="editorial-summary" resp="editor" rend="font-style: italic; line-height: 10.5pt; text-indent: 22.0pt; text-align: justify; font-size: 9.5" xmlns="http://www.tei-c.org/ns/1.0">(Schepen van Thaiwan naar Siam gezonden).<lb/></note><p xml:id="INT_4c5747fa-22bf-3aa5-af54-d9caa6c40620.TEI.1.text.1.body.1.div.1.p.3" resp="int_paragraph_joining" rend="">
              In Japan was den opper coopman Erederick Coyet den verleden jare naer ’t<lb xmlns="http://www.tei-c.org/ns/1.0"/> volbrengen der negotie ende de depesche der schepen volgens ordinarie gewoonte<lb xmlns="http://www.tei-c.org/ns/1.0"/> naer ’t keyserlijcke hoff opgereyst, alwaer gecomen wesende, hem voorgehouden<lb xmlns="http://www.tei-c.org/ns/1.0"/> wierdt het misnoegen, bij Sijne May.4 over de Nederlandtse natie opgenomen, ter<lb xmlns="http://www.tei-c.org/ns/1.0"/> oirsaecke dat se voor vier jaren geleden den Portugeeschen ambassadeur, doenmaels<lb xmlns="http://www.tei-c.org/ns/1.0"/> op Batavia wesende, met eenen stierman ende eenige matroosen om sijne<lb xmlns="http://www.tei-c.org/ns/1.0"/> reyse te voltrecken hadden geassisteert, alsmede omdat de schuldige dancksegginge<lb xmlns="http://www.tei-c.org/ns/1.0"/> over het pardon der gevangenen van ’t jacht Breskes, op hare custe om de noordt<lb xmlns="http://www.tei-c.org/ns/1.0"/> als spions gevat, niet voltrocken wierde volgens de beloften, doenmaels bij den<lb xmlns="http://www.tei-c.org/ns/1.0"/> capitain Elserack derwegen gedaen. Dese twee hinderpalen heeft s.r Coyet op de<lb xmlns="http://www.tei-c.org/ns/1.0"/> beste wijse verexcuseert, het eerste dat niet aen den ambassadeur, maer aen<lb xmlns="http://www.tei-c.org/ns/1.0"/> seeckeren Portugees, Antonio Eialho, wiens schip machteloos ende reddeloos in<lb xmlns="http://www.tei-c.org/ns/1.0"/> Sunda’s Straet was comen aendrijven, uut verbintenisse van den thienjarigen<lb xmlns="http://www.tei-c.org/ns/1.0"/> trêves, met die natie aengegaen, met eenen stierman ende eenige matroosen was<lb xmlns="http://www.tei-c.org/ns/1.0"/> versien geworden om tselve schip in Maccauw te helpen brengen ende vorder niet,<lb xmlns="http://www.tei-c.org/ns/1.0"/> gelijck oock tselve is geschiet. Belangende den ambassadeur, daerover was op<lb xmlns="http://www.tei-c.org/ns/1.0"/> haer hoogheden vermaninge den verleden jare naer Nederlandt geschreven ende<lb xmlns="http://www.tei-c.org/ns/1.0"/> soude ongetwijffelt ’t aenstaende jaer in Japan verschijnen om Sijn May.4 de<lb xmlns="http://www.tei-c.org/ns/1.0"/> vereyste danckbaerheyt te doen. Dese verandwoordinge wierdt niet heel volcomen<lb xmlns="http://www.tei-c.org/ns/1.0"/> voor de waerheyt, maer soo taliter qualiter aengenomen ende hebben derhalven<lb xmlns="http://www.tei-c.org/ns/1.0"/> gemelten Coyet een handtschrift doen onderteyckenen sigh aller straffen te onderwerpen,<lb xmlns="http://www.tei-c.org/ns/1.0"/> bijaldien ’t contrarie t’eeniger tijt quamen te vernemen. Voirders wierdt<lb xmlns="http://www.tei-c.org/ns/1.0"/> hem aengesecht sich tot vertreek te prepareren, alsoo desen jare ende bevorens dat<lb xmlns="http://www.tei-c.org/ns/1.0"/> de May.4 beter genoegen over de Nederlanders geschept hadde, geen audiëntie<lb xmlns="http://www.tei-c.org/ns/1.0"/> erlangen, noch praesenten aen ymandt overleveren soude. Geene excusen mochten<lb xmlns="http://www.tei-c.org/ns/1.0"/> daertegen helpen, maer most voorsz. Coyet onverrichter saecken de reyse aenne-<lb xmlns="http://www.tei-c.org/ns/1.0"/><pb xml:id="INT_4c5747fa-22bf-3aa5-af54-d9caa6c40620.TEI.1.text.1.body.1.div.1.p.3.pb.1" n="367" facs="http://resources.huygens.knaw.nl/retroapp/service_generalemissiven/gm_02/images/gm_2_112_0367.tif"/><fw xml:id="INT_4c5747fa-22bf-3aa5-af54-d9caa6c40620.TEI.1.text.1.body.1.div.1.p.3.fw.1" place="top" type="head" facs="#zone.6405024" xmlns="http://www.tei-c.org/ns/1.0">Van der Lijn, Caron, Reniers, Van Dutecum en Dommer IX, 26 januari 1649</fw><fw xml:id="INT_4c5747fa-22bf-3aa5-af54-d9caa6c40620.TEI.1.text.1.body.1.div.1.p.3.fw.2" place="top" type="page-number" facs="#zone.6405040" xmlns="http://www.tei-c.org/ns/1.0">367</fw>men, soodat hij den 20en february des voorleden jaers 1648 weder tot Nangasacque<lb xmlns="http://www.tei-c.org/ns/1.0"/> gearri veert is.<lb xmlns="http://www.tei-c.org/ns/1.0"/>
            </p><p xml:id="INT_4c5747fa-22bf-3aa5-af54-d9caa6c40620.TEI.1.text.1.body.1.div.1.p.4" xml:lang="nl" rend="font-size: 10; text-align: justify; line-height: 11.7pt; text-indent: 22.0pt" xmlns="http://www.tei-c.org/ns/1.0">Daeraenvolgende sijn der ... de ses genomineerde fluytschepen van diverse<lb/> quartieren aengecomen metten oppercoopman Dirck Snoecq1 <hi rend="font-size:10; font-family:Liberation Serif; vertical-align:super" xml:lang="nl">* *)</hi> om s.r Coyet te<lb/> vervangen, denwelcken door den commissaris Tsickingodonne op deselve wijse oock<lb/> ondervraegt ende, de andtwoorde als die van gemelte Coyet d’accorde bevonden<lb/> sijnde, geroerden Snoeck mede een handtschrift van inhoudt als dat van Coyet doen<lb/> teeckenen ende tselve naer ’t hoff gesonden heeft. Ondertusschen saten d’onse met<lb/> den gantschen ommeslagh stil, mitsgaders de goederen opgeslooten sonder te<lb/> gedoogen, datter eenige reparatie aen de schepen gedaen, noch een stuck gereetschap,<lb/> daertoe nodich, opgecocht wierde tot den 6en november, datter eyndelijck<lb/> van den Keyser licentie affquaem met ordre om d’onse aen te seggen, dat, naerdien<lb/> de May.4 gesien hadde de verandtwoordinge, van beyde de capitainen schriftelijck<lb/> gedaen, van inhoude overeenquamen, dat sij dienvolgende andermael sodanigen<lb/> schrift stellen ende dat gesamentlijck onderteeckenen soude, mitsgaders alsdan<lb/> den handel beginnen, hare goederen vercoopen ende de schepen versenden mochten,<lb/> gelijck geschiede .<lb/></p><p xml:id="INT_4c5747fa-22bf-3aa5-af54-d9caa6c40620.TEI.1.text.1.body.1.div.1.p.5" xml:lang="nl" rend="font-size: 10; text-align: justify; line-height: 11.7pt; text-indent: 22.0pt" xmlns="http://www.tei-c.org/ns/1.0">Het leenen van den stierman en de matroosen door d’Heer Generael Van<lb/> Diemen zal. aen de Portugiesen is notoir, waervan die schelmen den verleden jare,<lb/> wanneer, in ambassado in Japan verschenen sijnde, haren roem hebben gedragen<lb/> ende ons daerdoor soucken odieus te maecken. ’t Was oversulcx gantsch niet<lb/> geraden hetselve te loochenen, want dat soude lichtelijck hooffden gecost ende<lb/> schade voor de Comp.e in hare negotie veroorsaeckt hebben, dat niet en diende te<lb/> geschieden, vermits de schade daerdoor te grooter soude werden. Wij en hebben<lb/> niet cunnen bevroeden, dat haer de saecke van den ambassadeur sodanigh ernst<lb/> was, als nu wel blijct, te meer ons noyt daervan ietwes is voorgecomen. Wij souden<lb/> anders ’t voorleden jaer denselven van U Ed. versocht hebben, die, vermits geen<lb/> langer uytstel lijden magh, dit aenstaende voor jaer van hier sal uytgemaeckt<lb/> worden, van sodanigen stoffe ende praesenten versien, als onse gelegentheyt alsdan<lb/> sal toelaten, waermede dat hopen, genoech te doen ende den Japander contentement<lb/> sullen geven. De oppercoopluyden Coyet ende Snoeck blijven van gevoelen<lb/> ende sustineren, dat oock gemelten Snoeck niet naer boven reysen, audiëntie<lb/> vercrijgen, noch praesenten sal mogen overleveren, voordat den verwachten<lb/> ambassadeur aldaer sij aengeland, dat dan twee jaren sonder audiëntie te obtineren<lb/> wesen sal ende ’t contrarie wel te wenschen waer. Echter is voor dees tijt daerin<lb/> niet anders te doen als patiëntie te nemen ende een goet succes aff te wachten, dat<lb/> Godt geve.<lb/></p><p xml:id="INT_4c5747fa-22bf-3aa5-af54-d9caa6c40620.TEI.1.text.1.body.1.div.1.p.6" xml:lang="nl" rend="font-size: 10; text-align: justify; line-height: 11.7pt; text-indent: 22.0pt" xmlns="http://www.tei-c.org/ns/1.0">Dit provisioneel arrest is oorsaecke geweest, de Japanse coopluyden haer<lb/> ingebeeldt ende malcander wijsgemaeckt hebben, dat de Hollanders den handel<lb/> op Japan mede soude ontseyt worden, sulcx dat de goederen altsamen seer hoogh<lb/> in prijs gesteygert sijn ende de Comp.e daerbij ruym 2 tonnen gouts meer voor hare<lb/> coopmanschappen heeft becomen, als anders souden hebben geobtineert, dat do<lb/> oncosten van den aenstaenden ambassadeur te goede sal comen.<lb/></p><note xml:id="INT_4c5747fa-22bf-3aa5-af54-d9caa6c40620.TEI.1.text.1.body.1.div.1.note.3" xml:lang="nl" rend="font-size: 8; text-align: right; line-height: 9.6pt" xmlns="http://www.tei-c.org/ns/1.0">1) Dirck Snoecq kwam 1641 als opperkoopman uit, werkte o.a. te Malakka, waar hij<lb/></note><note xml:id="INT_4c5747fa-22bf-3aa5-af54-d9caa6c40620.TEI.1.text.1.body.1.div.1.note.4" xml:lang="nl" rend="font-size: 8; line-height: 9.6pt" xmlns="http://www.tei-c.org/ns/1.0">niet beviel, 1645 lid van de Raad van Justitie, 1648-49 opperhoofd in Japan, daarna fiskaal te<lb/></note><note xml:id="INT_4c5747fa-22bf-3aa5-af54-d9caa6c40620.TEI.1.text.1.body.1.div.1.note.5" xml:lang="nl" rend="font-size: 8; line-height: 9.6pt" xmlns="http://www.tei-c.org/ns/1.0">Thaiwan, 1651 opontboden naar Batavia.<lb/></note><pb xml:id="INT_4c5747fa-22bf-3aa5-af54-d9caa6c40620.TEI.1.text.1.body.1.div.1.pb.2" n="368" facs="http://resources.huygens.knaw.nl/retroapp/service_generalemissiven/gm_02/images/gm_2_112_0368.tif"/><fw xml:id="INT_4c5747fa-22bf-3aa5-af54-d9caa6c40620.TEI.1.text.1.body.1.div.1.fw.3" place="top" type="page-number" facs="#zone.6407421" xmlns="http://www.tei-c.org/ns/1.0">368</fw><fw xml:id="INT_4c5747fa-22bf-3aa5-af54-d9caa6c40620.TEI.1.text.1.body.1.div.1.fw.4" place="top" type="head" facs="#zone.6407425" xmlns="http://www.tei-c.org/ns/1.0">Van der Lijn, Caron, Reniers, Van Dutecum en Demmer IX, 26 januari 1649</fw><note xml:id="INT_4c5747fa-22bf-3aa5-af54-d9caa6c40620.TEI.1.text.1.body.1.div.1.note.6" xml:lang="nl" place="inline" type="editorial-summary" resp="editor" rend="font-style: italic; line-height: 11.7pt; text-indent: 22.0pt; text-align: justify; font-size: 9" xmlns="http://www.tei-c.org/ns/1.0">(Eis voor Japan, w.o. vergrootglazen, bontwerk, brillen; in Nagasaki is f.<lb/> 883105.12.- gewonnen, daarentegen <hi rend="font-size:8; font-family:Liberation Serif; font-weight:bold; letter-spacing:0.5pt" xml:lang="nl">/.</hi> 60144.4.19 uitgegeven).<lb/></note><p xml:id="INT_4c5747fa-22bf-3aa5-af54-d9caa6c40620.TEI.1.text.1.body.1.div.1.p.7" resp="int_paragraph_joining" rend="">
              U Ed. dachten over de exorbiterende leeningen in India ende dat eenige<lb xmlns="http://www.tei-c.org/ns/1.0"/> luyden meer op reeckeninge souw wesen gestelt, als se inderdaet genooten hebben,<lb xmlns="http://www.tei-c.org/ns/1.0"/> oock veele persoonen, in India sijnde, niet uutgevonden cunnen worden, waer se<lb xmlns="http://www.tei-c.org/ns/1.0"/> verbleven sijn, mitsgaders dat men aen sommige meer verstrect, als se te goedt off<lb xmlns="http://www.tei-c.org/ns/1.0"/> noch niet verdient hebben, daeronder dat U Ed. oordelen, frauwde ende ontrouwe<lb xmlns="http://www.tei-c.org/ns/1.0"/> schuylt, oock niet vreempt is, dat de Indische lasten soo groot sijn, als men sulcke<lb xmlns="http://www.tei-c.org/ns/1.0"/> quade gangen conniveert ende deselve naer uytterste vermogen niet soeckt te<lb xmlns="http://www.tei-c.org/ns/1.0"/> weeren, hebben wij met leedwesen ende verwonderinge gelesen, alsoo onse successive<lb xmlns="http://www.tei-c.org/ns/1.0"/> bevelen, naer alle quartieren in India gegeven, het contrarie manderen ende<lb xmlns="http://www.tei-c.org/ns/1.0"/> weten oock niet beter, off deselve worden in allen delen sooveel mogelijck buyten<lb xmlns="http://www.tei-c.org/ns/1.0"/> eenige ontrouwe off fraude punctueel achtervolght. Maer U Ed. gelieven hierop te<lb xmlns="http://www.tei-c.org/ns/1.0"/> weten, dat de leeninge aen de getrouwde persoonen niet can worden geëxcuseert,<lb xmlns="http://www.tei-c.org/ns/1.0"/> die maentlijcx alle hare gagien moeten ontfangen van soldaten tot oppercoopluyden<lb xmlns="http://www.tei-c.org/ns/1.0"/> incluys, insonderheyt die met inlandtse vrouwen getrouwt sijn, alsoo se<lb xmlns="http://www.tei-c.org/ns/1.0"/> altijt in ’t landt moeten blijven, gelijck oock geschiedt, off de luyden cunnen anders<lb xmlns="http://www.tei-c.org/ns/1.0"/> niet leven, dewijle het meerendeel derselver niet anders in de werelt hebben ende<lb xmlns="http://www.tei-c.org/ns/1.0"/> gene de minste particulariteyten mogen doen, waerbuyten ten principale weynich<lb xmlns="http://www.tei-c.org/ns/1.0"/> ofte niet veel te winnen is ende het huyshouden valt hier insonderheyt op Batavia<lb xmlns="http://www.tei-c.org/ns/1.0"/> costelijck, jae de raden van India selffs moeten somtijts tot onderhoudt van hare<lb xmlns="http://www.tei-c.org/ns/1.0"/> familiën ende sware huyshoudingen met contant versien worden, alsoo se met hun<lb xmlns="http://www.tei-c.org/ns/1.0"/> randsoen op verre na niet toe cunnen comen, dat sware lasten sijn; doch soo de<lb xmlns="http://www.tei-c.org/ns/1.0"/> Comp.e ongenegen is die langer te dragen ende geen peryckel wil loopen van<lb xmlns="http://www.tei-c.org/ns/1.0"/> ontrouwe dienaers te crijgen, soo moeten U Ed. geen meer getrouwde persoonen<lb xmlns="http://www.tei-c.org/ns/1.0"/> naer India senden ende ons meteenen oock ordonneren, dat wij het trouwen in<lb xmlns="http://www.tei-c.org/ns/1.0"/> India aen alle Cornp.8 dienaers voortaen verbieden, wanneer oncostelijcker sullen<lb xmlns="http://www.tei-c.org/ns/1.0"/> cunnen leven ende meest alle hare gagien te goedt cunnen houden, want U Ed.<lb xmlns="http://www.tei-c.org/ns/1.0"/> moeten dit voor seecker houden, dat niemandt in India comt als om wat te<lb xmlns="http://www.tei-c.org/ns/1.0"/> prospereren ende daervan tsijner tijt in sijn vaderlandt te leven, gelijck de ondervindinge<lb xmlns="http://www.tei-c.org/ns/1.0"/> ons dagelijcx meer als te veel leert ende sijn wij derwegen van opinie,<lb xmlns="http://www.tei-c.org/ns/1.0"/> datter noyt van Nederlanders een stabile colonie in India sal gesticht worden off<lb xmlns="http://www.tei-c.org/ns/1.0"/> dat de Comp.e daervan eenich soulaes sal trecken, maer en contra wel groote lasten<lb xmlns="http://www.tei-c.org/ns/1.0"/> ende moeyten sal hebben te dragen, soo men met het stabileren van coloniën in<lb xmlns="http://www.tei-c.org/ns/1.0"/> India wil voortvaren, gelijck U Ed. tsijner tijt met goede, fondamentele redenen<lb xmlns="http://www.tei-c.org/ns/1.0"/> sal worden aengewesen. Oock wort in India aen niemandt yets verstrect als met<lb xmlns="http://www.tei-c.org/ns/1.0"/> ordinantie van een raedt van India, gouverneur, praesident off opperhooft der<lb xmlns="http://www.tei-c.org/ns/1.0"/> respective plaetsen ende dat onder quitantie van dengenen, aen wien de gelden off<lb xmlns="http://www.tei-c.org/ns/1.0"/> goederen worden verstrect, gelijck al over lange jaren geobserveert is ende noch<lb xmlns="http://www.tei-c.org/ns/1.0"/> strict onderhouden wort, sulcx niemandt met de waerheyt can seggen, hem meer<lb xmlns="http://www.tei-c.org/ns/1.0"/> op reeckeninge gestelt is, als inderdaet genooten heeft ende dienvolgende behoorden<lb xmlns="http://www.tei-c.org/ns/1.0"/> de sodanige bij U Ed. daerin niet eens gehoort, noch aengenomen te worden,<lb xmlns="http://www.tei-c.org/ns/1.0"/> alsoo het meerendeel luyden sijn, die om een beulinck wel sweeren souden, dat het<lb xmlns="http://www.tei-c.org/ns/1.0"/> varcken gortich was. De persoonen, die dickwils in India gemist ende niet uytgevonden<lb xmlns="http://www.tei-c.org/ns/1.0"/> cunnen worden, waer dat se verbleven sijn, dat sijn desulcke, die hare<lb xmlns="http://www.tei-c.org/ns/1.0"/> schepen laten ontvaren ende haer op andere versteecken, oock dickwils fugityff<lb xmlns="http://www.tei-c.org/ns/1.0"/> worden off wel een langen tijt onder den naem van burgers aen landt loopen ende<lb xmlns="http://www.tei-c.org/ns/1.0"/><pb xml:id="INT_4c5747fa-22bf-3aa5-af54-d9caa6c40620.TEI.1.text.1.body.1.div.1.p.7.pb.1" n="369" facs="http://resources.huygens.knaw.nl/retroapp/service_generalemissiven/gm_02/images/gm_2_112_0369.tif"/><fw xml:id="INT_4c5747fa-22bf-3aa5-af54-d9caa6c40620.TEI.1.text.1.body.1.div.1.p.7.fw.1" place="top" type="head" facs="#zone.6410445" xmlns="http://www.tei-c.org/ns/1.0">Van der Lijn, Caron, Reniers, Van Dutecum en Demmer IX, 26 januari 1649</fw><fw xml:id="INT_4c5747fa-22bf-3aa5-af54-d9caa6c40620.TEI.1.text.1.body.1.div.1.p.7.fw.2" place="top" type="page-number" facs="#zone.6410461" xmlns="http://www.tei-c.org/ns/1.0">369</fw>door hun debouche soo comen te sterven ende begraven te worden, dat niet wel<lb xmlns="http://www.tei-c.org/ns/1.0"/> mogelijck is voor te comen, hoedanigen nauwen ondersoeck ende reguardt datter<lb xmlns="http://www.tei-c.org/ns/1.0"/> op genomen ende hetselve oock gestraft wort, dat voor ons alsoo verdrietich valt<lb xmlns="http://www.tei-c.org/ns/1.0"/> als voor degene, die de hare sodanich comen te missen. Aengaende het verstrecken<lb xmlns="http://www.tei-c.org/ns/1.0"/> op credit, dat can mede qualijck g’excuseert werden in degene, die eerst uyt<lb xmlns="http://www.tei-c.org/ns/1.0"/> ’t patria comen, sijnde met vrouw ende kinderen beladen sonder iets mede te<lb xmlns="http://www.tei-c.org/ns/1.0"/> brengen, gelijck desen jare hier veele sijn aengelandt, onder andere oock eenige<lb xmlns="http://www.tei-c.org/ns/1.0"/> jonge predicanten, wiens vrouwen corts naer hun aencompste in de craem sijn<lb xmlns="http://www.tei-c.org/ns/1.0"/> gecomen, die ijder noodsaeckelijcq met 5 a 600 guldens in contant hebben moeten<lb xmlns="http://www.tei-c.org/ns/1.0"/> subsidiëren om de oncosten van ’t craembedde etc. daeruyt te vervallen ende haer<lb xmlns="http://www.tei-c.org/ns/1.0"/> van huysraedt als andere noodtwendigheden burgerlijck te versorgen, te meer<lb xmlns="http://www.tei-c.org/ns/1.0"/> U Ed. niet begeren, dat de uutreys-reeckeningen in India sullen betaelt worden,<lb xmlns="http://www.tei-c.org/ns/1.0"/> soodat U Ed. in veele meer lasten moeten dragen, als geeme sagen ende wij oock<lb xmlns="http://www.tei-c.org/ns/1.0"/> wel anders wenschten, doch wij sullen U Ed. bevelen in d’een ende d’ander naer<lb xmlns="http://www.tei-c.org/ns/1.0"/> vermogen achtervolgen ende alles soo veel besnijden ende voorcomen, als immer<lb xmlns="http://www.tei-c.org/ns/1.0"/> mogelijck ende doenlij ck is.<lb xmlns="http://www.tei-c.org/ns/1.0"/>
            </p><note xml:id="INT_4c5747fa-22bf-3aa5-af54-d9caa6c40620.TEI.1.text.1.body.1.div.1.note.7" xml:lang="nl" place="inline" type="editorial-summary" resp="editor" rend="font-style: italic; line-height: 11.7pt; text-indent: 22.0pt; text-align: justify; font-size: 9" xmlns="http://www.tei-c.org/ns/1.0">(Beraad over de middelen tot bevordering van kolonisatie en over handel den<lb/> vrijburgers toe te staan uitgesteld tot nader bericht van Heren X VII; niemand mag<lb/> repatriëren, die niet voor achterblijvende kinderen voldoende middelen te Batavia laat).<lb/></note><p xml:id="INT_4c5747fa-22bf-3aa5-af54-d9caa6c40620.TEI.1.text.1.body.1.div.1.p.8" xml:lang="nl" rend="font-size: 10; text-align: justify; line-height: 11.7pt; text-indent: 22.0pt" xmlns="http://www.tei-c.org/ns/1.0">Den Generael ende de raden van India houden hier alle dagen des avonts, als<lb/> ’t gewoone gebedt gedaen is, compleete vergaderinge, alwaer iedereen gehoor ende<lb/> bescheyt gegeven wort, gelijck oock de raden van India daerbesijden ijder in hare<lb/> chargien dagelijcx doen, soodat in de resolutiën niet wert gestelt als importante<lb/> ende noodtsaeckelijcke saecken, die in andere ende extraordinarie vergaderingen<lb/> voorvallen, invoegen hier niemandt bijnae een uyre ledigh is, ofte hij weet sijn<lb/> werck te vinden, waerin ons oock gestadigh ten dienste van de Comp.e besighhouden.<lb/> Ende om daervan occulaire inspectie te nemen mitsgaders alles grondigh<lb/> te ondersoecken, wat hier omgaet ende passeert, souden U Ed. jaerlijcx twee<lb/> Heeren Commissarissen uyt hare vergaderingen naer India connen senden ende met<lb/> de retourschepen in ’t opperste commando weder laten retourneren, dat vertrouwen,<lb/> mede een dienstige saecke souden sijn om van alles tot U Ed. volcomen<lb/> contentement waer ende opreght rapport te erlangen, dewijle wij sien, dat quade<lb/> rapporteurs dickwils meer gelooff gegeven worden, als met waerheyt connen<lb/> bewijsen, daervan wij dan exempt souden sijn ende onse swaerwichtige directie met<lb/> te meerder gerustheyt ende couragie cunnen waernemen.<lb/></p><note xml:id="INT_4c5747fa-22bf-3aa5-af54-d9caa6c40620.TEI.1.text.1.body.1.div.1.note.8" xml:lang="nl" place="inline" type="editorial-summary" resp="editor" rend="font-style: italic; line-height: 11.7pt; text-indent: 22.0pt; text-align: justify; font-size: 9" xmlns="http://www.tei-c.org/ns/1.0">( De reële effecten bedragen met bijtelling van de Japanse winst f. 11258030.17.14;<lb/> er is dus f. 1421748.8.9 gewonnen, terwijl voor f. 1453745.15.3 meer naar Nederland<lb/> is gezonden dan van daar ontvangen; men heeft f. 793572.2.3 aan uitstaande vorderingen,<lb/> w.o. niet meer dan 1\ ton aan kwade; Van der Lijn verwacht tegen juli of<lb/> september zijn opvolger; hij wil desnoods nog één jaar continueren , maar dan voor<lb/> Heren X VII verschijnen).<lb/></note><fw xml:id="INT_4c5747fa-22bf-3aa5-af54-d9caa6c40620.TEI.1.text.1.body.1.div.1.fw.5" type="bottom-page-number">24</fw>
            
      </div>
                  </body>
                </text>
              </TEI>