<TEI xml:id="INT_64ad56d9-620c-3880-8bdc-c7a0c77baf98" xmlns="http://www.tei-c.org/ns/1.0">
                <teiHeader>
      <fileDesc>
        <titleStmt>
          <title>Van Diemen, Caen, Van der Lijn, Maetsuycker, Schouten, Sweers en Witsen, 23 dec. 1642</title>
        </titleStmt>
        <publicationStmt>
          <p>
            <date>23 dec. 1642</date>
            <idno type="sourceID">missiven:vol2</idno>
            <idno type="pid">INT_64ad56d9-620c-3880-8bdc-c7a0c77baf98</idno>
          </p>
        </publicationStmt>
        <notesStmt>
          <note/>
        </notesStmt>
        <sourceDesc>
          <listBibl xml:id="inlMetadata">
            <bibl type="missive">
        <interpGrp type="page"><interp>186</interp></interpGrp>
        
      <interpGrp type="titleLevel1"><interp>Van Diemen, Caen, Van der Lijn, Maetsuycker, Schouten, Sweers en Witsen, 23 dec. 1642</interp></interpGrp>
      <interpGrp type="dateLevel1"><interp>23 dec. 1642</interp></interpGrp>
        <interpGrp type="tocLevel"><interp>1</interp></interpGrp>
      <interpGrp type="volume"><interp>2</interp></interpGrp>
        <interpGrp type="n"><interp>XIX</interp></interpGrp>
      
      <interpGrp type="witnessYearLevel1_from"><interp>1642</interp></interpGrp>
      <interpGrp type="witnessYearLevel1_to"><interp>1642</interp></interpGrp>
      <interpGrp type="witnessMonthLevel1_to"><interp>12</interp></interpGrp>
      <interpGrp type="witnessMonthLevel1_from"><interp>12</interp></interpGrp>
      <interpGrp type="witnessDayLevel1_to"><interp>23</interp></interpGrp>
      <interpGrp type="witnessDayLevel1_from"><interp>23</interp></interpGrp>
      <interpGrp type="authorLevel1"><interp>Van Diemen</interp><interp>Caen</interp><interp>Van der Lijn</interp><interp>Maetsuycker</interp><interp>Schouten</interp><interp>Sweers</interp><interp>Witsen</interp></interpGrp>
      <interpGrp type="pid"><interp>INT_64ad56d9-620c-3880-8bdc-c7a0c77baf98</interp></interpGrp>
    </bibl>
          </listBibl>
        </sourceDesc>
      </fileDesc>
    </teiHeader>
                <text xml:id="INT_64ad56d9-620c-3880-8bdc-c7a0c77baf98.TEI.1.text.1">
                  <body xml:id="INT_64ad56d9-620c-3880-8bdc-c7a0c77baf98.TEI.1.text.1.body.1">
                    <div xml:id="INT_64ad56d9-620c-3880-8bdc-c7a0c77baf98.TEI.1.text.1.body.1.div.1">
        
              <pb xml:id="INT_64ad56d9-620c-3880-8bdc-c7a0c77baf98.TEI.1.text.1.body.1.div.1.pb.1" n="186" facs="http://resources.huygens.knaw.nl/retroapp/service_generalemissiven/gm_02/images/gm_2_112_0186.tif"/><fw xml:id="INT_64ad56d9-620c-3880-8bdc-c7a0c77baf98.TEI.1.text.1.body.1.div.1.fw.1" place="top" type="head" facs="#zone.5923703" xmlns="http://www.tei-c.org/ns/1.0">186 V. Diemen, Caen, V. d. Lijn, Maetsuycker, Schouten, Sweers en Witsen XIX, 23 dec. ’42</fw><head xml:id="INT_64ad56d9-620c-3880-8bdc-c7a0c77baf98.TEI.1.text.1.body.1.div.1.head.1" xml:lang="nl" rend="font-size: 10; text-align: justify; line-height: 11.7pt" xmlns="http://www.tei-c.org/ns/1.0">XIX. ANTONIO VAX DIEMEN, ANTHONIO CAEN, CORNELIS VAN<lb/> DER LIJN, JOAN MAETSUYCKER, JUSTUS SCHOUTEN, SALOMON<lb/> SWEERS EN CORNELIS WITSEN, BATAVIA 23 december 1642.<lb/></head><p xml:id="INT_64ad56d9-620c-3880-8bdc-c7a0c77baf98.TEI.1.text.1.body.1.div.1.p.1" xml:lang="nl" rend="font-size: 8; text-align: justify; line-height: 11.7pt" xmlns="http://www.tei-c.org/ns/1.0">1047, fol. 117-129.<lb/></p><note xml:id="INT_64ad56d9-620c-3880-8bdc-c7a0c77baf98.TEI.1.text.1.body.1.div.1.note.1" xml:lang="nl" place="inline" type="editorial-summary" resp="editor" rend="font-style: italic; line-height: 11.4pt; text-indent: 22.0pt; text-align: justify; font-size: 9.5" xmlns="http://www.tei-c.org/ns/1.0">(Vertrek van nog twee retourschepen met lading van f. 514260.2.14, w.o. een<lb/> proeve van indigo uit Siam; nagegaan zal worden, of die op Formosa kan geteeld<lb/> worden; Fialho Ferreira gaat met deze schepen naar Europa; te Manilla zijn geen<lb/> schepen uit Nieuw Spanje aangekomen ).<lb/></note><p xml:id="INT_64ad56d9-620c-3880-8bdc-c7a0c77baf98.TEI.1.text.1.body.1.div.1.p.2" xml:lang="nl" rend="font-size: 10; text-align: justify; line-height: 11.7pt; text-indent: 22.0pt" xmlns="http://www.tei-c.org/ns/1.0"><hi rend="font-size:10; font-family:Liberation Serif; letter-spacing:4.0pt" xml:lang="nl">....</hi> sulcx hem tselve dit jaer wel mocht ontstaen, als wanneer Manilha<lb/> genoeghsaem sal geruïneert sijn ende onmachtigh Spaens Tarnate te seconderen,<lb/> soodat niet vreemt ware, den Castiliaen sonder slagh off stoot Molncco ruymde<lb/> ende eyntlijck Manilha verlieten, daertoe veel helpen sal, als den Chinees de vaert<lb/> derwaerts beletten, gelijck voornemens sijn, bijaldien derwaerts onderstaen met<lb/> costelijcke joncken te navigeren, dat, nn met den Portugees gebroocken sijn, wel<lb/> conde gebeuren; te meer geseyt wort, de Chinesen seer vrundelijck hebben doen<lb/> noodigen onder groote belofte van goet tractement. Edoch verhoopen dese negotie<lb/> wel te breecken, als ’t ons maer aen geen beseylde jachten ende volck mancqueert,<lb/> die van U Ed. verwachten. Met dese schepen gaen noch vier Castilianen over onder<lb/> gelijcke passepoort als de voorige thien.<lb/></p><p xml:id="INT_64ad56d9-620c-3880-8bdc-c7a0c77baf98.TEI.1.text.1.body.1.div.1.p.3" xml:lang="nl" rend="font-size: 10; text-align: justify; line-height: 11.7pt; text-indent: 22.0pt" xmlns="http://www.tei-c.org/ns/1.0">Bij desen senden U Ed. een caerte van Kelangh, affteeckeningh van de<lb/> Spaense veroverde forten, als de vastigheyt in Tamsjuw opgeworpen, item aenwijsingh<lb/> van ’t dorp, daer ’t gout gevonden wort, mitsgaders caerte van geheel<lb/> Formosa ende beschrijvingh van den lantmeter ende schipper Marten Gerritsz. de<lb/> Vries <hi rend="font-size:10; font-family:Liberation Serif; vertical-align:super" xml:lang="nl">x)</hi> wegen de cituatie van gemelte eylandt ende de forten. Uyt de resumptie<lb/> desselffs sullen U Ed. d’aparente goutrijcke plaetse omstandelijck vernemen;<lb/> ons daeraen gedragende <hi rend="font-size:10; font-family:Liberation Serif; vertical-align:super" xml:lang="nl">1 2).</hi><lb/></p><p xml:id="INT_64ad56d9-620c-3880-8bdc-c7a0c77baf98.TEI.1.text.1.body.1.div.1.p.4" xml:lang="nl" rend="font-size: 10; text-align: justify; line-height: 11.7pt; text-indent: 22.0pt" xmlns="http://www.tei-c.org/ns/1.0">De journalen van den commandeur Cornelis Symonsz. zal.r sullen doen<lb/> opsoecken ende U Ed. toeschicken, maer connen tot verlichtingh van desselffs<lb/> caerte, tsedert sijn aenwesen in ’t Malax vaerwater gemaeckt, weynigh dienen,<lb/> sijnde met deselve ruym twee jaren doende geweest. Alle diepten, ondiepten,<lb/> eylanden, steenen, sanden, hoecken etc. staen in deselve wel g’observeert ende op<lb/> behoor lij cke streckingh geleyt, sulcx die nagetrocken ende, eenige herwaerts<lb/> gesonden werdende, ons in dat vaerwater seer dienstigh sullen sijn <hi rend="font-size:10; font-family:Liberation Serif; vertical-align:super" xml:lang="nl">3).</hi><lb/></p><note xml:id="INT_64ad56d9-620c-3880-8bdc-c7a0c77baf98.TEI.1.text.1.body.1.div.1.note.2" xml:lang="nl" place="inline" type="editorial-summary" resp="editor" rend="font-style: italic; line-height: 11.4pt; text-indent: 22.0pt; text-align: justify; font-size: 9.5" xmlns="http://www.tei-c.org/ns/1.0">(De eis aan goederen is aan de Heren toegezonden; opgave van winsten en<lb/> verliezen: )<lb/></note><note xml:id="INT_64ad56d9-620c-3880-8bdc-c7a0c77baf98.TEI.1.text.1.body.1.div.1.note.3" xml:lang="nl" rend="font-size: 8; text-align: justify; line-height: 9.6pt; text-indent: 22.0pt" xmlns="http://www.tei-c.org/ns/1.0">1) Maerten Gerritsz. (de) Vries kreeg als schipper in 1639 opdracht met Tasman zeilaanwijzingen<lb/> te geven voor de vaart op de Oostaziatische wateren. In 1640 nam hij deel aan<lb/> het beleg van Malakka, daarna was hij vooral werkzaam in de Formosaanse en Japanse wateren,<lb/> in 1642 op de vloot naar Voor-Indië. In 1643 was hij commandeur van de bekende ontdekkingsreis<lb/> benoorden Japan, in 1644 lid van de Raad van Justitie, in 1645 en 1646 uitgezonden voor<lb/> mislukkende pogingen de Spaanse zil verschepen ten oosten van de Philippijnen te onderscheppen;<lb/> in aug. 1646 leverde hij een ongelukkige slag tegen de Spanjaarden. Bij een derde<lb/> even ongelukkige poging in 1647 kwam hij om het leven.<lb/></note><note xml:id="INT_64ad56d9-620c-3880-8bdc-c7a0c77baf98.TEI.1.text.1.body.1.div.1.note.4" xml:lang="nl" rend="font-size: 8; text-align: justify; line-height: 9.6pt; margin-left: 2100" xmlns="http://www.tei-c.org/ns/1.0">2) Deze kaart is in het Algemeen Riiksarchief onbekend.<lb/></note><note xml:id="INT_64ad56d9-620c-3880-8bdc-c7a0c77baf98.TEI.1.text.1.body.1.div.1.note.5" xml:lang="nl" rend="font-size: 8; text-align: justify; line-height: 9.6pt; margin-left: 2100" xmlns="http://www.tei-c.org/ns/1.0">3) Idem.<lb/></note><pb xml:id="INT_64ad56d9-620c-3880-8bdc-c7a0c77baf98.TEI.1.text.1.body.1.div.1.pb.2" n="187" facs="http://resources.huygens.knaw.nl/retroapp/service_generalemissiven/gm_02/images/gm_2_112_0187.tif"/><fw xml:id="INT_64ad56d9-620c-3880-8bdc-c7a0c77baf98.TEI.1.text.1.body.1.div.1.fw.2" place="top" type="head" facs="#zone.5925845" xmlns="http://www.tei-c.org/ns/1.0">V. Diemen, Caen, V. d. Lijn, Maetsuycker, Schouten, Sweers en Witsen XIX, 23 dec. ’42 1 87</fw><p xml:id="INT_64ad56d9-620c-3880-8bdc-c7a0c77baf98.TEI.1.text.1.body.1.div.1.p.5" xml:lang="nl" rend="font-size: 10; text-align: justify; line-height: 11.1pt" xmlns="http://www.tei-c.org/ns/1.0">In Guseratte ende Hindustan . f. 89 549. 8. 8<lb/></p><p xml:id="INT_64ad56d9-620c-3880-8bdc-c7a0c77baf98.TEI.1.text.1.body.1.div.1.p.6" xml:lang="nl" rend="font-size: 10; text-align: justify; line-height: 11.7pt" xmlns="http://www.tei-c.org/ns/1.0">op de Custe van Coromandel . 101 042. 3. -<lb/></p><p xml:id="INT_64ad56d9-620c-3880-8bdc-c7a0c77baf98.TEI.1.text.1.body.1.div.1.p.7" xml:lang="nl" rend="font-size: 10; text-align: justify; line-height: 11.7pt" xmlns="http://www.tei-c.org/ns/1.0">op ’t comptoir in Maccassar . 6 966. 7. 6<lb/></p><p xml:id="INT_64ad56d9-620c-3880-8bdc-c7a0c77baf98.TEI.1.text.1.body.1.div.1.p.8" xml:lang="nl" rend="font-size: 10; text-align: justify; line-height: 11.7pt" xmlns="http://www.tei-c.org/ns/1.0">in de bocht van Patany . 3 461. 9. 9<lb/></p><p xml:id="INT_64ad56d9-620c-3880-8bdc-c7a0c77baf98.TEI.1.text.1.body.1.div.1.p.9" xml:lang="nl" rend="font-size: 10; text-align: justify; line-height: 11.7pt" xmlns="http://www.tei-c.org/ns/1.0">op ’t comptoir in Atchyn . 6 861. 3. 3<lb/></p><p xml:id="INT_64ad56d9-620c-3880-8bdc-c7a0c77baf98.TEI.1.text.1.body.1.div.1.p.10" xml:lang="nl" rend="font-size: 10; text-align: justify; line-height: 11.7pt" xmlns="http://www.tei-c.org/ns/1.0">in Japan op ’t comptoir Nangasacky . . . 476 762.11. 9<lb/></p><p xml:id="INT_64ad56d9-620c-3880-8bdc-c7a0c77baf98.TEI.1.text.1.body.1.div.1.p.11" xml:lang="nl" rend="font-size: 10; text-align: justify; line-height: 11.7pt" xmlns="http://www.tei-c.org/ns/1.0">in Palimbangh per Liesvelt . 18 175.18.13<lb/></p><p xml:id="INT_64ad56d9-620c-3880-8bdc-c7a0c77baf98.TEI.1.text.1.body.1.div.1.p.12" xml:lang="nl" rend="font-size: 10; text-align: justify; line-height: 11.7pt" xmlns="http://www.tei-c.org/ns/1.0">op ’t comptoir in Arraccan . 1 964.10. 6<lb/></p><p xml:id="INT_64ad56d9-620c-3880-8bdc-c7a0c77baf98.TEI.1.text.1.body.1.div.1.p.13" xml:lang="nl" rend="font-size: 10; text-align: justify; line-height: 11.7pt" xmlns="http://www.tei-c.org/ns/1.0">in Solor ende Tymor . 5 118.17. 3<lb/></p><p xml:id="INT_64ad56d9-620c-3880-8bdc-c7a0c77baf98.TEI.1.text.1.body.1.div.1.p.14" xml:lang="nl" rend="font-size: 10; text-align: justify; line-height: 11.7pt" xmlns="http://www.tei-c.org/ns/1.0">op noten ende foelie . 34 216. 1.1<lb/></p><p xml:id="INT_64ad56d9-620c-3880-8bdc-c7a0c77baf98.TEI.1.text.1.body.1.div.1.p.15" xml:lang="nl" rend="font-size: 10; text-align: justify; line-height: 11.7pt" xmlns="http://www.tei-c.org/ns/1.0">op de Westcust van Sumatra . 60 000. -. -<lb/></p><p xml:id="INT_64ad56d9-620c-3880-8bdc-c7a0c77baf98.TEI.1.text.1.body.1.div.1.p.16" xml:lang="nl" rend="font-size: 10; text-align: justify; line-height: 11.7pt" xmlns="http://www.tei-c.org/ns/1.0">anno passato is in Parsia meer geproffyteert,<lb/></p><p xml:id="INT_64ad56d9-620c-3880-8bdc-c7a0c77baf98.TEI.1.text.1.body.1.div.1.p.17" xml:lang="nl" rend="font-size: 10; text-align: justify; line-height: 11.7pt" xmlns="http://www.tei-c.org/ns/1.0">als den staet bij conjecture hebben vergroot 286 234. 9. 2<lb/></p><p xml:id="INT_64ad56d9-620c-3880-8bdc-c7a0c77baf98.TEI.1.text.1.body.1.div.1.p.18" xml:lang="nl" rend="font-size: 10; text-align: justify; line-height: 11.7pt" xmlns="http://www.tei-c.org/ns/1.0">in Parsia op dese jaers cargasoenen bij gis-<lb/></p><p xml:id="INT_64ad56d9-620c-3880-8bdc-c7a0c77baf98.TEI.1.text.1.body.1.div.1.p.19" xml:lang="nl" rend="font-size: 10; text-align: justify; line-height: 11.7pt" xmlns="http://www.tei-c.org/ns/1.0">singh en op ’t minste . 250 000. -<lb/></p><p xml:id="INT_64ad56d9-620c-3880-8bdc-c7a0c77baf98.TEI.1.text.1.body.1.div.1.p.20" xml:lang="nl" rend="font-size: 10; text-align: justify; line-height: 11.7pt" xmlns="http://www.tei-c.org/ns/1.0">in Cambodja bij gissingh . 45 000. -. -<lb/></p><p xml:id="INT_64ad56d9-620c-3880-8bdc-c7a0c77baf98.TEI.1.text.1.body.1.div.1.p.21" xml:lang="nl" rend="font-size: 10; text-align: justify; line-height: 11.7pt" xmlns="http://www.tei-c.org/ns/1.0">op ’t comptoir Jamby als voren . 65 000. -. -<lb/></p><p xml:id="INT_64ad56d9-620c-3880-8bdc-c7a0c77baf98.TEI.1.text.1.body.1.div.1.p.22" xml:lang="nl" rend="font-size: 10; text-align: justify; line-height: 11.7pt" xmlns="http://www.tei-c.org/ns/1.0">in de thinquartieren als voren . 16 000. -<lb/></p><p xml:id="INT_64ad56d9-620c-3880-8bdc-c7a0c77baf98.TEI.1.text.1.body.1.div.1.p.23" xml:lang="nl" rend="font-size: 10; text-align: right; line-height: 11.7pt" xmlns="http://www.tei-c.org/ns/1.0">op ’t comptoir in Siam . 10 000. -<lb/></p><p xml:id="INT_64ad56d9-620c-3880-8bdc-c7a0c77baf98.TEI.1.text.1.body.1.div.1.p.24" xml:lang="nl" rend="font-size: 10; text-align: justify; line-height: 11.7pt" xmlns="http://www.tei-c.org/ns/1.0">van den vijant becomen ende verovert, namentlijck<lb/> voor Goa uyt een Portug.8 craecke<lb/></p><p xml:id="INT_64ad56d9-620c-3880-8bdc-c7a0c77baf98.TEI.1.text.1.body.1.div.1.p.25" xml:lang="nl" rend="font-size: 10; text-align: justify; line-height: 11.1pt" xmlns="http://www.tei-c.org/ns/1.0">ende een scheepken van Mosambicque . . 143 007. 8. 6<lb/></p><p xml:id="INT_64ad56d9-620c-3880-8bdc-c7a0c77baf98.TEI.1.text.1.body.1.div.1.p.26" xml:lang="nl" rend="font-size: 10; text-align: justify; line-height: 11.7pt" xmlns="http://www.tei-c.org/ns/1.0">in de Spaense fortresse Kelangh . 40 000 -<lb/></p><p xml:id="INT_64ad56d9-620c-3880-8bdc-c7a0c77baf98.TEI.1.text.1.body.1.div.1.p.27" xml:lang="nl" rend="font-size: 10; text-align: justify; line-height: 11.7pt" xmlns="http://www.tei-c.org/ns/1.0">per den Otter ontrent Cabo de Raselgate<lb/></p><p xml:id="INT_64ad56d9-620c-3880-8bdc-c7a0c77baf98.TEI.1.text.1.body.1.div.1.p.28" xml:lang="nl" rend="font-size: 10; text-align: justify; line-height: 11.7pt" xmlns="http://www.tei-c.org/ns/1.0">met een Portugees scheepken verovert . . 9 658. 6. -<lb/></p><p xml:id="INT_64ad56d9-620c-3880-8bdc-c7a0c77baf98.TEI.1.text.1.body.1.div.1.p.29" xml:lang="nl" rend="font-size: 10; text-align: justify; line-height: 11.7pt" xmlns="http://www.tei-c.org/ns/1.0">door die van Negapatnam op rekening ge-<lb/></p><p xml:id="INT_64ad56d9-620c-3880-8bdc-c7a0c77baf98.TEI.1.text.1.body.1.div.1.p.30" xml:lang="nl" rend="font-size: 10; text-align: justify; line-height: 11.7pt" xmlns="http://www.tei-c.org/ns/1.0">contribueert . 20 939.11. 4<lb/></p><p xml:id="INT_64ad56d9-620c-3880-8bdc-c7a0c77baf98.TEI.1.text.1.body.1.div.1.p.31" xml:lang="nl" rend="font-size: 10; text-align: justify; line-height: 11.1pt" xmlns="http://www.tei-c.org/ns/1.0">sulcx de proffijten ende prinsen op den vijant comen<lb/></p><p xml:id="INT_64ad56d9-620c-3880-8bdc-c7a0c77baf98.TEI.1.text.1.body.1.div.1.p.32" xml:lang="nl" rend="font-size: 10; text-align: justify; line-height: 11.7pt" xmlns="http://www.tei-c.org/ns/1.0">te monteren guldens .<lb/></p><p xml:id="INT_64ad56d9-620c-3880-8bdc-c7a0c77baf98.TEI.1.text.1.body.1.div.1.p.33" xml:lang="nl" rend="font-size: 10; text-align: justify; line-height: 11.7pt" xmlns="http://www.tei-c.org/ns/1.0">Moet affgaen, sooveel bevonden wort, op d’onderstaende<lb/> comptoiren ende residentiën meer gegasteert als gewonnen is,<lb/> namentlijck<lb/></p><p xml:id="INT_64ad56d9-620c-3880-8bdc-c7a0c77baf98.TEI.1.text.1.body.1.div.1.p.34" xml:lang="nl" rend="font-size: 10; text-align: justify; line-height: 11.7pt" xmlns="http://www.tei-c.org/ns/1.0">in Amboina .<lb/></p><p xml:id="INT_64ad56d9-620c-3880-8bdc-c7a0c77baf98.TEI.1.text.1.body.1.div.1.p.35" xml:lang="nl" rend="font-size: 10; text-align: justify; line-height: 11.7pt" xmlns="http://www.tei-c.org/ns/1.0">in de Moluccos. . . .<lb/></p><p xml:id="INT_64ad56d9-620c-3880-8bdc-c7a0c77baf98.TEI.1.text.1.body.1.div.1.p.36" xml:lang="nl" rend="font-size: 10; text-align: justify; line-height: 11.7pt" xmlns="http://www.tei-c.org/ns/1.0">in Banda .<lb/></p><p xml:id="INT_64ad56d9-620c-3880-8bdc-c7a0c77baf98.TEI.1.text.1.body.1.div.1.p.37" xml:lang="nl" rend="font-size: 10; text-align: justify; line-height: 11.7pt" xmlns="http://www.tei-c.org/ns/1.0">in Batavia .<lb/></p><p xml:id="INT_64ad56d9-620c-3880-8bdc-c7a0c77baf98.TEI.1.text.1.body.1.div.1.p.38" xml:lang="nl" rend="font-size: 10; text-align: justify; line-height: 11.7pt" xmlns="http://www.tei-c.org/ns/1.0">in Tayouan .<lb/></p><p xml:id="INT_64ad56d9-620c-3880-8bdc-c7a0c77baf98.TEI.1.text.1.body.1.div.1.p.39" xml:lang="nl" rend="font-size: 10; text-align: justify; line-height: 11.7pt" xmlns="http://www.tei-c.org/ns/1.0">op ’t eylant Mauritius<lb/></p><p xml:id="INT_64ad56d9-620c-3880-8bdc-c7a0c77baf98.TEI.1.text.1.body.1.div.1.p.40" xml:lang="nl" rend="font-size: 10; text-align: justify; line-height: 11.7pt" xmlns="http://www.tei-c.org/ns/1.0">in Wingurla .<lb/></p><p xml:id="INT_64ad56d9-620c-3880-8bdc-c7a0c77baf98.TEI.1.text.1.body.1.div.1.p.41" xml:lang="nl" rend="font-size: 10; text-align: justify; line-height: 11.7pt" xmlns="http://www.tei-c.org/ns/1.0">op Ceylon bij gissingh<lb/> in Malacca als voren .<lb/></p><p xml:id="INT_64ad56d9-620c-3880-8bdc-c7a0c77baf98.TEI.1.text.1.body.1.div.1.p.42" xml:lang="nl" rend="font-size: 10; text-align: justify; line-height: 11.7pt" xmlns="http://www.tei-c.org/ns/1.0">f 100 964. 6<lb/></p><p xml:id="INT_64ad56d9-620c-3880-8bdc-c7a0c77baf98.TEI.1.text.1.body.1.div.1.p.43" xml:lang="nl" rend="font-size: 10; line-height: 11.7pt; margin-left: 1200; text-indent: 4.0pt" xmlns="http://www.tei-c.org/ns/1.0">92 311. 4. 8<lb/> 23 230.16. 5<lb/> 148 257.15. 9<lb/> 61 315.18. 5<lb/> 25 430.12. 8<lb/> 8 709. 7. 7<lb/> 60 000. -<lb/> 40 000. -<lb/></p><p xml:id="INT_64ad56d9-620c-3880-8bdc-c7a0c77baf98.TEI.1.text.1.body.1.div.1.p.44" xml:lang="nl" rend="font-size: 10; line-height: 11.7pt; margin-left: 19600" xmlns="http://www.tei-c.org/ns/1.0">f 560 219.15. -<lb/></p><p xml:id="INT_64ad56d9-620c-3880-8bdc-c7a0c77baf98.TEI.1.text.1.body.1.div.1.p.45" xml:lang="nl" rend="font-size: 10; text-align: justify; line-height: 11.7pt; margin-right: 16100" xmlns="http://www.tei-c.org/ns/1.0">schaden ter zee ende door den vijant geleden,<lb/> op generale winst affgeschreven, te weten<lb/> d’ingeladen cargasoenen, met de Maria ende<lb/></p><p xml:id="INT_64ad56d9-620c-3880-8bdc-c7a0c77baf98.TEI.1.text.1.body.1.div.1.p.46" xml:lang="nl" rend="font-size: 10; text-align: right; line-height: 11.1pt" xmlns="http://www.tei-c.org/ns/1.0">1 476 352.19.12<lb/></p><p xml:id="INT_64ad56d9-620c-3880-8bdc-c7a0c77baf98.TEI.1.text.1.body.1.div.1.p.47" xml:lang="nl" rend="font-size: 10; text-align: right; line-height: 11.1pt" xmlns="http://www.tei-c.org/ns/1.0">213 605. 5.10<lb/></p><p xml:id="INT_64ad56d9-620c-3880-8bdc-c7a0c77baf98.TEI.1.text.1.body.1.div.1.p.48" xml:lang="nl" rend="font-size: 10; line-height: 11.1pt" xmlns="http://www.tei-c.org/ns/1.0">1 689 958. 5. 6.<lb/></p><pb xml:id="INT_64ad56d9-620c-3880-8bdc-c7a0c77baf98.TEI.1.text.1.body.1.div.1.pb.3" n="188" facs="http://resources.huygens.knaw.nl/retroapp/service_generalemissiven/gm_02/images/gm_2_112_0188.tif"/><fw xml:id="INT_64ad56d9-620c-3880-8bdc-c7a0c77baf98.TEI.1.text.1.body.1.div.1.fw.3" place="top" type="head" facs="#zone.5927962" xmlns="http://www.tei-c.org/ns/1.0">188 V. Diemen, Caen, V. d. Lijn, Maetsuycker, Schouten, Sweers en Witsen XIX, 23 dec. ’42</fw><p xml:id="INT_64ad56d9-620c-3880-8bdc-c7a0c77baf98.TEI.1.text.1.body.1.div.1.p.49" xml:lang="nl" rend="font-size: 10; line-height: 11.7pt" xmlns="http://www.tei-c.org/ns/1.0">Buys verongeluckt . . . f 455 736.12. 1 )<lb/> per de Mane in Solor . . 16 860. 8. 4 j <hi rend="font-size:10; font-family:Liberation Serif; vertical-align:super" xml:lang="nl">472,597</hi> * “* <hi rend="font-size:10; font-family:Liberation Serif; vertical-align:super" xml:lang="nl">5</hi><lb/></p><p xml:id="INT_64ad56d9-620c-3880-8bdc-c7a0c77baf98.TEI.1.text.1.body.1.div.1.p.50" xml:lang="nl" rend="font-size: 10; line-height: 11.7pt" xmlns="http://www.tei-c.org/ns/1.0">’t cargasoen van Franicker, op de custe van<lb/> India in ’t slaen tegen den vijandt verongeluckt<lb/> . 41 200. 1. 4<lb/></p><p xml:id="INT_64ad56d9-620c-3880-8bdc-c7a0c77baf98.TEI.1.text.1.body.1.div.1.p.51" xml:lang="nl" rend="font-size: 10; line-height: 11.7pt" xmlns="http://www.tei-c.org/ns/1.0">voor 12 maenden intrest, aen diverse in<lb/> Batavia voor gelichte penningen è, •£% ter<lb/> maent betaelt . 19 511. 9. 9<lb/></p><p xml:id="INT_64ad56d9-620c-3880-8bdc-c7a0c77baf98.TEI.1.text.1.body.1.div.1.p.52" xml:lang="nl" rend="font-size: 10; line-height: 11.1pt" xmlns="http://www.tei-c.org/ns/1.0">somma de verliesen ter zee ende de te quaet comende comp-<lb/></p><p xml:id="INT_64ad56d9-620c-3880-8bdc-c7a0c77baf98.TEI.1.text.1.body.1.div.1.p.53" xml:lang="nl" rend="font-size: 10; text-align: justify; line-height: 11.1pt" xmlns="http://www.tei-c.org/ns/1.0">toiren bedragen . f 1 093 528. 6. 2<lb/></p><p xml:id="INT_64ad56d9-620c-3880-8bdc-c7a0c77baf98.TEI.1.text.1.body.1.div.1.p.54" xml:lang="nl" rend="font-size: 10; text-align: justify; line-height: 11.1pt" xmlns="http://www.tei-c.org/ns/1.0">In voegen de suyvere winsten, alle schaden affgetrocken,<lb/></p><p xml:id="INT_64ad56d9-620c-3880-8bdc-c7a0c77baf98.TEI.1.text.1.body.1.div.1.p.55" xml:lang="nl" rend="font-size: 10; text-align: justify; line-height: 11.1pt" xmlns="http://www.tei-c.org/ns/1.0">comen te monteren . guldens 596 429.19. 4.<lb/></p><note xml:id="INT_64ad56d9-620c-3880-8bdc-c7a0c77baf98.TEI.1.text.1.body.1.div.1.note.6" xml:lang="nl" place="inline" type="editorial-summary" resp="editor" rend="font-style: italic; line-height: 10.5pt; text-indent: 22.0pt; text-align: justify; font-size: 9.5" xmlns="http://www.tei-c.org/ns/1.0">(Het kapitaal in Indië beloopt nu <hi rend="font-size:9; font-family:Liberation Serif; font-weight:bold" xml:lang="nl">/.</hi> 7820965.13.4).<lb/></note><p xml:id="INT_64ad56d9-620c-3880-8bdc-c7a0c77baf98.TEI.1.text.1.body.1.div.1.p.56" xml:lang="nl" rend="font-size: 10; text-align: justify; line-height: 11.7pt; text-indent: 22.0pt" xmlns="http://www.tei-c.org/ns/1.0">Gelijck in den onsen van 12 stanty doorgaens aenroeren, heeft de traffijcq<lb/> desen jare geheel sobre voordeelen gecontribueert, daertoe gecomen sijn d’extraordinarij<lb/> disaisters ter zee, welcke ineonveniënten ’t Indisch fons vrij wat verswacken<lb/> ende ten achteren setten; dat buyten twijffel eerlangh wel veranderen<lb/> sal . . . . In welcken gevalle te vertrouwen hebt, soo van U Ed. anno aenstaende<lb/> gesecondeert worden met 15 tonnen aen geit ende coopmanschappen ende wij<lb/> daertegen een retour bestellen van 30 tonnen, dat d’Indise effecten meer staen<lb/> t’accresseren, als daer nu van affgesteecken wort.<lb/></p><p xml:id="INT_64ad56d9-620c-3880-8bdc-c7a0c77baf98.TEI.1.text.1.body.1.div.1.p.57" xml:lang="nl" rend="font-size: 10; text-align: justify; line-height: 11.7pt; text-indent: 22.0pt" xmlns="http://www.tei-c.org/ns/1.0">Japan nae alle apparentie sal ons 11 &amp; 12 tonnen overwinst e geven, Parsia niet<lb/> minder als 300 000 gulden; d’ander proffijtgevende comptoiren sullen de t’achter<lb/> comende residentiën wel drie tonnen overwegen. Soo bestaen nu de Batavise<lb/> ongelden (die dit jaer noch hoogh geloopen sijn) te minderen, dewijle de fortificatie<lb/> ende timmeragie van de pack- ende woonhuysen comen te cesseren. Integendeel<lb/> staen van den vijandt cleen voordeel te behalen ende is apparent, desen jare<lb/> omtrent Spiritu Sancto niet sullen vermogen te cruyssen; in voegen tgene desen<lb/> aengaende door ’t Portugees bestant comen te missen, bij proff itable negotie sullen<lb/> trachten goet te maecken, waertoe ons Japan groote hoope aenbiedt. ’t En ware<lb/> niet vreemt, soo den Chinees dat rijck te frequenteren ontseyt off door ons ten<lb/> principale van daer gediverteert wort, dat jaerlijx vijftigh tonnen bij den Japansen<lb/> handel proff iteerden ende meer, alsoo in dat rijck ruym hondert tonnen in goede<lb/> getrocken coopmanschappen met 60, 70 a 80 percento advance can gebeneficeert<lb/> worden. God geve, dien handel alleen mogen gauderen ende de mijne op Formosa<lb/> goutrijck bevonden wort, als wanneer de participanten eenmael de vruchten van<lb/> de gesupporteerde oncosten, moeyten ende arbeyt mitsgaders rijcke retouren<lb/> sonder geit uyt Nederlant te senden staen t’erlangen.<lb/></p><note xml:id="INT_64ad56d9-620c-3880-8bdc-c7a0c77baf98.TEI.1.text.1.body.1.div.1.note.7" xml:lang="nl" place="inline" type="editorial-summary" resp="editor" rend="font-style: italic; line-height: 10.5pt; text-indent: 22.0pt; text-align: justify; font-size: 9.5" xmlns="http://www.tei-c.org/ns/1.0">(Al en niet uithetaalde pretentiën).<lb/></note><p xml:id="INT_64ad56d9-620c-3880-8bdc-c7a0c77baf98.TEI.1.text.1.body.1.div.1.p.58" resp="int_paragraph_joining" rend="">
              Met dese vloote gaen over verscheyden opper- ende ondercooplieden als<lb xmlns="http://www.tei-c.org/ns/1.0"/> assistenten; veele van deselve sijn getrouwt, daerbij wel affmeten cont, niet stabils<lb xmlns="http://www.tei-c.org/ns/1.0"/> voor uwen staet in India van desulcke te verwachten zij. Meest alle hebben haere<lb xmlns="http://www.tei-c.org/ns/1.0"/><pb xml:id="INT_64ad56d9-620c-3880-8bdc-c7a0c77baf98.TEI.1.text.1.body.1.div.1.p.58.pb.1" n="189" facs="http://resources.huygens.knaw.nl/retroapp/service_generalemissiven/gm_02/images/gm_2_112_0189.tif"/><fw xml:id="INT_64ad56d9-620c-3880-8bdc-c7a0c77baf98.TEI.1.text.1.body.1.div.1.p.58.fw.1" place="top" type="head" facs="#zone.5930418" xmlns="http://www.tei-c.org/ns/1.0">V. Diemen, Caen, V. d. Lijn, Maetsuycker, Schouten, Sweers en Witsen XIX, 23 dec. ’42 189</fw>fortuyne tzedert hun aenwesen redelijck gemaeckt, gelijck bij hare wisselbrieven<lb xmlns="http://www.tei-c.org/ns/1.0"/> verneemt, dat men nu tracht in Nederlandt te verteeren ofte in hoope van in<lb xmlns="http://www.tei-c.org/ns/1.0"/> meerder qualité weder herwaerts te retourneren, als men hier verstaet deselve te<lb xmlns="http://www.tei-c.org/ns/1.0"/> meriteren, twelck, U Ed. voorcomende, gelieft in achtingh te nemen, onses oordeels<lb xmlns="http://www.tei-c.org/ns/1.0"/> ende principalijck de getrouwde dienen g’ excuseert off emmers in geen hooger<lb xmlns="http://www.tei-c.org/ns/1.0"/> qualiteyt ende gagie geadmitteert, als uyt India brengen, opdat leeren blijven,<lb xmlns="http://www.tei-c.org/ns/1.0"/> daer wel sijn ende haer oock geen verbeteringh in gagie ontstaen soude; maer<lb xmlns="http://www.tei-c.org/ns/1.0"/> ’t schijnt, al andere maximen ende doorgaens op hun meerdere ’t ooge hebben<lb xmlns="http://www.tei-c.org/ns/1.0"/> sonder haer selven t’examineren, off al bequaem sijn uyt te voeren, twelck de<lb xmlns="http://www.tei-c.org/ns/1.0"/>qualiteyten conveneert, daernae aspireren .<lb xmlns="http://www.tei-c.org/ns/1.0"/>
            </p><note xml:id="INT_64ad56d9-620c-3880-8bdc-c7a0c77baf98.TEI.1.text.1.body.1.div.1.note.8" xml:lang="nl" place="inline" type="editorial-summary" resp="editor" rend="font-style: italic; line-height: 11.7pt; text-indent: 22.0pt; text-align: justify; font-size: 10" xmlns="http://www.tei-c.org/ns/1.0">(Gegevens over thuisvarend 'personeel; „ jongeluyden behoor en hoeren eersten<lb/> verplichten tijt sonder verbeteringh uijt te dienen Batavia is goed versterkt).<lb/></note><p xml:id="INT_64ad56d9-620c-3880-8bdc-c7a0c77baf98.TEI.1.text.1.body.1.div.1.p.59" xml:lang="nl" rend="font-size: 10; text-align: justify; line-height: 11.7pt" xmlns="http://www.tei-c.org/ns/1.0"><hi rend="font-size:10; font-family:Liberation Serif; letter-spacing:4.0pt" xml:lang="nl">....</hi> ’t Is echter sulcx, ’t water (hoewel niet apparent) ons eenighsints, maer<lb/> principalijck binnen ’t casteel, soude connen worden onbruyckelijck gemaeckt, dat<lb/> licht met putten te booren, gelijck ons gerapporteert is, tot Amsterdam gedaen<lb/> wort, voor te comen ende buyten alle bedeneken te brengen sij. Versoecken derhalven,<lb/> ons met den eersten eenige putboorders met haer gereetschap gelieft toe te<lb/> senden omme die nootwendige saecke in ’t werek te stellen, ’t Sal niet alleen<lb/> strecken tot groote versekerheyt des casteels ende stadt Batavia, maer tot groot<lb/> gerieff van de goede ingesetene, die oock willigh de costen pro rato sullen betalen<lb/> ende, alsoo dese putboorders wel ende voor geringe gagie, soo men ons aendient,<lb/> te crijgen sijn, willen niet twijffelen, off U Ed. sullen ons 4 è, <hi rend="font-size:10; font-family:Liberation Serif; font-style:italic" xml:lang="nl">5</hi> derselver herwaerts<lb/> schicken. Wij seggen vier ofte vijff, alsoo de menschen op de lange reysen veel<lb/> incidenten subject sijn. <hi rend="font-size:10; font-family:Liberation Serif; vertical-align:super" xml:lang="nl">1).</hi><lb/></p><p xml:id="INT_64ad56d9-620c-3880-8bdc-c7a0c77baf98.TEI.1.text.1.body.1.div.1.p.60" xml:lang="nl" rend="font-size: 10; text-align: justify; line-height: 11.7pt; text-indent: 22.0pt" xmlns="http://www.tei-c.org/ns/1.0">Reede hadden onderleyt door loode pijpen boven uyt de riviere verscheyde<lb/> springhaderen in de stadt ende ’t casteel te brengen, dat wel stont te succederen<lb/> ende groot gerieff den burger als de Comp.e soude hebben toegebracht, maer, den<lb/> ingenieur ofte werekmeester gestorven sijnde, blijft dit werek steecken, tot een<lb/> ander sich sal openbaren, ’t Valt voor den burger als de Comp.e moeyelijck ende<lb/> costelijck, vermits expres volck ende vaertuygh moeten houden om alle dagen<lb/> ’t vers water boven uyt de rivier aff te brengen, dat alles met de geprojecteerde<lb/> fonteyne soude voorgecomen sijn ende met putten g’ excuseert can werden, wes<lb/> andermael versoecken van U Ed. in desen geholpen te mogen worden.<lb/></p><note xml:id="INT_64ad56d9-620c-3880-8bdc-c7a0c77baf98.TEI.1.text.1.body.1.div.1.note.9" xml:lang="nl" place="inline" type="editorial-summary" resp="editor" rend="font-style: italic; line-height: 11.7pt; text-indent: 22.0pt; text-align: justify; font-size: 10" xmlns="http://www.tei-c.org/ns/1.0">( Caen vertrekt naar Amboina met 9 schepen <hi rend="font-size:10; font-family:Liberation Serif" xml:lang="nl">,</hi> 1 galjoot en 8 sloepen <hi rend="font-size:10; font-family:Liberation Serif" xml:lang="nl">,</hi> bemand met<lb/> 500 soldaten in zeven vendels, 650 zeevarenden en 180 lijfeigenen; lading van de<lb/> retourvloot; de Breskens komt uit patria; op patrio getrokken wissels).<lb/></note><note xml:id="INT_64ad56d9-620c-3880-8bdc-c7a0c77baf98.TEI.1.text.1.body.1.div.1.note.10" xml:lang="nl" rend="font-size: 7.5; line-height: 9.9pt; text-indent: 22.0pt" xmlns="http://www.tei-c.org/ns/1.0">1) Hiervan is vermoedelijk niet gekomen; men bleef op water uit de rivier aangewezen.<lb/> Vgl. <hi rend="font-size:7.5; font-family:Liberation Serif; font-style:italic" xml:lang="nl">Oud Batavia,</hi> § 1505.<lb/></note>
            
      </div>
                  </body>
                </text>
              </TEI>