<TEI xml:id="INT_d1db9db6-3975-315d-967d-7fcef1352134" xmlns="http://www.tei-c.org/ns/1.0">
                <teiHeader>
      <fileDesc>
        <titleStmt>
          <title>Van Diemen, Van der Lijn, Maetsuycker, Caron en Schouten, 14 sept. 1641</title>
        </titleStmt>
        <publicationStmt>
          <p>
            <date>14 sept. 1641</date>
            <idno type="sourceID">missiven:vol2</idno>
            <idno type="pid">INT_d1db9db6-3975-315d-967d-7fcef1352134</idno>
          </p>
        </publicationStmt>
        <notesStmt>
          <note/>
        </notesStmt>
        <sourceDesc>
          <listBibl xml:id="inlMetadata">
            <bibl type="missive">
        <interpGrp type="page"><interp>137</interp></interpGrp>
        
      <interpGrp type="titleLevel1"><interp>Van Diemen, Van der Lijn, Maetsuycker, Caron en Schouten, 14 sept. 1641</interp></interpGrp>
      <interpGrp type="dateLevel1"><interp>14 sept. 1641</interp></interpGrp>
        <interpGrp type="tocLevel"><interp>1</interp></interpGrp>
      <interpGrp type="volume"><interp>2</interp></interpGrp>
        <interpGrp type="n"><interp>XV</interp></interpGrp>
      
      <interpGrp type="witnessYearLevel1_from"><interp>1641</interp></interpGrp>
      <interpGrp type="witnessYearLevel1_to"><interp>1641</interp></interpGrp>
      <interpGrp type="witnessMonthLevel1_to"><interp>9</interp></interpGrp>
      <interpGrp type="witnessMonthLevel1_from"><interp>9</interp></interpGrp>
      <interpGrp type="witnessDayLevel1_to"><interp>14</interp></interpGrp>
      <interpGrp type="witnessDayLevel1_from"><interp>14</interp></interpGrp>
      <interpGrp type="authorLevel1"><interp>Van Diemen</interp><interp>Van der Lijn</interp><interp>Maetsuycker</interp><interp>Caron</interp><interp>Schouten</interp></interpGrp>
      <interpGrp type="pid"><interp>INT_d1db9db6-3975-315d-967d-7fcef1352134</interp></interpGrp>
    </bibl>
          </listBibl>
        </sourceDesc>
      </fileDesc>
    </teiHeader>
                <text xml:id="INT_d1db9db6-3975-315d-967d-7fcef1352134.TEI.1.text.1">
                  <body xml:id="INT_d1db9db6-3975-315d-967d-7fcef1352134.TEI.1.text.1.body.1">
                    <div xml:id="INT_d1db9db6-3975-315d-967d-7fcef1352134.TEI.1.text.1.body.1.div.1">
        
              <pb xml:id="INT_d1db9db6-3975-315d-967d-7fcef1352134.TEI.1.text.1.body.1.div.1.pb.1" n="137" facs="http://resources.huygens.knaw.nl/retroapp/service_generalemissiven/gm_02/images/gm_2_112_0137.tif"/><fw xml:id="INT_d1db9db6-3975-315d-967d-7fcef1352134.TEI.1.text.1.body.1.div.1.fw.1" place="top" type="head" facs="#zone.5785626" xmlns="http://www.tei-c.org/ns/1.0">Van Diemen, Van der Lijn, Maetsuycker, Caron en Schouten XV, 14 september 1641 137</fw><head xml:id="INT_d1db9db6-3975-315d-967d-7fcef1352134.TEI.1.text.1.body.1.div.1.head.1" xml:lang="nl" rend="font-size: 10; text-align: justify; line-height: 11.7pt" xmlns="http://www.tei-c.org/ns/1.0">XV. ANTONIO VAX DIEMEN, CORNELIS VAN DER LIJN, JOAN<lb/> MAETSUYCKER, FRANQOIS CARON EN JUSTUS SCHOUTEN, BATAVIA<lb/> 14 september 1641.<lb/></head><p xml:id="INT_d1db9db6-3975-315d-967d-7fcef1352134.TEI.1.text.1.body.1.div.1.p.1" xml:lang="nl" rend="font-size: 8.5; text-align: justify; line-height: 11.7pt" xmlns="http://www.tei-c.org/ns/1.0">Copie 1046, fol. 241-243 (potlood) en fol. 273-276 (potlood).<lb/></p><note xml:id="INT_d1db9db6-3975-315d-967d-7fcef1352134.TEI.1.text.1.body.1.div.1.note.1" xml:lang="nl" place="inline" type="editorial-summary" resp="editor" rend="font-style: italic; line-height: 11.7pt; text-indent: 22.0pt; text-align: justify; font-size: 9.5" xmlns="http://www.tei-c.org/ns/1.0">( Ongevallen , aan de schepen Haerlem , Maestrickt en Berckhout overkomen ,<lb/> vgl. <hi rend="font-size:10; font-family:Liberation Serif" xml:lang="nl">Daghregisters</hi> 19 aug. 1641 , p. 392-393; Engelse schepen te Bantam aangekomen ,<lb/><hi rend="font-size:10; font-family:Liberation Serif" xml:lang="nl">Daghregisters</hi> 13 sept. 1641 <hi rend="font-size:10; font-family:Liberation Serif" xml:lang="nl">,</hi> p. 432; Ceylonse gezanten te Batavia, <hi rend="font-size:10; font-family:Liberation Serif" xml:lang="nl">Daghregisters</hi><lb/>2 sept. 1641, p. 406-418; moord op Coster gepleegd, <hi rend="font-size:10; font-family:Liberation Serif" xml:lang="nl">Ceilon</hi> p. 64, Bijlage XI, <hi rend="font-size:10; font-family:Liberation Serif" xml:lang="nl">Dagh¬</hi><lb/><hi rend="font-size:10; font-family:Liberation Serif" xml:lang="nl">registers</hi> 27 nov. 1640, p. 92-100; te Masulipatam zijn 2 ton aan opgenomen gelden<lb/> afbetaald).<lb/></note>
            
      </div>
                  </body>
                </text>
              </TEI>