<TEI xml:id="INT_04e1ea0b-8eba-3811-b889-164e24b0538a" xmlns="http://www.tei-c.org/ns/1.0">
                <teiHeader>
      <fileDesc>
        <titleStmt>
          <title>Van Diemen, Caen en Van der Lijn, 31 jan. 1640</title>
        </titleStmt>
        <publicationStmt>
          <p>
            <date>31 jan. 1640</date>
            <idno type="sourceID">missiven:vol2</idno>
            <idno type="pid">INT_04e1ea0b-8eba-3811-b889-164e24b0538a</idno>
          </p>
        </publicationStmt>
        <notesStmt>
          <note/>
        </notesStmt>
        <sourceDesc>
          <listBibl xml:id="inlMetadata">
            <bibl type="missive">
        <interpGrp type="page"><interp>99</interp></interpGrp>
        
      <interpGrp type="titleLevel1"><interp>Van Diemen, Caen en Van der Lijn, 31 jan. 1640</interp></interpGrp>
      <interpGrp type="dateLevel1"><interp>31 jan. 1640</interp></interpGrp>
        <interpGrp type="tocLevel"><interp>1</interp></interpGrp>
      <interpGrp type="volume"><interp>2</interp></interpGrp>
        <interpGrp type="n"><interp>X</interp></interpGrp>
      
      <interpGrp type="witnessYearLevel1_from"><interp>1640</interp></interpGrp>
      <interpGrp type="witnessYearLevel1_to"><interp>1640</interp></interpGrp>
      <interpGrp type="witnessMonthLevel1_to"><interp>1</interp></interpGrp>
      <interpGrp type="witnessMonthLevel1_from"><interp>1</interp></interpGrp>
      <interpGrp type="witnessDayLevel1_to"><interp>31</interp></interpGrp>
      <interpGrp type="witnessDayLevel1_from"><interp>31</interp></interpGrp>
      <interpGrp type="authorLevel1"><interp>Van Diemen</interp><interp>Caen</interp><interp>Van der Lijn</interp></interpGrp>
      <interpGrp type="pid"><interp>INT_04e1ea0b-8eba-3811-b889-164e24b0538a</interp></interpGrp>
    </bibl>
          </listBibl>
        </sourceDesc>
      </fileDesc>
    </teiHeader>
                <text xml:id="INT_04e1ea0b-8eba-3811-b889-164e24b0538a.TEI.1.text.1">
                  <body xml:id="INT_04e1ea0b-8eba-3811-b889-164e24b0538a.TEI.1.text.1.body.1">
                    <div xml:id="INT_04e1ea0b-8eba-3811-b889-164e24b0538a.TEI.1.text.1.body.1.div.1">
        
              <pb xml:id="INT_04e1ea0b-8eba-3811-b889-164e24b0538a.TEI.1.text.1.body.1.div.1.pb.1" n="99" facs="http://resources.huygens.knaw.nl/retroapp/service_generalemissiven/gm_02/images/gm_2_112_0099.tif"/><fw xml:id="INT_04e1ea0b-8eba-3811-b889-164e24b0538a.TEI.1.text.1.body.1.div.1.fw.1" place="top" type="head" facs="#zone.4407591" xmlns="http://www.tei-c.org/ns/1.0">Van Diemen, Caen en Van der Lijn X, 31 januari 1640</fw><fw xml:id="INT_04e1ea0b-8eba-3811-b889-164e24b0538a.TEI.1.text.1.body.1.div.1.fw.2" place="top" type="page-number" facs="#zone.4407605" xmlns="http://www.tei-c.org/ns/1.0">99</fw><head xml:id="INT_04e1ea0b-8eba-3811-b889-164e24b0538a.TEI.1.text.1.body.1.div.1.head.1" xml:lang="nl" rend="font-size: 10; text-align: justify; line-height: 12.0pt" xmlns="http://www.tei-c.org/ns/1.0">X. ANTONIO VAX DIEMEN, ANTHONIO CAEN EN CORNELIS VAN<lb/> DER LIJN, BATAVIA 31 januari 1640.<lb/></head><p xml:id="INT_04e1ea0b-8eba-3811-b889-164e24b0538a.TEI.1.text.1.body.1.div.1.p.1" xml:lang="nl" rend="font-size: 8; text-align: justify; line-height: 12.0pt" xmlns="http://www.tei-c.org/ns/1.0">1041, (potlood) fol. 564-571.<lb/></p><note xml:id="INT_04e1ea0b-8eba-3811-b889-164e24b0538a.TEI.1.text.1.body.1.div.1.note.1" xml:lang="nl" place="inline" type="editorial-summary" resp="editor" rend="font-style: italic; line-height: 12.0pt; text-indent: 21.0pt; text-align: justify; font-size: 10" xmlns="http://www.tei-c.org/ns/1.0">(Vertrek der retourschepen; berichten omtrent Malakka, vgl. <hi rend="font-size:10; font-family:Liberation Serif" xml:lang="nl">Zeemogendheid</hi> II<lb/> p. 211; schepen uit Arakan gekomen).<lb/></note><p xml:id="INT_04e1ea0b-8eba-3811-b889-164e24b0538a.TEI.1.text.1.body.1.div.1.p.2" resp="int_paragraph_joining" rend="">
              Slaven ende rijs waren in Araccan wel te genaecken tot civilen prijs, doch de<lb xmlns="http://www.tei-c.org/ns/1.0"/> provisie van ’t contant was schaers ende wilde den Coningh tot geit leenen niet<lb xmlns="http://www.tei-c.org/ns/1.0"/> verstaen. Satigan *) wierd van de Mogollen gedreyght, des hadde den Araccander<lb xmlns="http://www.tei-c.org/ns/1.0"/> sijn armaden te water ende te lande derwaerts geschickt, sulx voor die tijt in<lb xmlns="http://www.tei-c.org/ns/1.0"/>Satigan niet te negotiëren viel .<lb xmlns="http://www.tei-c.org/ns/1.0"/>
            </p><note xml:id="INT_04e1ea0b-8eba-3811-b889-164e24b0538a.TEI.1.text.1.body.1.div.1.note.2" xml:lang="nl" place="inline" type="editorial-summary" resp="editor" rend="font-style: italic; line-height: 11.1pt; text-indent: 21.0pt; text-align: justify; font-size: 10" xmlns="http://www.tei-c.org/ns/1.0">(De Nassau komt uit patria; schepen naar diverse kwartieren vertrokken) .<lb/></note><p xml:id="INT_04e1ea0b-8eba-3811-b889-164e24b0538a.TEI.1.text.1.body.1.div.1.p.3" resp="int_paragraph_joining" rend="">
              Tot een preuve ende dat ons uyt China meer is toegebraght, als den presenten<lb xmlns="http://www.tei-c.org/ns/1.0"/> vertier lijdt, senden per Nassauw ses kaskens met 298 catty atal1 <hi rend="font-size:10; font-family:Liberation Serif; vertical-align:super" xml:lang="nl" xmlns="http://www.tei-c.org/ns/1.0">2)</hi> ofte fijnen gelen<lb xmlns="http://www.tei-c.org/ns/1.0"/> oecker, costende 23 realen ’t picol China. Bijaldien de behoorlijcke advance daervan<lb xmlns="http://www.tei-c.org/ns/1.0"/> getrocken wert, sullen op U Ed. bevindingh ende antwoorde meerder parthije<lb xmlns="http://www.tei-c.org/ns/1.0"/> connen beschicken, des neen ende geen voordeel renderende, can terugge worden<lb xmlns="http://www.tei-c.org/ns/1.0"/>gesonden .<lb xmlns="http://www.tei-c.org/ns/1.0"/>
            </p><note xml:id="INT_04e1ea0b-8eba-3811-b889-164e24b0538a.TEI.1.text.1.body.1.div.1.note.3" xml:lang="nl" place="inline" type="editorial-summary" resp="editor" rend="font-style: italic; line-height: 11.1pt; text-indent: 21.0pt; text-align: justify; font-size: 10" xmlns="http://www.tei-c.org/ns/1.0">(Waarde der Indische effecten fl. 9514329.1. IS).<lb/></note><p xml:id="INT_04e1ea0b-8eba-3811-b889-164e24b0538a.TEI.1.text.1.body.1.div.1.p.4" resp="int_paragraph_joining" rend="">
              Ende alsoo nu dese schepen drie dagen tevergeeffs nae d’advijsen van Japan<lb xmlns="http://www.tei-c.org/ns/1.0"/> maer voornementlijck uyt Tayouan sijn opgehouden ende tot heden wel t’onser<lb xmlns="http://www.tei-c.org/ns/1.0"/> verwonderingh van daer niet vernemen, hebben geresolveert deselve in Godes<lb xmlns="http://www.tei-c.org/ns/1.0"/> name haer depêche te geven, alsoo ongeraden sij ’t vertreck langer te protaheren<lb xmlns="http://www.tei-c.org/ns/1.0"/> omme in bequaem saisoen achterom onse landen aen te soecken, onaengesien de<lb xmlns="http://www.tei-c.org/ns/1.0"/> nader tijdingh van Tayouan niet langer sal noch can tarderen. Ondertusschen<lb xmlns="http://www.tei-c.org/ns/1.0"/> geeft ons de saecke veel bedenekens, hoewel veele met ons niet aennemen, selfs de<lb xmlns="http://www.tei-c.org/ns/1.0"/> Chinesen alhier, den handel van China op Tayouan door ordre des Coninghs soude<lb xmlns="http://www.tei-c.org/ns/1.0"/> verboden sijn, veel min dat de Macaose Portugesen door schenckagie t’onsen<lb xmlns="http://www.tei-c.org/ns/1.0"/> nadeel daerinne yets vermogen te wereken, sijnde ’t meeste gevoelen monnopolie<lb xmlns="http://www.tei-c.org/ns/1.0"/> der coopluyden selver te wesen omme meester van den handel te blijven, ’twelck<lb xmlns="http://www.tei-c.org/ns/1.0"/> hun in dese gelegentheyt, dat Manilha destituyt van silver is ende Macao geen<lb xmlns="http://www.tei-c.org/ns/1.0"/> empleo voor Japan onderneempt, swaerlijck uyt te houden sal sijn. Want China<lb xmlns="http://www.tei-c.org/ns/1.0"/> emmers ons silver soo noodigh is, als wij hare coopmansz. Anders sijn van opinie,<lb xmlns="http://www.tei-c.org/ns/1.0"/> den coopman door de quade genegentheyt off wel begeerlijeken airt van den<lb xmlns="http://www.tei-c.org/ns/1.0"/> mandorijn Equan geretardeert wort. Soo wert van degeene, welcke wat verder<lb xmlns="http://www.tei-c.org/ns/1.0"/> meenen te sien, gesustineert, men ons gaerne soude affdwingen al sulcken contributie,<lb xmlns="http://www.tei-c.org/ns/1.0"/> als die van Macao jaerlijekx hebben gefourneert tot sustent van d’oorloge<lb xmlns="http://www.tei-c.org/ns/1.0"/> tegen den Tartar. De seeckerheyt van d’een ende d’ander moet sich eerlangh<lb xmlns="http://www.tei-c.org/ns/1.0"/> openbaren. Ende souden geruster in dese tardance wesen, ingevalle de gouverneur<lb xmlns="http://www.tei-c.org/ns/1.0"/> Van der Burch ons niet aengesz. hadde geresolveert te sijn de rouwe sijde voor<lb xmlns="http://www.tei-c.org/ns/1.0"/><note xml:id="INT_04e1ea0b-8eba-3811-b889-164e24b0538a.TEI.1.text.1.body.1.div.1.p.4.note.1" xml:lang="nl" rend="font-size: 8; text-align: justify; line-height: 8.9pt; margin-left: 2300" xmlns="http://www.tei-c.org/ns/1.0">1) Satigan = Chittagong, vgl. dl. I, p. 185.<lb/></note><note xml:id="INT_04e1ea0b-8eba-3811-b889-164e24b0538a.TEI.1.text.1.body.1.div.1.p.4.note.2" xml:lang="nl" rend="font-size: 8; text-align: justify; line-height: 8.9pt; margin-left: 2200" xmlns="http://www.tei-c.org/ns/1.0">2) Atal, Javaans woord voor gele kleiaarde, die als verfstof werd gebruikt.<lb/></note><pb xml:id="INT_04e1ea0b-8eba-3811-b889-164e24b0538a.TEI.1.text.1.body.1.div.1.p.4.pb.1" n="100" facs="http://resources.huygens.knaw.nl/retroapp/service_generalemissiven/gm_02/images/gm_2_112_0100.tif"/><fw xml:id="INT_04e1ea0b-8eba-3811-b889-164e24b0538a.TEI.1.text.1.body.1.div.1.p.4.fw.1" place="top" type="page-number" facs="#zone.5692374" xmlns="http://www.tei-c.org/ns/1.0">100</fw><fw xml:id="INT_04e1ea0b-8eba-3811-b889-164e24b0538a.TEI.1.text.1.body.1.div.1.p.4.fw.2" place="top" type="head" facs="#zone.5692378" xmlns="http://www.tei-c.org/ns/1.0">Van Diemen, Caen en Van der Lijn X, 31 januari 1640</fw>’t patria herwaerts te schicken, soo tijtelijck in Tayouan paresseerde, onaengesien<lb xmlns="http://www.tei-c.org/ns/1.0"/> wat spade viel ende reeekeningh maeckte, de retourschepen moghten vertrocken<lb xmlns="http://www.tei-c.org/ns/1.0"/> wesen, alsoo daerbij geen verleth als ’t risico sij, dewijle van hier na Japan bij ’t niet<lb xmlns="http://www.tei-c.org/ns/1.0"/> aentreffen der geseyde retourschepen can geschickt worden; sulckx dat in dese<lb xmlns="http://www.tei-c.org/ns/1.0"/> saecke al wat verseth staen ende blijven voornemens U Ed. ’t succes per een fluyte,<lb xmlns="http://www.tei-c.org/ns/1.0"/> met peper geladen, aen te cundigen ende die in Ierlant te doen havenen omme<lb xmlns="http://www.tei-c.org/ns/1.0"/> U Ed. d’advijsen over landt spoedigh toe te brengen ende voorts ordre op de fluyts<lb xmlns="http://www.tei-c.org/ns/1.0"/> vertreck te stellen, daerop verdacht gelieft te wesen; geen advijs vernemende,<lb xmlns="http://www.tei-c.org/ns/1.0"/> mooght staet maecken, alles wel is.<lb xmlns="http://www.tei-c.org/ns/1.0"/>
            </p><note xml:id="INT_04e1ea0b-8eba-3811-b889-164e24b0538a.TEI.1.text.1.body.1.div.1.note.4" xml:lang="nl" place="inline" type="editorial-summary" resp="editor" rend="font-size: 9; font-style: italic; line-height: 10.0pt; margin-left: 2200" xmlns="http://www.tei-c.org/ns/1.0">(Het cargasoen der 10 thuisvarende schepen is fl. 2823114.5.1 waard).<lb/></note>
            
      </div>
                  </body>
                </text>
              </TEI>