<TEI xml:id="INT_c3926494-5d5a-3b75-9864-f837502c20aa" xmlns="http://www.tei-c.org/ns/1.0">
                <teiHeader>
      <fileDesc>
        <titleStmt>
          <title>Van Diemen, Van der Lijn, Sweers en Van Alphen, 20 jan. 1645</title>
        </titleStmt>
        <publicationStmt>
          <p>
            <date>20 jan. 1645</date>
            <idno type="sourceID">missiven:vol2</idno>
            <idno type="pid">INT_c3926494-5d5a-3b75-9864-f837502c20aa</idno>
          </p>
        </publicationStmt>
        <notesStmt>
          <note/>
        </notesStmt>
        <sourceDesc>
          <listBibl xml:id="inlMetadata">
            <bibl type="missive">
        <interpGrp type="page"><interp>256</interp></interpGrp>
        
      <interpGrp type="titleLevel1"><interp>Van Diemen, Van der Lijn, Sweers en Van Alphen, 20 jan. 1645</interp></interpGrp>
      <interpGrp type="dateLevel1"><interp>20 jan. 1645</interp></interpGrp>
        <interpGrp type="tocLevel"><interp>1</interp></interpGrp>
      <interpGrp type="volume"><interp>2</interp></interpGrp>
        <interpGrp type="n"><interp>XXIX</interp></interpGrp>
      
      <interpGrp type="witnessYearLevel1_from"><interp>1645</interp></interpGrp>
      <interpGrp type="witnessYearLevel1_to"><interp>1645</interp></interpGrp>
      <interpGrp type="witnessMonthLevel1_to"><interp>1</interp></interpGrp>
      <interpGrp type="witnessMonthLevel1_from"><interp>1</interp></interpGrp>
      <interpGrp type="witnessDayLevel1_to"><interp>20</interp></interpGrp>
      <interpGrp type="witnessDayLevel1_from"><interp>20</interp></interpGrp>
      <interpGrp type="authorLevel1"><interp>Van Diemen</interp><interp>Van der Lijn</interp><interp>Sweers</interp><interp>Van Alphen</interp></interpGrp>
      <interpGrp type="pid"><interp>INT_c3926494-5d5a-3b75-9864-f837502c20aa</interp></interpGrp>
    </bibl>
          </listBibl>
        </sourceDesc>
      </fileDesc>
    </teiHeader>
                <text xml:id="INT_c3926494-5d5a-3b75-9864-f837502c20aa.TEI.1.text.1">
                  <body xml:id="INT_c3926494-5d5a-3b75-9864-f837502c20aa.TEI.1.text.1.body.1">
                    <div xml:id="INT_c3926494-5d5a-3b75-9864-f837502c20aa.TEI.1.text.1.body.1.div.1">
        
              <pb xml:id="INT_c3926494-5d5a-3b75-9864-f837502c20aa.TEI.1.text.1.body.1.div.1.pb.1" n="256" facs="http://resources.huygens.knaw.nl/retroapp/service_generalemissiven/gm_02/images/gm_2_112_0256.tif"/><fw xml:id="INT_c3926494-5d5a-3b75-9864-f837502c20aa.TEI.1.text.1.body.1.div.1.fw.1" place="top" type="page-number" facs="#zone.6113231" xmlns="http://www.tei-c.org/ns/1.0">256</fw><fw xml:id="INT_c3926494-5d5a-3b75-9864-f837502c20aa.TEI.1.text.1.body.1.div.1.fw.2" place="top" type="head" facs="#zone.6113237" xmlns="http://www.tei-c.org/ns/1.0">Van Diemen, Van der Lijn, Sweers en Van Alphen XXIX, 20 januari 1645</fw><head xml:id="INT_c3926494-5d5a-3b75-9864-f837502c20aa.TEI.1.text.1.body.1.div.1.head.1" xml:lang="nl" rend="font-size: 10; text-align: justify; line-height: 11.7pt" xmlns="http://www.tei-c.org/ns/1.0">XXIX. ANTONIO VAN DIEMEN, CORNELIS VAN DER LIJN, SALOMON<lb/> SWEERS EN SIMON VAN ALPHEN, BATAVIA 20 januari 1645.<lb/></head><p xml:id="INT_c3926494-5d5a-3b75-9864-f837502c20aa.TEI.1.text.1.body.1.div.1.p.1" xml:lang="nl" rend="font-size: 8; text-align: right; line-height: 8.9pt" xmlns="http://www.tei-c.org/ns/1.0">1055, fol. 1-28.<lb/></p><note xml:id="INT_c3926494-5d5a-3b75-9864-f837502c20aa.TEI.1.text.1.body.1.div.1.note.1" xml:lang="nl" place="inline" type="editorial-summary" resp="editor" rend="font-style: italic; line-height: 11.7pt; text-indent: 23.0pt; text-align: justify; font-size: 10" xmlns="http://www.tei-c.org/ns/1.0">( Met de reeds vertrokken 5 retourschepen gaan over 627 gegageerden <hi rend="font-size:10; font-family:Liberation Serif" xml:lang="nl">,</hi> 8 vrouwen ,<lb/> 5 kinderen, 15 Portugezen, een slavin en 2 vrijburgers, voorzien voor de gebruikelijke<lb/> tien maanden; berichten uit Thaiwan en Japan, vgl. <hi rend="font-size:10; font-family:Liberation Serif" xml:lang="nl">Daghregisters</hi> 1644-45, p.<lb/> 149-155, 215-217).<lb/></note><p xml:id="INT_c3926494-5d5a-3b75-9864-f837502c20aa.TEI.1.text.1.body.1.div.1.p.2" xml:lang="nl" rend="font-size: 10; text-align: justify; line-height: 11.7pt; text-indent: 23.0pt" xmlns="http://www.tei-c.org/ns/1.0">Den 22en december is hier mede van Maccauw over Malacca aengelandt de<lb/> choe ofte joncke van Christoffel Suarez Coilhe, daermede comt Antonio Varelle *)<lb/> en meer andere Portugese cooplieden, principalijcken omme betalingk van hare<lb/> goederen, in retorce van de Parsise sijde aengehaelt. Brengen sober cargasoen,<lb/> bestaende uyt partij e sijdestuckwercken, geconfijte gember in potten ende radix<lb/> China. Over den coop van de gember en de radix sijn noch niet g’accordeert.<lb/> Sijdestoffen, die dienstich oordeelen, daeronder eenige witte sattijnen ende<lb/> damasten, sijn van hun gecocht, in alles monterende realen 13 149 J, ’t overige,<lb/> ons niet dienstich, hebben toegestaen in de stadt t’haren believen te venten. Vallen<lb/> slecht ende dier, dagen, de sijde in China schaers was ende dat d’Engelse soo van<lb/> de Oude als Nieuwe Comp.e den gember, radix, spiauter en ettelijcke sijdestuckwercken<lb/> gantsch dier aengeslagen hadden ende integendeel verscheyde coopmansz.<lb/> als peper, rassemale <hi rend="font-size:10; font-family:Liberation Serif; vertical-align:super" xml:lang="nl">1 2),</hi> poetsjock, barnsteen etc. schantcoop uyt de hant geworpen ;<lb/> in somma doleren seer over de cladderie der Engelsen ende seggen wel duytlijck,<lb/> hun na desen niet admitteren sullen ende dat aen den Vice-Rey versocht hebben<lb/> daertoe oock geen licentie te willen geven. De Chinesen van Canton hebben de<lb/> verschijningh der Engelse omtrent Maccauw soo qualijck genomen, dat g’interdiceert<lb/> hadden die stadt toevoer van provisie te doen, twelck groote dierte hadde<lb/> gecauseert.<lb/></p><note xml:id="INT_c3926494-5d5a-3b75-9864-f837502c20aa.TEI.1.text.1.body.1.div.1.note.2" xml:lang="nl" place="inline" type="editorial-summary" resp="editor" rend="font-style: italic; line-height: 12.0pt; text-indent: 23.0pt; text-align: justify; font-size: 10" xmlns="http://www.tei-c.org/ns/1.0">(Het schip William van de Compagnie van Courten vaart van Macao naar de<lb/> kust van India; berichten over de Nederlanders, in Quinam gevangen, vgl. <hi rend="font-size:10; font-family:Liberation Serif" xml:lang="nl">Quinam</hi><lb/>p. 105).<lb/></note><p xml:id="INT_c3926494-5d5a-3b75-9864-f837502c20aa.TEI.1.text.1.body.1.div.1.p.3" xml:lang="nl" rend="font-size: 10; text-align: justify; line-height: 11.7pt; text-indent: 23.0pt" xmlns="http://www.tei-c.org/ns/1.0">Manuel Gorge Perera, die onder een recognitie van vier schuyten gout in<lb/> plaets van thol in Malacca te betalen toegestaen hadden van Maccauw met sijn<lb/> jacht jen nae Goa te navigeren, is aldaer3) verschenen ende de recognitie voldaen.<lb/> Bleeff wachten op ’t schip den Vrede omme onder desselffs beschermingh te zeylen,<lb/> sijnde voor de Malabaerse rovers bevreest. Met d.° waren eenige gecommitteerde<lb/> van Maccauw aen den Vice-Rey gecomen, die passagie ende passepoort op ons<lb/> schip over te gaen anno passato toegestaen hadden, welcke accommodatie nu<lb/> comt te cesseren, midts den trefves met die vrunden de novo getroffen is. . . .<lb/><hi rend="font-size:8; font-family:Liberation Serif" xml:lang="nl">Fol. 5v-6r.</hi><lb/></p><note xml:id="INT_c3926494-5d5a-3b75-9864-f837502c20aa.TEI.1.text.1.body.1.div.1.note.3" xml:lang="nl" place="inline" type="editorial-summary" resp="editor" rend="font-size: 10; font-style: italic; text-align: right; line-height: 12.0pt" xmlns="http://www.tei-c.org/ns/1.0">( Berichten over Coromandel, vgl. <hi rend="font-size:10; font-family:Liberation Serif" xml:lang="nl">Daghregisters</hi> 1644r-45, p. 319-322; een ander<lb/> Engels schip William komt uit Engeland te Bantam; in Coromandel is van 31 juli<lb/></note><note xml:id="INT_c3926494-5d5a-3b75-9864-f837502c20aa.TEI.1.text.1.body.1.div.1.note.4" xml:lang="nl" rend="font-size: 8; line-height: 10.2pt; text-indent: 21.0pt" xmlns="http://www.tei-c.org/ns/1.0">1) Antonio Varelle, mij niet verder bekend Portugees scheepskapitein en handelaar te<lb/> Macao.<lb/></note><note xml:id="INT_c3926494-5d5a-3b75-9864-f837502c20aa.TEI.1.text.1.body.1.div.1.note.5" xml:lang="nl" rend="font-size: 8; text-align: justify; line-height: 8.9pt; margin-left: 2100" xmlns="http://www.tei-c.org/ns/1.0">2) Bedoeld is de zgn. getah rasamala, welriekende balsem van liquidambar orientalis.<lb/></note><note xml:id="INT_c3926494-5d5a-3b75-9864-f837502c20aa.TEI.1.text.1.body.1.div.1.note.6" xml:lang="nl" rend="font-size: 8; text-align: justify; line-height: 8.9pt; margin-left: 2100" xmlns="http://www.tei-c.org/ns/1.0">3) Te Malakka.<lb/></note><pb xml:id="INT_c3926494-5d5a-3b75-9864-f837502c20aa.TEI.1.text.1.body.1.div.1.pb.2" n="257" facs="http://resources.huygens.knaw.nl/retroapp/service_generalemissiven/gm_02/images/gm_2_112_0257.tif"/><fw xml:id="INT_c3926494-5d5a-3b75-9864-f837502c20aa.TEI.1.text.1.body.1.div.1.fw.3" place="top" type="head" facs="#zone.6115747" xmlns="http://www.tei-c.org/ns/1.0">Van Diemen, Van der Lijn, Sweers en Van Alphen XXIX, 20 januari 1645</fw><fw xml:id="INT_c3926494-5d5a-3b75-9864-f837502c20aa.TEI.1.text.1.body.1.div.1.fw.4" place="top" type="page-number" facs="#zone.6115763" xmlns="http://www.tei-c.org/ns/1.0">257</fw><note xml:id="INT_c3926494-5d5a-3b75-9864-f837502c20aa.TEI.1.text.1.body.1.div.1.note.7" xml:lang="nl" place="inline" type="editorial-summary" resp="editor" rend="font-size: 10; font-style: italic; text-align: justify; line-height: 11.7pt" xmlns="http://www.tei-c.org/ns/1.0">1643 tot 1 augustus 1644 f. 120079.4.7 gewonnen; berichten over Bengalen , vgl.<lb/><hi rend="font-size:10; font-family:Liberation Serif" xml:lang="nl">Daghregisters</hi> 1644-45, p. 322-325; van Sumatra’s Westkust is in het voorafgaande<lb/> seizoen 587 <hi rend="font-size:10; font-family:Liberation Serif" xml:lang="nl">'§</hi> last peper ontvangen; daar is f 93599.3.8 winst gemaakt).<lb/></note><p xml:id="INT_c3926494-5d5a-3b75-9864-f837502c20aa.TEI.1.text.1.body.1.div.1.p.4" resp="int_paragraph_joining" rend="">
              Den oppercoopman Jan Dircxsz. Puyt <hi rend="font-size:10; font-family:Liberation Serif; vertical-align:super" xml:lang="nl" xmlns="http://www.tei-c.org/ns/1.0">1)</hi> adviseert ons bij den sijnen van 29<lb xmlns="http://www.tei-c.org/ns/1.0"/> december passato, dat in Jamby alles wel ende vredich stont, met den Pangeran<lb xmlns="http://www.tei-c.org/ns/1.0"/> en de grooten, mitsgaders Rato Maes goede correspondentie ende vruntschap<lb xmlns="http://www.tei-c.org/ns/1.0"/> houdende, dat oock de Comp.e bij Rato Maes, Conings moeder, weder credit ende<lb xmlns="http://www.tei-c.org/ns/1.0"/> 2000 realen te leen hadde. Den peper was in Jamby’s geberchte wel gewassen, sulx<lb xmlns="http://www.tei-c.org/ns/1.0"/> dagelijcx quantité gewogen wird ende ’t oude jacht d’Anna in corte mede volladen<lb xmlns="http://www.tei-c.org/ns/1.0"/> stont te volgen; item drie Patanese vaertuygen, die gelicentieert hadde peper te<lb xmlns="http://www.tei-c.org/ns/1.0"/> coopen; insgelijx de joncke van Intche Besar2), alle met die specerije. d’Engelse<lb xmlns="http://www.tei-c.org/ns/1.0"/> hadden ruym 3000 picols ofte 150 lasten in hun logie, die gereet hielden omme in de<lb xmlns="http://www.tei-c.org/ns/1.0"/> Blessingh te schepen, welcke op ’t vertreck van dese fluyt voor de bhaer ten ancker<lb xmlns="http://www.tei-c.org/ns/1.0"/> quam, sijnde van de maent october doende geweest, bevoren de reyse hadde connen<lb xmlns="http://www.tei-c.org/ns/1.0"/> gewinnen. Die vrunden saten in Jamby van realen ontbloot, veel aen den Pangoran<lb xmlns="http://www.tei-c.org/ns/1.0"/> ende Rato Maes over thol schuldich, sulx om realen te becomen met hun restanten<lb xmlns="http://www.tei-c.org/ns/1.0"/> dapper cladden, alle coopmansz. tot vilen prijs uyt de hant smijtende. Evenwel,<lb xmlns="http://www.tei-c.org/ns/1.0"/> soo met de Blessingh geen contant ontfangen, sullen beswaerlijck hunnen peper van<lb xmlns="http://www.tei-c.org/ns/1.0"/> lant crijgen, sijnde ’t credit sober ende . . . veel schuldich. Met de Zeeblom hadden<lb xmlns="http://www.tei-c.org/ns/1.0"/> nae Cormandel gesonden 10 catty gout, in Jamby bij particuliere geprocureert.<lb xmlns="http://www.tei-c.org/ns/1.0"/> Desen jare tot heden heeft Jamby voor onse reecke. gelevert 9250 picols 54 catty’s<lb xmlns="http://www.tei-c.org/ns/1.0"/> ofte 462£ lasten sware peper, die al dooreen met d’oncosten comt te staen<lb xmlns="http://www.tei-c.org/ns/1.0"/> realen den picol ofte 120 ffi, daer dan continu elijck twee fluyten ende een jacht op<lb xmlns="http://www.tei-c.org/ns/1.0"/> off in ’t vaerwater moeten houden ende gestadich sijn in de logie gegagieerde<lb xmlns="http://www.tei-c.org/ns/1.0"/> dienaers, oppercoopman, onder cooplieden, assistenten ende andere, met 4 soldaten<lb xmlns="http://www.tei-c.org/ns/1.0"/> omtrent 30 personen. Volgens de jonghste monsterrolle was ’t getal 27 d.° ende<lb xmlns="http://www.tei-c.org/ns/1.0"/> 38 lijffeygenen.<lb xmlns="http://www.tei-c.org/ns/1.0"/>’t Jacht d’Anna is met 32 coppen gemant, dat alle tot laste van den daer te<lb xmlns="http://www.tei-c.org/ns/1.0"/> procureren peper behoort te comen, als wanneer wellicht te rekenen zij, den peper<lb xmlns="http://www.tei-c.org/ns/1.0"/> in Batavia tot 10 realen ’t picol te copen vrij proffitabeler zij, alwaer oock ruym<lb xmlns="http://www.tei-c.org/ns/1.0"/> 25 per cento meer op de deden gewonnen wort. Des de saecken nu daernae dienen<lb xmlns="http://www.tei-c.org/ns/1.0"/> aengeleyt, Comp.8 middelen niet langer tot onderpanden voor de quaetwillige<lb xmlns="http://www.tei-c.org/ns/1.0"/> Mooren sijn ende het doelwith van U.Ed. costelijcke rende-vousen t’erlangen,<lb xmlns="http://www.tei-c.org/ns/1.0"/> daervan desen jare tot beginsel in Palimbangh preuve nemen sullen, emmers<lb xmlns="http://www.tei-c.org/ns/1.0"/> soowel den peper van daer sien te becomen, als uyt Andragiry ende Benjarmassingh<lb xmlns="http://www.tei-c.org/ns/1.0"/>geschiet, daer volck noch comptoiren houden .<lb xmlns="http://www.tei-c.org/ns/1.0"/>
            </p><note xml:id="INT_c3926494-5d5a-3b75-9864-f837502c20aa.TEI.1.text.1.body.1.div.1.note.8" xml:lang="nl" place="inline" type="editorial-summary" resp="editor" rend="font-style: italic; line-height: 11.7pt; text-indent: 21.0pt; text-align: justify; font-size: 10" xmlns="http://www.tei-c.org/ns/1.0">(In Djambi is van 1 juli 1643 tot eind oct. 1644 f. 61507. -.6 gewonnen;berichten<lb/> over Arakan, vgl. <hi rend="font-size:10; font-family:Liberation Serif" xml:lang="nl">Daghregisters</hi> 1644-45 <hi rend="font-size:10; font-family:Liberation Serif" xml:lang="nl">,</hi> p. 55-58; gegevens over de kust van Malabar<lb/> en over Ceylon, vgl. <hi rend="font-size:10; font-family:Liberation Serif" xml:lang="nl">Zeemogendheid</hi> II p. 144-149, <hi rend="font-size:10; font-family:Liberation Serif" xml:lang="nl">Ceilon,</hi> p. 119-135, <hi rend="font-size:10; font-family:Liberation Serif" xml:lang="nl">Daghregisters</hi><lb/>1644-1645, p. 266-280; berichten uit Thaiwan, vgl. <hi rend="font-size:10; font-family:Liberation Serif" xml:lang="nl">Daghregisters</hi> 1644-45, p.<lb/> 155-160 en 217-218; in 1644 is in Japan f 635470.1.10 gewonnen).<lb/></note><note xml:id="INT_c3926494-5d5a-3b75-9864-f837502c20aa.TEI.1.text.1.body.1.div.1.note.9" xml:lang="nl" rend="font-size: 8; line-height: 9.9pt; text-indent: 21.0pt" xmlns="http://www.tei-c.org/ns/1.0">1) Jan Dircksz. Puyt kwam 1629 als assistent uit, 1634 onderkoopman in Djambi, 1641<lb/> opperkoopman te Perak, 1642 te Malakka, 1643 te Djambi, zeker tot eind 1645.<lb/></note><note xml:id="INT_c3926494-5d5a-3b75-9864-f837502c20aa.TEI.1.text.1.body.1.div.1.note.10" xml:lang="nl" rend="font-size: 8; text-align: justify; line-height: 9.9pt; margin-left: 2100" xmlns="http://www.tei-c.org/ns/1.0">2) Entjik Besar, inheems koopman te Djambi.<lb/></note><fw xml:id="INT_c3926494-5d5a-3b75-9864-f837502c20aa.TEI.1.text.1.body.1.div.1.fw.5" type="bottom-page-number">17</fw><pb xml:id="INT_c3926494-5d5a-3b75-9864-f837502c20aa.TEI.1.text.1.body.1.div.1.pb.3" n="258" facs="http://resources.huygens.knaw.nl/retroapp/service_generalemissiven/gm_02/images/gm_2_112_0258.tif"/><fw xml:id="INT_c3926494-5d5a-3b75-9864-f837502c20aa.TEI.1.text.1.body.1.div.1.fw.6" place="top" type="page-number" facs="#zone.6118243" xmlns="http://www.tei-c.org/ns/1.0">258</fw><fw xml:id="INT_c3926494-5d5a-3b75-9864-f837502c20aa.TEI.1.text.1.body.1.div.1.fw.7" place="top" type="head" facs="#zone.6118247" xmlns="http://www.tei-c.org/ns/1.0">Van Diemen, Van der Lijn, Sweers en Van Alphen XXIX, 20 januari 1645</fw><p xml:id="INT_c3926494-5d5a-3b75-9864-f837502c20aa.TEI.1.text.1.body.1.div.1.p.5" resp="int_paragraph_joining" rend="">
              De petitie1), voor anno sesthienhondert vijffenveertich gedaen, bedraeght<lb xmlns="http://www.tei-c.org/ns/1.0"/> incoops ƒ 2460 603.10.-; te weten<lb xmlns="http://www.tei-c.org/ns/1.0"/>aen Europise waren . ƒ 52 604.10. —<lb xmlns="http://www.tei-c.org/ns/1.0"/>uyt Batavia . 124 564. — . —<lb xmlns="http://www.tei-c.org/ns/1.0"/>van de Custe Cormandel . 36 160. — . —<lb xmlns="http://www.tei-c.org/ns/1.0"/>uut Parsia 25000 'ffi sijde, leer etc . 96 300. — . —<lb xmlns="http://www.tei-c.org/ns/1.0"/>van Siam . 64 410. — . —<lb xmlns="http://www.tei-c.org/ns/1.0"/>uut China en Tayouan . 1 724 900. — . —<lb xmlns="http://www.tei-c.org/ns/1.0"/>van Tonckin . 361 665. — . —<lb xmlns="http://www.tei-c.org/ns/1.0"/>ƒ 2 460 603.10.—,<lb xmlns="http://www.tei-c.org/ns/1.0"/>
            </p><p xml:id="INT_c3926494-5d5a-3b75-9864-f837502c20aa.TEI.1.text.1.body.1.div.1.p.6" resp="int_paragraph_joining" rend="">
              waerop dan bij den president . . . <hi rend="font-size:10; font-family:Liberation Serif; vertical-align:super" xml:lang="nl" xmlns="http://www.tei-c.org/ns/1.0">2)</hi> gecaleuleert wert, buyten ongeval niet<lb xmlns="http://www.tei-c.org/ns/1.0"/> minder t’avanceren sal sijn als 13 &amp; 14 tonnen, dat een treffelijcke saecke soude<lb xmlns="http://www.tei-c.org/ns/1.0"/> wesen; bijaldien ’t aen den Chinesen toevoer niet manqueert, sal het wel volstaen.<lb xmlns="http://www.tei-c.org/ns/1.0"/> Desen jare hebben van Maccauw niets te verwachten. Tot den Japansen handel<lb xmlns="http://www.tei-c.org/ns/1.0"/> sijn oock van opinie, soo noch eenige hope hebben om in Japan te geraecken, ons<lb xmlns="http://www.tei-c.org/ns/1.0"/> vooreerst sullen verbijgaen, op hope, soo den Japander van ons tot genoegen niet<lb xmlns="http://www.tei-c.org/ns/1.0"/> gedient wort, zij te eerder entrance mochten crijgen. De Chinesen sijn mede voor<lb xmlns="http://www.tei-c.org/ns/1.0"/>Japan seer verschrickt .<lb xmlns="http://www.tei-c.org/ns/1.0"/>
            </p><note xml:id="INT_c3926494-5d5a-3b75-9864-f837502c20aa.TEI.1.text.1.body.1.div.1.note.11" xml:lang="nl" place="inline" type="editorial-summary" resp="editor" rend="font-style: italic; line-height: 11.1pt; text-indent: 21.0pt; text-align: justify; font-size: 10" xmlns="http://www.tei-c.org/ns/1.0">(Personalia).<lb/></note><p xml:id="INT_c3926494-5d5a-3b75-9864-f837502c20aa.TEI.1.text.1.body.1.div.1.p.7" resp="int_paragraph_joining" rend="">
              Proffijtgevende comptoiren boven d’oncosten aldaer vallende, namentlijck<lb xmlns="http://www.tei-c.org/ns/1.0"/>dit alles in<lb xmlns="http://www.tei-c.org/ns/1.0"/> conformité<lb xmlns="http://www.tei-c.org/ns/1.0"/>van de boecken<lb xmlns="http://www.tei-c.org/ns/1.0"/>’t comptoir Maccassar . . .<lb xmlns="http://www.tei-c.org/ns/1.0"/> ’t comptoir Atchin <hi rend="font-size:10; font-family:Liberation Serif; letter-spacing:6.5pt" xml:lang="nl" xmlns="http://www.tei-c.org/ns/1.0">....</hi><lb xmlns="http://www.tei-c.org/ns/1.0"/>’t comptoir Japan <hi rend="font-size:10; font-family:Liberation Serif; letter-spacing:6.5pt" xml:lang="nl" xmlns="http://www.tei-c.org/ns/1.0">....</hi><lb xmlns="http://www.tei-c.org/ns/1.0"/>’t comptoir Tayouan . . .<lb xmlns="http://www.tei-c.org/ns/1.0"/> de cust van Malabar . . .<lb xmlns="http://www.tei-c.org/ns/1.0"/>' ’t comptoir Wingurla . . .<lb xmlns="http://www.tei-c.org/ns/1.0"/> j de Westcust Sumatra . . .<lb xmlns="http://www.tei-c.org/ns/1.0"/> [’t comptoir Jamby . . . .<lb xmlns="http://www.tei-c.org/ns/1.0"/>[ de Cust Cormandel <hi rend="font-size:10; font-family:Liberation Serif; letter-spacing:6.5pt" xml:lang="nl" xmlns="http://www.tei-c.org/ns/1.0">....</hi><lb xmlns="http://www.tei-c.org/ns/1.0"/>, in de generale boecken op de<lb xmlns="http://www.tei-c.org/ns/1.0"/> \ versonden giroffelnagelen .<lb xmlns="http://www.tei-c.org/ns/1.0"/>ƒ 13 173.18. 2<lb xmlns="http://www.tei-c.org/ns/1.0"/> „ 11 518. 2.10<lb xmlns="http://www.tei-c.org/ns/1.0"/>„ 635 470. 1.10<lb xmlns="http://www.tei-c.org/ns/1.0"/> „ 64 657. 2.14<lb xmlns="http://www.tei-c.org/ns/1.0"/>„ 23 092. 7. 2<lb xmlns="http://www.tei-c.org/ns/1.0"/> „ 30 340.12. 9<lb xmlns="http://www.tei-c.org/ns/1.0"/>„ 93 599. 3. 8<lb xmlns="http://www.tei-c.org/ns/1.0"/> „ 61 507.—. 6<lb xmlns="http://www.tei-c.org/ns/1.0"/>„ 120 079. 4. 7<lb xmlns="http://www.tei-c.org/ns/1.0"/>„ 36 396. 6.15<lb xmlns="http://www.tei-c.org/ns/1.0"/>f 1 089.834.—. 3<lb xmlns="http://www.tei-c.org/ns/1.0"/>De volgende comptoiren, daervan de boecken tot nu niet<lb xmlns="http://www.tei-c.org/ns/1.0"/> ontfangen sijn, dus hier bij gissingh gaen<lb xmlns="http://www.tei-c.org/ns/1.0"/>in Parsia noch te beneficeren suyver buyten<lb xmlns="http://www.tei-c.org/ns/1.0"/>alle oncosten ruym . ƒ 250 000. — . —<lb xmlns="http://www.tei-c.org/ns/1.0"/>t’ comptoir Suratte reede geproffiteert. . . „ 50 000. — . —<lb xmlns="http://www.tei-c.org/ns/1.0"/>in Palimbangh, dat tegen meert g’absolveert<lb xmlns="http://www.tei-c.org/ns/1.0"/>sal sijn . . 30 000. — . —<lb xmlns="http://www.tei-c.org/ns/1.0"/>„ 330 000.—.—<lb xmlns="http://www.tei-c.org/ns/1.0"/>
            </p><p xml:id="INT_c3926494-5d5a-3b75-9864-f837502c20aa.TEI.1.text.1.body.1.div.1.p.8" resp="int_paragraph_joining" rend="">
              Van den vijant verovert, namentlijck<lb xmlns="http://www.tei-c.org/ns/1.0"/><note xml:id="INT_c3926494-5d5a-3b75-9864-f837502c20aa.TEI.1.text.1.body.1.div.1.p.8.note.1" xml:lang="nl" rend="font-size: 8.5; text-align: justify; line-height: 9.4pt; margin-left: 2100" xmlns="http://www.tei-c.org/ns/1.0">1) Bedoeld is de eis van waren voor Japan.<lb/></note><note xml:id="INT_c3926494-5d5a-3b75-9864-f837502c20aa.TEI.1.text.1.body.1.div.1.p.8.note.2" xml:lang="nl" rend="font-size: 8.5; text-align: justify; line-height: 9.4pt; margin-left: 2100" xmlns="http://www.tei-c.org/ns/1.0">2) NI. Van Elseracq.<lb/></note><pb xml:id="INT_c3926494-5d5a-3b75-9864-f837502c20aa.TEI.1.text.1.body.1.div.1.p.8.pb.1" n="259" facs="http://resources.huygens.knaw.nl/retroapp/service_generalemissiven/gm_02/images/gm_2_112_0259.tif"/><fw xml:id="INT_c3926494-5d5a-3b75-9864-f837502c20aa.TEI.1.text.1.body.1.div.1.p.8.fw.1" place="top" type="head" facs="#zone.6119916" xmlns="http://www.tei-c.org/ns/1.0">Van Diemen, Van der Lijn, Sweers en Van Alphen XXIX, 20 januari 1046</fw><fw xml:id="INT_c3926494-5d5a-3b75-9864-f837502c20aa.TEI.1.text.1.body.1.div.1.p.8.fw.2" place="top" type="page-number" facs="#zone.6119932" xmlns="http://www.tei-c.org/ns/1.0">259</fw>op de cust van Manilha . ƒ 29 974. 4. 8<lb xmlns="http://www.tei-c.org/ns/1.0"/>uut een Quinamse joncke . „ 18 002.14. 8<lb xmlns="http://www.tei-c.org/ns/1.0"/>Nota, datter noch is verovert een Quinamse jonck, uyt<lb xmlns="http://www.tei-c.org/ns/1.0"/> Siam gevaren, monterende ƒ17 512.10. — ,<lb xmlns="http://www.tei-c.org/ns/1.0"/> daer wel eenige restitutie op mocht vallen<lb xmlns="http://www.tei-c.org/ns/1.0"/> daeromme die hier niet aentrecken.<lb xmlns="http://www.tei-c.org/ns/1.0"/>Insgelijx alles dat van de Portugesen<lb xmlns="http://www.tei-c.org/ns/1.0"/> is becomen, sijnde ƒ 57 842.10. — , van die<lb xmlns="http://www.tei-c.org/ns/1.0"/> van Maccauw, comende van Solor ende<lb xmlns="http://www.tei-c.org/ns/1.0"/> Palimbangh; item partij e op de Cormandelse<lb xmlns="http://www.tei-c.org/ns/1.0"/> Guste, allen tselve hier niet aentrecken,<lb xmlns="http://www.tei-c.org/ns/1.0"/> alsoo gerestitueert wert.<lb xmlns="http://www.tei-c.org/ns/1.0"/>Sulx de proffijten ende het veroverde comt te monteren de<lb xmlns="http://www.tei-c.org/ns/1.0"/>somma van .<lb xmlns="http://www.tei-c.org/ns/1.0"/>daervan affgaen moeten de volgende schade<lb xmlns="http://www.tei-c.org/ns/1.0"/> gevende comptoiren ende verliesen, als te<lb xmlns="http://www.tei-c.org/ns/1.0"/> weten<lb xmlns="http://www.tei-c.org/ns/1.0"/>de Molucco ten achteren . ƒ<lb xmlns="http://www.tei-c.org/ns/1.0"/> Amboina als voren<lb xmlns="http://www.tei-c.org/ns/1.0"/> Banda .<lb xmlns="http://www.tei-c.org/ns/1.0"/>te<lb xmlns="http://www.tei-c.org/ns/1.0"/>’t comptoir Siam .<lb xmlns="http://www.tei-c.org/ns/1.0"/>Malacca .<lb xmlns="http://www.tei-c.org/ns/1.0"/>’t eylant Ceylon. .<lb xmlns="http://www.tei-c.org/ns/1.0"/>’t comptoir Batavia<lb xmlns="http://www.tei-c.org/ns/1.0"/>quade .<lb xmlns="http://www.tei-c.org/ns/1.0"/>op tselve comptoir verlopen<lb xmlns="http://www.tei-c.org/ns/1.0"/> *) intrest betaelt è.<lb xmlns="http://www.tei-c.org/ns/1.0"/><hi rend="font-size:9.5; font-family:Liberation Serif; font-style:italic; font-weight:bold" xml:lang="nl" xmlns="http://www.tei-c.org/ns/1.0">\%</hi> off 6 in ’t jaer . . . .<lb xmlns="http://www.tei-c.org/ns/1.0"/>122 172.16.13<lb xmlns="http://www.tei-c.org/ns/1.0"/> 59 812. 3.15<lb xmlns="http://www.tei-c.org/ns/1.0"/> 33 363. 9. 1<lb xmlns="http://www.tei-c.org/ns/1.0"/> 9 900.— .15<lb xmlns="http://www.tei-c.org/ns/1.0"/> 49 985.—. 4<lb xmlns="http://www.tei-c.org/ns/1.0"/> 95 370. 5.10<lb xmlns="http://www.tei-c.org/ns/1.0"/>342 000. 4.12<lb xmlns="http://www.tei-c.org/ns/1.0"/>11 416.19.12<lb xmlns="http://www.tei-c.org/ns/1.0"/>ƒ 724 021. 1. 2<lb xmlns="http://www.tei-c.org/ns/1.0"/>
            </p><p xml:id="INT_c3926494-5d5a-3b75-9864-f837502c20aa.TEI.1.text.1.body.1.div.1.p.9" resp="int_paragraph_joining" rend="">
              Den Coningh van Cambodja heeft van<lb xmlns="http://www.tei-c.org/ns/1.0"/> Cornp.8 middelen gerooft, except twee schepen,<lb xmlns="http://www.tei-c.org/ns/1.0"/> den Orangienboom en de Rijswijck,<lb xmlns="http://www.tei-c.org/ns/1.0"/>volgens de boecken . „ 142 345. 6. —<lb xmlns="http://www.tei-c.org/ns/1.0"/>
            </p><p xml:id="INT_c3926494-5d5a-3b75-9864-f837502c20aa.TEI.1.text.1.body.1.div.1.p.10" xml:lang="nl" rend="font-size: 10; line-height: 11.7pt; text-indent: 21.0pt" xmlns="http://www.tei-c.org/ns/1.0">Op het eylandt Mauritius bij gissingh,<lb/> daervan de boecken met de fluyt de Post<lb/> verwachten . . 15 000. — . —<lb/></p><p xml:id="INT_c3926494-5d5a-3b75-9864-f837502c20aa.TEI.1.text.1.body.1.div.1.p.11" resp="int_paragraph_joining" rend="">
              Nota, alles dat voorleden jaer gestelt hadden van de Portugesen<lb xmlns="http://www.tei-c.org/ns/1.0"/> in retorse van de Pauw aengeslagen te sijn, wordt hier<lb xmlns="http://www.tei-c.org/ns/1.0"/> tegen den anderen gebalanceert ende open gelaten, sijnde onse<lb xmlns="http://www.tei-c.org/ns/1.0"/> sijde gerestitueert ende tgene van haer hebben becomen, weder<lb xmlns="http://www.tei-c.org/ns/1.0"/>te geven .<lb xmlns="http://www.tei-c.org/ns/1.0"/>Blijct dan, dat de gedane progressen comen te bedragen, alle<lb xmlns="http://www.tei-c.org/ns/1.0"/> schaden affgetrocken . guldens<lb xmlns="http://www.tei-c.org/ns/1.0"/><hi rend="font-size:9.5; font-family:Liberation Serif; font-style:italic; font-weight:bold" xml:lang="nl" xmlns="http://www.tei-c.org/ns/1.0">f</hi> 47 976.19.—<lb xmlns="http://www.tei-c.org/ns/1.0"/>1 467 810.19. <hi rend="font-size:5; font-family:Liberation Serif; font-style:italic; font-weight:bold" xml:lang="nl" xmlns="http://www.tei-c.org/ns/1.0">:$</hi><lb xmlns="http://www.tei-c.org/ns/1.0"/>881 366. 7. 2<lb xmlns="http://www.tei-c.org/ns/1.0"/>586 444.12. 1<lb xmlns="http://www.tei-c.org/ns/1.0"/><note xml:id="INT_c3926494-5d5a-3b75-9864-f837502c20aa.TEI.1.text.1.body.1.div.1.p.11.note.1" xml:lang="nl" rend="font-size: 8; text-align: justify; line-height: 8.9pt; text-indent: 21.0pt" xmlns="http://www.tei-c.org/ns/1.0">1) Er staat: verhopen.<lb/></note><pb xml:id="INT_c3926494-5d5a-3b75-9864-f837502c20aa.TEI.1.text.1.body.1.div.1.p.11.pb.1" n="260" facs="http://resources.huygens.knaw.nl/retroapp/service_generalemissiven/gm_02/images/gm_2_112_0260.tif"/><fw xml:id="INT_c3926494-5d5a-3b75-9864-f837502c20aa.TEI.1.text.1.body.1.div.1.p.11.fw.1" place="top" type="head" xml:lang="nl" rend="text-align:justify; line-height:11.1pt" facs="#zone.6124944" xmlns="http://www.tei-c.org/ns/1.0">260 Van Diemen, Van der Lijn, Sweers en Van Alphen XXIX, 20 januari 1645</fw><fw xml:id="INT_c3926494-5d5a-3b75-9864-f837502c20aa.TEI.1.text.1.body.1.div.1.p.11.fw.2" place="top" type="head" xml:lang="nl" rend="text-align:justify; line-height:11.4pt" facs="#zone.6124962" xmlns="http://www.tei-c.org/ns/1.0">dat 200 000 gld. minder is als anno passato ende nyt Batavia’ssware ongelden ontstaet.</fw>
            </p><p xml:id="INT_c3926494-5d5a-3b75-9864-f837502c20aa.TEI.1.text.1.body.1.div.1.p.12" resp="int_paragraph_joining" rend="">
              Het secours anno 1644 van U Ed. uyt Europa ontfangen,<lb xmlns="http://www.tei-c.org/ns/1.0"/> bestaende uyt contant ƒ 1 039 496.1.12 ende in coopmansz. als<lb xmlns="http://www.tei-c.org/ns/1.0"/> waerdige nootwendigheden, victualie etc., samen ƒ 576 544.8.5,<lb xmlns="http://www.tei-c.org/ns/1.0"/>comt . ƒ<lb xmlns="http://www.tei-c.org/ns/1.0"/>
            </p><p xml:id="INT_c3926494-5d5a-3b75-9864-f837502c20aa.TEI.1.text.1.body.1.div.1.p.13" resp="int_paragraph_joining" rend="">
              Per wissel getrocken volgens onse overgaende wisselbrieven<lb xmlns="http://www.tei-c.org/ns/1.0"/>ende advijsen 60 000 realen . „<lb xmlns="http://www.tei-c.org/ns/1.0"/>
            </p><p xml:id="INT_c3926494-5d5a-3b75-9864-f837502c20aa.TEI.1.text.1.body.1.div.1.p.14" resp="int_paragraph_joining" rend="">
              d’Effecten van amio passato, volgens missive van 9 january,<lb xmlns="http://www.tei-c.org/ns/1.0"/> monteerden .<lb xmlns="http://www.tei-c.org/ns/1.0"/>somma guldens 12 117 526. 6. 1<lb xmlns="http://www.tei-c.org/ns/1.0"/>
            </p><p xml:id="INT_c3926494-5d5a-3b75-9864-f837502c20aa.TEI.1.text.1.body.1.div.1.p.15" resp="int_paragraph_joining" rend="">
              Hier moet affgaen het retour van seven schepen, onder de<lb xmlns="http://www.tei-c.org/ns/1.0"/> vlagge van den commandeur Paulus Croocq nae ’t patria<lb xmlns="http://www.tei-c.org/ns/1.0"/> gesonden, comt volgens de respective facturen te bedragen . . . ƒ 2 881 126. 4.11<lb xmlns="http://www.tei-c.org/ns/1.0"/>Sulx op dato des Comp.s effecten blijven een capitael van<lb xmlns="http://www.tei-c.org/ns/1.0"/>guldens 9 236 400. 1. 6<lb xmlns="http://www.tei-c.org/ns/1.0"/>
            </p><p xml:id="INT_c3926494-5d5a-3b75-9864-f837502c20aa.TEI.1.text.1.body.1.div.1.p.16" xml:lang="nl" rend="font-size: 10; text-align: justify; line-height: 11.4pt; text-indent: 23.0pt" xmlns="http://www.tei-c.org/ns/1.0">Den Almogenden late tselve sijn vruchten contribueren ende t’sijner tijt<lb/> behouden de participanten tot soulaes toecomen.<lb/></p><p xml:id="INT_c3926494-5d5a-3b75-9864-f837502c20aa.TEI.1.text.1.body.1.div.1.p.17" xml:lang="nl" rend="font-size: 10; text-align: justify; line-height: 11.7pt; text-indent: 23.0pt" xmlns="http://www.tei-c.org/ns/1.0">Bijaldien ons conden versekeren den toevoer uyt China na wensch <hi rend="font-size:10; font-family:Liberation Serif; vertical-align:super" xml:lang="nl">x)</hi> volgen<lb/> den eysch van sijdewaren voor Japan ... in Tayouan toegevoert stont te<lb/> werden, souden in bedeneken nemen, off contant voor anno aenstaende behoorden<lb/> te voorderen, midts desen jare acht ofte thien tonnen van U Ed. sijn verwachtende ;<lb/> maer de quade courssen der Chinesen geconsidereert ende dat wellicht den toevoer<lb/> uyt China slechter als oyt sal afflopen, sulx dat Japan niet nae behoren connen<lb/> gerieven ende voor 15 a 16 tonnen proffijt ons moeten laten contenteren met<lb/> 6 ende 7 d.°, gelijck in twee a drie jaren ervaren zij, hebben goetgevonden van<lb/> U Ed. noch voor anno 1646 te versoecken thien tonnen in contant met soodanige<lb/> coopmanschappen, als de petitie dicteert, opdat India niet te veel van effecten<lb/> distitueren, want als Japan niet meer advanceert als 6 a 700 000 gld. ende Batavia<lb/> noch soo merekelijek ten achteren comt, bevinden, dat jaerlijx ongevaer 5 a 6<lb/> tonnen van ’t capitael off Indisch fons affsteecken, twelck dan wel eens bij veranderingh<lb/> als opulenten toevoer uyt China groote veranderingh1 <hi rend="font-size:10; font-family:Liberation Serif; vertical-align:super" xml:lang="nl">2)</hi> causeren<lb/> mocht; des voor dees tijt ten dienste van de Comp.e parsisteren bij den eysch van<lb/> 9 a 10 tonnen contant met de versochte coopmansz.<lb/></p><note xml:id="INT_c3926494-5d5a-3b75-9864-f837502c20aa.TEI.1.text.1.body.1.div.1.note.12" xml:lang="nl" place="inline" type="editorial-summary" resp="editor" rend="font-style: italic; line-height: 10.0pt; text-indent: 23.0pt; text-align: justify; font-size: 9" xmlns="http://www.tei-c.org/ns/1.0">( Op de rariteiten voor Japan te letten).<lb/></note><p xml:id="INT_c3926494-5d5a-3b75-9864-f837502c20aa.TEI.1.text.1.body.1.div.1.p.18" resp="int_paragraph_joining" rend="">
              Present hebben hier ter reede een redelijeke macht van schepen, fluyten ende<lb xmlns="http://www.tei-c.org/ns/1.0"/> jachten, redelijck wel gemant. Daeronder sijn veele, die out werden ende andere,<lb xmlns="http://www.tei-c.org/ns/1.0"/> welcke reparatie vereysschen, te weten : den Tijger, gedestineert na Amboina omme<lb xmlns="http://www.tei-c.org/ns/1.0"/> nagelen medio mey in retour herwaerts te brengen, ’t schip Fredrick Henrick, met<lb xmlns="http://www.tei-c.org/ns/1.0"/> rijs voor innewaerts geladen, sal Molucco voorts provideren, de Snoecq projecteren<lb xmlns="http://www.tei-c.org/ns/1.0"/> voor de laetste besendingh na Banda, de fluyt Petten en de Venlo over Maccassar<lb xmlns="http://www.tei-c.org/ns/1.0"/>1 616 040.10. 1<lb xmlns="http://www.tei-c.org/ns/1.0"/> 153 000.—.—<lb xmlns="http://www.tei-c.org/ns/1.0"/> 9 762 041. 3.15<lb xmlns="http://www.tei-c.org/ns/1.0"/><note xml:id="INT_c3926494-5d5a-3b75-9864-f837502c20aa.TEI.1.text.1.body.1.div.1.p.18.note.1" xml:lang="nl" rend="font-size: 8; text-align: justify; line-height: 8.9pt; margin-left: 2100" xmlns="http://www.tei-c.org/ns/1.0">1) Er staat een niet in het zinsverband passend woord sonden na wensch.<lb/></note><note xml:id="INT_c3926494-5d5a-3b75-9864-f837502c20aa.TEI.1.text.1.body.1.div.1.p.18.note.2" xml:lang="nl" rend="font-size: 8; text-align: justify; line-height: 8.9pt; margin-left: 2100" xmlns="http://www.tei-c.org/ns/1.0">2) Bedoeld is wel : veraehteringh.<lb/></note><pb xml:id="INT_c3926494-5d5a-3b75-9864-f837502c20aa.TEI.1.text.1.body.1.div.1.p.18.pb.1" n="261" facs="http://resources.huygens.knaw.nl/retroapp/service_generalemissiven/gm_02/images/gm_2_112_0261.tif"/><fw xml:id="INT_c3926494-5d5a-3b75-9864-f837502c20aa.TEI.1.text.1.body.1.div.1.p.18.fw.1" place="top" type="head" facs="#zone.6127339" xmlns="http://www.tei-c.org/ns/1.0">Van Diemen, Van der Lijn, Sweers en Van Alphen XXIX, 20 januari 1645</fw><fw xml:id="INT_c3926494-5d5a-3b75-9864-f837502c20aa.TEI.1.text.1.body.1.div.1.p.18.fw.2" place="top" type="page-number" facs="#zone.6127355" xmlns="http://www.tei-c.org/ns/1.0">261</fw>na Amboina, Lonise ende Amboina, oorlogsschepen, mede nae Amboina omme in<lb xmlns="http://www.tei-c.org/ns/1.0"/> juny ende july weder herwaerts te wesen ende die elders t’employeren, de fluyten<lb xmlns="http://www.tei-c.org/ns/1.0"/> Heemstede ende Dolphin na Cormandel, Ackerslootb can d’Atchinse ambassadeurs<lb xmlns="http://www.tei-c.org/ns/1.0"/> t’huysvoeren, de fluyte Zeehaen op de riviere van Jamby, de Rijph, Sayer, Graff,<lb xmlns="http://www.tei-c.org/ns/1.0"/> Roch, Duyve, eenige moeten vertimmeren, andere omme ontsach te maecken<lb xmlns="http://www.tei-c.org/ns/1.0"/> eerstdaeghs met d’armade na Amboina omme daer alles effen te stellen, soo noch<lb xmlns="http://www.tei-c.org/ns/1.0"/> yets mocht manqueren, ’t schip Maestricht moet kielen ende een nieuwen overloop<lb xmlns="http://www.tei-c.org/ns/1.0"/> hebben, sijn t’ voornemens nae Siam te senden, de Wakende Boeye is slecht, sal<lb xmlns="http://www.tei-c.org/ns/1.0"/> wat timmeren ende den Haringh houden ter reede op occasie.<lb xmlns="http://www.tei-c.org/ns/1.0"/>
            </p><p xml:id="INT_c3926494-5d5a-3b75-9864-f837502c20aa.TEI.1.text.1.body.1.div.1.p.19" xml:lang="nl" rend="font-size: 10; text-align: justify; line-height: 11.7pt; text-indent: 22.0pt" xmlns="http://www.tei-c.org/ns/1.0">Dit is de navale macht present op Batavia’s reede ende worden eerstdaeghs<lb/> behoorlijck g’employeert. Sijn seer genegen om wat beter revengie op Cambodja<lb/> t’onderleggen ende Benjarmassingh te straffen, waertoe verhopen, middelen<lb/> sullen vinden.<lb/></p><p xml:id="INT_c3926494-5d5a-3b75-9864-f837502c20aa.TEI.1.text.1.body.1.div.1.p.20" xml:lang="nl" rend="font-size: 10; text-align: justify; line-height: 11.7pt; text-indent: 22.0pt" xmlns="http://www.tei-c.org/ns/1.0">Van Ceylon ende elders staen noch in twee a drie maenden treffelijcke schepen<lb/> te verschijnen, daertoe dan oock verwachten ’t secours uyt ’t patria ; wes, de macht<lb/> tegen july van diverse oorden omtrent Batavia bijeen sijnde, sullen overleggen,<lb/> wat vaertuygh tot vervolch van den ordinary handel t’employeren hebben, wat<lb/> retourschepen voor ’t patria moeten bij der hant houden, die gissen seven a acht<lb/> te sullen wesen. Twee ofte drie snedige fluyten met wackere borsten meenen aff te<lb/> steecken tot nader ontdeckingh des Zuytlandts van 35 tot 45 graden.<lb/></p><p xml:id="INT_c3926494-5d5a-3b75-9864-f837502c20aa.TEI.1.text.1.body.1.div.1.p.21" xml:lang="nl" rend="font-size: 10; text-align: justify; line-height: 11.7pt; text-indent: 22.0pt" xmlns="http://www.tei-c.org/ns/1.0">Ende wijders, dewijle den oorloge met den Portugees cesseert ende geen<lb/> besettingh omtrent Goa meer van node is, sijn seer g’animeert ende vertrouwen<lb/> oock, ’t effect sal sorteren tegen september aenstaende van hier een redelijcke<lb/> armade nae Chily ende Nova-Spaigne uyt te setten; in Chili om tegen Chinese als<lb/> andere waren gout te handelen ende een goeden buyt in de West-India te halen,<lb/> waertoe ons geen schepen, volck ende wackere overhooffden sullen manqueren.<lb/></p><p xml:id="INT_c3926494-5d5a-3b75-9864-f837502c20aa.TEI.1.text.1.body.1.div.1.p.22" xml:lang="nl" rend="font-size: 10; text-align: justify; line-height: 11.7pt; text-indent: 22.0pt" xmlns="http://www.tei-c.org/ns/1.0">Het succes wert t’sijner tijt met de te geven instructie U Ed. gecundicht.<lb/> ’t Is apparent, de nader ontdeckingh van Tartariën sullen staecken omme geen<lb/> alteratie in Japan te maecken.<lb/></p><note xml:id="INT_c3926494-5d5a-3b75-9864-f837502c20aa.TEI.1.text.1.body.1.div.1.note.13" xml:lang="nl" place="inline" type="editorial-summary" resp="editor" rend="font-style: italic; line-height: 11.7pt; text-indent: 22.0pt; text-align: justify; font-size: 10" xmlns="http://www.tei-c.org/ns/1.0">(Het cargasoen der beide nu vertrekkende retourschepen is f. 932318.8.14 waard;<lb/> opgave van de lading van alle 7 vertrokken retourschepen; op patria getrokken wissels;<lb/> berichten van Coromandel <hi rend="font-size:10; font-family:Liberation Serif" xml:lang="nl">,</hi> vgl. <hi rend="font-size:10; font-family:Liberation Serif" xml:lang="nl">Daghregisters</hi> 1644^-45, p. 325-344; berichten van<lb/> Mauritius <hi rend="font-size:10; font-family:Liberation Serif" xml:lang="nl">,</hi> vgl. <hi rend="font-size:10; font-family:Liberation Serif" xml:lang="nl">Mauritius</hi> p. 888-890).<lb/></note>
            
      </div>
                  </body>
                </text>
              </TEI>