<TEI xml:id="INT_895fdc52-0924-32c5-904d-50147c136eab" xmlns="http://www.tei-c.org/ns/1.0">
                <teiHeader>
      <fileDesc>
        <titleStmt>
          <title>Van Diemen, Van der Lijn, Sweers en Van Alphen, 6 febr. 1645</title>
        </titleStmt>
        <publicationStmt>
          <p>
            <date>6 febr. 1645</date>
            <idno type="sourceID">missiven:vol2</idno>
            <idno type="pid">INT_895fdc52-0924-32c5-904d-50147c136eab</idno>
          </p>
        </publicationStmt>
        <notesStmt>
          <note/>
        </notesStmt>
        <sourceDesc>
          <listBibl xml:id="inlMetadata">
            <bibl type="missive">
        <interpGrp type="page"><interp>262</interp></interpGrp>
        
      <interpGrp type="titleLevel1"><interp>Van Diemen, Van der Lijn, Sweers en Van Alphen, 6 febr. 1645</interp></interpGrp>
      <interpGrp type="dateLevel1"><interp>6 febr. 1645</interp></interpGrp>
        <interpGrp type="tocLevel"><interp>1</interp></interpGrp>
      <interpGrp type="volume"><interp>2</interp></interpGrp>
        <interpGrp type="n"><interp>XXX</interp></interpGrp>
      
      <interpGrp type="witnessYearLevel1_from"><interp>1645</interp></interpGrp>
      <interpGrp type="witnessYearLevel1_to"><interp>1645</interp></interpGrp>
      <interpGrp type="witnessMonthLevel1_to"><interp>2</interp></interpGrp>
      <interpGrp type="witnessMonthLevel1_from"><interp>2</interp></interpGrp>
      <interpGrp type="witnessDayLevel1_to"><interp>6</interp></interpGrp>
      <interpGrp type="witnessDayLevel1_from"><interp>6</interp></interpGrp>
      <interpGrp type="authorLevel1"><interp>Van Diemen</interp><interp>Van der Lijn</interp><interp>Sweers</interp><interp>Van Alphen</interp></interpGrp>
      <interpGrp type="pid"><interp>INT_895fdc52-0924-32c5-904d-50147c136eab</interp></interpGrp>
    </bibl>
          </listBibl>
        </sourceDesc>
      </fileDesc>
    </teiHeader>
                <text xml:id="INT_895fdc52-0924-32c5-904d-50147c136eab.TEI.1.text.1">
                  <body xml:id="INT_895fdc52-0924-32c5-904d-50147c136eab.TEI.1.text.1.body.1">
                    <div xml:id="INT_895fdc52-0924-32c5-904d-50147c136eab.TEI.1.text.1.body.1.div.1"><div xml:id="INT_895fdc52-0924-32c5-904d-50147c136eab.TEI.1.text.1.body.1.div.1.div.1" type="subdivision_for_sake_of_validation">
        
              <pb xml:id="INT_895fdc52-0924-32c5-904d-50147c136eab.TEI.1.text.1.body.1.div.1.div.1.pb.1" n="262" facs="http://resources.huygens.knaw.nl/retroapp/service_generalemissiven/gm_02/images/gm_2_112_0262.tif"/><fw xml:id="INT_895fdc52-0924-32c5-904d-50147c136eab.TEI.1.text.1.body.1.div.1.div.1.fw.1" place="top" type="page-number" facs="#zone.6129391" xmlns="http://www.tei-c.org/ns/1.0">262</fw><fw xml:id="INT_895fdc52-0924-32c5-904d-50147c136eab.TEI.1.text.1.body.1.div.1.div.1.fw.2" place="top" type="head" facs="#zone.6129395" xmlns="http://www.tei-c.org/ns/1.0">Van Diemen, Van der Lijn, Sweers en Van Alphen XXX, 6 februari 1645</fw><head xml:id="INT_895fdc52-0924-32c5-904d-50147c136eab.TEI.1.text.1.body.1.div.1.div.1.head.1" xml:lang="nl" rend="font-size: 10; text-align: justify; line-height: 12.0pt" xmlns="http://www.tei-c.org/ns/1.0">XXX. ANTONIO VAN DIEMEN, CORNELIS VAN DER LIJN, SALOMON<lb/> SWEERS EN SIMON VAN ALPHEN, BATAVIA 6 februari 1645.<lb/></head><p xml:id="INT_895fdc52-0924-32c5-904d-50147c136eab.TEI.1.text.1.body.1.div.1.div.1.p.1" xml:lang="nl" rend="font-size: 8.5; text-align: justify; line-height: 9.4pt" xmlns="http://www.tei-c.org/ns/1.0">1057, folio 96-112.<lb/></p><note xml:id="INT_895fdc52-0924-32c5-904d-50147c136eab.TEI.1.text.1.body.1.div.1.div.1.note.1" xml:lang="nl" place="inline" type="editorial-summary" resp="editor" rend="font-style: italic; line-height: 11.7pt; text-indent: 22.0pt; text-align: justify; font-size: 9.5" xmlns="http://www.tei-c.org/ns/1.0">( De brief gaat met de William, van 350 last, en de Blessing, van 150 last, de enige<lb/> schepen der Engelsen, die naar Europa varen).<lb/></note><p xml:id="INT_895fdc52-0924-32c5-904d-50147c136eab.TEI.1.text.1.body.1.div.1.div.1.p.2" xml:lang="nl" rend="font-size: 10; text-align: justify; line-height: 11.7pt; text-indent: 22.0pt" xmlns="http://www.tei-c.org/ns/1.0">Nae onse calcula behoren1) noch partij e peper over te houden, maer ’t mancqueert<lb/> aen bequame schepen omme deselve nae Europa te bestellen ende behouden<lb/> in dese quartieren tot vervolgh van haren handel geen andere als de Swaen,<lb/> die nae Macassar, ende d’Advise, na Benjarmassingh destineren. De Michiel en<lb/> Diamant voor Bantam sijn aff ende ten principalen onbequaem, evenwel geven<lb/> noch al dapper op. Seggen, de Swaen van Macassar nae Manilha willen senden ende<lb/> tot Bantam sijn doende met een nieuw packhuys te bouwen, soodat het sich laet<lb/> aensien d’India’s te sullen blijven frequenteren. Ondertusschen connen niet<lb/> vermercken, desen jare groot secours van geit becomen hebben. Tot Jamby sijn<lb/> vrij wat schuldigh ende in Bantam betalen aen den Pangoran hogen intrest van<lb/> penningen, a depositio genomen. Ende vermits het disaister, de schepen Dolphin<lb/> ende Discouvre, van Suratte, rijck geladen, ende de Hoopwel, van Bantam nae<lb/> Engeland tenderende, getroffen, sal d’Engelse Cornp.6 anno passado sober retour<lb/> uyt India becomen hebben, aparent niet anders als de Maria van Bantam. Na<lb/> vernemen, is den Dolphin en Hoopwel van Mauritius nae Madagascar ende van<lb/> daer weder na Suratte gelopen. Soo word mede gerucht, de Discouvre behouden<lb/> ende oock masteloos in Suratte gekeert is, daervan alle dagen nader seeckerheyt<lb/> staen te vernemen, wel verwondert sijnde, ons jacht Valckenburgh van Suratte<lb/> te comen dus lange tardeert <hi rend="font-size:10; font-family:Liberation Serif; letter-spacing:3.5pt" xml:lang="nl">....</hi> Volgens onse gegeven ordre hadde voor een<lb/> maend behoren bier geweest te sijn.<lb/></p><p xml:id="INT_895fdc52-0924-32c5-904d-50147c136eab.TEI.1.text.1.body.1.div.1.div.1.p.3" xml:lang="nl" rend="font-size: 10; text-align: justify; line-height: 11.7pt; text-indent: 22.0pt" xmlns="http://www.tei-c.org/ns/1.0">Met d’Engelse vrunden sijn egene differenten voorgecomen; vrunden als<lb/> eliphanten; versien ons deftigh met Engels bier, dat wel hun meeste cargasoen is,<lb/> dat uyt Engeland brengen. Loot comen particulier bij ons soecken, sulx eerlangh<lb/> rijsingh in die spetie (daer noch wel van geprovideert sijn) te verwachten hebben.<lb/> Soo sijn d.° vrunden op hun ernstigh versoeck geaccommodeert met een grote<lb/> stenge voor ’t schip den Willem, twelc estimeren voor een grote courtoisie ende<lb/> merckelijck gerieff ende omme geen open reeckeninge te hebben is ons deselve<lb/> betaelt met 150 realen in spetie; veel meer is sodanigen hout hier te lande waerdigh.<lb/> In Japan hebben eertijds voor een boeghspriet ten behouve van ’t schip<lb/> Enchuysen betaelt vierhondert taylen, twelc de vrunden oock voorgehouden sij,<lb/> opdat te beter mochten begrijpen de vrundschap en de accommodatie, die hun sijn<lb/> doende.<lb/></p><note xml:id="INT_895fdc52-0924-32c5-904d-50147c136eab.TEI.1.text.1.body.1.div.1.div.1.note.2" xml:lang="nl" place="inline" type="editorial-summary" resp="editor" rend="font-style: italic; line-height: 10.5pt; text-indent: 22.0pt; text-align: justify; font-size: 9.5" xmlns="http://www.tei-c.org/ns/1.0">(Korte samenvatting van berichten uit vorige generale missiven).<lb/></note><p xml:id="INT_895fdc52-0924-32c5-904d-50147c136eab.TEI.1.text.1.body.1.div.1.div.1.p.4" resp="int_paragraph_joining" rend="">
              Over de 1000 lasten rijs hebben ons de schepen Orangiën ende Frederick<lb xmlns="http://www.tei-c.org/ns/1.0"/> Henrick uyt Siam toegebracht ende ontrent 300 lasten isser met joncken gecomen,<lb xmlns="http://www.tei-c.org/ns/1.0"/> sijnde den toevoer van dat graen uyt diverse quartieren ende des Mattarams land<lb xmlns="http://www.tei-c.org/ns/1.0"/> soo opulent, dat het last van 3000 E in Batavia gecocht word van 20 tot 30 realen,<lb xmlns="http://www.tei-c.org/ns/1.0"/><note xml:id="INT_895fdc52-0924-32c5-904d-50147c136eab.TEI.1.text.1.body.1.div.1.div.1.p.4.note.1" xml:lang="nl" rend="font-size: 8.5; line-height: 9.4pt; margin-left: 2200" xmlns="http://www.tei-c.org/ns/1.0">1) De Engelsen.<lb/></note><pb xml:id="INT_895fdc52-0924-32c5-904d-50147c136eab.TEI.1.text.1.body.1.div.1.div.1.p.4.pb.1" n="263" facs="http://resources.huygens.knaw.nl/retroapp/service_generalemissiven/gm_02/images/gm_2_112_0263.tif"/><fw xml:id="INT_895fdc52-0924-32c5-904d-50147c136eab.TEI.1.text.1.body.1.div.1.div.1.p.4.fw.1" place="top" type="head" facs="#zone.6131340" xmlns="http://www.tei-c.org/ns/1.0">Van Diemen, Van der Lijn, Sweers en Van Alphen XXX, 6 februari 1645</fw><fw xml:id="INT_895fdc52-0924-32c5-904d-50147c136eab.TEI.1.text.1.body.1.div.1.div.1.p.4.fw.2" place="top" type="page-number" facs="#zone.6131395" xmlns="http://www.tei-c.org/ns/1.0">263</fw>nae wit ende schoon is. Insgelijcx alle andere lijfftochten soo wel te genaken (den<lb xmlns="http://www.tei-c.org/ns/1.0"/> Almogende sij gedanckt), als oyt in Batavia gesien hebben; gelijck dan oock geen<lb xmlns="http://www.tei-c.org/ns/1.0"/> onraed in onse velden vernemen, die seer gefrequenteert, beploeght ende gecultiveert<lb xmlns="http://www.tei-c.org/ns/1.0"/> worden.<lb xmlns="http://www.tei-c.org/ns/1.0"/>
            </p><note xml:id="INT_895fdc52-0924-32c5-904d-50147c136eab.TEI.1.text.1.body.1.div.1.div.1.note.3" xml:lang="nl" place="inline" type="editorial-summary" resp="editor" rend="font-style: italic; line-height: 11.1pt; text-indent: 22.0pt; text-align: justify; font-size: 10" xmlns="http://www.tei-c.org/ns/1.0">(Vervólg van de samenvatting).<lb/></note><p xml:id="INT_895fdc52-0924-32c5-904d-50147c136eab.TEI.1.text.1.body.1.div.1.div.1.p.5" xml:lang="nl" rend="font-size: 10; text-align: justify; line-height: 11.7pt; text-indent: 22.0pt" xmlns="http://www.tei-c.org/ns/1.0">Tot soulagie van den burger hebben den rijs 20 realen ’t last minder gestelt,<lb/> namentlijck den bruynen 40 ende den witten 60 realen de 3000 ‘ffi. ’t Isnodigh, dat<lb/> middelen practiseren de lieden Banda aengenaem te maken off wort eyntlijck<lb/> destituyt van volck ende onvermogent de vruchten t’ innen.<lb/></p><note xml:id="INT_895fdc52-0924-32c5-904d-50147c136eab.TEI.1.text.1.body.1.div.1.div.1.note.4" xml:lang="nl" place="inline" type="editorial-summary" resp="editor" rend="font-style: italic; line-height: 11.1pt; text-indent: 22.0pt; text-align: justify; font-size: 10" xmlns="http://www.tei-c.org/ns/1.0">(Vervólg van de samenvatting).<lb/></note><p xml:id="INT_895fdc52-0924-32c5-904d-50147c136eab.TEI.1.text.1.body.1.div.1.div.1.p.6" xml:lang="nl" rend="font-size: 10; text-align: justify; line-height: 11.7pt; text-indent: 22.0pt" xmlns="http://www.tei-c.org/ns/1.0"><hi rend="font-size:10; font-family:Liberation Serif; letter-spacing:4.0pt" xml:lang="nl">....</hi> in Amboyna het Christendom treffelijck begint toe te nemen; die van<lb/> de bocht Caybobo hebben versocht schoolmeesters ende ’t Christengelove aen te<lb/> nemen; sijn heydenen. In Amboyna sijn twee predicanten, dat weynigh is; echter<lb/> hebben dat gebreck niet connen suppleren door het overleven van verscheyde<lb/> leeraers, als sijn do. Parssant, Marlines ende Stertemius, sulx Ceylon sonder<lb/> predicant is, daer wel drie nodigh sijn. U Ed. sij versocht ons met geleerde, stichtelijcke<lb/> mannen te versien, ten minsten vijff ofte ses, alsoo eenige haren tijd gaet<lb/> exspireren ende wegh willen. Ed. heeren, den oegst is groot, maer d’arbeyders sijn<lb/> weynigh, U Ed. moeten ons helpen. d’AImogende sal ’t werck in India beter segenen<lb/> ende d’oncosten slapende doen incomen.<lb/></p><note xml:id="INT_895fdc52-0924-32c5-904d-50147c136eab.TEI.1.text.1.body.1.div.1.div.1.note.5" xml:lang="nl" place="inline" type="editorial-summary" resp="editor" rend="font-style: italic; line-height: 11.1pt; text-indent: 22.0pt; text-align: justify; font-size: 10" xmlns="http://www.tei-c.org/ns/1.0">(Vervolg samenvatting).<lb/></note><p xml:id="INT_895fdc52-0924-32c5-904d-50147c136eab.TEI.1.text.1.body.1.div.1.div.1.p.7" xml:lang="nl" rend="font-size: 10; text-align: justify; line-height: 11.7pt; text-indent: 22.0pt" xmlns="http://www.tei-c.org/ns/1.0">Met de fluyt de Graff ende ’t jacht Venlo onder d’administratie van den<lb/> coopman Thomas Haverland1) gaet nu derwaerts2) een cargasoen deden, eliphantstanden,<lb/> ijser etc. ter monture van <hi rend="font-size:10; font-family:Liberation Serif; font-style:italic" xml:lang="nl">f5</hi> 0 000 omme daeruyt te vervallen 200<lb/> bharen sandelhoud, van den Portugees Erancisco Viere gecontracteert ende de<lb/> reste in schildpadshoorn, amber etc. te besteden. Ende dewijle onse competentie<lb/> van sandelhout over dien wegh als in Batavia erlangen, sijn niet voornemens dit<lb/> saysoen besendingh nae Solor off Timor te doen. In mey passado hebben onse<lb/> schulden van de Larentucqse Portugesen becomen, sulx in dat quartier met die<lb/> vrunden effen staen. Twee hunner fregats met sandel, van daer over Macassar nae<lb/> Maccauw varende, sijn bij onse cruyssers op de custe van Champa aengehaelt<lb/> ende verovert mitsgaders noch een galjotjen, uyt Palimbangh comende. De twee<lb/> eerste sullen apparent vermits ’t sluyten des trefves in Goa gerestitueert moeten<lb/> worden, maer wij oordelen den Palimbanger onvrij, dewijle daer, volgens de<lb/> capitulatie, in Den Hage gesloten, niet vermach te handelen.<lb/></p><note xml:id="INT_895fdc52-0924-32c5-904d-50147c136eab.TEI.1.text.1.body.1.div.1.div.1.note.6" xml:lang="nl" rend="font-size: 8; line-height: 9.9pt; text-indent: 22.0pt" xmlns="http://www.tei-c.org/ns/1.0">1) Thomas Haverland kwam 1635 als assistent uit, 1643 onderkoopman te Makassar,<lb/> 1645 koopman, 1646 te Makassar, waar hij jan. 1647 stierf.<lb/></note><note xml:id="INT_895fdc52-0924-32c5-904d-50147c136eab.TEI.1.text.1.body.1.div.1.div.1.note.7" xml:lang="nl" rend="font-size: 8; text-align: justify; line-height: 9.9pt; margin-left: 2200" xmlns="http://www.tei-c.org/ns/1.0">2) Naar Makassar.<lb/></note><pb xml:id="INT_895fdc52-0924-32c5-904d-50147c136eab.TEI.1.text.1.body.1.div.1.div.1.pb.2" n="264" facs="http://resources.huygens.knaw.nl/retroapp/service_generalemissiven/gm_02/images/gm_2_112_0264.tif"/><fw xml:id="INT_895fdc52-0924-32c5-904d-50147c136eab.TEI.1.text.1.body.1.div.1.div.1.fw.3" place="top" type="page-number" facs="#zone.6132559" xmlns="http://www.tei-c.org/ns/1.0">264</fw><fw xml:id="INT_895fdc52-0924-32c5-904d-50147c136eab.TEI.1.text.1.body.1.div.1.div.1.fw.4" place="top" type="head" facs="#zone.6132563" xmlns="http://www.tei-c.org/ns/1.0">Van Diemen, Van der Lijn, Sweers en Van Alphen XXX, 6 februari 1645</fw><note xml:id="INT_895fdc52-0924-32c5-904d-50147c136eab.TEI.1.text.1.body.1.div.1.div.1.note.8" xml:lang="nl" place="inline" type="editorial-summary" resp="editor" rend="font-style: italic; line-height: 11.7pt; text-indent: 22.0pt; text-align: justify; font-size: 9" xmlns="http://www.tei-c.org/ns/1.0">(Vervolg samenvatting; de Egmond komt uit Malakka, waar de Vrede 24 dec.<lb/> met een lading van f. 580.000 van Thaiwan naar Suratte is gepasseerd <hi rend="font-size:7; font-family:Liberation Serif; font-weight:bold" xml:lang="nl">,</hi> 100 bahar tin<lb/> van Malakka medenemende, de fluit Noordsterre 9 jan. naar Coromandel met fn<lb/> 823.000 vnl. goud en zilver , zomede uit Malakka 133.146 <hi rend="font-size:7; font-family:Liberation Serif; font-weight:bold" xml:lang="nl">®</hi> tin <hi rend="font-size:7; font-family:Liberation Serif; font-weight:bold" xml:lang="nl">,</hi> bedragende<lb/> f 40736.14.7; in maart zal een fluit uit Batavia met f 70.000 Sumatraans goud en<lb/> f 300.000 zilver volgen; slot samenvatting).<lb/></note><pb xml:id="INT_895fdc52-0924-32c5-904d-50147c136eab.TEI.1.text.1.body.1.div.1.div.1.pb.3" n="265" facs="http://resources.huygens.knaw.nl/retroapp/service_generalemissiven/gm_02/images/gm_2_112_0265.tif"/></div><div xml:id="INT_895fdc52-0924-32c5-904d-50147c136eab.TEI.1.text.1.body.1.div.1.div.2" type="subdivision_for_sake_of_validation"><head xml:id="INT_895fdc52-0924-32c5-904d-50147c136eab.TEI.1.text.1.body.1.div.1.div.2.head.1" xml:lang="nl" rend="font-size: 18; letter-spacing: 1.5pt; line-height: 19.9pt" xmlns="http://www.tei-c.org/ns/1.0">CORNELIS VAN DER LYN<lb/></head><p xml:id="INT_895fdc52-0924-32c5-904d-50147c136eab.TEI.1.text.1.body.1.div.1.div.2.p.1" xml:lang="nl" rend="font-size: 9.5; text-align: center; line-height: 10.5pt" xmlns="http://www.tei-c.org/ns/1.0">19 APRIL 1645—6 OCTOBER 1650<lb/></p><pb xml:id="INT_895fdc52-0924-32c5-904d-50147c136eab.TEI.1.text.1.body.1.div.1.div.2.pb.1" n="266" facs="http://resources.huygens.knaw.nl/retroapp/service_generalemissiven/gm_02/images/gm_2_112_0266.tif"/>
            
      </div></div>
                  </body>
                </text>
              </TEI>