<TEI xml:id="INT_374ebb97-db52-3b34-ac1e-91e868a67dbe" xmlns="http://www.tei-c.org/ns/1.0">
                <teiHeader>
      <fileDesc>
        <titleStmt>
          <title>Maetsuycker, Hulft, Hartzinck, Cunaeus, Verburch en Steur, 4 febr. 1655</title>
        </titleStmt>
        <publicationStmt>
          <p>
            <date>4 febr. 1655</date>
            <idno type="sourceID">missiven:vol2</idno>
            <idno type="pid">INT_374ebb97-db52-3b34-ac1e-91e868a67dbe</idno>
          </p>
        </publicationStmt>
        <notesStmt>
          <note/>
        </notesStmt>
        <sourceDesc>
          <listBibl xml:id="inlMetadata">
            <bibl type="missive">
        <interpGrp type="page"><interp>820</interp></interpGrp>
        
      <interpGrp type="titleLevel1"><interp>Maetsuycker, Hulft, Hartzinck, Cunaeus, Verburch en Steur, 4 febr. 1655</interp></interpGrp>
      <interpGrp type="dateLevel1"><interp>4 febr. 1655</interp></interpGrp>
        <interpGrp type="tocLevel"><interp>1</interp></interpGrp>
      <interpGrp type="volume"><interp>2</interp></interpGrp>
        <interpGrp type="n"><interp>V</interp></interpGrp>
      
      <interpGrp type="witnessYearLevel1_from"><interp>1655</interp></interpGrp>
      <interpGrp type="witnessYearLevel1_to"><interp>1655</interp></interpGrp>
      <interpGrp type="witnessMonthLevel1_to"><interp>2</interp></interpGrp>
      <interpGrp type="witnessMonthLevel1_from"><interp>2</interp></interpGrp>
      <interpGrp type="witnessDayLevel1_to"><interp>4</interp></interpGrp>
      <interpGrp type="witnessDayLevel1_from"><interp>4</interp></interpGrp>
      <interpGrp type="authorLevel1"><interp>Maetsuycker</interp><interp>Hulft</interp><interp>Hartzinck</interp><interp>Cunaeus</interp><interp>Verburch</interp><interp>Steur</interp></interpGrp>
      <interpGrp type="pid"><interp>INT_374ebb97-db52-3b34-ac1e-91e868a67dbe</interp></interpGrp>
    </bibl>
          </listBibl>
        </sourceDesc>
      </fileDesc>
    </teiHeader>
                <text xml:id="INT_374ebb97-db52-3b34-ac1e-91e868a67dbe.TEI.1.text.1">
                  <body xml:id="INT_374ebb97-db52-3b34-ac1e-91e868a67dbe.TEI.1.text.1.body.1">
                    <div xml:id="INT_374ebb97-db52-3b34-ac1e-91e868a67dbe.TEI.1.text.1.body.1.div.1">
        
              <pb xml:id="INT_374ebb97-db52-3b34-ac1e-91e868a67dbe.TEI.1.text.1.body.1.div.1.pb.1" n="820" facs="http://resources.huygens.knaw.nl/retroapp/service_generalemissiven/gm_02/images/gm_2_112_0820.tif"/><fw xml:id="INT_374ebb97-db52-3b34-ac1e-91e868a67dbe.TEI.1.text.1.body.1.div.1.fw.1" place="top" type="page-number" facs="#zone.4252565" xmlns="http://www.tei-c.org/ns/1.0">820</fw><fw xml:id="INT_374ebb97-db52-3b34-ac1e-91e868a67dbe.TEI.1.text.1.body.1.div.1.fw.2" place="top" type="head" facs="#zone.4252569" xmlns="http://www.tei-c.org/ns/1.0">Maetsuyker, Huift, Hartzinck, Cunaeus, Verburch, Steur, V, 16 februari 1655</fw><head xml:id="INT_374ebb97-db52-3b34-ac1e-91e868a67dbe.TEI.1.text.1.body.1.div.1.head.1" xml:lang="nl" rend="font-size: 10; text-align: justify; line-height: 11.7pt" xmlns="http://www.tei-c.org/ns/1.0"><hi rend="font-size:10; font-family:Liberation Serif; font-variant:small-caps" xml:lang="nl">V. JOAN MAETSUYKER, GERARjD</hi> HULET, CAREL HARTZINCK, JOAN<lb/> CUNAEUS, NICOLAES VERBURCH EN DIRCK STEUR, BATAVIA 4 febr.<lb/> 1655.<lb/></head><p xml:id="INT_374ebb97-db52-3b34-ac1e-91e868a67dbe.TEI.1.text.1.body.1.div.1.p.1" xml:lang="nl" rend="font-size: 9; text-align: justify; line-height: 10.0pt" xmlns="http://www.tei-c.org/ns/1.0">1093, fol. 180-181.<lb/></p><note xml:id="INT_374ebb97-db52-3b34-ac1e-91e868a67dbe.TEI.1.text.1.body.1.div.1.note.1" xml:lang="nl" place="inline" type="editorial-summary" resp="editor" rend="font-style: italic; line-height: 11.7pt; text-indent: 22.0pt; text-align: justify; font-size: 9" xmlns="http://www.tei-c.org/ns/1.0">(Op de vertrokken schepen , die door tegenwind nog voor Batavia liggen <hi rend="font-size:8.5; font-family:Liberation Serif" xml:lang="nl">,</hi> zijn 839<lb/> gegageerde koppen; de Hof van Zeelandt komt uit patria met 309 koppen , w.o. 114<lb/> soldaten; ze had 10 doden; 3 schepen uit Thaiwan met cargasoen van f. 1263993,<lb/> w.o. f. 282550 Chinees goud en f. 769500 schuitzilver, bestemd voor Suratte, Coromandel,<lb/> Bengalen, kwamen 25 dec. te Malakka).<lb/></note>
            
      </div>
                  </body>
                </text>
              </TEI>