<TEI xml:id="INT_f8bf07f1-6c60-355e-afde-781a63a01184" xmlns="http://www.tei-c.org/ns/1.0">
                <teiHeader>
      <fileDesc>
        <titleStmt>
          <title>Camphuys, Hurdt, Van Outhoorn, Pit en Van Quaelbergh, 19 febr. 1685</title>
        </titleStmt>
        <publicationStmt>
          <p>
            <date>19 febr. 1685</date>
            <idno type="sourceID">missiven:vol4</idno>
            <idno type="pid">INT_f8bf07f1-6c60-355e-afde-781a63a01184</idno>
          </p>
        </publicationStmt>
        <notesStmt>
          <note/>
        </notesStmt>
        <sourceDesc>
          <listBibl xml:id="inlMetadata">
            <bibl type="missive">
        <interpGrp type="page"><interp>780</interp></interpGrp>
        
      <interpGrp type="titleLevel1"><interp>Camphuys, Hurdt, Van Outhoorn, Pit en Van Quaelbergh, 19 febr. 1685</interp></interpGrp>
      <interpGrp type="dateLevel1"><interp>19 febr. 1685</interp></interpGrp>
        <interpGrp type="tocLevel"><interp>1</interp></interpGrp>
      <interpGrp type="volume"><interp>4</interp></interpGrp>
        <interpGrp type="n"><interp>VI</interp></interpGrp>
      
      <interpGrp type="witnessYearLevel1_from"><interp>1685</interp></interpGrp>
      <interpGrp type="witnessYearLevel1_to"><interp>1685</interp></interpGrp>
      <interpGrp type="witnessMonthLevel1_to"><interp>2</interp></interpGrp>
      <interpGrp type="witnessMonthLevel1_from"><interp>2</interp></interpGrp>
      <interpGrp type="witnessDayLevel1_to"><interp>19</interp></interpGrp>
      <interpGrp type="witnessDayLevel1_from"><interp>19</interp></interpGrp>
      <interpGrp type="authorLevel1"><interp>Camphuys</interp><interp>Hurdt</interp><interp>Van Outhoorn</interp><interp>Pit</interp><interp>Van Quaelbergh</interp></interpGrp>
      <interpGrp type="pid"><interp>INT_f8bf07f1-6c60-355e-afde-781a63a01184</interp></interpGrp>
    </bibl>
          </listBibl>
        </sourceDesc>
      </fileDesc>
    </teiHeader>
                <text xml:id="INT_f8bf07f1-6c60-355e-afde-781a63a01184.TEI.1.text.1">
                  <body xml:id="INT_f8bf07f1-6c60-355e-afde-781a63a01184.TEI.1.text.1.body.1">
                    <div xml:id="INT_f8bf07f1-6c60-355e-afde-781a63a01184.TEI.1.text.1.body.1.div.1">
        
              <pb xml:id="INT_f8bf07f1-6c60-355e-afde-781a63a01184.TEI.1.text.1.body.1.div.1.pb.1" n="780" facs="http://resources.huygens.knaw.nl/retroapp/service_generalemissiven/gm_04/images/gm_4_134_0780.tif"/><fw xml:id="INT_f8bf07f1-6c60-355e-afde-781a63a01184.TEI.1.text.1.body.1.div.1.fw.1" place="top" type="head" xml:lang="nl" rend="text-align:justify; line-height:11.1pt" facs="#zone.75156" xmlns="http://www.tei-c.org/ns/1.0">780 Campbuys, Hurdt, Van Outhoorn, Pit en Van Quaelbergh VI, 19 februari 1685</fw><head xml:id="INT_f8bf07f1-6c60-355e-afde-781a63a01184.TEI.1.text.1.body.1.div.1.head.1" xml:lang="nl" rend="font-size: 10; text-align: justify; line-height: 12.0pt" xmlns="http://www.tei-c.org/ns/1.0">VI. JOANNES CAMPHUYS, ANTHONIO HURDT, WILLEM VAN OUTHOORN,<lb/> MARTEN PIT EN CORNELIS VAN QUAELBERGH, BATAVIA<lb/> 19 februari 1685.<lb/></head><p xml:id="INT_f8bf07f1-6c60-355e-afde-781a63a01184.TEI.1.text.1.body.1.div.1.p.1" xml:lang="nl" rend="font-size: 8; text-align: justify; line-height: 12.0pt" xmlns="http://www.tei-c.org/ns/1.0">K.A. 1283, fol. 401-409.<lb/></p><note xml:id="INT_f8bf07f1-6c60-355e-afde-781a63a01184.TEI.1.text.1.body.1.div.1.note.1" xml:lang="nl" place="inline" type="editorial-summary" resp="editor" rend="font-style: italic; line-height: 11.7pt; text-indent: 23.0pt; text-align: justify; font-size: 9.5" xmlns="http://www.tei-c.org/ns/1.0">( De vorige twee retourschepen vertrokken 8 febr.; nu vertrekt de St. Maartensdijck<lb/> naar de Kamer Middelburg met carg. van <hi rend="font-size:9.5; font-family:Liberation Serif; font-weight:bold" xml:lang="nl">/.</hi> 115117 , vnl. textiel en voor <hi rend="font-size:9.5; font-family:Liberation Serif; font-weight:bold" xml:lang="nl">± /.</hi> 17600<lb/> peper; in totaal is met inbegrip van de lading van de Romeyn en de Juffrouw Anna<lb/> in het afscheepseizoen voor f. 4241780 naar patria gezonden; de Pulau Run <hi rend="font-size:9.5; font-family:Liberation Serif; font-weight:bold" xml:lang="nl">,</hi> 21 jan.<lb/> van Siam vertrokken <hi rend="font-size:9.5; font-family:Liberation Serif; font-weight:bold" xml:lang="nl">,</hi> kwam door slecht weer eerst 6 febr. aan , de Makassar nog niet;<lb/> uit Siam vertrokken 12 a 13 Engelse, Franse en Portugese scheepjes westwaarts, o.a.<lb/> met duur gekocht staaf koper <hi rend="font-size:9.5; font-family:Liberation Serif; font-weight:bold" xml:lang="nl">-</hi> )<lb/></note><p xml:id="INT_f8bf07f1-6c60-355e-afde-781a63a01184.TEI.1.text.1.body.1.div.1.p.2" resp="int_paragraph_joining" rend="">
              - van den bekenden Grieksen mandorijn, over wiens onredelijken<lb xmlns="http://www.tei-c.org/ns/1.0"/>handel bij een ijder wierd geklaagt, alsoo hij alles, dat daar aan de marct wierd<lb xmlns="http://www.tei-c.org/ns/1.0"/> gebragt, tot een lagen en geringen prijs aansloeg, hetwelk andre dan weder met een<lb xmlns="http://www.tei-c.org/ns/1.0"/> onbetamelijke winst hem mosten uyt de handen breken. Ook waren op hem zeer<lb xmlns="http://www.tei-c.org/ns/1.0"/> gebeten en verbittert het volk en de regenten tot Ligoor, apparent omdat hij haar<lb xmlns="http://www.tei-c.org/ns/1.0"/> den thin almede beneden den prijs en waarde, die door d’E. Comp.e daarvoor<lb xmlns="http://www.tei-c.org/ns/1.0"/> betaald werd, komt af te dwingen.<lb xmlns="http://www.tei-c.org/ns/1.0"/>
            </p><note xml:id="INT_f8bf07f1-6c60-355e-afde-781a63a01184.TEI.1.text.1.body.1.div.1.note.2" xml:lang="nl" place="inline" type="editorial-summary" resp="editor" rend="font-style: italic; line-height: 10.5pt; text-indent: 23.0pt; text-align: justify; font-size: 9.5" xmlns="http://www.tei-c.org/ns/1.0">(Met de Engelse Prospect vertrok van daar begin 1685 <hi rend="font-size:9.5; font-family:Liberation Serif; font-weight:bold" xml:lang="nl">-</hi> )<lb/></note><p xml:id="INT_f8bf07f1-6c60-355e-afde-781a63a01184.TEI.1.text.1.body.1.div.1.p.3" resp="int_paragraph_joining" rend="">
              - den bekenden Toncquinsen mextise Samuel Baron, die op dat<lb xmlns="http://www.tei-c.org/ns/1.0"/>scheepje de vlagge van de groote stengel voerde en, zoo gezegt wierd, een acte uyt<lb xmlns="http://www.tei-c.org/ns/1.0"/> Engeland zoude becomen hebben om het oppergezag te hebben over de comptoiren<lb xmlns="http://www.tei-c.org/ns/1.0"/> der Engelsse om de noord, in welke qualiteyt hij ook van die natie tot Siam was<lb xmlns="http://www.tei-c.org/ns/1.0"/> aangenomen en met hetselve scheepje vertrokken naar Bantam, alwaar vastgesteld<lb xmlns="http://www.tei-c.org/ns/1.0"/> wierd <hi rend="font-size:10; font-family:Liberation Serif; vertical-align:super" xml:lang="nl" xmlns="http://www.tei-c.org/ns/1.0">1),</hi> dat de hare weder een logie opgerigt en residentie genomen hadden, daarenboven<lb xmlns="http://www.tei-c.org/ns/1.0"/> uytstroyende ofte voorgevende, dat gem.te stad Bantam nu de hare, en<lb xmlns="http://www.tei-c.org/ns/1.0"/> Batavia belegert was, etc.a. In welke logens het schijnt, dat gem.ten Baron en<lb xmlns="http://www.tei-c.org/ns/1.0"/> andre Engelsse al vrij wat geloof gesteld ofte ten minsten gehoopt hebben, dat er<lb xmlns="http://www.tei-c.org/ns/1.0"/> yets van waar zoude wesen.<lb xmlns="http://www.tei-c.org/ns/1.0"/>
            </p><note xml:id="INT_f8bf07f1-6c60-355e-afde-781a63a01184.TEI.1.text.1.body.1.div.1.note.3" xml:lang="nl" place="inline" type="editorial-summary" resp="editor" rend="font-style: italic; line-height: 11.7pt; text-indent: 23.0pt; text-align: justify; font-size: 9.5" xmlns="http://www.tei-c.org/ns/1.0">( De Pulau Run passeerde de Prospect in Straat Bangka , vermoedelijk op weg naar<lb/> Batavia ) .<lb/></note><p xml:id="INT_f8bf07f1-6c60-355e-afde-781a63a01184.TEI.1.text.1.body.1.div.1.p.4" resp="int_paragraph_joining" rend="">
              Baron, zig agtende van voom.e Griek benadeelt en qual. gehandelt te zijn,<lb xmlns="http://www.tei-c.org/ns/1.0"/> denzelven hadde gedreygt, dat hij daarvan met magt van schepen en volk satisfactie<lb xmlns="http://www.tei-c.org/ns/1.0"/> zoude komen eysschen. Zeker particulier Engels coopman ofte capitain m.r<lb xmlns="http://www.tei-c.org/ns/1.0"/>Lamton <hi rend="font-size:10; font-family:Liberation Serif; vertical-align:super" xml:lang="nl" xmlns="http://www.tei-c.org/ns/1.0">2)</hi> - was door den Coning op ’tvoordragen van denselven Griek<lb xmlns="http://www.tei-c.org/ns/1.0"/>aangesteld tot gouverneur van Tannassery, waarnatoe hij eerlange te vertrekken<lb xmlns="http://www.tei-c.org/ns/1.0"/> stond en dan nog eenen m.r Tailleur <hi rend="font-size:10; font-family:Liberation Serif; vertical-align:super" xml:lang="nl" xmlns="http://www.tei-c.org/ns/1.0">3)</hi> na de grensen van Cambodia om aldaar Zijn<lb xmlns="http://www.tei-c.org/ns/1.0"/> May.te leger te helpen commanderen.<lb xmlns="http://www.tei-c.org/ns/1.0"/><note xml:id="INT_f8bf07f1-6c60-355e-afde-781a63a01184.TEI.1.text.1.body.1.div.1.p.4.note.1" xml:lang="nl" rend="font-size: 8; text-align: justify; line-height: 8.9pt; margin-left: 2200" xmlns="http://www.tei-c.org/ns/1.0">1) In de zin van : waarvan met zekerheid in Siam beweerd werd.<lb/></note><note xml:id="INT_f8bf07f1-6c60-355e-afde-781a63a01184.TEI.1.text.1.body.1.div.1.p.4.note.2" xml:lang="nl" rend="font-size: 8; text-align: justify; line-height: 9.6pt; margin-left: 2100" xmlns="http://www.tei-c.org/ns/1.0">2) Lambton.<lb/></note><note xml:id="INT_f8bf07f1-6c60-355e-afde-781a63a01184.TEI.1.text.1.body.1.div.1.p.4.note.3" xml:lang="nl" rend="font-size: 8; text-align: justify; line-height: 9.6pt; margin-left: 2100" xmlns="http://www.tei-c.org/ns/1.0">3) Taylour.<lb/></note><pb xml:id="INT_f8bf07f1-6c60-355e-afde-781a63a01184.TEI.1.text.1.body.1.div.1.p.4.pb.1" n="781" facs="http://resources.huygens.knaw.nl/retroapp/service_generalemissiven/gm_04/images/gm_4_134_0781.tif"/><fw xml:id="INT_f8bf07f1-6c60-355e-afde-781a63a01184.TEI.1.text.1.body.1.div.1.p.4.fw.1" place="top" type="head" facs="#zone.76940" xmlns="http://www.tei-c.org/ns/1.0">Camphuys, Hurdt, Van Outhoom, Pit en Van Quaelbergh VI, 19 februari 1685</fw><fw xml:id="INT_f8bf07f1-6c60-355e-afde-781a63a01184.TEI.1.text.1.body.1.div.1.p.4.fw.2" place="top" type="page-number" facs="#zone.76955" xmlns="http://www.tei-c.org/ns/1.0">781</fw>
            </p><note xml:id="INT_f8bf07f1-6c60-355e-afde-781a63a01184.TEI.1.text.1.body.1.div.1.note.4" xml:lang="nl" place="inline" type="editorial-summary" resp="editor" rend="font-style: italic; line-height: 12.3pt; text-indent: 22.0pt; text-align: justify; font-size: 10" xmlns="http://www.tei-c.org/ns/1.0">( De Nederlanders, uit Formosa verlost, kwamen met de Pulau Run naar Batavia;<lb/> berichten van 4 en 9 jan. uit Japan, 17 febr. ontvangen).<lb/></note><p xml:id="INT_f8bf07f1-6c60-355e-afde-781a63a01184.TEI.1.text.1.body.1.div.1.p.5" xml:lang="nl" rend="font-size: 10; text-align: justify; line-height: 11.7pt; text-indent: 22.0pt" xmlns="http://www.tei-c.org/ns/1.0">Int begin van januarij hadden de tolken beginnen te spreken van de te doene<lb/> schenckagie en d’onse gerecommandeert, dat se wilden eysschen eenige curieuse<lb/> bloedcoralen en agaatsteenen voor den Keyser, die volgens haar zeggen daarna al<lb/> verscheyde malen zouden hebben laten vragen, en wijders voor den gouverneur<lb/> sommige moye glaswerken, te weten bierglasen, romers en fluyten, benevens eenige<lb/> vierkante flesjes met tinne schroefjes, die hij van meeninge was selfs aan thof te<lb/> willen verschencken. De gevorderde 50 stux schrijf laatjes en 100 stux inctcokers<lb/> voor Bengale hadden de onse aanbesteed.<lb/></p><note xml:id="INT_f8bf07f1-6c60-355e-afde-781a63a01184.TEI.1.text.1.body.1.div.1.note.5" xml:lang="nl" place="inline" type="editorial-summary" resp="editor" rend="font-style: italic; line-height: 11.7pt; text-indent: 22.0pt; text-align: justify; font-size: 10" xmlns="http://www.tei-c.org/ns/1.0">(Voor 6 „verlacte comptoiren <hi rend="font-size:10; font-family:Liberation Serif" xml:lang="nl">”</hi> vroeg men 150 taël, men hoopt ze in Miacco voor<lb/> 100 te kopen; de zijdeprijzen waren gestegen tot 680 taël of f. 2380 voor witte Chinese<lb/> cabessa en f. 1190 voor Bengaalse het pikol van 125 <hi rend="font-size:10; font-family:Liberation Serif" xml:lang="nl">{D, -</hi> )<lb/></note><p xml:id="INT_f8bf07f1-6c60-355e-afde-781a63a01184.TEI.1.text.1.body.1.div.1.p.6" resp="int_paragraph_joining" rend="">
              - doordien alsnu, gelijk voorheen, het dragen van zijde-rokken weder<lb xmlns="http://www.tei-c.org/ns/1.0"/>quam door te breken, twelk eenigen tijt verboden was geweest, zijnde zulx door<lb xmlns="http://www.tei-c.org/ns/1.0"/>den omt leven gebragten eersten rijxraad Sicusienno Camisamma - inge-<lb xmlns="http://www.tei-c.org/ns/1.0"/>voert, welkers ongelukkig eynde niet seer en wierde beclaagt -<lb xmlns="http://www.tei-c.org/ns/1.0"/>
            </p><note xml:id="INT_f8bf07f1-6c60-355e-afde-781a63a01184.TEI.1.text.1.body.1.div.1.note.6" xml:lang="nl" place="inline" type="editorial-summary" resp="editor" rend="font-style: italic; line-height: 11.1pt; text-indent: 22.0pt; text-align: justify; font-size: 10" xmlns="http://www.tei-c.org/ns/1.0">( <hi rend="font-size:10; font-family:Liberation Serif" xml:lang="nl">-</hi> wegens zijn hébzucht, terwijl de geachte tweede ordinaris raad Canga-<lb/></note><note xml:id="INT_f8bf07f1-6c60-355e-afde-781a63a01184.TEI.1.text.1.body.1.div.1.note.7" xml:lang="nl" place="inline" type="editorial-summary" resp="editor" rend="font-size: 10; font-style: italic; text-align: justify; line-height: 11.1pt" xmlns="http://www.tei-c.org/ns/1.0">samma hem opvolgt; op 18 febr. <hi rend="font-size:10; font-family:Liberation Serif" xml:lang="nl">-</hi> )<lb/></note><p xml:id="INT_f8bf07f1-6c60-355e-afde-781a63a01184.TEI.1.text.1.body.1.div.1.p.7" resp="int_paragraph_joining" rend="">
              - stond des Keysers dogter, oud ongevaar 13 jaren, uytgehuwelijkt te<lb xmlns="http://www.tei-c.org/ns/1.0"/>werden aan de zoon van de h.r van Kunokuny, een jongeling van 18 è, 19 jaren, tot<lb xmlns="http://www.tei-c.org/ns/1.0"/> hetwelke nu overal een grooten toestal wierd gemaakt, maar had Sijn May.4 de<lb xmlns="http://www.tei-c.org/ns/1.0"/> landheeren en hovelingen laten aanseggen aan dit jonge paar niet anders te zullen<lb xmlns="http://www.tei-c.org/ns/1.0"/> mogen verschencken, als hij haar selfs voorschrijven zoude, twelk eenige geloofde,<lb xmlns="http://www.tei-c.org/ns/1.0"/> dat geschiede om zommige grooten (die de liberale willende spelen) te beletten, dat<lb xmlns="http://www.tei-c.org/ns/1.0"/> se niet gaan zouden boven haar vermogen, nadien zulx dog hun arme landsaten en<lb xmlns="http://www.tei-c.org/ns/1.0"/> onderdanen, die de Keyser van nature genegen was, mosten ontgelden, maar waren<lb xmlns="http://www.tei-c.org/ns/1.0"/> weder andre van gevoelen, dat Zijn May.te insigten lagen om zijn nieuwen schoonzoon,<lb xmlns="http://www.tei-c.org/ns/1.0"/> welkers vader een man van zeer groote magt en middelen was, door ’t ontfangen<lb xmlns="http://www.tei-c.org/ns/1.0"/> van d 'overvloedige geschencken niet al te magtig te doen worden.<lb xmlns="http://www.tei-c.org/ns/1.0"/>
            </p><note xml:id="INT_f8bf07f1-6c60-355e-afde-781a63a01184.TEI.1.text.1.body.1.div.1.note.8" xml:lang="nl" place="inline" type="editorial-summary" resp="editor" rend="font-style: italic; line-height: 11.1pt; text-indent: 22.0pt; text-align: justify; font-size: 10" xmlns="http://www.tei-c.org/ns/1.0">( Men had van Chinezen vernomen, <hi rend="font-size:10; font-family:Liberation Serif" xml:lang="nl">-</hi> )<lb/></note><p xml:id="INT_f8bf07f1-6c60-355e-afde-781a63a01184.TEI.1.text.1.body.1.div.1.p.8" resp="int_paragraph_joining" rend="">
              - dat den Tartarsen Keyser onlangs met een gevolg van wel 30000 man<lb xmlns="http://www.tei-c.org/ns/1.0"/>personel. in Nankin was geweest, van waar hij, alles wel bezigtigt hebbende, weder<lb xmlns="http://www.tei-c.org/ns/1.0"/> na Peckin was gekeert, welke tijdinge, hoewel de Japanders het met alle vermogen<lb xmlns="http://www.tei-c.org/ns/1.0"/> zogten te verbergen en te ontveynsen, geen kleene bedeestheyd en becommeringe<lb xmlns="http://www.tei-c.org/ns/1.0"/> hadde veroorsaakt.<lb xmlns="http://www.tei-c.org/ns/1.0"/>
            </p><note xml:id="INT_f8bf07f1-6c60-355e-afde-781a63a01184.TEI.1.text.1.body.1.div.1.note.9" xml:lang="nl" place="inline" type="editorial-summary" resp="editor" rend="font-style: italic; line-height: 11.7pt; text-indent: 22.0pt; text-align: justify; font-size: 10" xmlns="http://www.tei-c.org/ns/1.0">( De gezanten van den Susuhunan vertrokken 19 febr. mei eigen vaartuigen, tegelijk<lb/> het nieuwe opperhoofd van Japara Joannes de Hartog; Makassaren enz. worden<lb/> van daar naar Makassar teruggebracht; Camphuys zal voorlopig aanblijven, maar hij<lb/> zag zich graag ontslagen ) .<lb/></note>
            
      </div>
                  </body>
                </text>
              </TEI>