<TEI xml:id="INT_556a1c0a-9511-3863-b9ac-582776a861fe" xmlns="http://www.tei-c.org/ns/1.0">
                <teiHeader>
      <fileDesc>
        <titleStmt>
          <title>Van Goens, Speelman, Bort, Hurdt, Van Outhoorn en Bent, 30 aug. 1681</title>
        </titleStmt>
        <publicationStmt>
          <p>
            <date>30 aug. 1681</date>
            <idno type="sourceID">missiven:vol4</idno>
            <idno type="pid">INT_556a1c0a-9511-3863-b9ac-582776a861fe</idno>
          </p>
        </publicationStmt>
        <notesStmt>
          <note/>
        </notesStmt>
        <sourceDesc>
          <listBibl xml:id="inlMetadata">
            <bibl type="missive">
        <interpGrp type="page"><interp>480</interp></interpGrp>
        
      <interpGrp type="titleLevel1"><interp>Van Goens, Speelman, Bort, Hurdt, Van Outhoorn en Bent, 30 aug. 1681</interp></interpGrp>
      <interpGrp type="dateLevel1"><interp>30 aug. 1681</interp></interpGrp>
        <interpGrp type="tocLevel"><interp>1</interp></interpGrp>
      <interpGrp type="volume"><interp>4</interp></interpGrp>
        <interpGrp type="n"><interp>XX</interp></interpGrp>
      
      <interpGrp type="witnessYearLevel1_from"><interp>1681</interp></interpGrp>
      <interpGrp type="witnessYearLevel1_to"><interp>1681</interp></interpGrp>
      <interpGrp type="witnessMonthLevel1_to"><interp>8</interp></interpGrp>
      <interpGrp type="witnessMonthLevel1_from"><interp>8</interp></interpGrp>
      <interpGrp type="witnessDayLevel1_to"><interp>30</interp></interpGrp>
      <interpGrp type="witnessDayLevel1_from"><interp>30</interp></interpGrp>
      <interpGrp type="authorLevel1"><interp>Van Goens</interp><interp>Speelman</interp><interp>Bort</interp><interp>Hurdt</interp><interp>Van Outhoorn</interp><interp>Bent</interp></interpGrp>
      <interpGrp type="pid"><interp>INT_556a1c0a-9511-3863-b9ac-582776a861fe</interp></interpGrp>
    </bibl>
          </listBibl>
        </sourceDesc>
      </fileDesc>
    </teiHeader>
                <text xml:id="INT_556a1c0a-9511-3863-b9ac-582776a861fe.TEI.1.text.1">
                  <body xml:id="INT_556a1c0a-9511-3863-b9ac-582776a861fe.TEI.1.text.1.body.1">
                    <div xml:id="INT_556a1c0a-9511-3863-b9ac-582776a861fe.TEI.1.text.1.body.1.div.1">
        
              <pb xml:id="INT_556a1c0a-9511-3863-b9ac-582776a861fe.TEI.1.text.1.body.1.div.1.pb.1" n="480" facs="http://resources.huygens.knaw.nl/retroapp/service_generalemissiven/gm_04/images/gm_4_134_0480.tif"/><fw xml:id="INT_556a1c0a-9511-3863-b9ac-582776a861fe.TEI.1.text.1.body.1.div.1.fw.1" place="top" type="page-number" facs="#zone.4400685" xmlns="http://www.tei-c.org/ns/1.0">480</fw><fw xml:id="INT_556a1c0a-9511-3863-b9ac-582776a861fe.TEI.1.text.1.body.1.div.1.fw.2" place="top" type="head" facs="#zone.4400689" xmlns="http://www.tei-c.org/ns/1.0">Van Goens, Speelman, Bort, Hurdt, Van Outhoom, enz. XX, 30 augustus 1681</fw><head xml:id="INT_556a1c0a-9511-3863-b9ac-582776a861fe.TEI.1.text.1.body.1.div.1.head.1" xml:lang="nl" rend="font-size: 10; text-align: justify; line-height: 11.7pt" xmlns="http://www.tei-c.org/ns/1.0">XX. RYCKLOFF VAN GOENS, CORNELIS SPEELMAN, BALTHASAR<lb/> BORT, ANTHONIO HURDT, WILLEM VAN OUTHOORN EN FREDERIK<lb/> BENT, BATAVIA 30 aug. 1681.<lb/></head><p xml:id="INT_556a1c0a-9511-3863-b9ac-582776a861fe.TEI.1.text.1.body.1.div.1.p.1" xml:lang="nl" rend="font-size: 8; text-align: justify; line-height: 8.9pt" xmlns="http://www.tei-c.org/ns/1.0">1252, fol. 133-140.<lb/></p><note xml:id="INT_556a1c0a-9511-3863-b9ac-582776a861fe.TEI.1.text.1.body.1.div.1.note.1" xml:lang="nl" place="inline" type="editorial-summary" resp="editor" rend="font-style: italic; line-height: 11.7pt; text-indent: 22.0pt; text-align: justify; font-size: 9.5" xmlns="http://www.tei-c.org/ns/1.0">( Vgl. <hi rend="font-size:10; font-family:Liberation Serif" xml:lang="nl">Daghregisters</hi> 1681, p. 450-529; de Siamese gezanten vertrekken met de<lb/> Soleil d'Orient naar Frankrijk ; de vier in Augustus uit Palerribang gekomen Cies.<lb/> schepen brachten 12 904 pikol peper over, waarvan 2019 onderweg is overgeladen in<lb/> twee jachten, naar China varend; Tack zond van Palembang ook 700 Makassaren,<lb/> Boeginezen en Maleiers op; in Banda zeer grote notemuscaatoogst verwacht; de fluit<lb/> Saxenburg zal worden opgelegd; toenemende roverijen der Bantammers, <hi rend="font-size:10; font-family:Liberation Serif" xml:lang="nl">-</hi> )<lb/></note><p xml:id="INT_556a1c0a-9511-3863-b9ac-582776a861fe.TEI.1.text.1.body.1.div.1.p.2" resp="int_paragraph_joining" rend="">
              - zoodat wij genootsaakt werden wederom eenige oorlogsvaartuygen<lb xmlns="http://www.tei-c.org/ns/1.0"/>tot bescherminge der gaande en comende contings, tingans ende andere coopvaardyebodempties<lb xmlns="http://www.tei-c.org/ns/1.0"/> uyt te zenden om de noortcust deses eylandts, om de oost van<lb xmlns="http://www.tei-c.org/ns/1.0"/> Batavia gelegen, voor dese smalle soetelaars te veyligen, alsoo dese stadt door<lb xmlns="http://www.tei-c.org/ns/1.0"/> het aanbrengen van rijs, zuyckeren ende andere behoeften daaraen ten hoogsten<lb xmlns="http://www.tei-c.org/ns/1.0"/> gelegen is.<lb xmlns="http://www.tei-c.org/ns/1.0"/><note xml:id="INT_556a1c0a-9511-3863-b9ac-582776a861fe.TEI.1.text.1.body.1.div.1.p.2.note.1" xml:lang="nl" rend="font-size: 8; text-align: justify; line-height: 8.9pt; text-indent: 22.0pt" xmlns="http://www.tei-c.org/ns/1.0">1) Tronisch gebruikt voor zeerovers -kleine -stijl.<lb/></note>
            
      
            </p></div>
                  </body>
                </text>
              </TEI>