<TEI xml:id="INT_76002ccd-0fe9-3e2b-9f26-e57b88392ea8" xmlns="http://www.tei-c.org/ns/1.0">
                <teiHeader>
      <fileDesc>
        <titleStmt>
          <title>Van Goens, Speelman, Bort, Hurdt, Blom en Camphuys, 14 dec. 1679</title>
        </titleStmt>
        <publicationStmt>
          <p>
            <date>14 dec. 1679</date>
            <idno type="sourceID">missiven:vol4</idno>
            <idno type="pid">INT_76002ccd-0fe9-3e2b-9f26-e57b88392ea8</idno>
          </p>
        </publicationStmt>
        <notesStmt>
          <note/>
        </notesStmt>
        <sourceDesc>
          <listBibl xml:id="inlMetadata">
            <bibl type="missive">
        <interpGrp type="page"><interp>372</interp></interpGrp>
        
      <interpGrp type="titleLevel1"><interp>Van Goens, Speelman, Bort, Hurdt, Blom en Camphuys, 14 dec. 1679</interp></interpGrp>
      <interpGrp type="dateLevel1"><interp>14 dec. 1679</interp></interpGrp>
        <interpGrp type="tocLevel"><interp>1</interp></interpGrp>
      <interpGrp type="volume"><interp>4</interp></interpGrp>
        <interpGrp type="n"><interp>XII</interp></interpGrp>
      
      <interpGrp type="witnessYearLevel1_from"><interp>1679</interp></interpGrp>
      <interpGrp type="witnessYearLevel1_to"><interp>1679</interp></interpGrp>
      <interpGrp type="witnessMonthLevel1_to"><interp>12</interp></interpGrp>
      <interpGrp type="witnessMonthLevel1_from"><interp>12</interp></interpGrp>
      <interpGrp type="witnessDayLevel1_to"><interp>14</interp></interpGrp>
      <interpGrp type="witnessDayLevel1_from"><interp>14</interp></interpGrp>
      <interpGrp type="authorLevel1"><interp>Van Goens</interp><interp>Speelman</interp><interp>Bort</interp><interp>Hurdt</interp><interp>Blom</interp><interp>Camphuys</interp></interpGrp>
      <interpGrp type="pid"><interp>INT_76002ccd-0fe9-3e2b-9f26-e57b88392ea8</interp></interpGrp>
    </bibl>
          </listBibl>
        </sourceDesc>
      </fileDesc>
    </teiHeader>
                <text xml:id="INT_76002ccd-0fe9-3e2b-9f26-e57b88392ea8.TEI.1.text.1">
                  <body xml:id="INT_76002ccd-0fe9-3e2b-9f26-e57b88392ea8.TEI.1.text.1.body.1">
                    <div xml:id="INT_76002ccd-0fe9-3e2b-9f26-e57b88392ea8.TEI.1.text.1.body.1.div.1">
        
              <pb xml:id="INT_76002ccd-0fe9-3e2b-9f26-e57b88392ea8.TEI.1.text.1.body.1.div.1.pb.1" n="372" facs="http://resources.huygens.knaw.nl/retroapp/service_generalemissiven/gm_04/images/gm_4_134_0372.tif"/><fw xml:id="INT_76002ccd-0fe9-3e2b-9f26-e57b88392ea8.TEI.1.text.1.body.1.div.1.fw.1" place="top" type="page-number" facs="#zone.4126229" xmlns="http://www.tei-c.org/ns/1.0">372</fw><fw xml:id="INT_76002ccd-0fe9-3e2b-9f26-e57b88392ea8.TEI.1.text.1.body.1.div.1.fw.2" place="top" type="head" facs="#zone.4126233" xmlns="http://www.tei-c.org/ns/1.0">Van Goens, Speelman, Bort, Hurdt, Blom en Camphuys, XII, 14 december 1679</fw><head xml:id="INT_76002ccd-0fe9-3e2b-9f26-e57b88392ea8.TEI.1.text.1.body.1.div.1.head.1" xml:lang="nl" rend="font-size: 10; text-align: justify; line-height: 12.0pt" xmlns="http://www.tei-c.org/ns/1.0">XII. RYCKLOFF VAN GOENS, CORNELIS SPEELMAN, BALTHASAR<lb/> BORT, ANTHONIO HURDT, DIRCK BLOM EN JOANNES CAMPHUYS,<lb/> BATAVIA 14 december 1679.<lb/></head><p xml:id="INT_76002ccd-0fe9-3e2b-9f26-e57b88392ea8.TEI.1.text.1.body.1.div.1.p.1" xml:lang="nl" rend="font-size: 8; text-align: justify; line-height: 12.0pt" xmlns="http://www.tei-c.org/ns/1.0">1230, fol. 685-687.<lb/></p><note xml:id="INT_76002ccd-0fe9-3e2b-9f26-e57b88392ea8.TEI.1.text.1.body.1.div.1.note.1" xml:lang="nl" place="inline" type="editorial-summary" resp="editor" rend="font-size: 10; font-style: italic; text-align: right; line-height: 11.1pt" xmlns="http://www.tei-c.org/ns/1.0">(Vgl. <hi rend="font-size:10; font-family:Liberation Serif" xml:lang="nl">Daghregisters</hi> 1679, p. 567-568; gegevens over Dirck Thijmensz. deJon-ge).<lb/></note>
            
      </div>
                  </body>
                </text>
              </TEI>