<TEI xml:id="INT_1b660fcc-7500-35ef-a6e3-e0a4159d3ffa" xmlns="http://www.tei-c.org/ns/1.0">
                <teiHeader>
      <fileDesc>
        <titleStmt>
          <title>Hurdt, Camphuys, Pit, Schaghen en Van Hoorn, 24 dec. 1683</title>
        </titleStmt>
        <publicationStmt>
          <p>
            <date>24 dec. 1683</date>
            <idno type="sourceID">missiven:vol4</idno>
            <idno type="pid">INT_1b660fcc-7500-35ef-a6e3-e0a4159d3ffa</idno>
          </p>
        </publicationStmt>
        <notesStmt>
          <note/>
        </notesStmt>
        <sourceDesc>
          <listBibl xml:id="inlMetadata">
            <bibl type="missive">
        <interpGrp type="page"><interp>598</interp></interpGrp>
        
      <interpGrp type="titleLevel1"><interp>Hurdt, Camphuys, Pit, Schaghen en Van Hoorn, 24 dec. 1683</interp></interpGrp>
      <interpGrp type="dateLevel1"><interp>24 dec. 1683</interp></interpGrp>
        <interpGrp type="tocLevel"><interp>1</interp></interpGrp>
      <interpGrp type="volume"><interp>4</interp></interpGrp>
        <interpGrp type="n"><interp>VIIIA</interp></interpGrp>
      
      <interpGrp type="witnessYearLevel1_from"><interp>1683</interp></interpGrp>
      <interpGrp type="witnessYearLevel1_to"><interp>1683</interp></interpGrp>
      <interpGrp type="witnessMonthLevel1_to"><interp>12</interp></interpGrp>
      <interpGrp type="witnessMonthLevel1_from"><interp>12</interp></interpGrp>
      <interpGrp type="witnessDayLevel1_to"><interp>24</interp></interpGrp>
      <interpGrp type="witnessDayLevel1_from"><interp>24</interp></interpGrp>
      <interpGrp type="authorLevel1"><interp>Hurdt</interp><interp>Camphuys</interp><interp>Pit</interp><interp>Schaghen</interp><interp>Van Hoorn</interp></interpGrp>
      <interpGrp type="pid"><interp>INT_1b660fcc-7500-35ef-a6e3-e0a4159d3ffa</interp></interpGrp>
    </bibl>
          </listBibl>
        </sourceDesc>
      </fileDesc>
    </teiHeader>
                <text xml:id="INT_1b660fcc-7500-35ef-a6e3-e0a4159d3ffa.TEI.1.text.1">
                  <body xml:id="INT_1b660fcc-7500-35ef-a6e3-e0a4159d3ffa.TEI.1.text.1.body.1">
                    <div xml:id="INT_1b660fcc-7500-35ef-a6e3-e0a4159d3ffa.TEI.1.text.1.body.1.div.1">
        
              <pb xml:id="INT_1b660fcc-7500-35ef-a6e3-e0a4159d3ffa.TEI.1.text.1.body.1.div.1.pb.1" n="598" facs="http://resources.huygens.knaw.nl/retroapp/service_generalemissiven/gm_04/images/gm_4_134_0598.tif"/><fw xml:id="INT_1b660fcc-7500-35ef-a6e3-e0a4159d3ffa.TEI.1.text.1.body.1.div.1.fw.1" place="top" type="page-number" facs="#zone.4682332" xmlns="http://www.tei-c.org/ns/1.0">598</fw><fw xml:id="INT_1b660fcc-7500-35ef-a6e3-e0a4159d3ffa.TEI.1.text.1.body.1.div.1.fw.2" place="top" type="head" facs="#zone.4682336" xmlns="http://www.tei-c.org/ns/1.0">Hurdt, Camphuys, Pit, Schaghen en Van Hoorn VTHA, 24 december 1683</fw><head xml:id="INT_1b660fcc-7500-35ef-a6e3-e0a4159d3ffa.TEI.1.text.1.body.1.div.1.head.1" xml:lang="nl" rend="font-size: 10; text-align: justify; line-height: 12.0pt" xmlns="http://www.tei-c.org/ns/1.0">VIIIA. ANTHONIO HURDT, JOANNES CAMPHUYS, MAKTEN PIT, NICOLAAS<lb/> SCHAGHEN EN JOAN VAN HOORN, BATAVIA 24 december 1683.<lb/></head><p xml:id="INT_1b660fcc-7500-35ef-a6e3-e0a4159d3ffa.TEI.1.text.1.body.1.div.1.p.1" xml:lang="nl" rend="font-size: 7.5; text-align: justify; line-height: 8.3pt" xmlns="http://www.tei-c.org/ns/1.0">1271, fol. 574-579.<lb/></p><note xml:id="INT_1b660fcc-7500-35ef-a6e3-e0a4159d3ffa.TEI.1.text.1.body.1.div.1.note.1" xml:lang="nl" place="inline" type="editorial-summary" resp="editor" rend="font-style: italic; line-height: 11.7pt; text-indent: 23.0pt; text-align: justify; font-size: 9" xmlns="http://www.tei-c.org/ns/1.0">(De raden beklagen zich over het optreden van Speelman , vgl. <hi rend="font-size:10; font-family:Liberation Serif" xml:lang="nl">Opkomst</hi> VIII ,<lb/><hi rend="font-size:9.5; font-family:Liberation Serif; font-style:italic; font-weight:bold" xml:lang="nl">p.</hi> II-III; deels zijn zij onkundig gelaten, deels voelen zij zich bezwaard over veel wat<lb/> plaats vond, daar van de orders van Heren XVII werd af geweken; nog bij schrijven<lb/> van 20 jan. 1681 hadden die Heren de last herhaald de retourvloot steeds begin december<lb/> te laten vertrekken en nooit later dan de 15. <hi rend="font-size:9; font-family:Liberation Serif; font-style:italic; vertical-align:super" xml:lang="nl">e;</hi> de raden besloten <hi rend="font-size:10; font-family:Liberation Serif" xml:lang="nl">-</hi> )<lb/></note><p xml:id="INT_1b660fcc-7500-35ef-a6e3-e0a4159d3ffa.TEI.1.text.1.body.1.div.1.p.2" resp="int_paragraph_joining" rend="">
              - den 19.e novemb.e, als meynende, dat doenmaals den tijdt voor dit<lb xmlns="http://www.tei-c.org/ns/1.0"/>jaar en ’t saysoen alweder vrij verre genoegh verloopen waare, ons te addresseren<lb xmlns="http://www.tei-c.org/ns/1.0"/> aan den eersten raat en Directeur- Generaal d’ H.r Balthazar Bort om te hooren<lb xmlns="http://www.tei-c.org/ns/1.0"/> ende te vernemen, off wij van zijn E. op de voorgenome tekennenge vingen en<lb xmlns="http://www.tei-c.org/ns/1.0"/> vragen eenige ware reden van verligtinge ontrent onse beswaarnissen souden<lb xmlns="http://www.tei-c.org/ns/1.0"/> konnen te weten komen.<lb xmlns="http://www.tei-c.org/ns/1.0"/>
            </p><p xml:id="INT_1b660fcc-7500-35ef-a6e3-e0a4159d3ffa.TEI.1.text.1.body.1.div.1.p.3" resp="int_paragraph_joining" rend="">
              - Dogh daardoor en daarmede niet alleen van een sober berigt en<lb xmlns="http://www.tei-c.org/ns/1.0"/>onderigt gedient, maar oock naar verloop van nog veele dagen geenige nader<lb xmlns="http://www.tei-c.org/ns/1.0"/> openinge ontwaarende ofte wijs werdende, soo konden wij evenwel niet stille staan<lb xmlns="http://www.tei-c.org/ns/1.0"/> onse begonne devoiren eenigksints nader te vervolgen. Dogh zijn buyten verwagtinge<lb xmlns="http://www.tei-c.org/ns/1.0"/> in dien deele al weder merckelijck verset en op den 2.e deser mettet subijt<lb xmlns="http://www.tei-c.org/ns/1.0"/> toebrengen van het concept der inleydinge van de nu overgaande Generale Missive<lb xmlns="http://www.tei-c.org/ns/1.0"/> aan Uw WelEd.e8 <hi rend="font-size:10; font-family:Liberation Serif; vertical-align:super" xml:lang="nl" xmlns="http://www.tei-c.org/ns/1.0">x)</hi> soo verre geobrueert <hi rend="font-size:10; font-family:Liberation Serif; vertical-align:super" xml:lang="nl" xmlns="http://www.tei-c.org/ns/1.0">1 2),</hi> dat te rade wierden ons daarop soodanigh<lb xmlns="http://www.tei-c.org/ns/1.0"/> nader te verclaren en vervolgens uyt de onverwagte bescheyden en door de<lb xmlns="http://www.tei-c.org/ns/1.0"/> mont van den e. secretaris Jacob van Dam <hi rend="font-size:10; font-family:Liberation Serif; vertical-align:super" xml:lang="nl" xmlns="http://www.tei-c.org/ns/1.0">3)</hi> te onttrecken en te praeca veren <hi rend="font-size:10; font-family:Liberation Serif; vertical-align:super" xml:lang="nl" xmlns="http://www.tei-c.org/ns/1.0">4)</hi><lb xmlns="http://www.tei-c.org/ns/1.0"/>wegens eenige (buyten raatspleginge) opgestelde poincten en expressiën in saaken<lb xmlns="http://www.tei-c.org/ns/1.0"/> van geen geringh belangh.<lb xmlns="http://www.tei-c.org/ns/1.0"/>
            </p><note xml:id="INT_1b660fcc-7500-35ef-a6e3-e0a4159d3ffa.TEI.1.text.1.body.1.div.1.note.2" xml:lang="nl" place="inline" type="editorial-summary" resp="editor" rend="font-style: italic; line-height: 11.7pt; text-indent: 23.0pt; text-align: justify; font-size: 9" xmlns="http://www.tei-c.org/ns/1.0">( De raden bedoelden slechts het tijdige vertrek der schepen te bevorderen; Speelman<lb/> en Bort trekken zich ook in andere zaken niets van hun opmerkingen aan, hierover<lb/> willen de raden later schrijven; volgt het, zij het, in gemoderniseerde taal en verkort,<lb/><hi rend="font-size:10; font-family:Liberation Serif" xml:lang="nl">Opkomst</hi> VIII, p. III -IV af gedrukte; de raden hebben er bezwaar tegen in eens de<lb/> resolutiën over een geheel jaar of langer te moeten bekrachtigen, men heeft die nu in zo<lb/> lange tijd niet gezien; Schaghen, vice-president van den Raad van Justitie, heeft<lb/> ook bezwaren tegen den president Van Outhoorn in zake diens oordeel over het lid<lb/> van dien Raad Daniël Heyns; men verzoekt Heren <hi rend="font-size:9; font-family:Liberation Serif; font-style:italic; letter-spacing:1.0pt" xml:lang="nl">XVII,</hi> <hi rend="font-size:10; font-family:Liberation Serif" xml:lang="nl">-</hi> <hi rend="font-size:9; font-family:Liberation Serif; font-style:italic; letter-spacing:1.0pt" xml:lang="nl">)</hi><lb/></note><p xml:id="INT_1b660fcc-7500-35ef-a6e3-e0a4159d3ffa.TEI.1.text.1.body.1.div.1.p.4" resp="int_paragraph_joining" rend="">
              - dat het ons ten besten geduyt en niet qualijck af genomen mogte<lb xmlns="http://www.tei-c.org/ns/1.0"/>worden, indien wij ons genootsaakt vonden het teeckenen van de gemte resolutiën<lb xmlns="http://www.tei-c.org/ns/1.0"/> off wel een gedeelte daarvan, als se eyndelijck eens voor den dagh zullen komen,<lb xmlns="http://www.tei-c.org/ns/1.0"/><note xml:id="INT_1b660fcc-7500-35ef-a6e3-e0a4159d3ffa.TEI.1.text.1.body.1.div.1.p.4.note.1" xml:lang="nl" rend="font-size: 7.5; text-align: justify; line-height: 9.6pt; margin-left: 2200" xmlns="http://www.tei-c.org/ns/1.0">1) Nr. IX, van 31 dec. 1683.<lb/></note><note xml:id="INT_1b660fcc-7500-35ef-a6e3-e0a4159d3ffa.TEI.1.text.1.body.1.div.1.p.4.note.2" xml:lang="nl" rend="font-size: 7.5; text-align: justify; line-height: 9.6pt; margin-left: 2200" xmlns="http://www.tei-c.org/ns/1.0">2) Geobrueert, vernietigd.<lb/></note><note xml:id="INT_1b660fcc-7500-35ef-a6e3-e0a4159d3ffa.TEI.1.text.1.body.1.div.1.p.4.note.3" xml:lang="nl" rend="font-size: 7.5; text-align: justify; line-height: 9.6pt; text-indent: 22.0pt" xmlns="http://www.tei-c.org/ns/1.0">3) Mr. Jacob van Dam, 1661 onderkoopman en bgw. lid van de Raad van Justitie, aug.<lb/> 1664 gewoon lid, juni 1673 secr. van schepenen, aug. 1682 secretaris van de Hoge Regering,<lb/> aug. 1684 buiten gage en bediening gesteld ,oct. 1691 vice-president van de Raad van Justitie,<lb/> sept. 1698 extraord. raad van Indië, gestorven 1704.<lb/></note><note xml:id="INT_1b660fcc-7500-35ef-a6e3-e0a4159d3ffa.TEI.1.text.1.body.1.div.1.p.4.note.4" xml:lang="nl" rend="font-size: 7.5; text-align: justify; line-height: 9.6pt; margin-left: 2100" xmlns="http://www.tei-c.org/ns/1.0">4) Praecaveren, voorbehoud nemen, zich in acht nemen.<lb/></note><pb xml:id="INT_1b660fcc-7500-35ef-a6e3-e0a4159d3ffa.TEI.1.text.1.body.1.div.1.p.4.pb.1" n="599" facs="http://resources.huygens.knaw.nl/retroapp/service_generalemissiven/gm_04/images/gm_4_134_0599.tif"/><fw xml:id="INT_1b660fcc-7500-35ef-a6e3-e0a4159d3ffa.TEI.1.text.1.body.1.div.1.p.4.fw.1" place="top" type="head" facs="#zone.4684270" xmlns="http://www.tei-c.org/ns/1.0">Hurdt, Camphuys, Pit, Schaghen en Van Hoorn VIIIA, 24 december 1683</fw><fw xml:id="INT_1b660fcc-7500-35ef-a6e3-e0a4159d3ffa.TEI.1.text.1.body.1.div.1.p.4.fw.2" place="top" type="page-number" facs="#zone.4684364" xmlns="http://www.tei-c.org/ns/1.0">599</fw>te excuseren, willende geerne bekennen onse geheugenisse sooveel niet te connen<lb xmlns="http://www.tei-c.org/ns/1.0"/> toebetrouwen, dat wij met gerustheyt zouden mogen verclaren ende met onse<lb xmlns="http://www.tei-c.org/ns/1.0"/> onderteeckeningh bekragtigen, dat het opgestelde zoodanigh oock was gearresteert<lb xmlns="http://www.tei-c.org/ns/1.0"/> ende vastgestelt ende datter niets en zoude zijn geomitteert ofte overgeslagen,<lb xmlns="http://www.tei-c.org/ns/1.0"/> zijnde wij buytendien oock niet buyten reden bedugt, dat verscheyde stellingen<lb xmlns="http://www.tei-c.org/ns/1.0"/> in de afgesondene brieven, die wij om rust en vreede te houden mede hebben onderteeckent,<lb xmlns="http://www.tei-c.org/ns/1.0"/> ons voor formele arresten en genomen resolutiën zullen worden aangereekent,<lb xmlns="http://www.tei-c.org/ns/1.0"/> schoon daarvan noyt in vergaderingh gesprooken ofte op gedelibereert<lb xmlns="http://www.tei-c.org/ns/1.0"/> is geworden.<lb xmlns="http://www.tei-c.org/ns/1.0"/>
            
      
            </p></div>
                  </body>
                </text>
              </TEI>