<TEI xml:id="INT_feb1057e-08cc-3b7d-a863-9fa7d6dee06c" xmlns="http://www.tei-c.org/ns/1.0">
                <teiHeader>
      <fileDesc>
        <titleStmt>
          <title>Van Goens, Speelman, Bort, Hurdt, Van Outhoorn, Camphuys en Bent, 29 nov. 1680</title>
        </titleStmt>
        <publicationStmt>
          <p>
            <date>29 nov. 1680</date>
            <idno type="sourceID">missiven:vol4</idno>
            <idno type="pid">INT_feb1057e-08cc-3b7d-a863-9fa7d6dee06c</idno>
          </p>
        </publicationStmt>
        <notesStmt>
          <note/>
        </notesStmt>
        <sourceDesc>
          <listBibl xml:id="inlMetadata">
            <bibl type="missive">
        <interpGrp type="page"><interp>416</interp></interpGrp>
        
      <interpGrp type="titleLevel1"><interp>Van Goens, Speelman, Bort, Hurdt, Van Outhoorn, Camphuys en Bent, 29 nov. 1680</interp></interpGrp>
      <interpGrp type="dateLevel1"><interp>29 nov. 1680</interp></interpGrp>
        <interpGrp type="tocLevel"><interp>1</interp></interpGrp>
      <interpGrp type="volume"><interp>4</interp></interpGrp>
        <interpGrp type="n"><interp>XV</interp></interpGrp>
      
      <interpGrp type="witnessYearLevel1_from"><interp>1680</interp></interpGrp>
      <interpGrp type="witnessYearLevel1_to"><interp>1680</interp></interpGrp>
      <interpGrp type="witnessMonthLevel1_to"><interp>11</interp></interpGrp>
      <interpGrp type="witnessMonthLevel1_from"><interp>11</interp></interpGrp>
      <interpGrp type="witnessDayLevel1_to"><interp>29</interp></interpGrp>
      <interpGrp type="witnessDayLevel1_from"><interp>29</interp></interpGrp>
      <interpGrp type="authorLevel1"><interp>Van Goens</interp><interp>Speelman</interp><interp>Bort</interp><interp>Hurdt</interp><interp>Van Outhoorn</interp><interp>Camphuys</interp><interp>Bent</interp></interpGrp>
      <interpGrp type="pid"><interp>INT_feb1057e-08cc-3b7d-a863-9fa7d6dee06c</interp></interpGrp>
    </bibl>
          </listBibl>
        </sourceDesc>
      </fileDesc>
    </teiHeader>
                <text xml:id="INT_feb1057e-08cc-3b7d-a863-9fa7d6dee06c.TEI.1.text.1">
                  <body xml:id="INT_feb1057e-08cc-3b7d-a863-9fa7d6dee06c.TEI.1.text.1.body.1">
                    <div xml:id="INT_feb1057e-08cc-3b7d-a863-9fa7d6dee06c.TEI.1.text.1.body.1.div.1">
        
              <pb xml:id="INT_feb1057e-08cc-3b7d-a863-9fa7d6dee06c.TEI.1.text.1.body.1.div.1.pb.1" n="416" facs="http://resources.huygens.knaw.nl/retroapp/service_generalemissiven/gm_04/images/gm_4_134_0416.tif"/><fw xml:id="INT_feb1057e-08cc-3b7d-a863-9fa7d6dee06c.TEI.1.text.1.body.1.div.1.fw.1" place="top" type="page-number" facs="#zone.4234582" xmlns="http://www.tei-c.org/ns/1.0">416</fw><fw xml:id="INT_feb1057e-08cc-3b7d-a863-9fa7d6dee06c.TEI.1.text.1.body.1.div.1.fw.2" place="top" type="head" facs="#zone.4234586" xmlns="http://www.tei-c.org/ns/1.0">Van Goens, Speelman, Bort, Hnrdt, Van Outhoorn, enz. XV, 29 november 1680</fw><head xml:id="INT_feb1057e-08cc-3b7d-a863-9fa7d6dee06c.TEI.1.text.1.body.1.div.1.head.1" xml:lang="nl" rend="font-size: 10; text-align: justify; line-height: 11.7pt" xmlns="http://www.tei-c.org/ns/1.0">XV. RYCKLOFF VAN GOENS, CORNELIS SPEELMAN, BALTHASAR<lb/> BORT, ANTHONIO HURDT, WILLEM VAN OUTHOORN, JOANNES<lb/> CAMPHUYS EN FREDERIK BENT, BATAVIA 29 nov. 1680.<lb/></head><p xml:id="INT_feb1057e-08cc-3b7d-a863-9fa7d6dee06c.TEI.1.text.1.body.1.div.1.p.1" xml:lang="nl" rend="font-size: 8; text-align: justify; line-height: 8.9pt" xmlns="http://www.tei-c.org/ns/1.0">1241, fol. 118-227.<lb/></p><note xml:id="INT_feb1057e-08cc-3b7d-a863-9fa7d6dee06c.TEI.1.text.1.body.1.div.1.note.1" xml:lang="nl" place="inline" type="editorial-summary" resp="editor" rend="font-style: italic; line-height: 12.0pt; text-indent: 22.0pt; text-align: justify; font-size: 10" xmlns="http://www.tei-c.org/ns/1.0">( Vgl. <hi rend="font-size:10; font-family:Liberation Serif" xml:lang="nl">Daghregisters</hi> 1680, p. 649-782; het schip Ceylon wordt verloren geacht;<lb/> de gouverneur van Amboina stelt voor <hi rend="font-size:10; font-family:Liberation Serif" xml:lang="nl">-</hi> )<lb/></note><p xml:id="INT_feb1057e-08cc-3b7d-a863-9fa7d6dee06c.TEI.1.text.1.body.1.div.1.p.2" resp="int_paragraph_joining" rend="">
              - een nieuwe hooftfortresse te begrijpen schuyns over tpresente casteel<lb xmlns="http://www.tei-c.org/ns/1.0"/>Victoria binne waart ter custe van Hitoe op een uytstekende hoek, genaamt<lb xmlns="http://www.tei-c.org/ns/1.0"/> Martin Alfonso <hi rend="font-size:10; font-family:Liberation Serif; vertical-align:super" xml:lang="nl" xmlns="http://www.tei-c.org/ns/1.0">1),</hi> dogh wert die plaatse, bij die onder ons aldaer ervaren zijn, soo<lb xmlns="http://www.tei-c.org/ns/1.0"/> gelegen nog op ver na soo bequaam niet aengesien, als daaraf wel wort geschreven.<lb xmlns="http://www.tei-c.org/ns/1.0"/><hi rend="font-size:8; font-family:Liberation Serif" xml:lang="nl" xmlns="http://www.tei-c.org/ns/1.0">Fol. 121*.</hi><lb xmlns="http://www.tei-c.org/ns/1.0"/>
            </p><note xml:id="INT_feb1057e-08cc-3b7d-a863-9fa7d6dee06c.TEI.1.text.1.body.1.div.1.note.2" xml:lang="nl" place="inline" type="editorial-summary" resp="editor" rend="font-style: italic; line-height: 11.7pt; text-indent: 22.0pt; text-align: justify; font-size: 10" xmlns="http://www.tei-c.org/ns/1.0">(Het garnizoen in het gouvernement Amboina is te zwak; op Manipa en Kelang<lb/> zijn 246 nagel- en 80 notebomen omgehakt <hi rend="font-size:10; font-family:Liberation Serif" xml:lang="nl">,</hi> op Buru 113 en 289; Padtbrugge kon nog<lb/> niet van de Molukken naar Banda vertrekken).<lb/></note><p xml:id="INT_feb1057e-08cc-3b7d-a863-9fa7d6dee06c.TEI.1.text.1.body.1.div.1.p.3" resp="int_paragraph_joining" rend="">
              Schijnende, gemelte gouvr Padbrugge in dese ontroerten <hi rend="font-size:10; font-family:Liberation Serif; vertical-align:super" xml:lang="nl" xmlns="http://www.tei-c.org/ns/1.0">2)</hi> sig al wat te<lb xmlns="http://www.tei-c.org/ns/1.0"/> driftigh heeft ingewickelt.<lb xmlns="http://www.tei-c.org/ns/1.0"/>Pol. 124v.<lb xmlns="http://www.tei-c.org/ns/1.0"/>
            </p><note xml:id="INT_feb1057e-08cc-3b7d-a863-9fa7d6dee06c.TEI.1.text.1.body.1.div.1.note.3" xml:lang="nl" place="inline" type="editorial-summary" resp="editor" rend="font-style: italic; line-height: 11.1pt; text-indent: 22.0pt; text-align: justify; font-size: 10" xmlns="http://www.tei-c.org/ns/1.0">(Het schijnt, alsof de zaken er <hi rend="font-size:10; font-family:Liberation Serif" xml:lang="nl">- -</hi> )<lb/></note><p xml:id="INT_feb1057e-08cc-3b7d-a863-9fa7d6dee06c.TEI.1.text.1.body.1.div.1.p.4" resp="int_paragraph_joining" rend="">
              - na de beste harmonie niet en gelijcken, sooals wij wel gewenscht<lb xmlns="http://www.tei-c.org/ns/1.0"/>hadden, dat het werck met eenparige schouderen en goede directie in vorige<lb xmlns="http://www.tei-c.org/ns/1.0"/> ruste had mogen gebragt werden.<lb xmlns="http://www.tei-c.org/ns/1.0"/>
            </p><p xml:id="INT_feb1057e-08cc-3b7d-a863-9fa7d6dee06c.TEI.1.text.1.body.1.div.1.p.5" resp="int_paragraph_joining" rend="">
              Den gouverneur Padbrugge - meest sijn eygen sinnelijkheyt in alles<lb xmlns="http://www.tei-c.org/ns/1.0"/>heeft gevolgt, als makende haar e. <hi rend="font-size:10; font-family:Liberation Serif; vertical-align:super" xml:lang="nl" xmlns="http://www.tei-c.org/ns/1.0">3)</hi> geen swarigh.1 om dese ostagiërs <hi rend="font-size:10; font-family:Liberation Serif; vertical-align:super" xml:lang="nl" xmlns="http://www.tei-c.org/ns/1.0">4),</hi> indien<lb xmlns="http://www.tei-c.org/ns/1.0"/> ’t in hare magt hadde gestaan, ten eersten na hunne verschijninge in Ternaten weder<lb xmlns="http://www.tei-c.org/ns/1.0"/> op vrye voeten te hebben gestelt, nog ook niet om deselve tot herstellinge der<lb xmlns="http://www.tei-c.org/ns/1.0"/> saeken weder derwaarts te senden en te gebruyken.<lb xmlns="http://www.tei-c.org/ns/1.0"/>
            </p><note xml:id="INT_feb1057e-08cc-3b7d-a863-9fa7d6dee06c.TEI.1.text.1.body.1.div.1.note.4" xml:lang="nl" place="inline" type="editorial-summary" resp="editor" rend="font-style: italic; line-height: 11.1pt; text-indent: 22.0pt; text-align: justify; font-size: 10" xmlns="http://www.tei-c.org/ns/1.0">(Het schijnt,)<lb/></note><p xml:id="INT_feb1057e-08cc-3b7d-a863-9fa7d6dee06c.TEI.1.text.1.body.1.div.1.p.6" resp="int_paragraph_joining" rend="">
              - dat de misverstanden meer tegen den gem. Padbrugge als wel tegens<lb xmlns="http://www.tei-c.org/ns/1.0"/>de Compagnie sijn opgenomen, altijt soo se voorgeven en sullen wij daarom wel<lb xmlns="http://www.tei-c.org/ns/1.0"/> genoodsaackt werden gem. Padbrugge van daar te dimoveren, eer de saken weder<lb xmlns="http://www.tei-c.org/ns/1.0"/> zullen konnen vereffent werden.<lb xmlns="http://www.tei-c.org/ns/1.0"/>
            </p><note xml:id="INT_feb1057e-08cc-3b7d-a863-9fa7d6dee06c.TEI.1.text.1.body.1.div.1.note.5" xml:lang="nl" place="inline" type="editorial-summary" resp="editor" rend="font-style: italic; line-height: 11.7pt; text-indent: 22.0pt; text-align: justify; font-size: 10" xmlns="http://www.tei-c.org/ns/1.0">( Padtbrugge is ook op slechte voet met den Koning van Tidore; van de Molukken<lb/> konden nog geen soldaten naar Amboina en Banda worden gezonden).<lb/></note><note xml:id="INT_feb1057e-08cc-3b7d-a863-9fa7d6dee06c.TEI.1.text.1.body.1.div.1.note.6" xml:lang="nl" rend="font-size: 8; line-height: 9.6pt; text-indent: 24.0pt" xmlns="http://www.tei-c.org/ns/1.0">1) Martin Alfonso ’s hoek is de hoek ter zuidkust van Hitu, die de binnen- en buitenbaaien<lb/> van Amboina van elkander scheidt.<lb/></note><note xml:id="INT_feb1057e-08cc-3b7d-a863-9fa7d6dee06c.TEI.1.text.1.body.1.div.1.note.7" xml:lang="nl" rend="font-size: 8; text-align: justify; line-height: 9.6pt; margin-left: 2300" xmlns="http://www.tei-c.org/ns/1.0">2) In de Molukken.<lb/></note><note xml:id="INT_feb1057e-08cc-3b7d-a863-9fa7d6dee06c.TEI.1.text.1.body.1.div.1.note.8" xml:lang="nl" rend="font-size: 8; text-align: justify; line-height: 9.6pt; margin-left: 2300" xmlns="http://www.tei-c.org/ns/1.0">3) De naar Temate gecommitteerde hoofdofficieren.<lb/></note><note xml:id="INT_feb1057e-08cc-3b7d-a863-9fa7d6dee06c.TEI.1.text.1.body.1.div.1.note.9" xml:lang="nl" rend="font-size: 8; text-align: justify; line-height: 9.6pt; margin-left: 2300" xmlns="http://www.tei-c.org/ns/1.0">4) De sedert te Batavia aangebrachte aanzienlijke Ternatanen.<lb/></note><pb xml:id="INT_feb1057e-08cc-3b7d-a863-9fa7d6dee06c.TEI.1.text.1.body.1.div.1.pb.2" n="417" facs="http://resources.huygens.knaw.nl/retroapp/service_generalemissiven/gm_04/images/gm_4_134_0417.tif"/><fw xml:id="INT_feb1057e-08cc-3b7d-a863-9fa7d6dee06c.TEI.1.text.1.body.1.div.1.fw.3" place="top" type="head" facs="#zone.4236401" xmlns="http://www.tei-c.org/ns/1.0">Van Goens, Speelman, Bort, Hurdt, Van Outhoom, enz. XV, 29 november 1680</fw><fw xml:id="INT_feb1057e-08cc-3b7d-a863-9fa7d6dee06c.TEI.1.text.1.body.1.div.1.fw.4" place="top" type="page-number" facs="#zone.4236416" xmlns="http://www.tei-c.org/ns/1.0">417</fw><p xml:id="INT_feb1057e-08cc-3b7d-a863-9fa7d6dee06c.TEI.1.text.1.body.1.div.1.p.7" xml:lang="nl" rend="font-size: 10; text-align: justify; line-height: 12.0pt; text-indent: 23.0pt" xmlns="http://www.tei-c.org/ns/1.0">Hebbende de Boutonders na ’t rapport van den majoor St. Martin haer e.<lb/> allesints vrindelijk bejegent en hare fortressen en gandschen ommeslagh laten<lb/> besigtigen.<lb/></p><note xml:id="INT_feb1057e-08cc-3b7d-a863-9fa7d6dee06c.TEI.1.text.1.body.1.div.1.note.10" xml:lang="nl" place="inline" type="editorial-summary" resp="editor" rend="font-style: italic; line-height: 11.7pt; text-indent: 23.0pt; text-align: justify; font-size: 9.5" xmlns="http://www.tei-c.org/ns/1.0">( Radja Palakka zegt toe het hem voorgeschoten bedrag ad 16 000 rsd. weldra te<lb/> zullen voldoen; hoop , dat hij in betere verstandhouding met den president Cops zat<lb/> komen; Pangeran Mas van Pasir is de V.O.C. 2414 rsd. schuldig; in een jaar stierven<lb/> te Makassar 18 militairen , 100 zijn er voor vervanging nodig; er is 12 000 rsd. nodig;<lb/> 30 juni was er in een jaar uitgegeven f. 142 362.18 en gewonnen f. 61 952.13.7;<lb/> voortaan zal het opperhoofd in Timor slechts koopmansrang hébben; de Wimmenum<lb/> brengt , vgl. <hi rend="font-size:10; font-family:Liberation Serif" xml:lang="nl">Daghregisters</hi> p. 682-683, f. 63 710.3.4 aan contanten naar Palembang;<lb/> den Sultan aldaar is geen buskruit verschaft; tegen de Makassar en aldaar zal wellicht<lb/> moeten worden opgetreden, <hi rend="font-size:10; font-family:Liberation Serif" xml:lang="nl">-</hi> )<lb/></note><p xml:id="INT_feb1057e-08cc-3b7d-a863-9fa7d6dee06c.TEI.1.text.1.body.1.div.1.p.8" resp="int_paragraph_joining" rend="">
              - omdat dese swervende Maccassaren langs Javaas Oostcust, als<lb xmlns="http://www.tei-c.org/ns/1.0"/>elders op en langs de zuytkant vant eylant Borneo, al vrij formidabel gerugt<lb xmlns="http://www.tei-c.org/ns/1.0"/> werden te zijn en sig met stroopen en roven te water en te lande te behelpen.<lb xmlns="http://www.tei-c.org/ns/1.0"/><hi rend="font-size:8; font-family:Liberation Serif" xml:lang="nl" xmlns="http://www.tei-c.org/ns/1.0">Fol. 134v-135r.</hi><lb xmlns="http://www.tei-c.org/ns/1.0"/>
            </p><note xml:id="INT_feb1057e-08cc-3b7d-a863-9fa7d6dee06c.TEI.1.text.1.body.1.div.1.note.11" xml:lang="nl" place="inline" type="editorial-summary" resp="editor" rend="font-size: 9.5; font-style: italic; line-height: 12.9pt; text-indent: 23.0pt" xmlns="http://www.tei-c.org/ns/1.0">( De Sultan is niet bereid, de Lampongers onder zijn bescherming te nemen; de<lb/> Vorst van Djambi verzocht de V.O.C. te bemiddelen in zijn geschil met Palembang,<lb/><hi rend="font-size:10; font-family:Liberation Serif" xml:lang="nl">-</hi> <hi rend="font-size:9.5; font-family:Liberation Serif; font-style:italic; vertical-align:sub" xml:lang="nl">}</hi><lb/></note><p xml:id="INT_feb1057e-08cc-3b7d-a863-9fa7d6dee06c.TEI.1.text.1.body.1.div.1.p.9" resp="int_paragraph_joining" rend="">
              - latende al sijn volck in wijlen uyt de bovenlanden tot tegenweer<lb xmlns="http://www.tei-c.org/ns/1.0"/>bijeen vergaderen en samen met de Johoresen op de Palembangers en Maccassaren<lb xmlns="http://www.tei-c.org/ns/1.0"/> ter zee met eenige vaartuygen al mede kruyssen en roven.<lb xmlns="http://www.tei-c.org/ns/1.0"/>
            </p><note xml:id="INT_feb1057e-08cc-3b7d-a863-9fa7d6dee06c.TEI.1.text.1.body.1.div.1.note.12" xml:lang="nl" place="inline" type="editorial-summary" resp="editor" rend="font-style: italic; line-height: 12.0pt; text-indent: 23.0pt; text-align: justify; font-size: 9.5" xmlns="http://www.tei-c.org/ns/1.0">(Hoop, dat de vrede daar bewaard blijft; de Wimmenum had 4000 realen voor<lb/> Djambi aan boord).<lb/></note><p xml:id="INT_feb1057e-08cc-3b7d-a863-9fa7d6dee06c.TEI.1.text.1.body.1.div.1.p.10" xml:lang="nl" rend="font-size: 10; text-align: justify; line-height: 11.7pt; text-indent: 23.0pt" xmlns="http://www.tei-c.org/ns/1.0">De Andrigiresen haer gout jegenwoordig tot Riauw <hi rend="font-size:10; font-family:Liberation Serif; vertical-align:super" xml:lang="nl">x)</hi> (daer nu d’hooftzetel<lb/> van den Johorsen Comnk is) ter markt bragten en aldaer van de Engelse, Siammers<lb/> en Pattanyse Chinesen meer daervoor kregen, als se van de Compe hadden genoten;<lb/> 'tgunt sommige meenden, dat wel uyt het gebrek van cleeden, ’tgunt int laeste<lb/> een geruymen tijt tot Andragiry heeft geweest, mogte voortkomen.<lb/></p><note xml:id="INT_feb1057e-08cc-3b7d-a863-9fa7d6dee06c.TEI.1.text.1.body.1.div.1.note.13" xml:lang="nl" place="inline" type="editorial-summary" resp="editor" rend="font-style: italic; line-height: 11.7pt; text-indent: 23.0pt; text-align: justify; font-size: 9.5" xmlns="http://www.tei-c.org/ns/1.0">( De Engelsen zouden hun kantoor in Siam willen lichten; geringe verwachting<lb/> van de zending van Van den Eeden naar China; alom neemt de concurrentie van<lb/> andere Europeanen in het handelsgebied van de V.O.C. toe , evenzo hun vaart door de<lb/> straat van Malakka, waarom de gouverneur om de andere havens, Atjéh, Kedah en<lb/> Johore, de baas te blijven verlaging van de tol te Malakka voorstelt; de Franse<lb/> Vautour passeerde er en zou Siamese gezanten aan den Koning van Frankrijk<lb/> gaan afhalen).<lb/></note><note xml:id="INT_feb1057e-08cc-3b7d-a863-9fa7d6dee06c.TEI.1.text.1.body.1.div.1.note.14" xml:lang="nl" rend="font-size: 8; line-height: 9.9pt; text-indent: 23.0pt" xmlns="http://www.tei-c.org/ns/1.0">1) Volgens een Buginese kroniek verhuisde Sultan Ibrahim van Johore in 1678 naar<lb/> Riouw.<lb/></note><fw xml:id="INT_feb1057e-08cc-3b7d-a863-9fa7d6dee06c.TEI.1.text.1.body.1.div.1.fw.5" type="bottom-page-number">27</fw><pb xml:id="INT_feb1057e-08cc-3b7d-a863-9fa7d6dee06c.TEI.1.text.1.body.1.div.1.pb.3" n="418" facs="http://resources.huygens.knaw.nl/retroapp/service_generalemissiven/gm_04/images/gm_4_134_0418.tif"/><fw xml:id="INT_feb1057e-08cc-3b7d-a863-9fa7d6dee06c.TEI.1.text.1.body.1.div.1.fw.6" place="top" type="page-number" facs="#zone.4238866" xmlns="http://www.tei-c.org/ns/1.0">418</fw><fw xml:id="INT_feb1057e-08cc-3b7d-a863-9fa7d6dee06c.TEI.1.text.1.body.1.div.1.fw.7" place="top" type="head" facs="#zone.4238870" xmlns="http://www.tei-c.org/ns/1.0">Van Goens, Speelman, Bort, Rurdt, Van Outhoorn, enz. XV, 29 november 1680</fw><p xml:id="INT_feb1057e-08cc-3b7d-a863-9fa7d6dee06c.TEI.1.text.1.body.1.div.1.p.11" xml:lang="nl" rend="font-size: 10; text-align: justify; line-height: 11.7pt; text-indent: 22.0pt" xmlns="http://www.tei-c.org/ns/1.0">Soo nu en dan met de Moorse en Portugese scheepen als anders eenige van<lb/> die natie <hi rend="font-size:10; font-family:Liberation Serif; vertical-align:super" xml:lang="nl">x)</hi> als passagiers uyt de Manilhas overquamen en daarna weder, zoo se<lb/> voorgaven, met ej'gen scheepjens van Cormandel en elders na derwaarts quamen<lb/> te retourneren; hoedanig dan op 9.e septemb.1- passado den Castiliaan Thomas<lb/> Mumiis de Luarca, van Portonovo op Malacca verschijnende, aanstonts met sijn<lb/> schip, groot 80 lasten, bemant met 75 koppen en beladen met 106 packen kleeden,<lb/> dogh onder beleefde termen in arrest genomen is, waertegens denselven heeft geprotesteert<lb/> en kragtigh gedoleert, dat hem in alle gevalle van dit verbodt geen<lb/> waarschouwinge alvorens gedaan was, ’tgunt ook al wat in reden bestaat, niettemin<lb/> had hij sigh eyndelijk gewilligh gesubmitteert.<lb/></p><note xml:id="INT_feb1057e-08cc-3b7d-a863-9fa7d6dee06c.TEI.1.text.1.body.1.div.1.note.15" xml:lang="nl" place="inline" type="editorial-summary" resp="editor" rend="font-style: italic; line-height: 11.7pt; text-indent: 22.0pt; text-align: justify; font-size: 9.5" xmlns="http://www.tei-c.org/ns/1.0">( Als de V.O.C. aan Moren geen scheepspassen geeft <hi rend="font-size:10; font-family:Liberation Serif" xml:lang="nl">,</hi> vragen en krijgen zij die<lb/> van andere Europeanen; in Perak is netto maar f. 433 gewonnen <hi rend="font-size:10; font-family:Liberation Serif" xml:lang="nl">,</hi> ongerekend de<lb/> blokkadekosten ad f. 5673 en de lonen; de gouverneur stélt voor de blokkade te beëindigen;<lb/> 55 bahar tin uit Naning werden te Malakka ter markt gebracht; 31 juli<lb/> was aldaar in een jaar uitgegeven f. 148 005 en slechts ontvangen f. 116 756; dit<lb/> kwam ten dele , doordat er onvoldoende textiel voor de verkoop was; van Coromandel<lb/> ontving men dat er nu ter waarde van f. 137 429; Laurens Pit jr. vond het laten<lb/> doordienen van Melchior Hurdt ter Westkust onwenselijk; vrede aldaar gesloten <hi rend="font-size:10; font-family:Liberation Serif" xml:lang="nl">,</hi> vgl.<lb/><hi rend="font-size:10; font-family:Liberation Serif" xml:lang="nl">Corpus</hi> III, nr. CDXXX VIII en CDXXXIX; Pit vertrouwt ook dr. Ten Rhijne<lb/> niet; toenemende handel ter Westkust; Pieter W illeboorts wordt opperhoofd te Chupra;<lb/> van daar is 919 224 <hi rend="font-size:10; font-family:Liberation Serif" xml:lang="nl">‘ffi</hi> salpeter en 22 475 <hi rend="font-size:10; font-family:Liberation Serif" xml:lang="nl">'ffi</hi> amfioen naar Hugly gezonden; nog 30 000<lb/> man a 68 <hi rend="font-size:10; font-family:Liberation Serif" xml:lang="nl">®</hi> salpeter wordt verwacht, waarvoor 46 000 ropia op interest moest worden<lb/> opgenomen; Hadji <hi rend="font-size:10; font-family:Liberation Serif" xml:lang="nl">„</hi> Soffichan <hi rend="font-size:10; font-family:Liberation Serif" xml:lang="nl">”</hi> als duan van den Groot- Mogol in Bengalen verwacht;<lb/> de zijdeprijs loopt er op).<lb/></note><p xml:id="INT_feb1057e-08cc-3b7d-a863-9fa7d6dee06c.TEI.1.text.1.body.1.div.1.p.12" resp="int_paragraph_joining" rend="">
              Omdat het daer met capitael doenmaals soo bekrompen omquam, was ordre<lb xmlns="http://www.tei-c.org/ns/1.0"/> gestelt om tot Cassimibasaer oock 40 000 r.oas tegens 1 p.r cento op interest te<lb xmlns="http://www.tei-c.org/ns/1.0"/> ligten, soodat de Compagnie alsdoen in Bengala belast was met 161 000 ropias in<lb xmlns="http://www.tei-c.org/ns/1.0"/> pemiingen op interest, als<lb xmlns="http://www.tei-c.org/ns/1.0"/> 61 000 tot Pattena<lb xmlns="http://www.tei-c.org/ns/1.0"/> 49 000 tot Cassimibasaer<lb xmlns="http://www.tei-c.org/ns/1.0"/> 51 000 tot Ougly,<lb xmlns="http://www.tei-c.org/ns/1.0"/>dog die met het ruym afgeschikt capitaal van hier kort daarna ten eersten wederom<lb xmlns="http://www.tei-c.org/ns/1.0"/> sullen konnen afgelegt en egter den handel volstandigh gedreven werden.<lb xmlns="http://www.tei-c.org/ns/1.0"/>
            </p><note xml:id="INT_feb1057e-08cc-3b7d-a863-9fa7d6dee06c.TEI.1.text.1.body.1.div.1.note.16" xml:lang="nl" place="inline" type="editorial-summary" resp="editor" rend="font-style: italic; line-height: 11.7pt; text-indent: 22.0pt; text-align: justify; font-size: 9.5" xmlns="http://www.tei-c.org/ns/1.0">(Aettigam van <hi rend="font-size:10; font-family:Liberation Serif" xml:lang="nl">Daghregisters</hi> p. 724 moet Rettigam zijn; in Coromandel was<lb/> 31 juli in een jaar gewonnen f. 1 001 316, o.a. door verkoop van staafkoper en areca<lb/> en uitgegeven f. 185 066; de Engélsen geven voor, dat op er verkrijgbare safraan in<lb/> Europa veel te verdienen zou zijn; toename van de vaart van particuliere Engélsen<lb/> naar India; <hi rend="font-size:10; font-family:Liberation Serif" xml:lang="nl">-</hi> )<lb/></note><p xml:id="INT_feb1057e-08cc-3b7d-a863-9fa7d6dee06c.TEI.1.text.1.body.1.div.1.p.13" resp="int_paragraph_joining" rend="">
              - ’twelk U Ed.8 staat - niet dan ten hoogsten nadeligh kan<lb xmlns="http://www.tei-c.org/ns/1.0"/>wesen en daer egter niet tegen te doen is dan hun en andre door een naarstige<lb xmlns="http://www.tei-c.org/ns/1.0"/> industrie om haar allerwegen in den handel weder na vermogen te verkloeken<lb xmlns="http://www.tei-c.org/ns/1.0"/>1) NI. de Spaanse.<lb xmlns="http://www.tei-c.org/ns/1.0"/><pb xml:id="INT_feb1057e-08cc-3b7d-a863-9fa7d6dee06c.TEI.1.text.1.body.1.div.1.p.13.pb.1" n="419" facs="http://resources.huygens.knaw.nl/retroapp/service_generalemissiven/gm_04/images/gm_4_134_0419.tif"/><fw xml:id="INT_feb1057e-08cc-3b7d-a863-9fa7d6dee06c.TEI.1.text.1.body.1.div.1.p.13.fw.1" place="top" type="head" facs="#zone.4241042" xmlns="http://www.tei-c.org/ns/1.0">Van Goena, Speelman, Bort, Hurdt, Van Outhoorn, enz. XV, 29 november 1680</fw><fw xml:id="INT_feb1057e-08cc-3b7d-a863-9fa7d6dee06c.TEI.1.text.1.body.1.div.1.p.13.fw.2" place="top" type="page-number" facs="#zone.4241082" xmlns="http://www.tei-c.org/ns/1.0">419</fw>ende ’t regt van onse contracten te maincteneren nae uytterste vermogen, voor<lb xmlns="http://www.tei-c.org/ns/1.0"/> soo veel de aequiteyt en de billijkheyt toelaet.<lb xmlns="http://www.tei-c.org/ns/1.0"/>
            </p><note xml:id="INT_feb1057e-08cc-3b7d-a863-9fa7d6dee06c.TEI.1.text.1.body.1.div.1.note.17" xml:lang="nl" place="inline" type="editorial-summary" resp="editor" rend="font-style: italic; line-height: 11.7pt; text-indent: 22.0pt; text-align: justify; font-size: 9" xmlns="http://www.tei-c.org/ns/1.0">( Op Ceylon was 29 febr. in een jaar nog slechts zuiver verloren f. 136 159.16.9 <hi rend="font-size:10; font-family:Liberation Serif" xml:lang="nl">,</hi><lb/>terwijl 600 000 kaneel werd uitgevoerd; voortaan zullen areca en chancos er voor<lb/> de inkoopwaarde in de boeken worden opgenomen om fictieve winstposten te vermijden;<lb/> in Suratte was 31 mei in een jaar gewonnen f. 756 483.14.13 en uitgegeven f. 78 593;<lb/> men heeft er een schuld van 339 000 ropia; het was nodig er acht passen aan Moorse<lb/> schepen naar diverse kwartieren af te geven; geruchten uit Coromandel, <hi rend="font-size:10; font-family:Liberation Serif" xml:lang="nl">-</hi> )<lb/></note><p xml:id="INT_feb1057e-08cc-3b7d-a863-9fa7d6dee06c.TEI.1.text.1.body.1.div.1.p.14" resp="int_paragraph_joining" rend="">
              - dat den Mogol soude overleden wesen, waerover de Comp.e met veel<lb xmlns="http://www.tei-c.org/ns/1.0"/>andere en ook sijn onderdanen hun niet seer souden behoeven te bedroeven, omdat<lb xmlns="http://www.tei-c.org/ns/1.0"/> hij door zijn overgrote gepretendeerde heyligheyt en superstitie tot het Mahometaanse<lb xmlns="http://www.tei-c.org/ns/1.0"/> gelove sijn landen veel tekort doet en de negotie als anders daerdoor alomme<lb xmlns="http://www.tei-c.org/ns/1.0"/> in zijn rijk seer troubleert en veragtert, die men mogte hopen, dat door sijn doot<lb xmlns="http://www.tei-c.org/ns/1.0"/> weder wat iveriger voortgeset en alomme onder d’ingesetenen wat meerder ruste<lb xmlns="http://www.tei-c.org/ns/1.0"/> soude beleeft werden.<lb xmlns="http://www.tei-c.org/ns/1.0"/>
            </p><note xml:id="INT_feb1057e-08cc-3b7d-a863-9fa7d6dee06c.TEI.1.text.1.body.1.div.1.note.18" xml:lang="nl" place="inline" type="editorial-summary" resp="editor" rend="font-style: italic; line-height: 11.7pt; text-indent: 22.0pt; text-align: justify; font-size: 9" xmlns="http://www.tei-c.org/ns/1.0">(Het gerucht gaat <hi rend="font-size:10; font-family:Liberation Serif" xml:lang="nl">,</hi> dat de gouverneur van Suratte den Groot-Mogol heeft voorgeslagen<lb/> de tollen voor de Europeanen niet te verhogen <hi rend="font-size:10; font-family:Liberation Serif" xml:lang="nl">,</hi> mits zij 50 000 ropia ineens<lb/> betalen; goede verkoop van Compagnieswaren in Perzië; de Sparwoude voer 2 mei<lb/> met carg. van f. 15 415 van Gamron naar Basra ).<lb/></note><p xml:id="INT_feb1057e-08cc-3b7d-a863-9fa7d6dee06c.TEI.1.text.1.body.1.div.1.p.15" xml:lang="nl" rend="font-size: 10; text-align: justify; line-height: 11.7pt; text-indent: 22.0pt" xmlns="http://www.tei-c.org/ns/1.0">Wij konnen niet nalaten U Edeles te notificeren, dat het seer qualijk komt,<lb/> die van de Caap doorgaans uyt de carguasoenen der herwaarts komende vaderlandse<lb/> schepen genoodsaekt zijn telkens soo vele provisiën en goederen te ligten.<lb/><hi rend="font-size:8; font-family:Liberation Serif" xml:lang="nl">Fol. 175*“.</hi><lb/></p><note xml:id="INT_feb1057e-08cc-3b7d-a863-9fa7d6dee06c.TEI.1.text.1.body.1.div.1.note.19" xml:lang="nl" place="inline" type="editorial-summary" resp="editor" rend="font-style: italic; line-height: 10.0pt; text-indent: 22.0pt; text-align: justify; font-size: 9" xmlns="http://www.tei-c.org/ns/1.0">(De andere kantoren komen daardoor allerlei noodzakelijks te missen).<lb/></note><p xml:id="INT_feb1057e-08cc-3b7d-a863-9fa7d6dee06c.TEI.1.text.1.body.1.div.1.p.16" resp="int_paragraph_joining" rend="">
              - Oversulx wij versoeken, dat het van U Edle behagen mogte zijn de<lb xmlns="http://www.tei-c.org/ns/1.0"/>Caap doorgaans aparte van alle haar benodigtheden te provideren.<lb xmlns="http://www.tei-c.org/ns/1.0"/>
            </p><note xml:id="INT_feb1057e-08cc-3b7d-a863-9fa7d6dee06c.TEI.1.text.1.body.1.div.1.note.20" xml:lang="nl" place="inline" type="editorial-summary" resp="editor" rend="font-style: italic; line-height: 11.4pt; text-indent: 22.0pt; text-align: justify; font-size: 9" xmlns="http://www.tei-c.org/ns/1.0">(Waartoe de gouverneur een eis moet opmaken; gegevens over Javaf af gedrukt<lb/><hi rend="font-size:10; font-family:Liberation Serif" xml:lang="nl">Opkomst</hi> VII p. 51-53 <hi rend="font-size:10; font-family:Liberation Serif" xml:lang="nl">,</hi> p. 52 r. 8 moet 14 zijn 15e; hout werd weinig uit Mataram<lb/> ontvangen; de Susuhunan heeft aan de strandregenten terzake bevelen gegeven <hi rend="font-size:10; font-family:Liberation Serif" xml:lang="nl">,</hi><lb/>omdat door <hi rend="font-size:10; font-family:Liberation Serif" xml:lang="nl">-</hi> )<lb/></note><p xml:id="INT_feb1057e-08cc-3b7d-a863-9fa7d6dee06c.TEI.1.text.1.body.1.div.1.p.17" resp="int_paragraph_joining" rend="">
              - de ingesetenen geklaagt, dat zij van hare hoofden verboden wierden<lb xmlns="http://www.tei-c.org/ns/1.0"/>eenige houtwerken als anders aan de Comp.nie te leveren, sulx men daarontrent<lb xmlns="http://www.tei-c.org/ns/1.0"/> veel sporrelingen hadde ontmoet, behalven dat ook de ontrustheyt der landen de<lb xmlns="http://www.tei-c.org/ns/1.0"/> luyden nog niet weder tot ruste en haren gewonen arbeyt en landbouw hadde<lb xmlns="http://www.tei-c.org/ns/1.0"/> toegelaten.<lb xmlns="http://www.tei-c.org/ns/1.0"/>
            </p><note xml:id="INT_feb1057e-08cc-3b7d-a863-9fa7d6dee06c.TEI.1.text.1.body.1.div.1.note.21" xml:lang="nl" place="inline" type="editorial-summary" resp="editor" rend="font-style: italic; line-height: 11.7pt; text-indent: 22.0pt; text-align: justify; font-size: 9" xmlns="http://www.tei-c.org/ns/1.0">(Van Japara zijn enige Compagniesvaartuigen tegen rovers nabij Kendal uitgezonden;<lb/> gegevens over Indramaju, afgedr. ibid. p. 53-54 r. 7; voornemen tot oprichting<lb/> van een scheepswerf te Rembang <hi rend="font-size:10; font-family:Liberation Serif" xml:lang="nl">,</hi> daar vele vaartuigen ter kust van Java<lb/> nodig zijn; masten uit patria aangevraagd; gegevens over Krawang <hi rend="font-size:10; font-family:Liberation Serif" xml:lang="nl">,</hi> afgedr. ibid.<lb/></note><pb xml:id="INT_feb1057e-08cc-3b7d-a863-9fa7d6dee06c.TEI.1.text.1.body.1.div.1.pb.4" n="420" facs="http://resources.huygens.knaw.nl/retroapp/service_generalemissiven/gm_04/images/gm_4_134_0420.tif"/><fw xml:id="INT_feb1057e-08cc-3b7d-a863-9fa7d6dee06c.TEI.1.text.1.body.1.div.1.fw.8" place="top" type="page-number" facs="#zone.4243309" xmlns="http://www.tei-c.org/ns/1.0">420</fw><fw xml:id="INT_feb1057e-08cc-3b7d-a863-9fa7d6dee06c.TEI.1.text.1.body.1.div.1.fw.9" place="top" type="head" facs="#zone.4243313" xmlns="http://www.tei-c.org/ns/1.0">Van Goens, Speelman, Bort, Hurdt, Van Outhoom, enz. XV, 29 november 1680</fw><note xml:id="INT_feb1057e-08cc-3b7d-a863-9fa7d6dee06c.TEI.1.text.1.body.1.div.1.note.22" xml:lang="nl" place="inline" type="editorial-summary" resp="editor" rend="font-size: 9.5; font-style: italic; text-align: justify; line-height: 11.7pt" xmlns="http://www.tei-c.org/ns/1.0">p. 54; men zal nagaan of de versterking Tandjungpura nodig blijft ; gegevens over<lb/> Bantam, ibid. p. 54-55; de jonge Koning van Bantam vraagt om geschut).<lb/></note><p xml:id="INT_feb1057e-08cc-3b7d-a863-9fa7d6dee06c.TEI.1.text.1.body.1.div.1.p.18" resp="int_paragraph_joining" rend="">
              - ’t Is een onbeschaamt volk, die soo haest het eene niet en hebben,<lb xmlns="http://www.tei-c.org/ns/1.0"/>off se begeeren weer wat anders, dat soo altijt niet gelegen komt; hij schijnt sigh<lb xmlns="http://www.tei-c.org/ns/1.0"/> nu volgens belofte (immer tot nogh) met de Javaanse Oostcust, Sirrebon of de<lb xmlns="http://www.tei-c.org/ns/1.0"/> landen beoosten Batavia niet meer te bemoeyen, dat gerustheyt sal geven.<lb xmlns="http://www.tei-c.org/ns/1.0"/>
            </p><note xml:id="INT_feb1057e-08cc-3b7d-a863-9fa7d6dee06c.TEI.1.text.1.body.1.div.1.note.23" xml:lang="nl" place="inline" type="editorial-summary" resp="editor" rend="font-style: italic; line-height: 11.7pt; text-indent: 22.0pt; text-align: justify; font-size: 9.5" xmlns="http://www.tei-c.org/ns/1.0">( Hij wil enige vaartuigen tussen Bantam en Batavia tegen de Makassaren laten<lb/> kruisen; dit is goedgevonden, mits hij Compagniespassen vraagt; Europeanen te<lb/> Bantam enz. afgedr. ibid. p. 55-56 midden; tussen 8 april en 13 oct. kwamen 14<lb/> schepen, w.o. een Siamese jonk <hi rend="font-size:10; font-family:Liberation Serif" xml:lang="nl">,</hi> te Bantam, 15 vertrokken tussen <hi rend="font-size:10; font-family:Liberation Serif" xml:lang="nl">1</hi> juni en <hi rend="font-size:10; font-family:Liberation Serif" xml:lang="nl">6</hi> nov.,<lb/> waaronder twee Chinese jonken; commentaar hierover , ibid. p. 56-57; er zijn 25 d 30<lb/> Eng eisen te Bantam, die hun contanten veiligheidshalve aan boord houden, er zijn<lb/> 8 a 10 Fransen met twee Jezuïeten; een commissaris inspecteerde hun administratie<lb/> en bevond die juist).<lb/></note><p xml:id="INT_feb1057e-08cc-3b7d-a863-9fa7d6dee06c.TEI.1.text.1.body.1.div.1.p.19" resp="int_paragraph_joining" rend="">
              - ’t Ander deel van Boereaus <hi rend="font-size:10; font-family:Liberation Serif; vertical-align:super" xml:lang="nl" xmlns="http://www.tei-c.org/ns/1.0">x)</hi> commissie was om haar oude schulden<lb xmlns="http://www.tei-c.org/ns/1.0"/>van den Conink te innen, die nogh wel 20 a 25 000 rd.8 souden belopen en, hoewel<lb xmlns="http://www.tei-c.org/ns/1.0"/> den Conink te voren wel hadt belooft bij aankomste van eenige hunner scheepen<lb xmlns="http://www.tei-c.org/ns/1.0"/> desel ve in peper te sullen voldoen, soo had hij haar nu ter contrarie met een vereffening<lb xmlns="http://www.tei-c.org/ns/1.0"/> van reecq., die al voor 5 jaren met den overleden Bantamsen sabandaar<lb xmlns="http://www.tei-c.org/ns/1.0"/> Caytsoe soude geschiet zijn, tragten te payen en also eyndelijck niet met allen te<lb xmlns="http://www.tei-c.org/ns/1.0"/> willen geweten, sulx sij ook geen peper, die se meynden in afkortinge te ontfangen,<lb xmlns="http://www.tei-c.org/ns/1.0"/> hadden konnen magtigh werden als eyndelijk nae veel moeytens nog ontrent<lb xmlns="http://www.tei-c.org/ns/1.0"/> 4 a 500 bharen tegens 16 Spaanse realen de bhaar van 3 picol.<lb xmlns="http://www.tei-c.org/ns/1.0"/>
            </p><note xml:id="INT_feb1057e-08cc-3b7d-a863-9fa7d6dee06c.TEI.1.text.1.body.1.div.1.note.24" xml:lang="nl" place="inline" type="editorial-summary" resp="editor" rend="font-style: italic; line-height: 11.7pt; text-indent: 22.0pt; text-align: justify; font-size: 9.5" xmlns="http://www.tei-c.org/ns/1.0">(Zij verwachten een schip uit Frankrijk; er zijn 4 d 5 Denen zonder kapitaal;<lb/> van de Portugezen zijn er slechts „enige toepassen en mixtise Portugesen&quot; ; de jonge<lb/> Sultan zal zich wel staande kunnen houden; hij heeft wel hulp van de Compagnie<lb/> nodig; de rijstprijs te Batavia is 25 a 30 rsd. het last; afname van in- en uitvoer, <hi rend="font-size:10; font-family:Liberation Serif" xml:lang="nl">-</hi> )<lb/></note><p xml:id="INT_feb1057e-08cc-3b7d-a863-9fa7d6dee06c.TEI.1.text.1.body.1.div.1.p.20" resp="int_paragraph_joining" rend="">
              - voor tmerendele uyt de nader bepaalde ordres en verbot van de<lb xmlns="http://www.tei-c.org/ns/1.0"/>voornaamste particuliere vaart voortcomende, als dat het coper, spiaulter, zijde,<lb xmlns="http://www.tei-c.org/ns/1.0"/> schilpatshoorn, zandel- en sappanhout, pelings, gilans en andere zijdestoffen etc.a<lb xmlns="http://www.tei-c.org/ns/1.0"/> alle aan de Comp.e volgens placcaat <hi rend="font-size:10; font-family:Liberation Serif; vertical-align:super" xml:lang="nl" xmlns="http://www.tei-c.org/ns/1.0">1 2 3)</hi> moeten werden gelevert, gelijk mede den<lb xmlns="http://www.tei-c.org/ns/1.0"/> peper <hi rend="font-size:10; font-family:Liberation Serif; vertical-align:super" xml:lang="nl" xmlns="http://www.tei-c.org/ns/1.0">8),</hi> die voorheen door de Batavise ingesetenen van Palembang wiert aangebragt,<lb xmlns="http://www.tei-c.org/ns/1.0"/> J r.a thol bethaelden, soodat dese wharen alle nu tholvrij zijn, omdat se<lb xmlns="http://www.tei-c.org/ns/1.0"/> aan de Compagnie moeten gelevert werden.<lb xmlns="http://www.tei-c.org/ns/1.0"/>
            </p><note xml:id="INT_feb1057e-08cc-3b7d-a863-9fa7d6dee06c.TEI.1.text.1.body.1.div.1.note.25" xml:lang="nl" place="inline" type="editorial-summary" resp="editor" rend="font-style: italic; line-height: 11.1pt; text-indent: 22.0pt; text-align: justify; font-size: 9.5" xmlns="http://www.tei-c.org/ns/1.0">( De droogte deed schade aan de landbouw; in de Ommelanden <hi rend="font-size:10; font-family:Liberation Serif" xml:lang="nl">-</hi> )<lb/></note><note xml:id="INT_feb1057e-08cc-3b7d-a863-9fa7d6dee06c.TEI.1.text.1.body.1.div.1.note.26" xml:lang="nl" rend="font-size: 7.5; text-align: justify; line-height: 9.6pt; text-indent: 23.0pt" xmlns="http://www.tei-c.org/ns/1.0">1) Jacques Boureau-Deslandes, die in 1680 en 1681 als commissaris van den Fransen<lb/> Koning te Bantam vertoefde, vergezelde sept. 1681 het Siamese gezantschap naar Frankrijk<lb/> en kwam daarmee naar Siam terug, waar zijn pogingen tot het vestigen van een handelskantoor<lb/> niet veel uithaalden.<lb/></note><note xml:id="INT_feb1057e-08cc-3b7d-a863-9fa7d6dee06c.TEI.1.text.1.body.1.div.1.note.27" xml:lang="nl" rend="font-size: 7.5; text-align: justify; line-height: 9.6pt; margin-left: 2300" xmlns="http://www.tei-c.org/ns/1.0">2) Van 12 en 16 aug. 1678, vgl. <hi rend="font-size:7.5; font-family:Liberation Serif; font-style:italic" xml:lang="nl">Plakaatboek</hi> III, p. 1-12.<lb/></note><note xml:id="INT_feb1057e-08cc-3b7d-a863-9fa7d6dee06c.TEI.1.text.1.body.1.div.1.note.28" xml:lang="nl" rend="font-size: 7.5; text-align: justify; line-height: 9.6pt; margin-left: 2300" xmlns="http://www.tei-c.org/ns/1.0">3) Ibid. p. 39, plakaat van 26 maart 1680.<lb/></note><pb xml:id="INT_feb1057e-08cc-3b7d-a863-9fa7d6dee06c.TEI.1.text.1.body.1.div.1.pb.5" n="421" facs="http://resources.huygens.knaw.nl/retroapp/service_generalemissiven/gm_04/images/gm_4_134_0421.tif"/><fw xml:id="INT_feb1057e-08cc-3b7d-a863-9fa7d6dee06c.TEI.1.text.1.body.1.div.1.fw.10" place="top" type="head" facs="#zone.4245901" xmlns="http://www.tei-c.org/ns/1.0">Van Goens, Speelman, Bort, Hurdt, Van Outhoorn, enz. XV, 29 november 1680</fw><fw xml:id="INT_feb1057e-08cc-3b7d-a863-9fa7d6dee06c.TEI.1.text.1.body.1.div.1.fw.11" place="top" type="page-number" facs="#zone.4245916" xmlns="http://www.tei-c.org/ns/1.0">421</fw><p xml:id="INT_feb1057e-08cc-3b7d-a863-9fa7d6dee06c.TEI.1.text.1.body.1.div.1.p.21" resp="int_paragraph_joining" rend="">
              - de bosschen allenxkens al langs hoe meer beginnen schoon gemaekt<lb xmlns="http://www.tei-c.org/ns/1.0"/>te werden.<lb xmlns="http://www.tei-c.org/ns/1.0"/>
            </p><note xml:id="INT_feb1057e-08cc-3b7d-a863-9fa7d6dee06c.TEI.1.text.1.body.1.div.1.note.29" xml:lang="nl" place="inline" type="editorial-summary" resp="editor" rend="font-style: italic; line-height: 11.7pt; text-indent: 23.0pt; text-align: justify; font-size: 9" xmlns="http://www.tei-c.org/ns/1.0">( Bent zal te Batavia blijven werken; maatregelen tegen lepra, vgl. <hi rend="font-size:10; font-family:Liberation Serif" xml:lang="nl">Plakaatboek</hi><lb/>III, p. 75-79; Camphuys heeft 18 oct. na een verblijf van twee maanden wegens<lb/> ziekte in zijn landhuis zijn werk hervat; op Onrust is een krankbezoeker voldoende;<lb/> te Batavia zijn 5 predikanten voor de Nederlandse, 2 voor de Portugese, één voor<lb/> de Maleise gemeente; de vroegpreek op zondag vervangen door een avondpreek op<lb/> dinsdag, <hi rend="font-size:10; font-family:Liberation Serif" xml:lang="nl">Plakaatboek,</hi> III, 27 aug. 1680.; 5 voor sloping verkochte schepen brachten<lb/> 1550 rsd. op; reparatie der molens).<lb/></note><p xml:id="INT_feb1057e-08cc-3b7d-a863-9fa7d6dee06c.TEI.1.text.1.body.1.div.1.p.22" resp="int_paragraph_joining" rend="">
              - Soo men indertijt nu het voorsz. molenwerck wilde resolveren te<lb xmlns="http://www.tei-c.org/ns/1.0"/>verplaatsen ofte de grote revier van Batavia wederom zijn oude loop laten, soo<lb xmlns="http://www.tei-c.org/ns/1.0"/> soude sulx nog al mettertijdt en bij goede gelegentheyt en niet op een sprong<lb xmlns="http://www.tei-c.org/ns/1.0"/> moeten geschieden, menende sommige en ook eenige onder ons, dat het een goede<lb xmlns="http://www.tei-c.org/ns/1.0"/> zake soude wesen om twee redenen, als vooreerst de sware onkosten, die nu doorgaans<lb xmlns="http://www.tei-c.org/ns/1.0"/> en principaal in den regentijdt met een groot getal slaven en gereetschappen<lb xmlns="http://www.tei-c.org/ns/1.0"/> aan de dij eken en dammen met stoppen en openen moeten geschieden en ten<lb xmlns="http://www.tei-c.org/ns/1.0"/> anderen wel principalijk omdat bij vele soowel der Nederlanderen als inlanderen<lb xmlns="http://www.tei-c.org/ns/1.0"/> gesustineert werd, dat het stoppen der voorsz. revier, daar al het drinkwater nu<lb xmlns="http://www.tei-c.org/ns/1.0"/> uyt de kolk aan de molens moet werden gehaalt, door het stilstaan aldaar ende<lb xmlns="http://www.tei-c.org/ns/1.0"/> t’samensettinge van alle afkomende doode krengen en vuyligheden mettertijdt<lb xmlns="http://www.tei-c.org/ns/1.0"/> wel eenige infecteringe en ook oorsake totte toenemende besmettinge der lasarye<lb xmlns="http://www.tei-c.org/ns/1.0"/> alhier geven, want veele ook meenen te weten, datter voor het stoppen der revier<lb xmlns="http://www.tei-c.org/ns/1.0"/> noyt bijna van die droevige siekte in verre naa soo veel, ja bijna niets dan nu<lb xmlns="http://www.tei-c.org/ns/1.0"/> zedert ontrent 20 jaren herwaarts, is gehoort.<lb xmlns="http://www.tei-c.org/ns/1.0"/>
            </p><note xml:id="INT_feb1057e-08cc-3b7d-a863-9fa7d6dee06c.TEI.1.text.1.body.1.div.1.note.30" xml:lang="nl" place="inline" type="editorial-summary" resp="editor" rend="font-style: italic; line-height: 11.7pt; text-indent: 23.0pt; text-align: justify; font-size: 9" xmlns="http://www.tei-c.org/ns/1.0">(Er zijn 1665 militairen te Batavia; kapitein Van Renesse is gestorven; gerucht,<lb/> <hi rend="font-size:10; font-family:Liberation Serif" xml:lang="nl">-</hi> )<lb/></note><p xml:id="INT_feb1057e-08cc-3b7d-a863-9fa7d6dee06c.TEI.1.text.1.body.1.div.1.p.23" resp="int_paragraph_joining" rend="">
              - dat den Coninck van Jamby met sijn onderdanen oneens was en<lb xmlns="http://www.tei-c.org/ns/1.0"/>dat de Jambinesen tot de protectie en submissie onder den Palemb.sen Vorst<lb xmlns="http://www.tei-c.org/ns/1.0"/> genegen waren.<lb xmlns="http://www.tei-c.org/ns/1.0"/>
            </p><note xml:id="INT_feb1057e-08cc-3b7d-a863-9fa7d6dee06c.TEI.1.text.1.body.1.div.1.note.31" xml:lang="nl" place="inline" type="editorial-summary" resp="editor" rend="font-style: italic; line-height: 11.7pt; text-indent: 23.0pt; text-align: justify; font-size: 9" xmlns="http://www.tei-c.org/ns/1.0">(De Compagnie is bereid te bemiddelen, als de Makassaren uit Palembang<lb/> zullen zijn gezet; in Bengalen was 31 mei in een jaar gewonnen f. 246 888.5.10 en<lb/> uitgegeven f. 133 331.16.1; dit laatste bedrag is <hi rend="font-size:10; font-family:Liberation Serif" xml:lang="nl">Daghregisters</hi> p. 765 abusievelijk<lb/> als zuivere winst vermeld; vervolg gegevens Mataram, afgedr. <hi rend="font-size:10; font-family:Liberation Serif" xml:lang="nl">Opkomst</hi> VII, p. 57-58;<lb/> overlast aan de bevolking van Cheribon door onze Makassaren aangedaan; voor<lb/> 146 537 rsd. aan tvissels op patria getrokken, w.o. 14 000 van R. van Goens jr.;<lb/> in de vier retourschepen zijn de waardevolste producten: Perzische zijde voor f. 555 457,<lb/> chitzen f. 208 203, peper f. 198 335, kruidnagelen f. 138 380).<lb/></note><p xml:id="INT_feb1057e-08cc-3b7d-a863-9fa7d6dee06c.TEI.1.text.1.body.1.div.1.p.24" resp="int_paragraph_joining" rend="">
              - Sonderdat zijn e. <hi rend="font-size:10; font-family:Liberation Serif; vertical-align:super" xml:lang="nl" xmlns="http://www.tei-c.org/ns/1.0">x)</hi> sedert het vertreck der jongste retourscheepen<lb xmlns="http://www.tei-c.org/ns/1.0"/>in maart laatstleden de vergaderinge heeft bijgewoont, ten aansien hij in gebreke<lb xmlns="http://www.tei-c.org/ns/1.0"/><note xml:id="INT_feb1057e-08cc-3b7d-a863-9fa7d6dee06c.TEI.1.text.1.body.1.div.1.p.24.note.1" xml:lang="nl" rend="font-size: 8; text-align: justify; line-height: 8.9pt; text-indent: 23.0pt" xmlns="http://www.tei-c.org/ns/1.0">1) Van Goens, jr.<lb/></note><pb xml:id="INT_feb1057e-08cc-3b7d-a863-9fa7d6dee06c.TEI.1.text.1.body.1.div.1.p.24.pb.1" n="422" facs="http://resources.huygens.knaw.nl/retroapp/service_generalemissiven/gm_04/images/gm_4_134_0422.tif"/><fw xml:id="INT_feb1057e-08cc-3b7d-a863-9fa7d6dee06c.TEI.1.text.1.body.1.div.1.p.24.fw.1" place="top" type="page-number" facs="#zone.4246820" xmlns="http://www.tei-c.org/ns/1.0">422</fw><fw xml:id="INT_feb1057e-08cc-3b7d-a863-9fa7d6dee06c.TEI.1.text.1.body.1.div.1.p.24.fw.2" place="top" type="head" facs="#zone.4246824" xmlns="http://www.tei-c.org/ns/1.0">Van Groens, Speelman, Bort, Hurdt, Van Outhoom, enz. XV, 29 november 1680</fw>is gebleven satisfactie te geven over de geïnflueerde *) aanstotelijkheden in sijn<lb xmlns="http://www.tei-c.org/ns/1.0"/> schriftuuren.<lb xmlns="http://www.tei-c.org/ns/1.0"/>
            </p><note xml:id="INT_feb1057e-08cc-3b7d-a863-9fa7d6dee06c.TEI.1.text.1.body.1.div.1.note.32" xml:lang="nl" place="inline" type="editorial-summary" resp="editor" rend="font-style: italic; line-height: 12.0pt; text-indent: 22.0pt; text-align: justify; font-size: 9.5" xmlns="http://www.tei-c.org/ns/1.0">( Evenzo in de kwestie over de „caneelschiUenj” ; naschrift van Joan van Hoorn <hi rend="font-size:8.5; font-family:Liberation Serif" xml:lang="nl">,</hi><lb/>secretaris, over de aankomst van schepen uit patria).<lb/></note><p xml:id="INT_feb1057e-08cc-3b7d-a863-9fa7d6dee06c.TEI.1.text.1.body.1.div.1.p.25" xml:lang="nl" rend="font-size: 8; text-align: justify; line-height: 8.9pt; text-indent: 22.0pt" xmlns="http://www.tei-c.org/ns/1.0">1) Geïnflueerd, ingeslopen.<lb/></p>
            
      </div>
                  </body>
                </text>
              </TEI>