<TEI xml:id="INT_9dbcd676-c8f7-322c-8491-051deef57c26" xmlns="http://www.tei-c.org/ns/1.0">
                <teiHeader>
      <fileDesc>
        <titleStmt>
          <title>Speelman, Bort, Hurdt, Van Outhoorn, Camphuys en Bent, 29 nov. 1681</title>
        </titleStmt>
        <publicationStmt>
          <p>
            <date>29 nov. 1681</date>
            <idno type="sourceID">missiven:vol4</idno>
            <idno type="pid">INT_9dbcd676-c8f7-322c-8491-051deef57c26</idno>
          </p>
        </publicationStmt>
        <notesStmt>
          <note/>
        </notesStmt>
        <sourceDesc>
          <listBibl xml:id="inlMetadata">
            <bibl type="missive">
        <interpGrp type="page"><interp>485</interp></interpGrp>
        
      <interpGrp type="titleLevel1"><interp>Speelman, Bort, Hurdt, Van Outhoorn, Camphuys en Bent, 29 nov. 1681</interp></interpGrp>
      <interpGrp type="dateLevel1"><interp>29 nov. 1681</interp></interpGrp>
        <interpGrp type="tocLevel"><interp>1</interp></interpGrp>
      <interpGrp type="volume"><interp>4</interp></interpGrp>
        <interpGrp type="n"><interp>I</interp></interpGrp>
      
      <interpGrp type="witnessYearLevel1_from"><interp>1681</interp></interpGrp>
      <interpGrp type="witnessYearLevel1_to"><interp>1681</interp></interpGrp>
      <interpGrp type="witnessMonthLevel1_to"><interp>11</interp></interpGrp>
      <interpGrp type="witnessMonthLevel1_from"><interp>11</interp></interpGrp>
      <interpGrp type="witnessDayLevel1_to"><interp>29</interp></interpGrp>
      <interpGrp type="witnessDayLevel1_from"><interp>29</interp></interpGrp>
      <interpGrp type="authorLevel1"><interp>Speelman</interp><interp>Bort</interp><interp>Hurdt</interp><interp>Van Outhoorn</interp><interp>Camphuys</interp><interp>Bent</interp></interpGrp>
      <interpGrp type="pid"><interp>INT_9dbcd676-c8f7-322c-8491-051deef57c26</interp></interpGrp>
    </bibl>
          </listBibl>
        </sourceDesc>
      </fileDesc>
    </teiHeader>
                <text xml:id="INT_9dbcd676-c8f7-322c-8491-051deef57c26.TEI.1.text.1">
                  <body xml:id="INT_9dbcd676-c8f7-322c-8491-051deef57c26.TEI.1.text.1.body.1">
                    <div xml:id="INT_9dbcd676-c8f7-322c-8491-051deef57c26.TEI.1.text.1.body.1.div.1">
        
              <pb xml:id="INT_9dbcd676-c8f7-322c-8491-051deef57c26.TEI.1.text.1.body.1.div.1.pb.1" n="485" facs="http://resources.huygens.knaw.nl/retroapp/service_generalemissiven/gm_04/images/gm_4_134_0485.tif"/><fw xml:id="INT_9dbcd676-c8f7-322c-8491-051deef57c26.TEI.1.text.1.body.1.div.1.fw.1" place="top" type="head" facs="#zone.4404920" xmlns="http://www.tei-c.org/ns/1.0">Speelman, Bort, Hurdt, Van Outhoorn, Camphuys en Bent I, 29 november 1681</fw><fw xml:id="INT_9dbcd676-c8f7-322c-8491-051deef57c26.TEI.1.text.1.body.1.div.1.fw.2" place="top" type="page-number" facs="#zone.4404935" xmlns="http://www.tei-c.org/ns/1.0">485</fw><head xml:id="INT_9dbcd676-c8f7-322c-8491-051deef57c26.TEI.1.text.1.body.1.div.1.head.1" xml:lang="nl" rend="font-size: 10; text-align: justify; line-height: 12.0pt" xmlns="http://www.tei-c.org/ns/1.0">I. CORNELIS SPEELMAN, BALTHASAR BORT, ANTHONIO HURDT,<lb/> WILLEM VAN OUTHOORN, JOANNES CAMPHUYS EN FREDERIK BENT,<lb/> BATAVIA 29 nov. 1681.<lb/></head><p xml:id="INT_9dbcd676-c8f7-322c-8491-051deef57c26.TEI.1.text.1.body.1.div.1.p.1" xml:lang="nl" rend="font-size: 8; text-align: justify; line-height: 8.9pt" xmlns="http://www.tei-c.org/ns/1.0">1252, fol. 1-44.<lb/></p><note xml:id="INT_9dbcd676-c8f7-322c-8491-051deef57c26.TEI.1.text.1.body.1.div.1.note.1" xml:lang="nl" place="inline" type="editorial-summary" resp="editor" rend="font-style: italic; line-height: 12.0pt; text-indent: 22.0pt; text-align: justify; font-size: 9.5" xmlns="http://www.tei-c.org/ns/1.0">( Vgl. <hi rend="font-size:10; font-family:Liberation Serif" xml:lang="nl">Daghregisters</hi> 1681, p. 650-716; het schip Goet Begin <hi rend="font-size:10; font-family:Liberation Serif" xml:lang="nl">,</hi> vgl. ibid. p. 654,<lb/> was de Franse St. J ean; verdeling van het uit J apan te Malakka verwachte koper en<lb/> kamfer over de westelijke kwartieren ; gebruik der schepen aldaar).<lb/></note><p xml:id="INT_9dbcd676-c8f7-322c-8491-051deef57c26.TEI.1.text.1.body.1.div.1.p.2" xml:lang="nl" rend="font-size: 10; text-align: justify; line-height: 11.7pt; text-indent: 22.0pt" xmlns="http://www.tei-c.org/ns/1.0">De pagoden onder ’t gouvernem1 van Cormandel voortaan in ’s Comp8 boecken<lb/> te doen reeckenen tot 6 gl. ider en 5 stuiver8 ider fanum van 24 in een pagoodt,<lb/> dat een effe en gemackele reeckeningh sal maaken en eguael sijn met de reductie<lb/> op Ceylon.<lb/></p><note xml:id="INT_9dbcd676-c8f7-322c-8491-051deef57c26.TEI.1.text.1.body.1.div.1.note.2" xml:lang="nl" place="inline" type="editorial-summary" resp="editor" rend="font-style: italic; line-height: 10.5pt; text-indent: 22.0pt; text-align: justify; font-size: 9.5" xmlns="http://www.tei-c.org/ns/1.0">(De ropia is in Suratte en Bengalen van 28 op 30 stuiver gebracht).<lb/></note><p xml:id="INT_9dbcd676-c8f7-322c-8491-051deef57c26.TEI.1.text.1.body.1.div.1.p.3" xml:lang="nl" rend="font-size: 10; text-align: justify; line-height: 11.7pt; text-indent: 22.0pt" xmlns="http://www.tei-c.org/ns/1.0">Konnende de ministers in die gewesten, daar alles goede koop is, haar veel<lb/> minder beklagen het geit soo hoogh te moeten ontfangen als U Ed8 dienaren hier<lb/> en elders en insonderheyt in de oosterprovintiën, alwaar se pas half sooveel voor<lb/> een rsd. konnen koopen als ginder.<lb/></p><note xml:id="INT_9dbcd676-c8f7-322c-8491-051deef57c26.TEI.1.text.1.body.1.div.1.note.3" xml:lang="nl" place="inline" type="editorial-summary" resp="editor" rend="font-style: italic; line-height: 11.7pt; text-indent: 22.0pt; text-align: justify; font-size: 9.5" xmlns="http://www.tei-c.org/ns/1.0">(Van der Stel opgedragen geen schepen meer voor het halen van rijst van de<lb/> Kaap naar Ceylon te zenden, vgl. ibid. p. 610, daar men van daar geen rijst kan<lb/> uitvoeren; op Ceylon zijn minder dan de benodigde 3000 koppen; de verwachting<lb/> aangaande ds. Coyterius is niet groot; de t.a.p.p. 655 genoemde Gnossa Zadaha is<lb/> een van de <hi rend="font-size:10; font-family:Liberation Serif" xml:lang="nl">-</hi> )<lb/></note><p xml:id="INT_9dbcd676-c8f7-322c-8491-051deef57c26.TEI.1.text.1.body.1.div.1.p.4" resp="int_paragraph_joining" rend="">
              - quaadtaardige hovelingen en raatsluyden van Conink Amsterdam<lb xmlns="http://www.tei-c.org/ns/1.0"/>geweest, die denselven Sadaha <hi rend="font-size:10; font-family:Liberation Serif; vertical-align:super" xml:lang="nl" xmlns="http://www.tei-c.org/ns/1.0">x)</hi> oock gequalificeert hadde tot opperhooft over de<lb xmlns="http://www.tei-c.org/ns/1.0"/> corcorrevloot, van de Xulaas na Bouroe overgesteecken om met behulp van den<lb xmlns="http://www.tei-c.org/ns/1.0"/> Hati Jilolo <hi rend="font-size:10; font-family:Liberation Serif; vertical-align:super" xml:lang="nl" xmlns="http://www.tei-c.org/ns/1.0">2)</hi> dat eylant tegen de Comp.® te doen revolteren, ’tgunt Godtdanck<lb xmlns="http://www.tei-c.org/ns/1.0"/> ter bequamer tijt met Comp.8 magt geweert ende ten beste uytgevallen is, mitsgaders<lb xmlns="http://www.tei-c.org/ns/1.0"/> hun ten bederff gestreckt heeft.<lb xmlns="http://www.tei-c.org/ns/1.0"/>
            </p><note xml:id="INT_9dbcd676-c8f7-322c-8491-051deef57c26.TEI.1.text.1.body.1.div.1.note.4" xml:lang="nl" place="inline" type="editorial-summary" resp="editor" rend="font-size: 9.5; font-style: italic; line-height: 11.7pt; text-indent: 22.0pt" xmlns="http://www.tei-c.org/ns/1.0">(De t.a.p.p. 548 genoemde Dominicus van Vorsten wordt behalve secunde<lb/> op Ceylon ook commandeur van Jafnapatam; het overlijden van Adriaen van Lier<lb/> t.a.p.p. 509, was geen verlies; Suratte eiste maar 5500 kisten koper; ropias kunnen<lb/> daar voor de handel in Bengalen a <hi rend="font-size:10; font-family:Liberation Serif" xml:lang="nl">§ d £%</hi> p.m. geleend worden; men eist er <hi rend="font-size:10; font-family:Liberation Serif" xml:lang="nl">3</hi> 00 000<lb/> spiaulter, waarvan Batavia echter niet voorzien is; Perzië eist 500 000 Malabaarse<lb/> peper; personalia Perzië; als men daar niet meer dan de helft van de verplichte<lb/> 300 carga zijde behoeft af te nemen, kan men het daar wel volhouden; de t.a.p.p. 652<lb/> Topini, hier Topina, genoemde persoon <hi rend="font-size:10; font-family:Liberation Serif" xml:lang="nl">-</hi> )<lb/></note><p xml:id="INT_9dbcd676-c8f7-322c-8491-051deef57c26.TEI.1.text.1.body.1.div.1.p.5" resp="int_paragraph_joining" rend="">
              - genoegsame conduite heeft om de Bougys, die haar aldaar <hi rend="font-size:10; font-family:Liberation Serif; vertical-align:super" xml:lang="nl" xmlns="http://www.tei-c.org/ns/1.0">3)</hi> onder<lb xmlns="http://www.tei-c.org/ns/1.0"/><note xml:id="INT_9dbcd676-c8f7-322c-8491-051deef57c26.TEI.1.text.1.body.1.div.1.p.5.note.1" xml:lang="nl" rend="font-size: 8; line-height: 9.6pt; text-indent: 22.0pt" xmlns="http://www.tei-c.org/ns/1.0">1) Men heeft de term Sadaha blijkbaar als eigennaam opgevat, het is evenwel een waardigheid,<lb/> vgl. dl. I, p. 400, noot 3.<lb/></note><note xml:id="INT_9dbcd676-c8f7-322c-8491-051deef57c26.TEI.1.text.1.body.1.div.1.p.5.note.2" xml:lang="nl" rend="font-size: 8; text-align: justify; line-height: 9.6pt; margin-left: 2100" xmlns="http://www.tei-c.org/ns/1.0">2) Bedoeld: Chatib Djailolo.<lb/></note><note xml:id="INT_9dbcd676-c8f7-322c-8491-051deef57c26.TEI.1.text.1.body.1.div.1.p.5.note.3" xml:lang="nl" rend="font-size: 8; text-align: justify; line-height: 9.6pt; margin-left: 2200" xmlns="http://www.tei-c.org/ns/1.0">3) Ter Westkust van Sumutra<lb/></note><pb xml:id="INT_9dbcd676-c8f7-322c-8491-051deef57c26.TEI.1.text.1.body.1.div.1.p.5.pb.1" n="486" facs="http://resources.huygens.knaw.nl/retroapp/service_generalemissiven/gm_04/images/gm_4_134_0486.tif"/><fw xml:id="INT_9dbcd676-c8f7-322c-8491-051deef57c26.TEI.1.text.1.body.1.div.1.p.5.fw.1" place="top" type="page-number" facs="#zone.4406468" xmlns="http://www.tei-c.org/ns/1.0">486</fw><fw xml:id="INT_9dbcd676-c8f7-322c-8491-051deef57c26.TEI.1.text.1.body.1.div.1.p.5.fw.2" place="top" type="head" facs="#zone.4406472" xmlns="http://www.tei-c.org/ns/1.0">Speelman, Bort, Hurdt, Van Outhoom, Camphuys en Bent I, 29 november 1681</fw>de Cottatengers houden en jongst ontrent den optogt tegen Bayang haar niet<lb xmlns="http://www.tei-c.org/ns/1.0"/> alleen van de Comp.e ontrocken, maar hun genoegsaem voor de Bayangers verklaart<lb xmlns="http://www.tei-c.org/ns/1.0"/> hebben, van daar te troonen, soo se maar eenigsints tot vertreck te disponneren<lb xmlns="http://www.tei-c.org/ns/1.0"/> sijn, ’twelck op d’een off d’ander wijse nootsaackel. betragt sal moeten<lb xmlns="http://www.tei-c.org/ns/1.0"/> werden.<lb xmlns="http://www.tei-c.org/ns/1.0"/>
            </p><note xml:id="INT_9dbcd676-c8f7-322c-8491-051deef57c26.TEI.1.text.1.body.1.div.1.note.5" xml:lang="nl" place="inline" type="editorial-summary" resp="editor" rend="font-style: italic; line-height: 11.7pt; text-indent: 22.0pt; text-align: justify; font-size: 10" xmlns="http://www.tei-c.org/ns/1.0">(Het Wapen van Zierikzee , vgl. <hi rend="font-size:10; font-family:Liberation Serif" xml:lang="nl">Daghregisters</hi> 1681, p. 680 en de Veluwe,<lb/> ibid. p. 706, <hi rend="font-size:10; font-family:Liberation Serif" xml:lang="nl">-</hi> )<lb/></note><p xml:id="INT_9dbcd676-c8f7-322c-8491-051deef57c26.TEI.1.text.1.body.1.div.1.p.6" resp="int_paragraph_joining" rend="">
              - niet verre van malkanderen geweest zijnde, van soo vervaarelijcken<lb xmlns="http://www.tei-c.org/ns/1.0"/>onweder belopen sijn geworden, als de zeelieden verklaaren nooyt beleeft te<lb xmlns="http://www.tei-c.org/ns/1.0"/> hebben, ten alle gelucke van korten duur, andersints scheen het onmogelijck<lb xmlns="http://www.tei-c.org/ns/1.0"/> behouden te blijven.<lb xmlns="http://www.tei-c.org/ns/1.0"/>
            </p><note xml:id="INT_9dbcd676-c8f7-322c-8491-051deef57c26.TEI.1.text.1.body.1.div.1.note.6" xml:lang="nl" place="inline" type="editorial-summary" resp="editor" rend="font-style: italic; line-height: 11.1pt; text-indent: 22.0pt; text-align: justify; font-size: 10" xmlns="http://www.tei-c.org/ns/1.0">(Uit de buitenkantoren <hi rend="font-size:10; font-family:Liberation Serif" xml:lang="nl">-</hi> )<lb/></note><p xml:id="INT_9dbcd676-c8f7-322c-8491-051deef57c26.TEI.1.text.1.body.1.div.1.p.7" resp="int_paragraph_joining" rend="">
              - ons in geen van alle iets swaarmoedigs wert gesuppediteert, want de<lb xmlns="http://www.tei-c.org/ns/1.0"/>competiteurs, die wij soo in Bengala als tot Cormandel etc.a langs soo meer in<lb xmlns="http://www.tei-c.org/ns/1.0"/> den handel krijgen, is een onvermijdel. saacke, die wij niet weeren en kunnen.<lb xmlns="http://www.tei-c.org/ns/1.0"/><hi rend="font-size:8; font-family:Liberation Serif" xml:lang="nl" xmlns="http://www.tei-c.org/ns/1.0">Fol. 27*.</hi><lb xmlns="http://www.tei-c.org/ns/1.0"/>
            </p><p xml:id="INT_9dbcd676-c8f7-322c-8491-051deef57c26.TEI.1.text.1.body.1.div.1.p.8" xml:lang="nl" rend="font-size: 10; text-align: justify; line-height: 11.7pt; text-indent: 22.0pt" xmlns="http://www.tei-c.org/ns/1.0">Schijnende de gouverneurs van Ceylon en Cormandel en den commissaris<lb/> Huysman op Mallabar, hier over de limitscheydinge en daar over den areeckhandel<lb/> etc.a, door dispuyten elkanderen meer te ontrusten, als se door de saacken van de<lb/> Comp.a gedaen werden, ’tgunt wij nochtans haest besligten en den opperkoopman<lb/> Pieter Vorwer <hi rend="font-size:10; font-family:Liberation Serif; vertical-align:super" xml:lang="nl">1),</hi> die daarin op Cormandel sijn vermaak schijnt te nemen, soo wel<lb/> onderrigten sullen, dat hem de lust daartoe vergae.<lb/></p><note xml:id="INT_9dbcd676-c8f7-322c-8491-051deef57c26.TEI.1.text.1.body.1.div.1.note.7" xml:lang="nl" place="inline" type="editorial-summary" resp="editor" rend="font-style: italic; line-height: 11.7pt; text-indent: 22.0pt; text-align: justify; font-size: 10" xmlns="http://www.tei-c.org/ns/1.0">(In Cororumndel en Bengalen is voldoende kapitaal; Radja Palakka liet alle<lb/> bondgenoten aan de t.a.p.p. 663 genoemde vesting Tjenrana werken, waarom <hi rend="font-size:10; font-family:Liberation Serif" xml:lang="nl">-</hi> )<lb/></note><p xml:id="INT_9dbcd676-c8f7-322c-8491-051deef57c26.TEI.1.text.1.body.1.div.1.p.9" resp="int_paragraph_joining" rend="">
              - de Crains Bone <hi rend="font-size:10; font-family:Liberation Serif; vertical-align:super" xml:lang="nl" xmlns="http://www.tei-c.org/ns/1.0">2),</hi> soone van Cronrong, en Manjalicka met eenige<lb xmlns="http://www.tei-c.org/ns/1.0"/>van de haare stilswijgens vertrocken en na Sambawa geretireert waaren, gelijck<lb xmlns="http://www.tei-c.org/ns/1.0"/> sij van ginder aan haare vrinden alhier daarvan oock kennisse gegeven ende gerecommandeert<lb xmlns="http://www.tei-c.org/ns/1.0"/> hebben den Generael Speelman bekent te maacken, dat sij van<lb xmlns="http://www.tei-c.org/ns/1.0"/> meyninge waaren, soo haest doenl. herwaarts te komen en haar alhier onder de<lb xmlns="http://www.tei-c.org/ns/1.0"/> Compa te begeven, dat door ’t verloopen van ’t saisoen nu niet wel geschieden kan.<lb xmlns="http://www.tei-c.org/ns/1.0"/><hi rend="font-size:8; font-family:Liberation Serif" xml:lang="nl" xmlns="http://www.tei-c.org/ns/1.0">Fol. 29*_v.</hi><lb xmlns="http://www.tei-c.org/ns/1.0"/>
            </p><note xml:id="INT_9dbcd676-c8f7-322c-8491-051deef57c26.TEI.1.text.1.body.1.div.1.note.8" xml:lang="nl" place="inline" type="editorial-summary" resp="editor" rend="font-style: italic; line-height: 11.7pt; text-indent: 22.0pt; text-align: justify; font-size: 10" xmlns="http://www.tei-c.org/ns/1.0">(Palembang en Djanibi gaven de Compagnie recht van alleenhandel; gegevens<lb/> over Java, afgedr. <hi rend="font-size:10; font-family:Liberation Serif" xml:lang="nl">Opkomst</hi> VII, p. 61-65; er is voor 98 466 rsd. aan wissels op patria<lb/> getrokken, grotendeels uit geld, dat al bij de Cie. in deposito stond, w.o. voor 60 000<lb/> door Van Goens voor hemzelf; hoop, dat de gedurende de laatste jaren zoveel tijd eisende<lb/> beraadslagingen over de zaken van Ceylon en Malabar nu sterk verminderd kunnen<lb/> worden).<lb/></note><note xml:id="INT_9dbcd676-c8f7-322c-8491-051deef57c26.TEI.1.text.1.body.1.div.1.note.9" xml:lang="nl" rend="font-size: 8; line-height: 9.3pt; text-indent: 23.0pt" xmlns="http://www.tei-c.org/ns/1.0">1) Pieter Vorwer. opperkoopman, 1673 secunde te Negapatam, 1674 opperhoofd, sept.<lb/> 1681 secunde ter Kust, later opperkoopman van het kasteel Batavia, waar hij 1688 stierf.<lb/></note><note xml:id="INT_9dbcd676-c8f7-322c-8491-051deef57c26.TEI.1.text.1.body.1.div.1.note.10" xml:lang="nl" rend="font-size: 8; line-height: 9.3pt; text-indent: 23.0pt" xmlns="http://www.tei-c.org/ns/1.0">2) Karaëng Boni, Makassaars grote, die uit vrees voor den Koning van Gowa zich bij<lb/> Radja Palakka aansloot en vervolgens naar Sumbawa uitweek.<lb/></note>
            
      </div>
                  </body>
                </text>
              </TEI>