<TEI xml:id="INT_eece949e-9101-3b60-97d2-a49f2e79f131" xmlns="http://www.tei-c.org/ns/1.0">
                <teiHeader>
      <fileDesc>
        <titleStmt>
          <title>Indices</title>
        </titleStmt>
        <publicationStmt>
          <p>
            <date></date>
            <idno type="sourceID">missiven:vol4</idno>
            <idno type="pid">INT_eece949e-9101-3b60-97d2-a49f2e79f131</idno>
          </p>
        </publicationStmt>
        <notesStmt>
          <note/>
        </notesStmt>
        <sourceDesc>
          <listBibl xml:id="inlMetadata">
            <bibl>
        <interpGrp type="page"><interp>839</interp></interpGrp>
        <interpGrp type="tocLevel"><interp>0</interp></interpGrp>
        <interpGrp type="volume"><interp>4</interp></interpGrp>
        <interpGrp type="n"><interp></interp></interpGrp>
        <interpGrp type="pid"><interp>INT_eece949e-9101-3b60-97d2-a49f2e79f131</interp></interpGrp>
        <interpGrp type="titleLevel1"><interp>Indices</interp></interpGrp>
      </bibl>
          </listBibl>
        </sourceDesc>
      </fileDesc>
    </teiHeader>
                <text xml:id="INT_eece949e-9101-3b60-97d2-a49f2e79f131.TEI.1.text.1">
                  <body xml:id="INT_eece949e-9101-3b60-97d2-a49f2e79f131.TEI.1.text.1.body.1">
                    <div xml:id="INT_eece949e-9101-3b60-97d2-a49f2e79f131.TEI.1.text.1.body.1.div.1">
        
              <pb xml:id="INT_eece949e-9101-3b60-97d2-a49f2e79f131.TEI.1.text.1.body.1.div.1.pb.1" n="839" facs="http://resources.huygens.knaw.nl/retroapp/service_generalemissiven/gm_04/images/gm_4_134_0839.tif"/><head xml:id="INT_eece949e-9101-3b60-97d2-a49f2e79f131.TEI.1.text.1.body.1.div.1.head.1" xml:lang="nl" rend="font-size: 16; letter-spacing: 2.0pt; line-height: 17.7pt" xmlns="http://www.tei-c.org/ns/1.0">INDICES<lb/></head>
            
      </div>
                  </body>
                </text>
              </TEI>