<TEI xml:id="INT_776b9348-69f7-3e60-9c35-2a31adc90d6e" xmlns="http://www.tei-c.org/ns/1.0">
                <teiHeader>
      <fileDesc>
        <titleStmt>
          <title>Van Goens, Speelman, Bort, Van Outhoorn en Camphuys, 23 febr. 1679</title>
        </titleStmt>
        <publicationStmt>
          <p>
            <date>23 febr. 1679</date>
            <idno type="sourceID">missiven:vol4</idno>
            <idno type="pid">INT_776b9348-69f7-3e60-9c35-2a31adc90d6e</idno>
          </p>
        </publicationStmt>
        <notesStmt>
          <note/>
        </notesStmt>
        <sourceDesc>
          <listBibl xml:id="inlMetadata">
            <bibl type="missive">
        <interpGrp type="page"><interp>309</interp></interpGrp>
        
      <interpGrp type="titleLevel1"><interp>Van Goens, Speelman, Bort, Van Outhoorn en Camphuys, 23 febr. 1679</interp></interpGrp>
      <interpGrp type="dateLevel1"><interp>23 febr. 1679</interp></interpGrp>
        <interpGrp type="tocLevel"><interp>1</interp></interpGrp>
      <interpGrp type="volume"><interp>4</interp></interpGrp>
        <interpGrp type="n"><interp>VIII</interp></interpGrp>
      
      <interpGrp type="witnessYearLevel1_from"><interp>1679</interp></interpGrp>
      <interpGrp type="witnessYearLevel1_to"><interp>1679</interp></interpGrp>
      <interpGrp type="witnessMonthLevel1_to"><interp>2</interp></interpGrp>
      <interpGrp type="witnessMonthLevel1_from"><interp>2</interp></interpGrp>
      <interpGrp type="witnessDayLevel1_to"><interp>23</interp></interpGrp>
      <interpGrp type="witnessDayLevel1_from"><interp>23</interp></interpGrp>
      <interpGrp type="authorLevel1"><interp>Van Goens</interp><interp>Speelman</interp><interp>Bort</interp><interp>Van Outhoorn</interp><interp>Camphuys</interp></interpGrp>
      <interpGrp type="pid"><interp>INT_776b9348-69f7-3e60-9c35-2a31adc90d6e</interp></interpGrp>
    </bibl>
          </listBibl>
        </sourceDesc>
      </fileDesc>
    </teiHeader>
                <text xml:id="INT_776b9348-69f7-3e60-9c35-2a31adc90d6e.TEI.1.text.1">
                  <body xml:id="INT_776b9348-69f7-3e60-9c35-2a31adc90d6e.TEI.1.text.1.body.1">
                    <div xml:id="INT_776b9348-69f7-3e60-9c35-2a31adc90d6e.TEI.1.text.1.body.1.div.1">
        
              <pb xml:id="INT_776b9348-69f7-3e60-9c35-2a31adc90d6e.TEI.1.text.1.body.1.div.1.pb.1" n="309" facs="http://resources.huygens.knaw.nl/retroapp/service_generalemissiven/gm_04/images/gm_4_134_0309.tif"/><fw xml:id="INT_776b9348-69f7-3e60-9c35-2a31adc90d6e.TEI.1.text.1.body.1.div.1.fw.1" place="top" type="head" facs="#zone.3962012" xmlns="http://www.tei-c.org/ns/1.0">Van Goens, Speelman, Bort, Van Outhoom en Camphuys VIII, 23 februari 1679</fw><fw xml:id="INT_776b9348-69f7-3e60-9c35-2a31adc90d6e.TEI.1.text.1.body.1.div.1.fw.2" place="top" type="page-number" facs="#zone.3962027" xmlns="http://www.tei-c.org/ns/1.0">309</fw><head xml:id="INT_776b9348-69f7-3e60-9c35-2a31adc90d6e.TEI.1.text.1.body.1.div.1.head.1" xml:lang="nl" rend="font-size: 10; text-align: justify; line-height: 11.7pt" xmlns="http://www.tei-c.org/ns/1.0">VIII. RYCKLOFF VAN GOENS, CORNELIS SPEELMAN, BALTHASAR<lb/> BORT, WILLEM VAN OUTHOORN EN JOANNES CAMPHUYS, BATAVIA<lb/> 23 februari 1679.<lb/></head><p xml:id="INT_776b9348-69f7-3e60-9c35-2a31adc90d6e.TEI.1.text.1.body.1.div.1.p.1" xml:lang="nl" rend="font-size: 8; text-align: justify; line-height: 8.9pt" xmlns="http://www.tei-c.org/ns/1.0">1222, fol. 698-703.<lb/></p><note xml:id="INT_776b9348-69f7-3e60-9c35-2a31adc90d6e.TEI.1.text.1.body.1.div.1.note.1" xml:lang="nl" place="inline" type="editorial-summary" resp="editor" rend="font-style: italic; line-height: 11.7pt; text-indent: 22.0pt; text-align: justify; font-size: 10" xmlns="http://www.tei-c.org/ns/1.0">(Vgl. <hi rend="font-size:10; font-family:Liberation Serif" xml:lang="nl">Daghregisters</hi> 1679 p. 56-68; van de 13 febr. vertrokken retourschepen zijn<lb/> de Jonas en de Juffrouw Maria huur schepen; 1000 kisten koper , 19 febr. door een jonk<lb/> uit Japan aangebracht , werden opgekocht d 18 rsd. het picol; de taxatie der goederen te<lb/> Nagasaki door den gouverneur gehandhaafd ; salarisverhoging der tolken aldaar , vgl.<lb/><hi rend="font-size:10; font-family:Liberation Serif" xml:lang="nl">Beschrijvinge</hi> II, I, p. 463).<lb/></note><p xml:id="INT_776b9348-69f7-3e60-9c35-2a31adc90d6e.TEI.1.text.1.body.1.div.1.p.2" xml:lang="nl" rend="font-size: 10; text-align: justify; line-height: 11.7pt; text-indent: 22.0pt" xmlns="http://www.tei-c.org/ns/1.0">Soo is nochtans lichtelijck te presumeren, dat in de tacxatie der coopmanschappen<lb/> d’E. Comp. dit betaelen moet ende waertegens wij al wederom niet<lb/> anders weten te doen dan de gewoone patiëntie te gebruycken ende met maer<lb/> matige cargasoenen na Jappan te senden haer meede van de proffijten, die zij<lb/> anders op groote quantiteyt coopmanschappen zouden behaelen, soo lange te diverteren,<lb/> totdat de tijt wat beter veranderinge ten goede sal medebrengen.<lb/><hi rend="font-size:8; font-family:Liberation Serif" xml:lang="nl">Fol. 699v.</hi><lb/></p><note xml:id="INT_776b9348-69f7-3e60-9c35-2a31adc90d6e.TEI.1.text.1.body.1.div.1.note.2" xml:lang="nl" place="inline" type="editorial-summary" resp="editor" rend="font-style: italic; line-height: 11.7pt; text-indent: 22.0pt; text-align: justify; font-size: 10" xmlns="http://www.tei-c.org/ns/1.0">(Uit China kwamen maar 2 jonken te Nagasaki; in oct. zijn 3 Engelse schepen<lb/> mei 8 ton aan contanten voor Suratte gekomen, bovendien goederen; het Franse schip<lb/> Valtour verging daar; uit Ceylon zijn 50 soldaten naar Malabar gezonden tot tegengang<lb/> van de peper smokkelarij; er wordt daar half febr. 500000 <hi rend="font-size:10; font-family:Liberation Serif" xml:lang="nl">®</hi> peper verwacht, die de<lb/> V.O.C. hoopt te verkopen in Perzië en India; oplopende verkoopsmarkt in Malabar).<lb/></note><p xml:id="INT_776b9348-69f7-3e60-9c35-2a31adc90d6e.TEI.1.text.1.body.1.div.1.p.3" xml:lang="nl" rend="font-size: 10; text-align: justify; line-height: 11.7pt; text-indent: 22.0pt" xmlns="http://www.tei-c.org/ns/1.0"><hi rend="font-size:10; font-family:Liberation Serif; font-style:italic" xml:lang="nl">4</hi> Portugese en Zuratse scheepies, binnen de revier ende voor Coetchins reede,<lb/> waren, als aen onsen handel hinderlijck, gelast te vertrecken ende andere 7 Suratse<lb/> scheepiens, uyt Souratte tot Calicoet aengecomen met catoen en amfioen om te<lb/> lorredrayen, souden mede tegengegaen werden volgens contract.<lb/></p><note xml:id="INT_776b9348-69f7-3e60-9c35-2a31adc90d6e.TEI.1.text.1.body.1.div.1.note.3" xml:lang="nl" place="inline" type="editorial-summary" resp="editor" rend="font-style: italic; line-height: 11.1pt; text-indent: 22.0pt; text-align: justify; font-size: 10" xmlns="http://www.tei-c.org/ns/1.0">(In Cochin is het vredig; men wil er tegen Calicoylang optreden; rust op Ceylon).<lb/></note><p xml:id="INT_776b9348-69f7-3e60-9c35-2a31adc90d6e.TEI.1.text.1.body.1.div.1.p.4" resp="int_paragraph_joining" rend="">
              De haevenen van Putelan en Calpentijn voor een ijder, van booven comende,<lb xmlns="http://www.tei-c.org/ns/1.0"/> opengestelt waren en dat den vreede allom ende op alle plaetsen des eylants onderhouden<lb xmlns="http://www.tei-c.org/ns/1.0"/> wierd. Ragia Singa was wonderwel in zijn schick, immers soo het zich uytwendich<lb xmlns="http://www.tei-c.org/ns/1.0"/> vertoonde, door het opzenden van 8 groote Madurese haenen (dat ongemene<lb xmlns="http://www.tei-c.org/ns/1.0"/> cloecke kampvechters zijn). Deese haenen waren van den gouverneur uyt<lb xmlns="http://www.tei-c.org/ns/1.0"/> Colombo opgesonden met eenige statie tot een overout coninxhoff in de Curnagel<lb xmlns="http://www.tei-c.org/ns/1.0"/> <hi rend="font-size:10; font-family:Liberation Serif; vertical-align:super" xml:lang="nl" xmlns="http://www.tei-c.org/ns/1.0">x)</hi> Corle; van waer de tijdingh van ’t opzenden deser haenen voor Ragi gecomen<lb xmlns="http://www.tei-c.org/ns/1.0"/> zijnde, vierden de tijdinghbrengers vereert ijder met een caetchie off cleet, 10<lb xmlns="http://www.tei-c.org/ns/1.0"/> larijnen comptant ende een stuckien sandelhout; zulcx terstont last gaff dese<lb xmlns="http://www.tei-c.org/ns/1.0"/> haenen voor hem te brengen, soo verheucht zijnde, als men hem oyt gesien had en<lb xmlns="http://www.tei-c.org/ns/1.0"/> soude geseyt hebben : mijne Hollanders hebben mij geen hanen, maer goede getande<lb xmlns="http://www.tei-c.org/ns/1.0"/> elifanten gesonden; sendende terstont drie hoff schrijvers met 200 lascarijns om die<lb xmlns="http://www.tei-c.org/ns/1.0"/> haenen op te convoyeren ende in alle zeeckerheyt voor hem te brengen ; zulcx het<lb xmlns="http://www.tei-c.org/ns/1.0"/> schijnt, dat deese haenen grooter vreucht toegebracht hebben dan voorheen den<lb xmlns="http://www.tei-c.org/ns/1.0"/> leeuw ende soo veelerley rariteyten, waaraen blij eken mach, van wat geest desen<lb xmlns="http://www.tei-c.org/ns/1.0"/><note xml:id="INT_776b9348-69f7-3e60-9c35-2a31adc90d6e.TEI.1.text.1.body.1.div.1.p.4.note.1" xml:lang="nl" rend="font-size: 8; text-align: justify; line-height: 8.9pt; text-indent: 22.0pt" xmlns="http://www.tei-c.org/ns/1.0">1) Kurunegal, korale aan de bovenloop van de rivier van Chilau benoorden Kandi.<lb/></note><pb xml:id="INT_776b9348-69f7-3e60-9c35-2a31adc90d6e.TEI.1.text.1.body.1.div.1.p.4.pb.1" n="310" facs="http://resources.huygens.knaw.nl/retroapp/service_generalemissiven/gm_04/images/gm_4_134_0310.tif"/><fw xml:id="INT_776b9348-69f7-3e60-9c35-2a31adc90d6e.TEI.1.text.1.body.1.div.1.p.4.fw.1" place="top" type="page-number" facs="#zone.3967019" xmlns="http://www.tei-c.org/ns/1.0">310</fw><fw xml:id="INT_776b9348-69f7-3e60-9c35-2a31adc90d6e.TEI.1.text.1.body.1.div.1.p.4.fw.2" place="top" type="head" facs="#zone.3967023" xmlns="http://www.tei-c.org/ns/1.0">Van Goens, Speelman, Bort, Van Outhoorn en Camphuys VIII, 23 februari 1679</fw>Coninck gedreven werd. Doch de Hr. Generael, die hem best behoord te kennen,<lb xmlns="http://www.tei-c.org/ns/1.0"/> meynt expresselijck, dat Ragia Singa en de zijne nu ten eynde raet gecomen zijnde<lb xmlns="http://www.tei-c.org/ns/1.0"/> ende ziende, het meeste landvolck ons aenhangen en zijn onmacht hetzelve te<lb xmlns="http://www.tei-c.org/ns/1.0"/> beletten, dat het consequent tijt werd zich te accomoderen, waervan de verleende<lb xmlns="http://www.tei-c.org/ns/1.0"/> vrijheyt aen de zijne tot het gaen en keeren der zeehavenen een groot bewijs is,<lb xmlns="http://www.tei-c.org/ns/1.0"/> alsoo de tijt nu sooveel jaeren geleerd heeft, dat off hij deese vrijheyt aen zijn<lb xmlns="http://www.tei-c.org/ns/1.0"/> volck der zee ven corles geeft off niet, dat zij het echter altijt op haer eygen believen<lb xmlns="http://www.tei-c.org/ns/1.0"/> gedaen hebben; soodat het geschenck deser haenen niet anders heeft uytgewrocht,<lb xmlns="http://www.tei-c.org/ns/1.0"/> dan Ragia occagie gegeven zich op zijne Hollanders wel tevreeden te thoonen,<lb xmlns="http://www.tei-c.org/ns/1.0"/> ziende doch, dat zijn hoope op de France hulp soodanich verijdelt werd.<lb xmlns="http://www.tei-c.org/ns/1.0"/>
            </p><note xml:id="INT_776b9348-69f7-3e60-9c35-2a31adc90d6e.TEI.1.text.1.body.1.div.1.note.4" xml:lang="nl" place="inline" type="editorial-summary" resp="editor" rend="font-style: italic; line-height: 11.7pt; text-indent: 22.0pt; text-align: justify; font-size: 9" xmlns="http://www.tei-c.org/ns/1.0">(De vrede met hem te bewaren; hij is echter onbetrouwbaar; onderzoek door<lb/> Daniël Parvé naar knoeierijen in Suratte; de handelaar Kissendas is bereid er veel<lb/> rompen te kopen).<lb/></note>
            
      </div>
                  </body>
                </text>
              </TEI>