<TEI xml:id="INT_f07efd82-cfc1-3ab5-b3c9-c92aa9ae46c5" xmlns="http://www.tei-c.org/ns/1.0">
                <teiHeader>
      <fileDesc>
        <titleStmt>
          <title>Van Goens, Speelman, Bort, Hurdt, Blom, Van Outhoorn en Camphuys, 10 oct. 1679</title>
        </titleStmt>
        <publicationStmt>
          <p>
            <date>10 oct. 1679</date>
            <idno type="sourceID">missiven:vol4</idno>
            <idno type="pid">INT_f07efd82-cfc1-3ab5-b3c9-c92aa9ae46c5</idno>
          </p>
        </publicationStmt>
        <notesStmt>
          <note/>
        </notesStmt>
        <sourceDesc>
          <listBibl xml:id="inlMetadata">
            <bibl type="missive">
        <interpGrp type="page"><interp>312</interp></interpGrp>
        
      <interpGrp type="titleLevel1"><interp>Van Goens, Speelman, Bort, Hurdt, Blom, Van Outhoorn en Camphuys, 10 oct. 1679</interp></interpGrp>
      <interpGrp type="dateLevel1"><interp>10 oct. 1679</interp></interpGrp>
        <interpGrp type="tocLevel"><interp>1</interp></interpGrp>
      <interpGrp type="volume"><interp>4</interp></interpGrp>
        <interpGrp type="n"><interp>X</interp></interpGrp>
      
      <interpGrp type="witnessYearLevel1_from"><interp>1679</interp></interpGrp>
      <interpGrp type="witnessYearLevel1_to"><interp>1679</interp></interpGrp>
      <interpGrp type="witnessMonthLevel1_to"><interp>10</interp></interpGrp>
      <interpGrp type="witnessMonthLevel1_from"><interp>10</interp></interpGrp>
      <interpGrp type="witnessDayLevel1_to"><interp>10</interp></interpGrp>
      <interpGrp type="witnessDayLevel1_from"><interp>10</interp></interpGrp>
      <interpGrp type="authorLevel1"><interp>Van Goens</interp><interp>Speelman</interp><interp>Bort</interp><interp>Hurdt</interp><interp>Blom</interp><interp>Van Outhoorn</interp><interp>Camphuys</interp></interpGrp>
      <interpGrp type="pid"><interp>INT_f07efd82-cfc1-3ab5-b3c9-c92aa9ae46c5</interp></interpGrp>
    </bibl>
          </listBibl>
        </sourceDesc>
      </fileDesc>
    </teiHeader>
                <text xml:id="INT_f07efd82-cfc1-3ab5-b3c9-c92aa9ae46c5.TEI.1.text.1">
                  <body xml:id="INT_f07efd82-cfc1-3ab5-b3c9-c92aa9ae46c5.TEI.1.text.1.body.1">
                    <div xml:id="INT_f07efd82-cfc1-3ab5-b3c9-c92aa9ae46c5.TEI.1.text.1.body.1.div.1">
        
              <pb xml:id="INT_f07efd82-cfc1-3ab5-b3c9-c92aa9ae46c5.TEI.1.text.1.body.1.div.1.pb.1" n="312" facs="http://resources.huygens.knaw.nl/retroapp/service_generalemissiven/gm_04/images/gm_4_134_0312.tif"/><fw xml:id="INT_f07efd82-cfc1-3ab5-b3c9-c92aa9ae46c5.TEI.1.text.1.body.1.div.1.fw.1" place="top" type="page-number" facs="#zone.3971061" xmlns="http://www.tei-c.org/ns/1.0">312</fw><fw xml:id="INT_f07efd82-cfc1-3ab5-b3c9-c92aa9ae46c5.TEI.1.text.1.body.1.div.1.fw.2" place="top" type="head" facs="#zone.3971065" xmlns="http://www.tei-c.org/ns/1.0">Van Goens, Speelman, Bort, Hurdt, Blom, Van Outhoom, enz. X, 10 october 1679</fw><head xml:id="INT_f07efd82-cfc1-3ab5-b3c9-c92aa9ae46c5.TEI.1.text.1.body.1.div.1.head.1" xml:lang="nl" rend="font-size: 10; text-align: justify; line-height: 12.0pt" xmlns="http://www.tei-c.org/ns/1.0">X. RIJCKLOFF VAN GOENS, CORNELIS SPEELMAN, BALTHASAR<lb/> BORT, ANTHONIO HURDT, DIRCK BLOM, WILLEM VAN OUTHOORN<lb/> EN JOANNES CAMPHUYS, BATAVIA 10 october 1679.<lb/></head><p xml:id="INT_f07efd82-cfc1-3ab5-b3c9-c92aa9ae46c5.TEI.1.text.1.body.1.div.1.p.1" xml:lang="nl" rend="font-size: 7.5; text-align: justify; line-height: 8.3pt" xmlns="http://www.tei-c.org/ns/1.0">1230, lol. 9-67.<lb/></p><note xml:id="INT_f07efd82-cfc1-3ab5-b3c9-c92aa9ae46c5.TEI.1.text.1.body.1.div.1.note.1" xml:lang="nl" place="inline" type="editorial-summary" resp="editor" rend="font-style: italic; line-height: 11.7pt; text-indent: 24.0pt; text-align: justify; font-size: 10" xmlns="http://www.tei-c.org/ns/1.0">(Vgl. <hi rend="font-size:10; font-family:Liberation Serif" xml:lang="nl">Daghregisters</hi> 1679, p. 68-450; wegens de vlucht van Koning Amsterdam<lb/> men <hi rend="font-size:10; font-family:Liberation Serif" xml:lang="nl">-</hi> )<lb/></note><p xml:id="INT_f07efd82-cfc1-3ab5-b3c9-c92aa9ae46c5.TEI.1.text.1.body.1.div.1.p.2" resp="int_paragraph_joining" rend="">
              - den prins Alam en capiteyn laut Rety int casteel creeg met een<lb xmlns="http://www.tei-c.org/ns/1.0"/>trots voornemen en waarom dan desel ve, tot den Conink persoonelijk soude verscheynen,<lb xmlns="http://www.tei-c.org/ns/1.0"/> in gijselinge genomen wierden.<lb xmlns="http://www.tei-c.org/ns/1.0"/>
            </p><p xml:id="INT_f07efd82-cfc1-3ab5-b3c9-c92aa9ae46c5.TEI.1.text.1.body.1.div.1.p.3" resp="int_paragraph_joining" rend="">
              Op 11. <hi rend="font-size:10; font-family:Liberation Serif; vertical-align:super" xml:lang="nl" xmlns="http://www.tei-c.org/ns/1.0">en</hi> junij onder schijn van de ordinarij sondagse parade een comp.nie soldaten<lb xmlns="http://www.tei-c.org/ns/1.0"/> door de heer Padbrugge uytgesonden wesende om eenige overgebleve<lb xmlns="http://www.tei-c.org/ns/1.0"/> Coninx’ correcorren in de brand te steeken, na ’t verrigten van ’tselve den Tarnataensen<lb xmlns="http://www.tei-c.org/ns/1.0"/> capitain Baccary <hi rend="font-size:10; font-family:Liberation Serif; vertical-align:super" xml:lang="nl" xmlns="http://www.tei-c.org/ns/1.0">1 2)</hi> uyt seeker steene huys des Coninx op onze agterhoede<lb xmlns="http://www.tei-c.org/ns/1.0"/> vier gegeven had en doen met den anderen in volle actie geraect waeren, waarop<lb xmlns="http://www.tei-c.org/ns/1.0"/> wijders d’onse ’s anderen daegs eerst Coninx’ plein, daarna zijn hoff en fort ingenomen,<lb xmlns="http://www.tei-c.org/ns/1.0"/> geraseert en verbrant en voorts de gevlugte Tarnatanen verder ook uyt<lb xmlns="http://www.tei-c.org/ns/1.0"/> Terlucco <hi rend="font-size:10; font-family:Liberation Serif; vertical-align:super" xml:lang="nl" xmlns="http://www.tei-c.org/ns/1.0">3)</hi> verdreven en ’t Coninx’ hof t’eenemael geslegt hadden, soodat men<lb xmlns="http://www.tei-c.org/ns/1.0"/>sich nu - van onse zijde in goet postuir van tegenweer bevondt en, evenals<lb xmlns="http://www.tei-c.org/ns/1.0"/>off men in een openbaren oorloch van vyanden geraect was, den Conincq van<lb xmlns="http://www.tei-c.org/ns/1.0"/> Tamaten in zijn vlucht een brieffje aan den gouvem.* Padbrugge hebbende<lb xmlns="http://www.tei-c.org/ns/1.0"/> gesz.n, schijnt al de schuit op denselven gouverneur ende zijne quade regeringe<lb xmlns="http://www.tei-c.org/ns/1.0"/> tegen de vorige maximes van d’Comp.ne te leggen en dat hij daerom niet weder in<lb xmlns="http://www.tei-c.org/ns/1.0"/> Ternaten wilde comen, voor hij over sijn zaake bescheyt van den GouvemeurGeneraal<lb xmlns="http://www.tei-c.org/ns/1.0"/> en raden van India zoude hebben. Den oude Conink van Tidore, over<lb xmlns="http://www.tei-c.org/ns/1.0"/> de roveryen sijner Papouen etc.a op Comp.ns onderdanen in Amboina en Banda<lb xmlns="http://www.tei-c.org/ns/1.0"/> aangesprooken zijnde, scheen ook al vrij wat misnoegt, egter met die verclaringe<lb xmlns="http://www.tei-c.org/ns/1.0"/> dat het best was nu niet te disputeren maar te beraadslaan om de gerese tweedragt<lb xmlns="http://www.tei-c.org/ns/1.0"/> tusschen de Comp.nle en den Conink van Ternaten weder bij te leggen en waertoe<lb xmlns="http://www.tei-c.org/ns/1.0"/> hij zijn hulpe, des versogt werdende, ook hadde gepresenteert, misschien omdat na<lb xmlns="http://www.tei-c.org/ns/1.0"/> de mondelinge berigten sijn soone prins Quitchil Ceram met de Ternaatse princes<lb xmlns="http://www.tei-c.org/ns/1.0"/> Gammelamma <hi rend="font-size:10; font-family:Liberation Serif; vertical-align:super" xml:lang="nl" xmlns="http://www.tei-c.org/ns/1.0">4),</hi> die hij al voor lange had getragt te schaaken, nu getrouwt en<lb xmlns="http://www.tei-c.org/ns/1.0"/> haar vorige man, prins Alam, na zijn landt van Gilolo geretireert was en denwelcken<lb xmlns="http://www.tei-c.org/ns/1.0"/> aldaar - over ’taangedane affront van sijn vorige gijselinge int<lb xmlns="http://www.tei-c.org/ns/1.0"/><note xml:id="INT_f07efd82-cfc1-3ab5-b3c9-c92aa9ae46c5.TEI.1.text.1.body.1.div.1.p.3.note.1" xml:lang="nl" rend="font-size: 7.5; text-align: justify; line-height: 9.3pt; text-indent: 22.0pt" xmlns="http://www.tei-c.org/ns/1.0">1) Prins Alam, een afstammeling van het Vorstenhuis van Djailolo, gehuwd met een<lb/> zuster van Koning Amsterdam, was djogugu, rijksbestuurder, van Ternate; in 1676 vluchtte<lb/> hij uit vrees voor zijn zwager naar de Nederlanders, maar werd in 1677 door hen weder met<lb/> hem verzoend; in juli 1683 was hij te Batavia mede-ondertekenaar van het verdrag van<lb/> Ternate met de V.O.C.<lb/></note><note xml:id="INT_f07efd82-cfc1-3ab5-b3c9-c92aa9ae46c5.TEI.1.text.1.body.1.div.1.p.3.note.2" xml:lang="nl" rend="font-size: 7.5; line-height: 9.3pt; text-indent: 21.0pt" xmlns="http://www.tei-c.org/ns/1.0">2) Bakari was het hoofd (sengadji) van het dorp Toloko ; ook hij ondertekende het juist<lb/> genoemde verdrag, in maart 1684.<lb/></note><note xml:id="INT_f07efd82-cfc1-3ab5-b3c9-c92aa9ae46c5.TEI.1.text.1.body.1.div.1.p.3.note.3" xml:lang="nl" rend="font-size: 7.5; text-align: justify; line-height: 9.3pt; margin-left: 2100" xmlns="http://www.tei-c.org/ns/1.0">3) Tolokko.<lb/></note><note xml:id="INT_f07efd82-cfc1-3ab5-b3c9-c92aa9ae46c5.TEI.1.text.1.body.1.div.1.p.3.note.4" xml:lang="nl" rend="font-size: 7.5; line-height: 9.3pt; text-indent: 21.0pt" xmlns="http://www.tei-c.org/ns/1.0">4) Prinses Gamlamo, zuster van Koning Amsterdam, eerst gehuwd met prins Alam,<lb/> later met den Tidoresen prins Ceram.<lb/></note><pb xml:id="INT_f07efd82-cfc1-3ab5-b3c9-c92aa9ae46c5.TEI.1.text.1.body.1.div.1.p.3.pb.1" n="313" facs="http://resources.huygens.knaw.nl/retroapp/service_generalemissiven/gm_04/images/gm_4_134_0313.tif"/><fw xml:id="INT_f07efd82-cfc1-3ab5-b3c9-c92aa9ae46c5.TEI.1.text.1.body.1.div.1.p.3.fw.1" place="top" type="head" facs="#zone.3973517" xmlns="http://www.tei-c.org/ns/1.0">Van Goens, Speelman, Bort, Hurdt, Blom, Van Outhoorn, enz. X, 10 october 1679</fw><fw xml:id="INT_f07efd82-cfc1-3ab5-b3c9-c92aa9ae46c5.TEI.1.text.1.body.1.div.1.p.3.fw.2" place="top" type="page-number" facs="#zone.3973533" xmlns="http://www.tei-c.org/ns/1.0">313</fw>casteel 5 affgesonde van den gouverneur Padbrugge, als twee Nederlanders en drie<lb xmlns="http://www.tei-c.org/ns/1.0"/> mardijckers, aan een boom soude hebben doen ophangen *).<lb xmlns="http://www.tei-c.org/ns/1.0"/>
            </p><note xml:id="INT_f07efd82-cfc1-3ab5-b3c9-c92aa9ae46c5.TEI.1.text.1.body.1.div.1.note.2" xml:lang="nl" place="inline" type="editorial-summary" resp="editor" rend="font-style: italic; line-height: 10.0pt; text-indent: 22.0pt; text-align: justify; font-size: 9" xmlns="http://www.tei-c.org/ns/1.0">(Hoop, dat de strijd niet naar Amhoina zal overslaan ).<lb/></note><p xml:id="INT_f07efd82-cfc1-3ab5-b3c9-c92aa9ae46c5.TEI.1.text.1.body.1.div.1.p.4" xml:lang="nl" rend="font-size: 10; text-align: justify; line-height: 11.7pt; text-indent: 22.0pt" xmlns="http://www.tei-c.org/ns/1.0">Inwijlen, soo hielden de Tarnatanen, die sigh meest, na men rugte, met den<lb/> Conincq op de Xulase eylanden onthielden, het vaarwater daar rondsomme, selffs<lb/> om en in de eylanden van Amboina, met hun rooffvaartuygen seer onveyl, soodatter<lb/> geen vaartuygen uyt Amboina na Ternaten dorsten oversteeken. Ondertusschen<lb/> was men alomme in Amboina na vermogen in postuur ende op hoeden voor alle<lb/> listen, maar omdat het guarnisoen wat swack was, souden sij t’harer securiteyt de<lb/> fluyt Westeramstel ’t aanstaande mouson daar overhouden.<lb/></p><p xml:id="INT_f07efd82-cfc1-3ab5-b3c9-c92aa9ae46c5.TEI.1.text.1.body.1.div.1.p.5" xml:lang="nl" rend="font-size: 10; text-align: justify; line-height: 11.7pt; text-indent: 22.0pt" xmlns="http://www.tei-c.org/ns/1.0">Op ’t land van Horaaal op Cerara nog zijn gevonden 142996 nagel- en 16661<lb/> volwasse nooteboomen behalven nog een ontelbare menigte jonge sprujd/en, die<lb/> ook alle sijn uytgeroeyt.<lb/></p><note xml:id="INT_f07efd82-cfc1-3ab5-b3c9-c92aa9ae46c5.TEI.1.text.1.body.1.div.1.note.3" xml:lang="nl" place="inline" type="editorial-summary" resp="editor" rend="font-style: italic; line-height: 10.5pt; text-indent: 22.0pt; text-align: justify; font-size: 9" xmlns="http://www.tei-c.org/ns/1.0">(Te Batavia blijven 15000 <hi rend="font-size:9.5; font-family:Liberation Serif" xml:lang="nl">&amp;</hi> rompen voor Coromandel).<lb/></note><p xml:id="INT_f07efd82-cfc1-3ab5-b3c9-c92aa9ae46c5.TEI.1.text.1.body.1.div.1.p.6" xml:lang="nl" rend="font-size: 10; text-align: justify; line-height: 11.7pt; text-indent: 22.0pt" xmlns="http://www.tei-c.org/ns/1.0">De rijcxste burgers successive van daar <hi rend="font-size:10; font-family:Liberation Serif; vertical-align:super" xml:lang="nl">1 2)</hi> opgebrooken en vertrocken sijnde,<lb/> d’overige seer waren verarmt.<lb/></p><note xml:id="INT_f07efd82-cfc1-3ab5-b3c9-c92aa9ae46c5.TEI.1.text.1.body.1.div.1.note.4" xml:lang="nl" place="inline" type="editorial-summary" resp="editor" rend="font-style: italic; line-height: 12.0pt; text-indent: 22.0pt; text-align: justify; font-size: 9" xmlns="http://www.tei-c.org/ns/1.0">( De gouverneur van Banda houdt het vólk op Oost-Ceram in goede orde; vernomen,<lb/> <hi rend="font-size:9.5; font-family:Liberation Serif" xml:lang="nl">-</hi> )<lb/></note><p xml:id="INT_f07efd82-cfc1-3ab5-b3c9-c92aa9ae46c5.TEI.1.text.1.body.1.div.1.p.7" resp="int_paragraph_joining" rend="">
              - hoe Crain Sadrebone van zijn meeste volckeren van Goa verlaten<lb xmlns="http://www.tei-c.org/ns/1.0"/>wierd, hoe de Bonese Bougys met ruym 850 coppen met goet getal vaartuygen aan<lb xmlns="http://www.tei-c.org/ns/1.0"/> ’t casteel Rotterdam waaren aangecomen ende haeren Conink te hulp zouden<lb xmlns="http://www.tei-c.org/ns/1.0"/> trecken.<lb xmlns="http://www.tei-c.org/ns/1.0"/>
            </p><note xml:id="INT_f07efd82-cfc1-3ab5-b3c9-c92aa9ae46c5.TEI.1.text.1.body.1.div.1.note.5" xml:lang="nl" place="inline" type="editorial-summary" resp="editor" rend="font-style: italic; line-height: 10.0pt; text-indent: 22.0pt; text-align: justify; font-size: 9" xmlns="http://www.tei-c.org/ns/1.0">(In Buton zijn maar 12 notebomen ontdekt).<lb/></note><p xml:id="INT_f07efd82-cfc1-3ab5-b3c9-c92aa9ae46c5.TEI.1.text.1.body.1.div.1.p.8" xml:lang="nl" rend="font-size: 10; text-align: justify; line-height: 11.7pt; text-indent: 22.0pt" xmlns="http://www.tei-c.org/ns/1.0">Op Dompo en Tambora eenige onlusten waeren ontstaan en tot slissingh van<lb/> tselve den coopman Van Daelen nae derwaerts was gecommitteert, dat Crain<lb/> Jerenike van Bima op Maccassar weder was aangekomen en gepresenteert had het<lb/> Bonaise contract mede te beëedigen.<lb/></p><note xml:id="INT_f07efd82-cfc1-3ab5-b3c9-c92aa9ae46c5.TEI.1.text.1.body.1.div.1.note.6" xml:lang="nl" place="inline" type="editorial-summary" resp="editor" rend="font-style: italic; line-height: 11.7pt; text-indent: 22.0pt; text-align: justify; font-size: 9" xmlns="http://www.tei-c.org/ns/1.0">(Gezanten van Buton vragen te Makassar passen voor de vaart op Atjeh; ze<lb/> werden hun verstrekt voor Palembang; de rijstoogst op Zuid-Celebes is zo groot, dat de<lb/> tiende, die de Cie. krijgt, genoeg is voor de voeding van haar personeel).<lb/></note><note xml:id="INT_f07efd82-cfc1-3ab5-b3c9-c92aa9ae46c5.TEI.1.text.1.body.1.div.1.note.7" xml:lang="nl" rend="font-size: 8; line-height: 9.0pt; text-indent: 22.0pt" xmlns="http://www.tei-c.org/ns/1.0">1) Dit zou dan voor zijn reeds vermelde gevangenneming moeten zijn geschied, het<lb/> bericht is vermoedelijk een onjuist gerucht.<lb/></note><note xml:id="INT_f07efd82-cfc1-3ab5-b3c9-c92aa9ae46c5.TEI.1.text.1.body.1.div.1.note.8" xml:lang="nl" rend="font-size: 8; text-align: justify; line-height: 9.0pt; margin-left: 2100" xmlns="http://www.tei-c.org/ns/1.0">2) Van Banda.<lb/></note><pb xml:id="INT_f07efd82-cfc1-3ab5-b3c9-c92aa9ae46c5.TEI.1.text.1.body.1.div.1.pb.2" n="314" facs="http://resources.huygens.knaw.nl/retroapp/service_generalemissiven/gm_04/images/gm_4_134_0314.tif"/><fw xml:id="INT_f07efd82-cfc1-3ab5-b3c9-c92aa9ae46c5.TEI.1.text.1.body.1.div.1.fw.3" place="top" type="head" facs="#zone.3975875" xmlns="http://www.tei-c.org/ns/1.0">314 Van Goens, Speelman, Bort, Hurdt, Blom, Van Outhoom, enz. X, 10 october 1679</fw><p xml:id="INT_f07efd82-cfc1-3ab5-b3c9-c92aa9ae46c5.TEI.1.text.1.body.1.div.1.p.9" xml:lang="nl" rend="font-size: 10; text-align: justify; line-height: 12.0pt; text-indent: 22.0pt" xmlns="http://www.tei-c.org/ns/1.0">De groote vaert van Bantam, Batavia en elders ende wel besonderlij ck der<lb/> Portugesen U Ed.le handel aldaar *) seer schadelijck was.<lb/></p><note xml:id="INT_f07efd82-cfc1-3ab5-b3c9-c92aa9ae46c5.TEI.1.text.1.body.1.div.1.note.9" xml:lang="nl" place="inline" type="editorial-summary" resp="editor" rend="font-style: italic; line-height: 11.7pt; text-indent: 22.0pt; text-align: justify; font-size: 9" xmlns="http://www.tei-c.org/ns/1.0">( Er werd op Timor slechts 465 picol sandelhout verworven; er ligt maar 88 man<lb/> personeel; het sloepje Timor verging er; de Ternataan, <hi rend="font-size:10; font-family:Liberation Serif" xml:lang="nl">Daghregisters</hi> p. 383, r. 8 v.o.<lb/> Groffola genoemd, heet hier Saffagogo; in Palembang is 5768 picol peper in het pakhuis;<lb/> de schuld der Vorsten van Djambi ad 22000 rsd. zal bezwaarlijk binnenkomen).<lb/></note><p xml:id="INT_f07efd82-cfc1-3ab5-b3c9-c92aa9ae46c5.TEI.1.text.1.body.1.div.1.p.10" xml:lang="nl" rend="font-size: 10; text-align: justify; line-height: 12.0pt; text-indent: 22.0pt" xmlns="http://www.tei-c.org/ns/1.0">De laxamana van Johor, nu genaamt Dato Paducca Radia, met een armade<lb/> van een groot getal vaartuygen op 25.en may deses jaars onverwagt binnen de<lb/> Jambise revier was verschenen en successi ve met het toevallen van parthye<lb/> Maccassaren etc.a zodanigh doorgedrongen, dat onze residenten Jamby voor genoegsaam<lb/> verloren hielden en met Comp.Ies omzlag in groote benautheyt zaten, te<lb/> meer de Engelse logie door de vyanden reets gespolieert en die vrunden eerst bij<lb/> d’onze sich geretireert en hun verder na Palembang gesal veert hadden, daar ze<lb/> ook aangecomen waeren en een logie en stabileringe van handel versogt hadden.<lb/><hi rend="font-size:8.5; font-family:Liberation Serif" xml:lang="nl">Fol. 21*-*</hi><lb/></p><note xml:id="INT_f07efd82-cfc1-3ab5-b3c9-c92aa9ae46c5.TEI.1.text.1.body.1.div.1.note.10" xml:lang="nl" place="inline" type="editorial-summary" resp="editor" rend="font-style: italic; line-height: 12.0pt; text-indent: 22.0pt; text-align: justify; font-size: 9" xmlns="http://www.tei-c.org/ns/1.0">(Dat werd hun wegens het contract met de V.O.C. geweigerd, waarop zij naar<lb/> Djambi terugkeerden).<lb/></note><p xml:id="INT_f07efd82-cfc1-3ab5-b3c9-c92aa9ae46c5.TEI.1.text.1.body.1.div.1.p.11" xml:lang="nl" rend="font-size: 10; text-align: justify; line-height: 11.7pt; text-indent: 22.0pt" xmlns="http://www.tei-c.org/ns/1.0">De Jambinees liever zijn leven en ten onderganck dreygende rijck willende<lb/> verliesen als een g’eyschte disreputatieuse vrede aan te gaan en de Johorit, versterckt<lb/> met parthye Maccassaren en rebelle Jambyschen, scheen sijn reets verkregen<lb/> overwinninge mede niet te willen laten steeken, maar Jamby onder de<lb/> voet te drucken en van Conincq te doen veranderen.<lb/></p><note xml:id="INT_f07efd82-cfc1-3ab5-b3c9-c92aa9ae46c5.TEI.1.text.1.body.1.div.1.note.11" xml:lang="nl" place="inline" type="editorial-summary" resp="editor" rend="font-style: italic; line-height: 11.7pt; text-indent: 22.0pt; text-align: justify; font-size: 9" xmlns="http://www.tei-c.org/ns/1.0">( De V.O.C. biedt wederom mediatie aan; de datum van de aanval van Bantammers<lb/> op de loge te Indragiri. <hi rend="font-size:10; font-family:Liberation Serif" xml:lang="nl">Daghregisters</hi> p. 369 als 21 april opgegeven, is hier 22<lb/> april; het opperhoofd had 500 taël goud intijds begraven; nog niet is beslist over hervatting<lb/> van het bedrijf aldaar; er <hi rend="font-size:10; font-family:Liberation Serif" xml:lang="nl">-</hi> )<lb/></note><p xml:id="INT_f07efd82-cfc1-3ab5-b3c9-c92aa9ae46c5.TEI.1.text.1.body.1.div.1.p.12" resp="int_paragraph_joining" rend="">
              - was oock eenig spul geweest met den Perasen Coninq over seeker<lb xmlns="http://www.tei-c.org/ns/1.0"/>Moor Selebe, die bij d’onse was komen vlugten en door den Conink wederom<lb xmlns="http://www.tei-c.org/ns/1.0"/> geëyscht en ’twelcke door ons g’ordineert sijnde te laten geschieden.<lb xmlns="http://www.tei-c.org/ns/1.0"/>
            </p><note xml:id="INT_f07efd82-cfc1-3ab5-b3c9-c92aa9ae46c5.TEI.1.text.1.body.1.div.1.note.12" xml:lang="nl" place="inline" type="editorial-summary" resp="editor" rend="font-style: italic; line-height: 11.1pt; text-indent: 22.0pt; text-align: justify; font-size: 9" xmlns="http://www.tei-c.org/ns/1.0">( Gouverneur Pits is gelast <hi rend="font-size:10; font-family:Liberation Serif" xml:lang="nl">-</hi> )<lb/></note><p xml:id="INT_f07efd82-cfc1-3ab5-b3c9-c92aa9ae46c5.TEI.1.text.1.body.1.div.1.p.13" resp="int_paragraph_joining" rend="">
              - alle Europeërs, als Engelsen, Deenen, Portugesen ende andere, daar<lb xmlns="http://www.tei-c.org/ns/1.0"/>vooralsnogh (onder betalinge van den thol) ten handel te admitteren en zoomede<lb xmlns="http://www.tei-c.org/ns/1.0"/> de Armeniërs en Mooren, die met Engelse, France off andere vlaggen en passen<lb xmlns="http://www.tei-c.org/ns/1.0"/> mogten voorsien zijn.<lb xmlns="http://www.tei-c.org/ns/1.0"/>
            </p><note xml:id="INT_f07efd82-cfc1-3ab5-b3c9-c92aa9ae46c5.TEI.1.text.1.body.1.div.1.note.13" xml:lang="nl" place="inline" type="editorial-summary" resp="editor" rend="font-style: italic; line-height: 11.7pt; text-indent: 22.0pt; text-align: justify; font-size: 9" xmlns="http://www.tei-c.org/ns/1.0">(De tinhandel te Malakka is vrij groot; de Croonvogel bracht lading waard<lb/> f. 93294 uit Tonkin; het <hi rend="font-size:10; font-family:Liberation Serif" xml:lang="nl">Daghregisters</hi> 1679 p. 102 genoemde bedrag zowel als de<lb/></note><note xml:id="INT_f07efd82-cfc1-3ab5-b3c9-c92aa9ae46c5.TEI.1.text.1.body.1.div.1.note.14" xml:lang="nl" rend="font-size: 8.5; text-align: justify; line-height: 9.4pt; text-indent: 22.0pt" xmlns="http://www.tei-c.org/ns/1.0">1) Op Timor.<lb/></note><pb xml:id="INT_f07efd82-cfc1-3ab5-b3c9-c92aa9ae46c5.TEI.1.text.1.body.1.div.1.pb.3" n="315" facs="http://resources.huygens.knaw.nl/retroapp/service_generalemissiven/gm_04/images/gm_4_134_0315.tif"/><fw xml:id="INT_f07efd82-cfc1-3ab5-b3c9-c92aa9ae46c5.TEI.1.text.1.body.1.div.1.fw.4" place="top" type="head" facs="#zone.3977704" xmlns="http://www.tei-c.org/ns/1.0">Van Goens, Speelman, Bort, Hurdt, Blom, Van Outhoom, enz. X, 10 october 1679</fw><fw xml:id="INT_f07efd82-cfc1-3ab5-b3c9-c92aa9ae46c5.TEI.1.text.1.body.1.div.1.fw.5" place="top" type="page-number" facs="#zone.3977720" xmlns="http://www.tei-c.org/ns/1.0">315</fw><note xml:id="INT_f07efd82-cfc1-3ab5-b3c9-c92aa9ae46c5.TEI.1.text.1.body.1.div.1.note.15" xml:lang="nl" place="inline" type="editorial-summary" resp="editor" rend="font-size: 9; font-style: italic; text-align: justify; line-height: 11.7pt" xmlns="http://www.tei-c.org/ns/1.0">waren zijn onjuist , ze zijn die van 24 nov. 1678 , vgl. <hi rend="font-size:10; font-family:Liberation Serif" xml:lang="nl">Daghregisters</hi> 1678, p. 680;<lb/> er is f. 24000 verloren, waarom sterk bezuinigd zal worden op het personeel; te Fu-Tsjou<lb/> zo weinig mogelijk personeel te laten; vrij ongunstige berichten van de Westkust,<lb/> zowel aangaande de handel, als de rust en de goudmijn; 5 april werden er 40 inlandse<lb/> soldaten heengezonden, 12 sept. 41 Europeanen, voorts 74 slaven uit Timor - volgens<lb/><hi rend="font-size:10; font-family:Liberation Serif" xml:lang="nl">Daghregisters</hi> 1679, p. 403: 61; de 23 aug. naar Arakan vertrokken schepen moeien<lb/> 7 a 800 last rijst kopen, die er maar f. 21 a 22 het last van 2800 <hi rend="font-size:10; font-family:Liberation Serif" xml:lang="nl">{6</hi> kost, 400 was al<lb/> ingekocht; de Koning betaalde zijn oude schuld van 3800 ropia af; slaven zijn er thans<lb/> niet te krijgen ; er was in Bengalen nog kapitaal van f. 1144715, een derde in contanten ,<lb/> een derde in waren, een derde in goede vorderingen, terwijl er voor f. 449843 heengezonden<lb/> is; de schepen, die 3 mei naar Coromandel voeren, vgl. <hi rend="font-size:10; font-family:Liberation Serif" xml:lang="nl">Daghregisters</hi> p. 159,<lb/> brachten voor f. 733124 derwaarts; 5 aug., vgl. ibid. p. 355, f. 79281; men hoopt er<lb/> mede uit de winst uit verkoop 36 ton voor inkoop te zullen hebben).<lb/></note><p xml:id="INT_f07efd82-cfc1-3ab5-b3c9-c92aa9ae46c5.TEI.1.text.1.body.1.div.1.p.14" xml:lang="nl" rend="font-size: 10; text-align: justify; line-height: 11.7pt; text-indent: 23.0pt" xmlns="http://www.tei-c.org/ns/1.0">Den Conincq van Golconda heeft in de maand december voorleden wederom<lb/> een speelreysie naar Masulipatn.m gedaan, waarvandaan hij zoo vemoegt niet als<lb/> te vooren van Comp.les wegen weder is na boven vertrocken, nae ’t schijnt, omdat<lb/> den gouvern.r en raad niet hadden connen off derven goetvinden denzelven sonder<lb/> onse ordre te beschencken off oock toestaan het leenen van een stuurman op een<lb/> zijner scheepen na Persia, ’tgunt zoo al vrij wat aanstotelijckheyt schijnt te<lb/> hebben gegeven.<lb/></p><note xml:id="INT_f07efd82-cfc1-3ab5-b3c9-c92aa9ae46c5.TEI.1.text.1.body.1.div.1.note.16" xml:lang="nl" place="inline" type="editorial-summary" resp="editor" rend="font-style: italic; line-height: 10.0pt; text-indent: 23.0pt; text-align: justify; font-size: 9" xmlns="http://www.tei-c.org/ns/1.0">( Met het oog op de concurrenten had men dat wel moeten doen).<lb/></note><p xml:id="INT_f07efd82-cfc1-3ab5-b3c9-c92aa9ae46c5.TEI.1.text.1.body.1.div.1.p.15" xml:lang="nl" rend="font-size: 10; text-align: justify; line-height: 11.7pt; text-indent: 23.0pt" xmlns="http://www.tei-c.org/ns/1.0">Voorsz. weygeringe en desgouste des Coninx alsmede zijnen rij x vertrouwder,<lb/> d’h.r Madoena, hadt dan sooveel hinder voortgebragt, dat’er op verscheyde onse<lb/> versoeken nae veel vergeeffse betragtingen nogh niets ten goede was gevolgt en<lb/> daarom wij derwaerts hebben gerecommandeert dat vuur van ’s Coninx gramschap<lb/> op de beste maniere weder uyt te blussen.<lb/></p><note xml:id="INT_f07efd82-cfc1-3ab5-b3c9-c92aa9ae46c5.TEI.1.text.1.body.1.div.1.note.17" xml:lang="nl" place="inline" type="editorial-summary" resp="editor" rend="font-style: italic; line-height: 11.1pt; text-indent: 23.0pt; text-align: justify; font-size: 9" xmlns="http://www.tei-c.org/ns/1.0">(Te Bimlipatam was <hi rend="font-size:10; font-family:Liberation Serif" xml:lang="nl">-</hi> )<lb/></note><p xml:id="INT_f07efd82-cfc1-3ab5-b3c9-c92aa9ae46c5.TEI.1.text.1.body.1.div.1.p.16" resp="int_paragraph_joining" rend="">
              - den handel al weder gestut door eenige onderlinge oneenicheden van<lb xmlns="http://www.tei-c.org/ns/1.0"/>den - serlesker en twee Ragias, die tegens hem opgestaan zijn. Zoodat de<lb xmlns="http://www.tei-c.org/ns/1.0"/>Mazulipatnamse opperhoofden eenig volck en vaartuygen hadden afgeschict om<lb xmlns="http://www.tei-c.org/ns/1.0"/> ’s Comp.les gerede effecten en restanten van daar te secoureren en aff te haelen.<lb xmlns="http://www.tei-c.org/ns/1.0"/><hi rend="font-size:8.5; font-family:Liberation Serif" xml:lang="nl" xmlns="http://www.tei-c.org/ns/1.0">Fol. 39r.</hi><lb xmlns="http://www.tei-c.org/ns/1.0"/>
            </p><note xml:id="INT_f07efd82-cfc1-3ab5-b3c9-c92aa9ae46c5.TEI.1.text.1.body.1.div.1.note.18" xml:lang="nl" place="inline" type="editorial-summary" resp="editor" rend="font-style: italic; line-height: 11.7pt; text-indent: 23.0pt; text-align: justify; font-size: 9" xmlns="http://www.tei-c.org/ns/1.0">(28 febr. gaf Ceylon in een jaar een netto verlies van f. 290000; commandeur Van<lb/> der Molen te Gale wegens zijn verdiensten voor de landbouw met een gouden penning<lb/> van 100 rsd. vereerd; in Batikalao is 700 last nelly in voorraad; Noord-Coromandel<lb/> eist 20000 ammanam areca, Bengalen 6000, beide uit Ceylon).<lb/></note><p xml:id="INT_f07efd82-cfc1-3ab5-b3c9-c92aa9ae46c5.TEI.1.text.1.body.1.div.1.p.17" resp="int_paragraph_joining" rend="">
              Het lantvolck meer en meer, dog besonderl. in de landen van Colombo, in<lb xmlns="http://www.tei-c.org/ns/1.0"/> voorspoet ende welvaeren toenam, dwelcke nu, in de besetting van haere landeryen<lb xmlns="http://www.tei-c.org/ns/1.0"/> en vaste goederen onder onse magt nedergeseten zijnde, te meer mogen vertrouwt<lb xmlns="http://www.tei-c.org/ns/1.0"/> werden. Zijnde desel ve al soodanig in getal toegenomen, dat d’E. Comp.le<lb xmlns="http://www.tei-c.org/ns/1.0"/><pb xml:id="INT_f07efd82-cfc1-3ab5-b3c9-c92aa9ae46c5.TEI.1.text.1.body.1.div.1.p.17.pb.1" n="316" facs="http://resources.huygens.knaw.nl/retroapp/service_generalemissiven/gm_04/images/gm_4_134_0316.tif"/><fw xml:id="INT_f07efd82-cfc1-3ab5-b3c9-c92aa9ae46c5.TEI.1.text.1.body.1.div.1.p.17.fw.1" place="top" type="page-number" facs="#zone.3980284" xmlns="http://www.tei-c.org/ns/1.0">316</fw><fw xml:id="INT_f07efd82-cfc1-3ab5-b3c9-c92aa9ae46c5.TEI.1.text.1.body.1.div.1.p.17.fw.2" place="top" type="head" facs="#zone.3980288" xmlns="http://www.tei-c.org/ns/1.0">Van Groens, Speelman, Bort, Hurdt, Blom, Van Outhoorn, enz. X, 10 october 1679</fw>haar diensten en vragt van haren arbeyt om niet heeft ende door ’s lands geregtigheyt<lb xmlns="http://www.tei-c.org/ns/1.0"/> ende ’t vertieren van zout daarenboven goede profijten toebrengen.<lb xmlns="http://www.tei-c.org/ns/1.0"/>
            </p><note xml:id="INT_f07efd82-cfc1-3ab5-b3c9-c92aa9ae46c5.TEI.1.text.1.body.1.div.1.note.19" xml:lang="nl" place="inline" type="editorial-summary" resp="editor" rend="font-style: italic; line-height: 11.7pt; text-indent: 22.0pt; text-align: justify; font-size: 9.5" xmlns="http://www.tei-c.org/ns/1.0">(Kaneel kon wegens de sterke branding aan de westkust van Ceylon niet voor<lb/> november ingeladen worden; zo nodig zal ze de retourvloot naar de Kaap worden<lb/> nagezonden ; de legermacht op Ceylon is op 3000 blanken gesteld; Fransen , die naar<lb/> Kandi zouden willen gaan om hun daar aangehouden landgenoten vrij te krijgen , niet<lb/> toe te laten; de verkoopprijzen van waren in Malabar met die te Suratte gelijkgesteld;<lb/> de kooplieden Babba en Pulikar, debiteuren van de V.O.C. <hi rend="font-size:9.5; font-family:Liberation Serif" xml:lang="nl">,</hi> vluchtten van Cochin<lb/> naar Calicoylang ) .<lb/></note><p xml:id="INT_f07efd82-cfc1-3ab5-b3c9-c92aa9ae46c5.TEI.1.text.1.body.1.div.1.p.18" xml:lang="nl" rend="font-size: 9.5; text-align: justify; line-height: 11.7pt; text-indent: 22.0pt" xmlns="http://www.tei-c.org/ns/1.0">Den Ragia tot Calcoylan, die eerst had toegestaan de packhuysen van voorsz.<lb/> coopluyden in Calcoylan te verseekeren ende onder Comp.es bewaringh te stellen,<lb/> heeft zig naermaels door dese stoute gasten laten corrumperen ende door zijn<lb/> nayros sComp.8 wagters doen wegjagen. Dog dewijl hij sigh voor de schuit respondabel<lb/> heeft gestelt, sal d’E. Comp.e haar guarand wel vinden.<lb/></p><note xml:id="INT_f07efd82-cfc1-3ab5-b3c9-c92aa9ae46c5.TEI.1.text.1.body.1.div.1.note.20" xml:lang="nl" place="inline" type="editorial-summary" resp="editor" rend="font-style: italic; line-height: 10.5pt; text-indent: 22.0pt; text-align: justify; font-size: 9.5" xmlns="http://www.tei-c.org/ns/1.0">(Soldaten uit Ceylon zullen derwaarts worden gezonden).<lb/></note><p xml:id="INT_f07efd82-cfc1-3ab5-b3c9-c92aa9ae46c5.TEI.1.text.1.body.1.div.1.p.19" xml:lang="nl" rend="font-size: 9.5; text-align: justify; line-height: 11.7pt; text-indent: 22.0pt" xmlns="http://www.tei-c.org/ns/1.0">Sijnde den Calcoylander voor hemselven een sagt man ende wel te leyden,<lb/> werdende ook van alle sijne naaste gebuur-Ragias gedreygt, sulx aan een goet<lb/> succes niet veel te dughten sal wesen.<lb/></p><note xml:id="INT_f07efd82-cfc1-3ab5-b3c9-c92aa9ae46c5.TEI.1.text.1.body.1.div.1.note.21" xml:lang="nl" place="inline" type="editorial-summary" resp="editor" rend="font-style: italic; line-height: 11.7pt; text-indent: 22.0pt; text-align: justify; font-size: 9.5" xmlns="http://www.tei-c.org/ns/1.0">(De bewuste kooplui zijn vriéndelijk uitgenodigd te betalen en de relaties te<lb/> hervatten; 800000 <hi rend="font-size:9.5; font-family:Liberation Serif" xml:lang="nl">®</hi> peper door Huysman uit Malabar naar Ceylon, Perzië en Coromandel<lb/> gezonden; in Coromandel geeft ze 7 5°/0 winst; uit Suratte werden cargasoenen<lb/> van f. 527155 - ontvangen; daar vrede met Frankrijk is gesloten, werden maar twee<lb/> schepen naar Suratte gezonden, vgl. <hi rend="font-size:9.5; font-family:Liberation Serif" xml:lang="nl">Daghregisters,</hi> p. 428; wil de gouverneur daar zich<lb/> in de handel indringen, dan ware de gehele handel een jaar stop te zetten; Jan Kol<lb/> wordt er secunde; de Europa bracht, vgl. ibid. p. 400, voor f. 5320 Perzische waren,<lb/> vnl. wijn, mee; achteruitgang van de handel in Perzië door de slechte regering; het wordt<lb/> daardoor moeilijk er voldoende kapitaal te krijgen voor de zijde, die men moet kopen<lb/> van den Sjah; advies v.d. directeur gevraagd over het langer continueren van het<lb/> contract over verplichte zijdeafname tegen vrijstelling van tol; Basra gaf redelijk<lb/> voordeel; in Perzië ivas de winst f. 346734 tegen f. 53051 onkosten; opperkoopman<lb/> Justus van den Heuvel wordt opperhoofd in Ispahan en secunde in Perzië; gegevens<lb/> Batavia, afgedrukt <hi rend="font-size:9.5; font-family:Liberation Serif" xml:lang="nl">Opkomst</hi> VII, p. 19-21 r. 7 v.o.; in augustus liepen 8 matrozen<lb/> weg en lieten zich te Bantam besnijden; de Engelsen deden ons ongelijk, ibid. p. 21;<lb/> nog 25 andere matrozen zouden zij passage hebben verleend; kwestie Murray, vgl.<lb/><hi rend="font-size:9.5; font-family:Liberation Serif" xml:lang="nl">Daghregisters</hi> 1679, i.v. Murray; het is onwaarschijnlijk, dat de Engelsen veel winst<lb/> maken; hun vaart en die der Denen; de Portugezen, hoewel van „cranck vermogen <hi rend="font-size:9.5; font-family:Liberation Serif" xml:lang="nl">”,</hi><lb/>zijn ons overal hinderlijk, behalve in geval van nood dient men hen nergens toe te<lb/> laten; gegevens over Mataram, afgedr. <hi rend="font-size:9.5; font-family:Liberation Serif" xml:lang="nl">Opkomst</hi> VII, p. 22; het komt daar nog slechts<lb/> aan op de bestrijding der Makassaren; geleden verliezen, enz. afgedr. ibid. p. 22<lb/> onder tot 24; de landen beoosten Batavia worden met een ringsloot en borstwering<lb/> omgeven).<lb/></note><pb xml:id="INT_f07efd82-cfc1-3ab5-b3c9-c92aa9ae46c5.TEI.1.text.1.body.1.div.1.pb.4" n="317" facs="http://resources.huygens.knaw.nl/retroapp/service_generalemissiven/gm_04/images/gm_4_134_0317.tif"/><fw xml:id="INT_f07efd82-cfc1-3ab5-b3c9-c92aa9ae46c5.TEI.1.text.1.body.1.div.1.fw.6" place="top" type="head" facs="#zone.3981492" xmlns="http://www.tei-c.org/ns/1.0">Van Goens, Speelman, Bort, Rurdt, Blom, Van Outhoom, enz. X, 10 october 1679</fw><fw xml:id="INT_f07efd82-cfc1-3ab5-b3c9-c92aa9ae46c5.TEI.1.text.1.body.1.div.1.fw.7" place="top" type="page-number" facs="#zone.3981508" xmlns="http://www.tei-c.org/ns/1.0">317</fw><p xml:id="INT_f07efd82-cfc1-3ab5-b3c9-c92aa9ae46c5.TEI.1.text.1.body.1.div.1.p.20" xml:lang="nl" rend="font-size: 10; text-align: justify; line-height: 11.7pt; text-indent: 22.0pt" xmlns="http://www.tei-c.org/ns/1.0">Wij nu met alle de Europese Princen in vrede sijn, die Godt Almagtig eeuwigduerende<lb/> wil maeken om door den lieff lij eken vreede het lieve vaderland ende U<lb/> Ed.le loffelijeke staat weder te doen azem scheppen ende in een hogen luyster ende<lb/> voorspoet te doen floreren tot troost van sooveel eerlij cke en loffelijeke familiën,<lb/> die zoo lange het bitter des oorlogs hebben moeten smaeken.<lb/></p><note xml:id="INT_f07efd82-cfc1-3ab5-b3c9-c92aa9ae46c5.TEI.1.text.1.body.1.div.1.note.22" xml:lang="nl" place="inline" type="editorial-summary" resp="editor" rend="font-style: italic; line-height: 12.0pt; text-indent: 22.0pt; text-align: justify; font-size: 10" xmlns="http://www.tei-c.org/ns/1.0">(Abbema is op last van Heren XVII niet meer in Rade toegelaten; uit Ceylon<lb/> werd voor f. 482462 naar patria gezonden).<lb/></note><p xml:id="INT_f07efd82-cfc1-3ab5-b3c9-c92aa9ae46c5.TEI.1.text.1.body.1.div.1.p.21" xml:lang="nl" rend="font-size: 10; text-align: justify; line-height: 12.0pt; text-indent: 22.0pt" xmlns="http://www.tei-c.org/ns/1.0">Oostermeer stellen wij nu genoegsaem vast, dat bewesten de Caep in de<lb/> bekende storm sal verongeluckt wesen.<lb/></p><note xml:id="INT_f07efd82-cfc1-3ab5-b3c9-c92aa9ae46c5.TEI.1.text.1.body.1.div.1.note.23" xml:lang="nl" place="inline" type="editorial-summary" resp="editor" rend="font-size: 10; font-style: italic; text-align: right; line-height: 11.1pt" xmlns="http://www.tei-c.org/ns/1.0">(8 oct kwam uit Arnboina aan Sengadji Lumatti, vgl. <hi rend="font-size:10; font-family:Liberation Serif" xml:lang="nl">Daghregisters</hi> p. 447).<lb/></note>
            
      </div>
                  </body>
                </text>
              </TEI>