<TEI xml:id="INT_a11cb33c-6e2d-3f14-a389-7827a07e5283" xmlns="http://www.tei-c.org/ns/1.0">
                <teiHeader>
      <fileDesc>
        <titleStmt>
          <title>Camphuys, Hurdt, Van Outhoorn, Pit, Schaghen en Van Hoorn, 19 febr. 1684</title>
        </titleStmt>
        <publicationStmt>
          <p>
            <date>19 febr. 1684</date>
            <idno type="sourceID">missiven:vol4</idno>
            <idno type="pid">INT_a11cb33c-6e2d-3f14-a389-7827a07e5283</idno>
          </p>
        </publicationStmt>
        <notesStmt>
          <note/>
        </notesStmt>
        <sourceDesc>
          <listBibl xml:id="inlMetadata">
            <bibl type="missive">
        <interpGrp type="page"><interp>679</interp></interpGrp>
        
      <interpGrp type="titleLevel1"><interp>Camphuys, Hurdt, Van Outhoorn, Pit, Schaghen en Van Hoorn, 19 febr. 1684</interp></interpGrp>
      <interpGrp type="dateLevel1"><interp>19 febr. 1684</interp></interpGrp>
        <interpGrp type="tocLevel"><interp>1</interp></interpGrp>
      <interpGrp type="volume"><interp>4</interp></interpGrp>
        <interpGrp type="n"><interp>II</interp></interpGrp>
      
      <interpGrp type="witnessYearLevel1_from"><interp>1684</interp></interpGrp>
      <interpGrp type="witnessYearLevel1_to"><interp>1684</interp></interpGrp>
      <interpGrp type="witnessMonthLevel1_to"><interp>2</interp></interpGrp>
      <interpGrp type="witnessMonthLevel1_from"><interp>2</interp></interpGrp>
      <interpGrp type="witnessDayLevel1_to"><interp>19</interp></interpGrp>
      <interpGrp type="witnessDayLevel1_from"><interp>19</interp></interpGrp>
      <interpGrp type="authorLevel1"><interp>Camphuys</interp><interp>Hurdt</interp><interp>Van Outhoorn</interp><interp>Pit</interp><interp>Schaghen</interp><interp>Van Hoorn</interp></interpGrp>
      <interpGrp type="pid"><interp>INT_a11cb33c-6e2d-3f14-a389-7827a07e5283</interp></interpGrp>
    </bibl>
          </listBibl>
        </sourceDesc>
      </fileDesc>
    </teiHeader>
                <text xml:id="INT_a11cb33c-6e2d-3f14-a389-7827a07e5283.TEI.1.text.1">
                  <body xml:id="INT_a11cb33c-6e2d-3f14-a389-7827a07e5283.TEI.1.text.1.body.1">
                    <div xml:id="INT_a11cb33c-6e2d-3f14-a389-7827a07e5283.TEI.1.text.1.body.1.div.1">
        
              <pb xml:id="INT_a11cb33c-6e2d-3f14-a389-7827a07e5283.TEI.1.text.1.body.1.div.1.pb.1" n="679" facs="http://resources.huygens.knaw.nl/retroapp/service_generalemissiven/gm_04/images/gm_4_134_0679.tif"/><fw xml:id="INT_a11cb33c-6e2d-3f14-a389-7827a07e5283.TEI.1.text.1.body.1.div.1.fw.1" place="top" type="head" xml:lang="nl" rend="text-align:justify; line-height:11.1pt" facs="#zone.4887381" xmlns="http://www.tei-c.org/ns/1.0">Camphuys, Hurdt, Van Outhoorn, Pit, Schaghen en Van Hoorn II, 19 februari 1684 679</fw><head xml:id="INT_a11cb33c-6e2d-3f14-a389-7827a07e5283.TEI.1.text.1.body.1.div.1.head.1" xml:lang="nl" rend="font-size: 10; text-align: justify; line-height: 12.0pt" xmlns="http://www.tei-c.org/ns/1.0">II. JOANNES CAMPHUYS, ANTHONIO HURDT, WILLEM VAN OUTHOORN,<lb/> MARTEN PIT, NICOLAAS SCHAGHEN EN JOAN VAN HOORN,<lb/> BATAVIA 19 febr. 1684.<lb/></head><p xml:id="INT_a11cb33c-6e2d-3f14-a389-7827a07e5283.TEI.1.text.1.body.1.div.1.p.1" xml:lang="nl" rend="font-size: 8.5; text-align: justify; line-height: 12.0pt" xmlns="http://www.tei-c.org/ns/1.0">Kol. Arch. 1271, fol. 568-570.<lb/></p><note xml:id="INT_a11cb33c-6e2d-3f14-a389-7827a07e5283.TEI.1.text.1.body.1.div.1.note.1" xml:lang="nl" place="inline" type="editorial-summary" resp="editor" rend="font-style: italic; line-height: 12.3pt; text-indent: 22.0pt; text-align: justify; font-size: 9.5" xmlns="http://www.tei-c.org/ns/1.0">( Een rapport van Tack over Bantam van 20 juni 1682, bij Speelman ingediend <hi rend="font-size:6.5; font-family:Liberation Serif; font-weight:bold" xml:lang="nl">,</hi><lb/>kwam niet terecht).<lb/></note><p xml:id="INT_a11cb33c-6e2d-3f14-a389-7827a07e5283.TEI.1.text.1.body.1.div.1.p.2" xml:lang="nl" rend="font-size: 10; text-align: justify; line-height: 11.7pt; text-indent: 22.0pt" xmlns="http://www.tei-c.org/ns/1.0">Ons tsedert gem. Sijn Ed.te overlijden door sijne gestelde gemagtigdens niet<lb/> alleen toegekomen sijn verscheyde andere te voren nooyt bekende papieren en<lb/> geschriften, maar ook selfs gesloote brieven en gehele cassen met negotie- en andre<lb/> boeken, die voor desen nooyt gesien, nog bekent geweest sijn en dat wij ook meenen<lb/> genoegsaam versekert te sijn, dat er onder Sijn Ed.te pampieren al meerder andre<lb/> gevonden sullen worden, daar misschien sooveel niet aan gelegen sal wesen als aan<lb/> de nog vermist wordende origionele maleytse brieven van den jegenwoordigen<lb/> wettigen Koning ofte Sulthan van Bantham, die Sijn Hoogheyt in het begin van<lb/> tjaar 1682 in sijne hoge noot en verlegentheyt aan dese Regeringe heeft gesz. en<lb/> daarbij op een seer ernstige wijse ’s Comp.8 adsistentie versoght onder belofte en<lb/> verseekeringe van soveel voorregten en prorogatijven, als wij meenen, dat ten<lb/> principalen voor Uw Ho. Ed.e welstant en interest in sijn rijk en landen noodig<lb/> zijn ende nadien deselve brieven ons jegenwoordig omtrent het sluyten van het<lb/> lang uytgestelde contrakt met denselven Kon. van Bantham wel te staade soude<lb/> komen konnen, indien hij sijne gedane beloften wilde ontkennen, behalven dat se<lb/> ook konnen dienen ter overtuyginge der Engelsen, Fransen, Deenen etc.a, omtrent<lb/> hetgeene de E. Comp.e door haar is ofte nog moghte worden te laste geleght, so<lb/> hebben wij de gemelte Sijn Ed.te gemagtighde, waaronder den e. secretaris Jacob<lb/> van Dam éen ende in rang ook de eerste is, seer ernstigh gerecommand.rt na de<lb/> voorn, origionele Comp.8 brieven nauwkeurig ondersoek te doen, gelijk zij verklaren<lb/> dat ook is geschiet, dog sonderdat se tot nog toe gevonden ofte te voorschijn gekomen<lb/> sijn. Den gem. e. secretaris Jacob van Dam heeft eenige dagen na *) ’t<lb/> overlijden van de Heer Generaal Speelman z.g. aan ons verthoond ende overgegeven<lb/> de minuyt-no tulen van resolutiën, die het voorleede jaar 1683 souden<lb/> genomen sijn, gesamentlijk tot een boek bij malkanderen genaayt ende die wij in<lb/> het nablaaden hier en daar niet soodanig bevonden hebben, dat wij ons daarmeede<lb/> souden konnen conformeren, gelijk wij ook niet geloven, dat gemelte sec.8 Van Dam<lb/> met eede soude konnen verklaren, dat deselve na sijn e.8 opstellinge on verandert<lb/> sijn gebleven en dat alle de saacken zoodanigh, alse daarin aangetekent en vervath<lb/> staan, waarlijk in Raade van India sijn vastgestelt ende geresolveert.<lb/></p><note xml:id="INT_a11cb33c-6e2d-3f14-a389-7827a07e5283.TEI.1.text.1.body.1.div.1.note.2" xml:lang="nl" place="inline" type="editorial-summary" resp="editor" rend="font-style: italic; line-height: 10.5pt; text-indent: 22.0pt; text-align: justify; font-size: 9.5" xmlns="http://www.tei-c.org/ns/1.0">(Hierop zal later worden teruggekomen).<lb/></note><note xml:id="INT_a11cb33c-6e2d-3f14-a389-7827a07e5283.TEI.1.text.1.body.1.div.1.note.3" xml:lang="nl" rend="font-size: 8.5; text-align: justify; line-height: 9.4pt; text-indent: 22.0pt" xmlns="http://www.tei-c.org/ns/1.0">1) <hi rend="font-size:8.5; font-family:Liberation Serif; font-weight:bold" xml:lang="nl">Er</hi> staat: in.<lb/></note>
            
      </div>
                  </body>
                </text>
              </TEI>