<TEI xml:id="INT_e9ad5bb9-0403-3faa-bc38-dfe430051534" xmlns="http://www.tei-c.org/ns/1.0">
                <teiHeader>
      <fileDesc>
        <titleStmt>
          <title>Speelman, Bort, Hurdt, Van Outhoorn, Camphuys en Bent, 31 dec. 1681</title>
        </titleStmt>
        <publicationStmt>
          <p>
            <date>31 dec. 1681</date>
            <idno type="sourceID">missiven:vol4</idno>
            <idno type="pid">INT_e9ad5bb9-0403-3faa-bc38-dfe430051534</idno>
          </p>
        </publicationStmt>
        <notesStmt>
          <note/>
        </notesStmt>
        <sourceDesc>
          <listBibl xml:id="inlMetadata">
            <bibl type="missive">
        <interpGrp type="page"><interp>491</interp></interpGrp>
        
      <interpGrp type="titleLevel1"><interp>Speelman, Bort, Hurdt, Van Outhoorn, Camphuys en Bent, 31 dec. 1681</interp></interpGrp>
      <interpGrp type="dateLevel1"><interp>31 dec. 1681</interp></interpGrp>
        <interpGrp type="tocLevel"><interp>1</interp></interpGrp>
      <interpGrp type="volume"><interp>4</interp></interpGrp>
        <interpGrp type="n"><interp>III</interp></interpGrp>
      
      <interpGrp type="witnessYearLevel1_from"><interp>1681</interp></interpGrp>
      <interpGrp type="witnessYearLevel1_to"><interp>1681</interp></interpGrp>
      <interpGrp type="witnessMonthLevel1_to"><interp>12</interp></interpGrp>
      <interpGrp type="witnessMonthLevel1_from"><interp>12</interp></interpGrp>
      <interpGrp type="witnessDayLevel1_to"><interp>31</interp></interpGrp>
      <interpGrp type="witnessDayLevel1_from"><interp>31</interp></interpGrp>
      <interpGrp type="authorLevel1"><interp>Speelman</interp><interp>Bort</interp><interp>Hurdt</interp><interp>Van Outhoorn</interp><interp>Camphuys</interp><interp>Bent</interp></interpGrp>
      <interpGrp type="pid"><interp>INT_e9ad5bb9-0403-3faa-bc38-dfe430051534</interp></interpGrp>
    </bibl>
          </listBibl>
        </sourceDesc>
      </fileDesc>
    </teiHeader>
                <text xml:id="INT_e9ad5bb9-0403-3faa-bc38-dfe430051534.TEI.1.text.1">
                  <body xml:id="INT_e9ad5bb9-0403-3faa-bc38-dfe430051534.TEI.1.text.1.body.1">
                    <div xml:id="INT_e9ad5bb9-0403-3faa-bc38-dfe430051534.TEI.1.text.1.body.1.div.1">
        
              <pb xml:id="INT_e9ad5bb9-0403-3faa-bc38-dfe430051534.TEI.1.text.1.body.1.div.1.pb.1" n="491" facs="http://resources.huygens.knaw.nl/retroapp/service_generalemissiven/gm_04/images/gm_4_134_0491.tif"/><fw xml:id="INT_e9ad5bb9-0403-3faa-bc38-dfe430051534.TEI.1.text.1.body.1.div.1.fw.1" place="top" type="head" facs="#zone.4418188" xmlns="http://www.tei-c.org/ns/1.0">Speelman, Bort, Hurdt, Van Outhoom, Camphuys en Bent III, 31 december 1681</fw><fw xml:id="INT_e9ad5bb9-0403-3faa-bc38-dfe430051534.TEI.1.text.1.body.1.div.1.fw.2" place="top" type="page-number" facs="#zone.4418203" xmlns="http://www.tei-c.org/ns/1.0">491</fw><head xml:id="INT_e9ad5bb9-0403-3faa-bc38-dfe430051534.TEI.1.text.1.body.1.div.1.head.1" xml:lang="nl" rend="font-size: 10; text-align: justify; line-height: 12.0pt" xmlns="http://www.tei-c.org/ns/1.0">III. CORNELIS SPEELMAN, BALTHASAR BORT, ANTHONIO HURDT,<lb/> WILLEM VAN OUTHOORN, JOANNES CAMPHUYS EN FREDERIK BENT,<lb/> BATAVIA 31 december 1681.<lb/></head><p xml:id="INT_e9ad5bb9-0403-3faa-bc38-dfe430051534.TEI.1.text.1.body.1.div.1.p.1" xml:lang="nl" rend="font-size: 8; text-align: justify; line-height: 12.0pt" xmlns="http://www.tei-c.org/ns/1.0">1252, fol. 96-96.<lb/></p><note xml:id="INT_e9ad5bb9-0403-3faa-bc38-dfe430051534.TEI.1.text.1.body.1.div.1.note.1" xml:lang="nl" place="inline" type="editorial-summary" resp="editor" rend="font-size: 10; font-style: italic; line-height: 11.1pt; margin-left: 2100" xmlns="http://www.tei-c.org/ns/1.0">(Vgl. <hi rend="font-size:10; font-family:Liberation Serif" xml:lang="nl">Daghregistere</hi> 1681 <hi rend="font-size:10; font-family:Liberation Serif" xml:lang="nl">,</hi> p. 783-789 ).<lb/></note>
            
      </div>
                  </body>
                </text>
              </TEI>