<TEI xml:id="INT_5a8c5fbe-5c42-3ed9-8ef4-598d019090c6" xmlns="http://www.tei-c.org/ns/1.0">
                <teiHeader>
      <fileDesc>
        <titleStmt>
          <title>Hurdt, Camphuys, Pit, Schaghen en Van Hoorn, 3 jan. 1684</title>
        </titleStmt>
        <publicationStmt>
          <p>
            <date>3 jan. 1684</date>
            <idno type="sourceID">missiven:vol4</idno>
            <idno type="pid">INT_5a8c5fbe-5c42-3ed9-8ef4-598d019090c6</idno>
          </p>
        </publicationStmt>
        <notesStmt>
          <note/>
        </notesStmt>
        <sourceDesc>
          <listBibl xml:id="inlMetadata">
            <bibl type="missive">
        <interpGrp type="page"><interp>647</interp></interpGrp>
        
      <interpGrp type="titleLevel1"><interp>Hurdt, Camphuys, Pit, Schaghen en Van Hoorn, 3 jan. 1684</interp></interpGrp>
      <interpGrp type="dateLevel1"><interp>3 jan. 1684</interp></interpGrp>
        <interpGrp type="tocLevel"><interp>1</interp></interpGrp>
      <interpGrp type="volume"><interp>4</interp></interpGrp>
        <interpGrp type="n"><interp>IXA</interp></interpGrp>
      
      <interpGrp type="witnessYearLevel1_from"><interp>1684</interp></interpGrp>
      <interpGrp type="witnessYearLevel1_to"><interp>1684</interp></interpGrp>
      <interpGrp type="witnessMonthLevel1_to"><interp>1</interp></interpGrp>
      <interpGrp type="witnessMonthLevel1_from"><interp>1</interp></interpGrp>
      <interpGrp type="witnessDayLevel1_to"><interp>3</interp></interpGrp>
      <interpGrp type="witnessDayLevel1_from"><interp>3</interp></interpGrp>
      <interpGrp type="authorLevel1"><interp>Hurdt</interp><interp>Camphuys</interp><interp>Pit</interp><interp>Schaghen</interp><interp>Van Hoorn</interp></interpGrp>
      <interpGrp type="pid"><interp>INT_5a8c5fbe-5c42-3ed9-8ef4-598d019090c6</interp></interpGrp>
    </bibl>
          </listBibl>
        </sourceDesc>
      </fileDesc>
    </teiHeader>
                <text xml:id="INT_5a8c5fbe-5c42-3ed9-8ef4-598d019090c6.TEI.1.text.1">
                  <body xml:id="INT_5a8c5fbe-5c42-3ed9-8ef4-598d019090c6.TEI.1.text.1.body.1">
                    <div xml:id="INT_5a8c5fbe-5c42-3ed9-8ef4-598d019090c6.TEI.1.text.1.body.1.div.1"><div xml:id="INT_5a8c5fbe-5c42-3ed9-8ef4-598d019090c6.TEI.1.text.1.body.1.div.1.div.1" type="subdivision_for_sake_of_validation">
        
              <pb xml:id="INT_5a8c5fbe-5c42-3ed9-8ef4-598d019090c6.TEI.1.text.1.body.1.div.1.div.1.pb.1" n="647" facs="http://resources.huygens.knaw.nl/retroapp/service_generalemissiven/gm_04/images/gm_4_134_0647.tif"/><fw xml:id="INT_5a8c5fbe-5c42-3ed9-8ef4-598d019090c6.TEI.1.text.1.body.1.div.1.div.1.fw.1" place="top" type="head" facs="#zone.4809657" xmlns="http://www.tei-c.org/ns/1.0">Hurdt, Camphuys, Pit, Schaghen en Van Hoorn IXA, 3 januari 1684</fw><fw xml:id="INT_5a8c5fbe-5c42-3ed9-8ef4-598d019090c6.TEI.1.text.1.body.1.div.1.div.1.fw.2" place="top" type="page-number" facs="#zone.4809687" xmlns="http://www.tei-c.org/ns/1.0">647</fw><head xml:id="INT_5a8c5fbe-5c42-3ed9-8ef4-598d019090c6.TEI.1.text.1.body.1.div.1.div.1.head.1" xml:lang="nl" rend="font-size: 10; text-align: justify; line-height: 11.7pt" xmlns="http://www.tei-c.org/ns/1.0">IXA. ANTHONIO HURDT, JOANNES CAMPHUYS, MARTEN PIT, NICOLAAS<lb/> SCHAGHEN EN JOAN VAN HOORN, BATAVIA 3 jan. 1684.<lb/></head><p xml:id="INT_5a8c5fbe-5c42-3ed9-8ef4-598d019090c6.TEI.1.text.1.body.1.div.1.div.1.p.1" xml:lang="nl" rend="font-size: 8.5; text-align: justify; line-height: 9.4pt" xmlns="http://www.tei-c.org/ns/1.0">1271, fol. 572-574.<lb/></p><note xml:id="INT_5a8c5fbe-5c42-3ed9-8ef4-598d019090c6.TEI.1.text.1.body.1.div.1.div.1.note.1" xml:lang="nl" place="inline" type="editorial-summary" resp="editor" rend="font-style: italic; line-height: 12.0pt; text-indent: 22.0pt; text-align: justify; font-size: 9" xmlns="http://www.tei-c.org/ns/1.0">(De raden vonden in de voorafgaande Gen. Miss. niets over het door hen de<lb/> 2e dec. aan den Gouv. Gen. verzochte; zij zonden daarom den secretaris Van Dam<lb/> weer met een brief naar Zijn Edele, <hi rend="font-size:9; font-family:Liberation Serif" xml:lang="nl">-</hi> )<lb/></note><p xml:id="INT_5a8c5fbe-5c42-3ed9-8ef4-598d019090c6.TEI.1.text.1.body.1.div.1.div.1.p.2" resp="int_paragraph_joining" rend="">
              - dogh vermits wij daerop buyten alle verwaghtinge een vremde ant-<lb xmlns="http://www.tei-c.org/ns/1.0"/>woorde door de mont van denselven secretaris tot drij malen toe quamen te ontmoeten<lb xmlns="http://www.tei-c.org/ns/1.0"/> sonder Sijn Ed.1 selve deswegen te mogen spreken, soo vonden wij hedenmorgen<lb xmlns="http://www.tei-c.org/ns/1.0"/> tot onser decherge naeder nootsaeckelijck om denselven generaelen brieff<lb xmlns="http://www.tei-c.org/ns/1.0"/> onder soodanigen reserve te tekenen, als wij meenden nae ’t afsnijden van alle<lb xmlns="http://www.tei-c.org/ns/1.0"/> bequaeme wegen in ’t publijck bij ’s Compag.8 schriftuuren eenighlijck overigh<lb xmlns="http://www.tei-c.org/ns/1.0"/> te wesen.<lb xmlns="http://www.tei-c.org/ns/1.0"/>
            </p><note xml:id="INT_5a8c5fbe-5c42-3ed9-8ef4-598d019090c6.TEI.1.text.1.body.1.div.1.div.1.note.2" xml:lang="nl" place="inline" type="editorial-summary" resp="editor" rend="font-style: italic; line-height: 12.0pt; text-indent: 22.0pt; text-align: justify; font-size: 9" xmlns="http://www.tei-c.org/ns/1.0">(De Gouv. Gen. verklaarde het door hen ingediende geschrift bij het vorige te<lb/> zullen leggen; de secretaris moest hun zeggen, dat <hi rend="font-size:9; font-family:Liberation Serif" xml:lang="nl">-</hi> )<lb/></note><p xml:id="INT_5a8c5fbe-5c42-3ed9-8ef4-598d019090c6.TEI.1.text.1.body.1.div.1.div.1.p.3" resp="int_paragraph_joining" rend="">
              - Sijn Ed.1 de H.r Gouv.r-Generael desselfs respect ende authoriteyt,<lb xmlns="http://www.tei-c.org/ns/1.0"/>soo lange hij leefde, wel soude blijven maintineren en bewaeren.<lb xmlns="http://www.tei-c.org/ns/1.0"/>
            </p><note xml:id="INT_5a8c5fbe-5c42-3ed9-8ef4-598d019090c6.TEI.1.text.1.body.1.div.1.div.1.note.3" xml:lang="nl" place="inline" type="editorial-summary" resp="editor" rend="font-style: italic; line-height: 10.0pt; text-indent: 22.0pt; text-align: justify; font-size: 9" xmlns="http://www.tei-c.org/ns/1.0">(Zij deden hem geenszins tekort aan respect).<lb/></note><pb xml:id="INT_5a8c5fbe-5c42-3ed9-8ef4-598d019090c6.TEI.1.text.1.body.1.div.1.div.1.pb.2" n="648" facs="http://resources.huygens.knaw.nl/retroapp/service_generalemissiven/gm_04/images/gm_4_134_0648.tif"/><pb xml:id="INT_5a8c5fbe-5c42-3ed9-8ef4-598d019090c6.TEI.1.text.1.body.1.div.1.div.1.pb.3" n="649" facs="http://resources.huygens.knaw.nl/retroapp/service_generalemissiven/gm_04/images/gm_4_134_0649.tif"/></div><div xml:id="INT_5a8c5fbe-5c42-3ed9-8ef4-598d019090c6.TEI.1.text.1.body.1.div.1.div.2" type="subdivision_for_sake_of_validation"><head xml:id="INT_5a8c5fbe-5c42-3ed9-8ef4-598d019090c6.TEI.1.text.1.body.1.div.1.div.2.head.1" xml:lang="nl" rend="font-size: 15; line-height: 16.6pt" xmlns="http://www.tei-c.org/ns/1.0">JOANNES CAMPHUYS<lb/></head><p xml:id="INT_5a8c5fbe-5c42-3ed9-8ef4-598d019090c6.TEI.1.text.1.body.1.div.1.div.2.p.1" xml:lang="nl" rend="font-size: 9.5; text-align: center; line-height: 10.5pt; margin-left: 100" xmlns="http://www.tei-c.org/ns/1.0">11 jan. 1684 - 24 sept. 1691.<lb/></p><pb xml:id="INT_5a8c5fbe-5c42-3ed9-8ef4-598d019090c6.TEI.1.text.1.body.1.div.1.div.2.pb.1" n="650" facs="http://resources.huygens.knaw.nl/retroapp/service_generalemissiven/gm_04/images/gm_4_134_0650.tif"/>
            
      </div></div>
                  </body>
                </text>
              </TEI>