<TEI xml:id="INT_7c40a37f-e337-3293-a9bf-67cae2badb34" xmlns="http://www.tei-c.org/ns/1.0">
                <teiHeader>
      <fileDesc>
        <titleStmt>
          <title>Van Goens, Speelman, Bort, Hurdt, Van Outhoorn, Camphuys en Bent, 4 nov. 1681</title>
        </titleStmt>
        <publicationStmt>
          <p>
            <date>4 nov. 1681</date>
            <idno type="sourceID">missiven:vol4</idno>
            <idno type="pid">INT_7c40a37f-e337-3293-a9bf-67cae2badb34</idno>
          </p>
        </publicationStmt>
        <notesStmt>
          <note/>
        </notesStmt>
        <sourceDesc>
          <listBibl xml:id="inlMetadata">
            <bibl type="missive">
        <interpGrp type="page"><interp>481</interp></interpGrp>
        
      <interpGrp type="titleLevel1"><interp>Van Goens, Speelman, Bort, Hurdt, Van Outhoorn, Camphuys en Bent, 4 nov. 1681</interp></interpGrp>
      <interpGrp type="dateLevel1"><interp>4 nov. 1681</interp></interpGrp>
        <interpGrp type="tocLevel"><interp>1</interp></interpGrp>
      <interpGrp type="volume"><interp>4</interp></interpGrp>
        <interpGrp type="n"><interp>XXI</interp></interpGrp>
      
      <interpGrp type="witnessYearLevel1_from"><interp>1681</interp></interpGrp>
      <interpGrp type="witnessYearLevel1_to"><interp>1681</interp></interpGrp>
      <interpGrp type="witnessMonthLevel1_to"><interp>11</interp></interpGrp>
      <interpGrp type="witnessMonthLevel1_from"><interp>11</interp></interpGrp>
      <interpGrp type="witnessDayLevel1_to"><interp>4</interp></interpGrp>
      <interpGrp type="witnessDayLevel1_from"><interp>4</interp></interpGrp>
      <interpGrp type="authorLevel1"><interp>Van Goens</interp><interp>Speelman</interp><interp>Bort</interp><interp>Hurdt</interp><interp>Van Outhoorn</interp><interp>Camphuys</interp><interp>Bent</interp></interpGrp>
      <interpGrp type="pid"><interp>INT_7c40a37f-e337-3293-a9bf-67cae2badb34</interp></interpGrp>
    </bibl>
          </listBibl>
        </sourceDesc>
      </fileDesc>
    </teiHeader>
                <text xml:id="INT_7c40a37f-e337-3293-a9bf-67cae2badb34.TEI.1.text.1">
                  <body xml:id="INT_7c40a37f-e337-3293-a9bf-67cae2badb34.TEI.1.text.1.body.1">
                    <div xml:id="INT_7c40a37f-e337-3293-a9bf-67cae2badb34.TEI.1.text.1.body.1.div.1"><div xml:id="INT_7c40a37f-e337-3293-a9bf-67cae2badb34.TEI.1.text.1.body.1.div.1.div.1" type="subdivision_for_sake_of_validation">
        
              <pb xml:id="INT_7c40a37f-e337-3293-a9bf-67cae2badb34.TEI.1.text.1.body.1.div.1.div.1.pb.1" n="481" facs="http://resources.huygens.knaw.nl/retroapp/service_generalemissiven/gm_04/images/gm_4_134_0481.tif"/><fw xml:id="INT_7c40a37f-e337-3293-a9bf-67cae2badb34.TEI.1.text.1.body.1.div.1.div.1.fw.1" place="top" type="head" facs="#zone.4402621" xmlns="http://www.tei-c.org/ns/1.0">Van Goens, Speelman, Bort, Hurdt, Van Outhoom, enz. XXI, 4 november 1681</fw><fw xml:id="INT_7c40a37f-e337-3293-a9bf-67cae2badb34.TEI.1.text.1.body.1.div.1.div.1.fw.2" place="top" type="page-number" facs="#zone.4402636" xmlns="http://www.tei-c.org/ns/1.0">481</fw><head xml:id="INT_7c40a37f-e337-3293-a9bf-67cae2badb34.TEI.1.text.1.body.1.div.1.div.1.head.1" xml:lang="nl" rend="font-size: 10; text-align: justify; line-height: 11.7pt" xmlns="http://www.tei-c.org/ns/1.0">XXI. RYCKLOFF VAX GOENS, CORNELIS SPEELMAN, BALTHASAR<lb/> BORT, ANTHONIO HURDT, WILLEM VAN OUTHOORN, JOANNES<lb/> CAMPHUYS EN FREDERIK BENT, BATAVIA 4 november 1681.<lb/></head><p xml:id="INT_7c40a37f-e337-3293-a9bf-67cae2badb34.TEI.1.text.1.body.1.div.1.div.1.p.1" xml:lang="nl" rend="font-size: 7.5; text-align: justify; line-height: 8.3pt" xmlns="http://www.tei-c.org/ns/1.0">1252, fol. 141-151.<lb/></p><note xml:id="INT_7c40a37f-e337-3293-a9bf-67cae2badb34.TEI.1.text.1.body.1.div.1.div.1.note.1" xml:lang="nl" place="inline" type="editorial-summary" resp="editor" rend="font-size: 10; text-align: justify; line-height: 15.0pt; text-indent: 23.0pt" xmlns="http://www.tei-c.org/ns/1.0"><hi rend="font-size:9; font-family:Liberation Serif; font-style:italic" xml:lang="nl">( Vgl.</hi> Daghregisters <hi rend="font-size:9; font-family:Liberation Serif; font-style:italic" xml:lang="nl">1681, p. 529-650; de gevangen genomen Koning Amsterdam</hi><lb/>- ;<lb/></note><p xml:id="INT_7c40a37f-e337-3293-a9bf-67cae2badb34.TEI.1.text.1.body.1.div.1.div.1.p.2" resp="int_paragraph_joining" rend="">
              - schijnende selffs daerover verblijt te wesen om van het miserabel<lb xmlns="http://www.tei-c.org/ns/1.0"/>oms werven verlost te zijn ende wederom in rust te geraken. Hij houd sich alhier<lb xmlns="http://www.tei-c.org/ns/1.0"/> wel vernoegt, schuyvende zijne losse en ongebonden actiën ende offentien, d’E.<lb xmlns="http://www.tei-c.org/ns/1.0"/> Comp.e aangedaan, op den quaden raad zijner raden. Hij is in Rade van India<lb xmlns="http://www.tei-c.org/ns/1.0"/> niet gehoort, dat welligt vooreerst niet nodig zal wesen, ten ware daertoe gelegentheyt<lb xmlns="http://www.tei-c.org/ns/1.0"/> vereyschte ende werdt middelerwijl naer gelegentheydt van zaeken wel getracteert<lb xmlns="http://www.tei-c.org/ns/1.0"/> ende nog wat seperaat gehouden.<lb xmlns="http://www.tei-c.org/ns/1.0"/>
            </p><note xml:id="INT_7c40a37f-e337-3293-a9bf-67cae2badb34.TEI.1.text.1.body.1.div.1.div.1.note.2" xml:lang="nl" place="inline" type="editorial-summary" resp="editor" rend="font-style: italic; line-height: 11.7pt; text-indent: 23.0pt; text-align: justify; font-size: 9" xmlns="http://www.tei-c.org/ns/1.0">(In het gouvernement Amboina is het rustig; het sandelhout, t.a.p. p. 617 vermeld,<lb/> was gekocht van Anthonio de Hornaya 8 rsd. het picol; op Roti zijn, vgl. t.a.p. p.<lb/> 616 enige honderden inwoners omgebracht; in Mataram <hi rend="font-size:10; font-family:Liberation Serif" xml:lang="nl">-</hi> )<lb/></note><p xml:id="INT_7c40a37f-e337-3293-a9bf-67cae2badb34.TEI.1.text.1.body.1.div.1.div.1.p.3" resp="int_paragraph_joining" rend="">
              - houdende sich den Pangiran Pougar nu weder in Bagaleen en Nam-<lb xmlns="http://www.tei-c.org/ns/1.0"/>roet <hi rend="font-size:10; font-family:Liberation Serif; vertical-align:super" xml:lang="nl" xmlns="http://www.tei-c.org/ns/1.0">x)</hi> op geen vaste plaats en met seer groot wantrouwen van den een op den<lb xmlns="http://www.tei-c.org/ns/1.0"/> anderen, hebbende elckanderen al eens met de wapenen aangetast ende Namroet<lb xmlns="http://www.tei-c.org/ns/1.0"/> eenige gequalificeerde vrouwen van Pougar, so men zegt, onder zijn magt bekomen.<lb xmlns="http://www.tei-c.org/ns/1.0"/><hi rend="font-size:7.5; font-family:Liberation Serif" xml:lang="nl" xmlns="http://www.tei-c.org/ns/1.0">Fol. 145r.</hi><lb xmlns="http://www.tei-c.org/ns/1.0"/>
            </p><note xml:id="INT_7c40a37f-e337-3293-a9bf-67cae2badb34.TEI.1.text.1.body.1.div.1.div.1.note.3" xml:lang="nl" place="inline" type="editorial-summary" resp="editor" rend="font-style: italic; line-height: 11.7pt; text-indent: 23.0pt; text-align: justify; font-size: 9" xmlns="http://www.tei-c.org/ns/1.0">(Tekort aan zware touwen; de lading van de Pulau Run, vgl. t.a.p. p. 627 ,<lb/> wordt hier als f. 230 126.8.3 opgegeven; in Malakka is niet genoeg textiel voor de<lb/> handel; de goudinkoop ter Westkust ligt weer stil; Pit, vgl. t.a.p. p. 627, bracht slechts<lb/> voor <hi rend="font-size:10; font-family:Liberation Serif" xml:lang="nl">/.</hi> 15 000 aan goud mee; de lichamelijk zwakke berghopman Olits wil na inspectie<lb/> van de mijn bij Salida weer naar patria terugkeren).<lb/></note><note xml:id="INT_7c40a37f-e337-3293-a9bf-67cae2badb34.TEI.1.text.1.body.1.div.1.div.1.note.4" xml:lang="nl" rend="font-size: 7.5; text-align: justify; line-height: 9.6pt; text-indent: 23.0pt" xmlns="http://www.tei-c.org/ns/1.0">1 ) Namrud, Balisch avonturier, die in de oorlogen in Mataram opkwam en door huwelijk<lb/> verwant raakte met Pangeran Puger, met wien hij een tijd samenwerkte. Nadat dit in vijandschap<lb/> was veranderd en Puger zich met den Susuhunan had verzoend, sneuvelde Namrud in<lb/> dec. 1681 in een bloedige slag tegen Couper.<lb/></note><fw xml:id="INT_7c40a37f-e337-3293-a9bf-67cae2badb34.TEI.1.text.1.body.1.div.1.div.1.fw.3" type="bottom-page-number">31</fw><pb xml:id="INT_7c40a37f-e337-3293-a9bf-67cae2badb34.TEI.1.text.1.body.1.div.1.div.1.pb.2" n="482" facs="http://resources.huygens.knaw.nl/retroapp/service_generalemissiven/gm_04/images/gm_4_134_0482.tif"/><fw xml:id="INT_7c40a37f-e337-3293-a9bf-67cae2badb34.TEI.1.text.1.body.1.div.1.div.1.fw.4" place="top" type="page-number" facs="#zone.4403030" xmlns="http://www.tei-c.org/ns/1.0"></fw><fw xml:id="INT_7c40a37f-e337-3293-a9bf-67cae2badb34.TEI.1.text.1.body.1.div.1.div.1.fw.5" place="top" type="page-number" facs="#zone.4403031" xmlns="http://www.tei-c.org/ns/1.0"></fw><pb xml:id="INT_7c40a37f-e337-3293-a9bf-67cae2badb34.TEI.1.text.1.body.1.div.1.div.1.pb.3" n="483" facs="http://resources.huygens.knaw.nl/retroapp/service_generalemissiven/gm_04/images/gm_4_134_0483.tif"/></div><div xml:id="INT_7c40a37f-e337-3293-a9bf-67cae2badb34.TEI.1.text.1.body.1.div.1.div.2" type="subdivision_for_sake_of_validation"><head xml:id="INT_7c40a37f-e337-3293-a9bf-67cae2badb34.TEI.1.text.1.body.1.div.1.div.2.head.1" xml:lang="nl" rend="font-size: 19; letter-spacing: 1.5pt; line-height: 21.0pt" xmlns="http://www.tei-c.org/ns/1.0">CORNELIS SPEELMAN<lb/></head><p xml:id="INT_7c40a37f-e337-3293-a9bf-67cae2badb34.TEI.1.text.1.body.1.div.1.div.2.p.1" xml:lang="nl" rend="font-size: 10; line-height: 11.1pt" xmlns="http://www.tei-c.org/ns/1.0">25 NOVEMBER 1681—11 JANUARI 1684<lb/></p><pb xml:id="INT_7c40a37f-e337-3293-a9bf-67cae2badb34.TEI.1.text.1.body.1.div.1.div.2.pb.1" n="484" facs="http://resources.huygens.knaw.nl/retroapp/service_generalemissiven/gm_04/images/gm_4_134_0484.tif"/>
            
      </div></div>
                  </body>
                </text>
              </TEI>