<TEI xml:id="INT_26829500-c7da-3a9c-a409-2c05927355a6" xmlns="http://www.tei-c.org/ns/1.0">
                <teiHeader>
      <fileDesc>
        <titleStmt>
          <title>Index van Scheepsnamen</title>
        </titleStmt>
        <publicationStmt>
          <p>
            <date></date>
            <idno type="sourceID">missiven:vol4</idno>
            <idno type="pid">INT_26829500-c7da-3a9c-a409-2c05927355a6</idno>
          </p>
        </publicationStmt>
        <notesStmt>
          <note/>
        </notesStmt>
        <sourceDesc>
          <listBibl xml:id="inlMetadata">
            <bibl>
        <interpGrp type="page"><interp>874</interp></interpGrp>
        <interpGrp type="tocLevel"><interp>0</interp></interpGrp>
        <interpGrp type="volume"><interp>4</interp></interpGrp>
        <interpGrp type="n"><interp></interp></interpGrp>
        <interpGrp type="pid"><interp>INT_26829500-c7da-3a9c-a409-2c05927355a6</interp></interpGrp>
        <interpGrp type="titleLevel1"><interp>Index van Scheepsnamen</interp></interpGrp>
      </bibl>
          </listBibl>
        </sourceDesc>
      </fileDesc>
    </teiHeader>
                <text xml:id="INT_26829500-c7da-3a9c-a409-2c05927355a6.TEI.1.text.1">
                  <body xml:id="INT_26829500-c7da-3a9c-a409-2c05927355a6.TEI.1.text.1.body.1">
                    <div xml:id="INT_26829500-c7da-3a9c-a409-2c05927355a6.TEI.1.text.1.body.1.div.1">
        
              <pb xml:id="INT_26829500-c7da-3a9c-a409-2c05927355a6.TEI.1.text.1.body.1.div.1.pb.1" n="874" facs="http://resources.huygens.knaw.nl/retroapp/service_generalemissiven/gm_04/images/gm_4_134_0874.tif"/><head xml:id="INT_26829500-c7da-3a9c-a409-2c05927355a6.TEI.1.text.1.body.1.div.1.head.1" xml:lang="nl" rend="font-size: 12; text-align: center; line-height: 13.3pt; margin-left: 200" xmlns="http://www.tei-c.org/ns/1.0">INDEX VAN SCHEEPSNAMEN<lb/></head><p xml:id="INT_26829500-c7da-3a9c-a409-2c05927355a6.TEI.1.text.1.body.1.div.1.p.1" xml:lang="nl" rend="font-size: 8.5; text-align: center; line-height: 9.4pt" xmlns="http://www.tei-c.org/ns/1.0">A<lb/></p><p xml:id="INT_26829500-c7da-3a9c-a409-2c05927355a6.TEI.1.text.1.body.1.div.1.p.2" xml:lang="nl" rend="font-size: 8.5; line-height: 9.6pt" xmlns="http://www.tei-c.org/ns/1.0">Aardenburg 162, 198, 424, 565, 667, 669, 681,<lb/> 713, 788, 791<lb/> Adrichem 645, 653<lb/> Advice (Eng.) 345<lb/> Afrika 600, 601, 707<lb/> Agent (Eng.) 760<lb/> Ak(k)ersloot 652, 792<lb/> Alexander 827<lb/></p><p xml:id="INT_26829500-c7da-3a9c-a409-2c05927355a6.TEI.1.text.1.body.1.div.1.p.3" xml:lang="nl" rend="font-size: 8.5; line-height: 9.6pt; margin-left: 1000; text-indent: -10.0pt" xmlns="http://www.tei-c.org/ns/1.0">Alkmaar, Wapen van 156, 209, 496, 596, 601,<lb/> 633, 666<lb/></p><p xml:id="INT_26829500-c7da-3a9c-a409-2c05927355a6.TEI.1.text.1.body.1.div.1.p.4" xml:lang="nl" rend="font-size: 8.5; line-height: 9.6pt" xmlns="http://www.tei-c.org/ns/1.0">Amerika 496, 556, 613, 653, 660, 680, 800, 801<lb/> Amerongen 12<lb/></p><p xml:id="INT_26829500-c7da-3a9c-a409-2c05927355a6.TEI.1.text.1.body.1.div.1.p.5" xml:lang="nl" rend="font-size: 8.5; line-height: 9.6pt" xmlns="http://www.tei-c.org/ns/1.0">Amoy Merchant (Eng.) 644, 809<lb/> Amsterdam 57, 191, 324<lb/> Anna (Eng.) 68, 217, 218, 236<lb/> Anna, Juffrouw 680, 707, 728, 748, 780<lb/> Arend 612<lb/> Azië 181, 592<lb/></p><p xml:id="INT_26829500-c7da-3a9c-a409-2c05927355a6.TEI.1.text.1.body.1.div.1.p.6" xml:lang="nl" rend="font-size: 7.5; text-align: center; line-height: 8.3pt" xmlns="http://www.tei-c.org/ns/1.0">11<lb/></p><p xml:id="INT_26829500-c7da-3a9c-a409-2c05927355a6.TEI.1.text.1.body.1.div.1.p.7" xml:lang="nl" rend="font-size: 8.5; line-height: 9.3pt" xmlns="http://www.tei-c.org/ns/1.0">Baarn 573, 601, 638, 639, 743<lb/> Bantam 346, 816, 825, 836<lb/> Bamardiston (Eng.) 213<lb/> Batavia, Wapen van 112, 816, 825<lb/> Baypin 457, 459<lb/> Beau Pigeon (Frans) 94<lb/> Beemster 82, 683, 705<lb/></p><p xml:id="INT_26829500-c7da-3a9c-a409-2c05927355a6.TEI.1.text.1.body.1.div.1.p.8" xml:lang="nl" rend="font-size: 8.5; line-height: 9.3pt" xmlns="http://www.tei-c.org/ns/1.0">Beer, Gele 240, 369, 496, 609, 726, 748, 766<lb/> Berkeley Castle (Eng.) 18, 241<lb/> Berkmeer 374, 424, 496, 559, 635, 662, 669,<lb/> 726, 771, 777, 804, 808<lb/> Betuwe 157, 195, 637, 831<lb/> Beurs 707, 753, 761, 777<lb/> Bode 208<lb/></p><p xml:id="INT_26829500-c7da-3a9c-a409-2c05927355a6.TEI.1.text.1.body.1.div.1.p.9" xml:lang="nl" rend="font-size: 8.5; line-height: 9.3pt" xmlns="http://www.tei-c.org/ns/1.0">Bode, Javaanse 506, 605, 606, 681<lb/></p><p xml:id="INT_26829500-c7da-3a9c-a409-2c05927355a6.TEI.1.text.1.body.1.div.1.p.10" xml:lang="nl" rend="font-size: 8.5; line-height: 9.3pt" xmlns="http://www.tei-c.org/ns/1.0">Boeroe 44, 129<lb/></p><p xml:id="INT_26829500-c7da-3a9c-a409-2c05927355a6.TEI.1.text.1.body.1.div.1.p.11" xml:lang="nl" rend="font-size: 8.5; line-height: 9.3pt" xmlns="http://www.tei-c.org/ns/1.0">Bombay 723, 758, 759, 784<lb/></p><p xml:id="INT_26829500-c7da-3a9c-a409-2c05927355a6.TEI.1.text.1.body.1.div.1.p.12" xml:lang="nl" rend="font-size: 8.5; line-height: 9.3pt" xmlns="http://www.tei-c.org/ns/1.0">Bom Jesus de Santo Domingo (Port.) 15<lb/></p><p xml:id="INT_26829500-c7da-3a9c-a409-2c05927355a6.TEI.1.text.1.body.1.div.1.p.13" xml:lang="nl" rend="font-size: 8.5; line-height: 9.3pt" xmlns="http://www.tei-c.org/ns/1.0">Bomeo Merchant (Eng.) 747<lb/></p><p xml:id="INT_26829500-c7da-3a9c-a409-2c05927355a6.TEI.1.text.1.body.1.div.1.p.14" xml:lang="nl" rend="font-size: 8.5; line-height: 9.3pt" xmlns="http://www.tei-c.org/ns/1.0">Boswijk 776<lb/></p><p xml:id="INT_26829500-c7da-3a9c-a409-2c05927355a6.TEI.1.text.1.body.1.div.1.p.15" xml:lang="nl" rend="font-size: 8.5; line-height: 9.3pt" xmlns="http://www.tei-c.org/ns/1.0">Boterbloem 172<lb/></p><p xml:id="INT_26829500-c7da-3a9c-a409-2c05927355a6.TEI.1.text.1.body.1.div.1.p.16" xml:lang="nl" rend="font-size: 8.5; line-height: 9.3pt" xmlns="http://www.tei-c.org/ns/1.0">Bovencarspel 707, 827<lb/></p><p xml:id="INT_26829500-c7da-3a9c-a409-2c05927355a6.TEI.1.text.1.body.1.div.1.p.17" xml:lang="nl" rend="font-size: 8.5; line-height: 9.3pt" xmlns="http://www.tei-c.org/ns/1.0">Brandgans 345, 525, 656, 713<lb/></p><p xml:id="INT_26829500-c7da-3a9c-a409-2c05927355a6.TEI.1.text.1.body.1.div.1.p.18" xml:lang="nl" rend="font-size: 8.5; line-height: 9.3pt" xmlns="http://www.tei-c.org/ns/1.0">Breton (Frans) 71<lb/></p><p xml:id="INT_26829500-c7da-3a9c-a409-2c05927355a6.TEI.1.text.1.body.1.div.1.p.19" xml:lang="nl" rend="font-size: 8.5; line-height: 9.3pt" xmlns="http://www.tei-c.org/ns/1.0">Briel, Den 465, 559, 707, 730<lb/></p><p xml:id="INT_26829500-c7da-3a9c-a409-2c05927355a6.TEI.1.text.1.body.1.div.1.p.20" xml:lang="nl" rend="font-size: 8.5; line-height: 9.6pt" xmlns="http://www.tei-c.org/ns/1.0">Bruinvis 832<lb/> Bunschoten 38<lb/></p><p xml:id="INT_26829500-c7da-3a9c-a409-2c05927355a6.TEI.1.text.1.body.1.div.1.p.21" xml:lang="nl" rend="font-size: 8.5; line-height: 9.6pt" xmlns="http://www.tei-c.org/ns/1.0">Burcht van Leiden 600, 601, 707, 743<lb/> Buren 175, 198, 601<lb/></p><p xml:id="INT_26829500-c7da-3a9c-a409-2c05927355a6.TEI.1.text.1.body.1.div.1.p.22" xml:lang="nl" rend="font-size: 8.5; text-align: center; line-height: 9.4pt; margin-right: 200" xmlns="http://www.tei-c.org/ns/1.0">C<lb/></p><p xml:id="INT_26829500-c7da-3a9c-a409-2c05927355a6.TEI.1.text.1.body.1.div.1.p.23" xml:lang="nl" rend="font-size: 8.5; line-height: 9.6pt" xmlns="http://www.tei-c.org/ns/1.0">Castricum 600, 706, 763, 816, 836<lb/></p><p xml:id="INT_26829500-c7da-3a9c-a409-2c05927355a6.TEI.1.text.1.body.1.div.1.p.24" xml:lang="nl" rend="font-size: 8.5; line-height: 9.6pt" xmlns="http://www.tei-c.org/ns/1.0">Cesar (Eng.) 42, 400, 725, 809<lb/></p><p xml:id="INT_26829500-c7da-3a9c-a409-2c05927355a6.TEI.1.text.1.body.1.div.1.p.25" xml:lang="nl" rend="font-size: 8.5; line-height: 9.6pt" xmlns="http://www.tei-c.org/ns/1.0">Ceylon 405, 416, 536<lb/></p><p xml:id="INT_26829500-c7da-3a9c-a409-2c05927355a6.TEI.1.text.1.body.1.div.1.p.26" xml:lang="nl" rend="font-size: 8.5; line-height: 9.6pt" xmlns="http://www.tei-c.org/ns/1.0">Charles II (Eng.) 704, 706, 725, 726, 830<lb/></p><p xml:id="INT_26829500-c7da-3a9c-a409-2c05927355a6.TEI.1.text.1.body.1.div.1.p.27" xml:lang="nl" rend="font-size: 8.5; line-height: 9.6pt" xmlns="http://www.tei-c.org/ns/1.0">China 600, 753, 816, 836<lb/></p><p xml:id="INT_26829500-c7da-3a9c-a409-2c05927355a6.TEI.1.text.1.body.1.div.1.p.28" xml:lang="nl" rend="font-size: 8.5; line-height: 9.6pt" xmlns="http://www.tei-c.org/ns/1.0">China Merchant (Eng.) 725<lb/></p><p xml:id="INT_26829500-c7da-3a9c-a409-2c05927355a6.TEI.1.text.1.body.1.div.1.p.29" xml:lang="nl" rend="font-size: 8.5; line-height: 9.6pt" xmlns="http://www.tei-c.org/ns/1.0">Civetkat 638<lb/></p><p xml:id="INT_26829500-c7da-3a9c-a409-2c05927355a6.TEI.1.text.1.body.1.div.1.p.30" xml:lang="nl" rend="font-size: 8.5; line-height: 9.6pt" xmlns="http://www.tei-c.org/ns/1.0">Claverskerke 23, 68<lb/></p><p xml:id="INT_26829500-c7da-3a9c-a409-2c05927355a6.TEI.1.text.1.body.1.div.1.p.31" xml:lang="nl" rend="font-size: 8.5; line-height: 9.6pt" xmlns="http://www.tei-c.org/ns/1.0">Cochin 175<lb/></p><p xml:id="INT_26829500-c7da-3a9c-a409-2c05927355a6.TEI.1.text.1.body.1.div.1.p.32" xml:lang="nl" rend="font-size: 8.5; line-height: 9.6pt" xmlns="http://www.tei-c.org/ns/1.0">Coevorden 181, 600, 707, 733, 746<lb/> Corea 83<lb/></p><p xml:id="INT_26829500-c7da-3a9c-a409-2c05927355a6.TEI.1.text.1.body.1.div.1.p.33" xml:lang="nl" rend="font-size: 8.5; line-height: 9.6pt" xmlns="http://www.tei-c.org/ns/1.0">Cortgene 115, 191, 600, 707, 751<lb/></p><p xml:id="INT_26829500-c7da-3a9c-a409-2c05927355a6.TEI.1.text.1.body.1.div.1.p.34" xml:lang="nl" rend="font-size: 8; text-align: center; line-height: 8.9pt; margin-right: 200" xmlns="http://www.tei-c.org/ns/1.0">D<lb/></p><p xml:id="INT_26829500-c7da-3a9c-a409-2c05927355a6.TEI.1.text.1.body.1.div.1.p.35" xml:lang="nl" rend="font-size: 8.5; line-height: 9.4pt" xmlns="http://www.tei-c.org/ns/1.0">Damiate 32, 35, 39, 122, 187<lb/></p><p xml:id="INT_26829500-c7da-3a9c-a409-2c05927355a6.TEI.1.text.1.body.1.div.1.p.36" xml:lang="nl" rend="font-size: 8.5; line-height: 9.6pt" xmlns="http://www.tei-c.org/ns/1.0">Delfshaven 91, 367, 377, 587<lb/></p><p xml:id="INT_26829500-c7da-3a9c-a409-2c05927355a6.TEI.1.text.1.body.1.div.1.p.37" xml:lang="nl" rend="font-size: 8.5; line-height: 9.6pt" xmlns="http://www.tei-c.org/ns/1.0">Demak 196<lb/></p><p xml:id="INT_26829500-c7da-3a9c-a409-2c05927355a6.TEI.1.text.1.body.1.div.1.p.38" xml:lang="nl" rend="font-size: 8.5; line-height: 9.6pt" xmlns="http://www.tei-c.org/ns/1.0">Diamant 282<lb/></p><p xml:id="INT_26829500-c7da-3a9c-a409-2c05927355a6.TEI.1.text.1.body.1.div.1.p.39" xml:lang="nl" rend="font-size: 8.5; line-height: 9.6pt" xmlns="http://www.tei-c.org/ns/1.0">Diligence (Frans) 72, 145<lb/></p><p xml:id="INT_26829500-c7da-3a9c-a409-2c05927355a6.TEI.1.text.1.body.1.div.1.p.40" xml:lang="nl" rend="font-size: 8.5; line-height: 9.6pt" xmlns="http://www.tei-c.org/ns/1.0">Djambi 565, 694, 705, 707, 753, 771, 777<lb/></p><p xml:id="INT_26829500-c7da-3a9c-a409-2c05927355a6.TEI.1.text.1.body.1.div.1.p.41" xml:lang="nl" rend="font-size: 8.5; line-height: 9.6pt" xmlns="http://www.tei-c.org/ns/1.0">Doradus 613, 778<lb/></p><p xml:id="INT_26829500-c7da-3a9c-a409-2c05927355a6.TEI.1.text.1.body.1.div.1.p.42" xml:lang="nl" rend="font-size: 8.5; line-height: 9.6pt" xmlns="http://www.tei-c.org/ns/1.0">Dordrecht 74, 94, 187<lb/></p><p xml:id="INT_26829500-c7da-3a9c-a409-2c05927355a6.TEI.1.text.1.body.1.div.1.p.43" xml:lang="nl" rend="font-size: 8.5; line-height: 9.6pt" xmlns="http://www.tei-c.org/ns/1.0">Drakestein 635, 669, 728, 811, 819<lb/></p><p xml:id="INT_26829500-c7da-3a9c-a409-2c05927355a6.TEI.1.text.1.body.1.div.1.p.44" xml:lang="nl" rend="font-size: 8.5; line-height: 9.6pt" xmlns="http://www.tei-c.org/ns/1.0">Duif 753, 773, 782, 790<lb/></p><p xml:id="INT_26829500-c7da-3a9c-a409-2c05927355a6.TEI.1.text.1.body.1.div.1.p.45" xml:lang="nl" rend="font-size: 8.5; line-height: 9.6pt" xmlns="http://www.tei-c.org/ns/1.0">Duinvliet 156, 197<lb/></p><p xml:id="INT_26829500-c7da-3a9c-a409-2c05927355a6.TEI.1.text.1.body.1.div.1.p.46" xml:lang="nl" rend="font-size: 8.5; text-align: center; line-height: 9.4pt; margin-right: 200" xmlns="http://www.tei-c.org/ns/1.0">E<lb/></p><p xml:id="INT_26829500-c7da-3a9c-a409-2c05927355a6.TEI.1.text.1.body.1.div.1.p.47" xml:lang="nl" rend="font-size: 8.5; line-height: 9.3pt" xmlns="http://www.tei-c.org/ns/1.0">Eagle (Eng.) 62, 218<lb/></p><p xml:id="INT_26829500-c7da-3a9c-a409-2c05927355a6.TEI.1.text.1.body.1.div.1.p.48" xml:lang="nl" rend="font-size: 8.5; line-height: 9.3pt" xmlns="http://www.tei-c.org/ns/1.0">Eemland 600, 601, 639, 705, 707, 741, 790<lb/> 811, 836<lb/> Eemnes 819<lb/></p><p xml:id="INT_26829500-c7da-3a9c-a409-2c05927355a6.TEI.1.text.1.body.1.div.1.p.49" xml:lang="nl" rend="font-size: 8.5; line-height: 9.3pt" xmlns="http://www.tei-c.org/ns/1.0">Eendracht 49, 244, 275, 324<lb/> Eenhoorn 836<lb/></p><p xml:id="INT_26829500-c7da-3a9c-a409-2c05927355a6.TEI.1.text.1.body.1.div.1.p.50" xml:lang="nl" rend="font-size: 8.5; line-height: 9.3pt" xmlns="http://www.tei-c.org/ns/1.0">Egelenburg 635, 669, 694, 720, 811<lb/> Egmond 677, 773<lb/> Elisabeth 403, 669, 672<lb/> Europa 316, 592, 702<lb/> Expectation (Eng.) 12<lb/> Experiment 249, 656<lb/></p><pb xml:id="INT_26829500-c7da-3a9c-a409-2c05927355a6.TEI.1.text.1.body.1.div.1.pb.2" n="875" facs="http://resources.huygens.knaw.nl/retroapp/service_generalemissiven/gm_04/images/gm_4_134_0875.tif"/><fw xml:id="INT_26829500-c7da-3a9c-a409-2c05927355a6.TEI.1.text.1.body.1.div.1.fw.1" place="top" type="head" facs="#zone.328116" xmlns="http://www.tei-c.org/ns/1.0">INDEX VAN SCHEEPSNAMEN</fw><fw xml:id="INT_26829500-c7da-3a9c-a409-2c05927355a6.TEI.1.text.1.body.1.div.1.fw.2" place="top" type="page-number" facs="#zone.328122" xmlns="http://www.tei-c.org/ns/1.0">875</fw><p xml:id="INT_26829500-c7da-3a9c-a409-2c05927355a6.TEI.1.text.1.body.1.div.1.p.51" xml:lang="nl" rend="font-size: 8.5; text-align: center; line-height: 9.4pt" xmlns="http://www.tei-c.org/ns/1.0">F<lb/></p><p xml:id="INT_26829500-c7da-3a9c-a409-2c05927355a6.TEI.1.text.1.body.1.div.1.p.52" xml:lang="nl" rend="font-size: 8.5; line-height: 9.6pt" xmlns="http://www.tei-c.org/ns/1.0">Faam 707, 771, 778<lb/> Falcon (Engels) 405<lb/> Feniks 186<lb/></p><p xml:id="INT_26829500-c7da-3a9c-a409-2c05927355a6.TEI.1.text.1.body.1.div.1.p.53" xml:lang="nl" rend="font-size: 8.5; line-height: 9.6pt" xmlns="http://www.tei-c.org/ns/1.0">Flamand (Frans) 8, 73, 145<lb/> Fleece, Golden (Eng.) 213<lb/> Fortuin 465, 808<lb/> Fortuin (Deens) 112<lb/></p><p xml:id="INT_26829500-c7da-3a9c-a409-2c05927355a6.TEI.1.text.1.body.1.div.1.p.54" xml:lang="nl" rend="font-size: 8; text-align: center; line-height: 8.9pt" xmlns="http://www.tei-c.org/ns/1.0">G<lb/></p><p xml:id="INT_26829500-c7da-3a9c-a409-2c05927355a6.TEI.1.text.1.body.1.div.1.p.55" xml:lang="nl" rend="font-size: 8.5; line-height: 9.6pt" xmlns="http://www.tei-c.org/ns/1.0">Gaasperdam 600<lb/> Gidéon 707, 749<lb/> Goed Begin 224, 485<lb/></p><p xml:id="INT_26829500-c7da-3a9c-a409-2c05927355a6.TEI.1.text.1.body.1.div.1.p.56" xml:lang="nl" rend="font-size: 8.5; line-height: 9.6pt; margin-left: 1100; text-indent: -11.0pt" xmlns="http://www.tei-c.org/ns/1.0">Goes, Wapen van 478, 539, 565, 621, 699, 753,<lb/> 792, 828<lb/></p><p xml:id="INT_26829500-c7da-3a9c-a409-2c05927355a6.TEI.1.text.1.body.1.div.1.p.57" xml:lang="nl" rend="font-size: 8.5; line-height: 9.6pt" xmlns="http://www.tei-c.org/ns/1.0">Gorkum 652, 711<lb/> Gouda, Wapen van 198, 301, 401<lb/> Goudestein 592, 753, 798, 836<lb/> Goudvink 829<lb/></p><p xml:id="INT_26829500-c7da-3a9c-a409-2c05927355a6.TEI.1.text.1.body.1.div.1.p.58" xml:lang="nl" rend="font-size: 8.5; line-height: 9.6pt; margin-left: 1100; text-indent: -11.0pt" xmlns="http://www.tei-c.org/ns/1.0">Grave, Stad 224, 352, 566, 601, 605, 654, 681,<lb/> 755, 756<lb/></p><p xml:id="INT_26829500-c7da-3a9c-a409-2c05927355a6.TEI.1.text.1.body.1.div.1.p.59" xml:lang="nl" rend="font-size: 8.5; line-height: 9.6pt" xmlns="http://www.tei-c.org/ns/1.0">Groningen 190, 191, 272<lb/> Grotenbroek 68, 195, 205, 356<lb/> Guldewagen 637, 740<lb/></p><p xml:id="INT_26829500-c7da-3a9c-a409-2c05927355a6.TEI.1.text.1.body.1.div.1.p.60" xml:lang="nl" rend="font-size: 7.5; text-align: center; line-height: 8.3pt; margin-right: 800" xmlns="http://www.tei-c.org/ns/1.0">Ii<lb/></p><p xml:id="INT_26829500-c7da-3a9c-a409-2c05927355a6.TEI.1.text.1.body.1.div.1.p.61" xml:lang="nl" rend="font-size: 8.5; line-height: 9.6pt" xmlns="http://www.tei-c.org/ns/1.0">Haan, Rode 523<lb/> Hamburg 186, 506<lb/> Hannibal 124, 144<lb/> Hazenberg 97, 124, 237<lb/> Helder, Don 776<lb/> Helena 279<lb/></p><p xml:id="INT_26829500-c7da-3a9c-a409-2c05927355a6.TEI.1.text.1.body.1.div.1.p.62" xml:lang="nl" rend="font-size: 8.5; line-height: 9.6pt" xmlns="http://www.tei-c.org/ns/1.0">Hellevoetsluis 114, 616, 766, 811<lb/></p><p xml:id="INT_26829500-c7da-3a9c-a409-2c05927355a6.TEI.1.text.1.body.1.div.1.p.63" xml:lang="nl" rend="font-size: 8.5; line-height: 9.6pt" xmlns="http://www.tei-c.org/ns/1.0">Hendrik Maurits 477, 600, 753, 816, 836<lb/></p><p xml:id="INT_26829500-c7da-3a9c-a409-2c05927355a6.TEI.1.text.1.body.1.div.1.p.64" xml:lang="nl" rend="font-size: 8.5; line-height: 9.6pt" xmlns="http://www.tei-c.org/ns/1.0">Hengelaar 219, 278<lb/></p><p xml:id="INT_26829500-c7da-3a9c-a409-2c05927355a6.TEI.1.text.1.body.1.div.1.p.65" xml:lang="nl" rend="font-size: 8.5; line-height: 9.6pt" xmlns="http://www.tei-c.org/ns/1.0">Henricus 680, 796<lb/></p><p xml:id="INT_26829500-c7da-3a9c-a409-2c05927355a6.TEI.1.text.1.body.1.div.1.p.66" xml:lang="nl" rend="font-size: 8.5; line-height: 9.6pt" xmlns="http://www.tei-c.org/ns/1.0">Heureuse (Frans) 93, 94<lb/></p><p xml:id="INT_26829500-c7da-3a9c-a409-2c05927355a6.TEI.1.text.1.body.1.div.1.p.67" xml:lang="nl" rend="font-size: 8.5; line-height: 9.6pt" xmlns="http://www.tei-c.org/ns/1.0">Hogergeest 726, 744<lb/></p><p xml:id="INT_26829500-c7da-3a9c-a409-2c05927355a6.TEI.1.text.1.body.1.div.1.p.68" xml:lang="nl" rend="font-size: 8.5; line-height: 9.6pt" xmlns="http://www.tei-c.org/ns/1.0">Honsholredijk 619, 633, 635, 667, 691, 699,<lb/> 701, 707, 728, 751<lb/> Hors termeer 353<lb/></p><p xml:id="INT_26829500-c7da-3a9c-a409-2c05927355a6.TEI.1.text.1.body.1.div.1.p.69" xml:lang="nl" rend="font-size: 8.5; line-height: 9.6pt" xmlns="http://www.tei-c.org/ns/1.0">Huis te Bergen 226, 566, 637, 738, 824<lb/> Huis te Kleef 497, 619, 655, 660, 692, 720, 790<lb/> Huis te Merwe 182, 198, 621, 658, 682, 703,<lb/> 715<lb/></p><p xml:id="INT_26829500-c7da-3a9c-a409-2c05927355a6.TEI.1.text.1.body.1.div.1.p.70" xml:lang="nl" rend="font-size: 8.5; line-height: 9.6pt" xmlns="http://www.tei-c.org/ns/1.0">Huis te Neck 776<lb/></p><p xml:id="INT_26829500-c7da-3a9c-a409-2c05927355a6.TEI.1.text.1.body.1.div.1.p.71" xml:lang="nl" rend="font-size: 8.5; line-height: 9.6pt" xmlns="http://www.tei-c.org/ns/1.0">Huis te Spijk 217, 219, 415, 490, 600<lb/> Hulk, Blauwe 728<lb/></p><p xml:id="INT_26829500-c7da-3a9c-a409-2c05927355a6.TEI.1.text.1.body.1.div.1.p.72" xml:lang="nl" rend="font-size: 7.5; text-align: center; line-height: 8.3pt" xmlns="http://www.tei-c.org/ns/1.0">1<lb/></p><p xml:id="INT_26829500-c7da-3a9c-a409-2c05927355a6.TEI.1.text.1.body.1.div.1.p.73" xml:lang="nl" rend="font-size: 8.5; line-height: 19.2pt" xmlns="http://www.tei-c.org/ns/1.0">Iposteyn 445, 738<lb/></p><p xml:id="INT_26829500-c7da-3a9c-a409-2c05927355a6.TEI.1.text.1.body.1.div.1.p.74" xml:lang="nl" rend="font-size: 8; text-align: center; line-height: 19.2pt" xmlns="http://www.tei-c.org/ns/1.0">J<lb/></p><p xml:id="INT_26829500-c7da-3a9c-a409-2c05927355a6.TEI.1.text.1.body.1.div.1.p.75" xml:lang="nl" rend="font-size: 8.5; line-height: 19.2pt" xmlns="http://www.tei-c.org/ns/1.0">Janet (Eng.) 18, 213, 238, 494, 585, 623<lb/></p><p xml:id="INT_26829500-c7da-3a9c-a409-2c05927355a6.TEI.1.text.1.body.1.div.1.p.76" xml:lang="nl" rend="font-size: 8.5; line-height: 9.6pt" xmlns="http://www.tei-c.org/ns/1.0">Janskerke 100<lb/></p><p xml:id="INT_26829500-c7da-3a9c-a409-2c05927355a6.TEI.1.text.1.body.1.div.1.p.77" xml:lang="nl" rend="font-size: 8.5; line-height: 9.6pt" xmlns="http://www.tei-c.org/ns/1.0">Japan 218, 477, 621, 697, 699, 740, 742<lb/> Japara 191, 339<lb/></p><p xml:id="INT_26829500-c7da-3a9c-a409-2c05927355a6.TEI.1.text.1.body.1.div.1.p.78" xml:lang="nl" rend="font-size: 8.5; line-height: 9.6pt" xmlns="http://www.tei-c.org/ns/1.0">Java 592, 596, 597, 816, 817, 836<lb/> Joanna, zie Janet<lb/> John and Mary (Eng.) 664, 776<lb/> Jonas 240, 309<lb/></p><p xml:id="INT_26829500-c7da-3a9c-a409-2c05927355a6.TEI.1.text.1.body.1.div.1.p.79" xml:lang="nl" rend="font-size: 8; text-align: center; line-height: 9.6pt" xmlns="http://www.tei-c.org/ns/1.0">K<lb/></p><p xml:id="INT_26829500-c7da-3a9c-a409-2c05927355a6.TEI.1.text.1.body.1.div.1.p.80" xml:lang="nl" rend="font-size: 8.5; line-height: 9.6pt" xmlns="http://www.tei-c.org/ns/1.0">Kabeljauw 107<lb/> Kalkoen 57, 191<lb/> Karper 60, 108, 243<lb/> Kediri 659<lb/></p><p xml:id="INT_26829500-c7da-3a9c-a409-2c05927355a6.TEI.1.text.1.body.1.div.1.p.81" xml:lang="nl" rend="font-size: 8.5; line-height: 9.6pt" xmlns="http://www.tei-c.org/ns/1.0">Kemphom (Eng.) 496, 600<lb/> Klaverblad (Golcondaas) 12, 18, 37<lb/> Koopman, Bataviase 612, 682, 717<lb/> Korhoen 72, 144, 164, 177, 446<lb/> Kouwerve 580, 610, 682, 707<lb/> Kronenburg 208, 300, 371, 600, 601<lb/> Kroonvogel 173, 249, 314, 497, 539, 540, 593,<lb/> 616, 662, 688, 723, 759, 784, 792<lb/> Kruiskerk 652<lb/></p><p xml:id="INT_26829500-c7da-3a9c-a409-2c05927355a6.TEI.1.text.1.body.1.div.1.p.82" xml:lang="nl" rend="font-size: 8.5; line-height: 9.6pt" xmlns="http://www.tei-c.org/ns/1.0">Krijgsman 707, 743, 812, 827, 831, 832<lb/> Kwartel 208, 601, 639<lb/></p><p xml:id="INT_26829500-c7da-3a9c-a409-2c05927355a6.TEI.1.text.1.body.1.div.1.p.83" xml:lang="nl" rend="font-size: 8.5; line-height: 9.4pt" xmlns="http://www.tei-c.org/ns/1.0">Lancaster (Eng.) 623<lb/></p><p xml:id="INT_26829500-c7da-3a9c-a409-2c05927355a6.TEI.1.text.1.body.1.div.1.p.84" xml:lang="nl" rend="font-size: 8.5; line-height: 9.6pt" xmlns="http://www.tei-c.org/ns/1.0">Land van Schouwen 600, 635, 669<lb/></p><p xml:id="INT_26829500-c7da-3a9c-a409-2c05927355a6.TEI.1.text.1.body.1.div.1.p.85" xml:lang="nl" rend="font-size: 8.5; line-height: 9.6pt" xmlns="http://www.tei-c.org/ns/1.0">Landman 388, 568<lb/></p><p xml:id="INT_26829500-c7da-3a9c-a409-2c05927355a6.TEI.1.text.1.body.1.div.1.p.86" xml:lang="nl" rend="font-size: 8.5; line-height: 9.6pt" xmlns="http://www.tei-c.org/ns/1.0">Langewijk 707, 733 741<lb/></p><p xml:id="INT_26829500-c7da-3a9c-a409-2c05927355a6.TEI.1.text.1.body.1.div.1.p.87" xml:lang="nl" rend="font-size: 8.5; line-height: 9.6pt" xmlns="http://www.tei-c.org/ns/1.0">Laren 73, 174, 177„ 205, 206<lb/></p><p xml:id="INT_26829500-c7da-3a9c-a409-2c05927355a6.TEI.1.text.1.body.1.div.1.p.88" xml:lang="nl" rend="font-size: 8.5; line-height: 9.6pt" xmlns="http://www.tei-c.org/ns/1.0">Leeuw, Gouden 20<lb/></p><p xml:id="INT_26829500-c7da-3a9c-a409-2c05927355a6.TEI.1.text.1.body.1.div.1.p.89" xml:lang="nl" rend="font-size: 8.5; line-height: 9.6pt" xmlns="http://www.tei-c.org/ns/1.0">Lelie 10<lb/></p><p xml:id="INT_26829500-c7da-3a9c-a409-2c05927355a6.TEI.1.text.1.body.1.div.1.p.90" xml:lang="nl" rend="font-size: 8.5; line-height: 9.6pt" xmlns="http://www.tei-c.org/ns/1.0">Liefde 74<lb/></p><p xml:id="INT_26829500-c7da-3a9c-a409-2c05927355a6.TEI.1.text.1.body.1.div.1.p.91" xml:lang="nl" rend="font-size: 8.5; line-height: 9.6pt" xmlns="http://www.tei-c.org/ns/1.0">Loerie 226<lb/></p><p xml:id="INT_26829500-c7da-3a9c-a409-2c05927355a6.TEI.1.text.1.body.1.div.1.p.92" xml:lang="nl" rend="font-size: 8.5; line-height: 9.6pt" xmlns="http://www.tei-c.org/ns/1.0">London (Eng.) 38<lb/></p><p xml:id="INT_26829500-c7da-3a9c-a409-2c05927355a6.TEI.1.text.1.body.1.div.1.p.93" xml:lang="nl" rend="font-size: 8.5; line-height: 9.6pt" xmlns="http://www.tei-c.org/ns/1.0">Loyal Subject (Eng.) 213<lb/></p><p xml:id="INT_26829500-c7da-3a9c-a409-2c05927355a6.TEI.1.text.1.body.1.div.1.p.94" xml:lang="nl" rend="font-size: 8.5; line-height: 9.6pt" xmlns="http://www.tei-c.org/ns/1.0">Lijster 287, 741, 754, 778, 794, 796<lb/></p><p xml:id="INT_26829500-c7da-3a9c-a409-2c05927355a6.TEI.1.text.1.body.1.div.1.p.95" xml:lang="nl" rend="font-size: 8; text-align: center; line-height: 8.9pt" xmlns="http://www.tei-c.org/ns/1.0">M<lb/></p><p xml:id="INT_26829500-c7da-3a9c-a409-2c05927355a6.TEI.1.text.1.body.1.div.1.p.96" xml:lang="nl" rend="font-size: 8.5; line-height: 9.3pt" xmlns="http://www.tei-c.org/ns/1.0">Maas 753, 803, 805<lb/></p><p xml:id="INT_26829500-c7da-3a9c-a409-2c05927355a6.TEI.1.text.1.body.1.div.1.p.97" xml:lang="nl" rend="font-size: 8.5; line-height: 9.3pt" xmlns="http://www.tei-c.org/ns/1.0">Makassar 496, 580, 605, 610, 614, 661, 721<lb/> 780, 785, 835<lb/> Makreel 282<lb/></p><p xml:id="INT_26829500-c7da-3a9c-a409-2c05927355a6.TEI.1.text.1.body.1.div.1.p.98" xml:lang="nl" rend="font-size: 8.5; line-height: 9.3pt" xmlns="http://www.tei-c.org/ns/1.0">Malabar 459, 566, 738, 824<lb/> Maligne (Frans) 804<lb/> Manggesboom 191<lb/> Maria, Juffrouw 240, 309<lb/> Marken 217, 587, 613<lb/> Mary (Eng.) 213<lb/></p><p xml:id="INT_26829500-c7da-3a9c-a409-2c05927355a6.TEI.1.text.1.body.1.div.1.p.99" xml:lang="nl" rend="font-size: 8.5; line-height: 9.3pt" xmlns="http://www.tei-c.org/ns/1.0">Mauritius, Eiland 496, 601, 625, 628, 630, 666<lb/> Merel 561, 565, 698, 771<lb/> Merwe, zie Huis te Merwe<lb/> Middelburg, Wapen van 1, 38, 49, 123, 140,<lb/> 200, 217, 572, 600, 601, 621, 633, 666, 692,<lb/> 776<lb/></p><p xml:id="INT_26829500-c7da-3a9c-a409-2c05927355a6.TEI.1.text.1.body.1.div.1.p.100" xml:lang="nl" rend="font-size: 8.5; line-height: 9.3pt" xmlns="http://www.tei-c.org/ns/1.0">Moercappel 776<lb/></p><pb xml:id="INT_26829500-c7da-3a9c-a409-2c05927355a6.TEI.1.text.1.body.1.div.1.pb.3" n="876" facs="http://resources.huygens.knaw.nl/retroapp/service_generalemissiven/gm_04/images/gm_4_134_0876.tif"/><fw xml:id="INT_26829500-c7da-3a9c-a409-2c05927355a6.TEI.1.text.1.body.1.div.1.fw.3" place="top" type="page-number" facs="#zone.330829" xmlns="http://www.tei-c.org/ns/1.0">876</fw><fw xml:id="INT_26829500-c7da-3a9c-a409-2c05927355a6.TEI.1.text.1.body.1.div.1.fw.4" place="top" type="head" facs="#zone.330833" xmlns="http://www.tei-c.org/ns/1.0">INDEX VAN SCHEEPSNAMEN</fw><p xml:id="INT_26829500-c7da-3a9c-a409-2c05927355a6.TEI.1.text.1.body.1.div.1.p.101" xml:lang="nl" rend="font-size: 8.5; line-height: 9.4pt" xmlns="http://www.tei-c.org/ns/1.0">Molenaar 569<lb/></p><p xml:id="INT_26829500-c7da-3a9c-a409-2c05927355a6.TEI.1.text.1.body.1.div.1.p.102" xml:lang="nl" rend="margin-left: 8400; margin-right: 3800; line-height: 22.8pt; text-indent: -84.0pt; font-size: 8.5" xmlns="http://www.tei-c.org/ns/1.0">Muiderborg 200, 205, 206, 675, 705<lb/><hi rend="font-size:8; font-family:Liberation Serif; font-weight:bold" xml:lang="nl">N</hi><lb/></p><p xml:id="INT_26829500-c7da-3a9c-a409-2c05927355a6.TEI.1.text.1.body.1.div.1.p.103" xml:lang="nl" rend="font-size: 8.5; line-height: 9.6pt" xmlns="http://www.tei-c.org/ns/1.0">Naaldwijk 477, 601, 652, 680, 812, 836<lb/> Naardermeer 759, 812<lb/> Nagelboom 57, 191, 612<lb/> Nathanaël (Eng.) 427<lb/> Nederhorst 496, 601, 605, 771, 778, 791<lb/> Negombo 571, 601, 665, 691, 748, 755, 771,<lb/> 800<lb/></p><p xml:id="INT_26829500-c7da-3a9c-a409-2c05927355a6.TEI.1.text.1.body.1.div.1.p.104" xml:lang="nl" rend="font-size: 8.5; line-height: 9.6pt" xmlns="http://www.tei-c.org/ns/1.0">Nierop 776<lb/></p><p xml:id="INT_26829500-c7da-3a9c-a409-2c05927355a6.TEI.1.text.1.body.1.div.1.p.105" xml:lang="nl" rend="font-size: 8.5; line-height: 9.6pt" xmlns="http://www.tei-c.org/ns/1.0">Noordwijk 178, 217, 524, 588, 656<lb/> Noorman 57<lb/></p><p xml:id="INT_26829500-c7da-3a9c-a409-2c05927355a6.TEI.1.text.1.body.1.div.1.p.106" xml:lang="nl" rend="font-size: 8.5; line-height: 9.6pt" xmlns="http://www.tei-c.org/ns/1.0">Nossa Senhora de Adjude (Port.) 15<lb/> Nossa Senhora de Rosario (Port.) 343<lb/> Nuyssenburg 11<lb/></p><p xml:id="INT_26829500-c7da-3a9c-a409-2c05927355a6.TEI.1.text.1.body.1.div.1.p.107" xml:lang="nl" rend="font-size: 7.5; text-align: center; line-height: 8.3pt; margin-right: 100" xmlns="http://www.tei-c.org/ns/1.0">O<lb/></p><p xml:id="INT_26829500-c7da-3a9c-a409-2c05927355a6.TEI.1.text.1.body.1.div.1.p.108" xml:lang="nl" rend="font-size: 8.5; line-height: 9.6pt" xmlns="http://www.tei-c.org/ns/1.0">Odijk 200, 205, 217, 824, 825<lb/> Oiseau (Frans) 804<lb/> Oldenburg (Deens) 236<lb/> Olifant 745<lb/></p><p xml:id="INT_26829500-c7da-3a9c-a409-2c05927355a6.TEI.1.text.1.body.1.div.1.p.109" xml:lang="nl" rend="font-size: 8.5; line-height: 9.3pt" xmlns="http://www.tei-c.org/ns/1.0">Oostenburg 412, 477, 496, 601, 633, 666, 667<lb/> Oosterblokker 160, 496, 565, 614, 619, 661,<lb/> 677, 691, 720, 755, 802, 803, 837<lb/> Oosterland 776<lb/> Oostermeer 317<lb/> Opmeer 496, 566, 771, 816<lb/> Oranje 85, 692<lb/></p><p xml:id="INT_26829500-c7da-3a9c-a409-2c05927355a6.TEI.1.text.1.body.1.div.1.p.110" xml:lang="nl" rend="font-size: 8.5; line-height: 9.3pt" xmlns="http://www.tei-c.org/ns/1.0">Ormus Merchant (Moors) 596<lb/> Osdorp 68, 98<lb/> Outshoom 402<lb/></p><p xml:id="INT_26829500-c7da-3a9c-a409-2c05927355a6.TEI.1.text.1.body.1.div.1.p.111" xml:lang="nl" rend="font-size: 8; text-align: center; line-height: 8.9pt; margin-right: 100" xmlns="http://www.tei-c.org/ns/1.0">P<lb/></p><p xml:id="INT_26829500-c7da-3a9c-a409-2c05927355a6.TEI.1.text.1.body.1.div.1.p.112" xml:lang="nl" rend="font-size: 8.5; line-height: 9.3pt" xmlns="http://www.tei-c.org/ns/1.0">Paard, Witte 760<lb/> Pagadeth 49, 187, 218<lb/> Papegaai 110<lb/> Parel 57, 139, 388<lb/> Pauw 3, 92, 662, 792<lb/> Peraia Merchant (Eng.) 213, 702<lb/> Philip and Ann (Eng.) 116<lb/> Pisang 186, 506, 607, 753, 792<lb/> Post 707, 771, 777<lb/> President (Eng.) 213, 624, 638, 703<lb/> Prinseland 496, 614, 615, 619, 661, 707, 738,<lb/> 751<lb/></p><p xml:id="INT_26829500-c7da-3a9c-a409-2c05927355a6.TEI.1.text.1.body.1.div.1.p.113" xml:lang="nl" rend="font-size: 8.5; line-height: 9.3pt" xmlns="http://www.tei-c.org/ns/1.0">Prinses Maria 600, 707, 750<lb/> Prospect (Eng.) 706, 775, 780, 788<lb/> Pulau Run 49, 123, 233, 427, 478, 481, 501,<lb/> 527, 721, 780, 781, 803<lb/> Purmer 620, 633, 635, 645, 694, 699<lb/> Pijl 182, 224, 226, 364, 398, 459, 748<lb/> Pijlswaard 776<lb/> Pijnakker 198, 661, 683, 705<lb/></p><p xml:id="INT_26829500-c7da-3a9c-a409-2c05927355a6.TEI.1.text.1.body.1.div.1.p.114" xml:lang="nl" rend="font-size: 8; text-align: center; line-height: 9.6pt" xmlns="http://www.tei-c.org/ns/1.0">R<lb/></p><p xml:id="INT_26829500-c7da-3a9c-a409-2c05927355a6.TEI.1.text.1.body.1.div.1.p.115" xml:lang="nl" rend="font-size: 8.5; line-height: 9.6pt" xmlns="http://www.tei-c.org/ns/1.0">Raap 620, 698<lb/></p><p xml:id="INT_26829500-c7da-3a9c-a409-2c05927355a6.TEI.1.text.1.body.1.div.1.p.116" xml:lang="nl" rend="font-size: 8.5; line-height: 9.6pt" xmlns="http://www.tei-c.org/ns/1.0">Rammekens (Kasteel te) 224, 226, 440<lb/> Retumer (Eng.) 345<lb/></p><p xml:id="INT_26829500-c7da-3a9c-a409-2c05927355a6.TEI.1.text.1.body.1.div.1.p.117" xml:lang="nl" rend="font-size: 8.5; line-height: 9.3pt; margin-left: 1100; text-indent: -11.0pt" xmlns="http://www.tei-c.org/ns/1.0">Ridderschap van Holland 600, 601, 653, 834,<lb/> 836<lb/></p><p xml:id="INT_26829500-c7da-3a9c-a409-2c05927355a6.TEI.1.text.1.body.1.div.1.p.118" xml:lang="nl" rend="font-size: 8.5; line-height: 9.3pt" xmlns="http://www.tei-c.org/ns/1.0">Roemers waal 82<lb/> Rog 605<lb/></p><p xml:id="INT_26829500-c7da-3a9c-a409-2c05927355a6.TEI.1.text.1.body.1.div.1.p.119" xml:lang="nl" rend="font-size: 8.5; line-height: 9.6pt; margin-left: 1100; text-indent: -11.0pt" xmlns="http://www.tei-c.org/ns/1.0">Romein 311, 506, 707, 726, 748, 767, 771, 777,<lb/> 780<lb/></p><p xml:id="INT_26829500-c7da-3a9c-a409-2c05927355a6.TEI.1.text.1.body.1.div.1.p.120" xml:lang="nl" rend="font-size: 8.5; line-height: 9.6pt" xmlns="http://www.tei-c.org/ns/1.0">Rosario Grande (Port.) 784<lb/> Rosingain 506, 606<lb/> Rotgans 57, 103<lb/> Rotterdam 831, 832<lb/> Rozekrans 57<lb/> Rubis (Frans) 93, 94<lb/></p><p xml:id="INT_26829500-c7da-3a9c-a409-2c05927355a6.TEI.1.text.1.body.1.div.1.p.121" xml:lang="nl" rend="font-size: 8.5; text-align: center; line-height: 9.4pt" xmlns="http://www.tei-c.org/ns/1.0">S<lb/></p><p xml:id="INT_26829500-c7da-3a9c-a409-2c05927355a6.TEI.1.text.1.body.1.div.1.p.122" xml:lang="nl" rend="font-size: 8.5; line-height: 9.6pt" xmlns="http://www.tei-c.org/ns/1.0">Saint Jean Baptiste, zie Goed Begin<lb/> Saint-Paul (Frans) 180<lb/> Saksenburg 480<lb/></p><p xml:id="INT_26829500-c7da-3a9c-a409-2c05927355a6.TEI.1.text.1.body.1.div.1.p.123" xml:lang="nl" rend="font-size: 8.5; line-height: 9.3pt" xmlns="http://www.tei-c.org/ns/1.0">Salida 556, 690, 761, 783, 790, 805<lb/></p><p xml:id="INT_26829500-c7da-3a9c-a409-2c05927355a6.TEI.1.text.1.body.1.div.1.p.124" xml:lang="nl" rend="font-size: 8.5; line-height: 9.3pt" xmlns="http://www.tei-c.org/ns/1.0">Santa Rosa (Port.) 383<lb/></p><p xml:id="INT_26829500-c7da-3a9c-a409-2c05927355a6.TEI.1.text.1.body.1.div.1.p.125" xml:lang="nl" rend="font-size: 8.5; line-height: 9.3pt" xmlns="http://www.tei-c.org/ns/1.0">Sao Antonio (Port.) 617<lb/></p><p xml:id="INT_26829500-c7da-3a9c-a409-2c05927355a6.TEI.1.text.1.body.1.div.1.p.126" xml:lang="nl" rend="font-size: 8.5; line-height: 9.3pt" xmlns="http://www.tei-c.org/ns/1.0">Sao Joao Baptista( Port.) 494<lb/></p><p xml:id="INT_26829500-c7da-3a9c-a409-2c05927355a6.TEI.1.text.1.body.1.div.1.p.127" xml:lang="nl" rend="font-size: 8.5; line-height: 9.3pt" xmlns="http://www.tei-c.org/ns/1.0">Sao Paulo (Port.) 473, 806<lb/></p><p xml:id="INT_26829500-c7da-3a9c-a409-2c05927355a6.TEI.1.text.1.body.1.div.1.p.128" xml:lang="nl" rend="font-size: 8.5; line-height: 9.3pt" xmlns="http://www.tei-c.org/ns/1.0">Sao Pedro (Port.) 473<lb/></p><p xml:id="INT_26829500-c7da-3a9c-a409-2c05927355a6.TEI.1.text.1.body.1.div.1.p.129" xml:lang="nl" rend="font-size: 8.5; line-height: 9.3pt" xmlns="http://www.tei-c.org/ns/1.0">Sao Pedro de Ratis (Port.) 15, 94, 121, 123<lb/> Schelde 707, 816<lb/> Schelvis 97, 196<lb/> Schiebroek 592, 753<lb/></p><p xml:id="INT_26829500-c7da-3a9c-a409-2c05927355a6.TEI.1.text.1.body.1.div.1.p.130" xml:lang="nl" rend="font-size: 8.5; line-height: 9.3pt" xmlns="http://www.tei-c.org/ns/1.0">Schieland 200, 217, 528, 592, 656, 753, 754,<lb/> 816, 836<lb/> Smid 23<lb/> Smimet 759<lb/> Snobber 13, 242, 261<lb/> Soestdijk 219, 609, 656, 720, 748<lb/> Soleil d’Orient (Frans) 401, 480<lb/> Spaamdam 40<lb/> Spaarpot 753<lb/> Spanbroek 82, 218<lb/> Sparwoude 419, 600, 697, 699<lb/> Speelman 564<lb/> St. Andries 239, 240, 308<lb/> Stavenisse 496, 645, 811, 836<lb/> Steenbok 613<lb/></p><p xml:id="INT_26829500-c7da-3a9c-a409-2c05927355a6.TEI.1.text.1.body.1.div.1.p.131" xml:lang="nl" rend="font-size: 8.5; line-height: 9.3pt" xmlns="http://www.tei-c.org/ns/1.0">St. Fran^ois (Frans) 17, 383, 694, 744<lb/> St. George (Eng.) 16, 580, 702<lb/> Sticht van Utrecht 168<lb/> St. Jan 764<lb/></p><p xml:id="INT_26829500-c7da-3a9c-a409-2c05927355a6.TEI.1.text.1.body.1.div.1.p.132" xml:lang="nl" rend="font-size: 8.5; line-height: 9.3pt" xmlns="http://www.tei-c.org/ns/1.0">St. Maartensdijk 496, 601, 681, 753, 771, 777,<lb/> 779, 780, 782<lb/> Strijen 209<lb/></p><p xml:id="INT_26829500-c7da-3a9c-a409-2c05927355a6.TEI.1.text.1.body.1.div.1.p.133" xml:lang="nl" rend="font-size: 8.5; line-height: 9.3pt" xmlns="http://www.tei-c.org/ns/1.0">Sumatra 49, 579, 580, 601, 609, 651, 655, 681,<lb/> 753, 754, 794<lb/> Surabaja 832<lb/> Suratte 791<lb/></p><p xml:id="INT_26829500-c7da-3a9c-a409-2c05927355a6.TEI.1.text.1.body.1.div.1.p.134" xml:lang="nl" rend="font-size: 8.5; line-height: 9.3pt" xmlns="http://www.tei-c.org/ns/1.0">Suratte Merchant (Eng.) 18, 496, 600, 703<lb/></p><pb xml:id="INT_26829500-c7da-3a9c-a409-2c05927355a6.TEI.1.text.1.body.1.div.1.pb.4" n="877" facs="http://resources.huygens.knaw.nl/retroapp/service_generalemissiven/gm_04/images/gm_4_134_0877.tif"/><fw xml:id="INT_26829500-c7da-3a9c-a409-2c05927355a6.TEI.1.text.1.body.1.div.1.fw.5" place="top" type="head" facs="#zone.332140" xmlns="http://www.tei-c.org/ns/1.0">INDEX VAN SCHEEPSNAMEN</fw><fw xml:id="INT_26829500-c7da-3a9c-a409-2c05927355a6.TEI.1.text.1.body.1.div.1.fw.6" place="top" type="page-number" facs="#zone.332146" xmlns="http://www.tei-c.org/ns/1.0">877</fw><p xml:id="INT_26829500-c7da-3a9c-a409-2c05927355a6.TEI.1.text.1.body.1.div.1.p.135" xml:lang="nl" rend="font-size: 8.5; text-align: center; line-height: 9.4pt" xmlns="http://www.tei-c.org/ns/1.0">T<lb/></p><p xml:id="INT_26829500-c7da-3a9c-a409-2c05927355a6.TEI.1.text.1.body.1.div.1.p.136" xml:lang="nl" rend="font-size: 8.5; line-height: 9.6pt" xmlns="http://www.tei-c.org/ns/1.0">Tayoan (Eng.) 213, 617, 653<lb/> Ternate 496, 535, 538, 748<lb/> Temate, Ontroerd 406, 652<lb/> Tholen, Wapen van 82, 198, 699, 728, 792, 827<lb/> Tidore, 592<lb/> Timor 314<lb/> Tolokko 188, 244<lb/> Tonkin Merchant (Eng.) 541<lb/> Tuin, Hollandse 494, 608, 653, 681, 815, 816,<lb/> 831, 833<lb/></p><p xml:id="INT_26829500-c7da-3a9c-a409-2c05927355a6.TEI.1.text.1.body.1.div.1.p.137" xml:lang="nl" rend="font-size: 8.5; line-height: 9.6pt" xmlns="http://www.tei-c.org/ns/1.0">Tulpenburg 156, 401<lb/> Tijger 692<lb/></p><p xml:id="INT_26829500-c7da-3a9c-a409-2c05927355a6.TEI.1.text.1.body.1.div.1.p.138" xml:lang="nl" rend="font-size: 8; text-align: center; line-height: 9.6pt" xmlns="http://www.tei-c.org/ns/1.0">U<lb/></p><p xml:id="INT_26829500-c7da-3a9c-a409-2c05927355a6.TEI.1.text.1.body.1.div.1.p.139" xml:lang="nl" rend="font-size: 8.5; line-height: 9.6pt" xmlns="http://www.tei-c.org/ns/1.0">Udain 1, 91<lb/> Ulysses 113<lb/></p><p xml:id="INT_26829500-c7da-3a9c-a409-2c05927355a6.TEI.1.text.1.body.1.div.1.p.140" xml:lang="nl" rend="font-size: 8.5; text-align: center; line-height: 9.6pt" xmlns="http://www.tei-c.org/ns/1.0">V<lb/></p><p xml:id="INT_26829500-c7da-3a9c-a409-2c05927355a6.TEI.1.text.1.body.1.div.1.p.141" xml:lang="nl" rend="font-size: 8.5; line-height: 9.3pt" xmlns="http://www.tei-c.org/ns/1.0">Vautour (Frans) 298, 309, 417, 584<lb/></p><p xml:id="INT_26829500-c7da-3a9c-a409-2c05927355a6.TEI.1.text.1.body.1.div.1.p.142" xml:lang="nl" rend="font-size: 8.5; line-height: 9.3pt" xmlns="http://www.tei-c.org/ns/1.0">Volsen 207<lb/></p><p xml:id="INT_26829500-c7da-3a9c-a409-2c05927355a6.TEI.1.text.1.body.1.div.1.p.143" xml:lang="nl" rend="font-size: 8.5; line-height: 9.3pt" xmlns="http://www.tei-c.org/ns/1.0">Veluwe 478, 486, 748<lb/></p><p xml:id="INT_26829500-c7da-3a9c-a409-2c05927355a6.TEI.1.text.1.body.1.div.1.p.144" xml:lang="nl" rend="font-size: 8.5; line-height: 9.3pt; margin-left: 1100; text-indent: -11.0pt" xmlns="http://www.tei-c.org/ns/1.0">Visserij, Grote 753, 788, 791, 792, 816, 817,<lb/> 836<lb/></p><p xml:id="INT_26829500-c7da-3a9c-a409-2c05927355a6.TEI.1.text.1.body.1.div.1.p.145" xml:lang="nl" rend="font-size: 8.5; line-height: 9.3pt" xmlns="http://www.tei-c.org/ns/1.0">Vlissingen 652<lb/> Voorhout 208, 524, 656, 660<lb/> Voorn 68, 97<lb/> Voorschoten 803<lb/></p><p xml:id="INT_26829500-c7da-3a9c-a409-2c05927355a6.TEI.1.text.1.body.1.div.1.p.146" xml:lang="nl" rend="font-size: 8.5; line-height: 9.3pt" xmlns="http://www.tei-c.org/ns/1.0">Voorzichtigheid 64, 91, 248, 426, 655, 748<lb/> Vrede, Gekroonde 32, 35, 39, 122, 748<lb/> Vrijheid 494, 680, 699, 702, 707, 751<lb/></p><p xml:id="INT_26829500-c7da-3a9c-a409-2c05927355a6.TEI.1.text.1.body.1.div.1.p.147" xml:lang="nl" rend="font-size: 8.5; text-align: center; line-height: 9.4pt" xmlns="http://www.tei-c.org/ns/1.0">W<lb/></p><p xml:id="INT_26829500-c7da-3a9c-a409-2c05927355a6.TEI.1.text.1.body.1.div.1.p.148" xml:lang="nl" rend="font-size: 8.5; line-height: 9.6pt" xmlns="http://www.tei-c.org/ns/1.0">Waalstroom 776<lb/> Wachthond 804<lb/></p><p xml:id="INT_26829500-c7da-3a9c-a409-2c05927355a6.TEI.1.text.1.body.1.div.1.p.149" xml:lang="nl" rend="font-size: 8.5; line-height: 9.6pt" xmlns="http://www.tei-c.org/ns/1.0">Wapen, zie op de plaatsnaam<lb/> Waterland 836<lb/> Waveren 699, 824, 827<lb/> Westbroek 593, 600<lb/> Westeramstel 224, 313, 733, 753<lb/> Westerveld 156<lb/></p><p xml:id="INT_26829500-c7da-3a9c-a409-2c05927355a6.TEI.1.text.1.body.1.div.1.p.150" xml:lang="nl" rend="font-size: 8.5; line-height: 9.6pt" xmlns="http://www.tei-c.org/ns/1.0">Willem Hendrik 241, 261, 600, 669<lb/> William and John (Eng.) 622, 633, 697<lb/> Wiltenburg 91<lb/></p><p xml:id="INT_26829500-c7da-3a9c-a409-2c05927355a6.TEI.1.text.1.body.1.div.1.p.151" xml:lang="nl" rend="font-size: 8.5; line-height: 9.6pt; margin-left: 1000; text-indent: -10.0pt" xmlns="http://www.tei-c.org/ns/1.0">Wimmenum 72, 115, 116, 124, 144, 157, 217,<lb/> 292, 417<lb/></p><p xml:id="INT_26829500-c7da-3a9c-a409-2c05927355a6.TEI.1.text.1.body.1.div.1.p.152" xml:lang="nl" rend="font-size: 8.5; line-height: 9.6pt" xmlns="http://www.tei-c.org/ns/1.0">Windhond 388, 766<lb/> Wolf (Deens) 625<lb/> Woud 616, 890<lb/></p><p xml:id="INT_26829500-c7da-3a9c-a409-2c05927355a6.TEI.1.text.1.body.1.div.1.p.153" xml:lang="nl" rend="font-size: 8.5; text-align: center; line-height: 9.4pt" xmlns="http://www.tei-c.org/ns/1.0">Y<lb/></p><p xml:id="INT_26829500-c7da-3a9c-a409-2c05927355a6.TEI.1.text.1.body.1.div.1.p.154" xml:lang="nl" rend="font-size: 8.5; line-height: 9.3pt" xmlns="http://www.tei-c.org/ns/1.0">Ysselstein 68, 224, 408<lb/> Ysvogel 146<lb/></p><p xml:id="INT_26829500-c7da-3a9c-a409-2c05927355a6.TEI.1.text.1.body.1.div.1.p.155" xml:lang="nl" rend="font-size: 8.5; text-align: center; line-height: 9.3pt" xmlns="http://www.tei-c.org/ns/1.0">Z<lb/></p><p xml:id="INT_26829500-c7da-3a9c-a409-2c05927355a6.TEI.1.text.1.body.1.div.1.p.156" xml:lang="nl" rend="font-size: 8.5; line-height: 9.3pt" xmlns="http://www.tei-c.org/ns/1.0">Zalm 75<lb/></p><p xml:id="INT_26829500-c7da-3a9c-a409-2c05927355a6.TEI.1.text.1.body.1.div.1.p.157" xml:lang="nl" rend="font-size: 8.5; line-height: 9.3pt" xmlns="http://www.tei-c.org/ns/1.0">Zee, Vrije 38, 374, 426, 496, 601, 633, 666, 667<lb/> Zeepaard (Deens) 37, 200<lb/> Zeist, 690, 740, 816, 819, 827<lb/> Zierikzee, Wapen van 195, 486, 587, 655, 766,<lb/> 798<lb/></p><p xml:id="INT_26829500-c7da-3a9c-a409-2c05927355a6.TEI.1.text.1.body.1.div.1.p.158" xml:lang="nl" rend="font-size: 8.5; line-height: 9.3pt" xmlns="http://www.tei-c.org/ns/1.0">Zilverstein 181, 405, 414, 425, 465, 601, 633,<lb/> 666, 707, 723, 732<lb/> Zonnebloem 285<lb/></p><p xml:id="INT_26829500-c7da-3a9c-a409-2c05927355a6.TEI.1.text.1.body.1.div.1.p.159" xml:lang="nl" rend="font-size: 8.5; line-height: 9.3pt" xmlns="http://www.tei-c.org/ns/1.0">Zuidbeveland 496, 565, 610, 694, 728, 816<lb/></p><p xml:id="INT_26829500-c7da-3a9c-a409-2c05927355a6.TEI.1.text.1.body.1.div.1.p.160" xml:lang="nl" rend="font-size: 8.5; line-height: 9.3pt" xmlns="http://www.tei-c.org/ns/1.0">Zuidpolsbroek 49, 74, 94<lb/></p><p xml:id="INT_26829500-c7da-3a9c-a409-2c05927355a6.TEI.1.text.1.body.1.div.1.p.161" xml:lang="nl" rend="font-size: 8.5; line-height: 9.3pt" xmlns="http://www.tei-c.org/ns/1.0">Zwaan(tje) 188<lb/></p><p xml:id="INT_26829500-c7da-3a9c-a409-2c05927355a6.TEI.1.text.1.body.1.div.1.p.162" xml:lang="nl" rend="font-size: 8.5; line-height: 9.3pt" xmlns="http://www.tei-c.org/ns/1.0">Zwanenburg 532<lb/></p><p xml:id="INT_26829500-c7da-3a9c-a409-2c05927355a6.TEI.1.text.1.body.1.div.1.p.163" xml:lang="nl" rend="font-size: 8.5; line-height: 9.3pt" xmlns="http://www.tei-c.org/ns/1.0">Zwartsluis 412<lb/></p><p xml:id="INT_26829500-c7da-3a9c-a409-2c05927355a6.TEI.1.text.1.body.1.div.1.p.164" xml:lang="nl" rend="font-size: 8.5; line-height: 9.3pt" xmlns="http://www.tei-c.org/ns/1.0">Zwemmer 224, 260, 300, 364, 568<lb/> Zijpe 496, 502, 601, 667, 697, 741<lb/></p>
            
      </div>
                  </body>
                </text>
              </TEI>