<TEI xml:id="INT_37865b72-7704-3f9f-bd6d-c44da4472328" xmlns="http://www.tei-c.org/ns/1.0">
                <teiHeader>
      <fileDesc>
        <titleStmt>
          <title>Van Goens, Speelman, Bort, Hurdt, Van Outhoorn, Camphuys en Bent, 13 febr. 1681</title>
        </titleStmt>
        <publicationStmt>
          <p>
            <date>13 febr. 1681</date>
            <idno type="sourceID">missiven:vol4</idno>
            <idno type="pid">INT_37865b72-7704-3f9f-bd6d-c44da4472328</idno>
          </p>
        </publicationStmt>
        <notesStmt>
          <note/>
        </notesStmt>
        <sourceDesc>
          <listBibl xml:id="inlMetadata">
            <bibl type="missive">
        <interpGrp type="page"><interp>426</interp></interpGrp>
        
      <interpGrp type="titleLevel1"><interp>Van Goens, Speelman, Bort, Hurdt, Van Outhoorn, Camphuys en Bent, 13 febr. 1681</interp></interpGrp>
      <interpGrp type="dateLevel1"><interp>13 febr. 1681</interp></interpGrp>
        <interpGrp type="tocLevel"><interp>1</interp></interpGrp>
      <interpGrp type="volume"><interp>4</interp></interpGrp>
        <interpGrp type="n"><interp>XVII</interp></interpGrp>
      
      <interpGrp type="witnessYearLevel1_from"><interp>1681</interp></interpGrp>
      <interpGrp type="witnessYearLevel1_to"><interp>1681</interp></interpGrp>
      <interpGrp type="witnessMonthLevel1_to"><interp>2</interp></interpGrp>
      <interpGrp type="witnessMonthLevel1_from"><interp>2</interp></interpGrp>
      <interpGrp type="witnessDayLevel1_to"><interp>13</interp></interpGrp>
      <interpGrp type="witnessDayLevel1_from"><interp>13</interp></interpGrp>
      <interpGrp type="authorLevel1"><interp>Van Goens</interp><interp>Speelman</interp><interp>Bort</interp><interp>Hurdt</interp><interp>Van Outhoorn</interp><interp>Camphuys</interp><interp>Bent</interp></interpGrp>
      <interpGrp type="pid"><interp>INT_37865b72-7704-3f9f-bd6d-c44da4472328</interp></interpGrp>
    </bibl>
          </listBibl>
        </sourceDesc>
      </fileDesc>
    </teiHeader>
                <text xml:id="INT_37865b72-7704-3f9f-bd6d-c44da4472328.TEI.1.text.1">
                  <body xml:id="INT_37865b72-7704-3f9f-bd6d-c44da4472328.TEI.1.text.1.body.1">
                    <div xml:id="INT_37865b72-7704-3f9f-bd6d-c44da4472328.TEI.1.text.1.body.1.div.1">
        
              <pb xml:id="INT_37865b72-7704-3f9f-bd6d-c44da4472328.TEI.1.text.1.body.1.div.1.pb.1" n="426" facs="http://resources.huygens.knaw.nl/retroapp/service_generalemissiven/gm_04/images/gm_4_134_0426.tif"/><fw xml:id="INT_37865b72-7704-3f9f-bd6d-c44da4472328.TEI.1.text.1.body.1.div.1.fw.1" place="top" type="page-number" facs="#zone.4253704" xmlns="http://www.tei-c.org/ns/1.0">426</fw><fw xml:id="INT_37865b72-7704-3f9f-bd6d-c44da4472328.TEI.1.text.1.body.1.div.1.fw.2" place="top" type="head" facs="#zone.4253721" xmlns="http://www.tei-c.org/ns/1.0">Van Goens, Speelman, Bort, Hurdt, Van Outhoom, enz. XVII, 13 februari 1681</fw><head xml:id="INT_37865b72-7704-3f9f-bd6d-c44da4472328.TEI.1.text.1.body.1.div.1.head.1" xml:lang="nl" rend="font-size: 10; text-align: justify; line-height: 11.7pt" xmlns="http://www.tei-c.org/ns/1.0">XVII. RYCKLOFF VAN GOENS, CORNELIS SPEELMAN, BALTHASAR<lb/> BORT, ANTHONIO HURDT, WILLEM VAN OUTHOORN, JOANNES<lb/> CAMPHUYS EN FREDERIK BENT, BATAVIA 13 febr. 1681.<lb/></head><p xml:id="INT_37865b72-7704-3f9f-bd6d-c44da4472328.TEI.1.text.1.body.1.div.1.p.1" xml:lang="nl" rend="font-size: 8; text-align: justify; line-height: 8.9pt" xmlns="http://www.tei-c.org/ns/1.0">1241, fol. 635-679.<lb/></p><note xml:id="INT_37865b72-7704-3f9f-bd6d-c44da4472328.TEI.1.text.1.body.1.div.1.note.1" xml:lang="nl" place="inline" type="editorial-summary" resp="editor" rend="font-style: italic; line-height: 11.7pt; text-indent: 22.0pt; text-align: justify; font-size: 9.5" xmlns="http://www.tei-c.org/ns/1.0">( Vgl. <hi rend="font-size:10; font-family:Liberation Serif" xml:lang="nl">Daghregisters</hi> 1681 , p. 1-118; de lading van de Vrije Zee is - vgl. p. 115 -<lb/> niet f. 605 704.15, maar f. 438 744.11.5 , het eerst genoemde bedrag is dat van de twee<lb/> schepen voor de Kamer Amsterdam samen; voornaamste goederen: peper, f. 143 142,<lb/> salempoeris f. 119 793, Perzische zijde f. 102 051; in Palembang was 31 juli in een<lb/> jaar gewonnen f. 74 555 en uitgegeven f. 25 136; er waren effecten d f. 62 007; gouverneur<lb/> Pits droeg aan zijn opvolger te Malakka Quaelhergen f. 621 987. <hi rend="font-size:10; font-family:Liberation Serif" xml:lang="nl">—</hi> aan<lb/> effecten over; zij zijn van mening, als zou de gouverneur <hi rend="font-size:10; font-family:Liberation Serif" xml:lang="nl">-</hi> )<lb/></note><p xml:id="INT_37865b72-7704-3f9f-bd6d-c44da4472328.TEI.1.text.1.body.1.div.1.p.2" resp="int_paragraph_joining" rend="">
              - al te naauw bepaalt - wesen in ’t reguard van de negotie<lb xmlns="http://www.tei-c.org/ns/1.0"/>der vreemde handelaars en dat deselve daardoor van Malacca achterbleven en de<lb xmlns="http://www.tei-c.org/ns/1.0"/> omleggende vreemde plaatsen als Atchin, Tanassery, Queda, Oedjang Salangh en<lb xmlns="http://www.tei-c.org/ns/1.0"/> Johore met de beste buyt des handels doorgingen en in florisance toenamen.<lb xmlns="http://www.tei-c.org/ns/1.0"/>
            </p><note xml:id="INT_37865b72-7704-3f9f-bd6d-c44da4472328.TEI.1.text.1.body.1.div.1.note.2" xml:lang="nl" place="inline" type="editorial-summary" resp="editor" rend="font-style: italic; line-height: 11.7pt; text-indent: 22.0pt; text-align: justify; font-size: 9.5" xmlns="http://www.tei-c.org/ns/1.0">(Wegens de oorlog tussen Palembang en Djambi werden in Djambi een jacht,<lb/> twee oorlogsvaartuigen en 58 a 60 militairen aangevraagd; Laurens Pit jr. <hi rend="font-size:10; font-family:Liberation Serif" xml:lang="nl">-</hi> )<lb/></note><p xml:id="INT_37865b72-7704-3f9f-bd6d-c44da4472328.TEI.1.text.1.body.1.div.1.p.3" resp="int_paragraph_joining" rend="">
              - sich in persoon daar beneden <hi rend="font-size:9.5; font-family:Liberation Serif; font-style:italic; vertical-align:super" xml:lang="nl" xmlns="http://www.tei-c.org/ns/1.0">l)</hi> niet hadt vertrouwt te laten neder-<lb xmlns="http://www.tei-c.org/ns/1.0"/>sincken, vermits de soobere gestalte der materialen, daarbij zulx moeste geschieden.<lb xmlns="http://www.tei-c.org/ns/1.0"/> Niettemin was alles boven in de mijn en de nieuwe graveryen der berghmeesters<lb xmlns="http://www.tei-c.org/ns/1.0"/> Bilandre <hi rend="font-size:10; font-family:Liberation Serif; vertical-align:super" xml:lang="nl" xmlns="http://www.tei-c.org/ns/1.0">2)</hi> en Achterbergh <hi rend="font-size:10; font-family:Liberation Serif; vertical-align:super" xml:lang="nl" xmlns="http://www.tei-c.org/ns/1.0">3)</hi> t’sijner aanwesen door expresse gecommitteerde<lb xmlns="http://www.tei-c.org/ns/1.0"/> besichticht.<lb xmlns="http://www.tei-c.org/ns/1.0"/>
            </p><note xml:id="INT_37865b72-7704-3f9f-bd6d-c44da4472328.TEI.1.text.1.body.1.div.1.note.3" xml:lang="nl" place="inline" type="editorial-summary" resp="editor" rend="font-style: italic; line-height: 11.7pt; text-indent: 22.0pt; text-align: justify; font-size: 9.5" xmlns="http://www.tei-c.org/ns/1.0">( Vgl. <hi rend="font-size:10; font-family:Liberation Serif" xml:lang="nl">Daghregisters</hi> 1681, p. 24-25; in de mijn werken 40 Europeanen en<lb/> 134 slaven onder luitenant Jan de Graaf f, resp. 37 en 46 onder Bilandre, die nu bij<lb/> de andere groep is gevoegd, waar thans 140 slaven, 75 slavinnen en 10 kinderen<lb/> toe behoren).<lb/></note><p xml:id="INT_37865b72-7704-3f9f-bd6d-c44da4472328.TEI.1.text.1.body.1.div.1.p.4" xml:lang="nl" rend="font-size: 10; text-align: justify; line-height: 11.7pt; text-indent: 22.0pt" xmlns="http://www.tei-c.org/ns/1.0">Over ’t verplaatsen van ’t hooftcomptoir der Westcust van Padangh nae<lb/> P10 Chinco off Sillida waren den commissaris <hi rend="font-size:10; font-family:Liberation Serif; vertical-align:super" xml:lang="nl">4)</hi> en raat nogh niet gereet haar<lb/> eygentlijk te verklaren, maar op Sillida niet wel mogel. geoordeelt om de rontsom<lb/> leggende bergen als anders voor een Europesche vyand sich te connen vast maken.<lb/><hi rend="font-size:8; font-family:Liberation Serif" xml:lang="nl">Fol. 649v.</hi><lb/></p><note xml:id="INT_37865b72-7704-3f9f-bd6d-c44da4472328.TEI.1.text.1.body.1.div.1.note.4" xml:lang="nl" place="inline" type="editorial-summary" resp="editor" rend="font-style: italic; line-height: 11.7pt; text-indent: 22.0pt; text-align: justify; font-size: 9.5" xmlns="http://www.tei-c.org/ns/1.0">(Vrees, dat de uit Siam verwachte V oorsichtigheyt in de bocht van Sangora is<lb/> vervallen, daar ze al vijf weken over tijd is; de geschenken van den Koning en den<lb/> berkelang van Siam waren geringer dan vroeger; de tinprijs daalde van 15 taël of<lb/> 37 rsd. tot 13 taël of 33% rsd. de bahar van 354® ).<lb/></note><note xml:id="INT_37865b72-7704-3f9f-bd6d-c44da4472328.TEI.1.text.1.body.1.div.1.note.5" xml:lang="nl" rend="font-size: 8; text-align: justify; line-height: 9.3pt; margin-left: 2200" xmlns="http://www.tei-c.org/ns/1.0">1) In de mijn te Salida.<lb/></note><note xml:id="INT_37865b72-7704-3f9f-bd6d-c44da4472328.TEI.1.text.1.body.1.div.1.note.6" xml:lang="nl" rend="font-size: 8; line-height: 9.3pt; text-indent: 21.0pt" xmlns="http://www.tei-c.org/ns/1.0">2) Fran^is Bilandre, een Waal, kwam in 1679 als bergmeester uit, diende ter Westkust<lb/> en repatrieerde april 1681.<lb/></note><note xml:id="INT_37865b72-7704-3f9f-bd6d-c44da4472328.TEI.1.text.1.body.1.div.1.note.7" xml:lang="nl" rend="font-size: 8; line-height: 9.3pt; text-indent: 22.0pt" xmlns="http://www.tei-c.org/ns/1.0">3) Jacob Achterbergh, een Duitser, kwam ook in 1679 als bergmeester uit en diende ten<lb/> Westkust, hij repatrieerde in nov. 1681.<lb/></note><note xml:id="INT_37865b72-7704-3f9f-bd6d-c44da4472328.TEI.1.text.1.body.1.div.1.note.8" xml:lang="nl" rend="font-size: 8; text-align: justify; line-height: 9.3pt; margin-left: 2100" xmlns="http://www.tei-c.org/ns/1.0">4) Laurens Pit. jr.<lb/></note><pb xml:id="INT_37865b72-7704-3f9f-bd6d-c44da4472328.TEI.1.text.1.body.1.div.1.pb.2" n="427" facs="http://resources.huygens.knaw.nl/retroapp/service_generalemissiven/gm_04/images/gm_4_134_0427.tif"/><fw xml:id="INT_37865b72-7704-3f9f-bd6d-c44da4472328.TEI.1.text.1.body.1.div.1.fw.3" place="top" type="head" xml:lang="nl" rend="text-align:justify; line-height:11.1pt" facs="#zone.4255927" xmlns="http://www.tei-c.org/ns/1.0">Van Goens, Speelman, Bort, Hurdt, Van Outhoorn, enz. XVII, 12 februari 1681 427</fw><p xml:id="INT_37865b72-7704-3f9f-bd6d-c44da4472328.TEI.1.text.1.body.1.div.1.p.5" xml:lang="nl" rend="font-size: 10; text-align: justify; line-height: 11.7pt; text-indent: 22.0pt" xmlns="http://www.tei-c.org/ns/1.0">Van de <hi rend="font-size:10; font-family:Liberation Serif; vertical-align:super" xml:lang="nl">x)</hi> gesonde ambachtslieden stont den steenhouwer en goutsmit hun<lb/> al weder niet aan en waren deselve daarom gelargeert en terughgesonden en vermeende<lb/> d’e. Faa, dat sij nu de novo nader versoek om andere in plaats zouden<lb/> doen, gel. ook geschiet is, maar meteenen, dat men zulx wel eens souw cunnen<lb/> excuseren om telckens van die versoeken en veranderingen ontslagen te raeken,<lb/> dat wij ook wel voor niet ondienstigh zouden oordeelen, alsoo men doorgaans<lb/> met die als andere begeerten des Siamsen Coninx veel spels en weynigh dank heeft,<lb/> maar dan zouden se daarvan haar gerieff bij de Francen off andere soeken en<lb/> buyten twijffel zonder de minste tegenspraeke vinden, dat haar te meer in recommandatie<lb/> brengen en d’Comp.e declineren zoude ; daarom zullen wij niettemin<lb/> denselven naar vermogen en gelegentheyt nogh al dienen en trachten te accomoderen.<lb/><lb/></p><note xml:id="INT_37865b72-7704-3f9f-bd6d-c44da4472328.TEI.1.text.1.body.1.div.1.note.9" xml:lang="nl" place="inline" type="editorial-summary" resp="editor" rend="font-style: italic; line-height: 11.7pt; text-indent: 22.0pt; text-align: justify; font-size: 10" xmlns="http://www.tei-c.org/ns/1.0">( Er werd slechts f. 29 265 gewonnen; van Siam vertrokken 4 jonken naar Japan,<lb/> die soms met wel 5000 kisten koper terugkomen; verlies geleden bij het ommunten<lb/> van ropias van de Compagnie; kronen en realen zijn in Siam voordeliger , ook in<lb/> andere streken; de eis van Siam is 100 000 rsd. in contanten, daar er voor de Cie.<lb/> weinig te verkopen valt, bijv. geen textiel).<lb/></note><p xml:id="INT_37865b72-7704-3f9f-bd6d-c44da4472328.TEI.1.text.1.body.1.div.1.p.6" resp="int_paragraph_joining" rend="">
              Zoo lange wij ’t fijne gout aldaar tot 16 rd.8 de tayl off rujun IJ reaal swaarte<lb xmlns="http://www.tei-c.org/ns/1.0"/>connen negotiëren, - dit den alderseekersten handel is.<lb xmlns="http://www.tei-c.org/ns/1.0"/>
            </p><note xml:id="INT_37865b72-7704-3f9f-bd6d-c44da4472328.TEI.1.text.1.body.1.div.1.note.10" xml:lang="nl" place="inline" type="editorial-summary" resp="editor" rend="font-style: italic; line-height: 11.7pt; text-indent: 22.0pt; text-align: justify; font-size: 10" xmlns="http://www.tei-c.org/ns/1.0">(Men heeft ter Westkust alleen van De Graaf f goede verwachtingen voor<lb/> het mijnwerk; het cargasoen van de Pulau Run, vgl. <hi rend="font-size:10; font-family:Liberation Serif" xml:lang="nl">Daghregisters,</hi> p. 87, wordt<lb/> hier als f. 93 093 opgegeven).<lb/></note><p xml:id="INT_37865b72-7704-3f9f-bd6d-c44da4472328.TEI.1.text.1.body.1.div.1.p.7" resp="int_paragraph_joining" rend="">
              Het altoos veel lichter zal wesen Ternaten uyt Amboina als Amboina uyt<lb xmlns="http://www.tei-c.org/ns/1.0"/> Ternaten te restaureren off tot Comp.8 ooghmerk te beschermen ende de noodige<lb xmlns="http://www.tei-c.org/ns/1.0"/> gehoor saamhevt der onderdanen van d’Comp.e aldaar wel te bewaren.<lb xmlns="http://www.tei-c.org/ns/1.0"/>Foll 664r.<lb xmlns="http://www.tei-c.org/ns/1.0"/>
            </p><note xml:id="INT_37865b72-7704-3f9f-bd6d-c44da4472328.TEI.1.text.1.body.1.div.1.note.11" xml:lang="nl" place="inline" type="editorial-summary" resp="editor" rend="font-style: italic; line-height: 11.7pt; text-indent: 22.0pt; text-align: justify; font-size: 10" xmlns="http://www.tei-c.org/ns/1.0">(Willem van Zijl blijft nog een jaar provisioneel gezaghebber van Banda; vier<lb/> predikanten vertrokken naar de Specerij -Eilanden; contract met Cheribon, <hi rend="font-size:10; font-family:Liberation Serif" xml:lang="nl">Corpus</hi><lb/>III, nr CDXLIII; de inkomsten te Malakka zijn 14 jan. voor een jaar voor 5860 rsd.<lb/> verpacht).<lb/></note><p xml:id="INT_37865b72-7704-3f9f-bd6d-c44da4472328.TEI.1.text.1.body.1.div.1.p.8" resp="int_paragraph_joining" rend="">
              -1 <hi rend="font-size:10; font-family:Liberation Serif; vertical-align:super" xml:lang="nl" xmlns="http://www.tei-c.org/ns/1.0">2)</hi> tot affschrik van andere degeene, die men in handen krijght, met<lb xmlns="http://www.tei-c.org/ns/1.0"/>swaare straffen, zelff tot de doot toe, te executeren nae bevindinge van zaaken,<lb xmlns="http://www.tei-c.org/ns/1.0"/> alsoo dit weghloopen anders meer en meer, na ’t schijnt, staat door te breken,<lb xmlns="http://www.tei-c.org/ns/1.0"/> gel. nogh dagelijx geschiet.<lb xmlns="http://www.tei-c.org/ns/1.0"/>
            </p><p xml:id="INT_37865b72-7704-3f9f-bd6d-c44da4472328.TEI.1.text.1.body.1.div.1.p.9" resp="int_paragraph_joining" rend="">
              De brieven, die zoowel door den ouden als jongen Bantamsen Sulthan nu<lb xmlns="http://www.tei-c.org/ns/1.0"/> mettet schip de Nathanaël aan den Conink van Engelant gesz., door d’Engelsen<lb xmlns="http://www.tei-c.org/ns/1.0"/> zelve ten meerendeele zouden zijn geconcipieert en vervult met klachten en<lb xmlns="http://www.tei-c.org/ns/1.0"/>1) Naar Siam, op verzoek der groten.<lb xmlns="http://www.tei-c.org/ns/1.0"/>2) Het weglopen uit de dienst van de V.O.C.<lb xmlns="http://www.tei-c.org/ns/1.0"/><pb xml:id="INT_37865b72-7704-3f9f-bd6d-c44da4472328.TEI.1.text.1.body.1.div.1.p.9.pb.1" n="428" facs="http://resources.huygens.knaw.nl/retroapp/service_generalemissiven/gm_04/images/gm_4_134_0428.tif"/><fw xml:id="INT_37865b72-7704-3f9f-bd6d-c44da4472328.TEI.1.text.1.body.1.div.1.p.9.fw.1" place="top" type="page-number" facs="#zone.4257573" xmlns="http://www.tei-c.org/ns/1.0">428</fw><fw xml:id="INT_37865b72-7704-3f9f-bd6d-c44da4472328.TEI.1.text.1.body.1.div.1.p.9.fw.2" place="top" type="head" facs="#zone.4257585" xmlns="http://www.tei-c.org/ns/1.0">Van Groens, Speelman, Burt, Hurdt, Van Outhoorn, enz. XVTI, 13 februari 1681</fw>doeleancen, dat wij de Javaanse Oostcust voor een ijder geslooten hielden en niemant<lb xmlns="http://www.tei-c.org/ns/1.0"/> aldaar ter negotie wilden admitteren en de Bantammers veel smaatheden<lb xmlns="http://www.tei-c.org/ns/1.0"/> en dreygementen van oorlogh gedurigh aandeden (’twelk alles t’eenemaal onwaarachtigh<lb xmlns="http://www.tei-c.org/ns/1.0"/> is), zoo zouden se eenige schepen, volk en ammuniënten ter adsistentie<lb xmlns="http://www.tei-c.org/ns/1.0"/> uyt Engelant versocht hebben.<lb xmlns="http://www.tei-c.org/ns/1.0"/>
            </p><note xml:id="INT_37865b72-7704-3f9f-bd6d-c44da4472328.TEI.1.text.1.body.1.div.1.note.12" xml:lang="nl" place="inline" type="editorial-summary" resp="editor" rend="font-style: italic; line-height: 11.7pt; text-indent: 21.0pt; text-align: justify; font-size: 9.5" xmlns="http://www.tei-c.org/ns/1.0">(Te Batavia is voor 78 528 rsd. aan wissels op patria getrokken <hi rend="font-size:8.5; font-family:Liberation Serif" xml:lang="nl">,</hi> w.o. voor<lb/> 60 366 van wijlen Hendrik Terhorst).<lb/></note>
            
      </div>
                  </body>
                </text>
              </TEI>