<TEI xml:id="INT_96f30744-f6cb-3891-8c35-20964a1839ea" xmlns="http://www.tei-c.org/ns/1.0">
                <teiHeader>
      <fileDesc>
        <titleStmt>
          <title>Speelman, Bort, Hurdt, Van Outhoorn, Camphuys en Bent, 28 dec. 1681</title>
        </titleStmt>
        <publicationStmt>
          <p>
            <date>28 dec. 1681</date>
            <idno type="sourceID">missiven:vol4</idno>
            <idno type="pid">INT_96f30744-f6cb-3891-8c35-20964a1839ea</idno>
          </p>
        </publicationStmt>
        <notesStmt>
          <note/>
        </notesStmt>
        <sourceDesc>
          <listBibl xml:id="inlMetadata">
            <bibl type="missive">
        <interpGrp type="page"><interp>487</interp></interpGrp>
        
      <interpGrp type="titleLevel1"><interp>Speelman, Bort, Hurdt, Van Outhoorn, Camphuys en Bent, 28 dec. 1681</interp></interpGrp>
      <interpGrp type="dateLevel1"><interp>28 dec. 1681</interp></interpGrp>
        <interpGrp type="tocLevel"><interp>1</interp></interpGrp>
      <interpGrp type="volume"><interp>4</interp></interpGrp>
        <interpGrp type="n"><interp>II</interp></interpGrp>
      
      <interpGrp type="witnessYearLevel1_from"><interp>1681</interp></interpGrp>
      <interpGrp type="witnessYearLevel1_to"><interp>1681</interp></interpGrp>
      <interpGrp type="witnessMonthLevel1_to"><interp>12</interp></interpGrp>
      <interpGrp type="witnessMonthLevel1_from"><interp>12</interp></interpGrp>
      <interpGrp type="witnessDayLevel1_to"><interp>28</interp></interpGrp>
      <interpGrp type="witnessDayLevel1_from"><interp>28</interp></interpGrp>
      <interpGrp type="authorLevel1"><interp>Speelman</interp><interp>Bort</interp><interp>Hurdt</interp><interp>Van Outhoorn</interp><interp>Camphuys</interp><interp>Bent</interp></interpGrp>
      <interpGrp type="pid"><interp>INT_96f30744-f6cb-3891-8c35-20964a1839ea</interp></interpGrp>
    </bibl>
          </listBibl>
        </sourceDesc>
      </fileDesc>
    </teiHeader>
                <text xml:id="INT_96f30744-f6cb-3891-8c35-20964a1839ea.TEI.1.text.1">
                  <body xml:id="INT_96f30744-f6cb-3891-8c35-20964a1839ea.TEI.1.text.1.body.1">
                    <div xml:id="INT_96f30744-f6cb-3891-8c35-20964a1839ea.TEI.1.text.1.body.1.div.1">
        
              <pb xml:id="INT_96f30744-f6cb-3891-8c35-20964a1839ea.TEI.1.text.1.body.1.div.1.pb.1" n="487" facs="http://resources.huygens.knaw.nl/retroapp/service_generalemissiven/gm_04/images/gm_4_134_0487.tif"/><fw xml:id="INT_96f30744-f6cb-3891-8c35-20964a1839ea.TEI.1.text.1.body.1.div.1.fw.1" place="top" type="head" facs="#zone.4408145" xmlns="http://www.tei-c.org/ns/1.0">Speelman, Bort, Hurdt, Van Outhoom, Camphuys en Bent II, 28 december 1681</fw><fw xml:id="INT_96f30744-f6cb-3891-8c35-20964a1839ea.TEI.1.text.1.body.1.div.1.fw.2" place="top" type="page-number" facs="#zone.4408160" xmlns="http://www.tei-c.org/ns/1.0">487</fw><head xml:id="INT_96f30744-f6cb-3891-8c35-20964a1839ea.TEI.1.text.1.body.1.div.1.head.1" xml:lang="nl" rend="font-size: 10; text-align: justify; line-height: 12.0pt" xmlns="http://www.tei-c.org/ns/1.0">II. CORNELIS SPEELMAN, BALTHASAR BORT, ANTHONIO HURDT,<lb/> WILLEM VAN OUTHOORN, JOANNES CAMPHUYS EN FREDERIK BENT,<lb/> BATAVIA 28 dec. 1681.<lb/></head><p xml:id="INT_96f30744-f6cb-3891-8c35-20964a1839ea.TEI.1.text.1.body.1.div.1.p.1" xml:lang="nl" rend="font-size: 7.5; text-align: justify; line-height: 12.0pt" xmlns="http://www.tei-c.org/ns/1.0">1252, fol. 45-94.<lb/></p><note xml:id="INT_96f30744-f6cb-3891-8c35-20964a1839ea.TEI.1.text.1.body.1.div.1.note.1" xml:lang="nl" place="inline" type="editorial-summary" resp="editor" rend="font-style: italic; line-height: 11.7pt; text-indent: 23.0pt; text-align: justify; font-size: 9" xmlns="http://www.tei-c.org/ns/1.0">( Vgl. <hi rend="font-size:10; font-family:Liberation Serif" xml:lang="nl">Daghregisters</hi> 1681, p. 716-783; de loaterfiskaal, vgl. ibid. p. 762, bereikt<lb/> eerst 15 dec. de vloot van Van Goens; Speelman s ziekte, vgl. ibid. p. 723, bracht mee-)<lb/></note><p xml:id="INT_96f30744-f6cb-3891-8c35-20964a1839ea.TEI.1.text.1.body.1.div.1.p.2" resp="int_paragraph_joining" rend="">
              - een seer furieuse coorts, die malkanderen ruym 2 etmaalen bijstinden<lb xmlns="http://www.tei-c.org/ns/1.0"/>ende naesmert in sijn rechterbeen lieten blijven, sulx hetselve onder een groote<lb xmlns="http://www.tei-c.org/ns/1.0"/> pijn niet heeft konnen gebruycken, maer genootsaekt geweest, hoewel met een<lb xmlns="http://www.tei-c.org/ns/1.0"/> gesont herdt, drie volle weecken de camer en katel <hi rend="font-size:10; font-family:Liberation Serif; vertical-align:super" xml:lang="nl" xmlns="http://www.tei-c.org/ns/1.0">x)</hi> te bewaeren tot geen kleene<lb xmlns="http://www.tei-c.org/ns/1.0"/> incommoditeyt.<lb xmlns="http://www.tei-c.org/ns/1.0"/>
            </p><p xml:id="INT_96f30744-f6cb-3891-8c35-20964a1839ea.TEI.1.text.1.body.1.div.1.p.3" xml:lang="nl" rend="font-size: 10; text-align: justify; line-height: 12.0pt; text-indent: 23.0pt" xmlns="http://www.tei-c.org/ns/1.0">De punt <hi rend="font-size:10; font-family:Liberation Serif; vertical-align:super" xml:lang="nl">1 2 *),</hi> die de Loeboesen was aanbevoolen, ten aanwesen van s.r Prins<lb/> door den swaren regen quam in te storten.<lb/></p><note xml:id="INT_96f30744-f6cb-3891-8c35-20964a1839ea.TEI.1.text.1.body.1.div.1.note.2" xml:lang="nl" place="inline" type="editorial-summary" resp="editor" rend="font-style: italic; line-height: 11.7pt; text-indent: 23.0pt; text-align: justify; font-size: 9" xmlns="http://www.tei-c.org/ns/1.0">(De t.a.p.p. 727 genoemde Aru Marmvangi is de broeder van Am Kajo, Aru<lb/> Mampu en Aru Teko; vermoedelijk waren vele Boeginese groten tegen het doden<lb/> van Aru Vacqua; noodzaak den weer tot raad-extraordinair bevorderden Cops van<lb/> Makassar te verwijderen wegens zijn ongenoegen mei Radja Palakka; te Makassar — )<lb/></note><p xml:id="INT_96f30744-f6cb-3891-8c35-20964a1839ea.TEI.1.text.1.body.1.div.1.p.4" resp="int_paragraph_joining" rend="">
              - zedert 16 maanden ongeveer 20 000 rijxd.8 aan diverse Bandase en<lb xmlns="http://www.tei-c.org/ns/1.0"/>Ambonse burgers voor haere metgebragte wisselbrieven betaalt, die se meest in<lb xmlns="http://www.tei-c.org/ns/1.0"/> rijs besteet en weder terughgebraght hadden ; leggende nogh ruym 20 Bandase en<lb xmlns="http://www.tei-c.org/ns/1.0"/> Ambonse vaartuygen in ladinge, die met niet minder als 300 lasten eerlange naer<lb xmlns="http://www.tei-c.org/ns/1.0"/> huys te keeren st inden, behalven datter nogh ontrent sooveel voor reeckeningh<lb xmlns="http://www.tei-c.org/ns/1.0"/> van de Comp.e ten behoeve van de oosterprovintiën gereet gehouden wierde<lb xmlns="http://www.tei-c.org/ns/1.0"/><hi rend="font-size:7.5; font-family:Liberation Serif" xml:lang="nl" xmlns="http://www.tei-c.org/ns/1.0">Fol. 50v-61r.</hi><lb xmlns="http://www.tei-c.org/ns/1.0"/>
            </p><note xml:id="INT_96f30744-f6cb-3891-8c35-20964a1839ea.TEI.1.text.1.body.1.div.1.note.3" xml:lang="nl" place="inline" type="editorial-summary" resp="editor" rend="font-style: italic; line-height: 11.1pt; text-indent: 23.0pt; text-align: justify; font-size: 9" xmlns="http://www.tei-c.org/ns/1.0">( Derma Juda, vgl. ibid. p. 749, had <hi rend="font-size:10; font-family:Liberation Serif" xml:lang="nl">-</hi> )<lb/></note><p xml:id="INT_96f30744-f6cb-3891-8c35-20964a1839ea.TEI.1.text.1.body.1.div.1.p.5" resp="int_paragraph_joining" rend="">
              - door sijnen aanhangh almede vrij wat gedaan tot ontrustinge op ’t<lb xmlns="http://www.tei-c.org/ns/1.0"/>eylandt Madure.<lb xmlns="http://www.tei-c.org/ns/1.0"/>
            </p><note xml:id="INT_96f30744-f6cb-3891-8c35-20964a1839ea.TEI.1.text.1.body.1.div.1.note.4" xml:lang="nl" place="inline" type="editorial-summary" resp="editor" rend="font-style: italic; line-height: 11.7pt; text-indent: 23.0pt; text-align: justify; font-size: 9" xmlns="http://www.tei-c.org/ns/1.0">( De Hoge Regering is niet genegen de handel te Bandjarmasin met eigen schepen<lb/> te hervatten, Van Goens zag daar wel voordeel in; in de winst te Palembang van<lb/> f. 100 299. 3, ibid. p. 717, is f. 13 126.4.9 ontstaan door de lage waardebepaling van<lb/> Spaans geld, dus fictief; in J apan kwamen 5 jonken uit Taiwan met lading waard<lb/> 119 150 taël, 2 uit Cambodja, waard 20 765 taël en één uit Siam, waard 7841 taël,<lb/> vgl. <hi rend="font-size:10; font-family:Liberation Serif" xml:lang="nl">Beschrijvinge</hi> II, I, p. 469-470, deels letterlijk gelijk; voor de cabessazijde werd<lb/> 2\, voor de bariga 12 en voor de pee 15 taël minder betaald dan in 1680; Van Schinne<lb/> geeft op, dat <hi rend="font-size:10; font-family:Liberation Serif" xml:lang="nl">-</hi> )<lb/></note><note xml:id="INT_96f30744-f6cb-3891-8c35-20964a1839ea.TEI.1.text.1.body.1.div.1.note.5" xml:lang="nl" rend="font-size: 7.5; text-align: justify; line-height: 9.3pt; margin-left: 2500" xmlns="http://www.tei-c.org/ns/1.0">1) Malayalam kattil: bedstede, ledikant, rustbed.<lb/></note><note xml:id="INT_96f30744-f6cb-3891-8c35-20964a1839ea.TEI.1.text.1.body.1.div.1.note.6" xml:lang="nl" rend="font-size: 7.5; text-align: justify; line-height: 9.3pt; margin-left: 2400" xmlns="http://www.tei-c.org/ns/1.0">2) Van de versterking te Tjenrana; dit wordt gezegd als bewijs van de onbelangrijkheid<lb/></note><note xml:id="INT_96f30744-f6cb-3891-8c35-20964a1839ea.TEI.1.text.1.body.1.div.1.note.7" xml:lang="nl" rend="font-size: 7.5; text-align: justify; line-height: 9.3pt" xmlns="http://www.tei-c.org/ns/1.0">er van.<lb/></note><pb xml:id="INT_96f30744-f6cb-3891-8c35-20964a1839ea.TEI.1.text.1.body.1.div.1.pb.2" n="488" facs="http://resources.huygens.knaw.nl/retroapp/service_generalemissiven/gm_04/images/gm_4_134_0488.tif"/><fw xml:id="INT_96f30744-f6cb-3891-8c35-20964a1839ea.TEI.1.text.1.body.1.div.1.fw.3" place="top" type="page-number" facs="#zone.4410050" xmlns="http://www.tei-c.org/ns/1.0">488</fw><fw xml:id="INT_96f30744-f6cb-3891-8c35-20964a1839ea.TEI.1.text.1.body.1.div.1.fw.4" place="top" type="head" facs="#zone.4410054" xmlns="http://www.tei-c.org/ns/1.0">Spoelman, Bort, Hurdt, Van Outhoom, Camphuys en Bent II, 28 december 1681</fw><p xml:id="INT_96f30744-f6cb-3891-8c35-20964a1839ea.TEI.1.text.1.body.1.div.1.p.6" resp="int_paragraph_joining" rend="">
              - 20 a 30 stx. bloetcoraelen van 15 tot 20 condreyn swaer en sooveel<lb xmlns="http://www.tei-c.org/ns/1.0"/>barnsteene coraelen van 8 tot 10 condreyn swaer, mitsgaders 10 è, 15 agaatsteenen<lb xmlns="http://www.tei-c.org/ns/1.0"/> van de groote als een duyve-ey, als se gladt en onbeschadight waaren, souden nae<lb xmlns="http://www.tei-c.org/ns/1.0"/> ’t seggen van den ottena <hi rend="font-size:10; font-family:Liberation Serif; vertical-align:super" xml:lang="nl" xmlns="http://www.tei-c.org/ns/1.0">1)</hi> en tolcken den Keyser en prince seer aangenaem tot<lb xmlns="http://www.tei-c.org/ns/1.0"/> schenckagie zijn.<lb xmlns="http://www.tei-c.org/ns/1.0"/>
            </p><note xml:id="INT_96f30744-f6cb-3891-8c35-20964a1839ea.TEI.1.text.1.body.1.div.1.note.8" xml:lang="nl" place="inline" type="editorial-summary" resp="editor" rend="font-style: italic; line-height: 11.1pt; text-indent: 22.0pt; text-align: justify; font-size: 10" xmlns="http://www.tei-c.org/ns/1.0">(Mogelijk valt hieraan niet te voldoen , het zou echter zeer gewaardeerd worden.)<lb/></note><p xml:id="INT_96f30744-f6cb-3891-8c35-20964a1839ea.TEI.1.text.1.body.1.div.1.p.7" xml:lang="nl" rend="font-size: 10; text-align: justify; line-height: 11.7pt; text-indent: 22.0pt" xmlns="http://www.tei-c.org/ns/1.0">De heeren <hi rend="font-size:10; font-family:Liberation Serif; vertical-align:super" xml:lang="nl">2)</hi> Kangarsmikamis en Inanoe uyt haere aansien verstooten en<lb/> weghgebannen zijn onder pretext van haere onderdanen te veel beswaart te<lb/> hebben, item den eersten commissaris Oesimiesamma, den Jedosen gouverneur<lb/> Isomo Cumisamma en den gouverneur van Osacka Sumada Asinsamma van haere<lb/> bedieningen gedeporteert, mitsgaders den eerste van de drie boven confiscatie<lb/> van alle zijne goederen, nogh op het verre affgelegen eylant Fatsitsio <hi rend="font-size:10; font-family:Liberation Serif; vertical-align:super" xml:lang="nl">3)</hi> gerelegeert,<lb/> dogh eyndelingh aldaar onthoofft, die door d’onse beklaaght werd, omdat hij<lb/> altoos een goet vrindt van de Comp.e heeft geschenen te sijn. Cawatisamma en<lb/> d’outste zoon van den overleden rijxraadt Jammattasamma wierden mede binnen<lb/> haer huysen gedetineert gehouden niet buyten bedeneken voor den eersten en sijn<lb/> jonger broeder van mede aan den kant te zullen geraeken.<lb/></p><note xml:id="INT_96f30744-f6cb-3891-8c35-20964a1839ea.TEI.1.text.1.body.1.div.1.note.9" xml:lang="nl" place="inline" type="editorial-summary" resp="editor" rend="font-style: italic; line-height: 11.7pt; text-indent: 22.0pt; text-align: justify; font-size: 10" xmlns="http://www.tei-c.org/ns/1.0">(De <hi rend="font-size:10; font-family:Liberation Serif" xml:lang="nl">Daghregisters</hi> 1681, p. 732, genoemde nieuwe gouverneur van Nagasaki<lb/> heet Miaky Kimoetsamma; tegen de aldaar genoemde voorschriften hij brand <hi rend="font-size:10; font-family:Liberation Serif" xml:lang="nl">-</hi> )<lb/></note><p xml:id="INT_96f30744-f6cb-3891-8c35-20964a1839ea.TEI.1.text.1.body.1.div.1.p.8" resp="int_paragraph_joining" rend="">
              - soude den heere van Satsima die dienstbaerh.1 geweygert en geseght<lb xmlns="http://www.tei-c.org/ns/1.0"/>hebben, dat se door geene Japanse Keysers zijne voorouders ooyt waeren opgeleght.<lb xmlns="http://www.tei-c.org/ns/1.0"/><hi rend="font-size:7.5; font-family:Liberation Serif" xml:lang="nl" xmlns="http://www.tei-c.org/ns/1.0">Fol. 64r.</hi><lb xmlns="http://www.tei-c.org/ns/1.0"/>
            </p><note xml:id="INT_96f30744-f6cb-3891-8c35-20964a1839ea.TEI.1.text.1.body.1.div.1.note.10" xml:lang="nl" place="inline" type="editorial-summary" resp="editor" rend="font-style: italic; line-height: 11.7pt; text-indent: 22.0pt; text-align: justify; font-size: 10" xmlns="http://www.tei-c.org/ns/1.0">(De maand ibid. p. 746 r. 5 v.o. is niet juli, maar augustus; vgl. ook <hi rend="font-size:10; font-family:Liberation Serif" xml:lang="nl">Beschrij-</hi><lb/><hi rend="font-size:10; font-family:Liberation Serif" xml:lang="nl">vinge</hi> 11, I, p. 749-750; bij de handel bij Macao, <hi rend="font-size:10; font-family:Liberation Serif" xml:lang="nl">Daghregisters</hi> p. 747 vermeld,<lb/> werden de volgende prijzen gemaakt:)<lb/></note><p xml:id="INT_96f30744-f6cb-3891-8c35-20964a1839ea.TEI.1.text.1.body.1.div.1.p.9" xml:lang="nl" rend="font-size: 10; line-height: 11.7pt; margin-right: 24700; margin-left: 2200" xmlns="http://www.tei-c.org/ns/1.0">de peper 7 <hi rend="font-size:10; font-family:Liberation Serif; font-style:italic" xml:lang="nl">k</hi> 7J t <hi rend="font-size:10; font-family:Liberation Serif; vertical-align:super" xml:lang="nl">4).</hi><lb/>de nagelen 75 è. 80<lb/> loot <hi rend="font-size:10; font-family:Liberation Serif; font-style:italic" xml:lang="nl">4\</hi><lb/></p><p xml:id="INT_96f30744-f6cb-3891-8c35-20964a1839ea.TEI.1.text.1.body.1.div.1.p.10" xml:lang="nl" rend="font-size: 10; line-height: 11.7pt; margin-right: 23100; margin-left: 2200" xmlns="http://www.tei-c.org/ns/1.0">caliateurshout 5 è,<lb/> zandelhout 10<lb/> sappanhout 2 t. ’t picol<lb/></p><p xml:id="INT_96f30744-f6cb-3891-8c35-20964a1839ea.TEI.1.text.1.body.1.div.1.p.11" xml:lang="nl" rend="font-size: 10; line-height: 11.7pt; margin-right: 10100; margin-left: 2200" xmlns="http://www.tei-c.org/ns/1.0">de lakenen sonder onderscheyt van coleuren 3| t. d’el<lb/> en d’croonrassen <hi rend="font-size:10; font-family:Liberation Serif; vertical-align:super" xml:lang="nl">5)</hi> niet meer als 22 t. ’t stuck.<lb/></p><note xml:id="INT_96f30744-f6cb-3891-8c35-20964a1839ea.TEI.1.text.1.body.1.div.1.note.11" xml:lang="nl" rend="font-size: 7.5; line-height: 9.3pt; text-indent: 22.0pt" xmlns="http://www.tei-c.org/ns/1.0">1) Japans otona, wijk- of straatmeester, hier van het deel van Nagasaki, waartoe<lb/> Desjima behoorde.<lb/></note><note xml:id="INT_96f30744-f6cb-3891-8c35-20964a1839ea.TEI.1.text.1.body.1.div.1.note.12" xml:lang="nl" rend="font-size: 7.5; text-align: justify; line-height: 9.3pt; margin-left: 2100" xmlns="http://www.tei-c.org/ns/1.0">2) Vgl. <hi rend="font-size:7.5; font-family:Liberation Serif; font-style:italic" xml:lang="nl">Daghregisters</hi> 1681, p. 731-732, waarop het hier vermelde een aanvulling is.<lb/></note><note xml:id="INT_96f30744-f6cb-3891-8c35-20964a1839ea.TEI.1.text.1.body.1.div.1.note.13" xml:lang="nl" rend="font-size: 7.5; text-align: justify; line-height: 9.3pt; margin-left: 2100" xmlns="http://www.tei-c.org/ns/1.0">3) Fadjidjio Sjima, eiland op ruim 33° N.B. en 139°40' O.L.<lb/></note><note xml:id="INT_96f30744-f6cb-3891-8c35-20964a1839ea.TEI.1.text.1.body.1.div.1.note.14" xml:lang="nl" rend="font-size: 7.5; text-align: justify; line-height: 9.3pt; margin-left: 2100" xmlns="http://www.tei-c.org/ns/1.0">4) Taël.<lb/></note><note xml:id="INT_96f30744-f6cb-3891-8c35-20964a1839ea.TEI.1.text.1.body.1.div.1.note.15" xml:lang="nl" rend="font-size: 7.5; line-height: 9.3pt; text-indent: 21.0pt" xmlns="http://www.tei-c.org/ns/1.0">5) Kroonrassen, de beste soort rassen, d.z. gekeperde wollen of zijden stoffen, zo glad<lb/> geschoren, dat men geen haar ziet.<lb/></note><pb xml:id="INT_96f30744-f6cb-3891-8c35-20964a1839ea.TEI.1.text.1.body.1.div.1.pb.3" n="489" facs="http://resources.huygens.knaw.nl/retroapp/service_generalemissiven/gm_04/images/gm_4_134_0489.tif"/><fw xml:id="INT_96f30744-f6cb-3891-8c35-20964a1839ea.TEI.1.text.1.body.1.div.1.fw.5" place="top" type="head" xml:lang="nl" rend="text-align:justify; line-height:11.1pt" facs="#zone.4412292" xmlns="http://www.tei-c.org/ns/1.0">Speelman, Bort, Hurdt, Van Outhoom, Camphuys en Bent II, 28 december 1681 489</fw><note xml:id="INT_96f30744-f6cb-3891-8c35-20964a1839ea.TEI.1.text.1.body.1.div.1.note.16" xml:lang="nl" place="inline" type="editorial-summary" resp="editor" rend="font-style: italic; line-height: 12.0pt; text-indent: 22.0pt; text-align: justify; font-size: 10" xmlns="http://www.tei-c.org/ns/1.0">(De kopers waren geringe kramers; 207 <hi rend="font-size:10; font-family:Liberation Serif" xml:lang="nl">'ffi</hi> barnsteen kon , zij het met 30% verlies,<lb/> worden verkocht; bij de handel bleek het Nederlandse laken minder te meten, dan was<lb/> opgegeven ) .<lb/></note><p xml:id="INT_96f30744-f6cb-3891-8c35-20964a1839ea.TEI.1.text.1.body.1.div.1.p.12" xml:lang="nl" rend="font-size: 10; text-align: justify; line-height: 11.7pt; text-indent: 22.0pt" xmlns="http://www.tei-c.org/ns/1.0">’t Gunt d’onse seer onstelde, niet om de importantie, maer om de schade aan<lb/> ’t credit, want de onse vaststellen, dat voortaan geene coop.len de laakenen meer<lb/> ongemeten van de Comp.e zoude willen aannemen, schoon op wat wijse zij ’t oock<lb/> getraght hadden te excuseren.<lb/></p><note xml:id="INT_96f30744-f6cb-3891-8c35-20964a1839ea.TEI.1.text.1.body.1.div.1.note.17" xml:lang="nl" place="inline" type="editorial-summary" resp="editor" rend="font-style: italic; line-height: 11.1pt; text-indent: 22.0pt; text-align: justify; font-size: 10" xmlns="http://www.tei-c.org/ns/1.0">(Het betrof een zending uit Zeeland).<lb/></note><p xml:id="INT_96f30744-f6cb-3891-8c35-20964a1839ea.TEI.1.text.1.body.1.div.1.p.13" xml:lang="nl" rend="font-size: 10; text-align: justify; line-height: 11.7pt; text-indent: 22.0pt" xmlns="http://www.tei-c.org/ns/1.0">Zijnde niettemin de waerheyt en dickwils ondervonden, dat de Batavise<lb/> g’eykte elle ongeveer 4 ten hondert langer is als de Nederlantse mate, gelijk de<lb/> winckeliers in ’t uytmeten haerer winckelgoederen best ervaren en ondervinden,<lb/> evenwel meenen wij, dat se met de Amsterdamse elle accordeert off ten minsten<lb/> naest overeenkomt.<lb/></p><note xml:id="INT_96f30744-f6cb-3891-8c35-20964a1839ea.TEI.1.text.1.body.1.div.1.note.18" xml:lang="nl" place="inline" type="editorial-summary" resp="editor" rend="font-style: italic; line-height: 11.7pt; text-indent: 22.0pt; text-align: justify; font-size: 10" xmlns="http://www.tei-c.org/ns/1.0">( Omtrent den t.a.p.p. 7 47 r. 3 v.o. genoemden Simia, van wien <hi rend="font-size:10; font-family:Liberation Serif" xml:lang="nl">Beschrijvinge</hi> II,<lb/> I, p. 750 r. 12 v.o. abusievelijk wordt opgegeven, dat hij de tweede zoon van Pinglamon<lb/> zou zijn, hetgeen ten rechte is tweede persoon, wordt nog vermeld:)<lb/></note><p xml:id="INT_96f30744-f6cb-3891-8c35-20964a1839ea.TEI.1.text.1.body.1.div.1.p.14" resp="int_paragraph_joining" rend="">
              - in Peckin gerughten aan den Keyser overgebraght wesende, dat den<lb xmlns="http://www.tei-c.org/ns/1.0"/>voorsz. Simia en andere onschuldigh ter doot gebragt waeren om uyt haere rijckdommen<lb xmlns="http://www.tei-c.org/ns/1.0"/> te proffiteeren, zoo hadde de Mayesteyt twee lantraden naer Canton affgesonden,<lb xmlns="http://www.tei-c.org/ns/1.0"/> die men seyde, dat ook tot Maccauw te komen stinde, sonder eygentlijck<lb xmlns="http://www.tei-c.org/ns/1.0"/> te weten waerom, als bij gissinge dat het weder om schattinge van de Portugesen<lb xmlns="http://www.tei-c.org/ns/1.0"/> te lighten te doen soude sijn, daer zij ook niet weynigh voor be vreest waeren.<lb xmlns="http://www.tei-c.org/ns/1.0"/>
            </p><p xml:id="INT_96f30744-f6cb-3891-8c35-20964a1839ea.TEI.1.text.1.body.1.div.1.p.15" xml:lang="nl" rend="font-size: 10; text-align: justify; line-height: 11.7pt; text-indent: 22.0pt" xmlns="http://www.tei-c.org/ns/1.0">Hadde Kimsia voor sijn overlijden tot voogden over zijn jongen soon van<lb/> 9 jaeren, met name Siemsia, verkooren Laukokin <hi rend="font-size:10; font-family:Liberation Serif; vertical-align:super" xml:lang="nl">x)</hi> ende Pangho, die meteen de<lb/> regeringh administreert, latende sijn broeder Laxia <hi rend="font-size:10; font-family:Liberation Serif; vertical-align:super" xml:lang="nl">1 2)</hi> buyten eenigh bewint, dogh<lb/> die soude, in gevalle Tayoan door de Tartaren niet wierdt belegert, met een kloecke<lb/> maght door entreprinse sigh trachten meester te maeken van het eylant Ajmam<lb/> off wel, soo andere meynden, van de stadt Maccauw, dat hem veel gemackelijcker<lb/> soude vallen ten opsighte van der Portugesen kleyn vermogen.<lb/></p><note xml:id="INT_96f30744-f6cb-3891-8c35-20964a1839ea.TEI.1.text.1.body.1.div.1.note.19" xml:lang="nl" place="inline" type="editorial-summary" resp="editor" rend="font-style: italic; line-height: 11.1pt; text-indent: 22.0pt; text-align: justify; font-size: 10" xmlns="http://www.tei-c.org/ns/1.0">( De Nederlanders, gevangen op Formosa, kunnen mogelijk vrijgekocht worden -)<lb/></note><p xml:id="INT_96f30744-f6cb-3891-8c35-20964a1839ea.TEI.1.text.1.body.1.div.1.p.16" resp="int_paragraph_joining" rend="">
              - door behulp van seeker vermogend Chinees Josinqua, die groot<lb xmlns="http://www.tei-c.org/ns/1.0"/>credit bij de regenten en tot de onse altoos een goede inclinatie getoont hadde,<lb xmlns="http://www.tei-c.org/ns/1.0"/> mits welken met overlegh van eenige ervare Chineesen, goede bekenden van<lb xmlns="http://www.tei-c.org/ns/1.0"/> Josinqua, is goet gevonden, dat zij daerover vooraff een brieffken aan hem souden<lb xmlns="http://www.tei-c.org/ns/1.0"/> schrijven, daar de onse mede een brieffken aan den Engelsen hoofftresident bij-<lb xmlns="http://www.tei-c.org/ns/1.0"/><note xml:id="INT_96f30744-f6cb-3891-8c35-20964a1839ea.TEI.1.text.1.body.1.div.1.p.16.note.1" xml:lang="nl" rend="font-size: 8; text-align: justify; line-height: 8.9pt; margin-left: 2100" xmlns="http://www.tei-c.org/ns/1.0">1) Laukokin was Kimsia’s vlootbevelhebber.<lb/></note><note xml:id="INT_96f30744-f6cb-3891-8c35-20964a1839ea.TEI.1.text.1.body.1.div.1.p.16.note.2" xml:lang="nl" rend="font-size: 8; text-align: justify; line-height: 8.9pt; margin-left: 2100" xmlns="http://www.tei-c.org/ns/1.0">2) Laxia was met Kimsia in onmin.<lb/></note><pb xml:id="INT_96f30744-f6cb-3891-8c35-20964a1839ea.TEI.1.text.1.body.1.div.1.p.16.pb.1" n="490" facs="http://resources.huygens.knaw.nl/retroapp/service_generalemissiven/gm_04/images/gm_4_134_0490.tif"/><fw xml:id="INT_96f30744-f6cb-3891-8c35-20964a1839ea.TEI.1.text.1.body.1.div.1.p.16.fw.1" place="top" type="page-number" facs="#zone.4417325" xmlns="http://www.tei-c.org/ns/1.0">490</fw><fw xml:id="INT_96f30744-f6cb-3891-8c35-20964a1839ea.TEI.1.text.1.body.1.div.1.p.16.fw.2" place="top" type="head" facs="#zone.4417329" xmlns="http://www.tei-c.org/ns/1.0">Speelman, Bort, Hurdt, Van Outhoorn, Camphuys en Bent II, 28 december 1681</fw>voegden om sijn e. de saeken te recommanderen en te versoeken, dat sijn e. de<lb xmlns="http://www.tei-c.org/ns/1.0"/> penningen, die daertoe moghten requireeren, voor reeq.e van de Comp.e onder<lb xmlns="http://www.tei-c.org/ns/1.0"/> recepisse belieffde te verschieten, welken aangaande aan de gevangenen per missive<lb xmlns="http://www.tei-c.org/ns/1.0"/> mede communicatie is gedaan om haer daemaer te konnen schikken.<lb xmlns="http://www.tei-c.org/ns/1.0"/>
            </p><note xml:id="INT_96f30744-f6cb-3891-8c35-20964a1839ea.TEI.1.text.1.body.1.div.1.note.20" xml:lang="nl" place="inline" type="editorial-summary" resp="editor" rend="font-style: italic; line-height: 11.7pt; text-indent: 22.0pt; text-align: justify; font-size: 9.5" xmlns="http://www.tei-c.org/ns/1.0">( De thee, vermeld <hi rend="font-size:10; font-family:Liberation Serif" xml:lang="nl">Daghregisters</hi> p. 756, kostte 40 taël het picol; de zending van<lb/> contanten uit patria is verhoogd met f. 400 000 in Mexicaanse realen of in haren; in<lb/> Tonkin wordt niets meer voor Japan, maar voor patria muscus en zijde ingekocht;<lb/> Heren <hi rend="font-size:9.5; font-family:Liberation Serif; font-style:italic; letter-spacing:1.0pt" xml:lang="nl">XVII</hi> hebben 23 jan. j.l. gelast,)<lb/></note><p xml:id="INT_96f30744-f6cb-3891-8c35-20964a1839ea.TEI.1.text.1.body.1.div.1.p.17" resp="int_paragraph_joining" rend="">
              - dat geene retourschepen naa den 15en december mogen vertrekken<lb xmlns="http://www.tei-c.org/ns/1.0"/>en dat geene excusen daarontrent sullen werden geadmitteert, zoo moet men<lb xmlns="http://www.tei-c.org/ns/1.0"/> meteen weten en vaststellen, dat den dienst van de Comp.e somwijlen gebrek<lb xmlns="http://www.tei-c.org/ns/1.0"/> daerbij sal komen te lijden, behalven dat alle de ervarenste oostindischvaarders,<lb xmlns="http://www.tei-c.org/ns/1.0"/> die U Ed.® ter zee dienen, eenparigh vaststellen en concluderen zullen, dat het de<lb xmlns="http://www.tei-c.org/ns/1.0"/> alderonbequaamste tijt is den 15en of 20en december van hier te vertrecken, omdat<lb xmlns="http://www.tei-c.org/ns/1.0"/> men het aldermeeste gevaer loopt om den orancaan *) ontrent Mouritius te rencontreren<lb xmlns="http://www.tei-c.org/ns/1.0"/> en als dan tot ontwijkinge van desel ve wat meer zuyd gekoosen werdt,<lb xmlns="http://www.tei-c.org/ns/1.0"/> valt het oock soo heel gemackelijck niet, want tenminsten bejegent men gemenelijck<lb xmlns="http://www.tei-c.org/ns/1.0"/> een swaer en hol water, insonderheyt als de westelijke wint sterck doorwayt,<lb xmlns="http://www.tei-c.org/ns/1.0"/> dat mede geen kleene verlegentheyt kan veroorsaeken, dogh wij sullen met U Ed.8<lb xmlns="http://www.tei-c.org/ns/1.0"/> bevelens te gehoorsamen U Edele Aghtb. minst konnen misdoen.<lb xmlns="http://www.tei-c.org/ns/1.0"/>
            </p><note xml:id="INT_96f30744-f6cb-3891-8c35-20964a1839ea.TEI.1.text.1.body.1.div.1.note.21" xml:lang="nl" place="inline" type="editorial-summary" resp="editor" rend="font-style: italic; line-height: 11.7pt; text-indent: 22.0pt; text-align: justify; font-size: 9.5" xmlns="http://www.tei-c.org/ns/1.0">( Bovendien is hei moeilijk een goede verdeling over de diverse Kamers tot stand<lb/> te brengen en het risico te verdelen; de diepgaandste schepen -23 a 24 voet - kunnen bij<lb/> Texel niet binnenvallen; het Huis te Spyck is op Onrust geheel vernieuwd; Heren<lb/><hi rend="font-size:9.5; font-family:Liberation Serif; font-style:italic; letter-spacing:1.0pt" xml:lang="nl">XVII</hi> gelastten ook met de laatste retourschepen enkel „groove en volumineuse waeren<lb/> te remitteren&quot;; aan de eis aan equipagegoederen dient vooral te worden voldaan; door<lb/> tekort aan scheepstimmerlieden moeten de schepen lang op reparaties wachten; een<lb/> gedeelte van fol. 85v is op folio 189 als extract uit deze brief nogmaals te vinden; het<lb/> bedrag aan wissels, op patria getrokken, is nu opgelopen tot 109 839 rsd ).<lb/></note><note xml:id="INT_96f30744-f6cb-3891-8c35-20964a1839ea.TEI.1.text.1.body.1.div.1.note.22" xml:lang="nl" rend="font-size: 8; text-align: justify; line-height: 8.9pt; text-indent: 22.0pt" xmlns="http://www.tei-c.org/ns/1.0">1) Orkaan.<lb/></note>
            
      </div>
                  </body>
                </text>
              </TEI>