<TEI xml:id="INT_7d4a2745-a987-3797-9895-db75f15f8ed7" xmlns="http://www.tei-c.org/ns/1.0">
                <teiHeader>
      <fileDesc>
        <titleStmt>
          <title>Van Goens, Pit, Overtwater, Van Hoorn en Paviljoen, 16 jan. 1678</title>
        </titleStmt>
        <publicationStmt>
          <p>
            <date>16 jan. 1678</date>
            <idno type="sourceID">missiven:vol4</idno>
            <idno type="pid">INT_7d4a2745-a987-3797-9895-db75f15f8ed7</idno>
          </p>
        </publicationStmt>
        <notesStmt>
          <note/>
        </notesStmt>
        <sourceDesc>
          <listBibl xml:id="inlMetadata">
            <bibl type="missive">
        <interpGrp type="page"><interp>217</interp></interpGrp>
        
      <interpGrp type="titleLevel1"><interp>Van Goens, Pit, Overtwater, Van Hoorn en Paviljoen, 16 jan. 1678</interp></interpGrp>
      <interpGrp type="dateLevel1"><interp>16 jan. 1678</interp></interpGrp>
        <interpGrp type="tocLevel"><interp>1</interp></interpGrp>
      <interpGrp type="volume"><interp>4</interp></interpGrp>
        <interpGrp type="n"><interp>I</interp></interpGrp>
      
      <interpGrp type="witnessYearLevel1_from"><interp>1678</interp></interpGrp>
      <interpGrp type="witnessYearLevel1_to"><interp>1678</interp></interpGrp>
      <interpGrp type="witnessMonthLevel1_to"><interp>1</interp></interpGrp>
      <interpGrp type="witnessMonthLevel1_from"><interp>1</interp></interpGrp>
      <interpGrp type="witnessDayLevel1_to"><interp>16</interp></interpGrp>
      <interpGrp type="witnessDayLevel1_from"><interp>16</interp></interpGrp>
      <interpGrp type="authorLevel1"><interp>Van Goens</interp><interp>Pit</interp><interp>Overtwater</interp><interp>Van Hoorn</interp><interp>Paviljoen</interp></interpGrp>
      <interpGrp type="pid"><interp>INT_7d4a2745-a987-3797-9895-db75f15f8ed7</interp></interpGrp>
    </bibl>
          </listBibl>
        </sourceDesc>
      </fileDesc>
    </teiHeader>
                <text xml:id="INT_7d4a2745-a987-3797-9895-db75f15f8ed7.TEI.1.text.1">
                  <body xml:id="INT_7d4a2745-a987-3797-9895-db75f15f8ed7.TEI.1.text.1.body.1">
                    <div xml:id="INT_7d4a2745-a987-3797-9895-db75f15f8ed7.TEI.1.text.1.body.1.div.1">
        
              <pb xml:id="INT_7d4a2745-a987-3797-9895-db75f15f8ed7.TEI.1.text.1.body.1.div.1.pb.1" n="217" facs="http://resources.huygens.knaw.nl/retroapp/service_generalemissiven/gm_04/images/gm_4_134_0217.tif"/><fw xml:id="INT_7d4a2745-a987-3797-9895-db75f15f8ed7.TEI.1.text.1.body.1.div.1.fw.1" place="top" type="head" facs="#zone.3724786" xmlns="http://www.tei-c.org/ns/1.0">Van Goens, Pit, Overtwater, Van Hoorn en Paviljoen I, 16 januari 1678</fw><fw xml:id="INT_7d4a2745-a987-3797-9895-db75f15f8ed7.TEI.1.text.1.body.1.div.1.fw.2" place="top" type="page-number" facs="#zone.3724801" xmlns="http://www.tei-c.org/ns/1.0">217</fw><head xml:id="INT_7d4a2745-a987-3797-9895-db75f15f8ed7.TEI.1.text.1.body.1.div.1.head.1" xml:lang="nl" rend="font-size: 10; text-align: justify; line-height: 12.0pt" xmlns="http://www.tei-c.org/ns/1.0">I RIJCKLOFF VAN GOENS, LAURENS PIT, PIETER OVERTWATER,<lb/> PIETER VAN HOORN EN ANTHONIO PAVILJOEN, BATAVIA 16 januari<lb/> 1678 *).<lb/></head><p xml:id="INT_7d4a2745-a987-3797-9895-db75f15f8ed7.TEI.1.text.1.body.1.div.1.p.1" xml:lang="nl" rend="font-size: 8.5; text-align: justify; line-height: 12.0pt" xmlns="http://www.tei-c.org/ns/1.0">1212, fol. 386-387.<lb/></p><note xml:id="INT_7d4a2745-a987-3797-9895-db75f15f8ed7.TEI.1.text.1.body.1.div.1.note.1" xml:lang="nl" place="inline" type="editorial-summary" resp="editor" rend="font-style: italic; line-height: 12.0pt; text-indent: 22.0pt; text-align: justify; font-size: 10" xmlns="http://www.tei-c.org/ns/1.0">(Verzonden met het Engelse schip Anna , vgl. <hi rend="font-size:10; font-family:Liberation Serif" xml:lang="nl">Daghregisters</hi> 1677, p. 408-473,<lb/> 1678 , p. 1-33; van Malakka is gezonden <hi rend="font-size:10; font-family:Liberation Serif" xml:lang="nl">-</hi> )<lb/></note><p xml:id="INT_7d4a2745-a987-3797-9895-db75f15f8ed7.TEI.1.text.1.body.1.div.1.p.2" resp="int_paragraph_joining" rend="">
              - met ’t Huys te Spijk, Wimmenum en Marken na Cormandel 813000<lb xmlns="http://www.tei-c.org/ns/1.0"/>gis , met de Beemster na Bengale 135000 gis.; met ’t Wapen van Middelburg,<lb xmlns="http://www.tei-c.org/ns/1.0"/> Schielant en Odijk naar Cheylon 65000 gis. en met deselve drie schepen na Mallabar<lb xmlns="http://www.tei-c.org/ns/1.0"/> 396000 gis., na Souratta 68000 gis. en Persia 61000 gis., alle van ’t Japanse retour<lb xmlns="http://www.tei-c.org/ns/1.0"/> en 500000 thin, etc., tot Malacca daarbij ge voegt.<lb xmlns="http://www.tei-c.org/ns/1.0"/>
            </p><note xml:id="INT_7d4a2745-a987-3797-9895-db75f15f8ed7.TEI.1.text.1.body.1.div.1.note.2" xml:lang="nl" place="inline" type="editorial-summary" resp="editor" rend="font-style: italic; line-height: 11.7pt; text-indent: 22.0pt; text-align: justify; font-size: 10" xmlns="http://www.tei-c.org/ns/1.0">(Al het mogelijke zal worden gedaan om de handel met China te bevorderen; er<lb/> ontbreekt echter voldoende kapitaal daarvoor; flinke rijstvoorraad te Batavia).<lb/></note><p xml:id="INT_7d4a2745-a987-3797-9895-db75f15f8ed7.TEI.1.text.1.body.1.div.1.p.3" xml:lang="nl" rend="font-size: 10; text-align: justify; line-height: 11.7pt; text-indent: 22.0pt" xmlns="http://www.tei-c.org/ns/1.0">Weynige daagen naar het vertrek van de 6 retourscheepen is den Heere<lb/> Generaall Joan Maatsuyker, nadat bevorens langen tijt seer siekel.k en pijnelijk<lb/> gegaan hadde, van de Heere onse Godt besogt en in ’t siekbedde gaan nederleggen.<lb/> Zijnde naar 22 dagen bedlegers van een seer pijnelijk accident Christelijck in den<lb/> Heere gerust ende tot het uytterste toe volcomen bij sijn verstant geweest.<lb/> Hebbende 3 daagen voor sijn overlijden ons de bestieringh der saaken in ’t geheel<lb/> overgegeven.<lb/></p><note xml:id="INT_7d4a2745-a987-3797-9895-db75f15f8ed7.TEI.1.text.1.body.1.div.1.note.3" xml:lang="nl" place="inline" type="editorial-summary" resp="editor" rend="font-style: italic; line-height: 12.0pt; text-indent: 22.0pt; text-align: justify; font-size: 10" xmlns="http://www.tei-c.org/ns/1.0">(Zie verder <hi rend="font-size:10; font-family:Liberation Serif" xml:lang="nl">Daghregisters</hi> 1678, p 7; hoop, dat God gedurende het beleid van<lb/> Van Goens <hi rend="font-size:10; font-family:Liberation Serif" xml:lang="nl">-</hi> )<lb/></note><p xml:id="INT_7d4a2745-a987-3797-9895-db75f15f8ed7.TEI.1.text.1.body.1.div.1.p.4" resp="int_paragraph_joining" rend="">
              - bijsonderlijck om tot troost der participanten den verdruckten in-<lb xmlns="http://www.tei-c.org/ns/1.0"/>landschen handel te doen floreren en weder herstellen,<lb xmlns="http://www.tei-c.org/ns/1.0"/>
            </p><note xml:id="INT_7d4a2745-a987-3797-9895-db75f15f8ed7.TEI.1.text.1.body.1.div.1.note.4" xml:lang="nl" place="inline" type="editorial-summary" resp="editor" rend="font-style: italic; line-height: 11.1pt; text-indent: 22.0pt; text-align: justify; font-size: 10" xmlns="http://www.tei-c.org/ns/1.0">( Optreden van den Sultan van Bantam, vgl <hi rend="font-size:10; font-family:Liberation Serif" xml:lang="nl">Opkomst</hi> VII, p CXVII-CXXIV ).<lb/></note><p xml:id="INT_7d4a2745-a987-3797-9895-db75f15f8ed7.TEI.1.text.1.body.1.div.1.p.5" xml:lang="nl" rend="font-size: 10; text-align: justify; line-height: 12.0pt; text-indent: 22.0pt" xmlns="http://www.tei-c.org/ns/1.0">Waaren wij met de stadt Batavia rontsomme (except aan de zee in ’t noorden)<lb/> onder sijn magt beslooten ende alle de Batavische landeryen in sijn gewelt, sonderdatter<lb/> te lande sonder zijn believen yets naar de stadt konde gebragt werden.<lb/><hi rend="font-size:8.5; font-family:Liberation Serif" xml:lang="nl">Fol. 387r.</hi><lb/></p><note xml:id="INT_7d4a2745-a987-3797-9895-db75f15f8ed7.TEI.1.text.1.body.1.div.1.note.5" xml:lang="nl" place="inline" type="editorial-summary" resp="editor" rend="font-style: italic; line-height: 11.7pt; text-indent: 22.0pt; text-align: justify; font-size: 10" xmlns="http://www.tei-c.org/ns/1.0">(De Noortwyck - vgl. <hi rend="font-size:10; font-family:Liberation Serif" xml:lang="nl">Daghregisters</hi> 1678 <hi rend="font-size:10; font-family:Liberation Serif" xml:lang="nl">,</hi> p. 4-5 - maakte te Mokka 80 a 90%<lb/> winst en verwierf er f 141395 aan ducaten en zilvergeld; omdat de schepen uit pair ia<lb/> ingehuurd waren, moeten ze worden teruggezonden; eigen schepen hadden voordelig in<lb/> het Oosten kunnen worden gebruikt).<lb/></note><note xml:id="INT_7d4a2745-a987-3797-9895-db75f15f8ed7.TEI.1.text.1.body.1.div.1.note.6" xml:lang="nl" rend="font-size: 8.5; text-align: justify; line-height: 9.4pt; text-indent: 22.0pt" xmlns="http://www.tei-c.org/ns/1.0">1) In Nederland is hier bij geschreven : Ontfangen over Engelant den 16 augusti 1678.<lb/></note>
            
      </div>
                  </body>
                </text>
              </TEI>