<TEI xml:id="INT_5a51d712-5fc5-36ce-bb10-71c57913b0bb" xmlns="http://www.tei-c.org/ns/1.0">
                <teiHeader>
      <fileDesc>
        <titleStmt>
          <title>Van Goens, Speelman, Van Outhoorn, Camphuys en Pits, 3 aug. 1678</title>
        </titleStmt>
        <publicationStmt>
          <p>
            <date>3 aug. 1678</date>
            <idno type="sourceID">missiven:vol4</idno>
            <idno type="pid">INT_5a51d712-5fc5-36ce-bb10-71c57913b0bb</idno>
          </p>
        </publicationStmt>
        <notesStmt>
          <note/>
        </notesStmt>
        <sourceDesc>
          <listBibl xml:id="inlMetadata">
            <bibl type="missive">
        <interpGrp type="page"><interp>239</interp></interpGrp>
        
      <interpGrp type="titleLevel1"><interp>Van Goens, Speelman, Van Outhoorn, Camphuys en Pits, 3 aug. 1678</interp></interpGrp>
      <interpGrp type="dateLevel1"><interp>3 aug. 1678</interp></interpGrp>
        <interpGrp type="tocLevel"><interp>1</interp></interpGrp>
      <interpGrp type="volume"><interp>4</interp></interpGrp>
        <interpGrp type="n"><interp>IV</interp></interpGrp>
      
      <interpGrp type="witnessYearLevel1_from"><interp>1678</interp></interpGrp>
      <interpGrp type="witnessYearLevel1_to"><interp>1678</interp></interpGrp>
      <interpGrp type="witnessMonthLevel1_to"><interp>8</interp></interpGrp>
      <interpGrp type="witnessMonthLevel1_from"><interp>8</interp></interpGrp>
      <interpGrp type="witnessDayLevel1_to"><interp>3</interp></interpGrp>
      <interpGrp type="witnessDayLevel1_from"><interp>3</interp></interpGrp>
      <interpGrp type="authorLevel1"><interp>Van Goens</interp><interp>Speelman</interp><interp>Van Outhoorn</interp><interp>Camphuys</interp><interp>Pits</interp></interpGrp>
      <interpGrp type="pid"><interp>INT_5a51d712-5fc5-36ce-bb10-71c57913b0bb</interp></interpGrp>
    </bibl>
          </listBibl>
        </sourceDesc>
      </fileDesc>
    </teiHeader>
                <text xml:id="INT_5a51d712-5fc5-36ce-bb10-71c57913b0bb.TEI.1.text.1">
                  <body xml:id="INT_5a51d712-5fc5-36ce-bb10-71c57913b0bb.TEI.1.text.1.body.1">
                    <div xml:id="INT_5a51d712-5fc5-36ce-bb10-71c57913b0bb.TEI.1.text.1.body.1.div.1">
        
              <pb xml:id="INT_5a51d712-5fc5-36ce-bb10-71c57913b0bb.TEI.1.text.1.body.1.div.1.pb.1" n="239" facs="http://resources.huygens.knaw.nl/retroapp/service_generalemissiven/gm_04/images/gm_4_134_0239.tif"/><fw xml:id="INT_5a51d712-5fc5-36ce-bb10-71c57913b0bb.TEI.1.text.1.body.1.div.1.fw.1" place="top" type="head" facs="#zone.3779054" xmlns="http://www.tei-c.org/ns/1.0">Van Goens, Speelman, Van Outhoom, Camphuys en Pits IV, 3 augustus 1678</fw><fw xml:id="INT_5a51d712-5fc5-36ce-bb10-71c57913b0bb.TEI.1.text.1.body.1.div.1.fw.2" place="top" type="page-number" facs="#zone.3779069" xmlns="http://www.tei-c.org/ns/1.0">239</fw><head xml:id="INT_5a51d712-5fc5-36ce-bb10-71c57913b0bb.TEI.1.text.1.body.1.div.1.head.1" xml:lang="nl" rend="font-size: 10; text-align: justify; line-height: 12.0pt" xmlns="http://www.tei-c.org/ns/1.0">IV. RYCKLOFF VAN GOENS, CORNELIS SPEELMAN, WILLEM VAN<lb/> OUTHOORN, JOANNES CAMPHUYS EN JACOB PITS, BATAVIA 3 augustus<lb/> 1678.<lb/></head><p xml:id="INT_5a51d712-5fc5-36ce-bb10-71c57913b0bb.TEI.1.text.1.body.1.div.1.p.1" xml:lang="nl" rend="font-size: 8.5; text-align: justify; line-height: 12.0pt" xmlns="http://www.tei-c.org/ns/1.0">1212, fol. 699-706, copie 1220, fol. 96-109 *).<lb/></p><note xml:id="INT_5a51d712-5fc5-36ce-bb10-71c57913b0bb.TEI.1.text.1.body.1.div.1.note.1" xml:lang="nl" place="inline" type="editorial-summary" resp="editor" rend="font-style: italic; line-height: 11.7pt; text-indent: 22.0pt; text-align: justify; font-size: 9" xmlns="http://www.tei-c.org/ns/1.0">(Vgl. <hi rend="font-size:10; font-family:Liberation Serif" xml:lang="nl">Daghregisters</hi> 1678, p. 189-421; het huurschip St. Andries kwam in<lb/> slechte staat uit patria te Batavia en wordX op Onrust gerepareerd; grote sterfte op<lb/> Temate; de Koning veroverde Siau, <hi rend="font-size:10; font-family:Liberation Serif" xml:lang="nl">-</hi> )<lb/></note><p xml:id="INT_5a51d712-5fc5-36ce-bb10-71c57913b0bb.TEI.1.text.1.body.1.div.1.p.2" resp="int_paragraph_joining" rend="">
              - waervan hen veele menschen tot het gereformeerde Christendom<lb xmlns="http://www.tei-c.org/ns/1.0"/>hadden begeven, sommige de Machometaense ende heydense en andere de Moorse <hi rend="font-size:10; font-family:Liberation Serif; vertical-align:super" xml:lang="nl" xmlns="http://www.tei-c.org/ns/1.0">1 2)</hi><lb xmlns="http://www.tei-c.org/ns/1.0"/>religiën verworpen hebbende.<lb xmlns="http://www.tei-c.org/ns/1.0"/>
            </p><note xml:id="INT_5a51d712-5fc5-36ce-bb10-71c57913b0bb.TEI.1.text.1.body.1.div.1.note.2" xml:lang="nl" place="inline" type="editorial-summary" resp="editor" rend="font-style: italic; line-height: 11.7pt; text-indent: 22.0pt; text-align: justify; font-size: 9" xmlns="http://www.tei-c.org/ns/1.0">( De contanten uit Europa worden naar Coromandel gezonden; gewapend optreden<lb/> in Mataram noodzakelijker dan tegen Bantam; Speelman zou graag daarvoor gebruikt<lb/> zijn, maar kan als Directeur-Generaal niet van Batavia gemist worden; gegevens over<lb/> Java, vgl. <hi rend="font-size:10; font-family:Liberation Serif" xml:lang="nl">Opkomst</hi> VII, p. LVII-LXV; het werd aan Aru Palakka overgelaten te<lb/> beslissen, of hij met zijn troepen mee naar Java wil komen; er is te Batavia evenmin als<lb/> bij de Engelsen te Bantam peper in voorraad; een geschikte commissaris voor Coromandel<lb/> is niet aanwezig).<lb/></note><p xml:id="INT_5a51d712-5fc5-36ce-bb10-71c57913b0bb.TEI.1.text.1.body.1.div.1.p.3" xml:lang="nl" rend="font-size: 10; text-align: justify; line-height: 11.7pt; text-indent: 22.0pt" xmlns="http://www.tei-c.org/ns/1.0">Echter hebben wij soodanige ordre bij geschrifte derwaerts gestelt, dat ’t wel<lb/> voor een seer goede visite sal moogen passeren. Sijnde de onkosten niet alleen seer<lb/> merckelijck besnoeyt, maer sullen daerenbooven ontrent J part van de pennisten,<lb/> die daer te veel zijn, moeten opkoomen, ’twelck de lasten van de Chormandelse<lb/> comptoiren seer sal verminderen.<lb/></p><note xml:id="INT_5a51d712-5fc5-36ce-bb10-71c57913b0bb.TEI.1.text.1.body.1.div.1.note.3" xml:lang="nl" place="inline" type="editorial-summary" resp="editor" rend="font-style: italic; line-height: 11.7pt; text-indent: 22.0pt; text-align: justify; font-size: 9" xmlns="http://www.tei-c.org/ns/1.0">(Dergelijke projecten worden voor de andere vestigingen opgemaakt; door het<lb/> sluiten van de vrede neemt de areca- en textielhandel in Zuid-India toe; de fortificatie<lb/> op Ceylon is gereed; verzoek aan Heren XVII daar geen veranderingen in te voeren, voor<lb/> de Hoge Regering daarover in nov. zal geadviseerd hebben; enkele galjoots aangevraagd<lb/> voor het overbrengen van tussentijdse adviezen van en naar patria; voorlopig zal<lb/> Batavia bezwaard blijven met wegens overbodigheid van elders opgeroepen personeel;<lb/> overwogen, of <hi rend="font-size:10; font-family:Liberation Serif" xml:lang="nl">-</hi> )<lb/></note><p xml:id="INT_5a51d712-5fc5-36ce-bb10-71c57913b0bb.TEI.1.text.1.body.1.div.1.p.4" resp="int_paragraph_joining" rend="">
              - haar gagie ten minsten soo lange sal stilstaan, totdat de Comp.e haar<lb xmlns="http://www.tei-c.org/ns/1.0"/>dienst weder mogt nodigh hebben, namentl. uyt diegene, die bequaam zijn en<lb xmlns="http://www.tei-c.org/ns/1.0"/> anders geen.<lb xmlns="http://www.tei-c.org/ns/1.0"/>
            </p><note xml:id="INT_5a51d712-5fc5-36ce-bb10-71c57913b0bb.TEI.1.text.1.body.1.div.1.note.4" xml:lang="nl" place="inline" type="editorial-summary" resp="editor" rend="font-style: italic; line-height: 10.0pt; text-indent: 22.0pt; text-align: justify; font-size: 9" xmlns="http://www.tei-c.org/ns/1.0">(Velen onbekwamen zijn reeds ontslagen of in de militie opgenomen).<lb/></note><p xml:id="INT_5a51d712-5fc5-36ce-bb10-71c57913b0bb.TEI.1.text.1.body.1.div.1.p.5" xml:lang="nl" rend="font-size: 10; text-align: justify; line-height: 11.7pt; text-indent: 22.0pt" xmlns="http://www.tei-c.org/ns/1.0">Soo hebben wij oock de burgervaart al soodanigh besnoeyt, dat deselve<lb/> U Ed.8 staat niet sullen beschadigen in soodanigen handel, daar se U Ed.e beschadigen<lb/> kan.<lb/></p><note xml:id="INT_5a51d712-5fc5-36ce-bb10-71c57913b0bb.TEI.1.text.1.body.1.div.1.note.5" xml:lang="nl" rend="font-size: 8.5; text-align: justify; line-height: 9.4pt; margin-left: 2300" xmlns="http://www.tei-c.org/ns/1.0">1) Met enige Engelse schepen uit Bantam verzonden.<lb/></note><note xml:id="INT_5a51d712-5fc5-36ce-bb10-71c57913b0bb.TEI.1.text.1.body.1.div.1.note.6" xml:lang="nl" rend="font-size: 8.5; text-align: justify; line-height: 9.4pt; margin-left: 2200" xmlns="http://www.tei-c.org/ns/1.0">2) Dit is een verschrijving voor: Roomse.<lb/></note><pb xml:id="INT_5a51d712-5fc5-36ce-bb10-71c57913b0bb.TEI.1.text.1.body.1.div.1.pb.2" n="240" facs="http://resources.huygens.knaw.nl/retroapp/service_generalemissiven/gm_04/images/gm_4_134_0240.tif"/><fw xml:id="INT_5a51d712-5fc5-36ce-bb10-71c57913b0bb.TEI.1.text.1.body.1.div.1.fw.3" place="top" type="page-number" facs="#zone.3783106" xmlns="http://www.tei-c.org/ns/1.0">240</fw><fw xml:id="INT_5a51d712-5fc5-36ce-bb10-71c57913b0bb.TEI.1.text.1.body.1.div.1.fw.4" place="top" type="head" facs="#zone.3783117" xmlns="http://www.tei-c.org/ns/1.0">Van Goens, Speelman, Van Outhoorn, Camphuys en Pits IV, 3 augustus 1678</fw><p xml:id="INT_5a51d712-5fc5-36ce-bb10-71c57913b0bb.TEI.1.text.1.body.1.div.1.p.6" xml:lang="nl" rend="font-size: 10; text-align: justify; line-height: 12.3pt; text-indent: 22.0pt" xmlns="http://www.tei-c.org/ns/1.0">De passé van Portonovo op Malacca en Atchin hebben wij reets verbooden,<lb/> soomede van de burgervaart van Malacca na de ooster- en andere quartieren.<lb/><hi rend="font-size:8.5; font-family:Liberation Serif" xml:lang="nl">Fol. 704v-705r.</hi><lb/></p><note xml:id="INT_5a51d712-5fc5-36ce-bb10-71c57913b0bb.TEI.1.text.1.body.1.div.1.note.7" xml:lang="nl" place="inline" type="editorial-summary" resp="editor" rend="font-style: italic; line-height: 12.0pt; text-indent: 22.0pt; text-align: justify; font-size: 9.5" xmlns="http://www.tei-c.org/ns/1.0">(Daar Van Outhoorn werk genoeg heeft als president van de Raad van Justitie,<lb/> is alleen Camphuys beschikbaar als helper van Gouverneur -Generaal en Directeur -<lb/> Generaal; Pits staat op vertrek).<lb/></note><p xml:id="INT_5a51d712-5fc5-36ce-bb10-71c57913b0bb.TEI.1.text.1.body.1.div.1.p.7" xml:lang="nl" rend="font-size: 10; text-align: justify; line-height: 11.7pt; text-indent: 22.0pt" xmlns="http://www.tei-c.org/ns/1.0">Nu sitten wij alhier belast met de vier huurschepen S.1 Andries, Jonas, Juff.r<lb/> Maria en Geele Beer, die wij alleen met salpeter, sappanhout en peper sullen konnen<lb/> oversenden en off dit nu soo swaare vragtgelden sal konnen opbrengen, konnen wij<lb/> geensints geloven en soo ons (onder U Ed.e goedertieren correctie) geoorloft is<lb/> eenige vrijheyt te gebruycken, soo souden wij oordeelen, dat de huurschepen seer<lb/> schadelijck zijn ende datter aan het overblijven van U Ed.e kostelijke retourschepen<lb/> merckelijcke intrest geleden wert en dienvolgens de huurschepen liever konde<lb/> werden geëxcuseert, al waart, datter aan de eysch in de groote waaren als masten,<lb/> smeekoolen, provisie en andere al te minder soude overkomen.<lb/></p><note xml:id="INT_5a51d712-5fc5-36ce-bb10-71c57913b0bb.TEI.1.text.1.body.1.div.1.note.8" xml:lang="nl" place="inline" type="editorial-summary" resp="editor" rend="font-style: italic; line-height: 10.5pt; text-indent: 22.0pt; text-align: justify; font-size: 9.5" xmlns="http://www.tei-c.org/ns/1.0">(Compagnies eigen schepen kwamen soms wantoden uit patria).<lb/></note>
            
      </div>
                  </body>
                </text>
              </TEI>