<TEI xml:id="INT_7db335de-62ed-31e0-8f7e-fc47bf813435" xmlns="http://www.tei-c.org/ns/1.0">
                <teiHeader>
      <fileDesc>
        <titleStmt>
          <title>Van Goens, Speelman, Bort, Hurdt, Van Outhoorn, Camphuys en Bent, 31 dec. 1680</title>
        </titleStmt>
        <publicationStmt>
          <p>
            <date>31 dec. 1680</date>
            <idno type="sourceID">missiven:vol4</idno>
            <idno type="pid">INT_7db335de-62ed-31e0-8f7e-fc47bf813435</idno>
          </p>
        </publicationStmt>
        <notesStmt>
          <note/>
        </notesStmt>
        <sourceDesc>
          <listBibl xml:id="inlMetadata">
            <bibl type="missive">
        <interpGrp type="page"><interp>423</interp></interpGrp>
        
      <interpGrp type="titleLevel1"><interp>Van Goens, Speelman, Bort, Hurdt, Van Outhoorn, Camphuys en Bent, 31 dec. 1680</interp></interpGrp>
      <interpGrp type="dateLevel1"><interp>31 dec. 1680</interp></interpGrp>
        <interpGrp type="tocLevel"><interp>1</interp></interpGrp>
      <interpGrp type="volume"><interp>4</interp></interpGrp>
        <interpGrp type="n"><interp>XVI</interp></interpGrp>
      
      <interpGrp type="witnessYearLevel1_from"><interp>1680</interp></interpGrp>
      <interpGrp type="witnessYearLevel1_to"><interp>1680</interp></interpGrp>
      <interpGrp type="witnessMonthLevel1_to"><interp>12</interp></interpGrp>
      <interpGrp type="witnessMonthLevel1_from"><interp>12</interp></interpGrp>
      <interpGrp type="witnessDayLevel1_to"><interp>31</interp></interpGrp>
      <interpGrp type="witnessDayLevel1_from"><interp>31</interp></interpGrp>
      <interpGrp type="authorLevel1"><interp>Van Goens</interp><interp>Speelman</interp><interp>Bort</interp><interp>Hurdt</interp><interp>Van Outhoorn</interp><interp>Camphuys</interp><interp>Bent</interp></interpGrp>
      <interpGrp type="pid"><interp>INT_7db335de-62ed-31e0-8f7e-fc47bf813435</interp></interpGrp>
    </bibl>
          </listBibl>
        </sourceDesc>
      </fileDesc>
    </teiHeader>
                <text xml:id="INT_7db335de-62ed-31e0-8f7e-fc47bf813435.TEI.1.text.1">
                  <body xml:id="INT_7db335de-62ed-31e0-8f7e-fc47bf813435.TEI.1.text.1.body.1">
                    <div xml:id="INT_7db335de-62ed-31e0-8f7e-fc47bf813435.TEI.1.text.1.body.1.div.1">
        
              <pb xml:id="INT_7db335de-62ed-31e0-8f7e-fc47bf813435.TEI.1.text.1.body.1.div.1.pb.1" n="423" facs="http://resources.huygens.knaw.nl/retroapp/service_generalemissiven/gm_04/images/gm_4_134_0423.tif"/><fw xml:id="INT_7db335de-62ed-31e0-8f7e-fc47bf813435.TEI.1.text.1.body.1.div.1.fw.1" place="top" type="head" facs="#zone.4248846" xmlns="http://www.tei-c.org/ns/1.0">Van Goens, Spoelman, Bort, Hurdt, Van Outhoora, enz. XVI, 31 december 1680</fw><fw xml:id="INT_7db335de-62ed-31e0-8f7e-fc47bf813435.TEI.1.text.1.body.1.div.1.fw.2" place="top" type="page-number" facs="#zone.4248861" xmlns="http://www.tei-c.org/ns/1.0">423</fw><head xml:id="INT_7db335de-62ed-31e0-8f7e-fc47bf813435.TEI.1.text.1.body.1.div.1.head.1" xml:lang="nl" rend="font-size: 10; text-align: justify; line-height: 11.7pt" xmlns="http://www.tei-c.org/ns/1.0">XVI. RYCKLOFF VAN GOENS, CORNELIS SPEELMAN, BALTHASAR<lb/> BORT, ANTHONIO HURDT, WILLEM VAN OUTHOORN, JOANNES<lb/> CAMPHUYS EN FREDERIK BENT, BATAVIA 31 dec. 1680 *)<lb/></head><p xml:id="INT_7db335de-62ed-31e0-8f7e-fc47bf813435.TEI.1.text.1.body.1.div.1.p.1" xml:lang="nl" rend="font-size: 8; text-align: justify; line-height: 8.9pt" xmlns="http://www.tei-c.org/ns/1.0">1241, fol. 579-627A.<lb/></p><note xml:id="INT_7db335de-62ed-31e0-8f7e-fc47bf813435.TEI.1.text.1.body.1.div.1.note.1" xml:lang="nl" place="inline" type="editorial-summary" resp="editor" rend="font-style: italic; line-height: 11.7pt; text-indent: 24.0pt; text-align: justify; font-size: 9" xmlns="http://www.tei-c.org/ns/1.0">( Vgl. <hi rend="font-size:10; font-family:Liberation Serif" xml:lang="nl">Daghregisters</hi> 1680, p. 782-856 ; ter kust van Malabar is een jacht tegen<lb/> het stuiken nodig; de Koning van Cochin is weinig genegen het bestand met den<lb/> Samorijn voor 3 jaar te verlengen; er is daar 700 000 peper in voorraad; men<lb/> moest in Perzic, vgl. ibid. p. 809, voor f. 608 132 zijde afnemen; de kwaliteit is<lb/> zeer goed).<lb/></note><p xml:id="INT_7db335de-62ed-31e0-8f7e-fc47bf813435.TEI.1.text.1.body.1.div.1.p.2" xml:lang="nl" rend="font-size: 10; text-align: justify; line-height: 11.7pt; text-indent: 24.0pt" xmlns="http://www.tei-c.org/ns/1.0">Meynende den directeur en raadt, geen redres tot herstellinge in dat rijck<lb/> scheen off ware te verwaghten dan door wapenen off andere violente middelen<lb/> om de Persianen tot redelijckheyt te constringeren, ’twelck als veel voeten in<lb/> d’aarde hebbende, zoo zullen wij ons nader daerop beraden.<lb/></p><note xml:id="INT_7db335de-62ed-31e0-8f7e-fc47bf813435.TEI.1.text.1.body.1.div.1.note.2" xml:lang="nl" place="inline" type="editorial-summary" resp="editor" rend="font-style: italic; line-height: 11.7pt; text-indent: 24.0pt; text-align: justify; font-size: 9" xmlns="http://www.tei-c.org/ns/1.0">( De waren van de Compagnie zijn er goed verkocht; de jonge Sultan van Bantam<lb/> heeft het laten kruisen van zijn vaartuigen weer gestaakt ; vgl. voor Japan <hi rend="font-size:10; font-family:Liberation Serif" xml:lang="nl">Beschrijvinge</hi><lb/>11,1, p. 467-468; betreurd, dat er niet meer Bengaalse zijde beschikbaar was; men<lb/> kon kóbans van de gouverneurs van Nagasaki lenen).<lb/></note><p xml:id="INT_7db335de-62ed-31e0-8f7e-fc47bf813435.TEI.1.text.1.body.1.div.1.p.3" xml:lang="nl" rend="font-size: 10; text-align: justify; line-height: 11.7pt; text-indent: 24.0pt" xmlns="http://www.tei-c.org/ns/1.0">Den eenen Nangasackisen gouvern.r Mangocrodonne was van dat gouvernement<lb/> op eygen versoeck ontslagen en een ander kaal edelman, gen.1 <hi rend="font-size:10; font-family:Liberation Serif; vertical-align:super" xml:lang="nl">2 3 4</hi> Ginsemon<lb/> Cauwagoets <hi rend="font-size:10; font-family:Liberation Serif; vertical-align:super" xml:lang="nl">2),</hi> dogh van veel hoger extractie en hoogmoediger inborst als den<lb/> anderen gouverneur Tsjouzeymondonne <hi rend="font-size:10; font-family:Liberation Serif; vertical-align:super" xml:lang="nl">8),</hi> hem gesuccedeert.<lb/></p><note xml:id="INT_7db335de-62ed-31e0-8f7e-fc47bf813435.TEI.1.text.1.body.1.div.1.note.3" xml:lang="nl" place="inline" type="editorial-summary" resp="editor" rend="font-style: italic; line-height: 11.7pt; text-indent: 24.0pt; text-align: justify; font-size: 9" xmlns="http://www.tei-c.org/ns/1.0">(Op de door Heren XVII gewenste kwaliteit van het ingekochte porcelein is<lb/> goed gelet; gegevens Java's Oostkust, af gedrukt <hi rend="font-size:10; font-family:Liberation Serif" xml:lang="nl">Opkomst</hi> VII, p. 58-60).<lb/></note><p xml:id="INT_7db335de-62ed-31e0-8f7e-fc47bf813435.TEI.1.text.1.body.1.div.1.p.4" xml:lang="nl" rend="font-size: 10; text-align: justify; line-height: 11.7pt; text-indent: 24.0pt" xmlns="http://www.tei-c.org/ns/1.0">Aan de revier van Carwangh <hi rend="font-size:10; font-family:Liberation Serif; vertical-align:super" xml:lang="nl">4)</hi> dagen onse Javaanse hooffden alweder over<lb/> de Balyers, die daar nu zedert 2 &amp; 3 jaren hebben huysgehouden en zig al twee<lb/> malen voor de Comp.ie gesubmitteert en zullen wij daerin t’zijner tijt moeten<lb/> voorsien.<lb/></p><note xml:id="INT_7db335de-62ed-31e0-8f7e-fc47bf813435.TEI.1.text.1.body.1.div.1.note.4" xml:lang="nl" place="inline" type="editorial-summary" resp="editor" rend="font-style: italic; line-height: 12.0pt; text-indent: 24.0pt; text-align: justify; font-size: 9" xmlns="http://www.tei-c.org/ns/1.0">(Drie schepen en een jachtje voor verder gebruik af gekeurd; de rondhouten<lb/> zullen weer gebruikt worden, <hi rend="font-size:10; font-family:Liberation Serif" xml:lang="nl">-</hi> )<lb/></note><p xml:id="INT_7db335de-62ed-31e0-8f7e-fc47bf813435.TEI.1.text.1.body.1.div.1.p.5" resp="int_paragraph_joining" rend="">
              - want wij moeten door gebreck van masten als andere ronthouten<lb xmlns="http://www.tei-c.org/ns/1.0"/>verscheyde schepen te deser rheede onvaerbaar laten leggen en, als’er een sal<lb xmlns="http://www.tei-c.org/ns/1.0"/> t’zeyl gaan, de materialen van de andere af f nemen, dat bij continuatie voor den<lb xmlns="http://www.tei-c.org/ns/1.0"/>
            </p><p xml:id="INT_7db335de-62ed-31e0-8f7e-fc47bf813435.TEI.1.text.1.body.1.div.1.p.6" xml:lang="nl" rend="font-size: 8; line-height: 9.3pt; text-indent: 25.0pt" xmlns="http://www.tei-c.org/ns/1.0">1) Bij de datum en de ondertekeningen staat bijgeschreven : doch wij zijn heden 4 januari<lb/> 1681.<lb/></p><p xml:id="INT_7db335de-62ed-31e0-8f7e-fc47bf813435.TEI.1.text.1.body.1.div.1.p.7" xml:lang="nl" rend="font-size: 8; line-height: 9.3pt; text-indent: 25.0pt" xmlns="http://www.tei-c.org/ns/1.0">2) Hij wordt <hi rend="font-size:8; font-family:Liberation Serif; font-style:italic" xml:lang="nl">Beschrijvinge</hi> II, I, p. 659 onder de naam Kauwkoets Ginschymondonne<lb/> nog in 1684 als gouverneur genoemd.<lb/></p><p xml:id="INT_7db335de-62ed-31e0-8f7e-fc47bf813435.TEI.1.text.1.body.1.div.1.p.8" resp="int_paragraph_joining" rend="">
              3) In <hi rend="font-size:8; font-family:Liberation Serif; font-style:italic" xml:lang="nl" xmlns="http://www.tei-c.org/ns/1.0">Beschrijvinge</hi> II, I, p. 652 wordt hij vermeld als nieuw optredend gouverneur<lb xmlns="http://www.tei-c.org/ns/1.0"/> onder de naam Matsendeiro Jojeimonsamma.<lb xmlns="http://www.tei-c.org/ns/1.0"/>4) Bedoeld is Krawang, dus de Tjitarum.<lb xmlns="http://www.tei-c.org/ns/1.0"/><pb xml:id="INT_7db335de-62ed-31e0-8f7e-fc47bf813435.TEI.1.text.1.body.1.div.1.p.8.pb.1" n="424" facs="http://resources.huygens.knaw.nl/retroapp/service_generalemissiven/gm_04/images/gm_4_134_0424.tif"/><fw xml:id="INT_7db335de-62ed-31e0-8f7e-fc47bf813435.TEI.1.text.1.body.1.div.1.p.8.fw.1" place="top" type="page-number" facs="#zone.4250795" xmlns="http://www.tei-c.org/ns/1.0">424</fw><fw xml:id="INT_7db335de-62ed-31e0-8f7e-fc47bf813435.TEI.1.text.1.body.1.div.1.p.8.fw.2" place="top" type="head" facs="#zone.4250799" xmlns="http://www.tei-c.org/ns/1.0">Van Goens, Speelman, Bort, Hurdt, Van Outhoorn, enz. XVI, 31 december 1680</fw>dienst van de Comp.le niet zoodanigh dan tot haar grootste schade sal te stellen<lb xmlns="http://www.tei-c.org/ns/1.0"/> zijn.<lb xmlns="http://www.tei-c.org/ns/1.0"/>
            </p><note xml:id="INT_7db335de-62ed-31e0-8f7e-fc47bf813435.TEI.1.text.1.body.1.div.1.note.5" xml:lang="nl" place="inline" type="editorial-summary" resp="editor" rend="font-size: 9; font-style: italic; text-align: right; line-height: 10.0pt" xmlns="http://www.tei-c.org/ns/1.0">(Dringend om dgl. materiaal verzocht , zo ook om boter en andere proviand).<lb/></note><p xml:id="INT_7db335de-62ed-31e0-8f7e-fc47bf813435.TEI.1.text.1.body.1.div.1.p.9" xml:lang="nl" rend="font-size: 10; text-align: justify; line-height: 11.7pt; text-indent: 22.0pt" xmlns="http://www.tei-c.org/ns/1.0">Den jongen Bantamsen Coninck schijnt alsnoch zeer te ijveren in het maken<lb/> van een nieuwe fortres <hi rend="font-size:10; font-family:Liberation Serif; vertical-align:super" xml:lang="nl">x),</hi> zoo men voorgeeft tot zijn eygen versekeringe, leggende<lb/> een goet stuck weegs agter zijn palleys na de landtzijde.<lb/></p><note xml:id="INT_7db335de-62ed-31e0-8f7e-fc47bf813435.TEI.1.text.1.body.1.div.1.note.6" xml:lang="nl" place="inline" type="editorial-summary" resp="editor" rend="font-style: italic; line-height: 11.7pt; text-indent: 22.0pt; text-align: justify; font-size: 9" xmlns="http://www.tei-c.org/ns/1.0">(Er is daar overvloed aan textiel , o.a. omdat de Compagnie verbood dat naar<lb/> Mataram te vervoeren, zulks op grond van het contract met den Susuhunan; voordeel<lb/> verwacht van de rust, uxmrin China nu onder de Tataren staat; in Bengalen konden<lb/> alle opgenomen géiden worden terugbetaald, daar er weinig te verkopen valt, heeft de<lb/> V.O.C. er steeds contanten nodig; de amfioenprijs is zeer hoog; de Aardenburg en de<lb/> Berkmeer vertrokken met lading van f. 55 456, vnl. salpeter en amfioen, van Bengalen<lb/> naar Ceylon, ze moeten o.a. areca, chancos en - voor schenkages - vier olifanten<lb/> terugbrengen; de retourschepen brengen vnl. Perzische zijde , <hi rend="font-size:9; font-family:Liberation Serif; font-weight:bold; letter-spacing:0.5pt" xml:lang="nl">/.</hi> 524 178, kruidnagelen,<lb/> f. 115 500, en peper, f. 114 188, over).<lb/></note><p xml:id="INT_7db335de-62ed-31e0-8f7e-fc47bf813435.TEI.1.text.1.body.1.div.1.p.10" xml:lang="nl" rend="font-size: 10; text-align: justify; line-height: 11.7pt; text-indent: 22.0pt" xmlns="http://www.tei-c.org/ns/1.0">Het silver blijft in Bengala noch al op een hooge merckt en in de meeste<lb/> valuatie en daerentegen het gout in een slegte demande, zoodat de Japanse coubangs<lb/> daer thans niet meer als 16J ropia off 8J rds. konden halen.<lb/></p><note xml:id="INT_7db335de-62ed-31e0-8f7e-fc47bf813435.TEI.1.text.1.body.1.div.1.note.7" xml:lang="nl" place="inline" type="editorial-summary" resp="editor" rend="font-style: italic; line-height: 10.0pt; text-indent: 22.0pt; text-align: justify; font-size: 9" xmlns="http://www.tei-c.org/ns/1.0">( Na veel moeite kwam 2 244 000 <hi rend="font-size:9; font-family:Liberation Serif; font-weight:bold; letter-spacing:0.5pt" xml:lang="nl">®</hi> salpeter in 25 vaartuigen van Patna te Hugly ) .<lb/></note><p xml:id="INT_7db335de-62ed-31e0-8f7e-fc47bf813435.TEI.1.text.1.body.1.div.1.p.11" xml:lang="nl" rend="font-size: 10; text-align: justify; line-height: 11.7pt; text-indent: 22.0pt" xmlns="http://www.tei-c.org/ns/1.0">Schijnende de Moorse regenten nu alle hare offitiën voor geit te koopen en,<lb/> zoo haast maer een ander comt, die meerder daervoor geeft, weder gedeschargeert<lb/> wert, dienvolgens, staande haar gesagh, weynigh respect aan de Conincklijke<lb/> firmans en bevelschriften, in faveure van de Comp.e verleent, dragen.<lb/></p><p xml:id="INT_7db335de-62ed-31e0-8f7e-fc47bf813435.TEI.1.text.1.body.1.div.1.p.12" xml:lang="nl" rend="font-size: 10; text-align: justify; line-height: 11.7pt; text-indent: 22.0pt" xmlns="http://www.tei-c.org/ns/1.0">Wegen de gewelden en vexatiën, daermede de Comp.e in Bengala wierde<lb/> geplaagt, en was aan ’t Mogolse hoff tegenwoordigh geen gehoor te erlangen,<lb/> dewijl den Coninck weynig aght op zijn rijxbestier gaff dan alleene om zijn driften<lb/> uyt te voeren en de Comp.e nu geen bijsondere gunstelingen <hi rend="font-size:10; font-family:Liberation Serif; vertical-align:super" xml:lang="nl">1 2)</hi> onder de hoffsgrooten<lb/> hadde.<lb/></p><note xml:id="INT_7db335de-62ed-31e0-8f7e-fc47bf813435.TEI.1.text.1.body.1.div.1.note.8" xml:lang="nl" place="inline" type="editorial-summary" resp="editor" rend="font-style: italic; line-height: 10.0pt; text-indent: 22.0pt; text-align: justify; font-size: 9" xmlns="http://www.tei-c.org/ns/1.0">( Men zal gewapend moeten optreden; satisfactie <hi rend="font-size:9; font-family:Liberation Serif; font-weight:bold; letter-spacing:0.5pt" xml:lang="nl">-</hi> )<lb/></note><p xml:id="INT_7db335de-62ed-31e0-8f7e-fc47bf813435.TEI.1.text.1.body.1.div.1.p.13" resp="int_paragraph_joining" rend="">
              - mettet aanhalen der jaarlijxe rijcke Mochase Moorse schepen zoude<lb xmlns="http://www.tei-c.org/ns/1.0"/>te erlangen en ’s Comp.es respect alsoo meteenen best te restabileren wezen.<lb xmlns="http://www.tei-c.org/ns/1.0"/><note xml:id="INT_7db335de-62ed-31e0-8f7e-fc47bf813435.TEI.1.text.1.body.1.div.1.p.13.note.1" xml:lang="nl" rend="font-size: 8; text-align: justify; line-height: 9.6pt; text-indent: 22.0pt" xmlns="http://www.tei-c.org/ns/1.0">1) Inderdaad werd zuidelijk van het oude Sultansverblijf in 1680/81 het nieuwe, geheten<lb/> Pakuwonan, ook fort Diamant of Kota Intan, gebouwd in de gedaante van een Compagnies*<lb/> vesting voor den jongen Sultan.<lb/></note><note xml:id="INT_7db335de-62ed-31e0-8f7e-fc47bf813435.TEI.1.text.1.body.1.div.1.p.13.note.2" xml:lang="nl" rend="font-size: 8; text-align: justify; line-height: 9.6pt; margin-left: 2100" xmlns="http://www.tei-c.org/ns/1.0">2) Bedoeld: groten, die de V.O.C. begunstigden.<lb/></note><pb xml:id="INT_7db335de-62ed-31e0-8f7e-fc47bf813435.TEI.1.text.1.body.1.div.1.p.13.pb.1" n="425" facs="http://resources.huygens.knaw.nl/retroapp/service_generalemissiven/gm_04/images/gm_4_134_0425.tif"/><fw xml:id="INT_7db335de-62ed-31e0-8f7e-fc47bf813435.TEI.1.text.1.body.1.div.1.p.13.fw.1" place="top" type="head" facs="#zone.4252681" xmlns="http://www.tei-c.org/ns/1.0">Van Goens, Speelman, Bort, Hurdt, Van Outhoom, enz. XVI, 31 december 1680</fw><fw xml:id="INT_7db335de-62ed-31e0-8f7e-fc47bf813435.TEI.1.text.1.body.1.div.1.p.13.fw.2" place="top" type="page-number" facs="#zone.4252696" xmlns="http://www.tei-c.org/ns/1.0">425</fw>
            </p><note xml:id="INT_7db335de-62ed-31e0-8f7e-fc47bf813435.TEI.1.text.1.body.1.div.1.note.9" xml:lang="nl" place="inline" type="editorial-summary" resp="editor" rend="font-style: italic; line-height: 12.0pt; text-indent: 22.0pt; text-align: justify; font-size: 10" xmlns="http://www.tei-c.org/ns/1.0">( Voor 18 352 rsd. wissels te Batavia op patria getrokken; twee rijk geladen<lb/> jonken vertrokken uit Tonkin naar Japan).<lb/></note><p xml:id="INT_7db335de-62ed-31e0-8f7e-fc47bf813435.TEI.1.text.1.body.1.div.1.p.14" xml:lang="nl" rend="font-size: 10; text-align: justify; line-height: 12.0pt; text-indent: 22.0pt" xmlns="http://www.tei-c.org/ns/1.0">Met het schip Silversteyn hebben wij op zijn versoek toegestaan naer ’t vaderlant<lb/> te mogen overvaren Thomas Francees van der Capucijnenordre, voorgevende<lb/> zigh tot onse religie geheelijck te willen begeven.<lb/></p><note xml:id="INT_7db335de-62ed-31e0-8f7e-fc47bf813435.TEI.1.text.1.body.1.div.1.note.10" xml:lang="nl" place="inline" type="editorial-summary" resp="editor" rend="font-style: italic; line-height: 12.3pt; text-indent: 22.0pt; text-align: justify; font-size: 10" xmlns="http://www.tei-c.org/ns/1.0">(Hij is een Portugees, aanbevolen door ds. Ferreira; gegevens over Java's<lb/> Oostkust, afgedr. <hi rend="font-size:10; font-family:Liberation Serif" xml:lang="nl">Opkomst</hi> VII, p. 60-61).<lb/></note><p xml:id="INT_7db335de-62ed-31e0-8f7e-fc47bf813435.TEI.1.text.1.body.1.div.1.p.15" xml:lang="nl" rend="font-size: 10; text-align: justify; line-height: 11.7pt; text-indent: 22.0pt" xmlns="http://www.tei-c.org/ns/1.0">Dewijle het van U Ed.le Achtb.® gonstige goetheyt is geweest de twee<lb/> susterssoone van den Directeur- Generael Cornelis Speelman, met namen Joannes<lb/> Verhaven <hi rend="font-size:10; font-family:Liberation Serif; vertical-align:super" xml:lang="nl">x)</hi> en Barnardus Crayvangerus, op zijn versoeck den eenen tot ondercoopman<lb/> en den anderen tot adsistent in dienst van de Comp.e aan te nemen,<lb/> hoedanigh zij onlangs hier te lande zijn overgekomen, zoo bekent Zijn E. ten<lb/> alderhoogsten schuldig en verbonden te wesen U Ed.le Achtb.e op ’t aldernedrigste<lb/> te bedancken.<lb/></p><note xml:id="INT_7db335de-62ed-31e0-8f7e-fc47bf813435.TEI.1.text.1.body.1.div.1.note.11" xml:lang="nl" rend="font-size: 7.5; text-align: justify; line-height: 9.6pt; text-indent: 22.0pt" xmlns="http://www.tei-c.org/ns/1.0">1) Joannes Verhaven en Bernard Craeyvanger waren halfbroers, zoons van Speelman’s<lb/> zuster Maria; de vader van den tweede was Remonstrants predikant, waarom de naam van een<lb/> plechtig ,,us’' is voorzien. Verhaven werd in onderkoopmansrang jan. 1681 tweede en jan. 1683<lb/> eerste dispencier.<lb/></note>
            
      </div>
                  </body>
                </text>
              </TEI>