<TEI xml:id="INT_56d37559-43f5-3597-95d0-35b1d4bda5a0" xmlns="http://www.tei-c.org/ns/1.0">
                <teiHeader>
      <fileDesc>
        <titleStmt>
          <title>Van Goens, Speelman, Bort, Hurdt, Blom, Van Outhoorn, Camphuys en Bent, 13 oct. 1680</title>
        </titleStmt>
        <publicationStmt>
          <p>
            <date>13 oct. 1680</date>
            <idno type="sourceID">missiven:vol4</idno>
            <idno type="pid">INT_56d37559-43f5-3597-95d0-35b1d4bda5a0</idno>
          </p>
        </publicationStmt>
        <notesStmt>
          <note/>
        </notesStmt>
        <sourceDesc>
          <listBibl xml:id="inlMetadata">
            <bibl type="missive">
        <interpGrp type="page"><interp>405</interp></interpGrp>
        
      <interpGrp type="titleLevel1"><interp>Van Goens, Speelman, Bort, Hurdt, Blom, Van Outhoorn, Camphuys en Bent, 13 oct. 1680</interp></interpGrp>
      <interpGrp type="dateLevel1"><interp>13 oct. 1680</interp></interpGrp>
        <interpGrp type="tocLevel"><interp>1</interp></interpGrp>
      <interpGrp type="volume"><interp>4</interp></interpGrp>
        <interpGrp type="n"><interp>XIV</interp></interpGrp>
      
      <interpGrp type="witnessYearLevel1_from"><interp>1680</interp></interpGrp>
      <interpGrp type="witnessYearLevel1_to"><interp>1680</interp></interpGrp>
      <interpGrp type="witnessMonthLevel1_to"><interp>10</interp></interpGrp>
      <interpGrp type="witnessMonthLevel1_from"><interp>10</interp></interpGrp>
      <interpGrp type="witnessDayLevel1_to"><interp>13</interp></interpGrp>
      <interpGrp type="witnessDayLevel1_from"><interp>13</interp></interpGrp>
      <interpGrp type="authorLevel1"><interp>Van Goens</interp><interp>Speelman</interp><interp>Bort</interp><interp>Hurdt</interp><interp>Blom</interp><interp>Van Outhoorn</interp><interp>Camphuys</interp><interp>Bent</interp></interpGrp>
      <interpGrp type="pid"><interp>INT_56d37559-43f5-3597-95d0-35b1d4bda5a0</interp></interpGrp>
    </bibl>
          </listBibl>
        </sourceDesc>
      </fileDesc>
    </teiHeader>
                <text xml:id="INT_56d37559-43f5-3597-95d0-35b1d4bda5a0.TEI.1.text.1">
                  <body xml:id="INT_56d37559-43f5-3597-95d0-35b1d4bda5a0.TEI.1.text.1.body.1">
                    <div xml:id="INT_56d37559-43f5-3597-95d0-35b1d4bda5a0.TEI.1.text.1.body.1.div.1">
        
              <pb xml:id="INT_56d37559-43f5-3597-95d0-35b1d4bda5a0.TEI.1.text.1.body.1.div.1.pb.1" n="405" facs="http://resources.huygens.knaw.nl/retroapp/service_generalemissiven/gm_04/images/gm_4_134_0405.tif"/><fw xml:id="INT_56d37559-43f5-3597-95d0-35b1d4bda5a0.TEI.1.text.1.body.1.div.1.fw.1" place="top" type="head" facs="#zone.4210345" xmlns="http://www.tei-c.org/ns/1.0">Van Groens, Speelman, Bort, Hurdt, Blom, Van Outhoom, enz. XIV, 13 oct. 1680</fw><fw xml:id="INT_56d37559-43f5-3597-95d0-35b1d4bda5a0.TEI.1.text.1.body.1.div.1.fw.2" place="top" type="page-number" facs="#zone.4210379" xmlns="http://www.tei-c.org/ns/1.0">405</fw><head xml:id="INT_56d37559-43f5-3597-95d0-35b1d4bda5a0.TEI.1.text.1.body.1.div.1.head.1" xml:lang="nl" rend="font-size: 10; text-align: justify; line-height: 11.7pt" xmlns="http://www.tei-c.org/ns/1.0">XIV. [RYCKLOFF VAN GOENS, CORNELIS SPEELMAN, BALTHASAR<lb/> BORT,] ANTHONIO HURDT, DIRCK BLOM, WILLEM VAN OUTHOORN,<lb/> [JOANNES CAMPHUYS] EN FREDERIK BENT <hi rend="font-size:9; font-family:Liberation Serif; font-style:italic; vertical-align:super" xml:lang="nl">1),</hi> BATAVIA 13 oct. 1680.<lb/></head><p xml:id="INT_56d37559-43f5-3597-95d0-35b1d4bda5a0.TEI.1.text.1.body.1.div.1.p.1" xml:lang="nl" rend="font-size: 8; text-align: justify; line-height: 8.9pt" xmlns="http://www.tei-c.org/ns/1.0">K.O. 1241. fol. 1-117.<lb/></p><note xml:id="INT_56d37559-43f5-3597-95d0-35b1d4bda5a0.TEI.1.text.1.body.1.div.1.note.1" xml:lang="nl" place="inline" type="editorial-summary" resp="editor" rend="font-style: italic; line-height: 12.0pt; text-indent: 23.0pt; text-align: justify; font-size: 9" xmlns="http://www.tei-c.org/ns/1.0">(Verzonden met het Engelse schip Falcon; te vergelijken <hi rend="font-size:10; font-family:Liberation Serif" xml:lang="nl">Daghregisters</hi> 1680,<lb/> p. 108-649; de vorige retourschepen waren 21 maart Straat Sunda gepasseerd; de<lb/> schepen uit patria vertrokken wegens tegenwind laat; 12 man drosten in Engeland<lb/> en bij Santiago).<lb/></note><p xml:id="INT_56d37559-43f5-3597-95d0-35b1d4bda5a0.TEI.1.text.1.body.1.div.1.p.2" xml:lang="nl" rend="font-size: 10; text-align: justify; line-height: 11.7pt; text-indent: 23.0pt" xmlns="http://www.tei-c.org/ns/1.0">Hebbende de Delfse bieren door malkander 45 en ’t haentj esbier 55 ’t vat,<lb/> midsgaders de Rinse wijn 500 rsd. de legger bij venditie gerendeert en de brandewijn<lb/> 23 rs.d ijder kelder.<lb/></p><note xml:id="INT_56d37559-43f5-3597-95d0-35b1d4bda5a0.TEI.1.text.1.body.1.div.1.note.2" xml:lang="nl" place="inline" type="editorial-summary" resp="editor" rend="font-style: italic; line-height: 11.7pt; text-indent: 23.0pt; text-align: justify; font-size: 9" xmlns="http://www.tei-c.org/ns/1.0">( De Ceylon is bij storm 14 aug. op 36° 41' Z.B. en 101° 32' O.L., noodschoten<lb/> doende, uit het gezicht geraakt van de 13 sept. aangekomen Silversteyn; misschien is<lb/> het schip op Sumatra's Westkust vervallen; de retourvloot van febr. 1679 kwam in<lb/> patria, echter laat en onordentelijk, veroorzaakt door <hi rend="font-size:10; font-family:Liberation Serif" xml:lang="nl">- )</hi><lb/></note><p xml:id="INT_56d37559-43f5-3597-95d0-35b1d4bda5a0.TEI.1.text.1.body.1.div.1.p.3" resp="int_paragraph_joining" rend="">
              - de ongeregelde ordre, die den oppercoopman Van der Waaye <hi rend="font-size:10; font-family:Liberation Serif; vertical-align:super" xml:lang="nl" xmlns="http://www.tei-c.org/ns/1.0">2)</hi> in<lb xmlns="http://www.tei-c.org/ns/1.0"/>’t commanderen heeft gehouden eonder naar ijmandt van sijne bijgevoegde raden<lb xmlns="http://www.tei-c.org/ns/1.0"/> te villen luysteren, schijnende het op de thuysreyse niet beter te hebben willen<lb xmlns="http://www.tei-c.org/ns/1.0"/> maeken als op de uytreyse ende ofwel hij geduurende sijn aanwesen alhier voor<lb xmlns="http://www.tei-c.org/ns/1.0"/> de Compe geen naamwaardige diensten gedaan heeft, meer door gebrek van kennisse<lb xmlns="http://www.tei-c.org/ns/1.0"/> en ervarentheyt als van gelegentheyt, soo hebben wij denselven als de gequalificeerste<lb xmlns="http://www.tei-c.org/ns/1.0"/> int deefereren van ’t commando over de vlote niet wel connen voorbijgaan<lb xmlns="http://www.tei-c.org/ns/1.0"/> egter met ernstige rekommandatie niets te doen als met kennisse en overleg<lb xmlns="http://www.tei-c.org/ns/1.0"/> van rade.<lb xmlns="http://www.tei-c.org/ns/1.0"/>
            </p><note xml:id="INT_56d37559-43f5-3597-95d0-35b1d4bda5a0.TEI.1.text.1.body.1.div.1.note.3" xml:lang="nl" place="inline" type="editorial-summary" resp="editor" rend="font-style: italic; line-height: 11.7pt; text-indent: 23.0pt; text-align: justify; font-size: 9" xmlns="http://www.tei-c.org/ns/1.0">(De Hoge Regering is bereid „ blindelings <hi rend="font-size:10; font-family:Liberation Serif" xml:lang="nl">”</hi> de bevelen van Heren <hi rend="font-size:9; font-family:Liberation Serif; font-style:italic; letter-spacing:1.0pt" xml:lang="nl">XVII</hi> op te<lb/> volgen ; dank voor de toezending van 3600 koppen en 20 ton geld; voornemen de<lb/> retourvloot 15 nov. af te zenden en ze tot half maart aan de Kaap op de latere schepen<lb/> te laten wachten; in Amboina rekent men op een oogst van 2200 bahar k 550 kruidnagelen,<lb/> grotendeels is dat al binnen; 174 229 is naar diverse delen van Azië verzonden<lb/> of te Batavia aan Chinezen verkocht; in patria was nog 1 471 600 <hi rend="font-size:10; font-family:Liberation Serif" xml:lang="nl">&amp;</hi> in voorraad,<lb/> waarom 200 000 <hi rend="font-size:10; font-family:Liberation Serif" xml:lang="nl">®</hi> te Batavia zullen worden aangehouden; in Azië valt, ook<lb/> tegen lager prijs, niet méér te verkopen; de Papoease rovers, vermeld <hi rend="font-size:10; font-family:Liberation Serif" xml:lang="nl">Daghregisters</hi><lb/>1680, p. 364, hoorden te Gebe thuis).<lb/></note><p xml:id="INT_56d37559-43f5-3597-95d0-35b1d4bda5a0.TEI.1.text.1.body.1.div.1.p.4" resp="int_paragraph_joining" rend="">
              Het te verwonderen is, hoe die schelmen met sulken soberen vaartuyg soo<lb xmlns="http://www.tei-c.org/ns/1.0"/> groven zee derven bevaren om hare roveryen te plegen, want, de orangkay van<lb xmlns="http://www.tei-c.org/ns/1.0"/> Quaus <hi rend="font-size:10; font-family:Liberation Serif; vertical-align:super" xml:lang="nl" xmlns="http://www.tei-c.org/ns/1.0">3)</hi> een van de voorsz. veroverde corcorren met drie van de gevangene<lb xmlns="http://www.tei-c.org/ns/1.0"/><note xml:id="INT_56d37559-43f5-3597-95d0-35b1d4bda5a0.TEI.1.text.1.body.1.div.1.p.4.note.1" xml:lang="nl" rend="font-size: 8; line-height: 9.6pt; text-indent: 23.0pt" xmlns="http://www.tei-c.org/ns/1.0">1) De tussen haken geplaatste namen zijn uit het manuscript geheel weggeknipt, die<lb/> van Van Outhoom bovendien grotendeels.<lb/></note><note xml:id="INT_56d37559-43f5-3597-95d0-35b1d4bda5a0.TEI.1.text.1.body.1.div.1.p.4.note.2" xml:lang="nl" rend="font-size: 8; text-align: justify; line-height: 9.6pt; text-indent: 22.0pt" xmlns="http://www.tei-c.org/ns/1.0">2) Jacob van der Waeyen diende als opperkoopman vooral in Bengalen en was sedert<lb/> aug. 1677 lid van de Raad van Justitie te Batavia, hij was begin 1679 commandeur van de<lb/> retourvloot en kreeg daarvoor in patria de gebruikelijke verering.<lb/></note><note xml:id="INT_56d37559-43f5-3597-95d0-35b1d4bda5a0.TEI.1.text.1.body.1.div.1.p.4.note.3" xml:lang="nl" rend="font-size: 8; text-align: justify; line-height: 9.6pt; margin-left: 2200" xmlns="http://www.tei-c.org/ns/1.0">3) Kwaos, plaats ter oostkust van Ceram, niet ver van de zuidpunt op 3°48' Z.B.<lb/></note><pb xml:id="INT_56d37559-43f5-3597-95d0-35b1d4bda5a0.TEI.1.text.1.body.1.div.1.p.4.pb.1" n="406" facs="http://resources.huygens.knaw.nl/retroapp/service_generalemissiven/gm_04/images/gm_4_134_0406.tif"/><fw xml:id="INT_56d37559-43f5-3597-95d0-35b1d4bda5a0.TEI.1.text.1.body.1.div.1.p.4.fw.1" place="top" type="page-number" facs="#zone.4212808" xmlns="http://www.tei-c.org/ns/1.0">406</fw><fw xml:id="INT_56d37559-43f5-3597-95d0-35b1d4bda5a0.TEI.1.text.1.body.1.div.1.p.4.fw.2" place="top" type="head" facs="#zone.4212812" xmlns="http://www.tei-c.org/ns/1.0">Van Goens, Speelman, Bort, Hardt, Blom, Van Outhoom, enz. XIV, 13 oct. 1680</fw>Papouwers tot een teken der victorie aant casteel gebragt hebbende, sijn de<lb xmlns="http://www.tei-c.org/ns/1.0"/> menschen mager en sober en het vaartuyg niet groter bevonden als 18 <hi rend="font-size:9.5; font-family:Liberation Serif; font-style:italic" xml:lang="nl" xmlns="http://www.tei-c.org/ns/1.0">k</hi> 19 voeten<lb xmlns="http://www.tei-c.org/ns/1.0"/> lang, 5 voet wijt en met het opboeysel niet meer als 3 voet hol.<lb xmlns="http://www.tei-c.org/ns/1.0"/>
            </p><note xml:id="INT_56d37559-43f5-3597-95d0-35b1d4bda5a0.TEI.1.text.1.body.1.div.1.note.4" xml:lang="nl" place="inline" type="editorial-summary" resp="editor" rend="font-style: italic; line-height: 11.7pt; text-indent: 22.0pt; text-align: justify; font-size: 9.5" xmlns="http://www.tei-c.org/ns/1.0">(Daarom zullen voortaan kleine en snelle schepen op hen worden afgezonden;<lb/> de behaalde buit zal voor de bemanning zijn).<lb/></note><p xml:id="INT_56d37559-43f5-3597-95d0-35b1d4bda5a0.TEI.1.text.1.body.1.div.1.p.5" xml:lang="nl" rend="font-size: 10; text-align: justify; line-height: 11.7pt; text-indent: 22.0pt" xmlns="http://www.tei-c.org/ns/1.0">Den Keffingsen annachoda Sobak met drie chiampans directelijk tegen sijn<lb/> verkregen passé tot Caylolo op Boangbessy geatrappeert wesende, desel ve regtelijk<lb/> geconfisqueert zijn geworden, waerbij geproffiteert is 392 J rsds, specterende ten<lb/> principalen om naar uytterste vermogen het sluyken der speceryen te weeren, ten<lb/> welken eynde op de noordwestkant van Ceram een nader aansienelijke visite<lb/> gedaan is, alwaer de uytgesondene boven die van het voorleden jaer nog weder<lb/> uytgeroeyt hebben 16 585 nagel- en 18 034 notebomen.<lb/></p><note xml:id="INT_56d37559-43f5-3597-95d0-35b1d4bda5a0.TEI.1.text.1.body.1.div.1.note.5" xml:lang="nl" place="inline" type="editorial-summary" resp="editor" rend="font-style: italic; line-height: 11.7pt; text-indent: 22.0pt; text-align: justify; font-size: 9.5" xmlns="http://www.tei-c.org/ns/1.0">( Aan het p. 609 van <hi rend="font-size:10; font-family:Liberation Serif" xml:lang="nl">Daghregisters</hi> over de strijd op Halmaheira vermelde valt<lb/> nog toe te voegen <hi rend="font-size:10; font-family:Liberation Serif" xml:lang="nl">,</hi> dat ook Gamkonora door den vijand werd verlaten en dat de noordelijker<lb/> gelegen versterkingen te onbelangrijk zijn om er schepen heen te zenden; voor de<lb/> terugkeer van de expeditie naar Temate <hi rend="font-size:10; font-family:Liberation Serif" xml:lang="nl">-</hi> )<lb/></note><p xml:id="INT_56d37559-43f5-3597-95d0-35b1d4bda5a0.TEI.1.text.1.body.1.div.1.p.6" resp="int_paragraph_joining" rend="">
              - stierden alvoorens het oorlogsfregat ’t Ontroert Ternata agterom<lb xmlns="http://www.tei-c.org/ns/1.0"/>naer de zuydzijde *) van Halamahera om Caauw, meest regt achter Dodingo, daer<lb xmlns="http://www.tei-c.org/ns/1.0"/> het eyland tusschen beyde op het smalste is, waer te nemen.<lb xmlns="http://www.tei-c.org/ns/1.0"/>
            </p><note xml:id="INT_56d37559-43f5-3597-95d0-35b1d4bda5a0.TEI.1.text.1.body.1.div.1.note.6" xml:lang="nl" place="inline" type="editorial-summary" resp="editor" rend="font-style: italic; line-height: 11.7pt; text-indent: 22.0pt; text-align: justify; font-size: 9.5" xmlns="http://www.tei-c.org/ns/1.0">(De Tematanen hebben geen hulp uit de Philippijnen te verwachten; weinig<lb/> ziekten in de Molukken; eigengereid optreden van Cops te Makassar; zijn verhouding<lb/> tot Radja Palakka blijft slecht <hi rend="font-size:10; font-family:Liberation Serif" xml:lang="nl">,</hi> wiens <hi rend="font-size:10; font-family:Liberation Serif" xml:lang="nl">Daghregisters</hi> 1680, p. 451 vermelde ziekte<lb/> ontstaan is, toen hij de rivier van Kaapr] overzwom om kapitein J onker te redden;<lb/> na de brand van Vlaardingen, ibid. p. 609 <hi rend="font-size:10; font-family:Liberation Serif" xml:lang="nl">-</hi> )<lb/></note><p xml:id="INT_56d37559-43f5-3597-95d0-35b1d4bda5a0.TEI.1.text.1.body.1.div.1.p.7" resp="int_paragraph_joining" rend="">
              - was nu met gemeen goetvinden van de bondgenoten, rondom ’t<lb xmlns="http://www.tei-c.org/ns/1.0"/>casteel residerende, verstaan en afgekundigt, dat niemant sonder onderscheyt<lb xmlns="http://www.tei-c.org/ns/1.0"/> exepto Compes dienaars buyten sijn bescheyde negorij of quartier ’s avonds naer<lb xmlns="http://www.tei-c.org/ns/1.0"/> sevene sal mogen gesien en gevonden, of sal ten eersten buyten eenige figure van<lb xmlns="http://www.tei-c.org/ns/1.0"/> proces onder de voet gestooken werden.<lb xmlns="http://www.tei-c.org/ns/1.0"/>
            </p><note xml:id="INT_56d37559-43f5-3597-95d0-35b1d4bda5a0.TEI.1.text.1.body.1.div.1.note.7" xml:lang="nl" place="inline" type="editorial-summary" resp="editor" rend="font-style: italic; line-height: 11.7pt; text-indent: 22.0pt; text-align: justify; font-size: 9.5" xmlns="http://www.tei-c.org/ns/1.0">(Geringe slavenhandel op Timor; de prijs is hoog, 36 realen per slaaf; slaven<lb/> zijn zeer begeerd in de pepertuinen van Palembang; Schilhoorn gaf den Vorst daarvan<lb/> abusievelijk een pas voor een schip naar Timor om slaven te kopen; op Banda <hi rend="font-size:10; font-family:Liberation Serif" xml:lang="nl">-</hi> )<lb/></note><p xml:id="INT_56d37559-43f5-3597-95d0-35b1d4bda5a0.TEI.1.text.1.body.1.div.1.p.8" resp="int_paragraph_joining" rend="">
              - de Mallabaarse slaven, jongst derwaarts gesonden om de burgerye te<lb xmlns="http://www.tei-c.org/ns/1.0"/>accomoderen en te adsisteren, daer almede gebraeken en tot het gebruyk in de<lb xmlns="http://www.tei-c.org/ns/1.0"/> percken absoluyt onbequaam geoordeelt werden; requirerende insonderheyt de<lb xmlns="http://www.tei-c.org/ns/1.0"/> Timorse soort en de eylanders, daar omher gelegen, waren se maer te bekomen.<lb xmlns="http://www.tei-c.org/ns/1.0"/><hi rend="font-size:8; font-family:Liberation Serif" xml:lang="nl" xmlns="http://www.tei-c.org/ns/1.0">Fol. 19v-20r.</hi><lb xmlns="http://www.tei-c.org/ns/1.0"/><note xml:id="INT_56d37559-43f5-3597-95d0-35b1d4bda5a0.TEI.1.text.1.body.1.div.1.p.8.note.1" xml:lang="nl" rend="font-size: 8; text-align: justify; line-height: 8.9pt; text-indent: 22.0pt" xmlns="http://www.tei-c.org/ns/1.0">1) Ten rechte: oostzijde.<lb/></note><pb xml:id="INT_56d37559-43f5-3597-95d0-35b1d4bda5a0.TEI.1.text.1.body.1.div.1.p.8.pb.1" n="407" facs="http://resources.huygens.knaw.nl/retroapp/service_generalemissiven/gm_04/images/gm_4_134_0407.tif"/><fw xml:id="INT_56d37559-43f5-3597-95d0-35b1d4bda5a0.TEI.1.text.1.body.1.div.1.p.8.fw.1" place="top" type="head" facs="#zone.4214053" xmlns="http://www.tei-c.org/ns/1.0">Van Goens, Speelman, Bort, Hurdt, Blom, Van Outhoom, enz. XIV, 13 oct. 1680</fw><fw xml:id="INT_56d37559-43f5-3597-95d0-35b1d4bda5a0.TEI.1.text.1.body.1.div.1.p.8.fw.2" place="top" type="page-number" facs="#zone.4214069" xmlns="http://www.tei-c.org/ns/1.0">407</fw>
            </p><note xml:id="INT_56d37559-43f5-3597-95d0-35b1d4bda5a0.TEI.1.text.1.body.1.div.1.note.8" xml:lang="nl" place="inline" type="editorial-summary" resp="editor" rend="font-style: italic; line-height: 11.7pt; text-indent: 23.0pt; text-align: justify; font-size: 10" xmlns="http://www.tei-c.org/ns/1.0">( De handel op Timor is voorts meest in Portugese handen; ze verkopen in strijd<lb/> met hun beloften maar weinig sandelhout; <hi rend="font-size:10; font-family:Liberation Serif" xml:lang="nl">„</hi> mestise <hi rend="font-size:10; font-family:Liberation Serif" xml:lang="nl">”</hi> Timorvaarders brachten te<lb/> Batavia 329 picol <hi rend="font-size:10; font-family:Liberation Serif" xml:lang="nl">a</hi> 10 rsd. het picol; in Timor dienen 97 man, waarvan 31 op de<lb/> sloepen met minder gaat het niet; de <hi rend="font-size:10; font-family:Liberation Serif" xml:lang="nl">Daghregisters</hi> p. 569 r. 3 v.o. Fattifoedy genoemde<lb/> plaats heet hier Fattisoetti; na het daar vermelde gevecht volgt <hi rend="font-size:10; font-family:Liberation Serif" xml:lang="nl">-</hi> )<lb/></note><p xml:id="INT_56d37559-43f5-3597-95d0-35b1d4bda5a0.TEI.1.text.1.body.1.div.1.p.9" resp="int_paragraph_joining" rend="">
              - al vrij wat veel toeloop door hongersnoot uyt Amarasy tot d’onse,<lb xmlns="http://www.tei-c.org/ns/1.0"/>sulx om mede in geen gebrek te vervallen en die nieuwe aankomelingen egter van<lb xmlns="http://www.tei-c.org/ns/1.0"/> onderhoud te versorgen sijluyden met 5 lasten rijs è. 37J rd.8 ’t last uyt Comp.8<lb xmlns="http://www.tei-c.org/ns/1.0"/> magasijn geadsisteert sijn gewerden en daerenboven de Sonnebayers haer versoek<lb xmlns="http://www.tei-c.org/ns/1.0"/> gelicentieert tot procure van levensmiddelen een voyagie naar Roty te doen,<lb xmlns="http://www.tei-c.org/ns/1.0"/> persisterende de hoofden der bondgenoten, die hare woninge ontrent het fort<lb xmlns="http://www.tei-c.org/ns/1.0"/> Concordia hebben, nog al om eens herwaerts te mogen komen en ons te begroeten<lb xmlns="http://www.tei-c.org/ns/1.0"/> en stieren tot erkentenisse van de jongst derwaerts gesonde schenckagie ende<lb xmlns="http://www.tei-c.org/ns/1.0"/> accomodatie van ammunitiën, t’hunner daefentie met onse permissie gedaan,<lb xmlns="http://www.tei-c.org/ns/1.0"/> 546 'ffi wax meest op hope van nog eyndelijk licentie te sullen optineren tot hare<lb xmlns="http://www.tei-c.org/ns/1.0"/> herwaart skomste, niettegenstaande hetselve nu al twee a drij jaren in der bester<lb xmlns="http://www.tei-c.org/ns/1.0"/> wege is gedeclineert.<lb xmlns="http://www.tei-c.org/ns/1.0"/>
            </p><note xml:id="INT_56d37559-43f5-3597-95d0-35b1d4bda5a0.TEI.1.text.1.body.1.div.1.note.9" xml:lang="nl" place="inline" type="editorial-summary" resp="editor" rend="font-style: italic; line-height: 11.1pt; text-indent: 23.0pt; text-align: justify; font-size: 10" xmlns="http://www.tei-c.org/ns/1.0">( De vorstin van Solor schonk „een stockoude slaaf f, die geen stuyver waardig is”).<lb/></note><p xml:id="INT_56d37559-43f5-3597-95d0-35b1d4bda5a0.TEI.1.text.1.body.1.div.1.p.10" resp="int_paragraph_joining" rend="">
              Hadden de signaadjes Bakker van Trong, midsgaders - Krijn <hi rend="font-size:10; font-family:Liberation Serif; vertical-align:super" xml:lang="nl" xmlns="http://www.tei-c.org/ns/1.0">J)</hi> van<lb xmlns="http://www.tei-c.org/ns/1.0"/>Amahera <hi rend="font-size:10; font-family:Liberation Serif; vertical-align:super" xml:lang="nl" xmlns="http://www.tei-c.org/ns/1.0">1 2)</hi> haer in october 1679 tesamen met vijff wel gearmeerde praauwen<lb xmlns="http://www.tei-c.org/ns/1.0"/> stilswijgende en sonder ij mand daervan te communiceren naar het eyland Cavelo <hi rend="font-size:10; font-family:Liberation Serif; vertical-align:super" xml:lang="nl" xmlns="http://www.tei-c.org/ns/1.0">3)</hi><lb xmlns="http://www.tei-c.org/ns/1.0"/>begeven om de negorij Larogan, de Portugesen onderdanig, te spoliëren en in de<lb xmlns="http://www.tei-c.org/ns/1.0"/> assche te leggen, maer sij zijn der soo qualijk onthaelt, dat Bakker met sijn soon<lb xmlns="http://www.tei-c.org/ns/1.0"/> Buylang en haren tommagon Helmgamma boven 3 of 24 gequesten daer ter plaatse<lb xmlns="http://www.tei-c.org/ns/1.0"/> dood bleven; eschiapperende Krijn door de trouwe bijstand van de zijne maer<lb xmlns="http://www.tei-c.org/ns/1.0"/> ternaauwernoot ; wesende desen aenslagh enkel en alleen aangelegt om te revengiëren<lb xmlns="http://www.tei-c.org/ns/1.0"/> het verbranden en spoliëren van Comp.8 negorij Adarara op ’t eyland t<lb xmlns="http://www.tei-c.org/ns/1.0"/> Serbite <hi rend="font-size:10; font-family:Liberation Serif; vertical-align:super" xml:lang="nl" xmlns="http://www.tei-c.org/ns/1.0">4),</hi> daar de Portugese of Larantoekse boeren nog bovendien twee vrouwen<lb xmlns="http://www.tei-c.org/ns/1.0"/> uyt vervoert hadden, sonderdat den capiteyn moor Anthony Horney niettegenstaande<lb xmlns="http://www.tei-c.org/ns/1.0"/> onse ernstige protestatiën daerover eenige straffen hadt begeeren te<lb xmlns="http://www.tei-c.org/ns/1.0"/> excerceren.<lb xmlns="http://www.tei-c.org/ns/1.0"/>
            </p><note xml:id="INT_56d37559-43f5-3597-95d0-35b1d4bda5a0.TEI.1.text.1.body.1.div.1.note.10" xml:lang="nl" place="inline" type="editorial-summary" resp="editor" rend="font-style: italic; line-height: 11.7pt; text-indent: 23.0pt; text-align: justify; font-size: 10" xmlns="http://www.tei-c.org/ns/1.0">(In Timor was 31 jan. in een jaar uitgegeven f. 23 055.17.8 en slechts gewonnen<lb/> f. 12 477.3.6; er blijft een kapitaal van f. 43 095.12.9; op Bomeo valt niets van belang<lb/> voor de Compagnie te doen; het levert <hi rend="font-size:10; font-family:Liberation Serif" xml:lang="nl">-</hi> )<lb/></note><note xml:id="INT_56d37559-43f5-3597-95d0-35b1d4bda5a0.TEI.1.text.1.body.1.div.1.note.11" xml:lang="nl" rend="font-size: 7.5; line-height: 9.3pt; text-indent: 22.0pt" xmlns="http://www.tei-c.org/ns/1.0">1) Deze Krijn komt <hi rend="font-size:7.5; font-family:Liberation Serif; font-style:italic" xml:lang="nl">Daghregisters</hi> p. 571 voor als Anaccryn; hij was dus wel de zoon<lb/> (maleis: anak) van een Karaëng.<lb/></note><note xml:id="INT_56d37559-43f5-3597-95d0-35b1d4bda5a0.TEI.1.text.1.body.1.div.1.note.12" xml:lang="nl" rend="font-size: 7.5; text-align: justify; line-height: 9.3pt; margin-left: 2100" xmlns="http://www.tei-c.org/ns/1.0">2) Dit is ten rechte Lamakera, vgl. dl. I, p. 263, noot 2.<lb/></note><note xml:id="INT_56d37559-43f5-3597-95d0-35b1d4bda5a0.TEI.1.text.1.body.1.div.1.note.13" xml:lang="nl" rend="font-size: 7.5; text-align: justify; line-height: 9.3pt; text-indent: 21.0pt" xmlns="http://www.tei-c.org/ns/1.0">3) Cavelo, mogelijk is bedoeld Kalao of Lambego, benoorden Flores, waar evenwel geen<lb/> doipen waren onderhorig aan Portugal, mogelijk echter wel aan de Zwarte Portugezen van<lb/> Flores en Timor.<lb/></note><note xml:id="INT_56d37559-43f5-3597-95d0-35b1d4bda5a0.TEI.1.text.1.body.1.div.1.note.14" xml:lang="nl" rend="font-size: 7.5; line-height: 9.3pt; text-indent: 21.0pt" xmlns="http://www.tei-c.org/ns/1.0">4) Mij niet duidelijk, ik ken een eiland en een dorp Adonara, ook een eiland Serbete in<lb/> deze streek, maar een dorp Adarara ligt daar niet op.<lb/></note><pb xml:id="INT_56d37559-43f5-3597-95d0-35b1d4bda5a0.TEI.1.text.1.body.1.div.1.pb.2" n="408" facs="http://resources.huygens.knaw.nl/retroapp/service_generalemissiven/gm_04/images/gm_4_134_0408.tif"/><fw xml:id="INT_56d37559-43f5-3597-95d0-35b1d4bda5a0.TEI.1.text.1.body.1.div.1.fw.3" place="top" type="head" xml:lang="nl" rend="text-align:justify; line-height:11.1pt" facs="#zone.4216659" xmlns="http://www.tei-c.org/ns/1.0">408 Van Goens, Speelman, Bort, Hurdt, Blom, Van Outhoom, enz. XIV, 13 oct. 1680</fw><p xml:id="INT_56d37559-43f5-3597-95d0-35b1d4bda5a0.TEI.1.text.1.body.1.div.1.p.11" xml:lang="nl" rend="font-size: 10; text-align: justify; line-height: 11.7pt; text-indent: 22.0pt" xmlns="http://www.tei-c.org/ns/1.0">- gout, peper, schildpadshoorn, aguilhout, wasch, camphur, diamanten,<lb/> draekenbloet en bosoarsteenen, twelk van buyten aen te sien nae vrij wat<lb/> groots gelijkt, maer in sigh selven beschiet het seer weynigli.<lb/></p><note xml:id="INT_56d37559-43f5-3597-95d0-35b1d4bda5a0.TEI.1.text.1.body.1.div.1.note.15" xml:lang="nl" place="inline" type="editorial-summary" resp="editor" rend="font-style: italic; line-height: 10.0pt; text-indent: 22.0pt; text-align: justify; font-size: 9" xmlns="http://www.tei-c.org/ns/1.0">( Bomeo <hi rend="font-size:9; font-family:Liberation Serif" xml:lang="nl">-</hi> )<lb/></note><p xml:id="INT_56d37559-43f5-3597-95d0-35b1d4bda5a0.TEI.1.text.1.body.1.div.1.p.12" resp="int_paragraph_joining" rend="">
              - door inlandse cramers met kleene vaertuygen van plaets tot plaets<lb xmlns="http://www.tei-c.org/ns/1.0"/>gefrequenteert wert, die overal, waer se komen, haar t’huis hebben in hare vaartuygen<lb xmlns="http://www.tei-c.org/ns/1.0"/> en nergens haest en maeken, maer haer vergenougen hunne cramerijen al<lb xmlns="http://www.tei-c.org/ns/1.0"/> sagjens en langsaam te vemiylen. Banjermas soude nog wel de voorneemste haven<lb xmlns="http://www.tei-c.org/ns/1.0"/> sijn, dog, als het pepergewas nog al ten besten komt te slagen, bedraagt het selden<lb xmlns="http://www.tei-c.org/ns/1.0"/> meer als 3000 picols en veeltij ts minder, ’t Gebeurt somwijlen, datter Portugesen<lb xmlns="http://www.tei-c.org/ns/1.0"/> komen van Maccauw of van Timor, maer niet jaarlijx, sijnde de regeringe en dienvolgende<lb xmlns="http://www.tei-c.org/ns/1.0"/> de negotie daer seer ongestadigh en soo wij ons al quamen te engagiëren<lb xmlns="http://www.tei-c.org/ns/1.0"/> met een exclusief contract, dat soude van hare kant ten principale specteren om<lb xmlns="http://www.tei-c.org/ns/1.0"/> Comp8 bescherminge te gauderen.<lb xmlns="http://www.tei-c.org/ns/1.0"/>
            </p><note xml:id="INT_56d37559-43f5-3597-95d0-35b1d4bda5a0.TEI.1.text.1.body.1.div.1.note.16" xml:lang="nl" place="inline" type="editorial-summary" resp="editor" rend="font-style: italic; line-height: 10.0pt; text-indent: 22.0pt; text-align: justify; font-size: 9" xmlns="http://www.tei-c.org/ns/1.0">( Volgens berichten <hi rend="font-size:9; font-family:Liberation Serif" xml:lang="nl">-</hi> )<lb/></note><p xml:id="INT_56d37559-43f5-3597-95d0-35b1d4bda5a0.TEI.1.text.1.body.1.div.1.p.13" resp="int_paragraph_joining" rend="">
              - soude de twee soonen van den ouden Sulthan den regerenden Coning<lb xmlns="http://www.tei-c.org/ns/1.0"/>of Pangeran, haren oom, met sijn zoon onder schijn van vrundschap hebben vermoort<lb xmlns="http://www.tei-c.org/ns/1.0"/> <hi rend="font-size:10; font-family:Liberation Serif; vertical-align:super" xml:lang="nl" xmlns="http://www.tei-c.org/ns/1.0">1),</hi> haar onthoudende boven in de bergnegorye, omdat sij hun beneden niet<lb xmlns="http://www.tei-c.org/ns/1.0"/> en vertrouwen uyt vreese voor de swervende Maccassaren, die haer daer in de<lb xmlns="http://www.tei-c.org/ns/1.0"/> nabij gelege eylanden onthouden, behalven dat de Maleyers, die omlaag woonen,<lb xmlns="http://www.tei-c.org/ns/1.0"/> het meeste bewint van den handel in handen hebben.<lb xmlns="http://www.tei-c.org/ns/1.0"/>
            </p><note xml:id="INT_56d37559-43f5-3597-95d0-35b1d4bda5a0.TEI.1.text.1.body.1.div.1.note.17" xml:lang="nl" place="inline" type="editorial-summary" resp="editor" rend="font-style: italic; line-height: 11.7pt; text-indent: 22.0pt; text-align: justify; font-size: 9" xmlns="http://www.tei-c.org/ns/1.0">( Er zou nog 2000 picol peper te koop zijn, die de Chinezen wel voor ons zullen<lb/> kopen; de hoofden van Palembang vragen , tegen de contracten in, telkens weer om<lb/> passen om peper naar andere plaatsen dan Batavia te mogen vervoeren; de fluit<lb/> IJsselstein is aan de wal gelegd; alleen aan den Koning van Palembang mag voorschot<lb/> op levering van peper worden versterkt, tot hoogstens 6000 realen, voor de helft in<lb/> goederen en aan de vier ,, gestelde coopluyden” 6000 rsd.; er wordt in totaal op 31234<lb/> picol peper uit Palembang gerekend en op 3000 van de Westkust; 3000 zal naar<lb/> China gaan, de rest naar patria; Daëng Mangika <hi rend="font-size:9; font-family:Liberation Serif" xml:lang="nl">-</hi> )<lb/></note><p xml:id="INT_56d37559-43f5-3597-95d0-35b1d4bda5a0.TEI.1.text.1.body.1.div.1.p.14" xml:lang="nl" rend="font-size: 10; text-align: justify; line-height: 11.7pt; text-indent: 22.0pt" xmlns="http://www.tei-c.org/ns/1.0">- het ginder soo bont aenstelt, dat wij het niet wel langer mogen verdragen,<lb/> schijnende met den tweeden soone des Coninx, Pangeran Ardy, te colluderen<lb/> en desen denselven de handt boven te houden om bij ’t overlijden van de<lb/> vader, nu al 70 jaren out en seer kaducq, sig met sijn hulpe van de successie tot<lb/> nadeel van sijn ouder broeder, Pangeran Depatty, te versekeren, waerontrent de<lb/> regeringe verdagt gewerden zijnde, hadden sij Ardy met bewilligingh van de vader<lb/> uyt het hof gestelt en in sijn wooninge gestelt; evenwel maekte Zijn Hoogheyt<lb/> scrupele om dat moetwillige volk <hi rend="font-size:10; font-family:Liberation Serif; vertical-align:super" xml:lang="nl">2)</hi> van sijn landt te ontseggen en wilde dat garen<lb/> door de Compagnie gedaan sien.<lb/></p><note xml:id="INT_56d37559-43f5-3597-95d0-35b1d4bda5a0.TEI.1.text.1.body.1.div.1.note.18" xml:lang="nl" rend="font-size: 8; text-align: justify; line-height: 8.9pt; margin-left: 2200" xmlns="http://www.tei-c.org/ns/1.0">1) Het bericht was juist, vgl. <hi rend="font-size:8; font-family:Liberation Serif; font-style:italic" xml:lang="nl">Bandjarmasin,</hi> p. 12 en <hi rend="font-size:8; font-family:Liberation Serif; font-style:italic" xml:lang="nl">Daghregisters,</hi> p. 646.<lb/></note><note xml:id="INT_56d37559-43f5-3597-95d0-35b1d4bda5a0.TEI.1.text.1.body.1.div.1.note.19" xml:lang="nl" rend="font-size: 8; text-align: justify; line-height: 8.9pt; margin-left: 2200" xmlns="http://www.tei-c.org/ns/1.0">2) De Makassaren.<lb/></note><pb xml:id="INT_56d37559-43f5-3597-95d0-35b1d4bda5a0.TEI.1.text.1.body.1.div.1.pb.3" n="409" facs="http://resources.huygens.knaw.nl/retroapp/service_generalemissiven/gm_04/images/gm_4_134_0409.tif"/><fw xml:id="INT_56d37559-43f5-3597-95d0-35b1d4bda5a0.TEI.1.text.1.body.1.div.1.fw.4" place="top" type="head" facs="#zone.4219156" xmlns="http://www.tei-c.org/ns/1.0">Van Goens, Speelman, Bort, Hurdt, Blom, Van Outhoom, enz. XIV, 13 oct. 1680</fw><fw xml:id="INT_56d37559-43f5-3597-95d0-35b1d4bda5a0.TEI.1.text.1.body.1.div.1.fw.5" place="top" type="page-number" facs="#zone.4219172" xmlns="http://www.tei-c.org/ns/1.0">409</fw><note xml:id="INT_56d37559-43f5-3597-95d0-35b1d4bda5a0.TEI.1.text.1.body.1.div.1.note.20" xml:lang="nl" place="inline" type="editorial-summary" resp="editor" rend="font-style: italic; line-height: 10.0pt; text-indent: 23.0pt; text-align: justify; font-size: 9" xmlns="http://www.tei-c.org/ns/1.0">(Mogelijk zal Daëng Mangika naar elders , bijv. Bomeo, vluchten).<lb/></note><p xml:id="INT_56d37559-43f5-3597-95d0-35b1d4bda5a0.TEI.1.text.1.body.1.div.1.p.15" xml:lang="nl" rend="font-size: 10; text-align: justify; line-height: 11.7pt; text-indent: 23.0pt" xmlns="http://www.tei-c.org/ns/1.0">Ondertusschen leven U Edle residenten niet buyten vreese, niettemin wel en<lb/> behoorl. op haer hoede, hebbende de logie met palissaatwerk gesloten ende tegens<lb/> een overval in matige detentie gebragt, want, eer den Pangerang Ardy in sijn huys<lb/> gearresteert wierde, scheen men ten hoove te geloven en te vresen, dat hij sig<lb/> nevens de Maccassaren selfs bij ’t leven van de vader stinde te opposeren en<lb/> vooreerst Compagnies logie om haer effecten in handen te krijgen te overrompelen.<lb/> Werdende de onse door de groten geadverteert met d’een of d’andere eenigen<lb/> ommegang te maeken en tegens deselve altijt verdagt te zijn. Sijnde aldaer tot<lb/> Palembang naer ’t vertrek van den Koning in de bovenlanden verschenen eenige<lb/> Lamponer <hi rend="font-size:10; font-family:Liberation Serif; vertical-align:super" xml:lang="nl">x)</hi> gecommitteerde om den Pangiran Ardy te versoeken, dat hij haren<lb/> bevelhebber wilde wesen, dog denselven hadt het antwoordt uytgestelt tot de<lb/> wederkomste van de vader. Ontrent onse residenten klaagden zij seer over de<lb/> onverdragelijke ge welden der Bantammers en dat sij wel genegen souden wesen<lb/> dat juck van den hals te werpen, indien de Comp.e haer onder de bescherminge<lb/> wilde aannemen, ’tgunt soo voor een discours is aangehoort, hoewel ’t niet onwaaragtig<lb/> is, dat hij seer veel lijden moet <hi rend="font-size:10; font-family:Liberation Serif; vertical-align:super" xml:lang="nl">1 2).</hi><lb/></p><note xml:id="INT_56d37559-43f5-3597-95d0-35b1d4bda5a0.TEI.1.text.1.body.1.div.1.note.21" xml:lang="nl" place="inline" type="editorial-summary" resp="editor" rend="font-style: italic; line-height: 12.0pt; text-indent: 23.0pt; text-align: justify; font-size: 9" xmlns="http://www.tei-c.org/ns/1.0">(Op de toezegging van den Koning van Djambi de loge te zullen repareren valt<lb/> geen staat te maken <hi rend="font-size:9; font-family:Liberation Serif; font-weight:bold; letter-spacing:0.5pt" xml:lang="nl">) .</hi><lb/></note><p xml:id="INT_56d37559-43f5-3597-95d0-35b1d4bda5a0.TEI.1.text.1.body.1.div.1.p.16" xml:lang="nl" rend="font-size: 10; text-align: justify; line-height: 12.0pt; text-indent: 23.0pt" xmlns="http://www.tei-c.org/ns/1.0">Andersinds toonden hij sig seer genegen en wel te spreken, met verklaringe<lb/> dat hij niemant als alleen d’E. Compagnie admitteren wilde om onder sijn gebiet den<lb/> peper te negotiëren.<lb/></p><note xml:id="INT_56d37559-43f5-3597-95d0-35b1d4bda5a0.TEI.1.text.1.body.1.div.1.note.22" xml:lang="nl" place="inline" type="editorial-summary" resp="editor" rend="font-size: 9; font-style: italic; text-align: right; line-height: 10.0pt" xmlns="http://www.tei-c.org/ns/1.0">(Het heropende kantoortje te Djambi zal vooreerst onder Palembang ressorteren) <hi rend="font-size:9; font-family:Liberation Serif; font-weight:bold; letter-spacing:0.5pt" xml:lang="nl">.</hi><lb/></note><p xml:id="INT_56d37559-43f5-3597-95d0-35b1d4bda5a0.TEI.1.text.1.body.1.div.1.p.17" xml:lang="nl" rend="font-size: 10; text-align: justify; line-height: 11.7pt; text-indent: 23.0pt" xmlns="http://www.tei-c.org/ns/1.0">Van witte peper konnen wij U Edle tegen woordigh geen toesegginge doen,<lb/> ten aansien de peperverkopers op Palembang daervan de regte handelinge <hi rend="font-size:10; font-family:Liberation Serif; vertical-align:super" xml:lang="nl">3)</hi><lb/>niet hebben.<lb/></p><note xml:id="INT_56d37559-43f5-3597-95d0-35b1d4bda5a0.TEI.1.text.1.body.1.div.1.note.23" xml:lang="nl" place="inline" type="editorial-summary" resp="editor" rend="font-style: italic; line-height: 10.0pt; text-indent: 23.0pt; text-align: justify; font-size: 9" xmlns="http://www.tei-c.org/ns/1.0">(Uit Indragiri is vernomen , dat <hi rend="font-size:9; font-family:Liberation Serif; font-weight:bold; letter-spacing:0.5pt" xml:lang="nl">-</hi> )<lb/></note><p xml:id="INT_56d37559-43f5-3597-95d0-35b1d4bda5a0.TEI.1.text.1.body.1.div.1.p.18" resp="int_paragraph_joining" rend="">
              - de regenten onse verlate logie en goederen onder hare bewaringe<lb xmlns="http://www.tei-c.org/ns/1.0"/>hadde genomen en seer verlangen, datter weder ij mant van onsent wegen derwaerts<lb xmlns="http://www.tei-c.org/ns/1.0"/> om te resideren gesonden wiert.<lb xmlns="http://www.tei-c.org/ns/1.0"/>
            </p><note xml:id="INT_56d37559-43f5-3597-95d0-35b1d4bda5a0.TEI.1.text.1.body.1.div.1.note.24" xml:lang="nl" place="inline" type="editorial-summary" resp="editor" rend="font-style: italic; line-height: 11.7pt; text-indent: 23.0pt; text-align: justify; font-size: 9" xmlns="http://www.tei-c.org/ns/1.0">(Men beschikt niet over Europese geschenken voor Koning en groten van Siam,<lb/> ivaar <hi rend="font-size:9; font-family:Liberation Serif; font-weight:bold; letter-spacing:0.5pt" xml:lang="nl">/.</hi> 93 750 aan contanten is; tin, waarop door de grote handel der concurrenten<lb/> maar weinig winst valt, maar „sagjes” in te kopen; Abbema heeft tegen de orders in<lb/> het oud-opperhoofd in Siam De Jongh niet aan de Kaap laten debarkeren; het is<lb/></note><note xml:id="INT_56d37559-43f5-3597-95d0-35b1d4bda5a0.TEI.1.text.1.body.1.div.1.note.25" xml:lang="nl" rend="font-size: 7.5; text-align: justify; line-height: 9.6pt; margin-left: 2300" xmlns="http://www.tei-c.org/ns/1.0">1) Lampongse.<lb/></note><note xml:id="INT_56d37559-43f5-3597-95d0-35b1d4bda5a0.TEI.1.text.1.body.1.div.1.note.26" xml:lang="nl" rend="font-size: 7.5; text-align: justify; line-height: 9.6pt; margin-left: 2300" xmlns="http://www.tei-c.org/ns/1.0">2) Juister is: sij seer veel lijden moeten.<lb/></note><note xml:id="INT_56d37559-43f5-3597-95d0-35b1d4bda5a0.TEI.1.text.1.body.1.div.1.note.27" xml:lang="nl" rend="font-size: 7.5; text-align: justify; line-height: 9.6pt; text-indent: 23.0pt" xmlns="http://www.tei-c.org/ns/1.0">3) Behandeling. De witte en de zwarte peper, zoals ze in de handel bekend waren, ontstonden<lb/> door een verschillende behandeling van hetzelfde materiaal, vgl. <hi rend="font-size:7.5; font-family:Liberation Serif; font-style:italic" xml:lang="nl">Encyclopaedie,</hi> III,<lb/> p. 384.<lb/></note><pb xml:id="INT_56d37559-43f5-3597-95d0-35b1d4bda5a0.TEI.1.text.1.body.1.div.1.pb.4" n="410" facs="http://resources.huygens.knaw.nl/retroapp/service_generalemissiven/gm_04/images/gm_4_134_0410.tif"/><fw xml:id="INT_56d37559-43f5-3597-95d0-35b1d4bda5a0.TEI.1.text.1.body.1.div.1.fw.6" place="top" type="page-number" facs="#zone.4222514" xmlns="http://www.tei-c.org/ns/1.0">410</fw><fw xml:id="INT_56d37559-43f5-3597-95d0-35b1d4bda5a0.TEI.1.text.1.body.1.div.1.fw.7" place="top" type="head" facs="#zone.4222518" xmlns="http://www.tei-c.org/ns/1.0">Van Goens, Speelman, Bort, Hurdt, Blom, Van Outhoom, enz. XIV, 13 oct. 1680</fw><note xml:id="INT_56d37559-43f5-3597-95d0-35b1d4bda5a0.TEI.1.text.1.body.1.div.1.note.28" xml:lang="nl" place="inline" type="editorial-summary" resp="editor" rend="font-size: 9; font-style: italic; text-align: justify; line-height: 11.7pt" xmlns="http://www.tei-c.org/ns/1.0">uiterst moeilijk bewijzen te vinden voor knoeierij op de buitenkantoren, die daar<lb/> bovendien gemakkelijk te plegen is; voor de onderhandelingen met de Chinese gezanten<lb/> vergelijke men behalve de <hi rend="font-size:10; font-family:Liberation Serif" xml:lang="nl">Daghregisters</hi> 1680 <hi rend="font-size:10; font-family:Liberation Serif" xml:lang="nl">Beschrijvinge</hi> II, I, p. 745-746, dat<lb/> grotendeels met onze tekst gelijkluidend is; de beide p. 746 genoemde Nederlandse<lb/> gezanten zijn <hi rend="font-size:10; font-family:Liberation Serif" xml:lang="nl">- )</hi><lb/></note><p xml:id="INT_56d37559-43f5-3597-95d0-35b1d4bda5a0.TEI.1.text.1.body.1.div.1.p.19" resp="int_paragraph_joining" rend="">
              - goede Nederlandse edelluyden van bekenden huyse, daar in China<lb xmlns="http://www.tei-c.org/ns/1.0"/>op gesien wert <hi rend="font-size:10; font-family:Liberation Serif; vertical-align:super" xml:lang="nl" xmlns="http://www.tei-c.org/ns/1.0">1).</hi><lb xmlns="http://www.tei-c.org/ns/1.0"/>
            </p><note xml:id="INT_56d37559-43f5-3597-95d0-35b1d4bda5a0.TEI.1.text.1.body.1.div.1.note.29" xml:lang="nl" place="inline" type="editorial-summary" resp="editor" rend="font-style: italic; line-height: 12.0pt; text-indent: 22.0pt; text-align: justify; font-size: 9" xmlns="http://www.tei-c.org/ns/1.0">(Zij moeten de brief van de Hoge Regering te Peking aan den Keizer of zijn<lb/> gemachtigden verzegeld aanbieden en niet te Fu-Tsjou af geven; mocht men hen daartoe<lb/> willen dwingen, dan moeten zij direct vertrekken; ook de brieven aan de autoriteiten<lb/> te Fu-Tsjou moeten rechtstreeks worden af gegeven)<lb/></note><p xml:id="INT_56d37559-43f5-3597-95d0-35b1d4bda5a0.TEI.1.text.1.body.1.div.1.p.20" xml:lang="nl" rend="font-size: 10; text-align: justify; line-height: 11.7pt; text-indent: 22.0pt" xmlns="http://www.tei-c.org/ns/1.0">Zijnde int eynde van de laeste conferentie notoir gebleken de sorge, die de<lb/> gesanten <hi rend="font-size:10; font-family:Liberation Serif; vertical-align:super" xml:lang="nl">2)</hi> hebben gedragen, ten eynde in ons schrijven aan de Keyser de Hoksieuwse<lb/> regenten niet beschuldigt ofte eenige aensto telijkheden tharen laste<lb/> daerin gebruykt mogte werden, als wanneer sij onse saken allenthalven ten beste<lb/> wilden helpen schicken en d’onse allesints behulpsaam sijn, of andersinds dat zij<lb/> dan ook genoodsaekt zouden wesen daertegens haer gravamïnas in te brengen.<lb/><hi rend="font-size:7.5; font-family:Liberation Serif" xml:lang="nl">Fol. 42r-v.</hi><lb/></p><note xml:id="INT_56d37559-43f5-3597-95d0-35b1d4bda5a0.TEI.1.text.1.body.1.div.1.note.30" xml:lang="nl" place="inline" type="editorial-summary" resp="editor" rend="font-style: italic; line-height: 11.7pt; text-indent: 22.0pt; text-align: justify; font-size: 9" xmlns="http://www.tei-c.org/ns/1.0">(Zij hebben niet om voorlezing of afschriften van die brieven gevraagd; wel is<lb/> op hun verzoek een acte verleend, houdend, dat zij hun uiterste best deden voor hun<lb/> zending; een verering werd hun niet verleend, daar zij geen geschenken meebrachten).<lb/></note><p xml:id="INT_56d37559-43f5-3597-95d0-35b1d4bda5a0.TEI.1.text.1.body.1.div.1.p.21" xml:lang="nl" rend="font-size: 10; text-align: justify; line-height: 11.7pt; text-indent: 22.0pt" xmlns="http://www.tei-c.org/ns/1.0">Alleen is tot recompense van 100 gesorteerde stoffen, die den stadhouder<lb/> sonder daervan in sijnen brief te melden aan ons gesonden heeft, weder teruggestiert<lb/> de waardye van dien, almede sonder daervan in ons schrijven aen sijn<lb/> excell.1® eenige mentie te maeken.<lb/></p><note xml:id="INT_56d37559-43f5-3597-95d0-35b1d4bda5a0.TEI.1.text.1.body.1.div.1.note.31" xml:lang="nl" place="inline" type="editorial-summary" resp="editor" rend="font-style: italic; line-height: 10.0pt; text-indent: 22.0pt; text-align: justify; font-size: 9" xmlns="http://www.tei-c.org/ns/1.0">( De schepen zullen te Ting-hay buiten de macht der Chinezen blijven).<lb/></note><p xml:id="INT_56d37559-43f5-3597-95d0-35b1d4bda5a0.TEI.1.text.1.body.1.div.1.p.22" xml:lang="nl" rend="font-size: 10; text-align: justify; line-height: 12.0pt; text-indent: 22.0pt" xmlns="http://www.tei-c.org/ns/1.0">Zullende sijn e. <hi rend="font-size:10; font-family:Liberation Serif; vertical-align:super" xml:lang="nl">3)</hi> om in taansien van de Chinesen met te meerder aansien<lb/> bekleet te wesen in Hoksieuw de rang boven het opperhooft, den coopman Joann.8<lb/> Leeuwenson <hi rend="font-size:10; font-family:Liberation Serif; vertical-align:super" xml:lang="nl">4 * * *),</hi> hebben en den secunde naest denselven als de derde geconsidereert<lb/> werden, sonderdat se hun een van beyde met de negotie sullen hebben te bemoeyen.<lb/><hi rend="font-size:7.5; font-family:Liberation Serif" xml:lang="nl">Fol. 43v.</hi><lb/></p><note xml:id="INT_56d37559-43f5-3597-95d0-35b1d4bda5a0.TEI.1.text.1.body.1.div.1.note.32" xml:lang="nl" rend="font-size: 7.5; text-align: justify; line-height: 9.6pt; text-indent: 22.0pt" xmlns="http://www.tei-c.org/ns/1.0">1) Aanvankelijk waren twee officieren van adel aangewezen. Abraham van Renesse en<lb/> Hendrik van den Eeden. Wegens ziekte werd de eerste op zijn verzoek hiervan vrijgesteld;<lb/> de onderkoopman Jan Jacob van Merwede werd als secunde aan Van den Eeden toegevoegd.<lb/> Het lijkt weinig waarschijnlijk, dat men in China gaarne Nederlandse lieden van adellijken<lb/> huize zou zien verschijnen.<lb/></note><note xml:id="INT_56d37559-43f5-3597-95d0-35b1d4bda5a0.TEI.1.text.1.body.1.div.1.note.33" xml:lang="nl" rend="font-size: 7.5; text-align: justify; line-height: 9.6pt; margin-left: 2200" xmlns="http://www.tei-c.org/ns/1.0">2) NI. die uit China te Batavia.<lb/></note><note xml:id="INT_56d37559-43f5-3597-95d0-35b1d4bda5a0.TEI.1.text.1.body.1.div.1.note.34" xml:lang="nl" rend="font-size: 7.5; text-align: justify; line-height: 9.6pt; margin-left: 2200" xmlns="http://www.tei-c.org/ns/1.0">3) Van den Eeden.<lb/></note><note xml:id="INT_56d37559-43f5-3597-95d0-35b1d4bda5a0.TEI.1.text.1.body.1.div.1.note.35" xml:lang="nl" rend="font-size: 7.5; text-align: justify; line-height: 9.6pt; margin-left: 2100" xmlns="http://www.tei-c.org/ns/1.0">4) Johannes Leeuwenson reisde na een termijn in de lagere rangen van de V.O.C.<lb/></note><note xml:id="INT_56d37559-43f5-3597-95d0-35b1d4bda5a0.TEI.1.text.1.body.1.div.1.note.36" xml:lang="nl" rend="font-size: 7.5; text-align: justify; line-height: 9.6pt" xmlns="http://www.tei-c.org/ns/1.0">1674-1675 over land van India naar Nederland; in juni 1684 werd hij van koopman opper¬<lb/></note><note xml:id="INT_56d37559-43f5-3597-95d0-35b1d4bda5a0.TEI.1.text.1.body.1.div.1.note.37" xml:lang="nl" rend="font-size: 7.5; text-align: justify; line-height: 9.6pt" xmlns="http://www.tei-c.org/ns/1.0">koopman, toen al jaren opperhoofd ter kust van China in Fu-tsjou, waar hij tot in 1686<lb/></note><note xml:id="INT_56d37559-43f5-3597-95d0-35b1d4bda5a0.TEI.1.text.1.body.1.div.1.note.38" xml:lang="nl" rend="font-size: 7.5; text-align: justify; line-height: 9.6pt" xmlns="http://www.tei-c.org/ns/1.0">werkzaam was, hij repatrieerde in 1688.<lb/></note><pb xml:id="INT_56d37559-43f5-3597-95d0-35b1d4bda5a0.TEI.1.text.1.body.1.div.1.pb.5" n="411" facs="http://resources.huygens.knaw.nl/retroapp/service_generalemissiven/gm_04/images/gm_4_134_0411.tif"/><fw xml:id="INT_56d37559-43f5-3597-95d0-35b1d4bda5a0.TEI.1.text.1.body.1.div.1.fw.8" place="top" type="head" facs="#zone.4224747" xmlns="http://www.tei-c.org/ns/1.0">Van Goens, Speelman, Bort, Hurdt, Blom, Van Outhoom, enz. XIV, 13 oct. 1680</fw><fw xml:id="INT_56d37559-43f5-3597-95d0-35b1d4bda5a0.TEI.1.text.1.body.1.div.1.fw.9" place="top" type="page-number" facs="#zone.4224763" xmlns="http://www.tei-c.org/ns/1.0">411</fw><note xml:id="INT_56d37559-43f5-3597-95d0-35b1d4bda5a0.TEI.1.text.1.body.1.div.1.note.39" xml:lang="nl" place="inline" type="editorial-summary" resp="editor" rend="font-style: italic; line-height: 12.6pt; text-indent: 22.0pt; text-align: justify; font-size: 9" xmlns="http://www.tei-c.org/ns/1.0">(De Hoge Regering verwacht weinig van deze bezending; mocht het meevallen ,<lb/> dan zonden <hi rend="font-size:10; font-family:Liberation Serif" xml:lang="nl">-</hi> )<lb/></note><p xml:id="INT_56d37559-43f5-3597-95d0-35b1d4bda5a0.TEI.1.text.1.body.1.div.1.p.23" resp="int_paragraph_joining" rend="">
              - wij liever een permanent agent off resident aant Peckinse hof willen<lb xmlns="http://www.tei-c.org/ns/1.0"/>houden als jaarlijx na de modo van Japan of somwijlen derwaerts een statieuse<lb xmlns="http://www.tei-c.org/ns/1.0"/> besendinge te doen en waertoe wij vooreerst, indien het den Keyser soo quam goet<lb xmlns="http://www.tei-c.org/ns/1.0"/> te vinden, geordonneert hebben te mogen gebruyken den ondercoopman Van<lb xmlns="http://www.tei-c.org/ns/1.0"/> Merwe *), verselt met den opperchirurgijn en twe van de geschikste en bequaamste<lb xmlns="http://www.tei-c.org/ns/1.0"/> soldaten.<lb xmlns="http://www.tei-c.org/ns/1.0"/>
            </p><note xml:id="INT_56d37559-43f5-3597-95d0-35b1d4bda5a0.TEI.1.text.1.body.1.div.1.note.40" xml:lang="nl" place="inline" type="editorial-summary" resp="editor" rend="font-style: italic; line-height: 11.7pt; text-indent: 22.0pt; text-align: justify; font-size: 9" xmlns="http://www.tei-c.org/ns/1.0">(Dan volgt , naar de inhond gelijk, wat ie afgedrukt <hi rend="font-size:10; font-family:Liberation Serif" xml:lang="nl">Beschrijvinge</hi> II, I, p.<lb/> 747 tweede alinea; zo nodig mogen de gezanten het kantoor in Fu-Tsjou lichten;<lb/> gegevens Japan, vgl. ibid. p. 407; daar vooral koper in te kopen; 8000 <hi rend="font-size:10; font-family:Liberation Serif" xml:lang="nl">®</hi> kamfer<lb/> voor patria kon nog niet besteld worden; in juni vertrokken een Engels en een Frans<lb/> schip van Bantam naar Tonkin met vrij veel contanten; aldaar zal de V.O.C.muscus<lb/> en pélings kopen; het opperhoofd heeft last de goederen aldaar, ruim f. 30 000<lb/> waard, tegen marktwaarde te verkopen; thans is de verhouding tot Naning en Renibau<lb/> goed; het scheepje van den Armeniër de la Croux, dat te Malakka was aangehouden<lb/> wegens overtreding van de zeepas, is op last van de Hoge Regering vrijgegeven tegen<lb/> borgtocht van 2500 rsd.)<lb/></note><p xml:id="INT_56d37559-43f5-3597-95d0-35b1d4bda5a0.TEI.1.text.1.body.1.div.1.p.24" resp="int_paragraph_joining" rend="">
              Het getuygenis der mijnerye <hi rend="font-size:10; font-family:Liberation Serif; vertical-align:super" xml:lang="nl" xmlns="http://www.tei-c.org/ns/1.0">1 2)</hi> bij die van den laesten februarij nog veel<lb xmlns="http://www.tei-c.org/ns/1.0"/> slegter is als ooyd voorheene, want zij vertonen daerbij, dat in de maand december<lb xmlns="http://www.tei-c.org/ns/1.0"/> 1679 niet meer en was ingewonnen als 89 eerste en twede soort, erts, inhoudende<lb xmlns="http://www.tei-c.org/ns/1.0"/> aen fijn gout en silver 2 marken 11 loot 1 grijn <hi rend="font-size:10; font-family:Liberation Serif; vertical-align:super" xml:lang="nl" xmlns="http://www.tei-c.org/ns/1.0">3),</hi> ’tgeen volgens den assay in<lb xmlns="http://www.tei-c.org/ns/1.0"/>geit waardigh is . f. 125.14.1.<lb xmlns="http://www.tei-c.org/ns/1.0"/>Item in de maand januarij 153 ® van rijker soorte, inhoudende<lb xmlns="http://www.tei-c.org/ns/1.0"/>5 marck 4 loot 8 grayn en in waardye . . 237.12.7,<lb xmlns="http://www.tei-c.org/ns/1.0"/>dat voor waar sober is.<lb xmlns="http://www.tei-c.org/ns/1.0"/>
            </p><note xml:id="INT_56d37559-43f5-3597-95d0-35b1d4bda5a0.TEI.1.text.1.body.1.div.1.note.41" xml:lang="nl" place="inline" type="editorial-summary" resp="editor" rend="font-style: italic; line-height: 11.7pt; text-indent: 22.0pt; text-align: justify; font-size: 9" xmlns="http://www.tei-c.org/ns/1.0">(Klachten over het personeel aldaar, dat deels onkundig, deels eigenwijs is; de<lb/> strijd tegen Putih gaat niet gunstig en dat nog wel, terwijl de gezanten van den<lb/> Keizer van Minangkabau aanwezig waren; diens woonplaats wordt, vgl. <hi rend="font-size:10; font-family:Liberation Serif" xml:lang="nl">Daghregisters</hi><lb/>1680, p. 128, hier Negur gespeld; Van Outhoom, vgl. ibid. p. 179, is in commissie<lb/> naar de Westkust benoemd, <hi rend="font-size:10; font-family:Liberation Serif" xml:lang="nl">-</hi> )<lb/></note><p xml:id="INT_56d37559-43f5-3597-95d0-35b1d4bda5a0.TEI.1.text.1.body.1.div.1.p.25" xml:lang="nl" rend="font-size: 10; text-align: justify; line-height: 11.7pt; text-indent: 22.0pt" xmlns="http://www.tei-c.org/ns/1.0">- maer het heeft zijn e. believen te verklaren, dat hij sig in dese constitutie<lb/> van tijden en saeken alhier niet gedisponneert en bevont om in dese of<lb/> eenige andere commissie buyten Batavia te gaan en dat hij de vergaderinge bedankte<lb/> voor d’eere, die deselve zijn e. met het opleggen deser commissie hadde<lb/> aangedaen; verders versoekende, dese zijne verklaringe bij ons niet qualigh mogte<lb/> opgenomen werden.<lb/></p><note xml:id="INT_56d37559-43f5-3597-95d0-35b1d4bda5a0.TEI.1.text.1.body.1.div.1.note.42" xml:lang="nl" rend="font-size: 7.5; line-height: 9.3pt; text-indent: 22.0pt" xmlns="http://www.tei-c.org/ns/1.0">1) Jan Jacob van Merwede, klerk ter secretarie, werd in verband met zijn zending naar<lb/> China tot onderkoopman bevorderd.<lb/></note><note xml:id="INT_56d37559-43f5-3597-95d0-35b1d4bda5a0.TEI.1.text.1.body.1.div.1.note.43" xml:lang="nl" rend="font-size: 7.5; text-align: justify; line-height: 9.3pt; margin-left: 2100" xmlns="http://www.tei-c.org/ns/1.0">2) Het getuigenis over het mijnwezen, vgl. <hi rend="font-size:7.5; font-family:Liberation Serif; font-style:italic" xml:lang="nl">Beschrijvinge</hi> II, I, bijlage II op p. 292 vlg.<lb/></note><note xml:id="INT_56d37559-43f5-3597-95d0-35b1d4bda5a0.TEI.1.text.1.body.1.div.1.note.44" xml:lang="nl" rend="font-size: 7.5; text-align: justify; line-height: 9.3pt; margin-left: 2100" xmlns="http://www.tei-c.org/ns/1.0">3) 1 mark = 16 lood = 288 grein.<lb/></note><pb xml:id="INT_56d37559-43f5-3597-95d0-35b1d4bda5a0.TEI.1.text.1.body.1.div.1.pb.6" n="412" facs="http://resources.huygens.knaw.nl/retroapp/service_generalemissiven/gm_04/images/gm_4_134_0412.tif"/><fw xml:id="INT_56d37559-43f5-3597-95d0-35b1d4bda5a0.TEI.1.text.1.body.1.div.1.fw.10" place="top" type="page-number" facs="#zone.4227082" xmlns="http://www.tei-c.org/ns/1.0">412</fw><fw xml:id="INT_56d37559-43f5-3597-95d0-35b1d4bda5a0.TEI.1.text.1.body.1.div.1.fw.11" place="top" type="head" facs="#zone.4227086" xmlns="http://www.tei-c.org/ns/1.0">Van Goens, Speelman, Bort, Hurdt, Blom, Van Outhoom, enz. XIV, 13 oct. 1680</fw><note xml:id="INT_56d37559-43f5-3597-95d0-35b1d4bda5a0.TEI.1.text.1.body.1.div.1.note.45" xml:lang="nl" place="inline" type="editorial-summary" resp="editor" rend="font-style: italic; line-height: 11.7pt; text-indent: 24.0pt; text-align: justify; font-size: 9" xmlns="http://www.tei-c.org/ns/1.0">(Men beschikt nog steeds niet over ervaren deskundigen; de commissie , vermeld<lb/> t.a.p <hi rend="font-size:9; font-family:Liberation Serif" xml:lang="nl">.,</hi> zal 150 van de beste Europese soldaten en een compagnie inlandse meekrijgen;<lb/> zij moet zich ook uitspreken over de wenselijkheid de hoofdplaats van Padang naar<lb/> Salida over te brengen; nog 50 soldaten zullen volgen , bij de mijn is voldoende personeel ,<lb/> zowel Europees als slaven; de schipper van de vergane Swartsluys moet zich voor<lb/> den rechter verantwoorden , ook voor het inladen van te weinig rijst in Arakan ).<lb/></note><p xml:id="INT_56d37559-43f5-3597-95d0-35b1d4bda5a0.TEI.1.text.1.body.1.div.1.p.26" xml:lang="nl" rend="font-size: 9; text-align: justify; line-height: 11.7pt; text-indent: 24.0pt" xmlns="http://www.tei-c.org/ns/1.0">Wij en sijn sedert eenige tijd door onse borgers niet versogt om passé op<lb/> Arracan, want de smalle equipagie derselve op sulke lange reyse te kostelijk valt,<lb/> maer van Malacca is daerheene gepermitteert den borger Reinier Bronke met sijn<lb/> chialoup tot het overhalen van rijs op verbeurte van alles, indien hij yets anders<lb/> van daar quam mede te brengen.<lb/></p><note xml:id="INT_56d37559-43f5-3597-95d0-35b1d4bda5a0.TEI.1.text.1.body.1.div.1.note.46" xml:lang="nl" place="inline" type="editorial-summary" resp="editor" rend="font-style: italic; line-height: 11.7pt; text-indent: 24.0pt; text-align: justify; font-size: 9" xmlns="http://www.tei-c.org/ns/1.0">(Vonk, opperhoofd in Arakan, moet zuinig huishouden en trachten slaven op<lb/> te kopen; uit Suratte zijn via Ceylon naar Bengalen 400 000 ropia gezonden, met<lb/> wat uit Batavia is gekomen, beschikt men er nu over meer kapitaal dan in voorafgaande<lb/> jaren; naar verhouding valt er minder te verkopen dan in andere gewesten;<lb/> minstens 50 000 <hi rend="font-size:9; font-family:Liberation Serif" xml:lang="nl">®</hi> amfioen van daar geëist, behalve nog wat Malabar nodig heeft;<lb/> men verkoopt er liever veel van dan dat men hoge prijzen maakt op kleine partijen;<lb/> er wordt weinig spek meer uit Bengalen geëist, daar het uit Europa goedkoop is te<lb/> krijgen; zeildoek ivordt er niet meer ingekocht, wel lont; de 80-jarige Sha'istakhan<lb/> zou voor het gouvernement van Bengalen 300 ton betaald hebben; de Groot-Mogol<lb/> heeft het af geperste bedrag van 196 000 ropia op zijn rekening overgenomen; getracht<lb/> wordt in Coromandel de nodige „verbeteringen in tverval der lijwalen <hi rend="font-size:9; font-family:Liberation Serif" xml:lang="nl">”</hi> te verkrijgen).<lb/></note><p xml:id="INT_56d37559-43f5-3597-95d0-35b1d4bda5a0.TEI.1.text.1.body.1.div.1.p.27" resp="int_paragraph_joining" rend="">
              - Het sterk woelen van de heeren Engelse met sulke excessive grote<lb xmlns="http://www.tei-c.org/ns/1.0"/>capitalen daartoe geen cleene, soo niet de grootste, oorsaeke geeft.<lb xmlns="http://www.tei-c.org/ns/1.0"/>
            </p><note xml:id="INT_56d37559-43f5-3597-95d0-35b1d4bda5a0.TEI.1.text.1.body.1.div.1.note.47" xml:lang="nl" place="inline" type="editorial-summary" resp="editor" rend="font-style: italic; line-height: 11.4pt; text-indent: 24.0pt; text-align: justify; font-size: 9" xmlns="http://www.tei-c.org/ns/1.0">( Personeel, dat slechte kwaliteit inkocht, zal gestraft ivorden; diefstallen door<lb/> het eigen personeel; bepaald is, <hi rend="font-size:9; font-family:Liberation Serif" xml:lang="nl">-</hi> )<lb/></note><p xml:id="INT_56d37559-43f5-3597-95d0-35b1d4bda5a0.TEI.1.text.1.body.1.div.1.p.28" resp="int_paragraph_joining" rend="">
              - dat de schippers met haar eygen volk de chiampan, die se tot het<lb xmlns="http://www.tei-c.org/ns/1.0"/>lossen en laden van haer scheepen van noden hebben, moeten voeren en waarnemen<lb xmlns="http://www.tei-c.org/ns/1.0"/> en in suiker voege voor alles caveren; ’twelk sig heel wel inschikt, want het<lb xmlns="http://www.tei-c.org/ns/1.0"/> niet alleen werk spoeyt, maer het baart de scheepsoverheden soowel als ons ook<lb xmlns="http://www.tei-c.org/ns/1.0"/> gerustheyt, alsoo ’t nu niet van noden is de adsistenten uyt de pakhuysen de<lb xmlns="http://www.tei-c.org/ns/1.0"/> chiampans te laten waarnemen of daertoe soldaten te employeren, alsser afschepinge<lb xmlns="http://www.tei-c.org/ns/1.0"/> gedaan wiert.<lb xmlns="http://www.tei-c.org/ns/1.0"/>
            </p><note xml:id="INT_56d37559-43f5-3597-95d0-35b1d4bda5a0.TEI.1.text.1.body.1.div.1.note.48" xml:lang="nl" place="inline" type="editorial-summary" resp="editor" rend="font-style: italic; line-height: 11.7pt; text-indent: 24.0pt; text-align: justify; font-size: 9" xmlns="http://www.tei-c.org/ns/1.0">( Verdacht voorkomende pakken textiel moeten zij direct openmaken; bij venduties<lb/> te Batavia zorgen de kopers daar zelf voor behalve bij de allergoedkoopste soorten;<lb/> voortaan zullen enige van de pakken, bestemd voor patria, ook worden doorzocht; de<lb/> schade door de overstroming in Masulipatam viel mee; de waarde der goederen in de<lb/> Oostenburg voor patria, vermeld <hi rend="font-size:9; font-family:Liberation Serif" xml:lang="nl">Daghregisters</hi> 1680 p. 630, is f. 25 194.7.1, voor<lb/> Ceylon f. 23 115.5.1; op Ceylon is het rustig; Pijl treedt er verstandig op; gebruik<lb/> van de daar gestationeerde ,, katten <hi rend="font-size:9; font-family:Liberation Serif" xml:lang="nl">”,</hi> o.a. voor vervoer van areca naar Suratte; over<lb/> de inkomsten uit de parelvisserij valt nog niets te vermelden; )<lb/></note><pb xml:id="INT_56d37559-43f5-3597-95d0-35b1d4bda5a0.TEI.1.text.1.body.1.div.1.pb.7" n="413" facs="http://resources.huygens.knaw.nl/retroapp/service_generalemissiven/gm_04/images/gm_4_134_0413.tif"/><fw xml:id="INT_56d37559-43f5-3597-95d0-35b1d4bda5a0.TEI.1.text.1.body.1.div.1.fw.12" place="top" type="head" facs="#zone.4229491" xmlns="http://www.tei-c.org/ns/1.0">Van Goens, Speelman, Bort, Hurdt, Blom, Van Outhoom, enz. XIV, 13 oct. 1680</fw><fw xml:id="INT_56d37559-43f5-3597-95d0-35b1d4bda5a0.TEI.1.text.1.body.1.div.1.fw.13" place="top" type="page-number" facs="#zone.4229507" xmlns="http://www.tei-c.org/ns/1.0">413</fw><p xml:id="INT_56d37559-43f5-3597-95d0-35b1d4bda5a0.TEI.1.text.1.body.1.div.1.p.29" resp="int_paragraph_joining" rend="">
              - de visitens geschieden wel, maer de schulpen sijn altijd nog ontijdig<lb xmlns="http://www.tei-c.org/ns/1.0"/>en dat heeft nu alsoo veel jaren geduurt.<lb xmlns="http://www.tei-c.org/ns/1.0"/>
            </p><note xml:id="INT_56d37559-43f5-3597-95d0-35b1d4bda5a0.TEI.1.text.1.body.1.div.1.note.49" xml:lang="nl" place="inline" type="editorial-summary" resp="editor" rend="font-style: italic; line-height: 11.7pt; text-indent: 23.0pt; text-align: justify; font-size: 9" xmlns="http://www.tei-c.org/ns/1.0">( De bouw van boten bij Ceylon stopgezet , deels omdat het hout daar niet deugt;<lb/> in Malabar brengt een <hi rend="font-size:8; font-family:Liberation Serif" xml:lang="nl">®</hi> amjioen 50 <hi rend="font-size:8; font-family:Liberation Serif" xml:lang="nl">®</hi> peper op, terwijl ze te Batavia veel meer<lb/> opbrengt nl. 260 tot 320 rsd. per picol; 100 soldaten ter aflossing naar Malabar gezonden;<lb/> het blijkt, dat daar „de bedongen praerogativen door magt en ontscu/h dienen<lb/> gemaincteneert te werden”; er is netto f. 115 230.10.13 gewonnen, waarvan f. 84 225.<lb/> 16.14 in Canara; de peper kost er f. 51 de 500 <hi rend="font-size:8; font-family:Liberation Serif" xml:lang="nl">'ffi;</hi> een fictieve boekwinst bij de inkoop<lb/> door de verrekening van diverse muntsoorten mag niet meer worden opgebracht; rust<lb/> is er nodig; gunstige verkoop in Suratte; men heeft daar maar 200 000 ropia<lb/> schuld).<lb/></note><p xml:id="INT_56d37559-43f5-3597-95d0-35b1d4bda5a0.TEI.1.text.1.body.1.div.1.p.30" xml:lang="nl" rend="font-size: 10; text-align: justify; line-height: 12.0pt; text-indent: 23.0pt" xmlns="http://www.tei-c.org/ns/1.0">De revolutiën in ’t Mogols landt groot en bijnaer generaal, sulx ook de wegen<lb/> seer onveyl en onreysbaer zijn.<lb/></p><p xml:id="INT_56d37559-43f5-3597-95d0-35b1d4bda5a0.TEI.1.text.1.body.1.div.1.p.31" xml:lang="nl" rend="font-size: 10; text-align: justify; line-height: 11.7pt; text-indent: 23.0pt" xmlns="http://www.tei-c.org/ns/1.0">Dit veroorsaekte alleen de gepretenteerde heyligheyt van den verwaanden<lb/> Mogol, die door het aenstellen van een nooyt gehoorde hooftgelt, geen ander<lb/> opsigt heeft als de heydenen, die geen vermogen hebben, tot het Moordom te<lb/> trecken, waermet zij van die schattinge bevrijd zijn, want het de Mahumetanen<lb/> niet en raekt en is den ouden Vorst soo onbeschaamd, dat hij de Compagnie en<lb/> andre Europeërs in plaats van hooftgelt met 1£ p.r cento vermeerderingh van thol<lb/> beswaart heeft, daer hij nogtans, doen den directeur Adrichem als gesant ten<lb/> hove was, de Compagnie desel ve geremitteert of quijdtgescholden hadt <hi rend="font-size:10; font-family:Liberation Serif; vertical-align:super" xml:lang="nl">x).</hi><lb/></p><note xml:id="INT_56d37559-43f5-3597-95d0-35b1d4bda5a0.TEI.1.text.1.body.1.div.1.note.50" xml:lang="nl" place="inline" type="editorial-summary" resp="editor" rend="font-style: italic; line-height: 10.0pt; text-indent: 23.0pt; text-align: justify; font-size: 9" xmlns="http://www.tei-c.org/ns/1.0">( De Compagnie betaalde onder protest.)<lb/></note><p xml:id="INT_56d37559-43f5-3597-95d0-35b1d4bda5a0.TEI.1.text.1.body.1.div.1.p.32" xml:lang="nl" rend="font-size: 10; text-align: justify; line-height: 11.7pt; text-indent: 23.0pt" xmlns="http://www.tei-c.org/ns/1.0">Terwijle desen priesterlijken Coning sig nu daermet werk geeft en sijn gandsche<lb/> rijk op de been en in onrust hout, soo weet Siwagie sig daervan seer wel te dienen,<lb/> hebbende nog in ’t voorjaar de heele stadt Souratta en ’t onderhorige landschap<lb/> heel in alarm gebragt, soodat ijder om een goet heenkomen sag, dog U Edle ministers<lb/> hielden stant en stelden haer in postuur om de loogie te daefenderen, soo se<lb/> quam geattacqueert te werden, dan ten isser niet toe gekomen en Siwagie met sijn<lb/> troepen weder elders heen getrocken.<lb/></p><note xml:id="INT_56d37559-43f5-3597-95d0-35b1d4bda5a0.TEI.1.text.1.body.1.div.1.note.51" xml:lang="nl" place="inline" type="editorial-summary" resp="editor" rend="font-style: italic; line-height: 11.7pt; text-indent: 23.0pt; text-align: justify; font-size: 9" xmlns="http://www.tei-c.org/ns/1.0">(Chitzen aldaar te kopen; de grote soort barnsteen is noch te Suratte, noch in<lb/> China verkoopbaar, wel de kleine; laken, behalve blauw, kan voor 3\ tot 4 realen per<lb/> el verkocht worden; het lijkt voordeliger in Perzië tol te betalen dan een grote partij<lb/> dure zijde van den Sjah te moeten kopen; dit jaar moest veel gekocht worden; de<lb/> directeur heeft last den i'timad vd doulet mede te delen, dat niet meer gekocht zal<lb/> worden, dan waarvoor contanten beschikbaar zijn; men meent , dat daarop zal worden<lb/> ingegaan ; Bent lukte dat in 1673 met als argument het wegblijven van de schepen<lb/> door de oorlog; in Suratte <hi rend="font-size:8; font-family:Liberation Serif" xml:lang="nl">-</hi> )<lb/></note><note xml:id="INT_56d37559-43f5-3597-95d0-35b1d4bda5a0.TEI.1.text.1.body.1.div.1.note.52" xml:lang="nl" rend="font-size: 8.5; text-align: justify; line-height: 9.6pt; text-indent: 23.0pt" xmlns="http://www.tei-c.org/ns/1.0">1) Voor de in 1662 bij die ambassade verworven gunsten zie men <hi rend="font-size:8.5; font-family:Liberation Serif; font-style:italic" xml:lang="nl">Corpus</hi> II, nr. CCLIX—<lb/> CCLXI.<lb/></note><pb xml:id="INT_56d37559-43f5-3597-95d0-35b1d4bda5a0.TEI.1.text.1.body.1.div.1.pb.8" n="414" facs="http://resources.huygens.knaw.nl/retroapp/service_generalemissiven/gm_04/images/gm_4_134_0414.tif"/><fw xml:id="INT_56d37559-43f5-3597-95d0-35b1d4bda5a0.TEI.1.text.1.body.1.div.1.fw.14" place="top" type="page-number" facs="#zone.4231233" xmlns="http://www.tei-c.org/ns/1.0">414</fw><fw xml:id="INT_56d37559-43f5-3597-95d0-35b1d4bda5a0.TEI.1.text.1.body.1.div.1.fw.15" place="top" type="head" facs="#zone.4231237" xmlns="http://www.tei-c.org/ns/1.0">Van Groens, Speelman, Bort, Hurdt, Blom, Van Outhoom, enz. XIV, 13 oct. 1680</fw><p xml:id="INT_56d37559-43f5-3597-95d0-35b1d4bda5a0.TEI.1.text.1.body.1.div.1.p.33" resp="int_paragraph_joining" rend="">
              - tusschen de 3 <hi rend="font-size:10; font-family:Liberation Serif; font-style:italic" xml:lang="nl" xmlns="http://www.tei-c.org/ns/1.0">k</hi> 400 000 ® koper uyt Persia was ter marct gebragt,<lb xmlns="http://www.tei-c.org/ns/1.0"/>twelck, indien het uyt de Chirwanse copermijne gekomen en deselve soo rijk<lb xmlns="http://www.tei-c.org/ns/1.0"/> zoude wesen, niet veel goets en kan beloven, ’t is wel soo, dat die mijne daerontrent<lb xmlns="http://www.tei-c.org/ns/1.0"/> eenige jaren verleden is ontdekt en gevonden en dat sedert Persia geen Japans<lb xmlns="http://www.tei-c.org/ns/1.0"/> coper meer heeft getrocken, gelijk het te vooren in redelijke quantiteyt jaerlijx<lb xmlns="http://www.tei-c.org/ns/1.0"/> plag te doen.<lb xmlns="http://www.tei-c.org/ns/1.0"/>
            </p><note xml:id="INT_56d37559-43f5-3597-95d0-35b1d4bda5a0.TEI.1.text.1.body.1.div.1.note.53" xml:lang="nl" place="inline" type="editorial-summary" resp="editor" rend="font-style: italic; line-height: 11.7pt; text-indent: 24.0pt; text-align: justify; font-size: 10" xmlns="http://www.tei-c.org/ns/1.0">(Tot voor kort werd geen Perzisch koper uitgevoerd; alleen op specerijen werd<lb/> te Mokka gewonnen en die werden deels naar Suratte, Gamron en Basra vervoerd ,<lb/> waar ze de Compagnieswaar beconcurreerden; daarom werd nu geen schip naar<lb/> Mokka gezonden; op Mauritius zijn medicinale gommen en kruiden verkrijgbaar).<lb/></note><p xml:id="INT_56d37559-43f5-3597-95d0-35b1d4bda5a0.TEI.1.text.1.body.1.div.1.p.34" xml:lang="nl" rend="font-size: 10; text-align: justify; line-height: 12.0pt; text-indent: 24.0pt" xmlns="http://www.tei-c.org/ns/1.0">De comportementen der aanwesende burgers <hi rend="font-size:10; font-family:Liberation Serif; font-style:italic; vertical-align:super" xml:lang="nl">l)</hi> laudeert den resid.1 niet,<lb/> maer schijnt egter wel moet te hebben deselve tot devotie te houden en een goede<lb/> plantagie van zuykerriet aan te queeken, alsoo hetselve soo wel als de tabacq en<lb/> boontjes weligh voortgroeyt.<lb/></p><p xml:id="INT_56d37559-43f5-3597-95d0-35b1d4bda5a0.TEI.1.text.1.body.1.div.1.p.35" xml:lang="nl" rend="font-size: 10; text-align: justify; line-height: 11.7pt; text-indent: 24.0pt" xmlns="http://www.tei-c.org/ns/1.0">De wijn <hi rend="font-size:10; font-family:Liberation Serif; vertical-align:super" xml:lang="nl">2)</hi> wert gerekent tot 80 rd.8 de legger, deselve is wel van redelijke<lb/> smaeck, voomementl. ’t jongst gesondene aam p.r Silversteyn, maer van een<lb/> quade operatie en daarom hier niet seer gewilt, evenwel hebben de twee leggers<lb/> in dese schaarse tijden nog al te samen gerendeert 210 en 179 rd.8, dat zij anders<lb/> op ver nae niet gegolden souden hebben.<lb/></p><note xml:id="INT_56d37559-43f5-3597-95d0-35b1d4bda5a0.TEI.1.text.1.body.1.div.1.note.54" xml:lang="nl" place="inline" type="editorial-summary" resp="editor" rend="font-style: italic; line-height: 12.0pt; text-indent: 24.0pt; text-align: justify; font-size: 10" xmlns="http://www.tei-c.org/ns/1.0">(Mededelingen over Batavia en Java, afgedrukt <hi rend="font-size:10; font-family:Liberation Serif" xml:lang="nl">Opkomst</hi> VII , p. 37-51; de<lb/> persoon p. 38 midden genoemd Astra <hi rend="font-size:10; font-family:Liberation Serif" xml:lang="nl">. . . . ,</hi> heet hier Astranchan; personalia, o.a.<lb/> van predikanten <hi rend="font-size:10; font-family:Liberation Serif" xml:lang="nl">) .</hi><lb/></note><p xml:id="INT_56d37559-43f5-3597-95d0-35b1d4bda5a0.TEI.1.text.1.body.1.div.1.p.36" xml:lang="nl" rend="font-size: 10; text-align: justify; line-height: 11.7pt; text-indent: 24.0pt" xmlns="http://www.tei-c.org/ns/1.0">Zijnde ons sonderlinge aangenaem, dat het van U Ed.e goetheyt is geweest<lb/> het Nieuwe Testament, door den laboureusen domine Johannes Ferere <hi rend="font-size:10; font-family:Liberation Serif; vertical-align:super" xml:lang="nl">3 * * * *)</hi> in de<lb/> portugese taaie overgeset, als het gerevideert sal wesen, tot koste van de Comp.le<lb/> te laten drucken. Daar wert onder de gemeente seer naar verlangt, sulcx een<lb/> goede nomber exemplaren greetigh van de hant zullen gaan. Wij hadden al licentie<lb/> gedragen om het hier onder de perse te brengen, maar naar becomen tijdinge van<lb/> U Ed.e is het naargelaten.<lb/></p><note xml:id="INT_56d37559-43f5-3597-95d0-35b1d4bda5a0.TEI.1.text.1.body.1.div.1.note.55" xml:lang="nl" rend="font-size: 7.5; text-align: justify; line-height: 9.6pt; margin-left: 2200" xmlns="http://www.tei-c.org/ns/1.0">1) Op Mauritius.<lb/></note><note xml:id="INT_56d37559-43f5-3597-95d0-35b1d4bda5a0.TEI.1.text.1.body.1.div.1.note.56" xml:lang="nl" rend="font-size: 7.5; text-align: justify; line-height: 9.6pt; margin-left: 2200" xmlns="http://www.tei-c.org/ns/1.0">2) Van de Kaap te Batavia ontvangen.<lb/></note><note xml:id="INT_56d37559-43f5-3597-95d0-35b1d4bda5a0.TEI.1.text.1.body.1.div.1.note.57" xml:lang="nl" rend="font-size: 7.5; text-align: justify; line-height: 9.6pt; margin-left: 2200" xmlns="http://www.tei-c.org/ns/1.0">3) Ds. Joao Fer(r)eira d’Almeida, een Portugees, die in dienst van zijn land in het<lb/></note><note xml:id="INT_56d37559-43f5-3597-95d0-35b1d4bda5a0.TEI.1.text.1.body.1.div.1.note.58" xml:lang="nl" rend="font-size: 7.5; text-align: justify; line-height: 9.6pt" xmlns="http://www.tei-c.org/ns/1.0">oosten kwam als soldaat en die kort na 1642 tot de Hervormde godsdienst overging en bij de<lb/></note><note xml:id="INT_56d37559-43f5-3597-95d0-35b1d4bda5a0.TEI.1.text.1.body.1.div.1.note.59" xml:lang="nl" rend="font-size: 7.5; text-align: justify; line-height: 9.6pt" xmlns="http://www.tei-c.org/ns/1.0">V.O.C. krankbezoeker werd, in 1654 proponent, 1656 predikant te Galle, vervolgens te Tuti-<lb/></note><note xml:id="INT_56d37559-43f5-3597-95d0-35b1d4bda5a0.TEI.1.text.1.body.1.div.1.note.60" xml:lang="nl" rend="font-size: 7.5; text-align: justify; line-height: 9.6pt" xmlns="http://www.tei-c.org/ns/1.0">corin, sinds 1663 voor de Portugese gemeente te Batavia, 1689 emeritus, 1691 te Batavia<lb/></note><note xml:id="INT_56d37559-43f5-3597-95d0-35b1d4bda5a0.TEI.1.text.1.body.1.div.1.note.61" xml:lang="nl" rend="font-size: 7.5; text-align: justify; line-height: 9.6pt" xmlns="http://www.tei-c.org/ns/1.0">overleden. Reeds in 1654 had hij de vertaling van het Nieuwe Testament in het portugees<lb/></note><note xml:id="INT_56d37559-43f5-3597-95d0-35b1d4bda5a0.TEI.1.text.1.body.1.div.1.note.62" xml:lang="nl" rend="font-size: 7.5; text-align: justify; line-height: 9.6pt" xmlns="http://www.tei-c.org/ns/1.0">gereed. De eerste druk daarvan van 1681 bevatte zoveel drukfouten, dat ze niet kon worden<lb/> verspreid. De gehele bijbelvertaling werd pas in 1753 uitgegeven.<lb/></note><pb xml:id="INT_56d37559-43f5-3597-95d0-35b1d4bda5a0.TEI.1.text.1.body.1.div.1.pb.9" n="415" facs="http://resources.huygens.knaw.nl/retroapp/service_generalemissiven/gm_04/images/gm_4_134_0415.tif"/><fw xml:id="INT_56d37559-43f5-3597-95d0-35b1d4bda5a0.TEI.1.text.1.body.1.div.1.fw.16" place="top" type="head" facs="#zone.4233197" xmlns="http://www.tei-c.org/ns/1.0">Van Goens, Speelman, Bort, Hurdt, Blom, Van Outhoorn, enz. XIV, 13 oct. 1680</fw><fw xml:id="INT_56d37559-43f5-3597-95d0-35b1d4bda5a0.TEI.1.text.1.body.1.div.1.fw.17" place="top" type="page-number" facs="#zone.4233213" xmlns="http://www.tei-c.org/ns/1.0">415</fw><p xml:id="INT_56d37559-43f5-3597-95d0-35b1d4bda5a0.TEI.1.text.1.body.1.div.1.p.37" xml:lang="nl" rend="font-size: 10; text-align: justify; line-height: 12.0pt; text-indent: 21.0pt" xmlns="http://www.tei-c.org/ns/1.0">De sorge tegens de particulieren handel vermindert onses dunekens niet,<lb/> immers de fiscaal Pauw <hi rend="font-size:10; font-family:Liberation Serif; vertical-align:super" xml:lang="nl">J)</hi> heeft in may jongstleden een capitale vangst uyt het<lb/> Huys te Spijck gedaen, niet in packen, maar in kisten, waarvan in ’t geheel gerendeert<lb/> is 20 <hi rend="font-size:10; font-family:Liberation Serif; font-style:italic" xml:lang="nl">k</hi> 24 000 rd.8, daaronder een goede partye aen taffachelas, gingangs,<lb/> die de Comp.e voor een redelijke prijs heeft aengenomen en naar Japan gesonden.<lb/><hi rend="font-size:8; font-family:Liberation Serif" xml:lang="nl">Fol. 116v.</hi><lb/></p><p xml:id="INT_56d37559-43f5-3597-95d0-35b1d4bda5a0.TEI.1.text.1.body.1.div.1.p.38" xml:lang="nl" rend="font-size: 8; text-align: justify; line-height: 9.6pt; text-indent: 21.0pt" xmlns="http://www.tei-c.org/ns/1.0">1) Mr. Pieter Pauw was 1659 in onderkoopmansrang lid van de Raad van Justitie,<lb/> 1660 in commissie naar Ceylon en Coromandel, 1666 waterfiseaal en later ook advocaatfiscaal,<lb/> 1688 raad-extraordinair van Indië, 1695 te Batavia gestorven..<lb/></p>
            
      </div>
                  </body>
                </text>
              </TEI>