<TEI xml:id="INT_557e9f18-40ba-311b-ae2f-31a24f30c052" xmlns="http://www.tei-c.org/ns/1.0">
                <teiHeader>
      <fileDesc>
        <titleStmt>
          <title>Speelman, Bort, Hurdt, Van Outhoorn, Camphuys, Schaghen en Van Hoorn, 1 en 9 maart 1683</title>
        </titleStmt>
        <publicationStmt>
          <p>
            <date>1 en 9 maart 1683</date>
            <idno type="sourceID">missiven:vol4</idno>
            <idno type="pid">INT_557e9f18-40ba-311b-ae2f-31a24f30c052</idno>
          </p>
        </publicationStmt>
        <notesStmt>
          <note/>
        </notesStmt>
        <sourceDesc>
          <listBibl xml:id="inlMetadata">
            <bibl type="missive">
        <interpGrp type="page"><interp>496</interp></interpGrp>
        
      <interpGrp type="titleLevel1"><interp>Speelman, Bort, Hurdt, Van Outhoorn, Camphuys, Schaghen en Van Hoorn, 1 en 9 maart 1683</interp></interpGrp>
      <interpGrp type="dateLevel1"><interp>1 en 9 maart 1683</interp></interpGrp>
        <interpGrp type="tocLevel"><interp>1</interp></interpGrp>
      <interpGrp type="volume"><interp>4</interp></interpGrp>
        <interpGrp type="n"><interp>VII</interp></interpGrp>
      
      <interpGrp type="witnessYearLevel1_from"><interp>1683</interp></interpGrp>
      <interpGrp type="witnessYearLevel1_to"><interp>1683</interp></interpGrp>
      
      
      <interpGrp type="witnessDayLevel1_to"><interp>1</interp></interpGrp>
      <interpGrp type="witnessDayLevel1_from"><interp>1</interp></interpGrp>
      <interpGrp type="authorLevel1"><interp>Speelman</interp><interp>Bort</interp><interp>Hurdt</interp><interp>Van Outhoorn</interp><interp>Camphuys</interp><interp>Schaghen</interp><interp>Van Hoorn</interp></interpGrp>
      <interpGrp type="pid"><interp>INT_557e9f18-40ba-311b-ae2f-31a24f30c052</interp></interpGrp>
    </bibl>
          </listBibl>
        </sourceDesc>
      </fileDesc>
    </teiHeader>
                <text xml:id="INT_557e9f18-40ba-311b-ae2f-31a24f30c052.TEI.1.text.1">
                  <body xml:id="INT_557e9f18-40ba-311b-ae2f-31a24f30c052.TEI.1.text.1.body.1">
                    <div xml:id="INT_557e9f18-40ba-311b-ae2f-31a24f30c052.TEI.1.text.1.body.1.div.1">
        
              <pb xml:id="INT_557e9f18-40ba-311b-ae2f-31a24f30c052.TEI.1.text.1.body.1.div.1.pb.1" n="496" facs="http://resources.huygens.knaw.nl/retroapp/service_generalemissiven/gm_04/images/gm_4_134_0496.tif"/><fw xml:id="INT_557e9f18-40ba-311b-ae2f-31a24f30c052.TEI.1.text.1.body.1.div.1.fw.1" place="top" type="page-number" facs="#zone.4425555" xmlns="http://www.tei-c.org/ns/1.0">496</fw><fw xml:id="INT_557e9f18-40ba-311b-ae2f-31a24f30c052.TEI.1.text.1.body.1.div.1.fw.2" place="top" type="head" facs="#zone.4425559" xmlns="http://www.tei-c.org/ns/1.0">Speelman, Bort, Hurdt, Van Outhoom, Camphuys, enz. VII, 1 en 9 maart 1683</fw><head xml:id="INT_557e9f18-40ba-311b-ae2f-31a24f30c052.TEI.1.text.1.body.1.div.1.head.1" xml:lang="nl" rend="font-size: 10; text-align: justify; line-height: 12.0pt" xmlns="http://www.tei-c.org/ns/1.0">VII. CORNELIS SPEELMAN, BALTHASAR BORT, ANTHONIO HURDT,<lb/> WILLEM VAN OUTHOORN, JOANNES CAMPHUYS, NICOLAAS<lb/> SCHAGHEN EN JOAN VAN HOORN, BATAVIA I en 9 maart 1683.<lb/></head><p xml:id="INT_557e9f18-40ba-311b-ae2f-31a24f30c052.TEI.1.text.1.body.1.div.1.p.1" xml:lang="nl" rend="font-size: 7.5; text-align: justify; line-height: 12.0pt" xmlns="http://www.tei-c.org/ns/1.0">1260, fol. 722-735.<lb/></p><note xml:id="INT_557e9f18-40ba-311b-ae2f-31a24f30c052.TEI.1.text.1.body.1.div.1.note.1" xml:lang="nl" place="inline" type="editorial-summary" resp="editor" rend="font-style: italic; line-height: 11.7pt; text-indent: 22.0pt; text-align: justify; font-size: 9.5" xmlns="http://www.tei-c.org/ns/1.0">( Vgl. <hi rend="font-size:10; font-family:Liberation Serif" xml:lang="nl">Daghregisters</hi> 1682, p. 1303-1478; de Engelse jachten Surate-merchant<lb/> en Kemplioorn kwamen resp. 8 en 21 jan. na 5 maanden uit Engeland aan; ze beloven<lb/> deze missive mee te nemen; het retour op 11 of 12 snelle schepen voor 1682 wordt<lb/> becijferd op f. 4 693 206.8.6 ; 18 jan. kwam de Ternate met sapanliout uit Siam, de<lb/> 20e de Amerika met peper van Sumatra, de 24e de Opmeer mei kaneel van Ceylon,<lb/> de 30e de Berkmeer met 200 last rijst van Arakan, de 17e febr. de Zuytbevelant en<lb/> de Oosterblocker uit Bengalen; bericht uit Tonkin van <hi rend="font-size:10; font-family:Liberation Serif" xml:lang="nl">-</hi> )<lb/></note><p xml:id="INT_557e9f18-40ba-311b-ae2f-31a24f30c052.TEI.1.text.1.body.1.div.1.p.2" resp="int_paragraph_joining" rend="">
              - des Conings dood <hi rend="font-size:10; font-family:Liberation Serif; vertical-align:super" xml:lang="nl" xmlns="http://www.tei-c.org/ns/1.0">x)</hi> en dat den oudsten zoone al vrij gemackelijcker,<lb xmlns="http://www.tei-c.org/ns/1.0"/>als men gemeent hadde, tot de successie was geraeckt, vallende over de negotie<lb xmlns="http://www.tei-c.org/ns/1.0"/> niet veel te roemen.<lb xmlns="http://www.tei-c.org/ns/1.0"/>
            </p><note xml:id="INT_557e9f18-40ba-311b-ae2f-31a24f30c052.TEI.1.text.1.body.1.div.1.note.2" xml:lang="nl" place="inline" type="editorial-summary" resp="editor" rend="font-style: italic; line-height: 11.7pt; text-indent: 22.0pt; text-align: justify; font-size: 9.5" xmlns="http://www.tei-c.org/ns/1.0">(Uit patria kwamen 23 jan. de Stavenisse, de 27 <hi rend="font-size:9.5; font-family:Liberation Serif; font-style:italic; vertical-align:super" xml:lang="nl">e</hi> de Vrije Zee, de Oostenburgh<lb/> en de Princéland, 9 febr. de Mauritius, de 13e het Wapen van Alckmaer met den<lb/> extraord. raad van Indi'è Schaghen, de 21e de Sint Maartensdijck met den zieken<lb/> ordinaris raad Harten Pit; Camphuys is hersteld; 18 febr. is de Zijpe naar Amboina<lb/> gezonden en de Maccasser naar Makassar en Banda, de le maart de Oele Beer naar<lb/> Ternate en de Nederhorst naar Surabaja en Banda; 28 febr. is vernomen <hi rend="font-size:10; font-family:Liberation Serif" xml:lang="nl">,</hi> dat <hi rend="font-size:10; font-family:Liberation Serif" xml:lang="nl">-</hi> )<lb/></note><p xml:id="INT_557e9f18-40ba-311b-ae2f-31a24f30c052.TEI.1.text.1.body.1.div.1.p.3" resp="int_paragraph_joining" rend="">
              - de vader <hi rend="font-size:10; font-family:Liberation Serif; vertical-align:super" xml:lang="nl" xmlns="http://www.tei-c.org/ns/1.0">1 2 3)</hi> eyndelinge tot diglite bij Bantam op verkregen pardon<lb xmlns="http://www.tei-c.org/ns/1.0"/>afgekomen en onder genoegsame verseeckering, resterende nogh eenige van de<lb xmlns="http://www.tei-c.org/ns/1.0"/> broeders en oomen, waervan men geen reghte notitie heeft, dogh wij zijn aan dese<lb xmlns="http://www.tei-c.org/ns/1.0"/> kant in het district van Tangaran met eenige inlanders onder den capiteyn Ruys <hi rend="font-size:10; font-family:Liberation Serif; vertical-align:super" xml:lang="nl" xmlns="http://www.tei-c.org/ns/1.0">8)</hi><lb xmlns="http://www.tei-c.org/ns/1.0"/>op de been om de vlughtelingen de wegh om de oost over Craoan <hi rend="font-size:10; font-family:Liberation Serif; vertical-align:super" xml:lang="nl" xmlns="http://www.tei-c.org/ns/1.0">4)</hi> naar de naburige<lb xmlns="http://www.tei-c.org/ns/1.0"/> lantschappen af te snijden en, waar ’t mogelijck, den Maccassaarsen hooftpriesteroff<lb xmlns="http://www.tei-c.org/ns/1.0"/> anders Siëch Isoff5 <hi rend="font-size:10; font-family:Liberation Serif; vertical-align:super" xml:lang="nl" xmlns="http://www.tei-c.org/ns/1.0">* *),daer</hi> de Bantammers bijnaar een afgodt vangemaeckt<lb xmlns="http://www.tei-c.org/ns/1.0"/> hebben, met zijn aanhangh te attrapperen.<lb xmlns="http://www.tei-c.org/ns/1.0"/>
            </p><note xml:id="INT_557e9f18-40ba-311b-ae2f-31a24f30c052.TEI.1.text.1.body.1.div.1.note.3" xml:lang="nl" place="inline" type="editorial-summary" resp="editor" rend="font-style: italic; line-height: 11.7pt; text-indent: 22.0pt; text-align: justify; font-size: 9.5" xmlns="http://www.tei-c.org/ns/1.0">(6 jan. werd een dankdag gehouden; het bovenstaande is een door den eersten<lb/> klerk Frederick van Artzatt ondertekende „authentique copie <hi rend="font-size:10; font-family:Liberation Serif" xml:lang="nl">”,</hi> gedateerd 1 maart,<lb/> de rest is origineel en door de Hoge Regering ondertekend; de Kemphoom was in<lb/> stilte naar de Lampongs vertrokken zonder de brief mee te nemen; het jacht zal worden<lb/> nagezet).<lb/></note><note xml:id="INT_557e9f18-40ba-311b-ae2f-31a24f30c052.TEI.1.text.1.body.1.div.1.note.4" xml:lang="nl" rend="font-size: 7.5; line-height: 9.6pt; text-indent: 23.0pt" xmlns="http://www.tei-c.org/ns/1.0">1) Trinh Tac van Tonkin stierf in 1682 en werd opgevolgd door Trinh Cón, die tot<lb/> 1709 regeerde.<lb/></note><note xml:id="INT_557e9f18-40ba-311b-ae2f-31a24f30c052.TEI.1.text.1.body.1.div.1.note.5" xml:lang="nl" rend="font-size: 7.5; text-align: justify; line-height: 9.6pt; margin-left: 2200" xmlns="http://www.tei-c.org/ns/1.0">2) De oude Sultan van Bantam.<lb/></note><note xml:id="INT_557e9f18-40ba-311b-ae2f-31a24f30c052.TEI.1.text.1.body.1.div.1.note.6" xml:lang="nl" rend="font-size: 7.5; line-height: 9.6pt; text-indent: 22.0pt" xmlns="http://www.tei-c.org/ns/1.0">3) Johan Ruys was 1674 assistent, 1679 luitenant, april 1680 tot jan. 1682 ter Westkust,<lb/> 1682 provisioneel, dec. id. definitief kapitein, dec. 1690 gestorven.<lb/></note><note xml:id="INT_557e9f18-40ba-311b-ae2f-31a24f30c052.TEI.1.text.1.body.1.div.1.note.7" xml:lang="nl" rend="font-size: 7.5; text-align: justify; line-height: 9.6pt; margin-left: 2200" xmlns="http://www.tei-c.org/ns/1.0">4) Krawang.<lb/></note><note xml:id="INT_557e9f18-40ba-311b-ae2f-31a24f30c052.TEI.1.text.1.body.1.div.1.note.8" xml:lang="nl" rend="font-size: 7.5; text-align: right; line-height: 9.6pt" xmlns="http://www.tei-c.org/ns/1.0">6) Sjech Jusuf, Mohammedaans geestelijk leider uit Makassar, die in 1644 hadji werd,<lb/></note><note xml:id="INT_557e9f18-40ba-311b-ae2f-31a24f30c052.TEI.1.text.1.body.1.div.1.note.9" xml:lang="nl" rend="font-size: 7.5; line-height: 9.6pt" xmlns="http://www.tei-c.org/ns/1.0">in Bantam huwde hij een dochter van den ouden Sultan en speelde hij als adviseur een belang¬<lb/></note><note xml:id="INT_557e9f18-40ba-311b-ae2f-31a24f30c052.TEI.1.text.1.body.1.div.1.note.10" xml:lang="nl" rend="font-size: 7.5; text-align: justify; line-height: 9.6pt" xmlns="http://www.tei-c.org/ns/1.0">rijke rol. Toen hij in dec. 1683 in Nederlandse handen viel, werd hij in 1684 naar Ceylon overgebracht<lb/> en van daar in 1693 naar de Kaap, waar hij in mei 1699 stierf; zijn graf wordt er,<lb/></note><note xml:id="INT_557e9f18-40ba-311b-ae2f-31a24f30c052.TEI.1.text.1.body.1.div.1.note.11" xml:lang="nl" rend="font-size: 7.5; line-height: 9.6pt" xmlns="http://www.tei-c.org/ns/1.0">hoewel zijn lijk in 1704 naar Gowa werd teruggebracht, in hoge ere gehouden.<lb/></note><pb xml:id="INT_557e9f18-40ba-311b-ae2f-31a24f30c052.TEI.1.text.1.body.1.div.1.pb.2" n="497" facs="http://resources.huygens.knaw.nl/retroapp/service_generalemissiven/gm_04/images/gm_4_134_0497.tif"/><fw xml:id="INT_557e9f18-40ba-311b-ae2f-31a24f30c052.TEI.1.text.1.body.1.div.1.fw.3" place="top" type="head" facs="#zone.4426703" xmlns="http://www.tei-c.org/ns/1.0">Van Goens, Speelman, Bort, Hurdt, Van Outhoom, enz. XVIII, 1 en 9 maart 1683 497</fw><p xml:id="INT_557e9f18-40ba-311b-ae2f-31a24f30c052.TEI.1.text.1.body.1.div.1.p.4" xml:lang="nl" rend="font-size: 10; text-align: justify; line-height: 11.7pt; text-indent: 22.0pt" xmlns="http://www.tei-c.org/ns/1.0">Den capiteyn Robbert Knox, die sig allesints seer dankbaar toont over de<lb/> genotene weldaden, soo op Ceylon als hier zedert zijne verlossinge uyt de Candise<lb/> gevanckenisse, den Gouv.r Generaal verseeckert heeft, dat hij directelijk naer<lb/> Engelant vertreckt en de brief, die Zijn E. hem belieft aan te bevelen, getrouwelijk<lb/> zoude bestellen.<lb/></p><note xml:id="INT_557e9f18-40ba-311b-ae2f-31a24f30c052.TEI.1.text.1.body.1.div.1.note.12" xml:lang="nl" place="inline" type="editorial-summary" resp="editor" rend="font-style: italic; line-height: 11.7pt; text-indent: 22.0pt; text-align: justify; font-size: 9" xmlns="http://www.tei-c.org/ns/1.0">( 9 maart komen het Huys te Cleef en de Kroonvogel met cargasoen van f. 172 145.5<lb/> vnl. zijde , uit Tonkin , het Huys te Bergen en het Huis te Grave uit Bengalen met<lb/> carg. van <hi rend="font-size:9; font-family:Liberation Serif; font-weight:bold" xml:lang="nl">/.</hi> 313 668.13.4, vnl. zijde, salpeter en opium).<lb/></note><fw xml:id="INT_557e9f18-40ba-311b-ae2f-31a24f30c052.TEI.1.text.1.body.1.div.1.fw.4" type="bottom-page-number">32</fw>
            
      </div>
                  </body>
                </text>
              </TEI>