<TEI xml:id="INT_8625e2f4-ecb5-3ad9-9d06-71acbac37f72" xmlns="http://www.tei-c.org/ns/1.0">
                <teiHeader>
      <fileDesc>
        <titleStmt>
          <title>Speelman, Bort, Hurdt, Van Outhoorn, Camphuys en Van Hoorn, 5 oct. 1682</title>
        </titleStmt>
        <publicationStmt>
          <p>
            <date>5 oct. 1682</date>
            <idno type="sourceID">missiven:vol4</idno>
            <idno type="pid">INT_8625e2f4-ecb5-3ad9-9d06-71acbac37f72</idno>
          </p>
        </publicationStmt>
        <notesStmt>
          <note/>
        </notesStmt>
        <sourceDesc>
          <listBibl xml:id="inlMetadata">
            <bibl type="missive">
        <interpGrp type="page"><interp>493</interp></interpGrp>
        
      <interpGrp type="titleLevel1"><interp>Speelman, Bort, Hurdt, Van Outhoorn, Camphuys en Van Hoorn, 5 oct. 1682</interp></interpGrp>
      <interpGrp type="dateLevel1"><interp>5 oct. 1682</interp></interpGrp>
        <interpGrp type="tocLevel"><interp>1</interp></interpGrp>
      <interpGrp type="volume"><interp>4</interp></interpGrp>
        <interpGrp type="n"><interp>V</interp></interpGrp>
      
      <interpGrp type="witnessYearLevel1_from"><interp>1682</interp></interpGrp>
      <interpGrp type="witnessYearLevel1_to"><interp>1682</interp></interpGrp>
      <interpGrp type="witnessMonthLevel1_to"><interp>10</interp></interpGrp>
      <interpGrp type="witnessMonthLevel1_from"><interp>10</interp></interpGrp>
      <interpGrp type="witnessDayLevel1_to"><interp>5</interp></interpGrp>
      <interpGrp type="witnessDayLevel1_from"><interp>5</interp></interpGrp>
      <interpGrp type="authorLevel1"><interp>Speelman</interp><interp>Bort</interp><interp>Hurdt</interp><interp>Van Outhoorn</interp><interp>Camphuys</interp><interp>Van Hoorn</interp></interpGrp>
      <interpGrp type="pid"><interp>INT_8625e2f4-ecb5-3ad9-9d06-71acbac37f72</interp></interpGrp>
    </bibl>
          </listBibl>
        </sourceDesc>
      </fileDesc>
    </teiHeader>
                <text xml:id="INT_8625e2f4-ecb5-3ad9-9d06-71acbac37f72.TEI.1.text.1">
                  <body xml:id="INT_8625e2f4-ecb5-3ad9-9d06-71acbac37f72.TEI.1.text.1.body.1">
                    <div xml:id="INT_8625e2f4-ecb5-3ad9-9d06-71acbac37f72.TEI.1.text.1.body.1.div.1">
        
              <pb xml:id="INT_8625e2f4-ecb5-3ad9-9d06-71acbac37f72.TEI.1.text.1.body.1.div.1.pb.1" n="493" facs="http://resources.huygens.knaw.nl/retroapp/service_generalemissiven/gm_04/images/gm_4_134_0493.tif"/><fw xml:id="INT_8625e2f4-ecb5-3ad9-9d06-71acbac37f72.TEI.1.text.1.body.1.div.1.fw.1" place="top" type="head" xml:lang="nl" rend="text-align:justify; line-height:11.1pt" facs="#zone.4420862" xmlns="http://www.tei-c.org/ns/1.0">Speelman, Bort, Hurdt, Van Outhoom, Camphuys en Van Hoorn V, 5 ootober 1682 493</fw><head xml:id="INT_8625e2f4-ecb5-3ad9-9d06-71acbac37f72.TEI.1.text.1.body.1.div.1.head.1" xml:lang="nl" rend="font-size: 10; text-align: justify; line-height: 12.0pt" xmlns="http://www.tei-c.org/ns/1.0">V. CORNELIS SPEELMAN, BALTHASAR BORT, ANTHONIO HURDT,<lb/> WILLEM VAN OUTHOORN EN JOAN VAN HOORN, BATAVIA 5 october<lb/> 1682.<lb/></head><p xml:id="INT_8625e2f4-ecb5-3ad9-9d06-71acbac37f72.TEI.1.text.1.body.1.div.1.p.1" xml:lang="nl" rend="font-size: 8; text-align: justify; line-height: 12.0pt" xmlns="http://www.tei-c.org/ns/1.0">1252, fol. 332-340.<lb/></p><note xml:id="INT_8625e2f4-ecb5-3ad9-9d06-71acbac37f72.TEI.1.text.1.body.1.div.1.note.1" xml:lang="nl" place="inline" type="editorial-summary" resp="editor" rend="font-style: italic; line-height: 12.0pt; text-indent: 22.0pt; text-align: justify; font-size: 10" xmlns="http://www.tei-c.org/ns/1.0">(Vgl. <hi rend="font-size:10; font-family:Liberation Serif" xml:lang="nl">Dagliregisters</hi> 1682, p. 17-1174; gegevens over Bantam, afgedr. <hi rend="font-size:10; font-family:Liberation Serif" xml:lang="nl">Opkomst</hi><lb/>VII, p. 65-71, regel 13 van onderen).<lb/></note><p xml:id="INT_8625e2f4-ecb5-3ad9-9d06-71acbac37f72.TEI.1.text.1.body.1.div.1.p.2" xml:lang="nl" rend="font-size: 10; text-align: justify; line-height: 11.7pt; text-indent: 22.0pt" xmlns="http://www.tei-c.org/ns/1.0">Gelijkende, alsoff de Bantamse schatten zoo groot niet zijn, als men voorheen<lb/> daervan wel gehoort en gelooft heeft, off deselve mogten in de aarde verborgen<lb/> leggen, sooals sommige mede sustineren. Immers men heeft ons voor weynig dagen<lb/> zeecker berigten willen, dat den gewesen ouden Co. Torturriassa <hi rend="font-size:10; font-family:Liberation Serif; vertical-align:super" xml:lang="nl">1)</hi> copere Spaanse<lb/> realen hadde doen munten ende allerwegen, soo verre tegenwoordig zijn geüsurpeert<lb/> gebied strekt, doen affcondigen, dat se bij eenijder sonder ’t minste tegenspreecken<lb/> daervoor <hi rend="font-size:10; font-family:Liberation Serif; vertical-align:super" xml:lang="nl">2)</hi> mosten werden aengenomen, dog onder belofte, als sijne<lb/> saken hersteld en in ruste gebragt souden wesen, dat geit alsdan weder ingewisselt<lb/> en met silvergelt voldaen stinde te werden, ’tgunt wij menen, indien’t rapport<lb/> anders waaraghtig zij, dat onder ’t volk niet veel credit nog ingressie <hi rend="font-size:10; font-family:Liberation Serif; vertical-align:super" xml:lang="nl">3)</hi> sal vinden,<lb/> want die van het tegenwoordige veel houden en op het toekomende gansch weynig<lb/> staet maken, voomementlijk als het (gelijk dit) uyt de cas van de Co. deriveren<lb/> moet, waarmet wij ons eghter niet veel behoeven te becommeren.<lb/></p><note xml:id="INT_8625e2f4-ecb5-3ad9-9d06-71acbac37f72.TEI.1.text.1.body.1.div.1.note.2" xml:lang="nl" place="inline" type="editorial-summary" resp="editor" rend="font-style: italic; line-height: 11.7pt; text-indent: 22.0pt; text-align: justify; font-size: 10" xmlns="http://www.tei-c.org/ns/1.0">(Gegevens Bantam, afgedr. ibid. p. 71, r. 13 v.o. -72; 2270 picol sandelhout is<lb/> a 8 rsd. de picol van Combal , vgl. <hi rend="font-size:10; font-family:Liberation Serif" xml:lang="nl">Daghregisters</hi> 1682, p. 1091, gekocht, omdat men het<lb/> te Lifao niet van de Portugezen voor 6 d7 rsd. kon kopen; de Deense agent Pauli <hi rend="font-size:10; font-family:Liberation Serif" xml:lang="nl"/> )<lb/></note><p xml:id="INT_8625e2f4-ecb5-3ad9-9d06-71acbac37f72.TEI.1.text.1.body.1.div.1.p.3" resp="int_paragraph_joining" rend="">
              - genootsaekt was sig sijnen voorraat van peper quijt te maken, alsoo<lb xmlns="http://www.tei-c.org/ns/1.0"/>hem de gelegentheyt ontbrak om deselve te connen versenden, invoegen die ook<lb xmlns="http://www.tei-c.org/ns/1.0"/> in handen van de Comp. ten bedrage van 199 872 c.tn tegens 5 r.a ’t p.1 contant<lb xmlns="http://www.tei-c.org/ns/1.0"/> gelevert is, hoewel se hem seeckerlijk 16 Sp. r.a de 3 pl.8 gecost heeft, ongereeckent<lb xmlns="http://www.tei-c.org/ns/1.0"/> de ongelden, daarop gesupporteert.<lb xmlns="http://www.tei-c.org/ns/1.0"/>Foll 335v.<lb xmlns="http://www.tei-c.org/ns/1.0"/>
            </p><p xml:id="INT_8625e2f4-ecb5-3ad9-9d06-71acbac37f72.TEI.1.text.1.body.1.div.1.p.4" resp="int_paragraph_joining" rend="">
              Wij in rade mede vastgesteld hadde de heeren Francen en Deenen insgelijx<lb xmlns="http://www.tei-c.org/ns/1.0"/> door onse gecommitteerde te doen insinueren, ten eynde sij haer beliefden elders<lb xmlns="http://www.tei-c.org/ns/1.0"/> te transporteren <hi rend="font-size:10; font-family:Liberation Serif; vertical-align:super" xml:lang="nl" xmlns="http://www.tei-c.org/ns/1.0">4),</hi> daar het van haar goedvinden mogte wesen, excuserende <hi rend="font-size:10; font-family:Liberation Serif; font-style:italic; vertical-align:super" xml:lang="nl" xmlns="http://www.tei-c.org/ns/1.0">5)</hi><lb xmlns="http://www.tei-c.org/ns/1.0"/>de plaetse van ’s Comp.8 jurisdictie off die wij door mutuele vrindschap onder des<lb xmlns="http://www.tei-c.org/ns/1.0"/> Comp.8 protexie hadde aengenomen en alwaar wij alleen, met uytsluytinge van<lb xmlns="http://www.tei-c.org/ns/1.0"/> andere, tot den handel waren geoctroyeert, soo en heeft dat eghter geenvoortgank<lb xmlns="http://www.tei-c.org/ns/1.0"/> genomen tot op heede, nadien men ons berigt deden, dat de h.r Pauly <hi rend="font-size:10; font-family:Liberation Serif; vertical-align:super" xml:lang="nl" xmlns="http://www.tei-c.org/ns/1.0">6 *)</hi> voor-<lb xmlns="http://www.tei-c.org/ns/1.0"/><note xml:id="INT_8625e2f4-ecb5-3ad9-9d06-71acbac37f72.TEI.1.text.1.body.1.div.1.p.4.note.1" xml:lang="nl" rend="font-size: 8; line-height: 9.9pt; text-indent: 23.0pt" xmlns="http://www.tei-c.org/ns/1.0">1) De oude Koning van Bantam, gewoonlijk Sultan Agung genoemd, werd soms naar<lb/> zijn lustverblijf aan de Tji Udjung of rivier van Pontang op 106°20' O.L. Tirtajasa genoemd.<lb/></note><note xml:id="INT_8625e2f4-ecb5-3ad9-9d06-71acbac37f72.TEI.1.text.1.body.1.div.1.p.4.note.2" xml:lang="nl" rend="font-size: 8; text-align: justify; line-height: 9.9pt; margin-left: 2300" xmlns="http://www.tei-c.org/ns/1.0">2) Voor volwaardige realen.<lb/></note><note xml:id="INT_8625e2f4-ecb5-3ad9-9d06-71acbac37f72.TEI.1.text.1.body.1.div.1.p.4.note.3" xml:lang="nl" rend="font-size: 8; text-align: justify; line-height: 9.9pt; margin-left: 2300" xmlns="http://www.tei-c.org/ns/1.0">3) Ingressie, hier: instemming, bijval.<lb/></note><note xml:id="INT_8625e2f4-ecb5-3ad9-9d06-71acbac37f72.TEI.1.text.1.body.1.div.1.p.4.note.4" xml:lang="nl" rend="font-size: 8; text-align: justify; line-height: 9.9pt; margin-left: 2300" xmlns="http://www.tei-c.org/ns/1.0">4) Zij moesten dus evenals de Engelsen Bantam verlaten.<lb/></note><note xml:id="INT_8625e2f4-ecb5-3ad9-9d06-71acbac37f72.TEI.1.text.1.body.1.div.1.p.4.note.5" xml:lang="nl" rend="font-size: 8; text-align: justify; line-height: 9.9pt; margin-left: 2300" xmlns="http://www.tei-c.org/ns/1.0">5) Excuserende, hier: zich onthoudende van.<lb/></note><note xml:id="INT_8625e2f4-ecb5-3ad9-9d06-71acbac37f72.TEI.1.text.1.body.1.div.1.p.4.note.6" xml:lang="nl" rend="font-size: 8; text-align: justify; line-height: 9.9pt; margin-left: 2300" xmlns="http://www.tei-c.org/ns/1.0">6) Joan Joachim Pauli, zeker sinds nov. 1673 Deens agent te Bantam on die nu te Ba¬<lb/></note><note xml:id="INT_8625e2f4-ecb5-3ad9-9d06-71acbac37f72.TEI.1.text.1.body.1.div.1.p.4.note.7" xml:lang="nl" rend="font-size: 8; text-align: justify; line-height: 9.9pt" xmlns="http://www.tei-c.org/ns/1.0">tavia vertoefde.<lb/></note><pb xml:id="INT_8625e2f4-ecb5-3ad9-9d06-71acbac37f72.TEI.1.text.1.body.1.div.1.p.4.pb.1" n="494" facs="http://resources.huygens.knaw.nl/retroapp/service_generalemissiven/gm_04/images/gm_4_134_0494.tif"/><fw xml:id="INT_8625e2f4-ecb5-3ad9-9d06-71acbac37f72.TEI.1.text.1.body.1.div.1.p.4.fw.1" place="top" type="head" facs="#zone.4422529" xmlns="http://www.tei-c.org/ns/1.0">494 Speelman, Bort, Hurdt, Van Outhoom, Camphuys en Van Hoorn V, 5 october 1682</fw>nemens zoude zijn zijn transport met Comp.8 scheepen naer Europa te versoecken<lb xmlns="http://www.tei-c.org/ns/1.0"/>en de heeren Francen naar Siam of Souratta, sooals dat met den laeste, -<lb xmlns="http://www.tei-c.org/ns/1.0"/>zijn voortgank heeft genomen.<lb xmlns="http://www.tei-c.org/ns/1.0"/>
            </p><note xml:id="INT_8625e2f4-ecb5-3ad9-9d06-71acbac37f72.TEI.1.text.1.body.1.div.1.note.3" xml:lang="nl" place="inline" type="editorial-summary" resp="editor" rend="font-style: italic; line-height: 11.7pt; text-indent: 23.0pt; text-align: justify; font-size: 9.5" xmlns="http://www.tei-c.org/ns/1.0">( De Portugese St. Jan Baptiste onder kapitein Ogago - vgl. ibid. p. 307 <hi rend="font-size:4; font-family:Liberation Serif" xml:lang="nl">-</hi> en een<lb/> Cantonse jonk verkochten ter rede van Batavia aan de Compagnie 1957 picol<lb/> spiaulter a 11 rsd. het picol; de vrijburger de Roy maakte zich bij den Koning van<lb/> Bantam zeer verdienstelijk , die de Hoge Regering verzocht heeft hem tot kapitein te<lb/> benoemen; de retourschepen Hollandse Tuin en Vrijheid hadden zeer te lijden van<lb/> een storm , die van 12 tot 17 maart nabij hel rif van Cabo d' Aguilhas aanhield; betreffende<lb/> de stranding van hel Engelse schip Joanna beoosten de Kaap, vgl. ibid.<lb/> p. 1072, wordt nog vermeld: <hi rend="font-size:4; font-family:Liberation Serif" xml:lang="nl">-</hi> )<lb/></note><p xml:id="INT_8625e2f4-ecb5-3ad9-9d06-71acbac37f72.TEI.1.text.1.body.1.div.1.p.5" resp="int_paragraph_joining" rend="">
              - ten waere de ontmoetinge van eenige onderhorige Hottentots, bij<lb xmlns="http://www.tei-c.org/ns/1.0"/>gevalle die wegh uyt gereyst, zoude naar alle apparentie niet een van haar alle<lb xmlns="http://www.tei-c.org/ns/1.0"/> ooyt teregt gekomen zijn *). Van deselve, altemael kloecke caerels, daaronder<lb xmlns="http://www.tei-c.org/ns/1.0"/> eenige oosterlingen <hi rend="font-size:10; font-family:Liberation Serif; vertical-align:super" xml:lang="nl" xmlns="http://www.tei-c.org/ns/1.0">1 2),</hi> die door de Engelse vrinden met schriftelijke acte op vrije<lb xmlns="http://www.tei-c.org/ns/1.0"/> voete gestelt waaren, hebben wij tegen 9 g.8 ter maant in dienst van de Comp.<lb xmlns="http://www.tei-c.org/ns/1.0"/> aengenomen onder bedingh om met de eerste scheepen naar ’t vaderland over te<lb xmlns="http://www.tei-c.org/ns/1.0"/> varen.<lb xmlns="http://www.tei-c.org/ns/1.0"/>
            </p><note xml:id="INT_8625e2f4-ecb5-3ad9-9d06-71acbac37f72.TEI.1.text.1.body.1.div.1.note.4" xml:lang="nl" place="inline" type="editorial-summary" resp="editor" rend="font-style: italic; line-height: 10.5pt; text-indent: 23.0pt; text-align: justify; font-size: 9.5" xmlns="http://www.tei-c.org/ns/1.0">(De tot gouverneur van de Molukken benoemde Lobs is <hi rend="font-size:4; font-family:Liberation Serif" xml:lang="nl">-</hi> )<lb/></note><p xml:id="INT_8625e2f4-ecb5-3ad9-9d06-71acbac37f72.TEI.1.text.1.body.1.div.1.p.6" xml:lang="nl" rend="font-size: 10; text-align: justify; line-height: 12.0pt; text-indent: 23.0pt" xmlns="http://www.tei-c.org/ns/1.0">- van een cordaat, vreedsaam naturel, wel ter pen, waarvan wij vertrouwen,<lb/> dat de E. Comp. nog veel goede diensten staen te gewerden.<lb/></p><note xml:id="INT_8625e2f4-ecb5-3ad9-9d06-71acbac37f72.TEI.1.text.1.body.1.div.1.note.5" xml:lang="nl" place="inline" type="editorial-summary" resp="editor" rend="font-style: italic; line-height: 11.7pt; text-indent: 23.0pt; text-align: justify; font-size: 9.5" xmlns="http://www.tei-c.org/ns/1.0">(Van equipagegoederen dient men liefst voor twee jaar voorzien te zijn; in<lb/> Bengalen is nu 37 ton kapitaal; in Perzië moest men veel zijde af nemen en bovendien<lb/> smaad ondergaan).<lb/></note><note xml:id="INT_8625e2f4-ecb5-3ad9-9d06-71acbac37f72.TEI.1.text.1.body.1.div.1.note.6" xml:lang="nl" rend="font-size: 8; text-align: justify; line-height: 9.9pt; margin-left: 2200" xmlns="http://www.tei-c.org/ns/1.0">1) Meer hierover in <hi rend="font-size:8; font-family:Liberation Serif; font-style:italic" xml:lang="nl">Resolusies</hi> dl. III, zie het register in voce Joanna.<lb/></note><note xml:id="INT_8625e2f4-ecb5-3ad9-9d06-71acbac37f72.TEI.1.text.1.body.1.div.1.note.7" xml:lang="nl" rend="font-size: 8; line-height: 9.9pt; text-indent: 21.0pt" xmlns="http://www.tei-c.org/ns/1.0">2) In verband met het naar patria medevaren van deze lieden vermoed ik, dat mensen<lb/> uit het Oostzeegebiod bedoeld zijn.<lb/></note>
            
      </div>
                  </body>
                </text>
              </TEI>