<TEI xml:id="INT_d55f00d3-c959-3db5-ac5b-7505fd132deb" xmlns="http://www.tei-c.org/ns/1.0">
                <teiHeader>
      <fileDesc>
        <titleStmt>
          <title>Maetsuyker, Van Goens, Pit, Overtwater, Speelman, Ranst, Van Hoorn en Abbema, 15 febr. 1676</title>
        </titleStmt>
        <publicationStmt>
          <p>
            <date>15 febr. 1676</date>
            <idno type="sourceID">missiven:vol4</idno>
            <idno type="pid">INT_d55f00d3-c959-3db5-ac5b-7505fd132deb</idno>
          </p>
        </publicationStmt>
        <notesStmt>
          <note/>
        </notesStmt>
        <sourceDesc>
          <listBibl xml:id="inlMetadata">
            <bibl type="missive">
        <interpGrp type="page"><interp>100</interp></interpGrp>
        
      <interpGrp type="titleLevel1"><interp>Maetsuyker, Van Goens, Pit, Overtwater, Speelman, Ranst, Van Hoorn en Abbema, 15 febr. 1676</interp></interpGrp>
      <interpGrp type="dateLevel1"><interp>15 febr. 1676</interp></interpGrp>
        <interpGrp type="tocLevel"><interp>1</interp></interpGrp>
      <interpGrp type="volume"><interp>4</interp></interpGrp>
        <interpGrp type="n"><interp>LXXVIII</interp></interpGrp>
      
      <interpGrp type="witnessYearLevel1_from"><interp>1676</interp></interpGrp>
      <interpGrp type="witnessYearLevel1_to"><interp>1676</interp></interpGrp>
      <interpGrp type="witnessMonthLevel1_to"><interp>2</interp></interpGrp>
      <interpGrp type="witnessMonthLevel1_from"><interp>2</interp></interpGrp>
      <interpGrp type="witnessDayLevel1_to"><interp>15</interp></interpGrp>
      <interpGrp type="witnessDayLevel1_from"><interp>15</interp></interpGrp>
      <interpGrp type="authorLevel1"><interp>Maetsuyker</interp><interp>Van Goens</interp><interp>Pit</interp><interp>Overtwater</interp><interp>Speelman</interp><interp>Ranst</interp><interp>Van Hoorn</interp><interp>Abbema</interp></interpGrp>
      <interpGrp type="pid"><interp>INT_d55f00d3-c959-3db5-ac5b-7505fd132deb</interp></interpGrp>
    </bibl>
          </listBibl>
        </sourceDesc>
      </fileDesc>
    </teiHeader>
                <text xml:id="INT_d55f00d3-c959-3db5-ac5b-7505fd132deb.TEI.1.text.1">
                  <body xml:id="INT_d55f00d3-c959-3db5-ac5b-7505fd132deb.TEI.1.text.1.body.1">
                    <div xml:id="INT_d55f00d3-c959-3db5-ac5b-7505fd132deb.TEI.1.text.1.body.1.div.1">
        
              <pb xml:id="INT_d55f00d3-c959-3db5-ac5b-7505fd132deb.TEI.1.text.1.body.1.div.1.pb.1" n="100" facs="http://resources.huygens.knaw.nl/retroapp/service_generalemissiven/gm_04/images/gm_4_134_0100.tif"/><fw xml:id="INT_d55f00d3-c959-3db5-ac5b-7505fd132deb.TEI.1.text.1.body.1.div.1.fw.1" place="top" type="page-number" facs="#zone.6642701" xmlns="http://www.tei-c.org/ns/1.0">100</fw><fw xml:id="INT_d55f00d3-c959-3db5-ac5b-7505fd132deb.TEI.1.text.1.body.1.div.1.fw.2" place="top" type="head" facs="#zone.6642705" xmlns="http://www.tei-c.org/ns/1.0">Maetsuyker, Van Goens, Pit, Overtwater, Speelman, enz. LXXVIII, 15 febr. 1676</fw><head xml:id="INT_d55f00d3-c959-3db5-ac5b-7505fd132deb.TEI.1.text.1.body.1.div.1.head.1" xml:lang="nl" rend="font-size: 10; text-align: justify; line-height: 11.7pt" xmlns="http://www.tei-c.org/ns/1.0">LXXVIII. JOAN MAETSUYKER, RYCKLOFF VAK GOENS, LAURENS<lb/> PIT, PIETER OVERTWATER, CORNELIS SPEELMAN, CONSTANTIN<lb/> RANST, PIETER VAN HOORN EN SIBRANT ABBEMA, BATAVIA, 15<lb/> februari 1676.<lb/></head><p xml:id="INT_d55f00d3-c959-3db5-ac5b-7505fd132deb.TEI.1.text.1.body.1.div.1.p.1" xml:lang="nl" rend="font-size: 8; text-align: justify; line-height: 8.9pt" xmlns="http://www.tei-c.org/ns/1.0">1196, fol. 399-401.<lb/></p><note xml:id="INT_d55f00d3-c959-3db5-ac5b-7505fd132deb.TEI.1.text.1.body.1.div.1.note.1" xml:lang="nl" place="inline" type="editorial-summary" resp="editor" rend="font-size: 10; text-align: justify; line-height: 12.9pt; text-indent: 22.0pt" xmlns="http://www.tei-c.org/ns/1.0"><hi rend="font-size:10; font-family:Liberation Serif; font-style:italic" xml:lang="nl">(Vgl.</hi> Daghregisters <hi rend="font-size:10; font-family:Liberation Serif; font-style:italic" xml:lang="nl">1676</hi> , <hi rend="font-size:10; font-family:Liberation Serif; font-style:italic" xml:lang="nl">p. 27-36; hel schip Janskercke uit pairia had tekort</hi><lb/><hi rend="font-size:10; font-family:Liberation Serif; font-style:italic" xml:lang="nl">op zijn lading</hi> , <hi rend="font-size:10; font-family:Liberation Serif; font-style:italic" xml:lang="nl">daardoor geleden verlies; hoop op handelsmogelijkheden in China</hi> ,<lb/> - ;<lb/></note><p xml:id="INT_d55f00d3-c959-3db5-ac5b-7505fd132deb.TEI.1.text.1.body.1.div.1.p.2" resp="int_paragraph_joining" rend="">
              - omdat de Chinesen, de wapenen tegens den Tartar opgenomen<lb xmlns="http://www.tei-c.org/ns/1.0"/>hebbende ende tot hen onderstant de negotie betrachtende, ons buyten hare<lb xmlns="http://www.tei-c.org/ns/1.0"/> voorige practijcq en gewoonte nu selffs met ernst schijnen te nodigen. Twelck niet<lb xmlns="http://www.tei-c.org/ns/1.0"/> geschiet uyt eenige begeerte ende affectie tot de blauwoogige Europeërs, daar onse<lb xmlns="http://www.tei-c.org/ns/1.0"/> natie bij de Chinesen voor verdagt is, maar uyt noot ende inclinatie, als voorseyt,<lb xmlns="http://www.tei-c.org/ns/1.0"/> om haar selffs tegen den gevreesden Tartar te verdeedigen en hen van de tollen en<lb xmlns="http://www.tei-c.org/ns/1.0"/> incomsten des handels te dienen.<lb xmlns="http://www.tei-c.org/ns/1.0"/>
            </p><p xml:id="INT_d55f00d3-c959-3db5-ac5b-7505fd132deb.TEI.1.text.1.body.1.div.1.p.3" xml:lang="nl" rend="font-size: 10; text-align: justify; line-height: 11.7pt; text-indent: 22.0pt" xmlns="http://www.tei-c.org/ns/1.0">Den eysch, die gedaan werd van 5 <hi rend="font-size:10; font-family:Liberation Serif; font-style:italic" xml:lang="nl">k</hi> 6 catty Mosco visch glas *) voor den<lb/> geiriteerden rijcxraat Minosamme, sullen wij van hier dese maal connen voldoen,<lb/> te wenschen wesende, dat wij de gunste van dien vermogenden heer weder connen<lb/> herwinnen.<lb/></p><p xml:id="INT_d55f00d3-c959-3db5-ac5b-7505fd132deb.TEI.1.text.1.body.1.div.1.p.4" resp="int_paragraph_joining" rend="">
              De Tayoanse Chinesen - in dat rijck <hi rend="font-size:10; font-family:Liberation Serif; vertical-align:super" xml:lang="nl" xmlns="http://www.tei-c.org/ns/1.0">1 2)</hi> wat meer dan de andere (van<lb xmlns="http://www.tei-c.org/ns/1.0"/>China overcomende) ontsien, dogh echter dese natie soowel als de onse vrijelijck in<lb xmlns="http://www.tei-c.org/ns/1.0"/> haren handel met het waarderen der coopmanschappen gequelt werden.<lb xmlns="http://www.tei-c.org/ns/1.0"/>
            </p><note xml:id="INT_d55f00d3-c959-3db5-ac5b-7505fd132deb.TEI.1.text.1.body.1.div.1.note.2" xml:lang="nl" place="inline" type="editorial-summary" resp="editor" rend="font-style: italic; line-height: 11.1pt; text-indent: 22.0pt; text-align: justify; font-size: 10" xmlns="http://www.tei-c.org/ns/1.0">(Grotere cargasoenen voor Japan overwogen).<lb/></note><note xml:id="INT_d55f00d3-c959-3db5-ac5b-7505fd132deb.TEI.1.text.1.body.1.div.1.note.3" xml:lang="nl" rend="font-size: 8; text-align: justify; line-height: 8.9pt; margin-left: 2200" xmlns="http://www.tei-c.org/ns/1.0">1) Moscovisch glas of Mariaglas, een soort gipsspaath, die gebruikt wordt voor vensters.<lb/></note><note xml:id="INT_d55f00d3-c959-3db5-ac5b-7505fd132deb.TEI.1.text.1.body.1.div.1.note.4" xml:lang="nl" rend="font-size: 8; text-align: justify; line-height: 8.9pt; margin-left: 2100" xmlns="http://www.tei-c.org/ns/1.0">2) NI. Japan.<lb/></note>
            
      </div>
                  </body>
                </text>
              </TEI>