<TEI xml:id="INT_949d5a85-4fcf-34bd-bb82-5d1a45031ee8" xmlns="http://www.tei-c.org/ns/1.0">
                <teiHeader>
      <fileDesc>
        <titleStmt>
          <title>Camphuys, Hurdt, Van Outhoorn, Pit, Van Quaelbergh en Van Hoorn, 18 maart 1685</title>
        </titleStmt>
        <publicationStmt>
          <p>
            <date>18 maart 1685</date>
            <idno type="sourceID">missiven:vol4</idno>
            <idno type="pid">INT_949d5a85-4fcf-34bd-bb82-5d1a45031ee8</idno>
          </p>
        </publicationStmt>
        <notesStmt>
          <note/>
        </notesStmt>
        <sourceDesc>
          <listBibl xml:id="inlMetadata">
            <bibl type="missive">
        <interpGrp type="page"><interp>782</interp></interpGrp>
        
      <interpGrp type="titleLevel1"><interp>Camphuys, Hurdt, Van Outhoorn, Pit, Van Quaelbergh en Van Hoorn, 18 maart 1685</interp></interpGrp>
      <interpGrp type="dateLevel1"><interp>18 maart 1685</interp></interpGrp>
        <interpGrp type="tocLevel"><interp>1</interp></interpGrp>
      <interpGrp type="volume"><interp>4</interp></interpGrp>
        <interpGrp type="n"><interp>VII</interp></interpGrp>
      
      <interpGrp type="witnessYearLevel1_from"><interp>1685</interp></interpGrp>
      <interpGrp type="witnessYearLevel1_to"><interp>1685</interp></interpGrp>
      <interpGrp type="witnessMonthLevel1_to"><interp>3</interp></interpGrp>
      <interpGrp type="witnessMonthLevel1_from"><interp>3</interp></interpGrp>
      <interpGrp type="witnessDayLevel1_to"><interp>18</interp></interpGrp>
      <interpGrp type="witnessDayLevel1_from"><interp>18</interp></interpGrp>
      <interpGrp type="authorLevel1"><interp>Camphuys</interp><interp>Hurdt</interp><interp>Van Outhoorn</interp><interp>Pit</interp><interp>Van Quaelbergh</interp><interp>Van Hoorn</interp></interpGrp>
      <interpGrp type="pid"><interp>INT_949d5a85-4fcf-34bd-bb82-5d1a45031ee8</interp></interpGrp>
    </bibl>
          </listBibl>
        </sourceDesc>
      </fileDesc>
    </teiHeader>
                <text xml:id="INT_949d5a85-4fcf-34bd-bb82-5d1a45031ee8.TEI.1.text.1">
                  <body xml:id="INT_949d5a85-4fcf-34bd-bb82-5d1a45031ee8.TEI.1.text.1.body.1">
                    <div xml:id="INT_949d5a85-4fcf-34bd-bb82-5d1a45031ee8.TEI.1.text.1.body.1.div.1">
        
              <pb xml:id="INT_949d5a85-4fcf-34bd-bb82-5d1a45031ee8.TEI.1.text.1.body.1.div.1.pb.1" n="782" facs="http://resources.huygens.knaw.nl/retroapp/service_generalemissiven/gm_04/images/gm_4_134_0782.tif"/><fw xml:id="INT_949d5a85-4fcf-34bd-bb82-5d1a45031ee8.TEI.1.text.1.body.1.div.1.fw.1" place="top" type="page-number" facs="#zone.78901" xmlns="http://www.tei-c.org/ns/1.0">782</fw><fw xml:id="INT_949d5a85-4fcf-34bd-bb82-5d1a45031ee8.TEI.1.text.1.body.1.div.1.fw.2" place="top" type="head" facs="#zone.78905" xmlns="http://www.tei-c.org/ns/1.0">Camphuys, Hurdt, Van Outhoorn, Pit, Van Quaelbergh, enz. VII, 18 maart 1685</fw><head xml:id="INT_949d5a85-4fcf-34bd-bb82-5d1a45031ee8.TEI.1.text.1.body.1.div.1.head.1" xml:lang="nl" rend="font-size: 10; line-height: 11.7pt" xmlns="http://www.tei-c.org/ns/1.0">VII. JOANNES CAMPHUYS, ANTHONIO HURDT, WILLEM VAN OUT<lb/> HOORN, MARTEN PIT, CORNELIS VAN QUAELBERGH EN JOAN<lb/> VAN HOORN, BATAVIA 18 maart 1685.<lb/></head><p xml:id="INT_949d5a85-4fcf-34bd-bb82-5d1a45031ee8.TEI.1.text.1.body.1.div.1.p.1" xml:lang="nl" rend="font-size: 8; line-height: 8.9pt" xmlns="http://www.tei-c.org/ns/1.0">Kol. Arch. 1284, fol. 1053-1085.<lb/></p><note xml:id="INT_949d5a85-4fcf-34bd-bb82-5d1a45031ee8.TEI.1.text.1.body.1.div.1.note.1" xml:lang="nl" place="inline" type="editorial-summary" resp="editor" rend="font-style: italic; line-height: 11.7pt; text-indent: 23.0pt; text-align: justify; font-size: 9.5" xmlns="http://www.tei-c.org/ns/1.0">( Deze brief gaat naar Nederland met het bootje Duyff, dat vnl. administratieve<lb/> papieren overbrengt , de Kaap niet zal aandoen en door het Kanaal varen; de voorlaatste<lb/> twee schepen kwamen pas 28 febr. buiten Straat Sunda, St. Maartensdijck 2 maart;<lb/> Leeuwenson kwam 23 febr. met twee schepen van de Macaose eilanden; hem <hi rend="font-size:8.5; font-family:Liberation Serif" xml:lang="nl">-</hi> )<lb/></note><p xml:id="INT_949d5a85-4fcf-34bd-bb82-5d1a45031ee8.TEI.1.text.1.body.1.div.1.p.2" resp="int_paragraph_joining" rend="">
              - ontrent het ontfangen van de zijde geen kleene stribbelingen waren<lb xmlns="http://www.tei-c.org/ns/1.0"/>te vooren gekomen, alsoo de Chinese cooplieden ofte factoors getragt hadden hem<lb xmlns="http://www.tei-c.org/ns/1.0"/> parthye vervalst goed in de hand te steecken, daar se mede afgewesen waren geworden<lb xmlns="http://www.tei-c.org/ns/1.0"/> om daartoe andere cooplieden te soecken ende die se nae haar voorgeven<lb xmlns="http://www.tei-c.org/ns/1.0"/> seer wel souden weten te vinden, hoewel se over desel ve afwijsingh lieten blij eken<lb xmlns="http://www.tei-c.org/ns/1.0"/> niet wel tevreden te zijn, op een dreygende wijse daarbij voegende, dat se voornemens<lb xmlns="http://www.tei-c.org/ns/1.0"/> waren de gewraackte ofte uytgeschooten zijde nae Japan te senden, alwaar<lb xmlns="http://www.tei-c.org/ns/1.0"/> soodanigen zoort nae haar seggen nog jongst 360 thail het picol souden hebben<lb xmlns="http://www.tei-c.org/ns/1.0"/> gehaalt, daarmede niet duysterlijck te kennen gevende, dat se soodoende d’E.<lb xmlns="http://www.tei-c.org/ns/1.0"/> Comp.e in hunnen handel op Japan hinderlijck en nadeeligh souden konnen wesen<lb xmlns="http://www.tei-c.org/ns/1.0"/> en ’twelck den gemelten e. Leeuwenson meent, dat den tegenwoordigen Cantonsen<lb xmlns="http://www.tei-c.org/ns/1.0"/> poui of veldheer oock niet en soude naelaten, als een man sijnde, die soowel met<lb xmlns="http://www.tei-c.org/ns/1.0"/> den buyten- als binnenlandschen handel sijn inkomsten sogt te vergrooten en die<lb xmlns="http://www.tei-c.org/ns/1.0"/> het alleen om ’t hebben en ’t houden te doen was. Met de inlevering van de andere<lb xmlns="http://www.tei-c.org/ns/1.0"/> gecontracteerde coopmanschappen waren de gemelte Chinese factoors onderwijlen<lb xmlns="http://www.tei-c.org/ns/1.0"/> voortgevaren, maar in plaats van de beloofde 3000 p.ls onvervalst speaulter, die se<lb xmlns="http://www.tei-c.org/ns/1.0"/> verclaarden niet te konnen bekomen, hadden se versogt voor dit maal goede, deugtsame<lb xmlns="http://www.tei-c.org/ns/1.0"/> zijde te mogen leveren onder toesegginge van sorge te sullen dragen, datter in<lb xmlns="http://www.tei-c.org/ns/1.0"/> aanstaande een kloecke quantiteyt van dat mineraal in voorraad soude sijn,<lb xmlns="http://www.tei-c.org/ns/1.0"/> ’twelck hun dan, namentlijck de leverantie van zijde, om de tijt niet onnuttel. te<lb xmlns="http://www.tei-c.org/ns/1.0"/> laeten doorschieten in dier voegen had moeten werden toegestaan.<lb xmlns="http://www.tei-c.org/ns/1.0"/>
            </p><note xml:id="INT_949d5a85-4fcf-34bd-bb82-5d1a45031ee8.TEI.1.text.1.body.1.div.1.note.2" xml:lang="nl" place="inline" type="editorial-summary" resp="editor" rend="font-style: italic; line-height: 11.4pt; text-indent: 23.0pt; text-align: justify; font-size: 9.5" xmlns="http://www.tei-c.org/ns/1.0">(Het Nederlandse laken was slecht en kon slechts tegen geringe prijs verkocht<lb/> worden , nl. voor 2 taël of f. 8 - de el; op barnsteen werd 180% winst gemaakt , op<lb/> takkoraal 70 , de laatste echter tegen waren , w.o. thee <hi rend="font-size:8.5; font-family:Liberation Serif" xml:lang="nl">,</hi> f. 16174 koopwaar bleek onverkoopbaar;<lb/> de twee schepen brachten lading van f. 228376 te Batavia , vnl. zijde en<lb/> spiaulter; Leeuwenson contracteerde pelings enz. tegen november; zijn eis voor de volgende<lb/> expeditie is vnl. specerijen, goed laken, barnsteen en 30000 rsd. in Spaanse<lb/> realen, <hi rend="font-size:8.5; font-family:Liberation Serif" xml:lang="nl">-</hi> )<lb/></note><p xml:id="INT_949d5a85-4fcf-34bd-bb82-5d1a45031ee8.TEI.1.text.1.body.1.div.1.p.3" resp="int_paragraph_joining" rend="">
              - voorts eenige rariteyten, als curieuse slagorlogies, verrekijekers,<lb xmlns="http://www.tei-c.org/ns/1.0"/>gedrilde <hi rend="font-size:10; font-family:Liberation Serif; vertical-align:super" xml:lang="nl" xmlns="http://www.tei-c.org/ns/1.0">x)</hi> of geschilderde glasen en ruyten, vergulde houwerklingen en andere<lb xmlns="http://www.tei-c.org/ns/1.0"/> fijne geweiren om vercogt en oock bij gelegentheyt verschoncken te werden.<lb xmlns="http://www.tei-c.org/ns/1.0"/>
            </p><note xml:id="INT_949d5a85-4fcf-34bd-bb82-5d1a45031ee8.TEI.1.text.1.body.1.div.1.note.3" xml:lang="nl" place="inline" type="editorial-summary" resp="editor" rend="font-style: italic; line-height: 11.7pt; text-indent: 23.0pt; text-align: justify; font-size: 9.5" xmlns="http://www.tei-c.org/ns/1.0">( Peper zou per pikol 8 taël kunnen opbrengen, verkocht men die echter te Batavia<lb/> aan Portugezen uit Macao in ruil voor spiaulter , dan was minder nodig voor China,<lb/></note><note xml:id="INT_949d5a85-4fcf-34bd-bb82-5d1a45031ee8.TEI.1.text.1.body.1.div.1.note.4" xml:lang="nl" rend="font-size: 8; text-align: justify; line-height: 8.9pt; text-indent: 23.0pt" xmlns="http://www.tei-c.org/ns/1.0">1 ) Gedrild glas, gegraveerd glas.<lb/></note><pb xml:id="INT_949d5a85-4fcf-34bd-bb82-5d1a45031ee8.TEI.1.text.1.body.1.div.1.pb.2" n="783" facs="http://resources.huygens.knaw.nl/retroapp/service_generalemissiven/gm_04/images/gm_4_134_0783.tif"/><fw xml:id="INT_949d5a85-4fcf-34bd-bb82-5d1a45031ee8.TEI.1.text.1.body.1.div.1.fw.3" place="top" type="head" facs="#zone.81496" xmlns="http://www.tei-c.org/ns/1.0">Camphuys, Hurdt, Van Outhoom, Pit, Van Quaelbergh, enz. VII, 18 maart 1685</fw><fw xml:id="INT_949d5a85-4fcf-34bd-bb82-5d1a45031ee8.TEI.1.text.1.body.1.div.1.fw.4" place="top" type="page-number" facs="#zone.81511" xmlns="http://www.tei-c.org/ns/1.0">783</fw><note xml:id="INT_949d5a85-4fcf-34bd-bb82-5d1a45031ee8.TEI.1.text.1.body.1.div.1.note.5" xml:lang="nl" place="inline" type="editorial-summary" resp="editor" rend="font-size: 10; font-style: italic; text-align: justify; line-height: 11.7pt" xmlns="http://www.tei-c.org/ns/1.0">maar ontging men veel risico; men dient met alle waren tegen de Engelsen te kunnen<lb/> concurreren; men verkocht in het seizoen hij Macao goederen tot een inkoopwaarde van<lb/> f. 190135, waarop zuiver f. 177833 werd gewonnen of 93$% en ontving bovendien<lb/> f. 11460 voor passage van 160 Chinezen met hun bagage, vgl. <hi rend="font-size:10; font-family:Liberation Serif" xml:lang="nl">Beschrijvinge</hi> II, I, p.<lb/> 759 r. 20 v.o. -17 v.o.; de Salida ligt met carg. van f. 72059 voor Amoy; Broeders<lb/> meldt daar nog niet ten handel te zijn toegelaten; vólgens gerucht hij <hi rend="font-size:10; font-family:Liberation Serif" xml:lang="nl">-</hi> )<lb/></note><p xml:id="INT_949d5a85-4fcf-34bd-bb82-5d1a45031ee8.TEI.1.text.1.body.1.div.1.p.4" resp="int_paragraph_joining" rend="">
              - met eenige van onse volckeren aan land door den sithetock off groot-<lb xmlns="http://www.tei-c.org/ns/1.0"/>admiraal wel scherpelijck wierde bewaart.<lb xmlns="http://www.tei-c.org/ns/1.0"/>
            </p><note xml:id="INT_949d5a85-4fcf-34bd-bb82-5d1a45031ee8.TEI.1.text.1.body.1.div.1.note.6" xml:lang="nl" place="inline" type="editorial-summary" resp="editor" rend="font-style: italic; line-height: 11.1pt; text-indent: 22.0pt; text-align: justify; font-size: 10" xmlns="http://www.tei-c.org/ns/1.0">( Zo ook <hi rend="font-size:10; font-family:Liberation Serif" xml:lang="nl">-</hi> )<lb/></note><p xml:id="INT_949d5a85-4fcf-34bd-bb82-5d1a45031ee8.TEI.1.text.1.body.1.div.1.p.5" xml:lang="nl" rend="font-size: 10; text-align: justify; line-height: 11.7pt; text-indent: 22.0pt" xmlns="http://www.tei-c.org/ns/1.0">- hij, grootadmiraal, het jagt Sillida met eenige oorlogsj oneken hebbende<lb/> doen bewaken, sommige derselver door de harde en felle winden gaande en met<lb/> haar anekertouwen bij ende aan het touw van Sillida verwart geraackt waaren,<lb/> sonderdat se konden werden geredt, voordat er een van de j oneken hun touwren<lb/> wierde gekapt, ’tgeen door eenige onser matroosen teweegh gebragt sijnde, bij hem,<lb/> sithetock, soo euvel opgenomen was, dat hij in presentie van den coopman Broeders<lb/> onse bootsluyden daarover hadde doen straffen.<lb/></p><note xml:id="INT_949d5a85-4fcf-34bd-bb82-5d1a45031ee8.TEI.1.text.1.body.1.div.1.note.7" xml:lang="nl" place="inline" type="editorial-summary" resp="editor" rend="font-style: italic; line-height: 11.1pt; text-indent: 22.0pt; text-align: justify; font-size: 10" xmlns="http://www.tei-c.org/ns/1.0">( Den <hi rend="font-size:10; font-family:Liberation Serif" xml:lang="nl">-</hi> )<lb/></note><p xml:id="INT_949d5a85-4fcf-34bd-bb82-5d1a45031ee8.TEI.1.text.1.body.1.div.1.p.6" resp="int_paragraph_joining" rend="">
              - sithetock een brusk en straf f man was, welckers regeeringh door<lb xmlns="http://www.tei-c.org/ns/1.0"/>ijdereen gehaat en tegengesproocken wiert. Ende bovendien scheenen Comp.8<lb xmlns="http://www.tei-c.org/ns/1.0"/> zaacken ten hove oock niet al te wel te staan, nadien den Cantonsen poui (sigh<lb xmlns="http://www.tei-c.org/ns/1.0"/> doorgaans getoont hebbende onse saacken genegen te sijn) d’e. Leeuwenson door<lb xmlns="http://www.tei-c.org/ns/1.0"/> dentolckLilauja had laeten weten van gevoelen te sijn, dat wij seer beswaarlijck<lb xmlns="http://www.tei-c.org/ns/1.0"/> tot den vrijen handel souden werden toegelaeten sonder alvoorens een hoffelijeke<lb xmlns="http://www.tei-c.org/ns/1.0"/> besendinge nae Peckin te doen, waartoe wij ons nae haar zeggen om de 8 jaaren<lb xmlns="http://www.tei-c.org/ns/1.0"/> eens souden hebben verpligt en bovendien oock aangenomen den Keyser tot het<lb xmlns="http://www.tei-c.org/ns/1.0"/> overweldigen van Tayoan eenige scheepen ter hulpe toe te senden, dat se mede<lb xmlns="http://www.tei-c.org/ns/1.0"/> seyden noyt geschiet te sijn en daarom was hij, poui, in bedugtinge, dat het meergemelte<lb xmlns="http://www.tei-c.org/ns/1.0"/> jagt Sillida zonder handel en onverrigter zaacken soude moeten vertrecken.<lb xmlns="http://www.tei-c.org/ns/1.0"/><lb xmlns="http://www.tei-c.org/ns/1.0"/>
            </p><note xml:id="INT_949d5a85-4fcf-34bd-bb82-5d1a45031ee8.TEI.1.text.1.body.1.div.1.note.8" xml:lang="nl" place="inline" type="editorial-summary" resp="editor" rend="font-style: italic; line-height: 11.7pt; text-indent: 22.0pt; text-align: justify; font-size: 10" xmlns="http://www.tei-c.org/ns/1.0">(Volgt <hi rend="font-size:10; font-family:Liberation Serif" xml:lang="nl">Beschrijvinge</hi> II, I, p. 759, r. 16 v.o. - p. 760, r. 10, p. 759, r. 11-20;<lb/> de poui zendt door hem gehuurde vaartuigen naar Manilla, Malakka en Batavia <hi rend="font-size:10; font-family:Liberation Serif; font-style:italic; vertical-align:sub" xml:lang="nl">y</hi><lb/>succes met een lakenzending naar Japan had hij niet; er liggen 4 Siamese jonken w.o <hi rend="font-size:10; font-family:Liberation Serif" xml:lang="nl">.</hi><lb/>twee voor overbrenging van gezanten aan den Keizer van China, die vertelden, <hi rend="font-size:10; font-family:Liberation Serif" xml:lang="nl">-</hi> J<lb/></note><p xml:id="INT_949d5a85-4fcf-34bd-bb82-5d1a45031ee8.TEI.1.text.1.body.1.div.1.p.7" resp="int_paragraph_joining" rend="">
              - dat haare verrigtinge alleen hadde bestaan in een vernieuwinge van<lb xmlns="http://www.tei-c.org/ns/1.0"/>het oude verbond en versoeck om tot den vrijen handel toegelaten te mogen werden,<lb xmlns="http://www.tei-c.org/ns/1.0"/> ’tgeen sij dan oock verkregen hadden, mits dat se hun daarentegen weder<lb xmlns="http://www.tei-c.org/ns/1.0"/> hadde moeten verpligten alle drie jaaren precijs een hoffreyse te doen om den<lb xmlns="http://www.tei-c.org/ns/1.0"/> Keyser te begroeten etc.a.<lb xmlns="http://www.tei-c.org/ns/1.0"/>
            </p><p xml:id="INT_949d5a85-4fcf-34bd-bb82-5d1a45031ee8.TEI.1.text.1.body.1.div.1.p.8" resp="int_paragraph_joining" rend="">
              De Portugesen hadden mede besonder veel weten te spreecken wegens ’t beschick<lb xmlns="http://www.tei-c.org/ns/1.0"/> en des handels in het Chineese rijck, namentlijck dat aldaar niemandt voort-<lb xmlns="http://www.tei-c.org/ns/1.0"/><pb xml:id="INT_949d5a85-4fcf-34bd-bb82-5d1a45031ee8.TEI.1.text.1.body.1.div.1.p.8.pb.1" n="784" facs="http://resources.huygens.knaw.nl/retroapp/service_generalemissiven/gm_04/images/gm_4_134_0784.tif"/><fw xml:id="INT_949d5a85-4fcf-34bd-bb82-5d1a45031ee8.TEI.1.text.1.body.1.div.1.p.8.fw.1" place="top" type="page-number" facs="#zone.84079" xmlns="http://www.tei-c.org/ns/1.0">784</fw><fw xml:id="INT_949d5a85-4fcf-34bd-bb82-5d1a45031ee8.TEI.1.text.1.body.1.div.1.p.8.fw.2" place="top" type="head" facs="#zone.84083" xmlns="http://www.tei-c.org/ns/1.0">Camphuys, Hurdt, Van Outhoom, Pit, Van Quaelbergh, enz. VII, 18 maart 1686</fw>aan tersluyck soude mogen komen negotieeren, dat er in al de zeehavens tolhuysen<lb xmlns="http://www.tei-c.org/ns/1.0"/> souden werden opgeregt, dat den Keyser albereyts selffs in persoon met een<lb xmlns="http://www.tei-c.org/ns/1.0"/> heer van wel 70000 mannen in Nanckin ware geweest om sig door ’t geheele rijck te<lb xmlns="http://www.tei-c.org/ns/1.0"/> verthoonen, de misbruycken, door de benedenregenten ingevoert, te verbeteren<lb xmlns="http://www.tei-c.org/ns/1.0"/> en een vasten voet wegens den handel te beramen, dog dat Sijn Mayesteyt dit voornemen<lb xmlns="http://www.tei-c.org/ns/1.0"/> gestaackt hadden en daartoe een commissaris afsenden soude, -<lb xmlns="http://www.tei-c.org/ns/1.0"/>
            </p><note xml:id="INT_949d5a85-4fcf-34bd-bb82-5d1a45031ee8.TEI.1.text.1.body.1.div.1.note.9" xml:lang="nl" place="inline" type="editorial-summary" resp="editor" rend="font-style: italic; line-height: 12.9pt; text-indent: 23.0pt; text-align: justify; font-size: 9" xmlns="http://www.tei-c.org/ns/1.0"><hi rend="font-size:9; font-family:Liberation Serif; font-weight:bold" xml:lang="nl">-</hi> wat men indirect van pater Verbiest had vernomen; Leeuwenson meent ,<lb/></note><note xml:id="INT_949d5a85-4fcf-34bd-bb82-5d1a45031ee8.TEI.1.text.1.body.1.div.1.note.10" xml:lang="nl" place="inline" type="editorial-summary" resp="editor" rend="font-size: 9; font-style: italic; text-align: justify; line-height: 12.9pt" xmlns="http://www.tei-c.org/ns/1.0">dat de paters <hi rend="font-size:9; font-family:Liberation Serif; font-weight:bold" xml:lang="nl">-</hi> )<lb/></note><p xml:id="INT_949d5a85-4fcf-34bd-bb82-5d1a45031ee8.TEI.1.text.1.body.1.div.1.p.9" resp="int_paragraph_joining" rend="">
              - vrij wat bedriegelijck waren en dat haere geestelijcke doorgaans<lb xmlns="http://www.tei-c.org/ns/1.0"/>arbeyden om d’E. Comp.e ten hove allesints de voet dwars te setten en hatelijck<lb xmlns="http://www.tei-c.org/ns/1.0"/> te maacken, t’welck gands niet nieuws is, als sijnde dit altijdt en van overlange hare<lb xmlns="http://www.tei-c.org/ns/1.0"/> studie geweest, omdat se ons gaarne uyt China geweert zagen. Haren gouverneur<lb xmlns="http://www.tei-c.org/ns/1.0"/> van de stad Maccauw had d’e. Leeuwenson vergunt die plaatse te mogen frequenteeren,<lb xmlns="http://www.tei-c.org/ns/1.0"/> maar door die van de regeeringe <hi rend="font-size:10; font-family:Liberation Serif; vertical-align:super" xml:lang="nl" xmlns="http://www.tei-c.org/ns/1.0">x)</hi> was sijn e. sulx weder ontsegt en bevolen<lb xmlns="http://www.tei-c.org/ns/1.0"/> van daar te moeten vertrecken, waarover hij hadde geklaagt aan gemelte<lb xmlns="http://www.tei-c.org/ns/1.0"/> gouverneur, die sig oock de zaack eenigsints scheen aangetrocken te hebben, nadien<lb xmlns="http://www.tei-c.org/ns/1.0"/> de gemelte regeeringe het naderhand gaarne onder de benaminge van een<lb xmlns="http://www.tei-c.org/ns/1.0"/> misverstand hadde willen laeten heengaan.<lb xmlns="http://www.tei-c.org/ns/1.0"/>
            </p><note xml:id="INT_949d5a85-4fcf-34bd-bb82-5d1a45031ee8.TEI.1.text.1.body.1.div.1.note.11" xml:lang="nl" place="inline" type="editorial-summary" resp="editor" rend="font-style: italic; line-height: 11.7pt; text-indent: 23.0pt; text-align: justify; font-size: 9" xmlns="http://www.tei-c.org/ns/1.0">(10 gedroste Nederlandse matrozen kreeg men er niet terug; het 3 maart te Batavia<lb/> gekomen scheepje Rosario Grande bracht een brief van verontschuldiging mee over het<lb/> optreden tegen Leeuwenson , men had dit gedaan uit vrees voor de Chinezen , terwijl er<lb/> geen Nederlandse matrozen zouden zijn; 2 maart kwam de resident Leonard de Moy<lb/> uit Tonkin met de Croonvogel , cargasoen van <hi rend="font-size:9; font-family:Liberation Serif; font-weight:bold" xml:lang="nl">/.</hi> 69349; hij had zijn opvolger Joannes<lb/> Sihens <hi rend="font-size:9; font-family:Liberation Serif; font-weight:bold" xml:lang="nl">/.</hi> 100207 aan effecten overgedragen , veel, omdat door het mislukken van de<lb/> teelt van zijde die te duur was voor de opkoop; de er door de Bombain gebrachte peper<lb/> ad f. 29090 was er moeilijk verkoopbaar; de Koning was 3079 taël schuldig, die hij<lb/> beloofde in zijde te betalen; waren, door hem en den grootmandarijn Ongsia Quin<lb/> Deeuw verlangd, waar de Hoge Reg. weinig heil in ziet; 435 lcati muscus was er gekocht<lb/> d <hi rend="font-size:9; font-family:Liberation Serif; font-weight:bold" xml:lang="nl">/.</hi> 115 het kati; er was in een jaar uitgegeven aan <hi rend="font-size:9; font-family:Liberation Serif; font-weight:bold" xml:lang="nl">-</hi> )<lb/></note><p xml:id="INT_949d5a85-4fcf-34bd-bb82-5d1a45031ee8.TEI.1.text.1.body.1.div.1.p.10" xml:lang="nl" rend="font-size: 10; text-align: justify; line-height: 11.7pt; text-indent: 23.0pt" xmlns="http://www.tei-c.org/ns/1.0">montkosten f. 943, huysonkosten f. 1633, extraord.8 onkosten f. 1131,<lb/> schenckagie f. 8528, scheepsonkosten f. 3205, soldijen f. 763; totaal f. 16203,<lb/></p><note xml:id="INT_949d5a85-4fcf-34bd-bb82-5d1a45031ee8.TEI.1.text.1.body.1.div.1.note.12" xml:lang="nl" place="inline" type="editorial-summary" resp="editor" rend="font-style: italic; line-height: 12.9pt; text-indent: 23.0pt; text-align: justify; font-size: 9" xmlns="http://www.tei-c.org/ns/1.0">( <hi rend="font-size:9; font-family:Liberation Serif; font-weight:bold" xml:lang="nl">-</hi> tegen slechts f. 16165 winst; de Engelsen zouden er grote schulden<lb/></note><note xml:id="INT_949d5a85-4fcf-34bd-bb82-5d1a45031ee8.TEI.1.text.1.body.1.div.1.note.13" xml:lang="nl" place="inline" type="editorial-summary" resp="editor" rend="font-size: 9; font-style: italic; text-align: justify; line-height: 12.9pt" xmlns="http://www.tei-c.org/ns/1.0">hebben gemaakt).<lb/></note><p xml:id="INT_949d5a85-4fcf-34bd-bb82-5d1a45031ee8.TEI.1.text.1.body.1.div.1.p.11" resp="int_paragraph_joining" rend="">
              En had den Coning uyt eenige wantrouw en agterdogt den Dairo alle sijn<lb xmlns="http://www.tei-c.org/ns/1.0"/> mandorijns af genomen, haere huysen doen raseren en deselve als dorpelingen op<lb xmlns="http://www.tei-c.org/ns/1.0"/> het landt gesonden. Zijn oudste broeder Doucun Oun en sijn swager Ong Foema<lb xmlns="http://www.tei-c.org/ns/1.0"/><note xml:id="INT_949d5a85-4fcf-34bd-bb82-5d1a45031ee8.TEI.1.text.1.body.1.div.1.p.11.note.1" xml:lang="nl" rend="font-size: 7.5; text-align: justify; line-height: 9.9pt; text-indent: 23.0pt" xmlns="http://www.tei-c.org/ns/1.0">1 ) De macht van den kapitein-generaal van Macac strekte zich slechts over de militaire<lb/> zaken uit. De burgerlijke en financiële zaken worden behandeld door een senaat, een lichaam<lb/> bestaande uit drie indirect door de burgerij gekozen wethouders, drie juristen en een secretaris,<lb/> vgl. <hi rend="font-size:7.5; font-family:Liberation Serif; font-style:italic" xml:lang="nl">Fidalgo8,</hi> p. 9.<lb/></note><pb xml:id="INT_949d5a85-4fcf-34bd-bb82-5d1a45031ee8.TEI.1.text.1.body.1.div.1.p.11.pb.1" n="785" facs="http://resources.huygens.knaw.nl/retroapp/service_generalemissiven/gm_04/images/gm_4_134_0785.tif"/><fw xml:id="INT_949d5a85-4fcf-34bd-bb82-5d1a45031ee8.TEI.1.text.1.body.1.div.1.p.11.fw.1" place="top" type="head" facs="#zone.86713" xmlns="http://www.tei-c.org/ns/1.0">Camphuys, Hurdt, Van Outhoom, Pit, Van Quaelbergh, enz. VII, 18 maart 1685</fw><fw xml:id="INT_949d5a85-4fcf-34bd-bb82-5d1a45031ee8.TEI.1.text.1.body.1.div.1.p.11.fw.2" place="top" type="page-number" facs="#zone.86728" xmlns="http://www.tei-c.org/ns/1.0">785</fw>waren almede door opgevatte ergwaan bij hem in ongenade geraackt, van alle hare<lb xmlns="http://www.tei-c.org/ns/1.0"/> staten berooft, d’eerste maar 100 mannen tot sijn dienst gelaten en de andere van<lb xmlns="http://www.tei-c.org/ns/1.0"/> alles ontset en als een gering man in een der dorpen gebannen. Sijn Mayesteyts<lb xmlns="http://www.tei-c.org/ns/1.0"/> eenigste soon, Ducun Tafochim genaamt, genesen zijnde van een rasernye, die<lb xmlns="http://www.tei-c.org/ns/1.0"/> hem bij wijlen of vlagen aanquam, had in het hoff van sijn vader possessie genomen<lb xmlns="http://www.tei-c.org/ns/1.0"/> en was in de jongstleden maand december door den Dairo met de gewoonelijcke<lb xmlns="http://www.tei-c.org/ns/1.0"/> plegtigheden tot prince des rijcx verclaart, op welcken tijd den Coning sig<lb xmlns="http://www.tei-c.org/ns/1.0"/> selffs mede opentlijck hadde doen kroonen, ’twelck bevoorens nog niet en was geschiedt,<lb xmlns="http://www.tei-c.org/ns/1.0"/> ’tgunt dan oock met een ongemeene groote pragt en statie was toegegaan.<lb xmlns="http://www.tei-c.org/ns/1.0"/><hi rend="font-size:8; font-family:Liberation Serif" xml:lang="nl" xmlns="http://www.tei-c.org/ns/1.0">Fol. 1064r-v.</hi><lb xmlns="http://www.tei-c.org/ns/1.0"/>
            </p><note xml:id="INT_949d5a85-4fcf-34bd-bb82-5d1a45031ee8.TEI.1.text.1.body.1.div.1.note.14" xml:lang="nl" place="inline" type="editorial-summary" resp="editor" rend="font-style: italic; line-height: 11.7pt; text-indent: 21.0pt; text-align: justify; font-size: 9.5" xmlns="http://www.tei-c.org/ns/1.0">(Herhaalde stormen en overstromingen teisterden het land; 3 maart kwam de<lb/> Makassar uit Siam; Faa stierf 1 febr. aan boord <hi rend="font-size:10; font-family:Liberation Serif" xml:lang="nl">,</hi> voor hij zijn rapport over Siam gereed<lb/> had; daar <hi rend="font-size:10; font-family:Liberation Serif" xml:lang="nl">-</hi> )<lb/></note><p xml:id="INT_949d5a85-4fcf-34bd-bb82-5d1a45031ee8.TEI.1.text.1.body.1.div.1.p.12" resp="int_paragraph_joining" rend="">
              - den Koning selve den grootsten koopman sijnde, die oock 2 jaren<lb xmlns="http://www.tei-c.org/ns/1.0"/>agtereen al het koper en spiaulter, aldaar ter marckt gebragt, nae sig hadde genomen<lb xmlns="http://www.tei-c.org/ns/1.0"/> sonder sigh te bekreunen, dat de andere traffiquanten daarover gantsch te<lb xmlns="http://www.tei-c.org/ns/1.0"/> onvreden waren en dickwils met haar klagten voor hem quamen. Oock scheen hij<lb xmlns="http://www.tei-c.org/ns/1.0"/> sijn handel nog al verder te willen uytbreyden en had sig eenigsints misnoegt getoont,<lb xmlns="http://www.tei-c.org/ns/1.0"/> over dat er 4 vaartuygen, van d’e. Faa zal.r pasceduls verkregen hebbende<lb xmlns="http://www.tei-c.org/ns/1.0"/> om over Dilli naar Aatchin te mogen vertrecken, ontrent Bencalis door onse kruyssende<lb xmlns="http://www.tei-c.org/ns/1.0"/> vaartuygen, onder Malacca sorterende, waren aangesnoert, dog was Sijn<lb xmlns="http://www.tei-c.org/ns/1.0"/> Mayesteyt nader tevreeden geweest, wanneer hem wierd aangewesen, dat zij de<lb xmlns="http://www.tei-c.org/ns/1.0"/> regte wegh niet hadden gebruyckt en Malacca, daar se een andere passé hadden<lb xmlns="http://www.tei-c.org/ns/1.0"/> behoren te vorderen om haar wegh nae Aatchin te vervolgen, voorbij gevaren<lb xmlns="http://www.tei-c.org/ns/1.0"/> waren.<lb xmlns="http://www.tei-c.org/ns/1.0"/>
            </p><note xml:id="INT_949d5a85-4fcf-34bd-bb82-5d1a45031ee8.TEI.1.text.1.body.1.div.1.note.15" xml:lang="nl" place="inline" type="editorial-summary" resp="editor" rend="font-style: italic; line-height: 12.0pt; text-indent: 21.0pt; text-align: justify; font-size: 9.5" xmlns="http://www.tei-c.org/ns/1.0">(Faa was van mening <hi rend="font-size:10; font-family:Liberation Serif" xml:lang="nl">,</hi> dat den Koning van Siam geen zeepassen voor Java’s<lb/> oostkust <hi rend="font-size:10; font-family:Liberation Serif" xml:lang="nl">,</hi> Indragiri, Djambi en Palembang <hi rend="font-size:10; font-family:Liberation Serif" xml:lang="nl">,</hi> waar de V.O.C. exclusieve rechten heeft <hi rend="font-size:10; font-family:Liberation Serif" xml:lang="nl">,</hi><lb/>dienen te worden gegeven; de Vorst is van voornemen zelf zeebrieven te gaan uitgeven <hi rend="font-size:10; font-family:Liberation Serif" xml:lang="nl">,</hi><lb/>wat men toejuicht <hi rend="font-size:10; font-family:Liberation Serif" xml:lang="nl">,</hi> omdat zo <hi rend="font-size:10; font-family:Liberation Serif" xml:lang="nl">,,</hi> lorrendrayers <hi rend="font-size:10; font-family:Liberation Serif" xml:lang="nl">”</hi> zullen kunnen worden onderscheiden van<lb/> bonafide Siamese schepen; hij blijft aan de onderschikking van Djambi vasthouden <hi rend="font-size:10; font-family:Liberation Serif" xml:lang="nl">,</hi><lb/><hi rend="font-size:10; font-family:Liberation Serif" xml:lang="nl">-</hi> <hi rend="font-size:13; font-family:Liberation Serif; font-style:italic; font-weight:bold" xml:lang="nl">j</hi><lb/></note><p xml:id="INT_949d5a85-4fcf-34bd-bb82-5d1a45031ee8.TEI.1.text.1.body.1.div.1.p.13" resp="int_paragraph_joining" rend="">
              - indien wij niet bewijsen konden, dat Jamby t’eeniger tijd den Sou-<lb xmlns="http://www.tei-c.org/ns/1.0"/>souhounang Mataram onderhorig was geweest, (gelijck als sulx oock bij de Jambyse<lb xmlns="http://www.tei-c.org/ns/1.0"/> gesanten heftelijck wierde ontkent) anders wilde hij dat geerne laeten varen met<lb xmlns="http://www.tei-c.org/ns/1.0"/> verdere bijvoeginge van intentie te sijn den Jambynees te houden tot een stipte<lb xmlns="http://www.tei-c.org/ns/1.0"/> nakominge van de contracten, door hem met d’E. Comp.e gemaackt, en, wederhoorig<lb xmlns="http://www.tei-c.org/ns/1.0"/> <hi rend="font-size:10; font-family:Liberation Serif; vertical-align:super" xml:lang="nl" xmlns="http://www.tei-c.org/ns/1.0">1)</hi> wesende, daartoe te constringeeren.<lb xmlns="http://www.tei-c.org/ns/1.0"/>
            </p><note xml:id="INT_949d5a85-4fcf-34bd-bb82-5d1a45031ee8.TEI.1.text.1.body.1.div.1.note.16" xml:lang="nl" place="inline" type="editorial-summary" resp="editor" rend="font-style: italic; line-height: 11.1pt; text-indent: 21.0pt; text-align: justify; font-size: 9.5" xmlns="http://www.tei-c.org/ns/1.0">( De gezanten van Johore hadden in Siam verklaard <hi rend="font-size:10; font-family:Liberation Serif" xml:lang="nl">, -</hi> )<lb/></note><p xml:id="INT_949d5a85-4fcf-34bd-bb82-5d1a45031ee8.TEI.1.text.1.body.1.div.1.p.14" resp="int_paragraph_joining" rend="">
              - dat den heer gouverneur van Malacca voornemens soude sijn in besit<lb xmlns="http://www.tei-c.org/ns/1.0"/>te willen nemen seeckere plaatse, ontrent Bencalis gelegen, Siaca genaamd en<lb xmlns="http://www.tei-c.org/ns/1.0"/><note xml:id="INT_949d5a85-4fcf-34bd-bb82-5d1a45031ee8.TEI.1.text.1.body.1.div.1.p.14.note.1" xml:lang="nl" rend="font-size: 8; line-height: 8.9pt; margin-left: 2200" xmlns="http://www.tei-c.org/ns/1.0">1) Wederhorig, ongehoorzaam, tegenstrevend.<lb/></note><fw xml:id="INT_949d5a85-4fcf-34bd-bb82-5d1a45031ee8.TEI.1.text.1.body.1.div.1.p.14.fw.1" type="bottom-page-number">50</fw><pb xml:id="INT_949d5a85-4fcf-34bd-bb82-5d1a45031ee8.TEI.1.text.1.body.1.div.1.p.14.pb.1" n="786" facs="http://resources.huygens.knaw.nl/retroapp/service_generalemissiven/gm_04/images/gm_4_134_0786.tif"/><fw xml:id="INT_949d5a85-4fcf-34bd-bb82-5d1a45031ee8.TEI.1.text.1.body.1.div.1.p.14.fw.2" place="top" type="page-number" facs="#zone.90030" xmlns="http://www.tei-c.org/ns/1.0">786</fw><fw xml:id="INT_949d5a85-4fcf-34bd-bb82-5d1a45031ee8.TEI.1.text.1.body.1.div.1.p.14.fw.3" place="top" type="head" facs="#zone.90034" xmlns="http://www.tei-c.org/ns/1.0">Camphuys, Hurdt, Van Outhcom, Pit, Van Quaelbergh, enz. VII, 18 maart 1685</fw>onder het gebied van Johor gehoorende, daar den Coning van Siam oocq gantsch<lb xmlns="http://www.tei-c.org/ns/1.0"/> geen bevallen in genomen hadde, omdat volgens ’t seggen van [den] Griexen mandorijn<lb xmlns="http://www.tei-c.org/ns/1.0"/> dit land van oudsher Siam onderhorigh en Sijn Mayesteyt daarover altijdt<lb xmlns="http://www.tei-c.org/ns/1.0"/> beschermheer was geweest, jae selffs oock over het geheele district van Malacca<lb xmlns="http://www.tei-c.org/ns/1.0"/> (dat in voortijden door die van Johor aan de Portugesen tot een woonplaatse was<lb xmlns="http://www.tei-c.org/ns/1.0"/> ingeruymt) en al het verdere land van Pattany af tot aan Queda toe, gelijck nae<lb xmlns="http://www.tei-c.org/ns/1.0"/> het zeggen van gemelte Grieck konde blij eken uyt de homagie, dewelcke die<lb xmlns="http://www.tei-c.org/ns/1.0"/> Vorsten nae ouder gewoonte jaarlijx aan den Coning van Siam quamen af te leggen.<lb xmlns="http://www.tei-c.org/ns/1.0"/><hi rend="font-size:9; font-family:Liberation Serif" xml:lang="nl" xmlns="http://www.tei-c.org/ns/1.0">Fol. 1066r-v.</hi><lb xmlns="http://www.tei-c.org/ns/1.0"/>
            </p><note xml:id="INT_949d5a85-4fcf-34bd-bb82-5d1a45031ee8.TEI.1.text.1.body.1.div.1.note.17" xml:lang="nl" place="inline" type="editorial-summary" resp="editor" rend="font-style: italic; line-height: 10.5pt; text-indent: 23.0pt; text-align: justify; font-size: 9.5" xmlns="http://www.tei-c.org/ns/1.0">(Faa had ontkend , dat de gouverneur dit voornemen had).<lb/></note><p xml:id="INT_949d5a85-4fcf-34bd-bb82-5d1a45031ee8.TEI.1.text.1.body.1.div.1.p.15" xml:lang="nl" rend="font-size: 10; text-align: justify; line-height: 11.7pt; text-indent: 23.0pt" xmlns="http://www.tei-c.org/ns/1.0">Zijnde den gemelte Coningh van Siam al soo hoo vaardig ende verwaant geworden,<lb/> dat hij sig nu al Keyser laat noemen, apparent daartoe opgeset sijnde door<lb/> den gemelte Grieck, dewelcke daar ten hove al een vrij groot gesag en bewind<lb/> schijnt te hebben en die om den Coning of Keyser te bedriegen welligt sijn slag<lb/> eyndelijck eens waarnemen zal.<lb/></p><note xml:id="INT_949d5a85-4fcf-34bd-bb82-5d1a45031ee8.TEI.1.text.1.body.1.div.1.note.18" xml:lang="nl" place="inline" type="editorial-summary" resp="editor" rend="font-style: italic; line-height: 12.6pt; text-indent: 23.0pt; text-align: justify; font-size: 9.5" xmlns="http://www.tei-c.org/ns/1.0">(De kans tot verwerving van de alleenhandel in tin te Udjung Selang enz. is<lb/> miniem <hi rend="font-size:9.5; font-family:Liberation Serif" xml:lang="nl">, -</hi> )<lb/></note><p xml:id="INT_949d5a85-4fcf-34bd-bb82-5d1a45031ee8.TEI.1.text.1.body.1.div.1.p.16" resp="int_paragraph_joining" rend="">
              - naedien Sijn Mayesteyt daarover onlangs seecker Fransman (hem<lb xmlns="http://www.tei-c.org/ns/1.0"/>bevoorens als doctor of chirurgijn gedient hebbende) tot gouverneur hadde gestelt,<lb xmlns="http://www.tei-c.org/ns/1.0"/> die oock albereyts derwaarts vertrocken was met uytdruckelijck bevel den thinhandel<lb xmlns="http://www.tei-c.org/ns/1.0"/> aldaar voor ijdereen, die er soude willen aankomen, open te laeten.<lb xmlns="http://www.tei-c.org/ns/1.0"/>
            </p><note xml:id="INT_949d5a85-4fcf-34bd-bb82-5d1a45031ee8.TEI.1.text.1.body.1.div.1.note.19" xml:lang="nl" place="inline" type="editorial-summary" resp="editor" rend="font-style: italic; line-height: 11.7pt; text-indent: 23.0pt; text-align: justify; font-size: 9.5" xmlns="http://www.tei-c.org/ns/1.0">( De Koning is de V.O.C. nog f. 19499 schuldig , behalve de f. 36504 en 53408<lb/> ropia , voor hem te Suratte uitgegeven; de Koning had <hi rend="font-size:9.5; font-family:Liberation Serif" xml:lang="nl">-</hi> )<lb/></note><p xml:id="INT_949d5a85-4fcf-34bd-bb82-5d1a45031ee8.TEI.1.text.1.body.1.div.1.p.17" resp="int_paragraph_joining" rend="">
              - daarentegen gesegt, dat de volmagt off het bevelbrieff, door sijn<lb xmlns="http://www.tei-c.org/ns/1.0"/>volck tot ligtinge van sulcken grooten capitaal vertoont, verciert en valsch was en<lb xmlns="http://www.tei-c.org/ns/1.0"/> off de e. Faa zal.r wel hadde getragt den Coning ende de grooten in een ander gevoelen<lb xmlns="http://www.tei-c.org/ns/1.0"/> te brengen en te doen geloven, dat dese vooraangetoge verstreckinge ten<lb xmlns="http://www.tei-c.org/ns/1.0"/> principale ware geschiet om Sijn Mayesteyts agtinge en groote naam in de Moorse<lb xmlns="http://www.tei-c.org/ns/1.0"/> landen bij haar oude luyster te helpen bewaren, soo wiert dat egter anders geduydt<lb xmlns="http://www.tei-c.org/ns/1.0"/> en gesegt, dat het niet als voor een wantrouw konde werden aangesien, dat, wanneer<lb xmlns="http://www.tei-c.org/ns/1.0"/> de uytschietinge van penningen ware gedaan, het schip daarvoor als een<lb xmlns="http://www.tei-c.org/ns/1.0"/> hipotheeck in beslag off arrest gehouden was sonder het aan de gevolmagtigde te<lb xmlns="http://www.tei-c.org/ns/1.0"/> willen laeten volgen.<lb xmlns="http://www.tei-c.org/ns/1.0"/>
            </p><note xml:id="INT_949d5a85-4fcf-34bd-bb82-5d1a45031ee8.TEI.1.text.1.body.1.div.1.note.20" xml:lang="nl" place="inline" type="editorial-summary" resp="editor" rend="font-style: italic; line-height: 11.7pt; text-indent: 23.0pt; text-align: justify; font-size: 9.5" xmlns="http://www.tei-c.org/ns/1.0">( Phaulkon zal hierover aan directeur De Bucquoy schrijven , terwijl Faa diverse<lb/> gouverneurs waarschuwde aan Koningsschepen geen grote voorschotten te geven; het<lb/> tin uit Ligor blijkt niet vervalst te zijn, zoals men te Suratte meende, maar onvoldoende<lb/> geschuimd; de achterdochtige Ligorezen doen geheimzinnig met de tinopbrengst, die<lb/> maar 2365 bahar p. j. zou bedragen; was en olifanten waren in Siam duur; met de<lb/> laatste twee schepen kwam carg. van f. 139378 uit Siam, vnl. tin en sapanhout; de<lb/> onkosten waren er in een jaar: )<lb/></note><pb xml:id="INT_949d5a85-4fcf-34bd-bb82-5d1a45031ee8.TEI.1.text.1.body.1.div.1.pb.3" n="787" facs="http://resources.huygens.knaw.nl/retroapp/service_generalemissiven/gm_04/images/gm_4_134_0787.tif"/><fw xml:id="INT_949d5a85-4fcf-34bd-bb82-5d1a45031ee8.TEI.1.text.1.body.1.div.1.fw.5" place="top" type="head" facs="#zone.92017" xmlns="http://www.tei-c.org/ns/1.0">Camphuys, Hurdt, Van Outhoom, Pit, Van Quaelbergh, enz. VII, 18 maart 1685</fw><fw xml:id="INT_949d5a85-4fcf-34bd-bb82-5d1a45031ee8.TEI.1.text.1.body.1.div.1.fw.6" place="top" type="page-number" facs="#zone.92042" xmlns="http://www.tei-c.org/ns/1.0">787</fw><p xml:id="INT_949d5a85-4fcf-34bd-bb82-5d1a45031ee8.TEI.1.text.1.body.1.div.1.p.18" xml:lang="nl" rend="font-size: 10; text-align: justify; line-height: 12.0pt; text-indent: 22.0pt" xmlns="http://www.tei-c.org/ns/1.0">Mondkosten f. 189, ordinarie onkosten f. 3121, ordinarij randsoenen f. 2135,<lb/> maantgelden aan inlandse dienaars f. 3467, zoldijen f. 3188, equipage f. 6761,<lb/> reparatiën aan de logie f. 1083, extraordinary onkosten f. 995, schenckagie<lb/> f . 468.<lb/></p><note xml:id="INT_949d5a85-4fcf-34bd-bb82-5d1a45031ee8.TEI.1.text.1.body.1.div.1.note.21" xml:lang="nl" place="inline" type="editorial-summary" resp="editor" rend="font-size: 7.5; text-align: justify; line-height: 11.7pt; text-indent: 22.0pt" xmlns="http://www.tei-c.org/ns/1.0"><hi rend="font-size:9; font-family:Liberation Serif; font-style:italic" xml:lang="nl">(</hi> - <hi rend="font-size:9; font-family:Liberation Serif; font-style:italic" xml:lang="nl">tegen slechts f. 5972 winst; Faa droeg aan Keyts voor f. 285319.</hi> —<lb/></note><note xml:id="INT_949d5a85-4fcf-34bd-bb82-5d1a45031ee8.TEI.1.text.1.body.1.div.1.note.22" xml:lang="nl" place="inline" type="editorial-summary" resp="editor" rend="font-size: 9; font-style: italic; text-align: justify; line-height: 11.7pt" xmlns="http://www.tei-c.org/ns/1.0">aan effecten over , vnl. contanten; van 1678 tot en met 1684 werd naar Siam gezonden<lb/> voor f. 1912064, terwijl maar voor f. 1511528 van daar werd ontvangen; er lag dus<lb/> kapitaal vruchteloos , waaruit mogelijk het personeel voordeel trok).<lb/></note><p xml:id="INT_949d5a85-4fcf-34bd-bb82-5d1a45031ee8.TEI.1.text.1.body.1.div.1.p.19" xml:lang="nl" rend="font-size: 10; text-align: justify; line-height: 11.7pt; text-indent: 22.0pt" xmlns="http://www.tei-c.org/ns/1.0">Van den Siamsen Coning of Keyser hebben wij mede uyt de voorn, papieren<lb/> gelesen, dat hij in sijn regeringe al vrij wat begint te veranderen en tot tijranye te<lb/> vervallen, hebbende onlangs op verscheyde tijden twee aansienelijcke mandorijns<lb/> op een seer wreede wijse laeten ombrengen en het hooft van den eenen den oya<lb/> bercquelang (welckers suppoost hij was geweest) met een bant om de hals doen<lb/> hangen, waarmede denselven van ’s morgens af tot aan de middag toe voor alle<lb/> menschen ten toon wierd gesteld, naderhand op een smadige wijse gehandelt,<lb/> van sijn ampt berooft en een ander in desselffs plaatse verkooren, sonderdat men<lb/> konde weten, waarin desselffs misdaat hadde bestaan en sulcke of diergelijcke<lb/> zaacken quamen er dagelijx nog al meer voor te vallen, ’tgeen onder ijdereen en<lb/> voornamentlijck de grooten geen kleene vreese veroorsaackte en, soo er bij veele<lb/> gesegd wierd, was Sijn Mayesteyt van natuire seer tot tiranye geneygt, maar de<lb/> ongemeene goedaardigheyt van de oude Coninginne had hem daar geduirigh van<lb/> weten af te leyden.<lb/></p><note xml:id="INT_949d5a85-4fcf-34bd-bb82-5d1a45031ee8.TEI.1.text.1.body.1.div.1.note.23" xml:lang="nl" place="inline" type="editorial-summary" resp="editor" rend="font-style: italic; line-height: 11.7pt; text-indent: 22.0pt; text-align: justify; font-size: 9" xmlns="http://www.tei-c.org/ns/1.0">( Een schip van hem, komend uit Djeddah, <hi rend="font-size:8; font-family:Liberation Serif; font-style:italic; font-variant:small-caps" xml:lang="nl">uxls</hi> wegens lekte op een eiland voor<lb/> Cambodja aan de grond gezel, slechts enig goudgeld was gered, de handel in Djeddah<lb/> was voorspoedig geweest ) .<lb/></note><p xml:id="INT_949d5a85-4fcf-34bd-bb82-5d1a45031ee8.TEI.1.text.1.body.1.div.1.p.20" xml:lang="nl" rend="font-size: 10; text-align: justify; line-height: 11.7pt; text-indent: 22.0pt" xmlns="http://www.tei-c.org/ns/1.0">Den Coninck van Cambodia ende sijn broeder, het twisten met malckander<lb/> moede geworden sijnde, hadden versogt de mediatie van den Siamsen Coning, die<lb/> deselve oock bereydwilligh hadde aangenomen.<lb/></p><note xml:id="INT_949d5a85-4fcf-34bd-bb82-5d1a45031ee8.TEI.1.text.1.body.1.div.1.note.24" xml:lang="nl" place="inline" type="editorial-summary" resp="editor" rend="font-style: italic; line-height: 10.0pt; text-indent: 22.0pt; text-align: justify; font-size: 9" xmlns="http://www.tei-c.org/ns/1.0">( De Portugese gezant vroeg in Siam: )<lb/></note><p xml:id="INT_949d5a85-4fcf-34bd-bb82-5d1a45031ee8.TEI.1.text.1.body.1.div.1.p.21" resp="int_paragraph_joining" rend="">
              - 1.® dat haar mogt werden vergunt de exercitie van een vrijen handel<lb xmlns="http://www.tei-c.org/ns/1.0"/>in Sijn Mayesteyts landen; 2.e dat haar geestelijcke de France bisschoppen niet<lb xmlns="http://www.tei-c.org/ns/1.0"/> onderdanig behoef f den te wesen en ten 3.e dat sij haar eygen misdadigers nae haere<lb xmlns="http://www.tei-c.org/ns/1.0"/> wetten mogten straffen, ’tgeen hem alles was toegestaan, mits evenwel den Coning<lb xmlns="http://www.tei-c.org/ns/1.0"/> sijn regt behoudende over soodanige Portugesen, als door hem in arnpten en waardigheden<lb xmlns="http://www.tei-c.org/ns/1.0"/> waren gestelt ende waren d’onse van tersijden berigt, dat gemelte gesant<lb xmlns="http://www.tei-c.org/ns/1.0"/> boven dit nog zoude hebben versogt, dat den Coningh haar behulpsaam geliefde<lb xmlns="http://www.tei-c.org/ns/1.0"/> te wesen om den handel in Japan weder te mogen verkrijgen, ’twelck Sijn Mayesteyt<lb xmlns="http://www.tei-c.org/ns/1.0"/> niet alleen soude geweygert, maar daar nog bij gesegt hebben, dat het hem in<lb xmlns="http://www.tei-c.org/ns/1.0"/> sijn eygen negotie groote schaede en nadeel toebrengen zoude en daarmede was<lb xmlns="http://www.tei-c.org/ns/1.0"/><pb xml:id="INT_949d5a85-4fcf-34bd-bb82-5d1a45031ee8.TEI.1.text.1.body.1.div.1.p.21.pb.1" n="788" facs="http://resources.huygens.knaw.nl/retroapp/service_generalemissiven/gm_04/images/gm_4_134_0788.tif"/><fw xml:id="INT_949d5a85-4fcf-34bd-bb82-5d1a45031ee8.TEI.1.text.1.body.1.div.1.p.21.fw.1" place="top" type="page-number" facs="#zone.94789" xmlns="http://www.tei-c.org/ns/1.0">788</fw><fw xml:id="INT_949d5a85-4fcf-34bd-bb82-5d1a45031ee8.TEI.1.text.1.body.1.div.1.p.21.fw.2" place="top" type="head" facs="#zone.94793" xmlns="http://www.tei-c.org/ns/1.0">Camphuys, Hurdt, Van Outhoorn, Pit, Van Quaelbergh, enz. VII, 18 maart 1685</fw>den meergeciteerden gesant, ongemeen wel onthaalt en vernoegt, met een wedergeschenck<lb xmlns="http://www.tei-c.org/ns/1.0"/> vertrocken.<lb xmlns="http://www.tei-c.org/ns/1.0"/>
            </p><note xml:id="INT_949d5a85-4fcf-34bd-bb82-5d1a45031ee8.TEI.1.text.1.body.1.div.1.note.25" xml:lang="nl" place="inline" type="editorial-summary" resp="editor" rend="font-style: italic; line-height: 10.5pt; text-indent: 22.0pt; text-align: justify; font-size: 9.5" xmlns="http://www.tei-c.org/ns/1.0">( De Koning zou het V.O.C. contract met Djambi graag bekrachtigen , als <hi rend="font-size:8; font-family:Liberation Serif; font-weight:bold; letter-spacing:0.5pt" xml:lang="nl">-</hi> )<lb/></note><p xml:id="INT_949d5a85-4fcf-34bd-bb82-5d1a45031ee8.TEI.1.text.1.body.1.div.1.p.22" resp="int_paragraph_joining" rend="">
              - wij voortaan ontrent den Coninck van Jamby souden handelen als<lb xmlns="http://www.tei-c.org/ns/1.0"/>met een vassaal en onderdaan van de Siamse croone sonder te gedogen, dat denselven<lb xmlns="http://www.tei-c.org/ns/1.0"/> door die van Palimbang ende haere geallieerde eenig gewelt off overlast aangedaan<lb xmlns="http://www.tei-c.org/ns/1.0"/> quame te werden.<lb xmlns="http://www.tei-c.org/ns/1.0"/>
            </p><note xml:id="INT_949d5a85-4fcf-34bd-bb82-5d1a45031ee8.TEI.1.text.1.body.1.div.1.note.26" xml:lang="nl" place="inline" type="editorial-summary" resp="editor" rend="font-style: italic; line-height: 11.7pt; text-indent: 22.0pt; text-align: justify; font-size: 9.5" xmlns="http://www.tei-c.org/ns/1.0">(Van 5 oct. 1683 tot 30 nov. 1684 kwamen in Siam 42 schepen , waarvan 12<lb/> uit Japan en waaronder 11 Engelse, 3 Franse en 3 Portugese; 27 febr. vertrok de<lb/> Aardenburg naar Amboina met carg. van f. 101725, vnl. rijksdaalders, 5 febr. de Groote<lb/> Visscherije via Banda derwaarts met 150 militairen onder kapitein Jan de Moor en<lb/> carg. van <hi rend="font-size:8; font-family:Liberation Serif; font-weight:bold; letter-spacing:0.5pt" xml:lang="nl">/.</hi> 163383, vnl. rijksdaalders, voor Amboina en f. 17295 , vnl. rijst, voor<lb/> Banda; aan Daëng TaliUe, Radja Palakka en Radja Gowa zijn elk 600 rds. vereerd,<lb/> terwijl een voorschot van 1000 rds. aan de gezanten van den tweede werd verleend;<lb/> WiUem Hartsinck tot president van Makassar benoemd, daar Tack op Java nodig is;<lb/> naar Bantam gaat als opperhoofd Everhard van der Schuure met kapitein Adam van<lb/> Lookhorst; uit China kwamen 4 niet-V.O.C. -vaartuigen met vooral thee en spiaulter,<lb/> uit Japan 2 jonken met vooral staaf koper, uit Manilla twee scheepjes, die naar<lb/> Malakka wilden, met o.a. tabak en contanten; de Prospect kwam uit Siam met Samuel<lb/> Baron, alleen om een gunstige moeson af te wachten).<lb/></note><p xml:id="INT_949d5a85-4fcf-34bd-bb82-5d1a45031ee8.TEI.1.text.1.body.1.div.1.p.23" xml:lang="nl" rend="font-size: 10; text-align: justify; line-height: 11.7pt; text-indent: 22.0pt" xmlns="http://www.tei-c.org/ns/1.0">Wanneer de officieren respective wel oppassen en haar pligt betragten,<lb/> (waarop jegenwoordig niet te seggen valt), datter dan wel sooveel sal worden aangehaalt<lb/> als van nooden sij tot voldoeninge van de lasten, die de camer van den agtbaren<lb/> Raat van Justitie te dragen heeft, tenware het drijven van particulieren<lb/> handel merckelijck quame te minderen oftewel geheelijck op te houden, hetwelcke<lb/> een goede ende langh gewenste saacke soude wesen en waarmede soude konnen<lb/> werden gepresumeert, dat het in den jaare 1682 en eenigen tijt te vooren al vrij<lb/> schappelijck en wel moet hebben toegegaan, dewijle alsdoen tot betaelinge van<lb/> d’ordinarie en extraordinarij ongelden aan de gemelte camer uyt ’s Comp.8 cassa<lb/> heeft moeten werden verstreckt een somma van 1000 rd.8, ’twelck in veele jaaren<lb/> niet en was geschiet en wanneer daarbij door het staken van gemelte particulieren<lb/> handel hadde moeten worden gecontinueert, dan meenen wij, dat soodanige lasten<lb/> wel te dragen souden wesen en Uw Ho. Ed.e hun desel ve oock geeme zouden getroosten.<lb/> Maar dat quaad, ’twelck sulcke diepe wortelen geschooten heeft, en wil<lb/> sig soo niet laeten uytrucken, want even 2 jaaren daarnae, namentlijck op uit.0<lb/> aug.° des voorleden jaars 1684, heeft d’E. Compagnie voor haar portie uyt de aangehaalde<lb/> en geconfisqueerde goederen, alle onkosten afgetrocken sijnde, in haare<lb/> cassa ontfangen een somma van 5598 rd.8<lb/><hi rend="font-size:9; font-family:Liberation Serif" xml:lang="nl">Fol. 1073v—</hi> <hi rend="font-size:9; font-family:Liberation Serif" xml:lang="nl">1074r.</hi><lb/></p><note xml:id="INT_949d5a85-4fcf-34bd-bb82-5d1a45031ee8.TEI.1.text.1.body.1.div.1.note.27" xml:lang="nl" place="inline" type="editorial-summary" resp="editor" rend="font-style: italic; line-height: 11.7pt; text-indent: 22.0pt; text-align: justify; font-size: 9.5" xmlns="http://www.tei-c.org/ns/1.0">( De huwelijken, op Formosa door de gevangenen gesloten, erkend na aantekening<lb/> door commissarissen van huwelijkse zaken; voor de eerste maal twee buitenmoeders<lb/> voor het weeshuis op 27 febr. aangestéld; de boekhouder-generaal Daniels Braams<lb/> kreeg de achterstallige negotieboeken gereed; uit die van 1681-1682 bleek, <hi rend="font-size:8; font-family:Liberation Serif; font-weight:bold; letter-spacing:0.5pt" xml:lang="nl">-</hi> )<lb/></note><pb xml:id="INT_949d5a85-4fcf-34bd-bb82-5d1a45031ee8.TEI.1.text.1.body.1.div.1.pb.4" n="789" facs="http://resources.huygens.knaw.nl/retroapp/service_generalemissiven/gm_04/images/gm_4_134_0789.tif"/><fw xml:id="INT_949d5a85-4fcf-34bd-bb82-5d1a45031ee8.TEI.1.text.1.body.1.div.1.fw.7" place="top" type="head" facs="#zone.97560" xmlns="http://www.tei-c.org/ns/1.0">Camphuys, Hurdt, Van Outhoom, Pit, Van Quaelbergh, enz. VII, 18 maart 1685</fw><fw xml:id="INT_949d5a85-4fcf-34bd-bb82-5d1a45031ee8.TEI.1.text.1.body.1.div.1.fw.8" place="top" type="page-number" facs="#zone.97601" xmlns="http://www.tei-c.org/ns/1.0">789</fw><p xml:id="INT_949d5a85-4fcf-34bd-bb82-5d1a45031ee8.TEI.1.text.1.body.1.div.1.p.24" xml:lang="nl" rend="font-size: 10; text-align: justify; line-height: 12.0pt; margin-left: 2200" xmlns="http://www.tei-c.org/ns/1.0">- dat het al geen winsten sijn, die voor winsten gereeckent en uyt de<lb/></p><p xml:id="INT_949d5a85-4fcf-34bd-bb82-5d1a45031ee8.TEI.1.text.1.body.1.div.1.p.25" xml:lang="nl" rend="font-size: 10; text-align: justify; line-height: 12.0pt" xmlns="http://www.tei-c.org/ns/1.0">onkosten gesogt moeten werden. Dog sijn wij van gevoelen, dat Batavia op een<lb/> veel billijcker wijse soude konnen worden ontlast ende dat het eer te vooren als ten<lb/> agteren soude komen, wanneer de comptoiren van Indiën respective alleen maar<lb/> quamen te dragen hunne portiën in de equipagie van scheepen, die nu jongst alleen<lb/> ten laste van Batavia heeft komen te bedragen ruym elff en een halve tonne gouts.<lb/><hi rend="font-size:9; font-family:Liberation Serif" xml:lang="nl">Fol. 1074v.</hi><lb/></p><note xml:id="INT_949d5a85-4fcf-34bd-bb82-5d1a45031ee8.TEI.1.text.1.body.1.div.1.note.28" xml:lang="nl" place="inline" type="editorial-summary" resp="editor" rend="font-style: italic; margin-left: 2200; line-height: 10.0pt; text-align: justify; font-size: 9" xmlns="http://www.tei-c.org/ns/1.0">(SI jan. 1685 bedroegen de reële effecten f. 17859760, winsten:)<lb/></note><p xml:id="INT_949d5a85-4fcf-34bd-bb82-5d1a45031ee8.TEI.1.text.1.body.1.div.1.p.26" xml:lang="nl" rend="font-size: 10; text-align: justify; line-height: 11.1pt" xmlns="http://www.tei-c.org/ns/1.0">Het comptoir Palembang - zedert p.m0<lb/></p><p xml:id="INT_949d5a85-4fcf-34bd-bb82-5d1a45031ee8.TEI.1.text.1.body.1.div.1.p.27" xml:lang="nl" rend="font-size: 10; text-align: justify; line-height: 11.7pt" xmlns="http://www.tei-c.org/ns/1.0">aug.°a.° 1681 tot uit.0 julij 1682 - . . . . f. 68921<lb/></p><p xml:id="INT_949d5a85-4fcf-34bd-bb82-5d1a45031ee8.TEI.1.text.1.body.1.div.1.p.28" xml:lang="nl" rend="font-size: 10; text-align: justify; line-height: 11.7pt" xmlns="http://www.tei-c.org/ns/1.0">Idem, zedert pr.mo aug.° 1682 tot uit.0 julij 1683<lb/></p><p xml:id="INT_949d5a85-4fcf-34bd-bb82-5d1a45031ee8.TEI.1.text.1.body.1.div.1.p.29" xml:lang="nl" rend="font-size: 10; text-align: justify; line-height: 11.7pt" xmlns="http://www.tei-c.org/ns/1.0">. . „ 29572<lb/></p><p xml:id="INT_949d5a85-4fcf-34bd-bb82-5d1a45031ee8.TEI.1.text.1.body.1.div.1.p.30" xml:lang="nl" rend="font-size: 10; text-align: justify; line-height: 11.7pt; margin-left: 21100" xmlns="http://www.tei-c.org/ns/1.0">- f. 98493<lb/></p><p xml:id="INT_949d5a85-4fcf-34bd-bb82-5d1a45031ee8.TEI.1.text.1.body.1.div.1.p.31" xml:lang="nl" rend="font-size: 10; text-align: justify; line-height: 11.7pt" xmlns="http://www.tei-c.org/ns/1.0">D’voyagie naar China zedert pr.mo octobre a.° 1683 tot den<lb/></p><p xml:id="INT_949d5a85-4fcf-34bd-bb82-5d1a45031ee8.TEI.1.text.1.body.1.div.1.p.32" xml:lang="nl" rend="font-size: 10; text-align: justify; line-height: 11.7pt" xmlns="http://www.tei-c.org/ns/1.0">7e maart 1684 . . . .<lb/></p><p xml:id="INT_949d5a85-4fcf-34bd-bb82-5d1a45031ee8.TEI.1.text.1.body.1.div.1.p.33" xml:lang="nl" rend="font-size: 10; text-align: justify; line-height: 11.7pt" xmlns="http://www.tei-c.org/ns/1.0">’t Comptoir Couchin zedert pr.mo januarij tot uit.0 december<lb/> 1682 . <hi rend="font-size:10; font-family:Liberation Serif; letter-spacing:6.0pt" xml:lang="nl">.......</hi> .<lb/></p><p xml:id="INT_949d5a85-4fcf-34bd-bb82-5d1a45031ee8.TEI.1.text.1.body.1.div.1.p.34" xml:lang="nl" rend="font-size: 10; text-align: justify; line-height: 11.7pt" xmlns="http://www.tei-c.org/ns/1.0">Het comptoir Chormandel zed.1 pr.mo aug.° 1683 tot uit.0<lb/></p><p xml:id="INT_949d5a85-4fcf-34bd-bb82-5d1a45031ee8.TEI.1.text.1.body.1.div.1.p.35" xml:lang="nl" rend="font-size: 10; text-align: justify; line-height: 11.7pt" xmlns="http://www.tei-c.org/ns/1.0">julij 1684 . .<lb/></p><p xml:id="INT_949d5a85-4fcf-34bd-bb82-5d1a45031ee8.TEI.1.text.1.body.1.div.1.p.36" xml:lang="nl" rend="font-size: 10; text-align: justify; line-height: 11.7pt" xmlns="http://www.tei-c.org/ns/1.0">Het comptoir Souratta zedert primo junij 1683 tot uit.0<lb/></p><p xml:id="INT_949d5a85-4fcf-34bd-bb82-5d1a45031ee8.TEI.1.text.1.body.1.div.1.p.37" xml:lang="nl" rend="font-size: 10; text-align: justify; line-height: 11.7pt" xmlns="http://www.tei-c.org/ns/1.0">mey 1685 . .<lb/></p><p xml:id="INT_949d5a85-4fcf-34bd-bb82-5d1a45031ee8.TEI.1.text.1.body.1.div.1.p.38" xml:lang="nl" rend="font-size: 10; text-align: justify; line-height: 11.7pt" xmlns="http://www.tei-c.org/ns/1.0">Het comptoir Perzia - zedert pr.m0 maart a.° 1683<lb/></p><p xml:id="INT_949d5a85-4fcf-34bd-bb82-5d1a45031ee8.TEI.1.text.1.body.1.div.1.p.39" xml:lang="nl" rend="font-size: 10; text-align: justify; line-height: 11.7pt" xmlns="http://www.tei-c.org/ns/1.0">tot uit.0 februarij 1684 . .<lb/></p><p xml:id="INT_949d5a85-4fcf-34bd-bb82-5d1a45031ee8.TEI.1.text.1.body.1.div.1.p.40" xml:lang="nl" rend="font-size: 10; text-align: justify; line-height: 11.7pt" xmlns="http://www.tei-c.org/ns/1.0">’t Comptoir Bengale zedert pr.m0 junij a.° 1683 tot uit.0<lb/></p><p xml:id="INT_949d5a85-4fcf-34bd-bb82-5d1a45031ee8.TEI.1.text.1.body.1.div.1.p.41" xml:lang="nl" rend="font-size: 10; text-align: justify; line-height: 11.7pt" xmlns="http://www.tei-c.org/ns/1.0">mey 1684 . .<lb/></p><p xml:id="INT_949d5a85-4fcf-34bd-bb82-5d1a45031ee8.TEI.1.text.1.body.1.div.1.p.42" xml:lang="nl" rend="font-size: 10; text-align: justify; line-height: 11.7pt" xmlns="http://www.tei-c.org/ns/1.0">’t Comptoir Japan zedert den 9.en novemb. a.° 1683 tot<lb/></p><p xml:id="INT_949d5a85-4fcf-34bd-bb82-5d1a45031ee8.TEI.1.text.1.body.1.div.1.p.43" xml:lang="nl" rend="font-size: 10; text-align: justify; line-height: 11.7pt" xmlns="http://www.tei-c.org/ns/1.0">den 28. <hi rend="font-size:10; font-family:Liberation Serif; vertical-align:super" xml:lang="nl">e</hi> october 1684 . . . . .<lb/></p><p xml:id="INT_949d5a85-4fcf-34bd-bb82-5d1a45031ee8.TEI.1.text.1.body.1.div.1.p.44" xml:lang="nl" rend="font-size: 10; text-align: justify; line-height: 11.7pt" xmlns="http://www.tei-c.org/ns/1.0">’t Comptoir Jamby zedert pr.m0 aug.° 1683 tot uit.0 julij<lb/></p><p xml:id="INT_949d5a85-4fcf-34bd-bb82-5d1a45031ee8.TEI.1.text.1.body.1.div.1.p.45" xml:lang="nl" rend="font-size: 10; text-align: justify; line-height: 11.7pt" xmlns="http://www.tei-c.org/ns/1.0">1684 . . * .<lb/></p><p xml:id="INT_949d5a85-4fcf-34bd-bb82-5d1a45031ee8.TEI.1.text.1.body.1.div.1.p.46" xml:lang="nl" rend="font-size: 10; text-align: justify; line-height: 11.7pt" xmlns="http://www.tei-c.org/ns/1.0">’t Comptoir Padang zedert pr.m0 aug.° a.° 1682 tot uit.0<lb/></p><p xml:id="INT_949d5a85-4fcf-34bd-bb82-5d1a45031ee8.TEI.1.text.1.body.1.div.1.p.47" xml:lang="nl" rend="font-size: 10; text-align: justify; line-height: 11.7pt" xmlns="http://www.tei-c.org/ns/1.0">julij 1683 . .<lb/></p><p xml:id="INT_949d5a85-4fcf-34bd-bb82-5d1a45031ee8.TEI.1.text.1.body.1.div.1.p.48" xml:lang="nl" rend="font-size: 10; text-align: justify; line-height: 11.7pt" xmlns="http://www.tei-c.org/ns/1.0">’t Comptoir Toncquin zedert pr.m0 december 1683 tot ult.°<lb/> november 1684 . . .<lb/></p><p xml:id="INT_949d5a85-4fcf-34bd-bb82-5d1a45031ee8.TEI.1.text.1.body.1.div.1.p.49" xml:lang="nl" rend="font-size: 10; text-align: right; line-height: 11.1pt" xmlns="http://www.tei-c.org/ns/1.0">123753<lb/></p><p xml:id="INT_949d5a85-4fcf-34bd-bb82-5d1a45031ee8.TEI.1.text.1.body.1.div.1.p.50" xml:lang="nl" rend="font-size: 10; text-align: right; line-height: 23.4pt" xmlns="http://www.tei-c.org/ns/1.0">14285<lb/></p><p xml:id="INT_949d5a85-4fcf-34bd-bb82-5d1a45031ee8.TEI.1.text.1.body.1.div.1.p.51" xml:lang="nl" rend="font-size: 10; text-align: right; line-height: 23.4pt" xmlns="http://www.tei-c.org/ns/1.0">1275303<lb/></p><p xml:id="INT_949d5a85-4fcf-34bd-bb82-5d1a45031ee8.TEI.1.text.1.body.1.div.1.p.52" xml:lang="nl" rend="font-size: 10; text-align: right; line-height: 23.4pt" xmlns="http://www.tei-c.org/ns/1.0">675315<lb/></p><p xml:id="INT_949d5a85-4fcf-34bd-bb82-5d1a45031ee8.TEI.1.text.1.body.1.div.1.p.53" xml:lang="nl" rend="font-size: 10; text-align: right; line-height: 23.4pt" xmlns="http://www.tei-c.org/ns/1.0">428546<lb/></p><p xml:id="INT_949d5a85-4fcf-34bd-bb82-5d1a45031ee8.TEI.1.text.1.body.1.div.1.p.54" xml:lang="nl" rend="font-size: 10; text-align: right; line-height: 23.4pt" xmlns="http://www.tei-c.org/ns/1.0">338130<lb/></p><p xml:id="INT_949d5a85-4fcf-34bd-bb82-5d1a45031ee8.TEI.1.text.1.body.1.div.1.p.55" xml:lang="nl" rend="font-size: 10; text-align: right; line-height: 23.4pt" xmlns="http://www.tei-c.org/ns/1.0">635601<lb/></p><p xml:id="INT_949d5a85-4fcf-34bd-bb82-5d1a45031ee8.TEI.1.text.1.body.1.div.1.p.56" xml:lang="nl" rend="font-size: 10; text-align: right; line-height: 23.4pt" xmlns="http://www.tei-c.org/ns/1.0">182<lb/></p><p xml:id="INT_949d5a85-4fcf-34bd-bb82-5d1a45031ee8.TEI.1.text.1.body.1.div.1.p.57" xml:lang="nl" rend="font-size: 10; text-align: right; line-height: 23.4pt" xmlns="http://www.tei-c.org/ns/1.0">47777<lb/></p><p xml:id="INT_949d5a85-4fcf-34bd-bb82-5d1a45031ee8.TEI.1.text.1.body.1.div.1.p.58" xml:lang="nl" rend="font-size: 10; text-align: right; line-height: 23.4pt" xmlns="http://www.tei-c.org/ns/1.0">16<lb/></p><p xml:id="INT_949d5a85-4fcf-34bd-bb82-5d1a45031ee8.TEI.1.text.1.body.1.div.1.p.59" xml:lang="nl" rend="font-size: 10; text-align: right; line-height: 11.1pt" xmlns="http://www.tei-c.org/ns/1.0">f. 3637401<lb/></p><note xml:id="INT_949d5a85-4fcf-34bd-bb82-5d1a45031ee8.TEI.1.text.1.body.1.div.1.note.29" xml:lang="nl" place="inline" type="editorial-summary" resp="editor" rend="font-style: italic; line-height: 11.4pt; text-indent: 22.0pt; text-align: justify; font-size: 9" xmlns="http://www.tei-c.org/ns/1.0">(Andere winsten f. 90985, vnl. vrachtgelden, meest in Perzië ontvangen; verliezen:<lb/> )<lb/></note><p xml:id="INT_949d5a85-4fcf-34bd-bb82-5d1a45031ee8.TEI.1.text.1.body.1.div.1.p.60" xml:lang="nl" rend="font-size: 10; text-align: justify; line-height: 11.1pt" xmlns="http://www.tei-c.org/ns/1.0">Ten comptoire Cheylon zedert p.m0 maart a.° 1682 tot uit.0<lb/></p><p xml:id="INT_949d5a85-4fcf-34bd-bb82-5d1a45031ee8.TEI.1.text.1.body.1.div.1.p.61" xml:lang="nl" rend="font-size: 10; text-align: justify; line-height: 11.7pt" xmlns="http://www.tei-c.org/ns/1.0">februarij 1683 . . f.<lb/></p><p xml:id="INT_949d5a85-4fcf-34bd-bb82-5d1a45031ee8.TEI.1.text.1.body.1.div.1.p.62" xml:lang="nl" rend="font-size: 10; text-align: justify; line-height: 11.7pt" xmlns="http://www.tei-c.org/ns/1.0">Het comptoir Amboina - zedert pr.m0 maart 1683<lb/></p><p xml:id="INT_949d5a85-4fcf-34bd-bb82-5d1a45031ee8.TEI.1.text.1.body.1.div.1.p.63" xml:lang="nl" rend="font-size: 10; text-align: justify; line-height: 11.7pt" xmlns="http://www.tei-c.org/ns/1.0">tot uit.0 f eb. <hi rend="font-size:10; font-family:Liberation Serif; vertical-align:super" xml:lang="nl">rlJ</hi> 1684 . . . .<lb/></p><p xml:id="INT_949d5a85-4fcf-34bd-bb82-5d1a45031ee8.TEI.1.text.1.body.1.div.1.p.64" xml:lang="nl" rend="font-size: 10; text-align: justify; line-height: 11.7pt" xmlns="http://www.tei-c.org/ns/1.0">In Banda zedert voorz.e tijd . . .<lb/></p><p xml:id="INT_949d5a85-4fcf-34bd-bb82-5d1a45031ee8.TEI.1.text.1.body.1.div.1.p.65" xml:lang="nl" rend="font-size: 10; text-align: justify; line-height: 11.7pt" xmlns="http://www.tei-c.org/ns/1.0">In Tematen . . . . .<lb/></p><p xml:id="INT_949d5a85-4fcf-34bd-bb82-5d1a45031ee8.TEI.1.text.1.body.1.div.1.p.66" xml:lang="nl" rend="font-size: 10; text-align: justify; line-height: 11.7pt" xmlns="http://www.tei-c.org/ns/1.0">OpThimor zedert p.mo julij 1683 tot uit. ° junij 1684 - ,<lb/></p><p xml:id="INT_949d5a85-4fcf-34bd-bb82-5d1a45031ee8.TEI.1.text.1.body.1.div.1.p.67" xml:lang="nl" rend="font-size: 10; text-align: justify; line-height: 11.7pt" xmlns="http://www.tei-c.org/ns/1.0">OpMakasser . . . . .<lb/></p><p xml:id="INT_949d5a85-4fcf-34bd-bb82-5d1a45031ee8.TEI.1.text.1.body.1.div.1.p.68" xml:lang="nl" rend="font-size: 10; line-height: 11.1pt" xmlns="http://www.tei-c.org/ns/1.0">184590<lb/></p><p xml:id="INT_949d5a85-4fcf-34bd-bb82-5d1a45031ee8.TEI.1.text.1.body.1.div.1.p.69" xml:lang="nl" rend="font-size: 10; line-height: 11.1pt" xmlns="http://www.tei-c.org/ns/1.0">124049<lb/></p><p xml:id="INT_949d5a85-4fcf-34bd-bb82-5d1a45031ee8.TEI.1.text.1.body.1.div.1.p.70" xml:lang="nl" rend="font-size: 10; line-height: 11.7pt" xmlns="http://www.tei-c.org/ns/1.0">124605<lb/></p><p xml:id="INT_949d5a85-4fcf-34bd-bb82-5d1a45031ee8.TEI.1.text.1.body.1.div.1.p.71" xml:lang="nl" rend="font-size: 10; line-height: 11.7pt" xmlns="http://www.tei-c.org/ns/1.0">111231<lb/></p><p xml:id="INT_949d5a85-4fcf-34bd-bb82-5d1a45031ee8.TEI.1.text.1.body.1.div.1.p.72" xml:lang="nl" rend="font-size: 10; line-height: 11.7pt" xmlns="http://www.tei-c.org/ns/1.0">11804<lb/></p><fw xml:id="INT_949d5a85-4fcf-34bd-bb82-5d1a45031ee8.TEI.1.text.1.body.1.div.1.fw.9" type="bottom-page-number">104434</fw><pb xml:id="INT_949d5a85-4fcf-34bd-bb82-5d1a45031ee8.TEI.1.text.1.body.1.div.1.pb.5" n="790" facs="http://resources.huygens.knaw.nl/retroapp/service_generalemissiven/gm_04/images/gm_4_134_0790.tif"/><fw xml:id="INT_949d5a85-4fcf-34bd-bb82-5d1a45031ee8.TEI.1.text.1.body.1.div.1.fw.10" place="top" type="page-number" facs="#zone.102476" xmlns="http://www.tei-c.org/ns/1.0">790</fw><fw xml:id="INT_949d5a85-4fcf-34bd-bb82-5d1a45031ee8.TEI.1.text.1.body.1.div.1.fw.11" place="top" type="head" facs="#zone.102480" xmlns="http://www.tei-c.org/ns/1.0">Camphuys, Hurdt, Van Outhoorn, Pit, Van Quaelbergh, enz. VII, 18 maart 1685</fw><p xml:id="INT_949d5a85-4fcf-34bd-bb82-5d1a45031ee8.TEI.1.text.1.body.1.div.1.p.73" xml:lang="nl" rend="font-size: 10; text-align: justify; line-height: 11.7pt" xmlns="http://www.tei-c.org/ns/1.0">Op Malakka zedert pr.mo aug.° 1683 tot uit.0 julij ’84 ,, 57398<lb/></p><p xml:id="INT_949d5a85-4fcf-34bd-bb82-5d1a45031ee8.TEI.1.text.1.body.1.div.1.p.74" xml:lang="nl" rend="font-size: 10; text-align: justify; line-height: 11.7pt" xmlns="http://www.tei-c.org/ns/1.0">D’voyagie na Madagasker gedurende de reyze p.r Sillida<lb/></p><p xml:id="INT_949d5a85-4fcf-34bd-bb82-5d1a45031ee8.TEI.1.text.1.body.1.div.1.p.75" xml:lang="nl" rend="font-size: 10; text-align: justify; line-height: 11.7pt" xmlns="http://www.tei-c.org/ns/1.0">veragtert . . . . 721<lb/></p><p xml:id="INT_949d5a85-4fcf-34bd-bb82-5d1a45031ee8.TEI.1.text.1.body.1.div.1.p.76" xml:lang="nl" rend="font-size: 10; line-height: 11.7pt; margin-right: 5100" xmlns="http://www.tei-c.org/ns/1.0">Idem p.r Eemland, staande deze voyagie ten agteren geraakt<lb/> . . . ♦ 3336<lb/></p><p xml:id="INT_949d5a85-4fcf-34bd-bb82-5d1a45031ee8.TEI.1.text.1.body.1.div.1.p.77" xml:lang="nl" rend="font-size: 10; text-align: justify; line-height: 11.7pt" xmlns="http://www.tei-c.org/ns/1.0">’t Groot comptoir Batavia zedert pr.m0 september 1683 tot<lb/></p><p xml:id="INT_949d5a85-4fcf-34bd-bb82-5d1a45031ee8.TEI.1.text.1.body.1.div.1.p.78" xml:lang="nl" rend="font-size: 10; text-align: justify; line-height: 11.7pt" xmlns="http://www.tei-c.org/ns/1.0">uit.0 aug.° 1684 . . . . . 627893<lb/></p><p xml:id="INT_949d5a85-4fcf-34bd-bb82-5d1a45031ee8.TEI.1.text.1.body.1.div.1.p.79" xml:lang="nl" rend="font-size: 10; line-height: 11.1pt; margin-left: 22700" xmlns="http://www.tei-c.org/ns/1.0">Komt f. 1350061<lb/></p><note xml:id="INT_949d5a85-4fcf-34bd-bb82-5d1a45031ee8.TEI.1.text.1.body.1.div.1.note.30" xml:lang="nl" place="inline" type="editorial-summary" resp="editor" rend="font-style: italic; line-height: 10.5pt; text-indent: 23.0pt; text-align: justify; font-size: 9.5" xmlns="http://www.tei-c.org/ns/1.0">( Door het vergaan van het Huis te Kleef f. 80998 ; aan interesten: )<lb/></note><p xml:id="INT_949d5a85-4fcf-34bd-bb82-5d1a45031ee8.TEI.1.text.1.body.1.div.1.p.80" xml:lang="nl" rend="font-size: 10; text-align: justify; line-height: 11.1pt" xmlns="http://www.tei-c.org/ns/1.0">Op ’t groot comptoir Batavia - * . . . f . 493867<lb/></p><p xml:id="INT_949d5a85-4fcf-34bd-bb82-5d1a45031ee8.TEI.1.text.1.body.1.div.1.p.81" xml:lang="nl" rend="font-size: 10; text-align: justify; line-height: 11.7pt" xmlns="http://www.tei-c.org/ns/1.0">OpCouchin .     13008<lb/></p><p xml:id="INT_949d5a85-4fcf-34bd-bb82-5d1a45031ee8.TEI.1.text.1.body.1.div.1.p.82" xml:lang="nl" rend="font-size: 10; text-align: justify; line-height: 11.7pt" xmlns="http://www.tei-c.org/ns/1.0">OpCheylon - <hi rend="font-size:10; font-family:Liberation Serif; letter-spacing:6.0pt" xml:lang="nl">............</hi> „ 27754<lb/></p><p xml:id="INT_949d5a85-4fcf-34bd-bb82-5d1a45031ee8.TEI.1.text.1.body.1.div.1.p.83" xml:lang="nl" rend="font-size: 10; text-align: justify; line-height: 11.7pt" xmlns="http://www.tei-c.org/ns/1.0">InAmboina .    2705<lb/></p><p xml:id="INT_949d5a85-4fcf-34bd-bb82-5d1a45031ee8.TEI.1.text.1.body.1.div.1.p.84" xml:lang="nl" rend="font-size: 10; text-align: justify; line-height: 11.7pt" xmlns="http://www.tei-c.org/ns/1.0">In Banda .       3121<lb/></p><p xml:id="INT_949d5a85-4fcf-34bd-bb82-5d1a45031ee8.TEI.1.text.1.body.1.div.1.p.85" xml:lang="nl" rend="font-size: 10; text-align: justify; line-height: 11.7pt" xmlns="http://www.tei-c.org/ns/1.0">In Ternaten - <hi rend="font-size:10; font-family:Liberation Serif; letter-spacing:6.0pt" xml:lang="nl">.............</hi> ,, 2178<lb/></p><p xml:id="INT_949d5a85-4fcf-34bd-bb82-5d1a45031ee8.TEI.1.text.1.body.1.div.1.p.86" xml:lang="nl" rend="font-size: 10; text-align: justify; line-height: 11.7pt" xmlns="http://www.tei-c.org/ns/1.0">OpThimor . . . . . „ 320<lb/></p><p xml:id="INT_949d5a85-4fcf-34bd-bb82-5d1a45031ee8.TEI.1.text.1.body.1.div.1.p.87" xml:lang="nl" rend="font-size: 10; text-align: justify; line-height: 11.7pt" xmlns="http://www.tei-c.org/ns/1.0">InSouratta .    43876<lb/></p><p xml:id="INT_949d5a85-4fcf-34bd-bb82-5d1a45031ee8.TEI.1.text.1.body.1.div.1.p.88" xml:lang="nl" rend="font-size: 10; text-align: justify; line-height: 11.7pt" xmlns="http://www.tei-c.org/ns/1.0">Op Malakka .    3600<lb/></p><p xml:id="INT_949d5a85-4fcf-34bd-bb82-5d1a45031ee8.TEI.1.text.1.body.1.div.1.p.89" xml:lang="nl" rend="font-size: 10; text-align: justify; line-height: 11.1pt" xmlns="http://www.tei-c.org/ns/1.0">d’Betaalde intresten bedragen te zamen . f . 590429.<lb/></p><note xml:id="INT_949d5a85-4fcf-34bd-bb82-5d1a45031ee8.TEI.1.text.1.body.1.div.1.note.31" xml:lang="nl" place="inline" type="editorial-summary" resp="editor" rend="font-style: italic; line-height: 11.7pt; text-indent: 23.0pt; text-align: justify; font-size: 9.5" xmlns="http://www.tei-c.org/ns/1.0">(Andere ontvangsten f. 201919, w.o. f. 167911 aan 626240 <hi rend="font-size:9.5; font-family:Liberation Serif; font-weight:bold" xml:lang="nl">®</hi> kaneel als afbetaling<lb/> van Radja Singa; met 20 schepen in 11 maanden uit patria ontvangen<lb/> f. 2180293 , waarvan <hi rend="font-size:9.5; font-family:Liberation Serif; font-weight:bold" xml:lang="nl">/.</hi> 1152698 in contanten <hi rend="font-size:9.5; font-family:Liberation Serif; font-weight:bold" xml:lang="nl">, /.</hi> 589241 in provisiën, f. 216412<lb/> equipagegoederen; naar patria werd gezonden voor f. 3705215; uitvoerige toelichting<lb/> over de winsten en verliezen te Batavia, naar verschillende methoden berekend , o.a.<lb/> aangaande lasten, die eigenlijk het gehele bedrijf betreffen).<lb/></note><p xml:id="INT_949d5a85-4fcf-34bd-bb82-5d1a45031ee8.TEI.1.text.1.body.1.div.1.p.90" xml:lang="nl" rend="font-size: 10; text-align: justify; line-height: 11.7pt; text-indent: 23.0pt" xmlns="http://www.tei-c.org/ns/1.0">En hebben wij alle de boecken en papieren met loot laeten besorgen, opdat de<lb/> opperhoofden hun daarvan bij quade ontmoetinge des te gevoeglijcker zouden<lb/> konnen ontlasten.<lb/></p><p xml:id="INT_949d5a85-4fcf-34bd-bb82-5d1a45031ee8.TEI.1.text.1.body.1.div.1.p.91" xml:lang="nl" rend="font-size: 10; text-align: justify; line-height: 11.7pt; text-indent: 23.0pt" xmlns="http://www.tei-c.org/ns/1.0">De doot van de Coninck van Johor, niet buyten suspicie van vergeven te sijn,<lb/> ende dat de soon van een sijner vrouwen als erff genaam van ’t rijck weder tot<lb/> Coning was aangenomen, dog dat, vermits desselffs jonckheyt, de Coninginne,<lb/> sijnde de dogter van Paducca Radja, die selve geen kinderen hadde, in de regeeringe<lb/> soude blijven continueeren <hi rend="font-size:10; font-family:Liberation Serif; vertical-align:super" xml:lang="nl">1).</hi><lb/></p><note xml:id="INT_949d5a85-4fcf-34bd-bb82-5d1a45031ee8.TEI.1.text.1.body.1.div.1.note.32" xml:lang="nl" place="inline" type="editorial-summary" resp="editor" rend="font-style: italic; line-height: 11.7pt; text-indent: 23.0pt; text-align: justify; font-size: 9.5" xmlns="http://www.tei-c.org/ns/1.0">(Voor 8795 rds. wissels op patria werden getrokken; de Dwyff heeft een cargasoen<lb/> van f. 16246, vnl. peper).<lb/></note><note xml:id="INT_949d5a85-4fcf-34bd-bb82-5d1a45031ee8.TEI.1.text.1.body.1.div.1.note.33" xml:lang="nl" rend="font-size: 7.5; text-align: justify; line-height: 9.6pt; text-indent: 23.0pt" xmlns="http://www.tei-c.org/ns/1.0">1) Bedoeld is dat de minderjarige opvolger van Sultan Ibrahim, Mahmud, een zoon van<lb/> een bijvrouw was en dat de hoofd vrouw in naam tot zijn volwassen worden de regering zou<lb/> voeren, inderdaad deed dat haar vader Paduka Radja.<lb/></note>
            
      </div>
                  </body>
                </text>
              </TEI>