<TEI xml:id="INT_d2fd3008-cc4e-3721-a7ae-0bb875c1e2a6" xmlns="http://www.tei-c.org/ns/1.0">
                <teiHeader>
      <fileDesc>
        <titleStmt>
          <title>Speelman, Bort, Hurdt, Van Outhoorn, Camphuys en Bent, 8 jan. 1682</title>
        </titleStmt>
        <publicationStmt>
          <p>
            <date>8 jan. 1682</date>
            <idno type="sourceID">missiven:vol4</idno>
            <idno type="pid">INT_d2fd3008-cc4e-3721-a7ae-0bb875c1e2a6</idno>
          </p>
        </publicationStmt>
        <notesStmt>
          <note/>
        </notesStmt>
        <sourceDesc>
          <listBibl xml:id="inlMetadata">
            <bibl type="missive">
        <interpGrp type="page"><interp>492</interp></interpGrp>
        
      <interpGrp type="titleLevel1"><interp>Speelman, Bort, Hurdt, Van Outhoorn, Camphuys en Bent, 8 jan. 1682</interp></interpGrp>
      <interpGrp type="dateLevel1"><interp>8 jan. 1682</interp></interpGrp>
        <interpGrp type="tocLevel"><interp>1</interp></interpGrp>
      <interpGrp type="volume"><interp>4</interp></interpGrp>
        <interpGrp type="n"><interp>IV</interp></interpGrp>
      
      <interpGrp type="witnessYearLevel1_from"><interp>1682</interp></interpGrp>
      <interpGrp type="witnessYearLevel1_to"><interp>1682</interp></interpGrp>
      <interpGrp type="witnessMonthLevel1_to"><interp>1</interp></interpGrp>
      <interpGrp type="witnessMonthLevel1_from"><interp>1</interp></interpGrp>
      <interpGrp type="witnessDayLevel1_to"><interp>8</interp></interpGrp>
      <interpGrp type="witnessDayLevel1_from"><interp>8</interp></interpGrp>
      <interpGrp type="authorLevel1"><interp>Speelman</interp><interp>Bort</interp><interp>Hurdt</interp><interp>Van Outhoorn</interp><interp>Camphuys</interp><interp>Bent</interp></interpGrp>
      <interpGrp type="pid"><interp>INT_d2fd3008-cc4e-3721-a7ae-0bb875c1e2a6</interp></interpGrp>
    </bibl>
          </listBibl>
        </sourceDesc>
      </fileDesc>
    </teiHeader>
                <text xml:id="INT_d2fd3008-cc4e-3721-a7ae-0bb875c1e2a6.TEI.1.text.1">
                  <body xml:id="INT_d2fd3008-cc4e-3721-a7ae-0bb875c1e2a6.TEI.1.text.1.body.1">
                    <div xml:id="INT_d2fd3008-cc4e-3721-a7ae-0bb875c1e2a6.TEI.1.text.1.body.1.div.1">
        
              <pb xml:id="INT_d2fd3008-cc4e-3721-a7ae-0bb875c1e2a6.TEI.1.text.1.body.1.div.1.pb.1" n="492" facs="http://resources.huygens.knaw.nl/retroapp/service_generalemissiven/gm_04/images/gm_4_134_0492.tif"/><fw xml:id="INT_d2fd3008-cc4e-3721-a7ae-0bb875c1e2a6.TEI.1.text.1.body.1.div.1.fw.1" place="top" type="page-number" facs="#zone.4419269" xmlns="http://www.tei-c.org/ns/1.0">492</fw><fw xml:id="INT_d2fd3008-cc4e-3721-a7ae-0bb875c1e2a6.TEI.1.text.1.body.1.div.1.fw.2" place="top" type="head" facs="#zone.4419273" xmlns="http://www.tei-c.org/ns/1.0">Speelman, Bort, Hurdt, Van Outhoom, Camphuys en Bent IV, 8 januari 1682</fw><head xml:id="INT_d2fd3008-cc4e-3721-a7ae-0bb875c1e2a6.TEI.1.text.1.body.1.div.1.head.1" xml:lang="nl" rend="font-size: 10; text-align: justify; line-height: 12.0pt" xmlns="http://www.tei-c.org/ns/1.0">IV. CORNELIS SPEELMAN, BALTHASAR BORT, ANTHONIO HURDT,<lb/> WILLEM VAN OUTHOORN, JOANNES CAMPHUYS EN FREDERIK BENT,<lb/> BATAVIA 8 januari 1682.<lb/></head><p xml:id="INT_d2fd3008-cc4e-3721-a7ae-0bb875c1e2a6.TEI.1.text.1.body.1.div.1.p.1" xml:lang="nl" rend="font-size: 8; text-align: justify; line-height: 12.0pt" xmlns="http://www.tei-c.org/ns/1.0">1252, fol. 341-344.<lb/></p><note xml:id="INT_d2fd3008-cc4e-3721-a7ae-0bb875c1e2a6.TEI.1.text.1.body.1.div.1.note.1" xml:lang="nl" place="inline" type="editorial-summary" resp="editor" rend="font-style: italic; line-height: 11.7pt; text-indent: 22.0pt; text-align: justify; font-size: 10" xmlns="http://www.tei-c.org/ns/1.0">(Vgl. <hi rend="font-size:10; font-family:Liberation Serif" xml:lang="nl">Daghregisters</hi> 1681, p. 789-796 en 1682, p. 1-17; onder de 2000 volgelingen<lb/> van Namrud , die te Masir sneuvelden, waren 500 vrouwen, die medestreden ;<lb/> men verzekert, dat <hi rend="font-size:10; font-family:Liberation Serif" xml:lang="nl">-</hi> )<lb/></note><p xml:id="INT_d2fd3008-cc4e-3721-a7ae-0bb875c1e2a6.TEI.1.text.1.body.1.div.1.p.2" xml:lang="nl" rend="font-size: 10; text-align: justify; line-height: 11.7pt; text-indent: 22.0pt" xmlns="http://www.tei-c.org/ns/1.0">- gedurende desen ganschen oorlog *) hoe zeer wij ook getergt zijn geworden,<lb/> so veel zagtmoedigheyt en genade geoeffent is, dat wij mogen zeggen onszelven<lb/> daarmede benadeelt en al te veel barmhertigheyt gebruykt te hebben,<lb/> waardoor sommige belhamels nu en dan geschiappeert en weder in de rujTnte geraekt<lb/> zijn om quaat te doen.<lb/></p><note xml:id="INT_d2fd3008-cc4e-3721-a7ae-0bb875c1e2a6.TEI.1.text.1.body.1.div.1.note.2" xml:lang="nl" place="inline" type="editorial-summary" resp="editor" rend="font-style: italic; line-height: 11.1pt; text-indent: 22.0pt; text-align: justify; font-size: 10" xmlns="http://www.tei-c.org/ns/1.0">(Er is maar 3000 picol peper in voorraad voor de laatste retourschepen).<lb/></note><note xml:id="INT_d2fd3008-cc4e-3721-a7ae-0bb875c1e2a6.TEI.1.text.1.body.1.div.1.note.3" xml:lang="nl" rend="font-size: 8; text-align: justify; line-height: 9.9pt; text-indent: 22.0pt" xmlns="http://www.tei-c.org/ns/1.0">1) Bedoeld wordt gedurende de gehele expeditie, die sinds 1677 tot herstel van den<lb/> rechtmatigen Susuhunan was uitgezonden.<lb/></note>
            
      </div>
                  </body>
                </text>
              </TEI>