<TEI xml:id="INT_f5690c6b-c460-3cf8-a0f3-feaec6a4674a" xmlns="http://www.tei-c.org/ns/1.0">
                <teiHeader>
      <fileDesc>
        <titleStmt>
          <title>Van Imhoff, Pasques de Chavonnes, Crul, Nolthenius, Van Aerden, Cluysenaar, Overbeek, Van den Bosch, Schuylenburg, Mossel en Van Broyel, 28 januari 1746</title>
        </titleStmt>
        <publicationStmt>
          <p>
            <date>28 januari 1746</date>
            <idno type="sourceID">missiven:vol11</idno>
            <idno type="pid">INT_f5690c6b-c460-3cf8-a0f3-feaec6a4674a</idno>
          </p>
        </publicationStmt>
        <notesStmt>
          <note/>
        </notesStmt>
        <sourceDesc>
          <listBibl xml:id="inlMetadata">
            <bibl type="missive">
        <interpGrp type="page"><interp>329</interp></interpGrp>
        
      <interpGrp type="titleLevel1"><interp>Van Imhoff, Pasques de Chavonnes, Crul, Nolthenius, Van Aerden, Cluysenaar, Overbeek, Van den Bosch, Schuylenburg, Mossel en Van Broyel, 28 januari 1746</interp></interpGrp>
      <interpGrp type="dateLevel1"><interp>28 januari 1746</interp></interpGrp>
        <interpGrp type="tocLevel"><interp>1</interp></interpGrp>
      <interpGrp type="volume"><interp>11</interp></interpGrp>
        <interpGrp type="n"><interp>XIV</interp></interpGrp>
      
      <interpGrp type="witnessYearLevel1_from"><interp>1746</interp></interpGrp>
      <interpGrp type="witnessYearLevel1_to"><interp>1746</interp></interpGrp>
      <interpGrp type="witnessMonthLevel1_to"><interp>1</interp></interpGrp>
      <interpGrp type="witnessMonthLevel1_from"><interp>1</interp></interpGrp>
      <interpGrp type="witnessDayLevel1_to"><interp>28</interp></interpGrp>
      <interpGrp type="witnessDayLevel1_from"><interp>28</interp></interpGrp>
      <interpGrp type="authorLevel1"><interp>Van Imhoff</interp><interp>Pasques de Chavonnes</interp><interp>Crul</interp><interp>Nolthenius</interp><interp>Van Aerden</interp><interp>Cluysenaar</interp><interp>Overbeek</interp><interp>Van den Bosch</interp><interp>Schuylenburg</interp><interp>Mossel</interp><interp>Van Broyel</interp></interpGrp>
      <interpGrp type="pid"><interp>INT_f5690c6b-c460-3cf8-a0f3-feaec6a4674a</interp></interpGrp>
    </bibl>
          </listBibl>
        </sourceDesc>
      </fileDesc>
    </teiHeader>
                <text xml:id="INT_f5690c6b-c460-3cf8-a0f3-feaec6a4674a.TEI.1.text.1">
                  <body xml:id="INT_f5690c6b-c460-3cf8-a0f3-feaec6a4674a.TEI.1.text.1.body.1">
                    <div xml:id="INT_f5690c6b-c460-3cf8-a0f3-feaec6a4674a.TEI.1.text.1.body.1.div.1">
        
              <pb xml:id="INT_f5690c6b-c460-3cf8-a0f3-feaec6a4674a.TEI.1.text.1.body.1.div.1.pb.1" n="329" facs="http://resources.huygens.knaw.nl/retroapp/service_generalemissiven/gm_11/images/generale_missiven_gs232_329.tif"/><head xml:id="INT_f5690c6b-c460-3cf8-a0f3-feaec6a4674a.TEI.1.text.1.body.1.div.1.head.1" xml:lang="nl" rend="font-size: 12; text-align: justify; line-height: 14.7pt" xmlns="http://www.tei-c.org/ns/1.0">XIV. GUSTAAF WILLEM VAN IMHOFF, PIETER ROCHUS PASQUES DE<lb/> CHAVONNES, NICOLAAS CRUL, DANIËL NOLTHENIUS, MAURITS VAN<lb/> AERDEN, JOHANNES MATTHEUS CLUYSENAAR, DANIËL OVERBEEK,<lb/> J ACOB VAN DEN BOSCH, GIJSBERTUS SCHUYLENBURG, JACOB MOSSEL<lb/> en AREND VAN BROYEL, BATAVIA 28 januari 1746.<lb/></head><p xml:id="INT_f5690c6b-c460-3cf8-a0f3-feaec6a4674a.TEI.1.text.1.body.1.div.1.p.1" xml:lang="nl" rend="font-size: 10.5; font-weight: bold; text-align: justify; line-height: 14.7pt" xmlns="http://www.tei-c.org/ns/1.0">Kol. Arch. 2530, VOC 2638, fol. 1303-1305.<lb/></p><note xml:id="INT_f5690c6b-c460-3cf8-a0f3-feaec6a4674a.TEI.1.text.1.body.1.div.1.note.1" xml:lang="nl" place="inline" type="editorial-summary" resp="editor" rend="font-style: italic; line-height: 14.4pt; text-indent: 31.0pt; text-align: justify; font-size: 11" xmlns="http://www.tei-c.org/ns/1.0">(De Engelse compagniesschepen Hartwick en Northampton hebben op hun reis van<lb/> China naar huis Batavia aangedaan in de hoop op konvooi Toen dat er niet bleek te zijn<lb/> hebben zij hun reis voortgezet. Batavia heeft de gelegenheid aangegrepen deze missive te sturen.<lb/> Op 24 januari is de Kleverskerke teruggekeerd, op 28 december uit Japan vertrokken.<lb/> De Vrijheid en Hofwegen zijn kort daarop gevolgd. De schepen zijn lang opgehouden door<lb/> ‘haspelingeri met de Japanse regering in Nagasaki over de handel en m.n. het koper. Pas in<lb/> december werd een akkoord bereikt. Van het koper werden net als de vorige keer 1 0. 000 kisten<lb/> geleverd De schepen zijn behouden in China aangekomen. De handel is redelijk succesvol,)<lb/><lb/></note><p xml:id="INT_f5690c6b-c460-3cf8-a0f3-feaec6a4674a.TEI.1.text.1.body.1.div.1.p.2" xml:lang="nl" rend="font-size: 12; text-align: justify; line-height: 14.4pt; text-indent: 31.0pt" xmlns="http://www.tei-c.org/ns/1.0">- merkelijk gefavoriseert doordien maar drie France, drie Engelsche, een Portugees<lb/> en twee Deenen aldaar dit jaar ten handel zijn geweest, waarvan de eerste met<lb/> nauwlijx twee scheepsladingen aan retouren het eerste en al vroeg in december vertrocken<lb/> zijn, de Engelschen maar twee scheepen, de brengers van desen, met circa<lb/> sevenduysent picols thee in zoort t’huys krijgen, en de drie overige, Deenen en Portugeesen,<lb/> nog volgen moesten, zijnde het vertrek van onse scheepen na gedagten gevallen<lb/> tegens medio januarij met carguasoenen gerigt na de eysschen van U Ed. Hoogagtb.,<lb/> dewelke de ministers ten naasten bij scheynen te sullen voldoen.<lb/></p><note xml:id="INT_f5690c6b-c460-3cf8-a0f3-feaec6a4674a.TEI.1.text.1.body.1.div.1.note.2" xml:lang="nl" place="inline" type="editorial-summary" resp="editor" rend="font-style: italic; line-height: 14.4pt; text-indent: 31.0pt; text-align: justify; font-size: 11" xmlns="http://www.tei-c.org/ns/1.0">(Volgens de brief van 12 november 1 745 die Batavia met de Nieuwvliet heeft ontvangen,<lb/> kunnen Heren XVII uit Bengalen de Diemen en Huis ter Duine verwachten voor de kamers<lb/> Amsterdam en Rotterdam met een goede lading textiel en met minder dan de gevraagde<lb/> zijde. De Rijnhuizen uit Hoorn is gearriveerd, het 1 7 schip van de 32 die in het najaar<lb/> van 1 744 voor Azië aangelegd zijn. 80 bemanningsleden hebben de reis niet overleefd, 50<lb/> zijn ziek in Batavia aangekomen. I.p.v. Batavia van volk te voorzien heeft de Rijnhuizen zelf<lb/> versterking nodig. Volgens een brief uit Kaap de Goede Hoop heeft men van de Goidschalxoord<lb/> evenmin wat te verwachten omdat dat schip tijdens de reis van vijfmaanden van Nederland<lb/> naar de Kaap bijna de helft van de bemanning heeft verloren. Dit geldt ook voor het<lb/> Delftse schip lda dat bij het vertrek van de Goidschalxoord nog niet aan de Kaap was gearriveerd.<lb/> De toestand is al zover verslechterd dat men met de bemanning van het ene schip dat<lb/> in Batavia aankomt, het andere dat gereed is om te vertrekken moet bemannen. Dit heeft tot<lb/> het besluit geleid alleen de Kleverskerke als naschip aan te leggen. Men is niet in staat twee<lb/> schepen voor Europa te bemannen. Van Imhoffis zo ziek geweest dat hij zelfs de missive van<lb/> 31 december 1 745 niet kon tekenen. Hij is inmiddels zover hersteld dat hij weer aan het<lb/> werk is gegaan.)<lb/></note><fw xml:id="INT_f5690c6b-c460-3cf8-a0f3-feaec6a4674a.TEI.1.text.1.body.1.div.1.fw.1" type="bottom-page-number">329</fw>
            
      </div>
                  </body>
                </text>
              </TEI>