<TEI xml:id="INT_f3a78755-f476-3bab-ab65-0e2ce6bfdcda" xmlns="http://www.tei-c.org/ns/1.0">
                <teiHeader>
      <fileDesc>
        <titleStmt>
          <title>Van Imhoff, Pasques de Chavonnes, Crul, Nolthenius, Van Aerden en Lakeman, 5 november 1743, geheim</title>
        </titleStmt>
        <publicationStmt>
          <p>
            <date>5 november 1743</date>
            <idno type="sourceID">missiven:vol11</idno>
            <idno type="pid">INT_f3a78755-f476-3bab-ab65-0e2ce6bfdcda</idno>
          </p>
        </publicationStmt>
        <notesStmt>
          <note/>
        </notesStmt>
        <sourceDesc>
          <listBibl xml:id="inlMetadata">
            <bibl type="missive">
        <interpGrp type="page"><interp>25</interp></interpGrp>
        
      <interpGrp type="titleLevel1"><interp>Van Imhoff, Pasques de Chavonnes, Crul, Nolthenius, Van Aerden en Lakeman, 5 november 1743, geheim</interp></interpGrp>
      <interpGrp type="dateLevel1"><interp>5 november 1743</interp></interpGrp>
        <interpGrp type="tocLevel"><interp>1</interp></interpGrp>
      <interpGrp type="volume"><interp>11</interp></interpGrp>
        <interpGrp type="n"><interp>IV</interp></interpGrp>
      
      <interpGrp type="witnessYearLevel1_from"><interp>1743</interp></interpGrp>
      <interpGrp type="witnessYearLevel1_to"><interp>1743</interp></interpGrp>
      <interpGrp type="witnessMonthLevel1_to"><interp>11</interp></interpGrp>
      <interpGrp type="witnessMonthLevel1_from"><interp>11</interp></interpGrp>
      <interpGrp type="witnessDayLevel1_to"><interp>5</interp></interpGrp>
      <interpGrp type="witnessDayLevel1_from"><interp>5</interp></interpGrp>
      <interpGrp type="authorLevel1"><interp>Van Imhoff</interp><interp>Pasques de Chavonnes</interp><interp>Crul</interp><interp>Nolthenius</interp><interp>Van Aerden</interp><interp>Lakeman</interp></interpGrp>
      <interpGrp type="pid"><interp>INT_f3a78755-f476-3bab-ab65-0e2ce6bfdcda</interp></interpGrp>
    </bibl>
          </listBibl>
        </sourceDesc>
      </fileDesc>
    </teiHeader>
                <text xml:id="INT_f3a78755-f476-3bab-ab65-0e2ce6bfdcda.TEI.1.text.1">
                  <body xml:id="INT_f3a78755-f476-3bab-ab65-0e2ce6bfdcda.TEI.1.text.1.body.1">
                    <div xml:id="INT_f3a78755-f476-3bab-ab65-0e2ce6bfdcda.TEI.1.text.1.body.1.div.1">
        
              <pb xml:id="INT_f3a78755-f476-3bab-ab65-0e2ce6bfdcda.TEI.1.text.1.body.1.div.1.pb.1" n="25" facs="http://resources.huygens.knaw.nl/retroapp/service_generalemissiven/gm_11/images/generale_missiven_gs232_025.tif"/><head xml:id="INT_f3a78755-f476-3bab-ab65-0e2ce6bfdcda.TEI.1.text.1.body.1.div.1.head.1" xml:lang="nl" rend="font-size: 12; text-align: justify; line-height: 14.7pt" xmlns="http://www.tei-c.org/ns/1.0">IV. GUSTAAF WILLEM VAN IMHOFF, PIETER ROCHUS PASQUES DE CHAVONNES,<lb/> NICOLAAS CRUL, DANIËL NOLTHENIUS, MAURITS VAN AERDEN<lb/> en JACOB LAKEMAN, BATAVIA 5 november 1743, geheim.<lb/></head><p xml:id="INT_f3a78755-f476-3bab-ab65-0e2ce6bfdcda.TEI.1.text.1.body.1.div.1.p.1" xml:lang="nl" rend="font-size: 12; text-align: justify; line-height: 14.7pt" xmlns="http://www.tei-c.org/ns/1.0">Kol. Arch. 2482, VOC 2590, fol. 548-554.<lb/></p><note xml:id="INT_f3a78755-f476-3bab-ab65-0e2ce6bfdcda.TEI.1.text.1.body.1.div.1.note.1" xml:lang="nl" place="inline" type="editorial-summary" resp="editor" rend="font-style: italic; line-height: 14.4pt; text-indent: 31.0pt; text-align: justify; font-size: 11" xmlns="http://www.tei-c.org/ns/1.0">(De opdracht van Heren XVII per brief van 9 maart 1 743 een lijst van personen die<lb/> betrokken zijn geweest bij de particuliere handel op Europa met schepen van de Compagnie<lb/> door de fiscaal op te laten stellen , heeft Batavia in verlegenheid gebracht. Aanleiding was het<lb/> verongelukken van de Ananas. Uit particuliere brieven van dit schip bleek het bijzonder<lb/> grote aandeel van de particuliere handel op de retourschepen die in het najaar van 1741 en<lb/> het voorjaar van 1 742 uit Batavia vertrokken waren. De opdracht heeft verlegenheid veroorzaakt<lb/> ,)<lb/></note><p xml:id="INT_f3a78755-f476-3bab-ab65-0e2ce6bfdcda.TEI.1.text.1.body.1.div.1.p.2" resp="int_paragraph_joining" rend="">
              - eensdeels om der swarigheitshalven, die daarinne voor de tegenwoordige<lb xmlns="http://www.tei-c.org/ns/1.0"/>tijdsomstandigheit opgesloten legt, en ten anderen om het nadeel dat dezelve voor het<lb xmlns="http://www.tei-c.org/ns/1.0"/> vervolg geven kan.<lb xmlns="http://www.tei-c.org/ns/1.0"/>
            </p><note xml:id="INT_f3a78755-f476-3bab-ab65-0e2ce6bfdcda.TEI.1.text.1.body.1.div.1.note.2" xml:lang="nl" place="inline" type="editorial-summary" resp="editor" rend="font-style: italic; line-height: 14.4pt; text-indent: 31.0pt; text-align: justify; font-size: 11" xmlns="http://www.tei-c.org/ns/1.0">(Er is zeker geen sprake van het voorstander zijn van overtreding van de gestelde regels<lb/> of van het verontschuldigen van diegenen die het al lange tijd te bont hebben gemaakt. Het is<lb/> te betreuren dat er buitensporigheden zijn geweest bij het laden en overladen van schepen<lb/> met particuliere goederen wat aanleiding tot ongelukken op zee kan hebben gegeven. De excessen<lb/> zijn een gevolg van de)<lb/></note><p xml:id="INT_f3a78755-f476-3bab-ab65-0e2ce6bfdcda.TEI.1.text.1.body.1.div.1.p.3" resp="int_paragraph_joining" rend="">
              - gebreckige methode in het transport der goederen na Europa gehouden, en<lb xmlns="http://www.tei-c.org/ns/1.0"/>de permissie aan particuliere gegeven, om daarinne voor zeker gedeelte nevens de<lb xmlns="http://www.tei-c.org/ns/1.0"/> Compagnie te participeeren, buyten de ontstentenisse van eenige andere wettige wegen<lb xmlns="http://www.tei-c.org/ns/1.0"/> om zig van de thee, dat het voornaamste articul is, te ontdoen.<lb xmlns="http://www.tei-c.org/ns/1.0"/>
            </p><note xml:id="INT_f3a78755-f476-3bab-ab65-0e2ce6bfdcda.TEI.1.text.1.body.1.div.1.note.3" xml:lang="nl" place="inline" type="editorial-summary" resp="editor" rend="font-style: italic; line-height: 14.4pt; text-indent: 31.0pt; text-align: justify; font-size: 11" xmlns="http://www.tei-c.org/ns/1.0">(Inmiddels zijn de oorzaken van de excessen weggenomen , en wel door de ‘ coloniers<lb/> een uytweg met haar goed, en de varende lieden een bestaan aan te wijzen, wat Batavia in<lb/> staat stelt de nieuwe regels uit te voeren en ongeregeldheden te voorkomen. Dit had de hoop<lb/> gevestigd dat Heren X VII het onderzoek naar de betrokkenen bij de particuliere handel zouden<lb/> hebben laten rusten. Velen zullen zich van geen kwaad bewust zijn geweest en het was<lb/> onmogelijk voor de Compagnie om particuliere handel uit te sluiten. Men is verheugd dat<lb/> Heren X VII de papieren naar Batavia opsturen om onderzocht te worden. Het betekent echter<lb/> niet dat men zich niet langer in verlegenheid gebracht voelt. De opschudding en neerslachtigheid<lb/> brengen het bedenken en invoeren van middelen tot herstel van Batavia , dat<lb/> \ het fundament is van het geheele gebouw der Nederlandse mogentheit in Indiën, in gevaar.<lb/> Het effect dat reeds ingevoerde maatregelen juist begonnen te sorteren, wordt tenietgedaan.<lb/> Het door Heren XVII goedgekeurde project om van Batavia een vrijhandelsplaats en het<lb/> centrum van de handel in Indië te maken, wordt in gevaar gebracht. Men pleit niet voor het<lb/> straffeloos laten passeren van allerlei ongeregeldheden. Echter <hi rend="font-size:4; font-family:Liberation Serif; font-weight:bold" xml:lang="nl">;</hi> het strak vasthouden aan de<lb/> wetten zou op het moment meer kwaad dan goed doen. Ook voor de toekomst is het van<lb/> groot belang de zekerheid te hebben dat niet onverwachts uit Nederland opdrachten kunnen<lb/> komen die alle moeite en werk tenietdoen. De vrijmoedigheid waarmee de kwestie<lb/> wordt voorgelegd moet gezien worden als bewijs van het trouw behartigen van de belangen<lb/> van de Compagnie. Er is geen sprake van ' protectie van ongeregeltheden, en er mag geen<lb/> twijfel over bestaan dat men altijd de orders van Heren XVII zal gehoorzamen. Zodra de pa-<lb/></note><fw xml:id="INT_f3a78755-f476-3bab-ab65-0e2ce6bfdcda.TEI.1.text.1.body.1.div.1.fw.1" type="bottom-page-number">25</fw><pb xml:id="INT_f3a78755-f476-3bab-ab65-0e2ce6bfdcda.TEI.1.text.1.body.1.div.1.pb.2" n="26" facs="http://resources.huygens.knaw.nl/retroapp/service_generalemissiven/gm_11/images/generale_missiven_gs232_026.tif"/><fw xml:id="INT_f3a78755-f476-3bab-ab65-0e2ce6bfdcda.TEI.1.text.1.body.1.div.1.fw.2" place="top" type="head" facs="#zone.4893766" xmlns="http://www.tei-c.org/ns/1.0">Van Imhoff IV 5 november 1 743</fw><note xml:id="INT_f3a78755-f476-3bab-ab65-0e2ce6bfdcda.TEI.1.text.1.body.1.div.1.note.4" xml:lang="nl" place="inline" type="editorial-summary" resp="editor" rend="font-size: 11; font-style: italic; text-align: justify; line-height: 14.7pt" xmlns="http://www.tei-c.org/ns/1.0">pieren ontvangen zijn <hi rend="font-size:11; font-family:Liberation Serif" xml:lang="nl">,</hi> vermoedelijk met de paasvloot <hi rend="font-size:11; font-family:Liberation Serif" xml:lang="nl">,</hi> zal de opdracht uitgevoerd worden.<lb/> Men zal daarbij omzichtig te werk gaan teneinde de Compagnie geen schade te berokkenen <hi rend="font-size:11; font-family:Liberation Serif" xml:lang="nl">,</hi><lb/>en wacht het antwoord op dit bezwaarschrift <hi rend="font-size:11; font-family:Liberation Serif" xml:lang="nl">,</hi> dat aan de Zaamslag wordt meegegeven <hi rend="font-size:11; font-family:Liberation Serif" xml:lang="nl">,</hi><lb/>af)<lb/></note><fw xml:id="INT_f3a78755-f476-3bab-ab65-0e2ce6bfdcda.TEI.1.text.1.body.1.div.1.fw.3" type="bottom-page-number">26</fw>
            
      </div>
                  </body>
                </text>
              </TEI>