<TEI xml:id="INT_2a2e0fcd-6402-3fa8-a952-07e004f970b3" xmlns="http://www.tei-c.org/ns/1.0">
                <teiHeader>
      <fileDesc>
        <titleStmt>
          <title>Van Imhoff, Pasques de Chavonnes, Crul, Nolthenius, Van Aerden, Cluysenaar, Overbeek, Van den Bosch, Schuylenburg, Mossel en Van Broyel, 12 november 1745</title>
        </titleStmt>
        <publicationStmt>
          <p>
            <date>12 november 1745</date>
            <idno type="sourceID">missiven:vol11</idno>
            <idno type="pid">INT_2a2e0fcd-6402-3fa8-a952-07e004f970b3</idno>
          </p>
        </publicationStmt>
        <notesStmt>
          <note/>
        </notesStmt>
        <sourceDesc>
          <listBibl xml:id="inlMetadata">
            <bibl type="missive">
        <interpGrp type="page"><interp>224</interp></interpGrp>
        
      <interpGrp type="titleLevel1"><interp>Van Imhoff, Pasques de Chavonnes, Crul, Nolthenius, Van Aerden, Cluysenaar, Overbeek, Van den Bosch, Schuylenburg, Mossel en Van Broyel, 12 november 1745</interp></interpGrp>
      <interpGrp type="dateLevel1"><interp>12 november 1745</interp></interpGrp>
        <interpGrp type="tocLevel"><interp>1</interp></interpGrp>
      <interpGrp type="volume"><interp>11</interp></interpGrp>
        <interpGrp type="n"><interp>XI</interp></interpGrp>
      
      <interpGrp type="witnessYearLevel1_from"><interp>1745</interp></interpGrp>
      <interpGrp type="witnessYearLevel1_to"><interp>1745</interp></interpGrp>
      <interpGrp type="witnessMonthLevel1_to"><interp>11</interp></interpGrp>
      <interpGrp type="witnessMonthLevel1_from"><interp>11</interp></interpGrp>
      <interpGrp type="witnessDayLevel1_to"><interp>12</interp></interpGrp>
      <interpGrp type="witnessDayLevel1_from"><interp>12</interp></interpGrp>
      <interpGrp type="authorLevel1"><interp>Van Imhoff</interp><interp>Pasques de Chavonnes</interp><interp>Crul</interp><interp>Nolthenius</interp><interp>Van Aerden</interp><interp>Cluysenaar</interp><interp>Overbeek</interp><interp>Van den Bosch</interp><interp>Schuylenburg</interp><interp>Mossel</interp><interp>Van Broyel</interp></interpGrp>
      <interpGrp type="pid"><interp>INT_2a2e0fcd-6402-3fa8-a952-07e004f970b3</interp></interpGrp>
    </bibl>
          </listBibl>
        </sourceDesc>
      </fileDesc>
    </teiHeader>
                <text xml:id="INT_2a2e0fcd-6402-3fa8-a952-07e004f970b3.TEI.1.text.1">
                  <body xml:id="INT_2a2e0fcd-6402-3fa8-a952-07e004f970b3.TEI.1.text.1.body.1">
                    <div xml:id="INT_2a2e0fcd-6402-3fa8-a952-07e004f970b3.TEI.1.text.1.body.1.div.1">
        
              <pb xml:id="INT_2a2e0fcd-6402-3fa8-a952-07e004f970b3.TEI.1.text.1.body.1.div.1.pb.1" n="224" facs="http://resources.huygens.knaw.nl/retroapp/service_generalemissiven/gm_11/images/generale_missiven_gs232_224.tif"/><head xml:id="INT_2a2e0fcd-6402-3fa8-a952-07e004f970b3.TEI.1.text.1.body.1.div.1.head.1" xml:lang="nl" rend="font-size: 12; text-align: justify; line-height: 14.7pt" xmlns="http://www.tei-c.org/ns/1.0">XII. GUSTAAF WILLEM VAN IMHOFF, PIETER ROCHUS PASQUES DE CHAVONNES,<lb/> NICOLAAS CRUL, DANIËL NOLTHENIUS, MAURITS VAN AERDEN,<lb/> JOHANNES MATTHEUS CLUYSENAAR, DANIËL OVERBEEK, J ACOB<lb/> VAN DEN BOSCH, GIJSBERTUS SCHUYLENBURG, JACOB MOSSEL en<lb/> AREND VAN BROYEL, BATAVIA 12 november 1745.<lb/></head><p xml:id="INT_2a2e0fcd-6402-3fa8-a952-07e004f970b3.TEI.1.text.1.body.1.div.1.p.1" xml:lang="nl" rend="font-size: 11; text-align: justify; line-height: 14.7pt" xmlns="http://www.tei-c.org/ns/1.0">Kol. Arch. 2527, VOC 2635, fol. 179-195.<lb/></p><note xml:id="INT_2a2e0fcd-6402-3fa8-a952-07e004f970b3.TEI.1.text.1.body.1.div.1.note.1" xml:lang="nl" place="inline" type="editorial-summary" resp="editor" rend="font-style: italic; line-height: 14.4pt; text-indent: 30.0pt; text-align: justify; font-size: 11" xmlns="http://www.tei-c.org/ns/1.0">(De Leiden , Spanderswoud, Hogersmilde en Reigersdaal zijn vertrokken. De Duinhof,<lb/> Brouwer en Huis te Persijn zullen spoedig uitvaren met deze missive. Ze staan tot aan<lb/> Kaap de Goede Hoop onder gezag van Adriaan Laurens1, kapitein van de Duinhof. Het zijn<lb/> redelijke zeilers zodat ze de lengte van Mauritius tot Madagascar gepasseerd kunnen zijn<lb/> voor de tijd van de jaarlijkse stormen in dat gebied. Aan de Leiden is een kist van vijf voet<lb/> meegegeven, onder toezicht van de fiscaal van deze retourvloot, Adriaan Canter Visser,<lb/> waarin porselein met het wapen van een in de resolutie van 22 oktober genoemd persoon.<lb/> Van Imhoff heeft dit porselein bij de veiling ervan overgenomen om aan de eigenaar te worden<lb/> gegeven. Sinds 20 oktober zijn geen schepen uit Nederland aangekomen, afgezien van<lb/> de beloofde twee fluiten en twee barken. De Parel is van Banda en de Loverendaal van Ternate<lb/> teruggekeerd. Onder commando van Hugo Verijssel zijn op Oost-Java successen geboekt.<lb/> De voormalige regent van Madura heeft zich op Madura teruggetrokken. Het leger<lb/> van de Compagnie zal proberen hem voor het begin van de regentijd te verslaan. Zijn oudste<lb/> zoon heeft zich al overgegeven. De beantwoording van de brieven van Heren XVII van het<lb/> najaar van 1 744 hoopt Batavia te kunnen combineren met die van het voorjaar van 1 745<lb/> teneinde het schrijfwerk te verminderen. Op wisselbrieven wordt f 175.018 overgemaakt,<lb/> o.a. f 39.877 door de repatriërende majoor Gerrit Mom, f 44.647 door de burgers Abraham<lb/> Bogaard en Jan Godfried Tegel aan diverse personen in Amsterdam, Middelburg en<lb/> Rotterdam en f 30.132 door het repatriërende lid van de Raad van Justitie van het kasteel<lb/> Theodorus Policarpus Woyt. De eis voor 1747 heeft Batavia bijgevoegd. Aan contanten<lb/> wordt 25 ton gevraagd, nl. 16 ton aan realen, 8 ton aan baar zilver, 1 ton aan payement en<lb/> een aantal duiten. Aan ducatons heeft men geen behoefte omdat men daar nog 28 ton van<lb/> in voorraad heeft. De realen en het zilver zijn nodig voorde handel met Bengalen, Bantam,<lb/> Palembang en China.)<lb/></note><p xml:id="INT_2a2e0fcd-6402-3fa8-a952-07e004f970b3.TEI.1.text.1.body.1.div.1.p.2" resp="int_paragraph_joining" rend="">
              Wat de beladinge deser scheepen aanbelangt moeten wij nog noteeren, dat men<lb xmlns="http://www.tei-c.org/ns/1.0"/> niet alleen om de scheepen die thee op vragt laden wat meer onderswaarte te geven,<lb xmlns="http://www.tei-c.org/ns/1.0"/> maar ook om met deselve teffens partije coffij naar Nederland te senden, waarvan de<lb xmlns="http://www.tei-c.org/ns/1.0"/> vier eerste lb. 1.250.000, en dese wederom lb. 775.000 komen te vervoeren, zijnde lb.<lb xmlns="http://www.tei-c.org/ns/1.0"/> 2.025.000 te samen die met dese seven scheepen overgesonden werden en dus nog<lb xmlns="http://www.tei-c.org/ns/1.0"/> maar een kleyne quantiteyt in vergelijking der jaarlijksen petitie van die bonen die U<lb xmlns="http://www.tei-c.org/ns/1.0"/> Ed. Hoogagtb. gewent zijn te doen, dit jaar wederom verkosen heeft deselve liever soveel<lb xmlns="http://www.tei-c.org/ns/1.0"/> minder thee in te geven als zij anders op enkelde ballast souden hebben kunnen<lb xmlns="http://www.tei-c.org/ns/1.0"/> vervoeren, waardoor dan de ruymte der vier scheepen, Hogersmilde, Reygersdaal en<lb xmlns="http://www.tei-c.org/ns/1.0"/> Duynhoff voor Amsterdam en Spaanderwout voor Zeeland, die men daartoe bij den<lb xmlns="http://www.tei-c.org/ns/1.0"/> aanleg derselve hadde geprojecteert, niet gesufficieert hebbende om daarin te kunnen<lb xmlns="http://www.tei-c.org/ns/1.0"/><note xml:id="INT_2a2e0fcd-6402-3fa8-a952-07e004f970b3.TEI.1.text.1.body.1.div.1.p.2.note.1" xml:lang="nl" rend="font-size: 11; line-height: 12.2pt" xmlns="http://www.tei-c.org/ns/1.0"><hi rend="font-size:11; font-family:Liberation Serif; vertical-align:super" xml:lang="nl">1</hi> <hi rend="font-size:11; font-family:Liberation Serif; font-style:italic" xml:lang="nl">DAS</hi> III, 378, noemt Jakob Laurens als kapitein van de Duinhof.<lb/></note><fw xml:id="INT_2a2e0fcd-6402-3fa8-a952-07e004f970b3.TEI.1.text.1.body.1.div.1.p.2.fw.1" type="bottom-page-number">224</fw><pb xml:id="INT_2a2e0fcd-6402-3fa8-a952-07e004f970b3.TEI.1.text.1.body.1.div.1.p.2.pb.1" n="225" facs="http://resources.huygens.knaw.nl/retroapp/service_generalemissiven/gm_11/images/generale_missiven_gs232_225.tif"/><fw xml:id="INT_2a2e0fcd-6402-3fa8-a952-07e004f970b3.TEI.1.text.1.body.1.div.1.p.2.fw.2" place="top" type="head" facs="#zone.4806957" xmlns="http://www.tei-c.org/ns/1.0">Van Imhoff XII 12 november 1 745</fw>bergen de 1.456.275 lb thee op vragt, die - dit jaar in ’s Compagnies pakhuysen ont-<lb xmlns="http://www.tei-c.org/ns/1.0"/>fangen zijn.<lb xmlns="http://www.tei-c.org/ns/1.0"/>
            </p><note xml:id="INT_2a2e0fcd-6402-3fa8-a952-07e004f970b3.TEI.1.text.1.body.1.div.1.note.2" xml:lang="nl" place="inline" type="editorial-summary" resp="editor" rend="font-style: italic; line-height: 14.4pt; text-indent: 30.0pt; text-align: justify; font-size: 11" xmlns="http://www.tei-c.org/ns/1.0">(De Voorzichtigheid zal met de resterende hoeveelheid thee beladen worden en voor<lb/> de kamer Delft repatriëren. Besloten is)<lb/></note><p xml:id="INT_2a2e0fcd-6402-3fa8-a952-07e004f970b3.TEI.1.text.1.body.1.div.1.p.3" xml:lang="nl" rend="font-size: 12; text-align: justify; line-height: 14.4pt; text-indent: 30.0pt" xmlns="http://www.tei-c.org/ns/1.0">- de portiën der kameren van de Maas in de nagulen, als de eenigste specerijen<lb/> die dit jaar overgaan, af te scheepen in de twee scheepen van het Noorderquartier,<lb/> die ook teffens hebben ingenomen een deel dier specerije voor Amsterdam.<lb/></p><note xml:id="INT_2a2e0fcd-6402-3fa8-a952-07e004f970b3.TEI.1.text.1.body.1.div.1.note.3" xml:lang="nl" place="inline" type="editorial-summary" resp="editor" rend="font-style: italic; line-height: 14.4pt; text-indent: 30.0pt; text-align: justify; font-size: 11" xmlns="http://www.tei-c.org/ns/1.0">(Het deel voor Zeeland, 80.000 lb kruidnagels, kan alleen nog op tijd verstuurd worden<lb/> als er spoedig een schip opdaagt. Dit schip kan dan eind december vertrekken met de<lb/> reeds lang daartoe bestemde maar nog niet gearriveerde Hercules of elk ander schip dat het<lb/> eerst komt opdagen. De kamer Rotterdam zal geen schip uit Batavia ontvangen, o.a. omdat<lb/> men een schip uit Bengalen te wachten heeft, nl. de Huis ter Duine of de Hof van Delft. De<lb/> Duinhof, Brouwer en Huis te Persijn zijn beladen met goederen t.w.v. f 585.447, o.a.<lb/> f 45.125 aan Coromandelse textiel, f 78.918 aan Bengaalse textiel, kauris en salpeter,<lb/> f 174.1 44 aan thee op vracht, f 43.250 aan kruidnagels, f 91.179 aan koffie <hi rend="font-size:11; font-family:Liberation Serif; font-style:italic; letter-spacing:1.5pt" xml:lang="nl">enfl</hi> 05. 754<lb/> aan peper. Per kamer en schip: voor Amsterdam de Duinhof, Brouwer en Huis te Persijn<lb/> f 289.263 ; voor Delft de Brouwer f 6142; voor Rotterdam de Huis te Persijn f 6142; voor<lb/> Hoorn de Brouwer f 122.594; voor Enkhuizen de Huis te Persijn f 161.304.)<lb/></note><fw xml:id="INT_2a2e0fcd-6402-3fa8-a952-07e004f970b3.TEI.1.text.1.body.1.div.1.fw.1" type="bottom-page-number">225</fw>
            
      </div>
                  </body>
                </text>
              </TEI>