<TEI xml:id="INT_fec90658-14c0-35b2-8d53-6e857f09ddd3" xmlns="http://www.tei-c.org/ns/1.0">
                <teiHeader>
      <fileDesc>
        <titleStmt>
          <title>Van Imhoff, Pasques de Chavonnes, Crul, Nolthenius, Van Aerden, Lakeman, Cluysenaar, Overbeek, Van den Bosch, Schuylenburg en Mossel, 3 november 1744</title>
        </titleStmt>
        <publicationStmt>
          <p>
            <date>3 november 1744</date>
            <idno type="sourceID">missiven:vol11</idno>
            <idno type="pid">INT_fec90658-14c0-35b2-8d53-6e857f09ddd3</idno>
          </p>
        </publicationStmt>
        <notesStmt>
          <note/>
        </notesStmt>
        <sourceDesc>
          <listBibl xml:id="inlMetadata">
            <bibl type="missive">
        <interpGrp type="page"><interp>130</interp></interpGrp>
        
      <interpGrp type="titleLevel1"><interp>Van Imhoff, Pasques de Chavonnes, Crul, Nolthenius, Van Aerden, Lakeman, Cluysenaar, Overbeek, Van den Bosch, Schuylenburg en Mossel, 3 november 1744</interp></interpGrp>
      <interpGrp type="dateLevel1"><interp>3 november 1744</interp></interpGrp>
        <interpGrp type="tocLevel"><interp>1</interp></interpGrp>
      <interpGrp type="volume"><interp>11</interp></interpGrp>
        <interpGrp type="n"><interp>VIII</interp></interpGrp>
      
      <interpGrp type="witnessYearLevel1_from"><interp>1744</interp></interpGrp>
      <interpGrp type="witnessYearLevel1_to"><interp>1744</interp></interpGrp>
      <interpGrp type="witnessMonthLevel1_to"><interp>11</interp></interpGrp>
      <interpGrp type="witnessMonthLevel1_from"><interp>11</interp></interpGrp>
      <interpGrp type="witnessDayLevel1_to"><interp>3</interp></interpGrp>
      <interpGrp type="witnessDayLevel1_from"><interp>3</interp></interpGrp>
      <interpGrp type="authorLevel1"><interp>Van Imhoff</interp><interp>Pasques de Chavonnes</interp><interp>Crul</interp><interp>Nolthenius</interp><interp>Van Aerden</interp><interp>Lakeman</interp><interp>Cluysenaar</interp><interp>Overbeek</interp><interp>Van den Bosch</interp><interp>Schuylenburg</interp><interp>Mossel</interp></interpGrp>
      <interpGrp type="pid"><interp>INT_fec90658-14c0-35b2-8d53-6e857f09ddd3</interp></interpGrp>
    </bibl>
          </listBibl>
        </sourceDesc>
      </fileDesc>
    </teiHeader>
                <text xml:id="INT_fec90658-14c0-35b2-8d53-6e857f09ddd3.TEI.1.text.1">
                  <body xml:id="INT_fec90658-14c0-35b2-8d53-6e857f09ddd3.TEI.1.text.1.body.1">
                    <div xml:id="INT_fec90658-14c0-35b2-8d53-6e857f09ddd3.TEI.1.text.1.body.1.div.1">
        
              <pb xml:id="INT_fec90658-14c0-35b2-8d53-6e857f09ddd3.TEI.1.text.1.body.1.div.1.pb.1" n="130" facs="http://resources.huygens.knaw.nl/retroapp/service_generalemissiven/gm_11/images/generale_missiven_gs232_130.tif"/><head xml:id="INT_fec90658-14c0-35b2-8d53-6e857f09ddd3.TEI.1.text.1.body.1.div.1.head.1" xml:lang="nl" rend="font-size: 12; text-align: justify; line-height: 14.4pt" xmlns="http://www.tei-c.org/ns/1.0">VIII. GUSTAAF WILLEM VAN IMHOFF, PIETER ROCHUS PASQUES DE<lb/> CHAVONNES, NICOLAAS CRUL, DANIËL NOLTHENIUS, MAURITS VAN<lb/> AERDEN, JACOB LAKEMAN, JOHANNES MATTHEUS CLUYSENAAR, DANIËL<lb/> OVERBEEK, JACOB VAN DEN BOSCH, GIJSBERTUS SCHUYLENBURG<lb/> en JACOB MOSSEL, BATAVIA 3 november 1744.<lb/></head><p xml:id="INT_fec90658-14c0-35b2-8d53-6e857f09ddd3.TEI.1.text.1.body.1.div.1.p.1" xml:lang="nl" rend="font-size: 10.5; text-align: justify; line-height: 14.4pt" xmlns="http://www.tei-c.org/ns/1.0">Kol. Arch. 2504, VOC 2612, fol. 193-200.<lb/></p><note xml:id="INT_fec90658-14c0-35b2-8d53-6e857f09ddd3.TEI.1.text.1.body.1.div.1.note.1" xml:lang="nl" place="inline" type="editorial-summary" resp="editor" rend="font-style: italic; line-height: 14.4pt; text-indent: 31.0pt; text-align: justify; font-size: 11" xmlns="http://www.tei-c.org/ns/1.0">(De vloot van negen retourschepen is vertrokken onder leiding van Jan Albert Sichterman,<lb/> die op 30 oktober met de Woitkensdorp Straat Sunda heeft bereikt. De andere schepen<lb/> waren al eerder naar het Prinseneiland gevaren. De Akerendam en Ouwerkerk , die bij<lb/> de vijf vooraf vertrokken theeschepen horen , vertrekken nu pas. De Akerendam zal doorvaren<lb/> als adviesschip. De Ouwerkerk voegt zich aan de Kaap bij de vijf schepen. In mei kunnen<lb/> deze zes schepen Nederland bereiken. Enkele Europese schepen hebben het gerucht verspreid<lb/> over Bengalen dat de Marathas in april 1 744 de Nederlandse en Franse loges met een<lb/> groot leger hebben bestookt en het personeel hebben gedwongen naar de Engelse vestiging<lb/> te vluchten. Vooraf zouden Patna en Kasimbazar al veroverd zijn. Batavia hecht weinig geloof<lb/> aan het gerucht omdat het personeel in Bengalen Batavia allang op de hoogte zou hebben<lb/> gebracht als er iets aan de hand was. Verder acht Batavia het onwaarschijnlijk dat de<lb/> twee loges tegelijk zijn aangevallen en dat er geen overwinning van het moorse leger aan<lb/> vooraf is gegaan. Ook al is het gerucht niet waar, het voorspelt niet veel goeds voor het verkrijgen<lb/> van textiel en het sturen van de retourgoederen naar Nederland. Ziekentrooster<lb/> Hendrik Hiller vraagt toestemming zijn vrouw en dochter over te mogen laten komen. Enkele<lb/> repatriërende soldaten van Java gaan met de Ouwerkerk naar Nederland. Hun afgesloten<lb/> soldij rekeningen volgen met de Hoop , evenals de rest van de tot die groep horende soldaten.<lb/> Men heeft zeer veel moeite door de verwarde oorlog op Java de soldijboeken af te ronden.<lb/> Men is nog bezig met de boeken van 1 742/43 en vreest dat sommigen enkele jaren op<lb/> uitbetaling moeten wachten. Er worden acht wissels overgezonden t.w.v. <hi rend="font-size:12; font-family:Liberation Serif" xml:lang="nl">ƒ</hi> 45.472, waardoor<lb/> Batavia weer wat geld in kas heeft gekregen. Zo stuurt Daniël Nolthenius Nicolaas Paradijs,<lb/> koopman te Amsterdam, een wissel van f 18.875.)<lb/></note><fw xml:id="INT_fec90658-14c0-35b2-8d53-6e857f09ddd3.TEI.1.text.1.body.1.div.1.fw.1" type="bottom-page-number">130</fw>
            
      </div>
                  </body>
                </text>
              </TEI>