<TEI xml:id="INT_d51d01c1-3fa3-332c-ae74-a157949e9384" xmlns="http://www.tei-c.org/ns/1.0">
                <teiHeader>
      <fileDesc>
        <titleStmt>
          <title>Van Imhoff, Pasques de Chavonnes, Crul, Nolthenius, Van Aerden, Cluysenaar, Overbeek, Van den Bosch, Schuylenburg en Mossel, 20 oktober 1745</title>
        </titleStmt>
        <publicationStmt>
          <p>
            <date>20 oktober 1745</date>
            <idno type="sourceID">missiven:vol11</idno>
            <idno type="pid">INT_d51d01c1-3fa3-332c-ae74-a157949e9384</idno>
          </p>
        </publicationStmt>
        <notesStmt>
          <note/>
        </notesStmt>
        <sourceDesc>
          <listBibl xml:id="inlMetadata">
            <bibl type="missive">
        <interpGrp type="page"><interp>217</interp></interpGrp>
        
      <interpGrp type="titleLevel1"><interp>Van Imhoff, Pasques de Chavonnes, Crul, Nolthenius, Van Aerden, Cluysenaar, Overbeek, Van den Bosch, Schuylenburg en Mossel, 20 oktober 1745</interp></interpGrp>
      <interpGrp type="dateLevel1"><interp>20 oktober 1745</interp></interpGrp>
        <interpGrp type="tocLevel"><interp>1</interp></interpGrp>
      <interpGrp type="volume"><interp>11</interp></interpGrp>
        <interpGrp type="n"><interp>XI</interp></interpGrp>
      
      <interpGrp type="witnessYearLevel1_from"><interp>1745</interp></interpGrp>
      <interpGrp type="witnessYearLevel1_to"><interp>1745</interp></interpGrp>
      <interpGrp type="witnessMonthLevel1_to"><interp>10</interp></interpGrp>
      <interpGrp type="witnessMonthLevel1_from"><interp>10</interp></interpGrp>
      <interpGrp type="witnessDayLevel1_to"><interp>20</interp></interpGrp>
      <interpGrp type="witnessDayLevel1_from"><interp>20</interp></interpGrp>
      <interpGrp type="authorLevel1"><interp>Van Imhoff</interp><interp>Pasques de Chavonnes</interp><interp>Crul</interp><interp>Nolthenius</interp><interp>Van Aerden</interp><interp>Cluysenaar</interp><interp>Overbeek</interp><interp>Van den Bosch</interp><interp>Schuylenburg</interp><interp>Mossel</interp></interpGrp>
      <interpGrp type="pid"><interp>INT_d51d01c1-3fa3-332c-ae74-a157949e9384</interp></interpGrp>
    </bibl>
          </listBibl>
        </sourceDesc>
      </fileDesc>
    </teiHeader>
                <text xml:id="INT_d51d01c1-3fa3-332c-ae74-a157949e9384.TEI.1.text.1">
                  <body xml:id="INT_d51d01c1-3fa3-332c-ae74-a157949e9384.TEI.1.text.1.body.1">
                    <div xml:id="INT_d51d01c1-3fa3-332c-ae74-a157949e9384.TEI.1.text.1.body.1.div.1"><div xml:id="INT_d51d01c1-3fa3-332c-ae74-a157949e9384.TEI.1.text.1.body.1.div.1.div.1" type="subdivision_for_sake_of_validation">
        
              <pb xml:id="INT_d51d01c1-3fa3-332c-ae74-a157949e9384.TEI.1.text.1.body.1.div.1.div.1.pb.1" n="217" facs="http://resources.huygens.knaw.nl/retroapp/service_generalemissiven/gm_11/images/generale_missiven_gs232_217.tif"/><head xml:id="INT_d51d01c1-3fa3-332c-ae74-a157949e9384.TEI.1.text.1.body.1.div.1.div.1.head.1" xml:lang="nl" rend="font-size: 11.5; text-align: justify; line-height: 14.7pt" xmlns="http://www.tei-c.org/ns/1.0">XI. GUSTAAF WILLEM VAN IMHOFF, PIETER ROCHUS PASQUES DE CHAVONNES,<lb/> NICOLAAS CRUL, DANIËL NOLTHENIUS, MAURITS VAN AERDEN,<lb/> JOH ANNES MATTHEUS CLUYSENAAR, DANIËL OVERBEEK, JACOB<lb/> VAN DEN BOSCH, GIJSBERTUS SCHUYLENBURG en JACOB MOSSEL, BATAVIA<lb/> 20 oktober 1745.<lb/></head><p xml:id="INT_d51d01c1-3fa3-332c-ae74-a157949e9384.TEI.1.text.1.body.1.div.1.div.1.p.1" xml:lang="nl" rend="font-size: 11.5; text-align: justify; line-height: 14.7pt" xmlns="http://www.tei-c.org/ns/1.0">Kol. Arch. 2527, VOC 2635, fol. 5-47.<lb/></p><note xml:id="INT_d51d01c1-3fa3-332c-ae74-a157949e9384.TEI.1.text.1.body.1.div.1.div.1.note.1" xml:lang="nl" place="inline" type="editorial-summary" resp="editor" rend="font-style: italic; line-height: 14.4pt; text-indent: 31.0pt; text-align: justify; font-size: 11" xmlns="http://www.tei-c.org/ns/1.0">(Batavia verwacht niet dat deze missive , die met de retourschepen Leiden , Spanderswoud<lb/> <hi rend="font-size:11.5; font-family:Liberation Serif" xml:lang="nl">,</hi> Reigersdaal en Hogersmilde overgezonden wordt , eerder in Nederland zal aankomen<lb/> dan de uitgebreide missive van eind december. Gezien de oorlogssituatie heeft men namelijk<lb/> opnieuw besloten dat alle retourschepen aan de Kaap op elkaar moeten wachten. Er<lb/> wordt geen apart schip met adviezen gestuurd, zoals in de afgelopen jaren de Zaamslag en de<lb/> Akerendam.<lb/></note><p xml:id="INT_d51d01c1-3fa3-332c-ae74-a157949e9384.TEI.1.text.1.body.1.div.1.div.1.p.2" xml:lang="nl" rend="font-size: 10.5; font-variant: small-caps; text-align: justify; line-height: 14.4pt" xmlns="http://www.tei-c.org/ns/1.0">Amboina<lb/></p><note xml:id="INT_d51d01c1-3fa3-332c-ae74-a157949e9384.TEI.1.text.1.body.1.div.1.div.1.note.2" xml:lang="nl" place="inline" type="editorial-summary" resp="editor" rend="font-style: italic; line-height: 14.4pt; text-indent: 31.0pt; text-align: justify; font-size: 11" xmlns="http://www.tei-c.org/ns/1.0">Vandaar zijn de Ballas en de sloep Ida Anna aangekomen met 450.161 Ib kruidnagels,<lb/> waarvan 320.000 Ib naar Nederland wordt gestuurd,)<lb/></note><p xml:id="INT_d51d01c1-3fa3-332c-ae74-a157949e9384.TEI.1.text.1.body.1.div.1.div.1.p.3" xml:lang="nl" rend="font-size: 11.5; text-align: justify; line-height: 14.4pt; text-indent: 31.0pt" xmlns="http://www.tei-c.org/ns/1.0">- zijnde wel wat meer als men naar den Indiasen vertier hadde behoren te versenden,<lb/> dog zo ruym genomen uyt hoofde van het gebrek dat U Ed. Hoogagtb. daaraan<lb/> hebben.<lb/></p><note xml:id="INT_d51d01c1-3fa3-332c-ae74-a157949e9384.TEI.1.text.1.body.1.div.1.div.1.note.3" xml:lang="nl" place="inline" type="editorial-summary" resp="editor" rend="font-style: italic; line-height: 14.4pt; text-indent: 31.0pt; text-align: justify; font-size: 11" xmlns="http://www.tei-c.org/ns/1.0">(De winsten zijn in het boekjaar 1 744/45 gestegen met f 20. 733, de lasten gedaald<lb/> met f 12.319, waardoor het tekort is gekomen op <hi rend="font-size:11.5; font-family:Liberation Serif" xml:lang="nl">ƒ</hi> 134.618. Sinds 1 742/43 is het tekort<lb/> gedaald met f 69.304 door daling van de lasten met f 21.643 en stijging van de winsten<lb/> met f 47.661. De kruidnageloogst voor 1 746 wordt geschat op slechts 273 bahar.<lb/></note><p xml:id="INT_d51d01c1-3fa3-332c-ae74-a157949e9384.TEI.1.text.1.body.1.div.1.div.1.p.4" xml:lang="nl" rend="font-size: 10.5; font-variant: small-caps; text-align: justify; line-height: 14.4pt" xmlns="http://www.tei-c.org/ns/1.0">Banda<lb/></p><note xml:id="INT_d51d01c1-3fa3-332c-ae74-a157949e9384.TEI.1.text.1.body.1.div.1.div.1.note.4" xml:lang="nl" place="inline" type="editorial-summary" resp="editor" rend="font-style: italic; line-height: 14.4pt; text-indent: 31.0pt; text-align: justify; font-size: 11" xmlns="http://www.tei-c.org/ns/1.0">Banda heeft een groot tekort aan rijst gehad door een fout bij het berekenen van het<lb/> restant. De Wickenburg heeft 400.000 Ib nootmuskaat aangevoerd en met de Parel wordt<lb/> nog eens 200. 000 Ib verwacht. Deze aanvoer is meer dan voldoende omdat Heren XVII willen<lb/> dat de hele partij in Azië blijft. Het aandringen op meer nootmuskaat is vooreerst dan<lb/> ook minder nodig. Het tekort is in 1 743/44 met f 14.987 verminderd tot f 142.418.<lb/></note><p xml:id="INT_d51d01c1-3fa3-332c-ae74-a157949e9384.TEI.1.text.1.body.1.div.1.div.1.p.5" xml:lang="nl" rend="font-size: 10.5; font-variant: small-caps; text-align: justify; line-height: 14.4pt" xmlns="http://www.tei-c.org/ns/1.0">Ternate<lb/></p><note xml:id="INT_d51d01c1-3fa3-332c-ae74-a157949e9384.TEI.1.text.1.body.1.div.1.div.1.note.5" xml:lang="nl" place="inline" type="editorial-summary" resp="editor" rend="font-style: italic; line-height: 14.4pt; text-indent: 31.0pt; text-align: justify; font-size: 11" xmlns="http://www.tei-c.org/ns/1.0">Het patrouilleren bij de Papuase eilanden met de Loverendaal en de Leiderdorp, geassisteerd<lb/> door een sloep en twee inlandse vaartuigen van Amboina, is mislukt omdat men<lb/> geen smokkelarij heeft ontdekt en omdat de schepen veel Europeanen zijn kwijtgeraakt.<lb/> Hieruit blijkt dat welbezeilde patrouilleschepen hard nodig zijn in dit gebied. Van de zes<lb/> door Batavia gevraagde patrouilleschepen hebben Heren XVII er twee beloofd De extirpatie<lb/> komt weer op gang. De verwijdering tussen de vorsten van Ternate en Tidore is niet verergerd.<lb/><lb/></note><p xml:id="INT_d51d01c1-3fa3-332c-ae74-a157949e9384.TEI.1.text.1.body.1.div.1.div.1.p.6" xml:lang="nl" rend="font-size: 10.5; font-variant: small-caps; text-align: justify; line-height: 11.6pt" xmlns="http://www.tei-c.org/ns/1.0">Makassar<lb/></p><note xml:id="INT_d51d01c1-3fa3-332c-ae74-a157949e9384.TEI.1.text.1.body.1.div.1.div.1.note.6" xml:lang="nl" place="inline" type="editorial-summary" resp="editor" rend="font-style: italic; line-height: 12.2pt; text-indent: 31.0pt; text-align: justify; font-size: 11" xmlns="http://www.tei-c.org/ns/1.0">De verpachting der in- en uitgaande rechten is goed uitgevallen.<lb/></note><fw xml:id="INT_d51d01c1-3fa3-332c-ae74-a157949e9384.TEI.1.text.1.body.1.div.1.div.1.fw.1" type="bottom-page-number">217</fw><pb xml:id="INT_d51d01c1-3fa3-332c-ae74-a157949e9384.TEI.1.text.1.body.1.div.1.div.1.pb.2" n="218" facs="http://resources.huygens.knaw.nl/retroapp/service_generalemissiven/gm_11/images/generale_missiven_gs232_218.tif"/><fw xml:id="INT_d51d01c1-3fa3-332c-ae74-a157949e9384.TEI.1.text.1.body.1.div.1.div.1.fw.2" place="top" type="head" facs="#zone.4793157" xmlns="http://www.tei-c.org/ns/1.0">Van Imhoff XI 20 oktober 1 745</fw><p xml:id="INT_d51d01c1-3fa3-332c-ae74-a157949e9384.TEI.1.text.1.body.1.div.1.div.1.p.7" xml:lang="nl" rend="font-size: 10.5; font-variant: small-caps; line-height: 14.7pt" xmlns="http://www.tei-c.org/ns/1.0">Timor<lb/></p><note xml:id="INT_d51d01c1-3fa3-332c-ae74-a157949e9384.TEI.1.text.1.body.1.div.1.div.1.note.7" xml:lang="nl" place="inline" type="editorial-summary" resp="editor" rend="font-style: italic; line-height: 14.7pt; text-indent: 32.0pt; text-align: justify; font-size: 11" xmlns="http://www.tei-c.org/ns/1.0">Dit eiland is dit jaar niet bezocht omdat de brigantijn die naar Timor gedestineerd<lb/> was onverrichterzake is teruggekeerd. Men hoopt dat het personeel tot de komst van een<lb/> schip uit Batavia zich kan redden met levensmiddelen die van inlanders worden gekocht.<lb/></note><p xml:id="INT_d51d01c1-3fa3-332c-ae74-a157949e9384.TEI.1.text.1.body.1.div.1.div.1.p.8" xml:lang="nl" rend="font-size: 10.5; font-variant: small-caps; line-height: 14.4pt" xmlns="http://www.tei-c.org/ns/1.0">Palembang<lb/></p><note xml:id="INT_d51d01c1-3fa3-332c-ae74-a157949e9384.TEI.1.text.1.body.1.div.1.div.1.note.8" xml:lang="nl" place="inline" type="editorial-summary" resp="editor" rend="font-style: italic; line-height: 14.4pt; text-indent: 32.0pt; text-align: justify; font-size: 11" xmlns="http://www.tei-c.org/ns/1.0">Vandaar is nog geen pepervaartuig aangekomen. De schepen die met 7350 pikol peper<lb/> en 410 pikol tin naar Batavia zouden komen hebben de gunstige wind voorbij laten<lb/> gaan. Alleen het gezantschap van de vorst is gearriveerd Inmiddels zijn opnieuw schepen<lb/> gestuurd met 8 a 9000 pikol peper en een redelijke partij tin maar ook die zijn nog niet in<lb/> Batavia aangekomen. Sinds de vorige missive heeft Batavia 4000 pikol zwarte peper, <hi rend="font-size:4; font-family:Liberation Serif" xml:lang="nl">;</hi><lb/>14.030 Ib witte peper en 3000 pikol tin ontvangen, door de Duinhof die op 15 mei met<lb/> 70.000 Spaanse realen naar Palembang gestuurd was, begin september aangebracht.<lb/></note><p xml:id="INT_d51d01c1-3fa3-332c-ae74-a157949e9384.TEI.1.text.1.body.1.div.1.div.1.p.9" xml:lang="nl" rend="font-size: 12; line-height: 14.7pt" xmlns="http://www.tei-c.org/ns/1.0">Si <hi rend="font-size:10.5; font-family:Liberation Serif; font-variant:small-caps" xml:lang="nl">am</hi><lb/></p><note xml:id="INT_d51d01c1-3fa3-332c-ae74-a157949e9384.TEI.1.text.1.body.1.div.1.div.1.note.9" xml:lang="nl" place="inline" type="editorial-summary" resp="editor" rend="font-style: italic; line-height: 14.7pt; text-indent: 32.0pt; text-align: justify; font-size: 11" xmlns="http://www.tei-c.org/ns/1.0">De Papenburg is op 28 augustus 1 745 naar Siam vertrokken met onderkoopman<lb/> Gerrit Pek aan boord. Brieven en geschenken voor de koning en de phra-klang, 8000<lb/> Spaanse realen en enkele goederen zijn meegegeven om nogmaals te proberen of de Compagnie<lb/> er zaken kan doen en om sapanhout voor Japan te halen.)<lb/></note><p xml:id="INT_d51d01c1-3fa3-332c-ae74-a157949e9384.TEI.1.text.1.body.1.div.1.div.1.p.10" xml:lang="nl" rend="font-size: 10.5; font-variant: small-caps; line-height: 14.4pt" xmlns="http://www.tei-c.org/ns/1.0">China<lb/></p><p xml:id="INT_d51d01c1-3fa3-332c-ae74-a157949e9384.TEI.1.text.1.body.1.div.1.div.1.p.11" xml:lang="nl" rend="font-size: 12; text-align: justify; line-height: 14.4pt; text-indent: 32.0pt" xmlns="http://www.tei-c.org/ns/1.0">China heeft dit jaar door de aldaar jongst overgeblevene restanten en gedaane<lb/> aanbesteeding, nevens eene ruyme versending van peper en andere goederen, maar<lb/> ƒ 303.230,2,- aan contanten gekregen, hoewel het derwaarts versondene capitaal met<lb/> de scheepen ’t Huys te Foreest, Saamslag en Zuyderburg, het eerste om de supercarga’s<lb/> terug te brengen en de twee laasten om Saamslag voor Zeeland en Zuyderburg voor de<lb/> praesidiale kamer tot Amsterdam te repatrieeren, bedraagen heeft ƒ635.081,10,8 en<lb/> men, met de advancen daarop naar de jongst voorgaande te behalen, gereekent heeft<lb/> dat daaruyt zoude kunnen gevonden werden 10 thon voor de retouren, met voormelte<lb/> scheepen direct terug te senden en het noodige voor een nader aanbesteeding pro anno<lb/> proximo en voorts ter voldoeninge van de door ons g’eyschte goederen voor den handel<lb/> hier ter plaatzen en voor de west van Indiën.<lb/></p><note xml:id="INT_d51d01c1-3fa3-332c-ae74-a157949e9384.TEI.1.text.1.body.1.div.1.div.1.note.10" xml:lang="nl" place="inline" type="editorial-summary" resp="editor" rend="font-style: italic; line-height: 14.4pt; text-indent: 32.0pt; text-align: justify; font-size: 11" xmlns="http://www.tei-c.org/ns/1.0">(Johan Archer, Warmold van Maneel en Adriaan van Reverhorst zijn opnieuw totsupercarga<lb/> benoemd. De vraag van Heren XVII is hen met de Zaamslag nagezonden.<lb/></note><p xml:id="INT_d51d01c1-3fa3-332c-ae74-a157949e9384.TEI.1.text.1.body.1.div.1.div.1.p.12" xml:lang="nl" rend="font-size: 10.5; font-variant: small-caps; line-height: 14.4pt" xmlns="http://www.tei-c.org/ns/1.0">Japan<lb/></p><note xml:id="INT_d51d01c1-3fa3-332c-ae74-a157949e9384.TEI.1.text.1.body.1.div.1.div.1.note.11" xml:lang="nl" place="inline" type="editorial-summary" resp="editor" rend="font-style: italic; line-height: 14.4pt; text-indent: 32.0pt; text-align: justify; font-size: 11" xmlns="http://www.tei-c.org/ns/1.0">Voor het eerst in vele jaren heeft men drie schepen naar Japan gestuurd. Door gebrek<lb/> aan Nederlandse en Aziatische goederen, m.n. Bengaalse zijde, heeft men slechts een lading<lb/> t.w.v. f 419.739 kunnen meegeven. De goederen uit Nederland voor Japan moeten in april<lb/> in Batavia zijn. Ze kunnen dan meteen doorgestuurd worden en hoeven niet nog een jaar te<lb/> blijven liggen, met alle gevolgen voor de kwaliteit, of verkocht te worden om de schade beperkt<lb/> te houden. De kantoren in Azië zijn gewaarschuwd Batavia niet telkens teleur te stellen<lb/> bij de levering van goederen voor Japan.<lb/></note><p xml:id="INT_d51d01c1-3fa3-332c-ae74-a157949e9384.TEI.1.text.1.body.1.div.1.div.1.p.13" xml:lang="nl" rend="font-size: 10.5; font-variant: small-caps; line-height: 14.7pt" xmlns="http://www.tei-c.org/ns/1.0">Malakka<lb/></p><note xml:id="INT_d51d01c1-3fa3-332c-ae74-a157949e9384.TEI.1.text.1.body.1.div.1.div.1.note.12" xml:lang="nl" place="inline" type="editorial-summary" resp="editor" rend="font-style: italic; line-height: 14.7pt; text-indent: 32.0pt; text-align: justify; font-size: 11" xmlns="http://www.tei-c.org/ns/1.0">Vandaar is wat tin en goud ontvangen, wat als voorbode van verbetering wordt gezien.<lb/> De lasten bedroegen in het boekjaar 1 743/44 f 123. 66 7, de winsten <hi rend="font-size:12; font-family:Liberation Serif" xml:lang="nl">ƒ</hi> 69.234. Het tekort is<lb/> met f 54.433 toegenomen. Het gerucht gaat in Malakka dat Spaanse kruisers van de Filip-<lb/></note><fw xml:id="INT_d51d01c1-3fa3-332c-ae74-a157949e9384.TEI.1.text.1.body.1.div.1.div.1.fw.3" type="bottom-page-number">218</fw><pb xml:id="INT_d51d01c1-3fa3-332c-ae74-a157949e9384.TEI.1.text.1.body.1.div.1.div.1.pb.3" n="219" facs="http://resources.huygens.knaw.nl/retroapp/service_generalemissiven/gm_11/images/generale_missiven_gs232_219.tif"/><fw xml:id="INT_d51d01c1-3fa3-332c-ae74-a157949e9384.TEI.1.text.1.body.1.div.1.div.1.fw.4" place="top" type="head" facs="#zone.4795547" xmlns="http://www.tei-c.org/ns/1.0">Van Imhoff XI 20 oktober 1 745</fw><note xml:id="INT_d51d01c1-3fa3-332c-ae74-a157949e9384.TEI.1.text.1.body.1.div.1.div.1.note.13" xml:lang="nl" place="inline" type="editorial-summary" resp="editor" rend="font-size: 11; font-style: italic; text-align: justify; line-height: 14.4pt" xmlns="http://www.tei-c.org/ns/1.0">pijnen uitgezonden zijn om de Engelsen te bestrijden. De Lijdzaamheid is op 24 september<lb/> naar Malakka vertrokken met f 12.070 aan koopwaar. De rest zal meegegeven worden aan<lb/> de schepen die naar Bengalen gaan.<lb/></note><p xml:id="INT_d51d01c1-3fa3-332c-ae74-a157949e9384.TEI.1.text.1.body.1.div.1.div.1.p.14" xml:lang="nl" rend="font-size: 11; font-variant: small-caps; text-align: justify; line-height: 14.4pt" xmlns="http://www.tei-c.org/ns/1.0">Sumatra’s Westkust<lb/></p><note xml:id="INT_d51d01c1-3fa3-332c-ae74-a157949e9384.TEI.1.text.1.body.1.div.1.div.1.note.14" xml:lang="nl" place="inline" type="editorial-summary" resp="editor" rend="font-style: italic; line-height: 14.4pt; text-indent: 31.0pt; text-align: justify; font-size: 11" xmlns="http://www.tei-c.org/ns/1.0">Op 16 juni heeft de Francina Margaretha f 69.288 en op 20 juli de Theekop<lb/> f 60.005 aan allerlei goederen daar afgeleverd. De Huis te Spijk staat op het punt uit Batavia<lb/> te vertrekken met zout en koopwaar. Over het al dan niet openstellen van het gebied voor<lb/> de vrije handel zal de mening van het bestuur gevraagd worden. Door de moesson is de vaart<lb/> op Sumatra’s westkust de komende zes maanden toch gesloten. Per 3 1 augustus 1 744 is het<lb/> tekort toegenomen met f 65.05 7 door gebrek aan koopwaar en door een ongeval. Hoewel<lb/> in het halve boekjaar van 1 september 1 744 tot 1 maart 1 745 de winst f 63.222 bedroeg en<lb/> er dus kans is op het evenaren of overtreffen van de lasten <hi rend="font-size:11.5; font-family:Liberation Serif" xml:lang="nl">,</hi> blijft de handel te wisselvallig om<lb/> staat op te maken en sterk afhankelijk van het waken tegen smokkelhandel door Engelse en<lb/> andere particuliere handelaren.<lb/></note><p xml:id="INT_d51d01c1-3fa3-332c-ae74-a157949e9384.TEI.1.text.1.body.1.div.1.div.1.p.15" xml:lang="nl" rend="font-size: 11; font-variant: small-caps; text-align: justify; line-height: 14.4pt" xmlns="http://www.tei-c.org/ns/1.0">Bengalen<lb/></p><note xml:id="INT_d51d01c1-3fa3-332c-ae74-a157949e9384.TEI.1.text.1.body.1.div.1.div.1.note.15" xml:lang="nl" place="inline" type="editorial-summary" resp="editor" rend="font-style: italic; line-height: 14.4pt; text-indent: 31.0pt; text-align: justify; font-size: 11" xmlns="http://www.tei-c.org/ns/1.0">Bengalen heeft geen opium en een kleine hoeveelheid produkten voor Nederland en<lb/> Azië geleverd De handel heeft te lijden van afpersingen te Patna door het bankroet van<lb/> Bartholomeus Aukema, van de opstand van de Marathas en van roverijen door een aantal<lb/> Europeanen onder leiding van Franc o is de Schonamille. Desondanks is het tekort van<lb/><hi rend="font-size:11.5; font-family:Liberation Serif" xml:lang="nl">ƒ</hi> 206.186 in 1 742/43 omgezet in een overschot van f 47. 922 in 1 743/44. Afgezien van de<lb/> Vlissingen en de Standvastigheid die met een lading t.w.v. f 1.381. 71 7 naar Nederland vertrokken<lb/> zijn, heeft Batavia ontvangen :)<lb/></note><p xml:id="INT_d51d01c1-3fa3-332c-ae74-a157949e9384.TEI.1.text.1.body.1.div.1.div.1.p.16" xml:lang="nl" rend="font-size: 11.5; text-align: justify; line-height: 14.4pt" xmlns="http://www.tei-c.org/ns/1.0">met Hofweegen over Cormandel ƒ 189.615, 2, 8<lb/></p><p xml:id="INT_d51d01c1-3fa3-332c-ae74-a157949e9384.TEI.1.text.1.body.1.div.1.div.1.p.17" xml:lang="nl" rend="font-size: 11.5; text-align: justify; line-height: 14.4pt" xmlns="http://www.tei-c.org/ns/1.0">met Nieuwvliet direct ƒ 262.567,16, 8<lb/></p><p xml:id="INT_d51d01c1-3fa3-332c-ae74-a157949e9384.TEI.1.text.1.body.1.div.1.div.1.p.18" xml:lang="nl" rend="font-size: 11.5; text-align: justify; line-height: 14.4pt" xmlns="http://www.tei-c.org/ns/1.0">en met de twee noordschepen over Malacca jongst nog <hi rend="font-size:11; font-family:Liberation Serif; font-style:italic; text-decoration:underline" xml:lang="nl">f</hi> <hi rend="font-size:11.5; font-family:Liberation Serif; text-decoration:underline" xml:lang="nl">458.710. 8. 8</hi><lb/></p><p xml:id="INT_d51d01c1-3fa3-332c-ae74-a157949e9384.TEI.1.text.1.body.1.div.1.div.1.p.19" xml:lang="nl" rend="font-size: 11.5; text-align: justify; line-height: 14.4pt" xmlns="http://www.tei-c.org/ns/1.0">zijnde dus niet meer dan ƒ 910.893, 7, 8<lb/></p><p xml:id="INT_d51d01c1-3fa3-332c-ae74-a157949e9384.TEI.1.text.1.body.1.div.1.div.1.p.20" xml:lang="nl" rend="font-size: 11.5; text-align: justify; line-height: 14.4pt" xmlns="http://www.tei-c.org/ns/1.0">en met voorsz. retourschepen <hi rend="font-size:11.5; font-family:Liberation Serif; text-decoration:underline" xml:lang="nl">ƒ 1.381.717,19, 8</hi><lb/></p><p xml:id="INT_d51d01c1-3fa3-332c-ae74-a157949e9384.TEI.1.text.1.body.1.div.1.div.1.p.21" xml:lang="nl" rend="font-size: 11.5; text-align: justify; line-height: 14.4pt" xmlns="http://www.tei-c.org/ns/1.0">te samen nog maar ƒ 2.292.611, 7, -<lb/></p><p xml:id="INT_d51d01c1-3fa3-332c-ae74-a157949e9384.TEI.1.text.1.body.1.div.1.div.1.p.22" xml:lang="nl" rend="font-size: 11.5; text-align: justify; line-height: 14.4pt" xmlns="http://www.tei-c.org/ns/1.0">waarentegens men met de schepen Ruyven, Nieuwvliet en ’t Hoff van Delft, item met<lb/> de voor Amsterdam en Rotterdam geprojecteerde retourscheepen Diemen en ’t Huys<lb/> ten Duyne derwaarts van hier reeds versonden heeft ƒ1.735.978,17,8 en nog met de<lb/> aangelegde schepen de Jonge Willem en Schoonauwen derwaarts buyten het manqueerende<lb/> op den eysch van coopmansz. staat te senden 8| ton aan contanten, dewelke,<lb/> nevens nog tien tonnen die na onse ordre op Cormandel aan de scheepen Diemen en ’t<lb/> Hoff van Delft moesten werden ingegeven, wel ruym 35 tonnen souden hebben uytgemaakt<lb/> aan derwaarts gesondene goederen off al vrij wat meer als men vandaar ontfangen<lb/> heeft.<lb/></p><note xml:id="INT_d51d01c1-3fa3-332c-ae74-a157949e9384.TEI.1.text.1.body.1.div.1.div.1.note.16" xml:lang="nl" place="inline" type="editorial-summary" resp="editor" rend="font-style: italic; line-height: 14.4pt; text-indent: 31.0pt; text-align: justify; font-size: 11" xmlns="http://www.tei-c.org/ns/1.0">(Hoewel het bestuur van Coromandel heeft bericht de 10 ton zilver niet te kunnen leveren<lb/> door de schaarste aan zilver als gevolg van de verovering van het schip met contanten<lb/> dat op weg was van Manilla naar Pondicherry, verwacht Batavia dat Bengalen voldoende<lb/> geld voor de handel overhoudt, ook al omdat er een nieuwe invasie door de Marathas in juni<lb/> of juli 1 745 verwacht werd.<lb/></note><fw xml:id="INT_d51d01c1-3fa3-332c-ae74-a157949e9384.TEI.1.text.1.body.1.div.1.div.1.fw.5" type="bottom-page-number">219</fw><pb xml:id="INT_d51d01c1-3fa3-332c-ae74-a157949e9384.TEI.1.text.1.body.1.div.1.div.1.pb.4" n="220" facs="http://resources.huygens.knaw.nl/retroapp/service_generalemissiven/gm_11/images/generale_missiven_gs232_220.tif"/><fw xml:id="INT_d51d01c1-3fa3-332c-ae74-a157949e9384.TEI.1.text.1.body.1.div.1.div.1.fw.6" place="top" type="head" facs="#zone.4798251" xmlns="http://www.tei-c.org/ns/1.0">Van Imhoff XI 20 oktober 1745</fw></div><div xml:id="INT_d51d01c1-3fa3-332c-ae74-a157949e9384.TEI.1.text.1.body.1.div.1.div.2" type="subdivision_for_sake_of_validation"><head xml:id="INT_d51d01c1-3fa3-332c-ae74-a157949e9384.TEI.1.text.1.body.1.div.1.div.2.head.1" xml:lang="nl" rend="font-size: 9.5; text-align: justify; line-height: 14.4pt" xmlns="http://www.tei-c.org/ns/1.0">CORO MANDEL<lb/></head><note xml:id="INT_d51d01c1-3fa3-332c-ae74-a157949e9384.TEI.1.text.1.body.1.div.1.div.2.note.1" xml:lang="nl" place="inline" type="editorial-summary" resp="editor" rend="font-style: italic; line-height: 14.4pt; text-indent: 31.0pt; text-align: justify; font-size: 11" xmlns="http://www.tei-c.org/ns/1.0">De Marathas heeft men op afstand kunnen houden. De Leeuwerik is vandaar aangekomen<lb/> met de stenen voor de sluizen , 476 pakken textiel en andere goederen t.w.v.<lb/> f 209.375. De Hofwegen heeft op 24 april 1745 328 pakken textiel en andere retouren<lb/> t. w. v. <hi rend="font-size:11.5; font-family:Liberation Serif" xml:lang="nl">ƒ</hi> 74.323 in Batavia aangebracht. De Leeuwerik had 1 60 pakken t. w. v. <hi rend="font-size:11.5; font-family:Liberation Serif" xml:lang="nl">ƒ</hi> 50.206 voor<lb/> Heren XVII aan boord. De Everswaart en de Nieuwland worden nog terugverwacht uit Coromandel.<lb/> De Everswaart was op 26 oktober 1 744 via Malakka naar Coromandel gestuurd<lb/> en pas in april 1 745 in Pulicat aangekomen. De Nieuwland was op 20 juni 1 745 uit<lb/> Batavia vertrokken en al eind juli aangekomen ,)<lb/></note><p xml:id="INT_d51d01c1-3fa3-332c-ae74-a157949e9384.TEI.1.text.1.body.1.div.1.div.2.p.1" xml:lang="nl" rend="font-size: 11.5; text-align: justify; line-height: 14.4pt; text-indent: 31.0pt" xmlns="http://www.tei-c.org/ns/1.0">- hebbende derwaarts vervoert ƒ257.472,11,8 aan specerijen, koper en andere<lb/> goederen, gelijk met Everswaard bevorens ƒ117.466,2,- en naderhand nog bij<lb/> aangiering der Bengaalse scheepen aldaar zijn bestelt met den bodem het Hoff van<lb/> Delft ƒ103.102,19,- en met Diemen ƒ8814,18,- en nog met de Eendragt<lb/> ƒ 17.234,9,8, sodat dit gouvernement vooreerst nog wel geprofideerd blijft, zijnde de<lb/> Bengaalse ministers wederom aangeschreeven de retouren van de noorder comptoiren,<lb/> des doenlijk, weder in het vroege voorjaar met een schip uyt de Ganges herwaarts<lb/> terugkeerende te laten afhalen.<lb/></p><note xml:id="INT_d51d01c1-3fa3-332c-ae74-a157949e9384.TEI.1.text.1.body.1.div.1.div.2.note.2" xml:lang="nl" place="inline" type="editorial-summary" resp="editor" rend="font-style: italic; line-height: 14.4pt; text-indent: 31.0pt; text-align: justify; font-size: 11" xmlns="http://www.tei-c.org/ns/1.0">(De Fransen en Engelsen houden elkaar scherp in de gaten.<lb/></note><p xml:id="INT_d51d01c1-3fa3-332c-ae74-a157949e9384.TEI.1.text.1.body.1.div.1.div.2.p.2" xml:lang="nl" rend="font-size: 9.5; font-variant: small-caps; text-align: justify; line-height: 14.4pt" xmlns="http://www.tei-c.org/ns/1.0">Ceylon<lb/></p><note xml:id="INT_d51d01c1-3fa3-332c-ae74-a157949e9384.TEI.1.text.1.body.1.div.1.div.2.note.3" xml:lang="nl" place="inline" type="editorial-summary" resp="editor" rend="font-style: italic; line-height: 14.4pt; text-indent: 31.0pt; text-align: justify; font-size: 11" xmlns="http://www.tei-c.org/ns/1.0">De Phoenix heeft 386 balen kaneel uit Ceylon aangebracht. De Hogersmilde, Horssen,<lb/> Colombo en Lijdzaamheid hebben 788 balen aangevoerd. De Kasteel van Woerden<lb/> met aan boord raad extraordinaris Arend van Broyel en de Catharina Magdalena zijn nog<lb/> niet in Batavia aangekomen. Van Coromandel heeft Batavia het bericht ontvangen dat)<lb/></note><p xml:id="INT_d51d01c1-3fa3-332c-ae74-a157949e9384.TEI.1.text.1.body.1.div.1.div.2.p.3" resp="int_paragraph_joining" rend="">
              - ruym 7000 pagoden aldaar op wissel waren geteld voor den eliphantshandel<lb xmlns="http://www.tei-c.org/ns/1.0"/>op Jaffanapatnam op de daarvan gedane bekentmakinge bij billetten voor het lopende<lb xmlns="http://www.tei-c.org/ns/1.0"/> jaar 1745, niettegenstaande den toevoer van de overwalsche vaste cust, seggen de ministers,<lb xmlns="http://www.tei-c.org/ns/1.0"/> nogal sterk voortgeset werd.<lb xmlns="http://www.tei-c.org/ns/1.0"/>
            </p><note xml:id="INT_d51d01c1-3fa3-332c-ae74-a157949e9384.TEI.1.text.1.body.1.div.1.div.2.note.4" xml:lang="nl" place="inline" type="editorial-summary" resp="editor" rend="font-style: italic; line-height: 14.4pt; text-indent: 31.0pt; text-align: justify; font-size: 11" xmlns="http://www.tei-c.org/ns/1.0">(Batavia had de Domburg en de Vijvervreugd bestemd om via Ceylon naar Nederland<lb/> terug te keren. De Domburg is op 28 augustus 1 745 met rijst vertrokken evenals de<lb/> Ruyven op 2 mei met 200 last rijst. De Vijvervreugd is in de nacht van 20 op 21 augustus op<lb/> de rede van Batavia ontploft. Ter vervanging is de Schellag in orde gemaakt en op 21 september<lb/> met 600 last rijst uitgevaren. Door het gebrek aan volk en goede schepen heeft men<lb/> van het sturen van een derde retourschip moeten afzien dog tot dies employ is onder eenige<lb/> bepalingen permissie gegeven aan de ministers <hi rend="font-size:11.5; font-family:Liberation Serif" xml:lang="nl">!</hi><lb/></note><p xml:id="INT_d51d01c1-3fa3-332c-ae74-a157949e9384.TEI.1.text.1.body.1.div.1.div.2.p.4" xml:lang="nl" rend="font-size: 9.5; font-variant: small-caps; text-align: justify; line-height: 14.4pt" xmlns="http://www.tei-c.org/ns/1.0">Malabar<lb/></p><note xml:id="INT_d51d01c1-3fa3-332c-ae74-a157949e9384.TEI.1.text.1.body.1.div.1.div.2.note.5" xml:lang="nl" place="inline" type="editorial-summary" resp="editor" rend="font-style: italic; line-height: 14.4pt; text-indent: 31.0pt; text-align: justify; font-size: 11" xmlns="http://www.tei-c.org/ns/1.0">Malabar heeft weinig peper aan Ceylon geleverd. Het restant te Galle bedraagt slechts<lb/> 1.000.000 Ib ofwel de helft van de vastgestelde voorraad van twee jaar voor de retourschepen.<lb/> Batavia heeft zelf ook weinig peper in voorraad omdat men veel naar Nederland heeft<lb/> gestuurd, veel in China heeft afgezet en weinig aanvoer uit Palembang ontvangen heeft. Malabar<lb/> heeft maatregelen getroffen om de voorraad op Ceylon te laten groeien. Totdat de<lb/> voorraad op 2. 000. 000 Ib ligt zal geen peper verkocht worden aan de Bombarras. Tevens zal<lb/> men proberen een overeenkomst te sluiten voorde inkoop en de Engelsen, kooplieden en leveranciers<lb/> opwekken meer te leveren. Ook zijn maatregelen genomen omtrent de vrede met<lb/> Travancore, de vorst van Cochin, de vrije vaart op Malabar en de klachten uit Goa. De lasten<lb/> zijn in 1 743/44 gedaald met f 142. 724, de winsten met f 23.550. Het tekort is afgeno-<lb/></note><fw xml:id="INT_d51d01c1-3fa3-332c-ae74-a157949e9384.TEI.1.text.1.body.1.div.1.div.2.fw.1" type="bottom-page-number">220</fw><pb xml:id="INT_d51d01c1-3fa3-332c-ae74-a157949e9384.TEI.1.text.1.body.1.div.1.div.2.pb.1" n="221" facs="http://resources.huygens.knaw.nl/retroapp/service_generalemissiven/gm_11/images/generale_missiven_gs232_221.tif"/><fw xml:id="INT_d51d01c1-3fa3-332c-ae74-a157949e9384.TEI.1.text.1.body.1.div.1.div.2.fw.2" place="top" type="head" facs="#zone.4800717" xmlns="http://www.tei-c.org/ns/1.0">Van Imhoff XI 20 oktober 1 745</fw><note xml:id="INT_d51d01c1-3fa3-332c-ae74-a157949e9384.TEI.1.text.1.body.1.div.1.div.2.note.6" xml:lang="nl" place="inline" type="editorial-summary" resp="editor" rend="font-size: 11; font-style: italic; text-align: justify; line-height: 14.4pt" xmlns="http://www.tei-c.org/ns/1.0">men met <hi rend="font-size:5; font-family:Liberation Serif" xml:lang="nl">ƒ</hi> 1 19.174 tot f 356.362. Batavia had Malabar willen helpen met twee a drie<lb/> scheepsladingen suiker en andere koopwaar, <hi rend="font-size:5; font-family:Liberation Serif" xml:lang="nl">;</hi> doch heeft het moeten laten bij de Ketel die<lb/> eind september via Ceylon naar Malabar is vertrokken met een lading t.w.v. f 102.218.<lb/></note><p xml:id="INT_d51d01c1-3fa3-332c-ae74-a157949e9384.TEI.1.text.1.body.1.div.1.div.2.p.5" xml:lang="nl" rend="font-size: 10.5; font-variant: small-caps; text-align: justify; line-height: 14.7pt" xmlns="http://www.tei-c.org/ns/1.0">Surat<lb/></p><note xml:id="INT_d51d01c1-3fa3-332c-ae74-a157949e9384.TEI.1.text.1.body.1.div.1.div.2.note.7" xml:lang="nl" place="inline" type="editorial-summary" resp="editor" rend="font-style: italic; line-height: 14.7pt; text-indent: 31.0pt; text-align: justify; font-size: 11" xmlns="http://www.tei-c.org/ns/1.0">Het gaat slecht met de handel in Surat. De Verwachting , die begin november 1 744 uit<lb/> China vertrokken was naar Surat, is waarschijnlijk verongelukt en de Huigen waard heeft op<lb/> Ceylon overwinterd Surat heeft dringend verzocht koopwaar en contanten te sturen. Naast<lb/> de Wickenburg die in gezelschap van de Ketel met een lading t.w.v. f 253.265, waaronder<lb/> f 150.000 aan contanten, vertrokken is, zal Batavia daarom ook nog de Hartenlust sturen.<lb/> De boeken over 1 743/44 zijn nog niet in Batavia aangekomen.<lb/></note><p xml:id="INT_d51d01c1-3fa3-332c-ae74-a157949e9384.TEI.1.text.1.body.1.div.1.div.2.p.6" xml:lang="nl" rend="font-size: 10.5; font-variant: small-caps; text-align: justify; line-height: 14.4pt" xmlns="http://www.tei-c.org/ns/1.0">Perzie<lb/></p><note xml:id="INT_d51d01c1-3fa3-332c-ae74-a157949e9384.TEI.1.text.1.body.1.div.1.div.2.note.8" xml:lang="nl" place="inline" type="editorial-summary" resp="editor" rend="font-style: italic; line-height: 14.4pt; text-indent: 31.0pt; text-align: justify; font-size: 11" xmlns="http://www.tei-c.org/ns/1.0">De Horssen is uit Perzië teruggekeerd met een lading t. w. v. f 169.449. Het vertrek van<lb/> de 's Heer Arendskerke verwacht Batavia pas als de Oosterhout, op 22 september 1 744 uit<lb/> Malakka vertrokken, in Perzië is aangekomen. De toestand van het land is nog steeds verward<lb/> waardoor er weinig hoop op verbetering van de handel van de Compagnie is.<lb/></note><p xml:id="INT_d51d01c1-3fa3-332c-ae74-a157949e9384.TEI.1.text.1.body.1.div.1.div.2.p.7" xml:lang="nl" rend="font-size: 10.5; font-variant: small-caps; text-align: justify; line-height: 14.7pt" xmlns="http://www.tei-c.org/ns/1.0">Mokka<lb/></p><note xml:id="INT_d51d01c1-3fa3-332c-ae74-a157949e9384.TEI.1.text.1.body.1.div.1.div.2.note.9" xml:lang="nl" place="inline" type="editorial-summary" resp="editor" rend="font-style: italic; line-height: 14.7pt; text-indent: 31.0pt; text-align: justify; font-size: 11" xmlns="http://www.tei-c.org/ns/1.0">De Eendracht is met een lading t.w.v. f 72.466 van Batavia naar Coromandel vertrokken<lb/> om daar goederen voor Mokka in te nemen en vervolgens daarmee begin oktober<lb/> naar de Rode Zee te varen. Als supercargas zijn Jean Belleveau en Simon van Erp aan<lb/> boord.<lb/></note><p xml:id="INT_d51d01c1-3fa3-332c-ae74-a157949e9384.TEI.1.text.1.body.1.div.1.div.2.p.8" xml:lang="nl" rend="font-size: 10.5; font-variant: small-caps; text-align: justify; line-height: 14.4pt" xmlns="http://www.tei-c.org/ns/1.0">Java’s Oostkust<lb/></p><note xml:id="INT_d51d01c1-3fa3-332c-ae74-a157949e9384.TEI.1.text.1.body.1.div.1.div.2.note.10" xml:lang="nl" place="inline" type="editorial-summary" resp="editor" rend="font-style: italic; line-height: 14.4pt; text-indent: 31.0pt; text-align: justify; font-size: 11" xmlns="http://www.tei-c.org/ns/1.0">De rust is enigszins weergekeerd. De Madurezen zijn verdreven van Java naar Madura<lb/> na het innemen van Lasem, Gresik, Tuban en Sidaju.<lb/></note><p xml:id="INT_d51d01c1-3fa3-332c-ae74-a157949e9384.TEI.1.text.1.body.1.div.1.div.2.p.9" xml:lang="nl" rend="font-size: 10.5; font-variant: small-caps; text-align: justify; line-height: 14.4pt" xmlns="http://www.tei-c.org/ns/1.0">Batavia<lb/></p><note xml:id="INT_d51d01c1-3fa3-332c-ae74-a157949e9384.TEI.1.text.1.body.1.div.1.div.2.note.11" xml:lang="nl" place="inline" type="editorial-summary" resp="editor" rend="font-style: italic; line-height: 14.4pt; text-indent: 31.0pt; text-align: justify; font-size: 11" xmlns="http://www.tei-c.org/ns/1.0">Sinds de brief van 1 0 maart zijn gegevens over de retourschepen uit Bengalen en Ceylon<lb/> binnengekomen, waarna de waarde van de lading van de tussen 1 september 1 744 en 1<lb/> maart 1 745 vertrokken 24 retourschepen definitief kon worden berekend. De totale waarde<lb/> bedroeg f 6.284.156 zwaar geld Batavia is niet in staat na twee goede retourvloten ook dit<lb/> jaar een ' goed getal scheepen en goederen <hi rend="font-size:5; font-family:Liberation Serif" xml:lang="nl">’</hi> naar Nederland te sturen omdat men jarenlang te<lb/> weinig uit Nederland heeft ontvangen. De zeven schepen die als eerste vloot van 1 745 zijn<lb/> aangekomen, nl. de Eendracht, Zaamslag, Zuiderburg, Diemen, Spanderswoud, Anna en<lb/> Huis ter Duine waren nauwelijks toereikend om het tekort aan bemanningsleden op de in<lb/> totaal negen schepen naar Japan, China, Ceylon, Coromandel en Bengalen aan te vullen.<lb/> Vroeger had men bij de komst van de kermisvloot de schepen al zeilree en bemand, nog afgezien<lb/> van het feit dat er meer schepen aan de inter-Aziatische vaart deelnamen. Van de 32<lb/> schepen die Heren XVII hebben toegezegd is nog niet de helft en dan ook nog met weinig<lb/> mensen aangekomen. Batavia kan op het moment van schrijven slechts vier van de geplande<lb/> negen schepen naar Nederland sturen, afgezien van de twee schepen uit Ceylon, twee uit<lb/> Bengalen en twee uit China. Men hoopt het op te kunnen voeren tot 17 a 18 schepen. Blijft<lb/> een grote aanvoer van personeel uit dan vreest Batavia het ergste voor de Compagnie. Verwacht<lb/> worden nog van Amsterdam de Huis te Rensburg, Goidschalxoord, Scheijbeek,<lb/> Nieuws tad en Fortuin, van Zeeland acht schepen, van de kamers van de Maas twee en van<lb/> de kamers van het Noorderkwartier drie. Ook wat betreft de aan voer van goederen blijven<lb/> Heren XVII in gebreke. Surat heeft men slechts 1 Lp.v H ton baar zilver kunnen sturen. De<lb/></note><fw xml:id="INT_d51d01c1-3fa3-332c-ae74-a157949e9384.TEI.1.text.1.body.1.div.1.div.2.fw.3" type="bottom-page-number">221</fw><pb xml:id="INT_d51d01c1-3fa3-332c-ae74-a157949e9384.TEI.1.text.1.body.1.div.1.div.2.pb.2" n="222" facs="http://resources.huygens.knaw.nl/retroapp/service_generalemissiven/gm_11/images/generale_missiven_gs232_222.tif"/><fw xml:id="INT_d51d01c1-3fa3-332c-ae74-a157949e9384.TEI.1.text.1.body.1.div.1.div.2.fw.4" place="top" type="head" facs="#zone.4801978" xmlns="http://www.tei-c.org/ns/1.0">Van Imhoff XI 20 oktober 1745</fw><note xml:id="INT_d51d01c1-3fa3-332c-ae74-a157949e9384.TEI.1.text.1.body.1.div.1.div.2.note.12" xml:lang="nl" place="inline" type="editorial-summary" resp="editor" rend="font-size: 11; font-style: italic; text-align: justify; line-height: 14.4pt" xmlns="http://www.tei-c.org/ns/1.0">ducatons voor Bengalen heeft men moeten afsteken. Alleen door de verovering van het<lb/> schip uit Manilla door de Engelse oorlogsschepen heeft Batavia voldoende Spaanse realen<lb/> gekregen voor Palembang en Bantam. Er is een groot gebrek aan papier, <hi rend="font-size:11.5; font-family:Liberation Serif" xml:lang="nl">;</hi> pek , teer, <hi rend="font-size:11.5; font-family:Liberation Serif" xml:lang="nl">;</hi> olie <hi rend="font-size:11.5; font-family:Liberation Serif" xml:lang="nl">,</hi><lb/>scheepsbenodigdheden en huishoudelijke artikelen. Batavia heeft er begrip voordat de oorlog<lb/> in Europa het verkrijgen van bemanningsleden bemoeilijkt. Het voorbeeld van de Engelsen<lb/> laat echter zien dat het niet onmogelijk is. De Engelse compagnie heeft het loon van<lb/> matrozen verhoogd van 20 shilling of 1 1 gulden per maand in vredestijd naar 40 shilling nu<lb/> en beschikt daardoor over voldoende zeevarenden. Batavia dringt aan op het nemen van<lb/> dergelijke buitengewone maatregelen opdat de Compagnie geen onherstelbare schade<lb/> wordt toegebracht. Het antwoord op de brieven van Heren XVII van 5 september en 17 november<lb/> 1 744 volgt zo snel mogelijk. Op punt van vertrekken staan de Leiden , Hogersmilde<lb/> en Reigersdaal voor Amsterdam, en de Spander sw oud voor Zeeland. De Leiden is beladen<lb/> met specerijen en andere retourgoederen , de andere schepen zijn beladen met thee op<lb/> vracht. Verder is het plan dat eind oktober de Duinhof voor Amsterdam met thee op vracht ,<lb/> de Brouwer voor Hoorn en misschien de Huis te Persijn voor Enkhuizen zullen volgen , mits<lb/> men ze bemannen kan. De missive van 31 december 1 745 zal aan de Voorzichtigheid voor<lb/> Delft , misschien in gezelschap van een schip voor Zeeland, meegegeven worden. De tot commandeur<lb/> van de vloot benoemde Christoffel Blom is plotseling overleden, waarna men Jan<lb/> de Wit tot bevelhebber heeft benoemd. De bewapening van de schepen heeft Batavia aangepast.<lb/> De grote schepen hebben acht- en twaalfponders op het dek, de kleinere schepen een<lb/> gladde laag van achtponders op het dek. De waarde van de lading van de vier vertrekkende<lb/> schepen bedraagt <hi rend="font-size:11.5; font-family:Liberation Serif" xml:lang="nl">ƒ</hi> 1.01 7.088,)<lb/></note><p xml:id="INT_d51d01c1-3fa3-332c-ae74-a157949e9384.TEI.1.text.1.body.1.div.1.div.2.p.10" xml:lang="nl" rend="font-size: 11.5; text-align: justify; line-height: 14.4pt; margin-left: 3000" xmlns="http://www.tei-c.org/ns/1.0">- te weten:<lb/></p><p xml:id="INT_d51d01c1-3fa3-332c-ae74-a157949e9384.TEI.1.text.1.body.1.div.1.div.2.p.11" xml:lang="nl" rend="font-size: 11.5; line-height: 14.4pt; margin-right: 18200" xmlns="http://www.tei-c.org/ns/1.0">voor reekening der praesidiale kamer Amsterdam<lb/> ’t schip Leyden als,<lb/></p><p xml:id="INT_d51d01c1-3fa3-332c-ae74-a157949e9384.TEI.1.text.1.body.1.div.1.div.2.p.12" xml:lang="nl" rend="font-size: 11.5; text-align: justify; line-height: 14.4pt" xmlns="http://www.tei-c.org/ns/1.0">aan thee op vragt ƒ 58.516,16, -<lb/></p><p xml:id="INT_d51d01c1-3fa3-332c-ae74-a157949e9384.TEI.1.text.1.body.1.div.1.div.2.p.13" xml:lang="nl" rend="font-size: 11.5; text-align: justify; line-height: 14.4pt" xmlns="http://www.tei-c.org/ns/1.0">aan ’s E. Compagnies lading ƒ 249.034,1 6, -<lb/></p><p xml:id="INT_d51d01c1-3fa3-332c-ae74-a157949e9384.TEI.1.text.1.body.1.div.1.div.2.p.14" xml:lang="nl" rend="font-size: 11.5; line-height: 14.4pt; margin-left: 23300" xmlns="http://www.tei-c.org/ns/1.0">~~ ƒ 307.551,12, -<lb/></p><p xml:id="INT_d51d01c1-3fa3-332c-ae74-a157949e9384.TEI.1.text.1.body.1.div.1.div.2.p.15" xml:lang="nl" rend="font-size: 11.5; text-align: justify; line-height: 14.4pt" xmlns="http://www.tei-c.org/ns/1.0">Rijgersdaal, namentlijk<lb/></p><p xml:id="INT_d51d01c1-3fa3-332c-ae74-a157949e9384.TEI.1.text.1.body.1.div.1.div.2.p.16" xml:lang="nl" rend="font-size: 11.5; text-align: justify; line-height: 14.4pt" xmlns="http://www.tei-c.org/ns/1.0">aan thee 1 ƒ219.580,16, -<lb/></p><p xml:id="INT_d51d01c1-3fa3-332c-ae74-a157949e9384.TEI.1.text.1.body.1.div.1.div.2.p.17" xml:lang="nl" rend="font-size: 11.5; line-height: 14.4pt; margin-right: 19600" xmlns="http://www.tei-c.org/ns/1.0">aan porcelijn <hi rend="font-size:21; font-family:Liberation Serif" xml:lang="nl">j</hi> °Pvragt ƒ 8.112, — , —<lb/> aan ’s E. Compagnies lading ƒ 53.846, 9, -<lb/></p><p xml:id="INT_d51d01c1-3fa3-332c-ae74-a157949e9384.TEI.1.text.1.body.1.div.1.div.2.p.18" xml:lang="nl" rend="font-size: 11.5; line-height: 14.4pt; margin-left: 24300" xmlns="http://www.tei-c.org/ns/1.0">ƒ281.539, 5, -<lb/></p><p xml:id="INT_d51d01c1-3fa3-332c-ae74-a157949e9384.TEI.1.text.1.body.1.div.1.div.2.p.19" xml:lang="nl" rend="font-size: 11.5; text-align: justify; line-height: 14.7pt" xmlns="http://www.tei-c.org/ns/1.0">Hogersmilde, als<lb/></p><p xml:id="INT_d51d01c1-3fa3-332c-ae74-a157949e9384.TEI.1.text.1.body.1.div.1.div.2.p.20" xml:lang="nl" rend="font-size: 11.5; text-align: justify; line-height: 14.7pt" xmlns="http://www.tei-c.org/ns/1.0">aan thee op vragt ƒ 185,100, -, -<lb/></p><p xml:id="INT_d51d01c1-3fa3-332c-ae74-a157949e9384.TEI.1.text.1.body.1.div.1.div.2.p.21" xml:lang="nl" rend="font-size: 11.5; text-align: justify; line-height: 14.7pt" xmlns="http://www.tei-c.org/ns/1.0">aan ’s E. Compagnies lading <hi rend="font-size:11.5; font-family:Liberation Serif; text-decoration:underline" xml:lang="nl">ƒ 57.203,13, 8</hi><lb/></p><p xml:id="INT_d51d01c1-3fa3-332c-ae74-a157949e9384.TEI.1.text.1.body.1.div.1.div.2.p.22" xml:lang="nl" rend="font-size: 11.5; line-height: 14.7pt; margin-left: 24300" xmlns="http://www.tei-c.org/ns/1.0">ƒ242.303,13, 8<lb/></p><p xml:id="INT_d51d01c1-3fa3-332c-ae74-a157949e9384.TEI.1.text.1.body.1.div.1.div.2.p.23" xml:lang="nl" rend="font-size: 11.5; text-align: justify; line-height: 14.4pt" xmlns="http://www.tei-c.org/ns/1.0">voor Zeeland<lb/></p><p xml:id="INT_d51d01c1-3fa3-332c-ae74-a157949e9384.TEI.1.text.1.body.1.div.1.div.2.p.24" xml:lang="nl" rend="font-size: 11.5; text-align: justify; line-height: 14.4pt" xmlns="http://www.tei-c.org/ns/1.0">’t schip Spaanderswout,<lb/></p><p xml:id="INT_d51d01c1-3fa3-332c-ae74-a157949e9384.TEI.1.text.1.body.1.div.1.div.2.p.25" xml:lang="nl" rend="font-size: 11.5; text-align: justify; line-height: 14.4pt" xmlns="http://www.tei-c.org/ns/1.0">daarvan<lb/></p><p xml:id="INT_d51d01c1-3fa3-332c-ae74-a157949e9384.TEI.1.text.1.body.1.div.1.div.2.p.26" xml:lang="nl" rend="font-size: 11.5; text-align: justify; line-height: 14.4pt" xmlns="http://www.tei-c.org/ns/1.0">aan thee ƒ128.184<lb/></p><p xml:id="INT_d51d01c1-3fa3-332c-ae74-a157949e9384.TEI.1.text.1.body.1.div.1.div.2.p.27" xml:lang="nl" rend="font-size: 11.5; text-align: justify; line-height: 14.4pt" xmlns="http://www.tei-c.org/ns/1.0">aan porcelijn ƒ 2.700<lb/></p><p xml:id="INT_d51d01c1-3fa3-332c-ae74-a157949e9384.TEI.1.text.1.body.1.div.1.div.2.p.28" xml:lang="nl" rend="font-size: 11.5; text-align: justify; line-height: 14.4pt" xmlns="http://www.tei-c.org/ns/1.0">aan ’s E. Compagnies lading <hi rend="font-size:11.5; font-family:Liberation Serif; text-decoration:underline" xml:lang="nl">ƒ 54.809,12, 8</hi><lb/></p><p xml:id="INT_d51d01c1-3fa3-332c-ae74-a157949e9384.TEI.1.text.1.body.1.div.1.div.2.p.29" xml:lang="nl" rend="font-size: 11.5; text-align: justify; line-height: 12.7pt" xmlns="http://www.tei-c.org/ns/1.0">sommeert als boven<lb/></p><p xml:id="INT_d51d01c1-3fa3-332c-ae74-a157949e9384.TEI.1.text.1.body.1.div.1.div.2.p.30" xml:lang="nl" rend="font-size: 11.5; text-align: right; line-height: 12.7pt" xmlns="http://www.tei-c.org/ns/1.0">ƒ 831.394,10, 8<lb/></p><p xml:id="INT_d51d01c1-3fa3-332c-ae74-a157949e9384.TEI.1.text.1.body.1.div.1.div.2.p.31" xml:lang="nl" rend="font-size: 11.5; text-align: justify; line-height: 14.7pt" xmlns="http://www.tei-c.org/ns/1.0">ƒ 185.693,12, 8<lb/> ƒ 1.017.088, 3, -<lb/></p><fw xml:id="INT_d51d01c1-3fa3-332c-ae74-a157949e9384.TEI.1.text.1.body.1.div.1.div.2.fw.5" type="bottom-page-number">222</fw><pb xml:id="INT_d51d01c1-3fa3-332c-ae74-a157949e9384.TEI.1.text.1.body.1.div.1.div.2.pb.3" n="223" facs="http://resources.huygens.knaw.nl/retroapp/service_generalemissiven/gm_11/images/generale_missiven_gs232_223.tif"/><fw xml:id="INT_d51d01c1-3fa3-332c-ae74-a157949e9384.TEI.1.text.1.body.1.div.1.div.2.fw.6" place="top" type="head" facs="#zone.4803660" xmlns="http://www.tei-c.org/ns/1.0">Van Imhoff XI 20 oktober 1745</fw><note xml:id="INT_d51d01c1-3fa3-332c-ae74-a157949e9384.TEI.1.text.1.body.1.div.1.div.2.note.13" xml:lang="nl" place="inline" type="editorial-summary" resp="editor" rend="font-style: italic; line-height: 14.4pt; text-indent: 30.0pt; text-align: justify; font-size: 11" xmlns="http://www.tei-c.org/ns/1.0">(Op wisselbrieven wordt f 386.850 overgemaakt <hi rend="font-size:6.5; font-family:Liberation Serif; font-weight:bold" xml:lang="nl">,</hi> o.a. f28.800 door de burger<lb/> Christiaan Ignatius Legou; f 33.600 door de burger Anthony Westhoven; f 24.000 door<lb/> de onderkoopman Adriaan Canter Visser; f 132.922 door de baljuw Hendrik Jacob van<lb/> Suchtelen en de tweede administrateur van de pakhuizen op Onrust en Kuiper Dithard van<lb/> Rheede als executeurs van de nalatenschap van Maria Braams <hi rend="font-size:6.5; font-family:Liberation Serif; font-weight:bold" xml:lang="nl">,</hi> weduwe van de gouverneur<lb/> van Banda <hi rend="font-size:6.5; font-family:Liberation Serif; font-weight:bold" xml:lang="nl">,</hi> Philip David van Uchelen, aan de Amsterdamse kooplieden Everhard Brouwer<lb/> en Daniël Armenault. Het geringe aantal schepen dat naar Nederland terugkeert heeft Batavia<lb/> gedwongen het aantal geoorloofde kistjes te verlagen van 500 naar 360. Ondanks het<lb/> plaatsen van een extra kist met 20 kleine kistjes op elk van de negen schepen heeft men een<lb/> aantal verzoeken moeten afwijzen. Toestemming wordt gevraagd voortaan twee kisten per<lb/> schip te mogen sturen omdat)<lb/></note><p xml:id="INT_d51d01c1-3fa3-332c-ae74-a157949e9384.TEI.1.text.1.body.1.div.1.div.2.p.32" resp="int_paragraph_joining" rend="">
              - het toestaan van deselve eene gerieflijkheyt voor de dienaren en ingesetenen<lb xmlns="http://www.tei-c.org/ns/1.0"/>is die thans so wij geloven niet dan tot onderhouding van vriendschap en correspondentie<lb xmlns="http://www.tei-c.org/ns/1.0"/> met haare naastbestaande en goede vrienden in Nederland strekt.<lb xmlns="http://www.tei-c.org/ns/1.0"/><fw xml:id="INT_d51d01c1-3fa3-332c-ae74-a157949e9384.TEI.1.text.1.body.1.div.1.div.2.p.32.fw.1" type="bottom-page-number">223</fw>
            
      
            </p></div></div>
                  </body>
                </text>
              </TEI>