<TEI xml:id="INT_425f56eb-e08b-3b26-a31b-e47b3911a96a" xmlns="http://www.tei-c.org/ns/1.0">
                <teiHeader>
      <fileDesc>
        <titleStmt>
          <title>Camphuys, Hurdt, Van Outhoorn, Van Goens, Pit, Van Quaelbergh, Van Hoorn, De Saint-Martin en Slicher, 8 januari 1686</title>
        </titleStmt>
        <publicationStmt>
          <p>
            <date>8 januari 1686</date>
            <idno type="sourceID">missiven:vol5</idno>
            <idno type="pid">INT_425f56eb-e08b-3b26-a31b-e47b3911a96a</idno>
          </p>
        </publicationStmt>
        <notesStmt>
          <note/>
        </notesStmt>
        <sourceDesc>
          <listBibl xml:id="inlMetadata">
            <bibl type="missive">
        <interpGrp type="page"><interp>1</interp></interpGrp>
        
      <interpGrp type="titleLevel1"><interp>Camphuys, Hurdt, Van Outhoorn, Van Goens, Pit, Van Quaelbergh, Van Hoorn, De Saint-Martin en Slicher, 8 januari 1686</interp></interpGrp>
      <interpGrp type="dateLevel1"><interp>8 januari 1686</interp></interpGrp>
        <interpGrp type="tocLevel"><interp>1</interp></interpGrp>
      <interpGrp type="volume"><interp>5</interp></interpGrp>
        <interpGrp type="n"><interp>IX</interp></interpGrp>
      
      <interpGrp type="witnessYearLevel1_from"><interp>1686</interp></interpGrp>
      <interpGrp type="witnessYearLevel1_to"><interp>1686</interp></interpGrp>
      <interpGrp type="witnessMonthLevel1_to"><interp>1</interp></interpGrp>
      <interpGrp type="witnessMonthLevel1_from"><interp>1</interp></interpGrp>
      <interpGrp type="witnessDayLevel1_to"><interp>8</interp></interpGrp>
      <interpGrp type="witnessDayLevel1_from"><interp>8</interp></interpGrp>
      <interpGrp type="authorLevel1"><interp>Camphuys</interp><interp>Hurdt</interp><interp>Van Outhoorn</interp><interp>Van Goens</interp><interp>Pit</interp><interp>Van Quaelbergh</interp><interp>Van Hoorn</interp><interp>De Saint-Martin</interp><interp>Slicher</interp></interpGrp>
      <interpGrp type="pid"><interp>INT_425f56eb-e08b-3b26-a31b-e47b3911a96a</interp></interpGrp>
    </bibl>
          </listBibl>
        </sourceDesc>
      </fileDesc>
    </teiHeader>
                <text xml:id="INT_425f56eb-e08b-3b26-a31b-e47b3911a96a.TEI.1.text.1">
                  <body xml:id="INT_425f56eb-e08b-3b26-a31b-e47b3911a96a.TEI.1.text.1.body.1">
                    <div xml:id="INT_425f56eb-e08b-3b26-a31b-e47b3911a96a.TEI.1.text.1.body.1.div.1">
        
              <pb xml:id="INT_425f56eb-e08b-3b26-a31b-e47b3911a96a.TEI.1.text.1.body.1.div.1.pb.1" n="1" facs="http://resources.huygens.knaw.nl/retroapp/service_generalemissiven/gm_05/images/gm_5_150_0001.tif"/><head xml:id="INT_425f56eb-e08b-3b26-a31b-e47b3911a96a.TEI.1.text.1.body.1.div.1.head.1" xml:lang="nl" rend="font-size: 10; text-align: justify; line-height: 11.7pt" xmlns="http://www.tei-c.org/ns/1.0">IX. JOANNES CAMPHUYS, ANTHONIO HURDT, WILLEM VAN OUTHOORN,<lb/> RIJCKLOFF VAN GOENS, MARTEN PIT, CORNELIS VAN<lb/> QUAELBERGH, JOAN VAN HOORN, ISAAC DE SAINT-MARTIN EN<lb/> THOMAS SLICHER, BATAVIA 8 januari 1686.<lb/></head><p xml:id="INT_425f56eb-e08b-3b26-a31b-e47b3911a96a.TEI.1.text.1.body.1.div.1.p.1" xml:lang="nl" rend="font-size: 8.5; text-align: justify; line-height: 9.4pt" xmlns="http://www.tei-c.org/ns/1.0">Kol.Arch. 1297, fol. 298-336.<lb/></p><note xml:id="INT_425f56eb-e08b-3b26-a31b-e47b3911a96a.TEI.1.text.1.body.1.div.1.note.1" xml:lang="nl" place="inline" type="editorial-summary" resp="editor" rend="font-style: italic; line-height: 11.7pt; text-indent: 21.0pt; text-align: justify; font-size: 9" xmlns="http://www.tei-c.org/ns/1.0">( De retourschepen vertrokken 4 dec. en wachtten voor Bantam de komst van den<lb/> commandeur en de brieven af, ze kwamen pas 1 jan. buiten Straat Sunda; het cargasoen<lb/> is f. 640. <hi rend="font-size:10; font-family:Liberation Serif" xml:lang="nl">—</hi> meer dan ivas opgegeven; de herstelde Grote Visserij vertrekt nu naar de<lb/> Kamer Enkhuizen; uit patria kwamen 24 dec. het Land van Schouwen ( Amsterdam )<lb/> en Prins Willem Hendrick (Middelburg), 30 dec. de Moercapelle (Rotterdam) en<lb/> 1 jan. de Waalstroom ( Amsterdam); brieven uit de periode 6 april tot 13 mei uit patria<lb/> ontvangen; de Salida kwam 14 dec. van de kust van China mei carg. van f. 158799, vnl.<lb/> zijde, en brieven van 15 oct. tot 15 nov.; Paets moet op toestemming tot opreizen uit<lb/> Peking wachten ) .<lb/></note><p xml:id="INT_425f56eb-e08b-3b26-a31b-e47b3911a96a.TEI.1.text.1.body.1.div.1.p.2" xml:lang="nl" rend="font-size: 10; text-align: justify; line-height: 11.4pt; text-indent: 21.0pt" xmlns="http://www.tei-c.org/ns/1.0">Konnende wij daeruyt niet anders bespeuren, off wij hebben nog gelijck te<lb/> vooren en altoos te doen gehad met loose Chinesen en dat den e. Paets nu al<lb/> evengelijcke moeyelijckheden ontmoeten, als den heer Van Hoorn z.r in den jaere<lb/> 1666 zijn voorgecomen.<lb/></p><note xml:id="INT_425f56eb-e08b-3b26-a31b-e47b3911a96a.TEI.1.text.1.body.1.div.1.note.2" xml:lang="nl" place="inline" type="editorial-summary" resp="editor" rend="font-style: italic; line-height: 11.1pt; text-indent: 21.0pt; text-align: justify; font-size: 9" xmlns="http://www.tei-c.org/ns/1.0">(De Hoge Regering verwacht niet, <hi rend="font-size:10; font-family:Liberation Serif" xml:lang="nl">-</hi> )<lb/></note><p xml:id="INT_425f56eb-e08b-3b26-a31b-e47b3911a96a.TEI.1.text.1.body.1.div.1.p.3" resp="int_paragraph_joining" rend="">
              - dat den lang getragten vrijen handel zoo griff zal willen volgen en<lb xmlns="http://www.tei-c.org/ns/1.0"/>off het niet, bijaldien wij eenigsints met een vaste negotie int rijck van China<lb xmlns="http://www.tei-c.org/ns/1.0"/> connen continueren, altijt zal moeten zijn en blijven een veelmael herhaelde<lb xmlns="http://www.tei-c.org/ns/1.0"/> monopoliehandel en dat nog wel best en sekerst met de factoren der regenten, want<lb xmlns="http://www.tei-c.org/ns/1.0"/> het nog veel ongemackelijcker zoude vallen onse goederen van en aen haer gemene<lb xmlns="http://www.tei-c.org/ns/1.0"/> lieden te coopen en te vercoopen en dat door de menigvuldige quellingen der veele<lb xmlns="http://www.tei-c.org/ns/1.0"/> thollenaren, fiscaels en al sulcken soort, die alomme in China van grooten getalle<lb xmlns="http://www.tei-c.org/ns/1.0"/> zijn.<lb xmlns="http://www.tei-c.org/ns/1.0"/>
            </p><note xml:id="INT_425f56eb-e08b-3b26-a31b-e47b3911a96a.TEI.1.text.1.body.1.div.1.note.3" xml:lang="nl" place="inline" type="editorial-summary" resp="editor" rend="font-style: italic; line-height: 11.7pt; text-indent: 21.0pt; text-align: justify; font-size: 9" xmlns="http://www.tei-c.org/ns/1.0">(Volgt <hi rend="font-size:10; font-family:Liberation Serif" xml:lang="nl">Beschrijvinge</hi> II, I, p. 761 midden tot r. 3 v.o., vgl. voor de belevenissen<lb/> van Paets <hi rend="font-size:10; font-family:Liberation Serif" xml:lang="nl">Gezantschap,</hi> p. 42-50; volgt voor Leeuwenson <hi rend="font-size:10; font-family:Liberation Serif" xml:lang="nl">Beschrijvinge</hi> II, I, p. 761<lb/> r. 3 v.o. - p. 764 r. 4; het Engelse scheepje de Liefde had te Amoy 40 a 48000 gld.<lb/> onkosten en vertrok 30 dec. 1684 naar Suratte; andere scheepjes hébben <hi rend="font-size:10; font-family:Liberation Serif" xml:lang="nl">-</hi> )<lb/></note><p xml:id="INT_425f56eb-e08b-3b26-a31b-e47b3911a96a.TEI.1.text.1.body.1.div.1.p.4" resp="int_paragraph_joining" rend="">
              - van Aymuy niet mogen met hun voeren haer gewesen Engels opper-<lb xmlns="http://www.tei-c.org/ns/1.0"/>hooft in Tayoan m.r Woulhous, zulx denselven nevens eene m.r Salomon Leyd,<lb xmlns="http://www.tei-c.org/ns/1.0"/> die nog nader uyt Tayoan met haer weynige oude restanten daer mede verschenen<lb xmlns="http://www.tei-c.org/ns/1.0"/> was, naderhant eerst op vrije voeten gestelt en met ons jagt Sillida gelargeert en<lb xmlns="http://www.tei-c.org/ns/1.0"/> daermet van Aymuy vertrocken waren, totdat se in de Maccause Eylanden sonder<lb xmlns="http://www.tei-c.org/ns/1.0"/> eenige belastingen bij hunne natie zijn overgegaen.<lb xmlns="http://www.tei-c.org/ns/1.0"/><fw xml:id="INT_425f56eb-e08b-3b26-a31b-e47b3911a96a.TEI.1.text.1.body.1.div.1.p.4.fw.1" type="bottom-page-number">1</fw><pb xml:id="INT_425f56eb-e08b-3b26-a31b-e47b3911a96a.TEI.1.text.1.body.1.div.1.p.4.pb.1" n="2" facs="http://resources.huygens.knaw.nl/retroapp/service_generalemissiven/gm_05/images/gm_5_150_0002.tif"/><fw xml:id="INT_425f56eb-e08b-3b26-a31b-e47b3911a96a.TEI.1.text.1.body.1.div.1.p.4.fw.2" place="top" type="page-number" facs="#zone.696450" xmlns="http://www.tei-c.org/ns/1.0">2</fw><fw xml:id="INT_425f56eb-e08b-3b26-a31b-e47b3911a96a.TEI.1.text.1.body.1.div.1.p.4.fw.3" place="top" type="head" facs="#zone.696454" xmlns="http://www.tei-c.org/ns/1.0">Camphuys, Hurdt, Van Outhoom, Van Goens, Pit, enz. IX, 8 januari 1686</fw>
            </p><note xml:id="INT_425f56eb-e08b-3b26-a31b-e47b3911a96a.TEI.1.text.1.body.1.div.1.note.4" xml:lang="nl" place="inline" type="editorial-summary" resp="editor" rend="font-style: italic; line-height: 10.5pt; text-indent: 22.0pt; text-align: justify; font-size: 9.5" xmlns="http://www.tei-c.org/ns/1.0">( Leeuwenson trof een schip van hun Compagnie aan <hi rend="font-size:9.5; font-family:Liberation Serif; font-weight:bold" xml:lang="nl">-</hi> )<lb/></note><p xml:id="INT_425f56eb-e08b-3b26-a31b-e47b3911a96a.TEI.1.text.1.body.1.div.1.p.5" resp="int_paragraph_joining" rend="">
              - om eenige comptoiren te stabileren, hebbende tot dien eynde een<lb xmlns="http://www.tei-c.org/ns/1.0"/>nader preuve met hun vroeger verschijninge noordwaerts op in de provintie van<lb xmlns="http://www.tei-c.org/ns/1.0"/> Chetchian onderstaen, maer nae vrugteloose ondervindingen hun weder beneden<lb xmlns="http://www.tei-c.org/ns/1.0"/> nae Aymuy begeven, alwaer se uj^t cragt van haer voorige conversatie en communicatie<lb xmlns="http://www.tei-c.org/ns/1.0"/> als hun gewese residentie in Tayoan onder die gesubmitteerde Coxinders<lb xmlns="http://www.tei-c.org/ns/1.0"/> nog wel best bekent zijn.<lb xmlns="http://www.tei-c.org/ns/1.0"/>
            </p><note xml:id="INT_425f56eb-e08b-3b26-a31b-e47b3911a96a.TEI.1.text.1.body.1.div.1.note.5" xml:lang="nl" place="inline" type="editorial-summary" resp="editor" rend="font-style: italic; line-height: 11.7pt; text-indent: 22.0pt; text-align: justify; font-size: 9.5" xmlns="http://www.tei-c.org/ns/1.0">(Voor Amoy liggen ook de China- Merchant en de „Try petton” van den president<lb/> van Madras ; een jacht van particulieren en Phaulkon was bij de Macause eilanden<lb/> geweest ; de Eng eisen worden nog meer dan de Nederlanders met „ Chinese stoet -<lb/> maximes ” geplaagd en moeten hun waren goedkoop af staan, zij verkopen veel wollen<lb/> stoffen en kopen met realen in; men hoopt nader te vernemen <hi rend="font-size:9.5; font-family:Liberation Serif; font-weight:bold" xml:lang="nl">, -</hi> )<lb/></note><p xml:id="INT_425f56eb-e08b-3b26-a31b-e47b3911a96a.TEI.1.text.1.body.1.div.1.p.6" resp="int_paragraph_joining" rend="">
              - wat de affgecome Portugese padres uyt Peckin, daeronder een Italiaen<lb xmlns="http://www.tei-c.org/ns/1.0"/>Philippus Grimaldy <hi rend="font-size:10; font-family:Liberation Serif; vertical-align:super" xml:lang="nl" xmlns="http://www.tei-c.org/ns/1.0">1</hi> met den naem van taj^sing <hi rend="font-size:10; font-family:Liberation Serif; vertical-align:super" xml:lang="nl" xmlns="http://www.tei-c.org/ns/1.0">2)</hi> off keyserlijcke commissaris<lb xmlns="http://www.tei-c.org/ns/1.0"/> zoude vereert wesen, hun verrigten voor de stad Maccauw, wat het anders sal<lb xmlns="http://www.tei-c.org/ns/1.0"/> wesen, hebbende dien pastoor den e. Leeuwen9on in de Cantonse Ey landen aen<lb xmlns="http://www.tei-c.org/ns/1.0"/> der onsen boort wesen besoecken en veel vant presente groot credit der Roomsche<lb xmlns="http://www.tei-c.org/ns/1.0"/> geestelijckheyt door de mathematique en astrenomie etc.a bij den Tartarischen<lb xmlns="http://www.tei-c.org/ns/1.0"/> Keyser in Peckin geswetst, gelijck oock van gelijcken 2 andere Jesuïten, een<lb xmlns="http://www.tei-c.org/ns/1.0"/> Fransman en Spangiaert, omtrent den h.r ambassadeur Paets in Hoccieuw gedaen<lb xmlns="http://www.tei-c.org/ns/1.0"/> hebben, twelck altoos van hun gewoonte is, maer hun gedoente voor ons gantsch<lb xmlns="http://www.tei-c.org/ns/1.0"/> niet ten goeden te dencken.<lb xmlns="http://www.tei-c.org/ns/1.0"/>
            </p><note xml:id="INT_425f56eb-e08b-3b26-a31b-e47b3911a96a.TEI.1.text.1.body.1.div.1.note.6" xml:lang="nl" place="inline" type="editorial-summary" resp="editor" rend="font-style: italic; line-height: 12.0pt; text-indent: 22.0pt; text-align: justify; font-size: 9.5" xmlns="http://www.tei-c.org/ns/1.0">(Paets zal hierover wel meer te weten komen; bij Maeao waren 12 Portugese<lb/> scheepjes, waarvan waren bestemd: )<lb/></note><p xml:id="INT_425f56eb-e08b-3b26-a31b-e47b3911a96a.TEI.1.text.1.body.1.div.1.p.7" xml:lang="nl" rend="font-size: 10; text-align: justify; line-height: 11.7pt; text-indent: 22.0pt" xmlns="http://www.tei-c.org/ns/1.0">3 naar Goa, 1 nae Portonovo, 1 nae Siam, 2 nae Timor, 1 nae Cochin-China,<lb/> 1 nae Banjermassing ende 1 nae Batavia.<lb/></p><note xml:id="INT_425f56eb-e08b-3b26-a31b-e47b3911a96a.TEI.1.text.1.body.1.div.1.note.7" xml:lang="nl" place="inline" type="editorial-summary" resp="editor" rend="font-style: italic; line-height: 10.5pt; text-indent: 22.0pt; text-align: justify; font-size: 9.5" xmlns="http://www.tei-c.org/ns/1.0">( Het laatste kwam 31 dec. aan met een lading van <hi rend="font-size:9.5; font-family:Liberation Serif; font-weight:bold" xml:lang="nl">-</hi> )<lb/></note><p xml:id="INT_425f56eb-e08b-3b26-a31b-e47b3911a96a.TEI.1.text.1.body.1.div.1.p.8" resp="int_paragraph_joining" rend="">
              - allerhande fijne en grove porceleynen, Chinese taback, ijsere pannen,<lb xmlns="http://www.tei-c.org/ns/1.0"/>thee, alluyn, copere beckens, Chinees papier, Chinese medicijnen, radix China,<lb xmlns="http://www.tei-c.org/ns/1.0"/> annijs, quitasollen, gele verwe, confituren en weynige getwernde zijde, d.08 stoffen,<lb xmlns="http://www.tei-c.org/ns/1.0"/> goutdraet, Chinees garen, etc.<lb xmlns="http://www.tei-c.org/ns/1.0"/>
            </p><note xml:id="INT_425f56eb-e08b-3b26-a31b-e47b3911a96a.TEI.1.text.1.body.1.div.1.note.8" xml:lang="nl" place="inline" type="editorial-summary" resp="editor" rend="font-style: italic; line-height: 11.7pt; text-indent: 22.0pt; text-align: justify; font-size: 9.5" xmlns="http://www.tei-c.org/ns/1.0">( Drie Cies. schepen uit Japan kwamen 12 nov. voor Malakka; in Timor stierf<lb/> het opperhoofd Van den Steden, Qerrit Hooft vervangt hem; de Blauwe Hulk kwam<lb/> 27 dec. uit Perzië met berichten van medio juli; in Gamron liggen voor <hi rend="font-size:9.5; font-family:Liberation Serif; font-weight:bold" xml:lang="nl">/.</hi> 723342 waren<lb/> voor verkoop van de Cie.; voor <hi rend="font-size:9.5; font-family:Liberation Serif; font-weight:bold" xml:lang="nl">/.</hi> 51000 aan muntstukken is van daar naar Ceylon<lb/></note><note xml:id="INT_425f56eb-e08b-3b26-a31b-e47b3911a96a.TEI.1.text.1.body.1.div.1.note.9" xml:lang="nl" rend="font-size: 8; line-height: 9.9pt; text-indent: 22.0pt" xmlns="http://www.tei-c.org/ns/1.0">1) Philippus Grimaldi S. J. ging in 1686 naar Europa als vertegenwoordiger van zijn<lb/> orde en als Keizerlijk commissaris.<lb/></note><note xml:id="INT_425f56eb-e08b-3b26-a31b-e47b3911a96a.TEI.1.text.1.body.1.div.1.note.10" xml:lang="nl" rend="font-size: 8; text-align: justify; line-height: 9.9pt; margin-left: 2200" xmlns="http://www.tei-c.org/ns/1.0">2) Ta-ch’en is een onderdeel van de titel ch’in-ch’ai ta-ch’en.<lb/></note><pb xml:id="INT_425f56eb-e08b-3b26-a31b-e47b3911a96a.TEI.1.text.1.body.1.div.1.pb.2" n="3" facs="http://resources.huygens.knaw.nl/retroapp/service_generalemissiven/gm_05/images/gm_5_150_0003.tif"/><fw xml:id="INT_425f56eb-e08b-3b26-a31b-e47b3911a96a.TEI.1.text.1.body.1.div.1.fw.1" place="top" type="head" facs="#zone.969282" xmlns="http://www.tei-c.org/ns/1.0">Camphuys, Hurdt, Van Outhoom, Van Goens, Pit, enz. IX, 8 januari 1686</fw><fw xml:id="INT_425f56eb-e08b-3b26-a31b-e47b3911a96a.TEI.1.text.1.body.1.div.1.fw.2" place="top" type="page-number" facs="#zone.969297" xmlns="http://www.tei-c.org/ns/1.0">3</fw><note xml:id="INT_425f56eb-e08b-3b26-a31b-e47b3911a96a.TEI.1.text.1.body.1.div.1.note.11" xml:lang="nl" place="inline" type="editorial-summary" resp="editor" rend="font-size: 9; font-style: italic; text-align: justify; line-height: 11.7pt" xmlns="http://www.tei-c.org/ns/1.0">gezonden; te Bandar Kong zal voor 200000 tot 400000 gld. aan parels opgekocht<lb/> voorden , wal beter is dan slechte munten te aanvaarden; de Engelsen profiteerden van<lb/> onze bezetting van Gamron ; protesten van de Engelsen tegen het beletten van het varen<lb/> van Perzische boten naar hun schepen).<lb/></note><p xml:id="INT_425f56eb-e08b-3b26-a31b-e47b3911a96a.TEI.1.text.1.body.1.div.1.p.9" xml:lang="nl" rend="font-size: 10; text-align: justify; line-height: 12.0pt; text-indent: 22.0pt" xmlns="http://www.tei-c.org/ns/1.0">Sustineerden, dat het contract de marine1), tusschen haer en onse staet<lb/> gemaeckt, wierd verbroocken, dat de onse met een contraprotest weer hebben<lb/> beantwoort.<lb/></p><p xml:id="INT_425f56eb-e08b-3b26-a31b-e47b3911a96a.TEI.1.text.1.body.1.div.1.p.10" xml:lang="nl" rend="font-size: 10; text-align: justify; line-height: 11.4pt; text-indent: 22.0pt" xmlns="http://www.tei-c.org/ns/1.0">Rapport van de oppercooplieden Ackersdijck <hi rend="font-size:10; font-family:Liberation Serif; vertical-align:super" xml:lang="nl">2)</hi> en Lycoghton <hi rend="font-size:10; font-family:Liberation Serif; vertical-align:super" xml:lang="nl">3)</hi> wegens hun<lb/> wedervaeren bij de drie Portugese welgemonteerde fregats onder den admirael<lb/> don Rodrigo ter rheede van Congo, die niet alleen op hun versoek van met de<lb/> questie tusschen de onse en den Persiaender niet te willen bemoeyen gethoont<lb/> heeft daertoe overbodigh te wesen, maer daerenboven zijn volck en scheepen<lb/> tonsen dienst tegen deselve oock heeft aengeboden, dat met een compliment is<lb/> geëxcuseert geworden.<lb/></p><note xml:id="INT_425f56eb-e08b-3b26-a31b-e47b3911a96a.TEI.1.text.1.body.1.div.1.note.12" xml:lang="nl" place="inline" type="editorial-summary" resp="editor" rend="font-style: italic; line-height: 11.7pt; text-indent: 22.0pt; text-align: justify; font-size: 9" xmlns="http://www.tei-c.org/ns/1.0">(6 brieven uit Ceylon ontvangen uit de periode 25 od. tot 27 nov., waaronder twee<lb/> van Van Reede; klachten over het slechte scheepsvolk op de beide retourschepen , die uit<lb/> Colombo zullen vertrekken , toelichting hierop; de Purmer en de Adrichem kwamen<lb/> 13 od. te Colombo uit Patria zonder personeel voor Ceylon, Van Reede kwam met de<lb/> Purmer aan, die 8 nov. met Pijl naar Qale en 16 nov. alleen naar Bengalen doorreisde).<lb/></note><p xml:id="INT_425f56eb-e08b-3b26-a31b-e47b3911a96a.TEI.1.text.1.body.1.div.1.p.11" xml:lang="nl" rend="font-size: 10; text-align: justify; line-height: 11.7pt; text-indent: 22.0pt" xmlns="http://www.tei-c.org/ns/1.0">Zijn Ed.1 had oock op 25.e october een brieff aen Ragia Singa geschreven en<lb/> die met meerder statie, als bevoorens de gewoonte was, doen uytgeleyden, van<lb/> gevoelen zijnde, datter niet meer in te doen soude wesen, ingevalle dien Vorst nu<lb/> nogh in zijn swijgen bleeff continueren.<lb/></p><note xml:id="INT_425f56eb-e08b-3b26-a31b-e47b3911a96a.TEI.1.text.1.body.1.div.1.note.13" xml:lang="nl" place="inline" type="editorial-summary" resp="editor" rend="font-style: italic; line-height: 10.0pt; text-indent: 22.0pt; text-align: justify; font-size: 9" xmlns="http://www.tei-c.org/ns/1.0">(Wat het geval was).<lb/></note><p xml:id="INT_425f56eb-e08b-3b26-a31b-e47b3911a96a.TEI.1.text.1.body.1.div.1.p.12" resp="int_paragraph_joining" rend="">
              De affcomste van den gesant Jacob Mierop4) met kennisse van Zijn May.1<lb xmlns="http://www.tei-c.org/ns/1.0"/> uyt Candia onder ’s Comp.8 magt tot Sittavaque, van waer hij voorts nae Colombo<lb xmlns="http://www.tei-c.org/ns/1.0"/>stondt gebragt te worden, dog in een seer sooberen staet, als zijnde - voor<lb xmlns="http://www.tei-c.org/ns/1.0"/>lange niet wel bij zijn sinnen geweest. Onderwijlen was op Ceylon alles tusschen<lb xmlns="http://www.tei-c.org/ns/1.0"/> de onse en het volck van gemelte Ragia Singa nogh in goede rust en vrede.<lb xmlns="http://www.tei-c.org/ns/1.0"/><note xml:id="INT_425f56eb-e08b-3b26-a31b-e47b3911a96a.TEI.1.text.1.body.1.div.1.p.12.note.1" xml:lang="nl" rend="font-size: 7.5; text-align: justify; line-height: 9.3pt; margin-left: 2200" xmlns="http://www.tei-c.org/ns/1.0">1) Het tractaat van 1 dec. 1674 met Engeland over de navigatie en de commercie.<lb/></note><note xml:id="INT_425f56eb-e08b-3b26-a31b-e47b3911a96a.TEI.1.text.1.body.1.div.1.p.12.note.2" xml:lang="nl" rend="font-size: 7.5; line-height: 9.3pt; text-indent: 22.0pt" xmlns="http://www.tei-c.org/ns/1.0">2) J acob van Ackersdijck kwam in 1681 uit patria, eind maart 1682 in de rang van opperkoopman<lb/> als secunde in commissie naar Temate gezonden, in 1683 secunde in Perzië.<lb/></note><note xml:id="INT_425f56eb-e08b-3b26-a31b-e47b3911a96a.TEI.1.text.1.body.1.div.1.p.12.note.3" xml:lang="nl" rend="font-size: 7.5; text-align: justify; line-height: 9.3pt; text-indent: 22.0pt" xmlns="http://www.tei-c.org/ns/1.0">3) Wijbrand Lycochthon werd in sept. 1682 tweede opperkoopman bij het kasteel<lb/> Batavia, 1683 secunde bij de zending van De Casembroot naar Perzië, sept. 1690 eerste<lb/> opperkoopman bij het kasteel, sept. 1691 raad-extra-ord. van Indië, hij repatrieerde in 1699<lb/> als admiraal van de retourvloot.<lb/></note><note xml:id="INT_425f56eb-e08b-3b26-a31b-e47b3911a96a.TEI.1.text.1.body.1.div.1.p.12.note.4" xml:lang="nl" rend="font-size: 7.5; text-align: justify; line-height: 9.3pt; margin-left: 2200" xmlns="http://www.tei-c.org/ns/1.0">4) Jacob Kuyck van Mierop was als gezant in 1682 naar Kandi gezonden en daar enige<lb/></note><note xml:id="INT_425f56eb-e08b-3b26-a31b-e47b3911a96a.TEI.1.text.1.body.1.div.1.p.12.note.5" xml:lang="nl" rend="font-size: 7.5; text-align: justify; line-height: 9.3pt" xmlns="http://www.tei-c.org/ns/1.0">jaren aangehouden. Hij repatrieerde febr. 1687.<lb/></note><pb xml:id="INT_425f56eb-e08b-3b26-a31b-e47b3911a96a.TEI.1.text.1.body.1.div.1.p.12.pb.1" n="4" facs="http://resources.huygens.knaw.nl/retroapp/service_generalemissiven/gm_05/images/gm_5_150_0004.tif"/><fw xml:id="INT_425f56eb-e08b-3b26-a31b-e47b3911a96a.TEI.1.text.1.body.1.div.1.p.12.fw.1" place="top" type="page-number" facs="#zone.1242242" xmlns="http://www.tei-c.org/ns/1.0">4</fw><fw xml:id="INT_425f56eb-e08b-3b26-a31b-e47b3911a96a.TEI.1.text.1.body.1.div.1.p.12.fw.2" place="top" type="head" facs="#zone.1242246" xmlns="http://www.tei-c.org/ns/1.0">Campings, Hurdt, Van Outhoorn, Van Goens, Pit, enz. IX, 8 januari 1686</fw>
            </p><p xml:id="INT_425f56eb-e08b-3b26-a31b-e47b3911a96a.TEI.1.text.1.body.1.div.1.p.13" xml:lang="nl" rend="font-size: 10; text-align: justify; line-height: 11.7pt; text-indent: 22.0pt" xmlns="http://www.tei-c.org/ns/1.0">De Vorstinne van Atingen d’Engelsen uyt haer land hadde geset en daerdoor<lb/> met die van Trevancoor weder verenigt was, maer op Madure waren de onlusten<lb/> tusschen den Neyck en den Teuver nog niet bijgelegt.<lb/></p><note xml:id="INT_425f56eb-e08b-3b26-a31b-e47b3911a96a.TEI.1.text.1.body.1.div.1.note.14" xml:lang="nl" place="inline" type="editorial-summary" resp="editor" rend="font-style: italic; line-height: 12.0pt; text-indent: 22.0pt; text-align: justify; font-size: 9" xmlns="http://www.tei-c.org/ns/1.0">(Wel onderhandelden zij; Pijl en Van der Duyn hebben enig verschil van mening<lb/> over zaken te Jafnapatam ; Van Reede heeft <hi rend="font-size:9; font-family:Liberation Serif" xml:lang="nl">-</hi> )<lb/></note><p xml:id="INT_425f56eb-e08b-3b26-a31b-e47b3911a96a.TEI.1.text.1.body.1.div.1.p.14" resp="int_paragraph_joining" rend="">
              - den command.1 Salomon Lesagie <hi rend="font-size:10; font-family:Liberation Serif; vertical-align:super" xml:lang="nl" xmlns="http://www.tei-c.org/ns/1.0">1)</hi> tot Gale over suspecte vercoop<lb xmlns="http://www.tei-c.org/ns/1.0"/>van sjancos en het schrijven van een oneerbiedigen chochanten <hi rend="font-size:10; font-family:Liberation Serif; vertical-align:super" xml:lang="nl" xmlns="http://www.tei-c.org/ns/1.0">2)</hi> brieff aen gem.te<lb xmlns="http://www.tei-c.org/ns/1.0"/>heer Pijl -<lb xmlns="http://www.tei-c.org/ns/1.0"/>
            </p><note xml:id="INT_425f56eb-e08b-3b26-a31b-e47b3911a96a.TEI.1.text.1.body.1.div.1.note.15" xml:lang="nl" place="inline" type="editorial-summary" resp="editor" rend="font-style: italic; line-height: 11.7pt; text-indent: 22.0pt; text-align: justify; font-size: 9" xmlns="http://www.tei-c.org/ns/1.0">( <hi rend="font-size:9; font-family:Liberation Serif" xml:lang="nl">-</hi> vervangen door Thomas van Rhee, Lesage zal naar Batavia gaan; twee<lb/></note><note xml:id="INT_425f56eb-e08b-3b26-a31b-e47b3911a96a.TEI.1.text.1.body.1.div.1.note.16" xml:lang="nl" place="inline" type="editorial-summary" resp="editor" rend="font-size: 9; font-style: italic; text-align: justify; line-height: 11.7pt" xmlns="http://www.tei-c.org/ns/1.0">schepen uit Bengalen, waarvan een van den nawab, kwamen met ISO last rijst voor<lb/> Gale, waar men al voor hongersnood vreesde; gebruik der uit Perzië by Ceylon gekomen<lb/> en andere schepen; de Blauwe Hulk kwam te Batavia met carg. van f. 11485 uit Ceylon,<lb/> vnl. kaneel, en f. 44958 uit Perzië, vnl. mahmodis en zijde; de Zeyst vertrok 28 dec.<lb/> met 51 militairen naar Coromandél en f. 166115 aan goud; mocht Masulipatam bezet<lb/> moeten worden, dan wordt ten aanzien van de Eng eisen voor geschreven <hi rend="font-size:9; font-family:Liberation Serif" xml:lang="nl">-</hi> )<lb/></note><p xml:id="INT_425f56eb-e08b-3b26-a31b-e47b3911a96a.TEI.1.text.1.body.1.div.1.p.15" resp="int_paragraph_joining" rend="">
              - om die twistgierige natie geen redenen te geven van tegen d’E. Comp.e<lb xmlns="http://www.tei-c.org/ns/1.0"/>dienaengaende te protesteren de sagtste wegh ingeslagen en meer toegegeven<lb xmlns="http://www.tei-c.org/ns/1.0"/> hebben, als met reden van ons zoude connen gevergt worden en wij volgens het<lb xmlns="http://www.tei-c.org/ns/1.0"/> algemene regt en gebruyck schuldig waren te doen.<lb xmlns="http://www.tei-c.org/ns/1.0"/>
            </p><note xml:id="INT_425f56eb-e08b-3b26-a31b-e47b3911a96a.TEI.1.text.1.body.1.div.1.note.17" xml:lang="nl" place="inline" type="editorial-summary" resp="editor" rend="font-style: italic; line-height: 11.4pt; text-indent: 22.0pt; text-align: justify; font-size: 9" xmlns="http://www.tei-c.org/ns/1.0">(Japans koper mag er aan den duan worden af geleverd voor 70 tot 68 pagoden de<lb/> 520 wanneer Maduna het verlangt, anders moet het aan grote kooplieden worden<lb/> verkocht; 5 jan. vertrokken de America en de Hollandsche Tuin naar de Specerij -<lb/> Eilanden, de eerste brengt carg. van f. 279304, vnl. textiel en 50000 rsd. contant en<lb/> 106 militairen naar Amboina; de sloep Eliphant moet met hout of zout uit Japara ook<lb/> derwaarts varen, evenals de andere twee; wegens het teveel aan kruidnagelen dient<lb/> men <hi rend="font-size:9; font-family:Liberation Serif" xml:lang="nl">-</hi> )<lb/></note><p xml:id="INT_425f56eb-e08b-3b26-a31b-e47b3911a96a.TEI.1.text.1.body.1.div.1.p.16" resp="int_paragraph_joining" rend="">
              - door de vingeren te sien ofte te conniveren de luy- en traagh.1 der<lb xmlns="http://www.tei-c.org/ns/1.0"/>inlanders sonder deselve eenigsints aen te setten tot het plucken hunner nagelen ter<lb xmlns="http://www.tei-c.org/ns/1.0"/> behoorlijcker tijt, maer veel bever te gedoogen, dat se die tot polongs <hi rend="font-size:10; font-family:Liberation Serif; vertical-align:super" xml:lang="nl" xmlns="http://www.tei-c.org/ns/1.0">3)</hi> ofte moernagelen<lb xmlns="http://www.tei-c.org/ns/1.0"/> laeten schieten om dan deselve sonder daervoor betaling te doen in zee te<lb xmlns="http://www.tei-c.org/ns/1.0"/> werpen ofte te laeten verbranden.<lb xmlns="http://www.tei-c.org/ns/1.0"/><note xml:id="INT_425f56eb-e08b-3b26-a31b-e47b3911a96a.TEI.1.text.1.body.1.div.1.p.16.note.1" xml:lang="nl" rend="font-size: 7.5; text-align: justify; line-height: 9.9pt; text-indent: 22.0pt" xmlns="http://www.tei-c.org/ns/1.0">1) Salomon Lesage werd sept. 1681 van commandeur van Trincomale en van Batikalao<lb/> commandeur van Gale, 1686-1687 opperhoofd te Bantam, 1687-1692 commandeur ter<lb/> Westkust van Sumatra, mei 1695 tijdelijk opperhoofd te Japara, 1696-1700 gouverneur der<lb/> Molukken.<lb/></note><note xml:id="INT_425f56eb-e08b-3b26-a31b-e47b3911a96a.TEI.1.text.1.body.1.div.1.p.16.note.2" xml:lang="nl" rend="font-size: 7.5; text-align: justify; line-height: 9.9pt; margin-left: 2200" xmlns="http://www.tei-c.org/ns/1.0">2) Choquant, onhebbelijk.<lb/></note><note xml:id="INT_425f56eb-e08b-3b26-a31b-e47b3911a96a.TEI.1.text.1.body.1.div.1.p.16.note.3" xml:lang="nl" rend="font-size: 7.5; line-height: 9.9pt; text-indent: 21.0pt" xmlns="http://www.tei-c.org/ns/1.0">3) Pulong is de inheemse naam voor moernagel, het uitgegroeide vruchtbeginsel van<lb/> de kruidnagel.<lb/></note><pb xml:id="INT_425f56eb-e08b-3b26-a31b-e47b3911a96a.TEI.1.text.1.body.1.div.1.p.16.pb.1" n="5" facs="http://resources.huygens.knaw.nl/retroapp/service_generalemissiven/gm_05/images/gm_5_150_0005.tif"/><fw xml:id="INT_425f56eb-e08b-3b26-a31b-e47b3911a96a.TEI.1.text.1.body.1.div.1.p.16.fw.1" place="top" type="head" facs="#zone.1511811" xmlns="http://www.tei-c.org/ns/1.0">Camphuys, Hurdt, Van Outhoom, Van Goens, Pit, enz. IX, 8 januari 1686</fw><fw xml:id="INT_425f56eb-e08b-3b26-a31b-e47b3911a96a.TEI.1.text.1.body.1.div.1.p.16.fw.2" place="top" type="page-number" facs="#zone.1511826" xmlns="http://www.tei-c.org/ns/1.0">5</fw>
            </p><note xml:id="INT_425f56eb-e08b-3b26-a31b-e47b3911a96a.TEI.1.text.1.body.1.div.1.note.18" xml:lang="nl" place="inline" type="editorial-summary" resp="editor" rend="font-style: italic; line-height: 11.7pt; text-indent: 22.0pt; text-align: justify; font-size: 9" xmlns="http://www.tei-c.org/ns/1.0">(Dit zal hun minder tegenstaan dan het omhakken der nagelbomen ; met de<lb/> Hollandse Tuin gaan naar Banda 53 militairen en carg. van f. 144094 , w.o. 500 last<lb/> rijst en 10000 rsd.; twee andere schepen zullen via Timor varen, waar rebellen gestraft<lb/> zullen worden; Tack bleef voor dienstzaken tot 20 december te Cheribon, toen hij met<lb/> den tweeden Prins Tiaar Semarang vertrok; met De Saint- Martin kwamen 11 dec.<lb/> uit Bantam <hi rend="font-size:10; font-family:Liberation Serif" xml:lang="nl">-</hi> )<lb/></note><p xml:id="INT_425f56eb-e08b-3b26-a31b-e47b3911a96a.TEI.1.text.1.body.1.div.1.p.17" resp="int_paragraph_joining" rend="">
              - Pangiran Aria Diepa Nierat en opperpriester Keey Focque *), de<lb xmlns="http://www.tei-c.org/ns/1.0"/>beyde naeste, voornaemste en vertrouwste staetministers des Coninx en welcko<lb xmlns="http://www.tei-c.org/ns/1.0"/>eerste de gantsche bestieringe des rijx in handen heeft, -<lb xmlns="http://www.tei-c.org/ns/1.0"/>
            </p><p xml:id="INT_425f56eb-e08b-3b26-a31b-e47b3911a96a.TEI.1.text.1.body.1.div.1.p.18" xml:lang="nl" rend="font-size: 10; text-align: justify; line-height: 11.1pt; text-indent: 22.0pt" xmlns="http://www.tei-c.org/ns/1.0"><hi rend="font-size:9; font-family:Liberation Serif; font-style:italic" xml:lang="nl">( voor besprekingen</hi> ) .<lb/></p><p xml:id="INT_425f56eb-e08b-3b26-a31b-e47b3911a96a.TEI.1.text.1.body.1.div.1.p.19" xml:lang="nl" rend="font-size: 10; text-align: justify; line-height: 11.7pt; text-indent: 22.0pt" xmlns="http://www.tei-c.org/ns/1.0">Wij moeten tot ons leetwesen U Ed.ls met desen oock verstendigen, hoe onse<lb/> voorgenome goede intentie tot redres van de ontroerde zaecken en verwarringen<lb/> door de komste en onderkruypingen der Engels. <hi rend="font-size:10; font-family:Liberation Serif; vertical-align:super" xml:lang="nl">e</hi> vrunden op Sumatra’s Westkust<lb/> en Sillebaer niet ten goeden voor dit mael schijnt te hebben willen gelucken.<lb/></p><note xml:id="INT_425f56eb-e08b-3b26-a31b-e47b3911a96a.TEI.1.text.1.body.1.div.1.note.19" xml:lang="nl" place="inline" type="editorial-summary" resp="editor" rend="font-style: italic; line-height: 11.4pt; text-indent: 22.0pt; text-align: justify; font-size: 9" xmlns="http://www.tei-c.org/ns/1.0">(Want derwaarts gezonden schepen kwamen 30 en 31 dec. wegens tegenstromen<lb/> terug, misschien is de reis de eerder gezonden schepen wet gelukt, pas in maart of april<lb/> is een nieuwe bezending mogelijk, men rekent dan op de <hi rend="font-size:10; font-family:Liberation Serif" xml:lang="nl">-</hi> )<lb/></note><p xml:id="INT_425f56eb-e08b-3b26-a31b-e47b3911a96a.TEI.1.text.1.body.1.div.1.p.20" resp="int_paragraph_joining" rend="">
              - besendinge tot een spoedige herstellinge van 6 <hi rend="font-size:9; font-family:Liberation Serif; font-style:italic" xml:lang="nl" xmlns="http://www.tei-c.org/ns/1.0">k</hi> 800 zijner volckeren<lb xmlns="http://www.tei-c.org/ns/1.0"/>onder de Pangerans Joudaningrat1 <hi rend="font-size:10; font-family:Liberation Serif; vertical-align:super" xml:lang="nl" xmlns="http://www.tei-c.org/ns/1.0">2)</hi> en Natta Widjaja3), dogh oock met onse<lb xmlns="http://www.tei-c.org/ns/1.0"/> hulpe en bijstandt, als sonder dewelcke hij nog verklaert tot wederherstellinge dier<lb xmlns="http://www.tei-c.org/ns/1.0"/> landen en rebelle onderdanen alleen geen vermogen te sien, nog te hebben.<lb xmlns="http://www.tei-c.org/ns/1.0"/>
            </p><note xml:id="INT_425f56eb-e08b-3b26-a31b-e47b3911a96a.TEI.1.text.1.body.1.div.1.note.20" xml:lang="nl" place="inline" type="editorial-summary" resp="editor" rend="font-style: italic; line-height: 11.1pt; text-indent: 22.0pt; text-align: justify; font-size: 9" xmlns="http://www.tei-c.org/ns/1.0">(Met het oog op de peper zal de Hoge Regering dat wel moeten doen, <hi rend="font-size:10; font-family:Liberation Serif" xml:lang="nl">-</hi> )<lb/></note><p xml:id="INT_425f56eb-e08b-3b26-a31b-e47b3911a96a.TEI.1.text.1.body.1.div.1.p.21" resp="int_paragraph_joining" rend="">
              - want wij anders in corten vant gandsche gros van dien corl in de<lb xmlns="http://www.tei-c.org/ns/1.0"/>Bantamse jurisdictie en op Lampon stonden ondermeynt te werden, gelijck daeraff<lb xmlns="http://www.tei-c.org/ns/1.0"/> al nader blij eken van een genaemt Manicabos Koninck om op Lampon in te dringen<lb xmlns="http://www.tei-c.org/ns/1.0"/> hebben ervaeren, ’tgunt (hoewel niet seker) egter almede uyt der Engelsen koker<lb xmlns="http://www.tei-c.org/ns/1.0"/> schijnt bedagt en gehaelt te sijn en waeraff ons den Bantamsen Sulthan ’t romor <hi rend="font-size:10; font-family:Liberation Serif; vertical-align:super" xml:lang="nl" xmlns="http://www.tei-c.org/ns/1.0">4)</hi><lb xmlns="http://www.tei-c.org/ns/1.0"/><note xml:id="INT_425f56eb-e08b-3b26-a31b-e47b3911a96a.TEI.1.text.1.body.1.div.1.p.21.note.1" xml:lang="nl" rend="font-size: 7.5; text-align: justify; line-height: 9.6pt; text-indent: 23.0pt" xmlns="http://www.tei-c.org/ns/1.0">1) Kjahi Fokee, de hoogste autoriteit van de Islam in Bantam onder Sultan Abdul<lb/> Kahar, vaak gebruikt voor onderhandelingen met de V.O.C., zo in 1684, toen hij reeds de titel<lb/> Pangeran Tahjudin voerde en in 1688, dan en later wordt hij de eerste der rijksgroten genoemd.<lb/></note><note xml:id="INT_425f56eb-e08b-3b26-a31b-e47b3911a96a.TEI.1.text.1.body.1.div.1.p.21.note.2" xml:lang="nl" rend="font-size: 7.5; text-align: justify; line-height: 9.6pt; text-indent: 23.0pt" xmlns="http://www.tei-c.org/ns/1.0">2) Pangeran J udaningrat was een trouw aanhanger van den ouden Sultan, dien hij er in<lb/> 1683 toe wist te brengen zich over te geven. In 1686 betrokken in het complot tegen Sultan<lb/> Abdul Kahar en do V.O.C., werd hij in nov. naar Ceylon verbannen, maar in oct. 1688 op<lb/> verzoek van den Sultan naar Batavia teruggeroepen, waar de V.O.C. hem soms gebruikte<lb/> voor commissies naar de Bovenlanden, hij stierf 18 dec. 1713.<lb/></note><note xml:id="INT_425f56eb-e08b-3b26-a31b-e47b3911a96a.TEI.1.text.1.body.1.div.1.p.21.note.3" xml:lang="nl" rend="font-size: 7.5; text-align: justify; line-height: 9.6pt; text-indent: 23.0pt" xmlns="http://www.tei-c.org/ns/1.0">3) Pangeran Natawidjaja was in april 1684 betrokken bij het sluiten van het verdrag<lb/> van Bantam met de V.O.C., begin 1688 is hij de tweede in rang van de vijf gequalificeerde<lb/> rijksraden, in 1691 onder Sultan Abu’1 Mahassin Zain’al Abidin rijksbestuurder, in dec. 1694<lb/> als zodanig afgezet.<lb/></note><note xml:id="INT_425f56eb-e08b-3b26-a31b-e47b3911a96a.TEI.1.text.1.body.1.div.1.p.21.note.4" xml:lang="nl" rend="font-size: 7.5; text-align: justify; line-height: 9.6pt; margin-left: 2300" xmlns="http://www.tei-c.org/ns/1.0">4) Rumor, gerucht.<lb/></note><pb xml:id="INT_425f56eb-e08b-3b26-a31b-e47b3911a96a.TEI.1.text.1.body.1.div.1.p.21.pb.1" n="6" facs="http://resources.huygens.knaw.nl/retroapp/service_generalemissiven/gm_05/images/gm_5_150_0006.tif"/><fw xml:id="INT_425f56eb-e08b-3b26-a31b-e47b3911a96a.TEI.1.text.1.body.1.div.1.p.21.fw.1" place="top" type="page-number" facs="#zone.1797842" xmlns="http://www.tei-c.org/ns/1.0">6</fw><fw xml:id="INT_425f56eb-e08b-3b26-a31b-e47b3911a96a.TEI.1.text.1.body.1.div.1.p.21.fw.2" place="top" type="head" facs="#zone.1797846" xmlns="http://www.tei-c.org/ns/1.0">Camphuys, Hurdt, Van Outhoorn, Van Goens, Pit, enz. IX, 8 januari 1686</fw>en spoedige kennisse gegeven en die Manicabose brieffbrengers in arrest genomen<lb xmlns="http://www.tei-c.org/ns/1.0"/> heeft.<lb xmlns="http://www.tei-c.org/ns/1.0"/>
            </p><note xml:id="INT_425f56eb-e08b-3b26-a31b-e47b3911a96a.TEI.1.text.1.body.1.div.1.note.21" xml:lang="nl" place="inline" type="editorial-summary" resp="editor" rend="font-style: italic; line-height: 12.3pt; text-indent: 22.0pt; text-align: justify; font-size: 9.5" xmlns="http://www.tei-c.org/ns/1.0">(Kapitein Van Lookhorst tot ter Meer stierf 15 dec <hi rend="font-size:9.5; font-family:Liberation Serif; font-weight:bold" xml:lang="nl">.</hi> te Bantam; de 31 dec. 1685<lb/> gehouden verpachtingen te Batavia brachten op: )<lb/></note><p xml:id="INT_425f56eb-e08b-3b26-a31b-e47b3911a96a.TEI.1.text.1.body.1.div.1.p.22" xml:lang="nl" rend="font-size: 10; text-align: justify; line-height: 11.1pt" xmlns="http://www.tei-c.org/ns/1.0">Het hooftgeldt der Chinesen maendelijx voor rd.rs 1010<lb/></p><p xml:id="INT_425f56eb-e08b-3b26-a31b-e47b3911a96a.TEI.1.text.1.body.1.div.1.p.23" xml:lang="nl" rend="font-size: 10; text-align: justify; line-height: 11.1pt" xmlns="http://www.tei-c.org/ns/1.0">De groenselcramen en winckeliers . „ 2200<lb/></p><p xml:id="INT_425f56eb-e08b-3b26-a31b-e47b3911a96a.TEI.1.text.1.body.1.div.1.p.24" xml:lang="nl" rend="font-size: 10; text-align: justify; line-height: 11.7pt" xmlns="http://www.tei-c.org/ns/1.0">De aencomende rijs .   1250<lb/></p><p xml:id="INT_425f56eb-e08b-3b26-a31b-e47b3911a96a.TEI.1.text.1.body.1.div.1.p.25" xml:lang="nl" rend="font-size: 10; text-align: justify; line-height: 11.7pt" xmlns="http://www.tei-c.org/ns/1.0">Het handelen aen de scheepen . . 720<lb/></p><p xml:id="INT_425f56eb-e08b-3b26-a31b-e47b3911a96a.TEI.1.text.1.body.1.div.1.p.26" xml:lang="nl" rend="font-size: 10; text-align: justify; line-height: 11.7pt" xmlns="http://www.tei-c.org/ns/1.0">De vismarckt . „ 1250<lb/></p><p xml:id="INT_425f56eb-e08b-3b26-a31b-e47b3911a96a.TEI.1.text.1.body.1.div.1.p.27" xml:lang="nl" rend="font-size: 10; text-align: justify; line-height: 11.7pt" xmlns="http://www.tei-c.org/ns/1.0">De herbergiers binnen de stadt . . 410<lb/></p><p xml:id="INT_425f56eb-e08b-3b26-a31b-e47b3911a96a.TEI.1.text.1.body.1.div.1.p.28" xml:lang="nl" rend="font-size: 10; text-align: justify; line-height: 11.7pt" xmlns="http://www.tei-c.org/ns/1.0">De herbergiers buyten de stadt . „ 220<lb/></p><p xml:id="INT_425f56eb-e08b-3b26-a31b-e47b3911a96a.TEI.1.text.1.body.1.div.1.p.29" xml:lang="nl" rend="font-size: 10; text-align: justify; line-height: 11.7pt" xmlns="http://www.tei-c.org/ns/1.0">De waegh . „ 570<lb/></p><p xml:id="INT_425f56eb-e08b-3b26-a31b-e47b3911a96a.TEI.1.text.1.body.1.div.1.p.30" xml:lang="nl" rend="font-size: 10; text-align: justify; line-height: 11.7pt" xmlns="http://www.tei-c.org/ns/1.0">Het slagten vant vee . . 410<lb/></p><p xml:id="INT_425f56eb-e08b-3b26-a31b-e47b3911a96a.TEI.1.text.1.body.1.div.1.p.31" xml:lang="nl" rend="font-size: 10; text-align: justify; line-height: 11.7pt" xmlns="http://www.tei-c.org/ns/1.0">De corenmolen .   320<lb/></p><p xml:id="INT_425f56eb-e08b-3b26-a31b-e47b3911a96a.TEI.1.text.1.body.1.div.1.p.32" xml:lang="nl" rend="font-size: 10; text-align: justify; line-height: 11.7pt" xmlns="http://www.tei-c.org/ns/1.0">De waschkaersen .   130<lb/></p><p xml:id="INT_425f56eb-e08b-3b26-a31b-e47b3911a96a.TEI.1.text.1.body.1.div.1.p.33" xml:lang="nl" rend="font-size: 10; text-align: justify; line-height: 11.7pt" xmlns="http://www.tei-c.org/ns/1.0">De siryboomen .   430<lb/></p><p xml:id="INT_425f56eb-e08b-3b26-a31b-e47b3911a96a.TEI.1.text.1.body.1.div.1.p.34" xml:lang="nl" rend="font-size: 10; text-align: justify; line-height: 11.7pt" xmlns="http://www.tei-c.org/ns/1.0">De vaert Molen vhet .   120<lb/></p><p xml:id="INT_425f56eb-e08b-3b26-a31b-e47b3911a96a.TEI.1.text.1.body.1.div.1.p.35" xml:lang="nl" rend="font-size: 10; text-align: justify; line-height: 11.7pt" xmlns="http://www.tei-c.org/ns/1.0">De revier Anchiol .   50<lb/></p><p xml:id="INT_425f56eb-e08b-3b26-a31b-e47b3911a96a.TEI.1.text.1.body.1.div.1.p.36" xml:lang="nl" rend="font-size: 10; text-align: justify; line-height: 11.7pt" xmlns="http://www.tei-c.org/ns/1.0">De revier de Sontar .   35<lb/></p><p xml:id="INT_425f56eb-e08b-3b26-a31b-e47b3911a96a.TEI.1.text.1.body.1.div.1.p.37" xml:lang="nl" rend="font-size: 10; text-align: justify; line-height: 11.7pt" xmlns="http://www.tei-c.org/ns/1.0">Het kerven v.n Chinese toeback .   130<lb/></p><p xml:id="INT_425f56eb-e08b-3b26-a31b-e47b3911a96a.TEI.1.text.1.body.1.div.1.p.38" xml:lang="nl" rend="font-size: 10; text-align: justify; line-height: 11.7pt" xmlns="http://www.tei-c.org/ns/1.0">De reysmarckt .   45<lb/></p><p xml:id="INT_425f56eb-e08b-3b26-a31b-e47b3911a96a.TEI.1.text.1.body.1.div.1.p.39" xml:lang="nl" rend="font-size: 10; text-align: justify; line-height: 11.7pt" xmlns="http://www.tei-c.org/ns/1.0">Het toppen der Chinesen .   360<lb/></p><note xml:id="INT_425f56eb-e08b-3b26-a31b-e47b3911a96a.TEI.1.text.1.body.1.div.1.note.22" xml:lang="nl" place="inline" type="editorial-summary" resp="editor" rend="font-style: italic; line-height: 11.7pt; text-indent: 22.0pt; text-align: justify; font-size: 9.5" xmlns="http://www.tei-c.org/ns/1.0">( De raad-extraordinair Thomas Slicher kwam 24 dec. uit patria ; de Grote Visserij<lb/> heeft carg. van <hi rend="font-size:9.5; font-family:Liberation Serif; font-weight:bold" xml:lang="nl">/.</hi> 368297 <hi rend="font-size:9.5; font-family:Liberation Serif; font-weight:bold" xml:lang="nl">,</hi> vnl. textiel, Bengaalse zijde f. 48272 en peper <hi rend="font-size:9.5; font-family:Liberation Serif; font-weight:bold" xml:lang="nl">/.</hi> 31064,<lb/> bovendien voor f. 73741 aan Chinese zijde en mat thee óf voor de Kamer Enkhuizen óf<lb/> voor de Kamer Middelburg).<lb/></note>
            
      </div>
                  </body>
                </text>
              </TEI>