<TEI xml:id="INT_60bf48ec-36fe-320d-a89a-c94a069af193" xmlns="http://www.tei-c.org/ns/1.0">
                <teiHeader>
      <fileDesc>
        <titleStmt>
          <title>Camphuys, Hurdt, Van Outhoorn, Pit, Pits, Van Hoorn, Schaghen, De Saint-Martin, De Beveren en Padtbrugge, 10 jan. 1688</title>
        </titleStmt>
        <publicationStmt>
          <p>
            <date>10 jan. 1688</date>
            <idno type="sourceID">missiven:vol5</idno>
            <idno type="pid">INT_60bf48ec-36fe-320d-a89a-c94a069af193</idno>
          </p>
        </publicationStmt>
        <notesStmt>
          <note/>
        </notesStmt>
        <sourceDesc>
          <listBibl xml:id="inlMetadata">
            <bibl type="missive">
        <interpGrp type="page"><interp>159</interp></interpGrp>
        
      <interpGrp type="titleLevel1"><interp>Camphuys, Hurdt, Van Outhoorn, Pit, Pits, Van Hoorn, Schaghen, De Saint-Martin, De Beveren en Padtbrugge, 10 jan. 1688</interp></interpGrp>
      <interpGrp type="dateLevel1"><interp>10 jan. 1688</interp></interpGrp>
        <interpGrp type="tocLevel"><interp>1</interp></interpGrp>
      <interpGrp type="volume"><interp>5</interp></interpGrp>
        <interpGrp type="n"><interp>XIV</interp></interpGrp>
      
      <interpGrp type="witnessYearLevel1_from"><interp>1688</interp></interpGrp>
      <interpGrp type="witnessYearLevel1_to"><interp>1688</interp></interpGrp>
      <interpGrp type="witnessMonthLevel1_to"><interp>1</interp></interpGrp>
      <interpGrp type="witnessMonthLevel1_from"><interp>1</interp></interpGrp>
      <interpGrp type="witnessDayLevel1_to"><interp>10</interp></interpGrp>
      <interpGrp type="witnessDayLevel1_from"><interp>10</interp></interpGrp>
      <interpGrp type="authorLevel1"><interp>Camphuys</interp><interp>Hurdt</interp><interp>Van Outhoorn</interp><interp>Pit</interp><interp>Pits</interp><interp>Van Hoorn</interp><interp>Schaghen</interp><interp>De Saint-Martin</interp><interp>De Beveren</interp><interp>Padtbrugge</interp></interpGrp>
      <interpGrp type="pid"><interp>INT_60bf48ec-36fe-320d-a89a-c94a069af193</interp></interpGrp>
    </bibl>
          </listBibl>
        </sourceDesc>
      </fileDesc>
    </teiHeader>
                <text xml:id="INT_60bf48ec-36fe-320d-a89a-c94a069af193.TEI.1.text.1">
                  <body xml:id="INT_60bf48ec-36fe-320d-a89a-c94a069af193.TEI.1.text.1.body.1">
                    <div xml:id="INT_60bf48ec-36fe-320d-a89a-c94a069af193.TEI.1.text.1.body.1.div.1">
        
              <pb xml:id="INT_60bf48ec-36fe-320d-a89a-c94a069af193.TEI.1.text.1.body.1.div.1.pb.1" n="159" facs="http://resources.huygens.knaw.nl/retroapp/service_generalemissiven/gm_05/images/gm_5_150_0159.tif"/><fw xml:id="INT_60bf48ec-36fe-320d-a89a-c94a069af193.TEI.1.text.1.body.1.div.1.fw.1" place="top" type="head" xml:lang="nl" rend="text-align:justify; line-height:11.1pt" facs="#zone.583675" xmlns="http://www.tei-c.org/ns/1.0">Camphuys, Hurdt, Van Outhoorn, Pit, Pits, Van Hoorn, enz. XIV, 10 januari 1688 159</fw><head xml:id="INT_60bf48ec-36fe-320d-a89a-c94a069af193.TEI.1.text.1.body.1.div.1.head.1" xml:lang="nl" rend="font-size: 10; text-align: justify; line-height: 11.7pt" xmlns="http://www.tei-c.org/ns/1.0">XIV. JOANNES CAMPHUYS, ANTHONIO HURDT, WILLEM VAN OUTHOORN,<lb/> MARTEN PIT, JACOB PITS, JOAN VAN HOORN, NICOLAAS<lb/> SCHAGHEN, ISAAC DE SAINT-MARTIN, GERARD DE BEVEREN EN<lb/> ROBERT PADTBRUGGE, BATAVIA 10 januari 1688.<lb/></head><p xml:id="INT_60bf48ec-36fe-320d-a89a-c94a069af193.TEI.1.text.1.body.1.div.1.p.1" xml:lang="nl" rend="font-size: 8; text-align: justify; line-height: 11.7pt" xmlns="http://www.tei-c.org/ns/1.0">Kol. Arch. 1320, fol. 466-488.<lb/></p><note xml:id="INT_60bf48ec-36fe-320d-a89a-c94a069af193.TEI.1.text.1.body.1.div.1.note.1" xml:lang="nl" place="inline" type="editorial-summary" resp="editor" rend="font-style: italic; line-height: 11.7pt; text-indent: 22.0pt; text-align: justify; font-size: 9" xmlns="http://www.tei-c.org/ns/1.0">( De retourschepen ’s hands Welvaren, Waalstroom, Sion, Salland en Goudestein<lb/> vertrokken 1 dec. naar de hoek van Bantam, de Eenhoorn de 14e, de 28e vertrokken ze<lb/> van daar onder commando van Couper naar patria, maar werden direct ’s nachts door<lb/> een storm getroffen; de Waalstroom <hi rend="font-size:4; font-family:Liberation Serif" xml:lang="nl">-</hi> )<lb/></note><p xml:id="INT_60bf48ec-36fe-320d-a89a-c94a069af193.TEI.1.text.1.body.1.div.1.p.2" resp="int_paragraph_joining" rend="">
              - na ’t verlies van twee ankers het schip Goudesteyn dwars voor de<lb xmlns="http://www.tei-c.org/ns/1.0"/>boeg quam en sijn geheel gallioen *) affrukte, waarvan de scheg 2J voeten boven<lb xmlns="http://www.tei-c.org/ns/1.0"/> waters afbrak, soodat het laastgen. schip, daerdoor onbequaem geworden sijnde in<lb xmlns="http://www.tei-c.org/ns/1.0"/> soodanigen staat sijne reyse te vorderen, alsoo het sijne boegspriet en fockeraast<lb xmlns="http://www.tei-c.org/ns/1.0"/> niet vast konde setten, ons van daar over Bantam weder toegesonden en op den<lb xmlns="http://www.tei-c.org/ns/1.0"/> 31 <hi rend="font-size:10; font-family:Liberation Serif; vertical-align:super" xml:lang="nl" xmlns="http://www.tei-c.org/ns/1.0">en</hi> december alhier ter rheede verscheenen is.<lb xmlns="http://www.tei-c.org/ns/1.0"/>
            </p><note xml:id="INT_60bf48ec-36fe-320d-a89a-c94a069af193.TEI.1.text.1.body.1.div.1.note.2" xml:lang="nl" place="inline" type="editorial-summary" resp="editor" rend="font-style: italic; line-height: 11.4pt; text-indent: 22.0pt; text-align: justify; font-size: 9" xmlns="http://www.tei-c.org/ns/1.0">( De andere schepen kwamen 3 jan. bij de Prinseneilanden; de Goudestein werd<lb/> bij Onrust hersteld en vertrekt nu; de 26e dec. kwam de Grote Visscherij (Kamer Enk <hi rend="font-size:4; font-family:Liberation Serif" xml:lang="nl">-</hi><lb/>huizen) uit patria, de 29e de Waterland (Amsterdam); zending van schepen naar de<lb/> Specerij -Eilanden; er gaan o.a. 120 soldaten naar Timor voor gebruik op Roti en ter<lb/> doorzending naar Banda; wegens de kans op zeerovers, waarover uit China werd<lb/> geschreven, gebruikt men ditmaal liever weerbare jachten dan fluiten voor het specerij envervoer;<lb/> ds. Valentijn van Banda naar Amboina teruggeroepen, naar Banda zal gaan<lb/> ds. Fredericus Gobius, naar Ternate ds. Gellius Camminga, de laatste ter vervanging<lb/> van de twistende predikanten Cornelis de Leeuw en Mattheus Hek; de troepen moeten<lb/> nog in Djambi blijven, daar <hi rend="font-size:4; font-family:Liberation Serif" xml:lang="nl">-</hi> )<lb/></note><p xml:id="INT_60bf48ec-36fe-320d-a89a-c94a069af193.TEI.1.text.1.body.1.div.1.p.3" resp="int_paragraph_joining" rend="">
              - den Sulthan Ingalaga rondom de stad swervende bleef, sonderdat.<lb xmlns="http://www.tei-c.org/ns/1.0"/>men ’t hem, soolange het hooge water over ’t land bleeff lopen, konde beletten,<lb xmlns="http://www.tei-c.org/ns/1.0"/>
            </p><note xml:id="INT_60bf48ec-36fe-320d-a89a-c94a069af193.TEI.1.text.1.body.1.div.1.note.3" xml:lang="nl" place="inline" type="editorial-summary" resp="editor" rend="font-style: italic; line-height: 11.4pt; text-indent: 22.0pt; text-align: justify; font-size: 9" xmlns="http://www.tei-c.org/ns/1.0">( <hi rend="font-size:4; font-family:Liberation Serif" xml:lang="nl">-</hi> hoewel het later scheen , dat hij te Djambi terug wil komen en zijn zoon<lb/></note><note xml:id="INT_60bf48ec-36fe-320d-a89a-c94a069af193.TEI.1.text.1.body.1.div.1.note.4" xml:lang="nl" place="inline" type="editorial-summary" resp="editor" rend="font-size: 9; font-style: italic; text-align: justify; line-height: 11.4pt" xmlns="http://www.tei-c.org/ns/1.0">als Sultan erkennen; de Drakesteyn kwam 5 jan. van Amoy met een weinig vertrouwen<lb/> wekkend optimistisch rapport over de kansen op voordelige handel aldaar, het lijkt een<lb/> bedrieglijk lokaas der Chinezen; wegens de zeeroverij der Engelsen <hi rend="font-size:4; font-family:Liberation Serif" xml:lang="nl">-</hi> )<lb/></note><p xml:id="INT_60bf48ec-36fe-320d-a89a-c94a069af193.TEI.1.text.1.body.1.div.1.p.4" xml:lang="nl" rend="font-size: 10; text-align: justify; line-height: 11.4pt; text-indent: 22.0pt" xmlns="http://www.tei-c.org/ns/1.0">- de twee Engelse Conings- en twee vrije scheepen, op Aymuy ten handel<lb/> geweest sijnde, perijkel van arrest en andere inconveniënten subject geweest<lb/> souden sijn, indien van hare onschult niet avonturel.1 <hi rend="font-size:10; font-family:Liberation Serif; vertical-align:super" xml:lang="nl">2)</hi> was comen te blijken, hoewel<lb/> sijl. egter daer niet veel winst met hare negotie gedaen hebben.<lb/></p><note xml:id="INT_60bf48ec-36fe-320d-a89a-c94a069af193.TEI.1.text.1.body.1.div.1.note.5" xml:lang="nl" place="inline" type="editorial-summary" resp="editor" rend="font-style: italic; line-height: 11.7pt; text-indent: 22.0pt; text-align: justify; font-size: 9" xmlns="http://www.tei-c.org/ns/1.0">( De Drakesteyn had f. 25500 aan contanten aan boord en f. 43537 aan goederen,<lb/> waarop f. 42851 werd gewonnen, de onkosten waren f. 10390, w.o. f. 4000 aan meetgeld<lb/></note><note xml:id="INT_60bf48ec-36fe-320d-a89a-c94a069af193.TEI.1.text.1.body.1.div.1.note.6" xml:lang="nl" rend="font-size: 8; text-align: justify; line-height: 8.9pt; margin-left: 2100" xmlns="http://www.tei-c.org/ns/1.0">1) Galjoen, de voorpunt van een zeilschip.<lb/></note><note xml:id="INT_60bf48ec-36fe-320d-a89a-c94a069af193.TEI.1.text.1.body.1.div.1.note.7" xml:lang="nl" rend="font-size: 8; text-align: justify; line-height: 8.9pt; margin-left: 2100" xmlns="http://www.tei-c.org/ns/1.0">2) A vonturelijk, toevallig.<lb/></note><pb xml:id="INT_60bf48ec-36fe-320d-a89a-c94a069af193.TEI.1.text.1.body.1.div.1.pb.2" n="160" facs="http://resources.huygens.knaw.nl/retroapp/service_generalemissiven/gm_05/images/gm_5_150_0160.tif"/><fw xml:id="INT_60bf48ec-36fe-320d-a89a-c94a069af193.TEI.1.text.1.body.1.div.1.fw.2" place="top" type="head" facs="#zone.589718" xmlns="http://www.tei-c.org/ns/1.0">160 Camphuys, Hurdt, Van Outhoorn, Pit, Pits, Van Hoorn, enz. XIV, 10 januari 1688</fw><note xml:id="INT_60bf48ec-36fe-320d-a89a-c94a069af193.TEI.1.text.1.body.1.div.1.note.8" xml:lang="nl" place="inline" type="editorial-summary" resp="editor" rend="font-size: 9.5; font-style: italic; text-align: justify; line-height: 11.7pt" xmlns="http://www.tei-c.org/ns/1.0">en f. 3082 aan schenkages, voor f. 101682 werd ingekocht , vrd. zijde <hi rend="font-size:10; font-family:Liberation Serif" xml:lang="nl">,</hi> zijdestoffen, gember<lb/> en thee, netto werd 45 <hi rend="font-size:10; font-family:Liberation Serif" xml:lang="nl">f %</hi> bij de verkoop gewonnen; 2697 kati thee, waard f. 3453,<lb/> gaat in houten kisten met luchtgaten naar patria; 6 en 8 jan. kwamen 3 jonken uit<lb/> Amoy met diverse waren; uit een 2 jan. uit Hugly met het schip Purmer ontvangen<lb/> brief blijkt, dat de Montfoort daar 8 nov. aankwam, de Nieuwland 14 en de Hobree 9;<lb/> er was voor die laatste schepen nog onvoldoende lading voor patria; de Purmer bracht<lb/> cargasoen van f. 36245 aan, vnl. salpeter, rijst en opium; 4 nov. kwam de Bombam,<lb/> beschadigd, van Negapatam te Hugly, de 5e van Ceylon de Civetkat met vloerstenen en<lb/> de 7e van daar de Schiebroek met cargasoen van f. 22281, vnl. vermiljoen en Jcwikzilver<lb/> uit patria; de Walenburg stond er op vertrek naar Ceylon met carg. van f. 20757 , vnl.<lb/> granen en voor Malabar f. 20305, vnl. opium).<lb/></note><p xml:id="INT_60bf48ec-36fe-320d-a89a-c94a069af193.TEI.1.text.1.body.1.div.1.p.5" xml:lang="nl" rend="font-size: 10; text-align: justify; line-height: 11.7pt; text-indent: 22.0pt" xmlns="http://www.tei-c.org/ns/1.0">De tijding, ons van daer toegekomen wegens ’t overgacn van ’t casteel van<lb/> Golconda aen den Mogol op den 3en october laestleden, mogen wij voor den welstant<lb/> van ’s Comp.s handel op de Cust van Cormandel hopen, dat anders bevonden<lb/> zal werden, hoewel de vreugdetekenen, daerover in Decca door den nabab Chaestachan<lb/> aengeregt sijnde, groote vrese geven, dat het niet meer dan al te waer sal<lb/> sijn, alsoo hem sulx door sijnen resident aen ’t Mogolse hoff gead viseert geworden<lb/> was.<lb/></p><note xml:id="INT_60bf48ec-36fe-320d-a89a-c94a069af193.TEI.1.text.1.body.1.div.1.note.9" xml:lang="nl" place="inline" type="editorial-summary" resp="editor" rend="font-style: italic; line-height: 11.7pt; text-indent: 22.0pt; text-align: justify; font-size: 9.5" xmlns="http://www.tei-c.org/ns/1.0">(Vele ziekten en sterfgevallen bij het scheepsvolk op de Ganges; in Bantam blijven<lb/> troepen nodig ter bescherming van den jongen Vorst tegen afgunstige groten, die vooral<lb/> tegen den rijksbestuurder, die van lage afkomst is, gekant zijn en ook veel inkomsten<lb/> verloren hebben; 5 jan. werden ontvangen brieven van <hi rend="font-size:10; font-family:Liberation Serif" xml:lang="nl">-</hi> )<lb/></note><p xml:id="INT_60bf48ec-36fe-320d-a89a-c94a069af193.TEI.1.text.1.body.1.div.1.p.6" resp="int_paragraph_joining" rend="">
              - Ratou Issa1 <hi rend="font-size:10; font-family:Liberation Serif; vertical-align:super" xml:lang="nl" xmlns="http://www.tei-c.org/ns/1.0">2)</hi> en haer soon Pangiran Dipatj’-2), mitsgaders Ratou<lb xmlns="http://www.tei-c.org/ns/1.0"/>Panombaham, d’eerste met een bijgevoegd geschenk van twee ende de laaste van<lb xmlns="http://www.tei-c.org/ns/1.0"/> eene diamantring, beyde dese laatste briefjes behelsende hare clagten over den<lb xmlns="http://www.tei-c.org/ns/1.0"/> Pangiran Diepaningrat, die haer ten hu wel. versogt en in cas van refuus gedreygt<lb xmlns="http://www.tei-c.org/ns/1.0"/> soude hebben van hare goederen te depossideren, met bijvoeging dat sijl. daerover<lb xmlns="http://www.tei-c.org/ns/1.0"/> wel aen den tegenwoordigen Sulthan geklaagt, maer tot antwoort gekregen hadden,<lb xmlns="http://www.tei-c.org/ns/1.0"/> dat Pangeran Diepaningrat het regt van haarl. persoonen in sijne hand en hij, Sulthan,<lb xmlns="http://www.tei-c.org/ns/1.0"/> niets te seggen had ende ’twelke sij seggen de oorsaake te sijn, waerom sij<lb xmlns="http://www.tei-c.org/ns/1.0"/> haer bij de gem. briefjes aen dese Regering geaddresseert hadden. Daertegen behelst<lb xmlns="http://www.tei-c.org/ns/1.0"/> den brieff van den Pangeran Diepaningrat het quaad vertrouwen, ’twelk hij<lb xmlns="http://www.tei-c.org/ns/1.0"/> hadde op den Pangeran Jougja <hi rend="font-size:10; font-family:Liberation Serif; vertical-align:super" xml:lang="nl" xmlns="http://www.tei-c.org/ns/1.0">3),</hi> broeder van den overleden en schoonvader van<lb xmlns="http://www.tei-c.org/ns/1.0"/> den tegenwoordigen Sultan, met een betuyginge en versoek dat hij seer gaerne sag,<lb xmlns="http://www.tei-c.org/ns/1.0"/> dat aen denselven Pangeran Jougja volgens sijn jongst herwaerts gesonden briefje<lb xmlns="http://www.tei-c.org/ns/1.0"/> toegestaen mogt werden op Batavia te comen en dan ook aldaer te verblijven,<lb xmlns="http://www.tei-c.org/ns/1.0"/> alsoo hij met denselven in de regering niet teregt raken konde ende het bij desselfs<lb xmlns="http://www.tei-c.org/ns/1.0"/><note xml:id="INT_60bf48ec-36fe-320d-a89a-c94a069af193.TEI.1.text.1.body.1.div.1.p.6.note.1" xml:lang="nl" rend="font-size: 7.5; line-height: 9.9pt; text-indent: 22.0pt" xmlns="http://www.tei-c.org/ns/1.0">1) Ratu Isa en de even later genoemde Ratu Panembahan waren weduwen van Sultan<lb/> Hadji.<lb/></note><note xml:id="INT_60bf48ec-36fe-320d-a89a-c94a069af193.TEI.1.text.1.body.1.div.1.p.6.note.2" xml:lang="nl" rend="font-size: 7.5; text-align: justify; line-height: 9.9pt; text-indent: 22.0pt" xmlns="http://www.tei-c.org/ns/1.0">2) Pangeran Dipati volgde in juli 1690 als ongeveer 17-jarige zijn ouderen broeder op<lb/> als Sultan van Bantam onder de naam Abul Mahassin Mohammad Zainal Abidin; hij regeerde<lb/> tot zijn overlijden in juli 1733.<lb/></note><note xml:id="INT_60bf48ec-36fe-320d-a89a-c94a069af193.TEI.1.text.1.body.1.div.1.p.6.note.3" xml:lang="nl" rend="font-size: 7.5; line-height: 9.9pt; text-indent: 21.0pt" xmlns="http://www.tei-c.org/ns/1.0">3) Pangeran Jogja was een halfbroeder van Sultan Hadji en een volle broeder van den<lb/> te Batavia geïnterneerden Pangeran Purbaja.<lb/></note><pb xml:id="INT_60bf48ec-36fe-320d-a89a-c94a069af193.TEI.1.text.1.body.1.div.1.p.6.pb.1" n="161" facs="http://resources.huygens.knaw.nl/retroapp/service_generalemissiven/gm_05/images/gm_5_150_0161.tif"/><fw xml:id="INT_60bf48ec-36fe-320d-a89a-c94a069af193.TEI.1.text.1.body.1.div.1.p.6.fw.1" place="top" type="head" facs="#zone.592322" xmlns="http://www.tei-c.org/ns/1.0">Camphuys, Hurdt, Van Outhoorn, Pit, Pits, Van Hoorn, enz. XIV, 10 januari 1688 161</fw>langer verblijff op Bantam te dugten stond, dat ’s Comp.8 volkeren en d’ingesetenen<lb xmlns="http://www.tei-c.org/ns/1.0"/> dier stad affronten en onlusten overkomen souden, ’twelk, sooals het bij de<lb xmlns="http://www.tei-c.org/ns/1.0"/> missive onser residenten volgens ’t voorgeven van Pangeran Diepaningrat breder<lb xmlns="http://www.tei-c.org/ns/1.0"/> gesegt werd, van den Pangeran Jougja en sijnen aenhang te vresen soude sijn, als<lb xmlns="http://www.tei-c.org/ns/1.0"/> die geduurig secrete conventiculen quam te houden met de oude Conings gesinde<lb xmlns="http://www.tei-c.org/ns/1.0"/> ende reets van sig gegeven had, dat hem als schoonvader van den Sulthan ende de<lb xmlns="http://www.tei-c.org/ns/1.0"/> naaste prince van den bloede de bestiering des rijks, mitsgaders de opvoeding van<lb xmlns="http://www.tei-c.org/ns/1.0"/> den jongen Sulthan en ’t regt om binnen ’t casteel te wonen, toequam, maer geensin<lb xmlns="http://www.tei-c.org/ns/1.0"/> ts den Pangeran Diepaningrat.<lb xmlns="http://www.tei-c.org/ns/1.0"/>
            </p><note xml:id="INT_60bf48ec-36fe-320d-a89a-c94a069af193.TEI.1.text.1.body.1.div.1.note.10" xml:lang="nl" place="inline" type="editorial-summary" resp="editor" rend="font-style: italic; line-height: 11.7pt; text-indent: 25.0pt; text-align: justify; font-size: 9" xmlns="http://www.tei-c.org/ns/1.0">( De Hoge Regering gaf Dipaningrat de raad met zachte hand op te treden en de<lb/> groten door gunstbewijzen voor zich te winnen , Pangeran J ogja mag voor een bespreking<lb/> te Batavia komen; te Batavia zijn slechts drie predikanten voor de nederlandse,<lb/> w.o. een zieke, twee voor de portugese, éen bejaard en éen ziek, en éen voor de maleise<lb/> diensten ; ds. Coop a Groen is nu beroepen bij de nederlandse diensten, ds. Gerardus<lb/> Laurman bij de portugese; de verpachting bracht 31 dec. op: )<lb/></note><p xml:id="INT_60bf48ec-36fe-320d-a89a-c94a069af193.TEI.1.text.1.body.1.div.1.p.7" xml:lang="nl" rend="font-size: 10; text-align: justify; line-height: 11.7pt" xmlns="http://www.tei-c.org/ns/1.0">Het hooftgelt der Chinesen voor<lb/> De groentekramen en winkeliers<lb/></p><p xml:id="INT_60bf48ec-36fe-320d-a89a-c94a069af193.TEI.1.text.1.body.1.div.1.p.8" xml:lang="nl" rend="font-size: 10; text-align: justify; line-height: 11.7pt" xmlns="http://www.tei-c.org/ns/1.0">De aenkomende rijs .<lb/></p><p xml:id="INT_60bf48ec-36fe-320d-a89a-c94a069af193.TEI.1.text.1.body.1.div.1.p.9" xml:lang="nl" rend="font-size: 10; text-align: justify; line-height: 11.7pt" xmlns="http://www.tei-c.org/ns/1.0">Het handelen aen de schepen .<lb/></p><p xml:id="INT_60bf48ec-36fe-320d-a89a-c94a069af193.TEI.1.text.1.body.1.div.1.p.10" xml:lang="nl" rend="font-size: 10; text-align: justify; line-height: 11.7pt" xmlns="http://www.tei-c.org/ns/1.0">De vischmarkt .<lb/></p><p xml:id="INT_60bf48ec-36fe-320d-a89a-c94a069af193.TEI.1.text.1.body.1.div.1.p.11" xml:lang="nl" rend="font-size: 10; text-align: justify; line-height: 11.7pt" xmlns="http://www.tei-c.org/ns/1.0">De herbergiers binnen de stad<lb/> De herbergiers buyten de stad<lb/></p><p xml:id="INT_60bf48ec-36fe-320d-a89a-c94a069af193.TEI.1.text.1.body.1.div.1.p.12" xml:lang="nl" rend="font-size: 10; text-align: justify; line-height: 11.7pt" xmlns="http://www.tei-c.org/ns/1.0">De waag .<lb/></p><p xml:id="INT_60bf48ec-36fe-320d-a89a-c94a069af193.TEI.1.text.1.body.1.div.1.p.13" xml:lang="nl" rend="font-size: 10; text-align: justify; line-height: 11.7pt" xmlns="http://www.tei-c.org/ns/1.0">’t Slagten van ’t vee <hi rend="font-size:10; font-family:Liberation Serif; letter-spacing:6.5pt" xml:lang="nl">....</hi><lb/></p><p xml:id="INT_60bf48ec-36fe-320d-a89a-c94a069af193.TEI.1.text.1.body.1.div.1.p.14" xml:lang="nl" rend="font-size: 10; text-align: justify; line-height: 11.7pt" xmlns="http://www.tei-c.org/ns/1.0">De koornmolen .<lb/></p><p xml:id="INT_60bf48ec-36fe-320d-a89a-c94a069af193.TEI.1.text.1.body.1.div.1.p.15" xml:lang="nl" rend="font-size: 10; text-align: justify; line-height: 11.7pt" xmlns="http://www.tei-c.org/ns/1.0">De waschkaarsen .<lb/></p><p xml:id="INT_60bf48ec-36fe-320d-a89a-c94a069af193.TEI.1.text.1.body.1.div.1.p.16" xml:lang="nl" rend="font-size: 10; text-align: justify; line-height: 11.7pt" xmlns="http://www.tei-c.org/ns/1.0">De sirystocken .<lb/></p><p xml:id="INT_60bf48ec-36fe-320d-a89a-c94a069af193.TEI.1.text.1.body.1.div.1.p.17" xml:lang="nl" rend="font-size: 10; text-align: justify; line-height: 11.7pt" xmlns="http://www.tei-c.org/ns/1.0">De vaart Molenvliet .<lb/></p><p xml:id="INT_60bf48ec-36fe-320d-a89a-c94a069af193.TEI.1.text.1.body.1.div.1.p.18" xml:lang="nl" rend="font-size: 10; text-align: justify; line-height: 11.7pt" xmlns="http://www.tei-c.org/ns/1.0">De rivier Antjol .<lb/></p><p xml:id="INT_60bf48ec-36fe-320d-a89a-c94a069af193.TEI.1.text.1.body.1.div.1.p.19" xml:lang="nl" rend="font-size: 10; text-align: justify; line-height: 11.7pt" xmlns="http://www.tei-c.org/ns/1.0">De rivier Sontar .<lb/></p><p xml:id="INT_60bf48ec-36fe-320d-a89a-c94a069af193.TEI.1.text.1.body.1.div.1.p.20" xml:lang="nl" rend="font-size: 10; text-align: justify; line-height: 11.7pt" xmlns="http://www.tei-c.org/ns/1.0">’t Kerven van Chinese taback<lb/></p><p xml:id="INT_60bf48ec-36fe-320d-a89a-c94a069af193.TEI.1.text.1.body.1.div.1.p.21" xml:lang="nl" rend="font-size: 10; text-align: justify; line-height: 11.7pt" xmlns="http://www.tei-c.org/ns/1.0">De rijsmarkt .<lb/></p><p xml:id="INT_60bf48ec-36fe-320d-a89a-c94a069af193.TEI.1.text.1.body.1.div.1.p.22" xml:lang="nl" rend="font-size: 10; text-align: justify; line-height: 11.7pt" xmlns="http://www.tei-c.org/ns/1.0">Het toppen der Chinesen . . .<lb/></p><p xml:id="INT_60bf48ec-36fe-320d-a89a-c94a069af193.TEI.1.text.1.body.1.div.1.p.23" xml:lang="nl" rend="margin-left: 800; line-height: 11.7pt; text-indent: -8.0pt; text-align: justify; font-size: 10" xmlns="http://www.tei-c.org/ns/1.0">rd.8 1260.—<lb/> „ 2500.—<lb/> „ 1300.—<lb/> „ 700.—<lb/></p><p xml:id="INT_60bf48ec-36fe-320d-a89a-c94a069af193.TEI.1.text.1.body.1.div.1.p.24" xml:lang="nl" rend="font-size: 10; text-align: justify; line-height: 11.7pt; margin-left: 800" xmlns="http://www.tei-c.org/ns/1.0">„ 1230.—<lb/> „ 440.—<lb/></p><p xml:id="INT_60bf48ec-36fe-320d-a89a-c94a069af193.TEI.1.text.1.body.1.div.1.p.25" xml:lang="nl" rend="font-size: 10; text-align: justify; line-height: 11.7pt; margin-left: 800" xmlns="http://www.tei-c.org/ns/1.0"><hi rend="font-size:7.5; font-family:Liberation Serif; font-weight:bold; letter-spacing:0.5pt" xml:lang="nl">„</hi> 220.—<lb/> „ 500.—<lb/></p><p xml:id="INT_60bf48ec-36fe-320d-a89a-c94a069af193.TEI.1.text.1.body.1.div.1.p.26" xml:lang="nl" rend="font-size: 10; text-align: justify; line-height: 11.7pt; margin-left: 800" xmlns="http://www.tei-c.org/ns/1.0">„ 380.—<lb/></p><p xml:id="INT_60bf48ec-36fe-320d-a89a-c94a069af193.TEI.1.text.1.body.1.div.1.p.27" xml:lang="nl" rend="font-size: 10; text-align: justify; line-height: 11.7pt; margin-left: 800" xmlns="http://www.tei-c.org/ns/1.0">„ 320.-<lb/></p><p xml:id="INT_60bf48ec-36fe-320d-a89a-c94a069af193.TEI.1.text.1.body.1.div.1.p.28" xml:lang="nl" rend="font-size: 10; text-align: justify; line-height: 11.7pt; margin-left: 800" xmlns="http://www.tei-c.org/ns/1.0">„ 150.—<lb/></p><p xml:id="INT_60bf48ec-36fe-320d-a89a-c94a069af193.TEI.1.text.1.body.1.div.1.p.29" xml:lang="nl" rend="font-size: 10; text-align: justify; line-height: 11.7pt; margin-left: 800" xmlns="http://www.tei-c.org/ns/1.0">„ 230.—<lb/></p><p xml:id="INT_60bf48ec-36fe-320d-a89a-c94a069af193.TEI.1.text.1.body.1.div.1.p.30" xml:lang="nl" rend="font-size: 10; text-align: justify; line-height: 11.7pt; margin-left: 800" xmlns="http://www.tei-c.org/ns/1.0">„ 75.—<lb/></p><p xml:id="INT_60bf48ec-36fe-320d-a89a-c94a069af193.TEI.1.text.1.body.1.div.1.p.31" xml:lang="nl" rend="font-size: 10; text-align: justify; line-height: 11.7pt; margin-left: 800" xmlns="http://www.tei-c.org/ns/1.0">„ 55.—<lb/></p><p xml:id="INT_60bf48ec-36fe-320d-a89a-c94a069af193.TEI.1.text.1.body.1.div.1.p.32" xml:lang="nl" rend="font-size: 10; text-align: justify; line-height: 11.7pt; margin-left: 800" xmlns="http://www.tei-c.org/ns/1.0">„ 35.—<lb/></p><p xml:id="INT_60bf48ec-36fe-320d-a89a-c94a069af193.TEI.1.text.1.body.1.div.1.p.33" xml:lang="nl" rend="font-size: 10; text-align: justify; line-height: 11.7pt; margin-left: 800" xmlns="http://www.tei-c.org/ns/1.0">„ 150.—<lb/></p><p xml:id="INT_60bf48ec-36fe-320d-a89a-c94a069af193.TEI.1.text.1.body.1.div.1.p.34" xml:lang="nl" rend="font-size: 10; text-align: justify; line-height: 11.7pt; margin-left: 800" xmlns="http://www.tei-c.org/ns/1.0">„ 55.—<lb/></p><p xml:id="INT_60bf48ec-36fe-320d-a89a-c94a069af193.TEI.1.text.1.body.1.div.1.p.35" xml:lang="nl" rend="font-size: 10; text-align: justify; line-height: 11.7pt; margin-left: 800" xmlns="http://www.tei-c.org/ns/1.0">„ 330.—<lb/></p><p xml:id="INT_60bf48ec-36fe-320d-a89a-c94a069af193.TEI.1.text.1.body.1.div.1.p.36" xml:lang="nl" rend="font-size: 10; text-align: right; line-height: 11.1pt" xmlns="http://www.tei-c.org/ns/1.0">Somma ter maent <hi rend="font-size:10; font-family:Liberation Serif; letter-spacing:6.5pt" xml:lang="nl">....</hi> rd.8 9930. —<lb/></p><note xml:id="INT_60bf48ec-36fe-320d-a89a-c94a069af193.TEI.1.text.1.body.1.div.1.note.11" xml:lang="nl" place="inline" type="editorial-summary" resp="editor" rend="font-style: italic; line-height: 11.7pt; text-indent: 25.0pt; text-align: justify; font-size: 9" xmlns="http://www.tei-c.org/ns/1.0">( Slechts aan den pachter van de korenmolen zal evt. vermindering van pacht worden<lb/> toegestaan, hem werd over 1686 926 rsd. kwijtgescholden, daar hij door tekort aan<lb/> tarwe zoveel verloor; het verzoek van de weduwe van Thomas van Y peren, later van<lb/> Grijn de Rande, tot kwijtschelding van de schuld van den eerste van voor 1668, groot<lb/><hi rend="font-size:8; font-family:Liberation Serif; font-weight:bold; letter-spacing:0.5pt" xml:lang="nl">/.</hi> 12917 <hi rend="font-size:8; font-family:Liberation Serif; font-weight:bold; letter-spacing:0.5pt" xml:lang="nl">,</hi> wordt ondersteund).<lb/></note><fw xml:id="INT_60bf48ec-36fe-320d-a89a-c94a069af193.TEI.1.text.1.body.1.div.1.fw.3" type="bottom-page-number">11</fw>
            
      </div>
                  </body>
                </text>
              </TEI>