<TEI xml:id="INT_5f38b36d-1f18-3991-85e6-8faee05f975a" xmlns="http://www.tei-c.org/ns/1.0">
                <teiHeader>
      <fileDesc>
        <titleStmt>
          <title>Index van Scheepsnamen</title>
        </titleStmt>
        <publicationStmt>
          <p>
            <date></date>
            <idno type="sourceID">missiven:vol5</idno>
            <idno type="pid">INT_5f38b36d-1f18-3991-85e6-8faee05f975a</idno>
          </p>
        </publicationStmt>
        <notesStmt>
          <note/>
        </notesStmt>
        <sourceDesc>
          <listBibl xml:id="inlMetadata">
            <bibl>
        <interpGrp type="page"><interp>904</interp></interpGrp>
        <interpGrp type="tocLevel"><interp>0</interp></interpGrp>
        <interpGrp type="volume"><interp>5</interp></interpGrp>
        <interpGrp type="n"><interp></interp></interpGrp>
        <interpGrp type="pid"><interp>INT_5f38b36d-1f18-3991-85e6-8faee05f975a</interp></interpGrp>
        <interpGrp type="titleLevel1"><interp>Index van Scheepsnamen</interp></interpGrp>
      </bibl>
          </listBibl>
        </sourceDesc>
      </fileDesc>
    </teiHeader>
                <text xml:id="INT_5f38b36d-1f18-3991-85e6-8faee05f975a.TEI.1.text.1">
                  <body xml:id="INT_5f38b36d-1f18-3991-85e6-8faee05f975a.TEI.1.text.1.body.1">
                    <div xml:id="INT_5f38b36d-1f18-3991-85e6-8faee05f975a.TEI.1.text.1.body.1.div.1">
        
              <pb xml:id="INT_5f38b36d-1f18-3991-85e6-8faee05f975a.TEI.1.text.1.body.1.div.1.pb.1" n="904" facs="http://resources.huygens.knaw.nl/retroapp/service_generalemissiven/gm_05/images/gm_5_150_0904.tif"/><head xml:id="INT_5f38b36d-1f18-3991-85e6-8faee05f975a.TEI.1.text.1.body.1.div.1.head.1" xml:lang="nl" rend="font-size: 14; text-align: center; line-height: 15.5pt; margin-left: 100" xmlns="http://www.tei-c.org/ns/1.0">INDEX VAN SCHEEPSNAMEN<lb/></head><p xml:id="INT_5f38b36d-1f18-3991-85e6-8faee05f975a.TEI.1.text.1.body.1.div.1.p.1" xml:lang="nl" rend="font-size: 8.5; line-height: 9.4pt; margin-left: 8100" xmlns="http://www.tei-c.org/ns/1.0">A.<lb/></p><p xml:id="INT_5f38b36d-1f18-3991-85e6-8faee05f975a.TEI.1.text.1.body.1.div.1.p.2" xml:lang="nl" rend="font-size: 8.5; line-height: 9.6pt" xmlns="http://www.tei-c.org/ns/1.0">Aardenhout 146, 351, 352, 372, 520, 783<lb/> Adrichem 3, 15, 54, 142, 176, 246, 279, 285,<lb/> 323, 376, 377, 414, 422, 536, 555, 642, 701<lb/> Afrika, zie ook Coche 339<lb/> Agatha 650, 666<lb/> Alexander 363, 409, 470<lb/> Alida 439<lb/></p><p xml:id="INT_5f38b36d-1f18-3991-85e6-8faee05f975a.TEI.1.text.1.body.1.div.1.p.3" xml:lang="nl" rend="font-size: 8.5; line-height: 9.6pt" xmlns="http://www.tei-c.org/ns/1.0">Alkmaar, zie Wapen van Alkmaar<lb/> Ambo(i)n(a) 198, 252<lb/></p><p xml:id="INT_5f38b36d-1f18-3991-85e6-8faee05f975a.TEI.1.text.1.body.1.div.1.p.4" xml:lang="nl" rend="font-size: 8.5; text-align: justify; line-height: 9.6pt" xmlns="http://www.tei-c.org/ns/1.0">Amerika 4, 112, 125, 169, 212, 257, 312, 774<lb/> Amsterdam 301, 475<lb/></p><p xml:id="INT_5f38b36d-1f18-3991-85e6-8faee05f975a.TEI.1.text.1.body.1.div.1.p.5" xml:lang="nl" rend="font-size: 8.5; line-height: 9.6pt" xmlns="http://www.tei-c.org/ns/1.0">Andromeda 424, 469, 586, 605, 624, 628, 656,<lb/> 668, 720, 753<lb/> Antilope (Eng.) 846<lb/></p><p xml:id="INT_5f38b36d-1f18-3991-85e6-8faee05f975a.TEI.1.text.1.body.1.div.1.p.6" xml:lang="nl" rend="margin-left: 1000; line-height: 9.6pt; text-indent: -10.0pt; text-align: justify; font-size: 8.5" xmlns="http://www.tei-c.org/ns/1.0">Arend, Zwarte 112, 164, 347, 351, 508, 519,<lb/> 585, 737, 752, 828, 840<lb/></p><p xml:id="INT_5f38b36d-1f18-3991-85e6-8faee05f975a.TEI.1.text.1.body.1.div.1.p.7" xml:lang="nl" rend="font-size: 8; font-weight: bold; line-height: 8.9pt; margin-left: 8100" xmlns="http://www.tei-c.org/ns/1.0">B.<lb/></p><p xml:id="INT_5f38b36d-1f18-3991-85e6-8faee05f975a.TEI.1.text.1.body.1.div.1.p.8" xml:lang="nl" rend="margin-left: 1000; line-height: 9.3pt; text-indent: -10.0pt; text-align: justify; font-size: 8.5" xmlns="http://www.tei-c.org/ns/1.0">Baarn 90, 144, 274, 329, 351, 376, 377, 392,<lb/> 420<lb/></p><p xml:id="INT_5f38b36d-1f18-3991-85e6-8faee05f975a.TEI.1.text.1.body.1.div.1.p.9" xml:lang="nl" rend="font-size: 8.5; line-height: 9.3pt" xmlns="http://www.tei-c.org/ns/1.0">Bantam 62, 99, 138, 167, 181, 295, 344, 351,<lb/> 354, 376, 377, 381, 388, 416, 418, 439, 605,<lb/> 649, 726, 779, 819<lb/> Baros 843<lb/></p><p xml:id="INT_5f38b36d-1f18-3991-85e6-8faee05f975a.TEI.1.text.1.body.1.div.1.p.10" xml:lang="nl" rend="margin-left: 1000; line-height: 9.3pt; text-indent: -10.0pt; text-align: justify; font-size: 8.5" xmlns="http://www.tei-c.org/ns/1.0">Batavia, Kasteel (van) 14, 56, 68, 104, 158,<lb/> 202, 252, 296, 338, 430, 484, 485, 600, 563,<lb/> 625, 660, 687, 698, 703, 754, 765, 807, 855,<lb/> 857<lb/></p><p xml:id="INT_5f38b36d-1f18-3991-85e6-8faee05f975a.TEI.1.text.1.body.1.div.1.p.11" xml:lang="nl" rend="font-size: 8.5; line-height: 9.3pt" xmlns="http://www.tei-c.org/ns/1.0">Beer, Gele 20<lb/></p><p xml:id="INT_5f38b36d-1f18-3991-85e6-8faee05f975a.TEI.1.text.1.body.1.div.1.p.12" xml:lang="nl" rend="font-size: 8.5; line-height: 9.3pt" xmlns="http://www.tei-c.org/ns/1.0">Beieren 668, 703, 736, 807, 808, 863<lb/> Berkestein 736, 794, 821<lb/> Belois 376, 408, 439, 599, 624, 662, 687, 691,<lb/> 693, 720, 777, 849<lb/> Bengkulu-Merchant (Eng.) 590<lb/> Berkel 502, 628, 565, 567, 588, 688, 706, 709,<lb/> 711, 712, 849<lb/> Berkenrode 779, 819<lb/> Berkmeer 12, 321, 362<lb/> Betuwe 8, 150<lb/></p><p xml:id="INT_5f38b36d-1f18-3991-85e6-8faee05f975a.TEI.1.text.1.body.1.div.1.p.13" xml:lang="nl" rend="font-size: 8.5; line-height: 9.3pt" xmlns="http://www.tei-c.org/ns/1.0">Beurs (van Amsterdam) 24, 65, 235, 238, 246,<lb/> 284, 323, 363, 484, 500, 552, 554, 564, 628<lb/> „Bierhanes” (Eng.) 111<lb/> Blauwenberg 227, 323, 326, 409, 470, 628,<lb/> 632, 689, 724<lb/></p><p xml:id="INT_5f38b36d-1f18-3991-85e6-8faee05f975a.TEI.1.text.1.body.1.div.1.p.14" xml:lang="nl" rend="font-size: 8.5; line-height: 9.3pt" xmlns="http://www.tei-c.org/ns/1.0">Boa Esperance (Port.) 334<lb/></p><p xml:id="INT_5f38b36d-1f18-3991-85e6-8faee05f975a.TEI.1.text.1.body.1.div.1.p.15" xml:lang="nl" rend="font-size: 8.5; line-height: 9.6pt" xmlns="http://www.tei-c.org/ns/1.0">Bode, Javaanse 29, 104, 684<lb/> Bombay(n) 14, 160, 181, 232, 285, 365, 376,<lb/> 377, 379, 416, 542, 642, 727, 740, 746, 787<lb/> Boor 779<lb/></p><p xml:id="INT_5f38b36d-1f18-3991-85e6-8faee05f975a.TEI.1.text.1.body.1.div.1.p.16" xml:lang="nl" rend="margin-left: 1000; line-height: 9.6pt; text-indent: -10.0pt; text-align: justify; font-size: 8.5" xmlns="http://www.tei-c.org/ns/1.0">Bor(s)senburg 195, 235, 270, 334, 367, 370,<lb/> 375, 508, 555, 639, 642, 643, 690, 727, 761,<lb/> 795, 821, 857<lb/></p><p xml:id="INT_5f38b36d-1f18-3991-85e6-8faee05f975a.TEI.1.text.1.body.1.div.1.p.17" xml:lang="nl" rend="font-size: 8.5; line-height: 9.6pt" xmlns="http://www.tei-c.org/ns/1.0">Boswijk 7, 28, 273, 323, 328, 532, 589, 590,<lb/> 633, 662, 693, 697, 699, 761, 784, 796, 838<lb/> Bovenkarspel 54, 137, 176, 235, 332, 379, 475,<lb/> 477, 482, 485, 542, 593, 690, 813<lb/> Brandenburg 502, 553, 563, 649, 736, 779,<lb/> 860<lb/></p><p xml:id="INT_5f38b36d-1f18-3991-85e6-8faee05f975a.TEI.1.text.1.body.1.div.1.p.18" xml:lang="nl" rend="font-size: 8.5; line-height: 9.6pt" xmlns="http://www.tei-c.org/ns/1.0">Bri(e)l 100, 137, 138, 145, 379, 393, 416, 447,<lb/> 520, 613, 668, 677, 717<lb/> Bronsté(e) 24, 43, 137, 164, 260, 301, 351,<lb/> 388, 392, 605, 656, 668, 744, 750<lb/> Bruinvis 284, 323, 363, 410, 539, 501, 793<lb/> Buis, Gouden 668, 706, 772<lb/> Burcht van Leiden 24<lb/> Bij(e) 604, 692, 698, 758<lb/></p><p xml:id="INT_5f38b36d-1f18-3991-85e6-8faee05f975a.TEI.1.text.1.body.1.div.1.p.19" xml:lang="nl" rend="font-size: 8.5; text-align: center; line-height: 9.4pt; margin-left: 100" xmlns="http://www.tei-c.org/ns/1.0">C.<lb/></p><p xml:id="INT_5f38b36d-1f18-3991-85e6-8faee05f975a.TEI.1.text.1.body.1.div.1.p.20" xml:lang="nl" rend="font-size: 8.5; line-height: 9.6pt; margin-right: 8900" xmlns="http://www.tei-c.org/ns/1.0">Caesar (Eng.) 86, 322<lb/> Calant 632<lb/></p><p xml:id="INT_5f38b36d-1f18-3991-85e6-8faee05f975a.TEI.1.text.1.body.1.div.1.p.21" xml:lang="nl" rend="font-size: 8.5; line-height: 9.6pt" xmlns="http://www.tei-c.org/ns/1.0">Capelle 99, 137, 176, 234, 235, 246, 279, 296,<lb/> 329, 330, 349<lb/> Cartana (Eng.) 372<lb/> Carthago 605, 649, 779, 842<lb/> Carwar Merchant (Eng.) 735<lb/> Castricum 24, 56, 75, 260, 282, 319, 323, 338,<lb/> 345, 363, 502, 564, 632, 634, 662, 727<lb/> Ceram 712, 719, 822, 824<lb/> Charles, Royal (Eng.) 51, 280, 634, 662<lb/> China 195, 284, 301, 333, 376, 439<lb/> China Merchant (Eng.) 2<lb/> Civetkat 54, 160, 274, 434, 475, 477, 496, 500,<lb/> 508, 519, 625, 659, 674-676, 691, 753<lb/> Coche, zie ook Afrika 339, 812<lb/> Cochin 596<lb/></p><p xml:id="INT_5f38b36d-1f18-3991-85e6-8faee05f975a.TEI.1.text.1.body.1.div.1.p.22" xml:lang="nl" rend="font-size: 8.5; line-height: 9.6pt" xmlns="http://www.tei-c.org/ns/1.0">Coevorden 24, 88, 142, 235, 245, 275, 276,<lb/> 338, 477, 485<lb/> Colton (Eng.) 726<lb/></p><p xml:id="INT_5f38b36d-1f18-3991-85e6-8faee05f975a.TEI.1.text.1.body.1.div.1.p.23" xml:lang="nl" rend="font-size: 8.5; line-height: 9.6pt" xmlns="http://www.tei-c.org/ns/1.0">Cortgene 77, 99, 100, 137, 387, 484, 499, 552,<lb/> 599, 605, 703, 728, 741, 742, 765<lb/> Cro(o)nenburg 24, 56, 58, 75, 351, 376, 377,<lb/> 392, 420, 462, 464, 482, 493, 494, 508, 540<lb/></p><pb xml:id="INT_5f38b36d-1f18-3991-85e6-8faee05f975a.TEI.1.text.1.body.1.div.1.pb.2" n="905" facs="http://resources.huygens.knaw.nl/retroapp/service_generalemissiven/gm_05/images/gm_5_150_0905.tif"/><fw xml:id="INT_5f38b36d-1f18-3991-85e6-8faee05f975a.TEI.1.text.1.body.1.div.1.fw.1" place="top" type="head" facs="#zone.2661787" xmlns="http://www.tei-c.org/ns/1.0">INDEX VAN SCHEEPSNAMEN</fw><fw xml:id="INT_5f38b36d-1f18-3991-85e6-8faee05f975a.TEI.1.text.1.body.1.div.1.fw.2" place="top" type="page-number" facs="#zone.2661793" xmlns="http://www.tei-c.org/ns/1.0">905</fw><p xml:id="INT_5f38b36d-1f18-3991-85e6-8faee05f975a.TEI.1.text.1.body.1.div.1.p.24" xml:lang="nl" rend="font-size: 8.5; text-align: justify; line-height: 9.9pt; margin-left: 1100" xmlns="http://www.tei-c.org/ns/1.0">574, 585, 608, 625, 659, 677, 716, 717, 737,<lb/> 739, 752<lb/></p><p xml:id="INT_5f38b36d-1f18-3991-85e6-8faee05f975a.TEI.1.text.1.body.1.div.1.p.25" xml:lang="nl" rend="font-size: 8.5; line-height: 9.9pt" xmlns="http://www.tei-c.org/ns/1.0">Cygnet (Eng.) 110<lb/></p><p xml:id="INT_5f38b36d-1f18-3991-85e6-8faee05f975a.TEI.1.text.1.body.1.div.1.p.26" xml:lang="nl" rend="font-size: 8; text-align: center; line-height: 8.9pt" xmlns="http://www.tei-c.org/ns/1.0">D.<lb/></p><p xml:id="INT_5f38b36d-1f18-3991-85e6-8faee05f975a.TEI.1.text.1.body.1.div.1.p.27" xml:lang="nl" rend="font-size: 8.5; line-height: 9.6pt; margin-right: 6900" xmlns="http://www.tei-c.org/ns/1.0">Dageraad 706, 772<lb/> Dansborg (Deens) 225, 408<lb/> Delft 276<lb/></p><p xml:id="INT_5f38b36d-1f18-3991-85e6-8faee05f975a.TEI.1.text.1.body.1.div.1.p.28" xml:lang="nl" rend="font-size: 8.5; line-height: 9.6pt; margin-right: 6900" xmlns="http://www.tei-c.org/ns/1.0">Diamond (Eng.) 540<lb/> Diana (Eng.) 556<lb/></p><p xml:id="INT_5f38b36d-1f18-3991-85e6-8faee05f975a.TEI.1.text.1.body.1.div.1.p.29" xml:lang="nl" rend="font-size: 8.5; line-height: 9.6pt" xmlns="http://www.tei-c.org/ns/1.0">Dieren 605, 633, 639, 662, 690, 691, 759, 777<lb/> Djambi 24, 136, 144, 162, 181. 260, 281, 303,<lb/> 323, 330, 363, 376-378, 408, 416, 420, 484,<lb/> 488, 493, 517, 581, 661, 677, 679, 682<lb/> Domburg 502, 563, 632, 736, 794, 820, 824,<lb/> 837, 863<lb/></p><p xml:id="INT_5f38b36d-1f18-3991-85e6-8faee05f975a.TEI.1.text.1.body.1.div.1.p.30" xml:lang="nl" rend="font-size: 8.5; line-height: 9.6pt" xmlns="http://www.tei-c.org/ns/1.0">Donkervliet 834, 861, 863<lb/> Doradus 79, 116, 262, 355, 397, 525, 527<lb/> Dorothy (Eng.) 344, 556, 726<lb/> Dragon (Eng.) 13<lb/></p><p xml:id="INT_5f38b36d-1f18-3991-85e6-8faee05f975a.TEI.1.text.1.body.1.div.1.p.31" xml:lang="nl" rend="font-size: 8.5; line-height: 9.6pt" xmlns="http://www.tei-c.org/ns/1.0">Drakestein 137, 157, 159, 173, 174, 176, 184,<lb/> 223, 232, 273, 328, 475, 500, 540, 640<lb/> Drechterland 295, 296, 323, 330, 344, 363,<lb/> 379, 503, 543, 552, 554, 555, 565, 769, 856<lb/> Driebergen 605, 649, 663, 779, 796, 802, 819<lb/> Drie Kronen 668, 779, 799, 819<lb/> Drommedaire (Frans) 125, 153<lb/> Duif 77, 104, 227, 397, 410, 413, 469, 487,<lb/> 502, 596, 601, 624, 656, 657, 668, 725, 784<lb/></p><p xml:id="INT_5f38b36d-1f18-3991-85e6-8faee05f975a.TEI.1.text.1.body.1.div.1.p.32" xml:lang="nl" rend="font-size: 8.5; line-height: 9.6pt" xmlns="http://www.tei-c.org/ns/1.0">Eddomonie 276<lb/></p><p xml:id="INT_5f38b36d-1f18-3991-85e6-8faee05f975a.TEI.1.text.1.body.1.div.1.p.33" xml:lang="nl" rend="font-size: 8.5; line-height: 9.6pt" xmlns="http://www.tei-c.org/ns/1.0">Eemland 54, 162, 219, 221, 269, 270, 318, 360,<lb/> 376, 410, 435, 477, 482, 499, 542, 544, 545,<lb/> 549, 599, 608, 610, 645, 783, 830, 837<lb/> Eemnes 233, 260, 263, 284, 290, 292, 293, 295,<lb/> 428, 439, 475, 499, 542, 596, 736, 852, 853<lb/> Eendracht 96<lb/></p><p xml:id="INT_5f38b36d-1f18-3991-85e6-8faee05f975a.TEI.1.text.1.body.1.div.1.p.34" xml:lang="nl" rend="font-size: 8.5; line-height: 9.6pt; margin-left: 1100; text-indent: -11.0pt" xmlns="http://www.tei-c.org/ns/1.0">Eenhoorn 99, 138, 140, 156, 159, 387, 388,<lb/> 439, 649, 777<lb/></p><p xml:id="INT_5f38b36d-1f18-3991-85e6-8faee05f975a.TEI.1.text.1.body.1.div.1.p.35" xml:lang="nl" rend="margin-left: 1100; line-height: 9.6pt; text-indent: -11.0pt; text-align: justify; font-size: 8.5" xmlns="http://www.tei-c.org/ns/1.0">Egelenburg (Eikelenburg) 137, 181, 232, 274,<lb/> 376, 402, 405, 420, 472, 475, 477, 603, 736,<lb/> 745, 779<lb/></p><p xml:id="INT_5f38b36d-1f18-3991-85e6-8faee05f975a.TEI.1.text.1.body.1.div.1.p.36" xml:lang="nl" rend="font-size: 8.5; line-height: 9.6pt" xmlns="http://www.tei-c.org/ns/1.0">Egmond 120, 123, 351<lb/> Eikelenburg, zie Egelenburg<lb/> Elisaboth 295, 341, 347, 351, 395, 424, 536,<lb/> 689<lb/></p><p xml:id="INT_5f38b36d-1f18-3991-85e6-8faee05f975a.TEI.1.text.1.body.1.div.1.p.37" xml:lang="nl" rend="font-size: 8.5; line-height: 9.6pt" xmlns="http://www.tei-c.org/ns/1.0">Engel Michiel 439<lb/></p><p xml:id="INT_5f38b36d-1f18-3991-85e6-8faee05f975a.TEI.1.text.1.body.1.div.1.p.38" xml:lang="nl" rend="font-size: 8.5; line-height: 9.6pt" xmlns="http://www.tei-c.org/ns/1.0">Escueille (Frans) 632, 634, 662, 796<lb/></p><p xml:id="INT_5f38b36d-1f18-3991-85e6-8faee05f975a.TEI.1.text.1.body.1.div.1.p.39" xml:lang="nl" rend="font-size: 8.5; line-height: 9.6pt" xmlns="http://www.tei-c.org/ns/1.0">Europa 24<lb/></p><p xml:id="INT_5f38b36d-1f18-3991-85e6-8faee05f975a.TEI.1.text.1.body.1.div.1.p.40" xml:lang="nl" rend="font-size: 8.5; line-height: 9.6pt" xmlns="http://www.tei-c.org/ns/1.0">Expectation (Eng.) 23<lb/></p><p xml:id="INT_5f38b36d-1f18-3991-85e6-8faee05f975a.TEI.1.text.1.body.1.div.1.p.41" xml:lang="nl" rend="font-size: 8.5; text-align: center; line-height: 9.4pt" xmlns="http://www.tei-c.org/ns/1.0">F.<lb/></p><p xml:id="INT_5f38b36d-1f18-3991-85e6-8faee05f975a.TEI.1.text.1.body.1.div.1.p.42" xml:lang="nl" rend="font-size: 8.5; line-height: 9.3pt" xmlns="http://www.tei-c.org/ns/1.0">Faam 330, 376, 435, 439, 475, 668, 698, 779,<lb/> 798, 807, 809, 830, 855, 858<lb/> Fattemurad (Hindust.) 855<lb/></p><p xml:id="INT_5f38b36d-1f18-3991-85e6-8faee05f975a.TEI.1.text.1.body.1.div.1.p.43" xml:lang="nl" rend="font-size: 8.5; line-height: 9.6pt; margin-right: 1800" xmlns="http://www.tei-c.org/ns/1.0">Fattesy (Hindust.) 858<lb/> Florissant (Frans) 709<lb/></p><p xml:id="INT_5f38b36d-1f18-3991-85e6-8faee05f975a.TEI.1.text.1.body.1.div.1.p.44" xml:lang="nl" rend="margin-left: 1100; line-height: 9.6pt; text-indent: -11.0pt; text-align: justify; font-size: 8.5" xmlns="http://www.tei-c.org/ns/1.0">Fortuin 320, 362, 482, 535, 639, 689, 742, 746,<lb/> 807, 809<lb/></p><p xml:id="INT_5f38b36d-1f18-3991-85e6-8faee05f975a.TEI.1.text.1.body.1.div.1.p.45" xml:lang="nl" rend="font-size: 8.5; line-height: 9.6pt; margin-right: 7400" xmlns="http://www.tei-c.org/ns/1.0">Fortuin (Siams) 185<lb/> Four Brothers (Eng.) 492<lb/></p><p xml:id="INT_5f38b36d-1f18-3991-85e6-8faee05f975a.TEI.1.text.1.body.1.div.1.p.46" xml:lang="nl" rend="font-size: 8.5; line-height: 9.4pt; margin-left: 8100" xmlns="http://www.tei-c.org/ns/1.0">G.<lb/></p><p xml:id="INT_5f38b36d-1f18-3991-85e6-8faee05f975a.TEI.1.text.1.body.1.div.1.p.47" xml:lang="nl" rend="margin-left: 1100; line-height: 9.6pt; text-indent: -11.0pt; text-align: justify; font-size: 8.5" xmlns="http://www.tei-c.org/ns/1.0">Ga(a)sperdam 63, 88, 127, 172, 173, 218, 268,<lb/> 316, 359, 376, 407, 464, 465, 496, 519, 593,<lb/> 634<lb/></p><p xml:id="INT_5f38b36d-1f18-3991-85e6-8faee05f975a.TEI.1.text.1.body.1.div.1.p.48" xml:lang="nl" rend="margin-left: 1100; line-height: 9.6pt; text-indent: -11.0pt; text-align: justify; font-size: 8.5" xmlns="http://www.tei-c.org/ns/1.0">Gaillardo (Frans) 125, 153, 634, 662, 796<lb/></p><p xml:id="INT_5f38b36d-1f18-3991-85e6-8faee05f975a.TEI.1.text.1.body.1.div.1.p.49" xml:lang="nl" rend="margin-left: 1100; line-height: 9.6pt; text-indent: -11.0pt; text-align: justify; font-size: 8.5" xmlns="http://www.tei-c.org/ns/1.0">Gansaway (Hindustaans) 744, 858<lb/></p><p xml:id="INT_5f38b36d-1f18-3991-85e6-8faee05f975a.TEI.1.text.1.body.1.div.1.p.50" xml:lang="nl" rend="margin-left: 1100; line-height: 9.6pt; text-indent: -11.0pt; text-align: justify; font-size: 8.5" xmlns="http://www.tei-c.org/ns/1.0">Geelvink 834, 845, 861, 864<lb/></p><p xml:id="INT_5f38b36d-1f18-3991-85e6-8faee05f975a.TEI.1.text.1.body.1.div.1.p.51" xml:lang="nl" rend="margin-left: 1100; line-height: 9.6pt; text-indent: -11.0pt; text-align: justify; font-size: 8.5" xmlns="http://www.tei-c.org/ns/1.0">Gent 736, 777<lb/></p><p xml:id="INT_5f38b36d-1f18-3991-85e6-8faee05f975a.TEI.1.text.1.body.1.div.1.p.52" xml:lang="nl" rend="margin-left: 1100; line-height: 9.6pt; text-indent: -11.0pt; text-align: justify; font-size: 8.5" xmlns="http://www.tei-c.org/ns/1.0">George (Eng.) 321<lb/></p><p xml:id="INT_5f38b36d-1f18-3991-85e6-8faee05f975a.TEI.1.text.1.body.1.div.1.p.53" xml:lang="nl" rend="margin-left: 1100; line-height: 9.6pt; text-indent: -11.0pt; text-align: justify; font-size: 8.5" xmlns="http://www.tei-c.org/ns/1.0">Gerechtigheid 837<lb/></p><p xml:id="INT_5f38b36d-1f18-3991-85e6-8faee05f975a.TEI.1.text.1.body.1.div.1.p.54" xml:lang="nl" rend="font-size: 8.5; line-height: 9.6pt" xmlns="http://www.tei-c.org/ns/1.0">Gideon 14, 100, 138, 164, 232, 273, 328, 351,<lb/> 372, 376, 392, 399, 409, 472, 475, 658, 720<lb/> Goede Hoop, zie ook Normande 339, 381, 387,<lb/> 422, 477, 482, 508, 552, 596<lb/> Goede wind 127<lb/> Gorcum 107<lb/></p><p xml:id="INT_5f38b36d-1f18-3991-85e6-8faee05f975a.TEI.1.text.1.body.1.div.1.p.55" xml:lang="nl" rend="font-size: 8.5; line-height: 9.6pt" xmlns="http://www.tei-c.org/ns/1.0">Goudestein 99, 156, 159, 381, 387, 439, 605,<lb/> 643, 736, 741, 742, 769, 770, 846<lb/> Goudvink 96<lb/></p><p xml:id="INT_5f38b36d-1f18-3991-85e6-8faee05f975a.TEI.1.text.1.body.1.div.1.p.56" xml:lang="nl" rend="font-size: 8.5; line-height: 9.6pt; margin-right: 2700" xmlns="http://www.tei-c.org/ns/1.0">Goudvis 66, 227, 592, 601, 689, 756<lb/> Grave, Stad 163, 195, 252<lb/> Griffioen 252<lb/> Grimmestein 834, 863<lb/></p><p xml:id="INT_5f38b36d-1f18-3991-85e6-8faee05f975a.TEI.1.text.1.body.1.div.1.p.57" xml:lang="nl" rend="font-size: 8.5; line-height: 9.6pt" xmlns="http://www.tei-c.org/ns/1.0">Grijpvogel 137, 181, 204, 227, 323, 344, 347,<lb/> 363, 375, 410, 413, 472, 599, 610, 612<lb/> Guldewagen 7, 24, 37, 38, 75, 252<lb/></p><p xml:id="INT_5f38b36d-1f18-3991-85e6-8faee05f975a.TEI.1.text.1.body.1.div.1.p.58" xml:lang="nl" rend="font-size: 8; line-height: 8.9pt; margin-left: 8100" xmlns="http://www.tei-c.org/ns/1.0">H.<lb/></p><p xml:id="INT_5f38b36d-1f18-3991-85e6-8faee05f975a.TEI.1.text.1.body.1.div.1.p.59" xml:lang="nl" rend="font-size: 8.5; line-height: 9.6pt; margin-right: 2700" xmlns="http://www.tei-c.org/ns/1.0">Haan(tje) 376, 388, 397, 678, 748, 781<lb/> Haas 608<lb/></p><p xml:id="INT_5f38b36d-1f18-3991-85e6-8faee05f975a.TEI.1.text.1.body.1.div.1.p.60" xml:lang="nl" rend="font-size: 8.5; line-height: 9.6pt" xmlns="http://www.tei-c.org/ns/1.0">Handboog 295, 376, 439, 475, 477, 499, 534,<lb/> 565, 567, 598, 736, 777, 863<lb/> Helder 7, 24, 54, 75, 137, 195, 235, 378, 420,<lb/> 484, 542, 553, 554<lb/> Hellevoetsluis 61, 88<lb/> Hen 779, 820, 833, 834<lb/> Hendrik Maurits 99, 158, 202, 217, 218, 267,<lb/> 268, 376, 388, 402, 439, 443, 487, 517, 576,<lb/> 581, 605, 657, 674, 675, 709, 714<lb/> Henricus 7, 582<lb/></p><p xml:id="INT_5f38b36d-1f18-3991-85e6-8faee05f975a.TEI.1.text.1.body.1.div.1.p.61" xml:lang="nl" rend="font-size: 8.5; line-height: 9.6pt" xmlns="http://www.tei-c.org/ns/1.0">Herbert (Eng.) 72, 75, 83, 84, 123, 126, 132<lb/> Herderin 424, 477, 496, 602, 633, 677, 783,<lb/> 824<lb/></p><p xml:id="INT_5f38b36d-1f18-3991-85e6-8faee05f975a.TEI.1.text.1.body.1.div.1.p.62" xml:lang="nl" rend="font-size: 8.5; line-height: 9.6pt" xmlns="http://www.tei-c.org/ns/1.0">Hirondelle (Frans) 434, 487<lb/> Hobré(e) 99, 137, 160, 181, 232, 376-378, 420,<lb/> 482, 484, 486, 549, 559, 604, 661, 690, 741,<lb/> 750, 761, 810, 856, 858<lb/> Hoefijzer 24, 88, 853<lb/> Hoen 560, 601, 768, 807, 855, 858<lb/> Honsholredijk 24, 75, 195, 232, 233, 285, 295,<lb/></p><pb xml:id="INT_5f38b36d-1f18-3991-85e6-8faee05f975a.TEI.1.text.1.body.1.div.1.pb.3" n="906" facs="http://resources.huygens.knaw.nl/retroapp/service_generalemissiven/gm_05/images/gm_5_150_0906.tif"/><fw xml:id="INT_5f38b36d-1f18-3991-85e6-8faee05f975a.TEI.1.text.1.body.1.div.1.fw.3" place="top" type="page-number" facs="#zone.2665537" xmlns="http://www.tei-c.org/ns/1.0">906</fw><fw xml:id="INT_5f38b36d-1f18-3991-85e6-8faee05f975a.TEI.1.text.1.body.1.div.1.fw.4" place="top" type="head" facs="#zone.2665541" xmlns="http://www.tei-c.org/ns/1.0">INDEX VAN SCHEEPSNAMEN</fw><p xml:id="INT_5f38b36d-1f18-3991-85e6-8faee05f975a.TEI.1.text.1.body.1.div.1.p.63" xml:lang="nl" rend="font-size: 8.5; text-align: justify; line-height: 9.6pt; margin-left: 1000" xmlns="http://www.tei-c.org/ns/1.0">486, 552, 553, 557, 558, 564, 632, 736, 787,<lb/> 829, 843, 861<lb/></p><p xml:id="INT_5f38b36d-1f18-3991-85e6-8faee05f975a.TEI.1.text.1.body.1.div.1.p.64" xml:lang="nl" rend="margin-left: 1000; line-height: 9.6pt; text-indent: -10.0pt; text-align: justify; font-size: 8.5" xmlns="http://www.tei-c.org/ns/1.0">Ho(o)gergeest 51, 54, 137, 176, 233, 234, 275,<lb/> 323, 329, 330, 363-365, 375, 492, 493, 508,<lb/> 644<lb/></p><p xml:id="INT_5f38b36d-1f18-3991-85e6-8faee05f975a.TEI.1.text.1.body.1.div.1.p.65" xml:lang="nl" rend="font-size: 8.5; line-height: 9.6pt; margin-right: 8100" xmlns="http://www.tei-c.org/ns/1.0">Houtsnip 409, 603, 689<lb/> Huis te Bergen 54<lb/></p><p xml:id="INT_5f38b36d-1f18-3991-85e6-8faee05f975a.TEI.1.text.1.body.1.div.1.p.66" xml:lang="nl" rend="font-size: 8.5; line-height: 9.6pt" xmlns="http://www.tei-c.org/ns/1.0">Huis te(r) Duine(n) 709, 735, 834, 842, 844<lb/> Huis te Kleef 253<lb/></p><p xml:id="INT_5f38b36d-1f18-3991-85e6-8faee05f975a.TEI.1.text.1.body.1.div.1.p.67" xml:lang="nl" rend="font-size: 8.5; line-height: 9.6pt" xmlns="http://www.tei-c.org/ns/1.0">Huis te Loo 605, 625, 659, 661, 701, 779, 819<lb/> Huis te Merwede 150<lb/> Huis te Overrijp 779<lb/></p><p xml:id="INT_5f38b36d-1f18-3991-85e6-8faee05f975a.TEI.1.text.1.body.1.div.1.p.68" xml:lang="nl" rend="font-size: 8.5; line-height: 9.6pt" xmlns="http://www.tei-c.org/ns/1.0">Huis te Spijk 24, 43, 125, 176, 235, 260, 296,<lb/> 298, 338, 379, 462, 482, 499, 528, 588, 630,<lb/> 656, 668, 687, 720<lb/> Hulk, Blauwe 2, 4, 165, 487<lb/></p><p xml:id="INT_5f38b36d-1f18-3991-85e6-8faee05f975a.TEI.1.text.1.body.1.div.1.p.69" xml:lang="nl" rend="margin-left: 1000; line-height: 9.6pt; text-indent: -10.0pt; text-align: justify; font-size: 8.5" xmlns="http://www.tei-c.org/ns/1.0">Hpendam, Hof van 601, 604, 741, 742, 771,<lb/> 860<lb/></p><p xml:id="INT_5f38b36d-1f18-3991-85e6-8faee05f975a.TEI.1.text.1.body.1.div.1.p.70" xml:lang="nl" rend="margin-left: 1000; line-height: 9.6pt; text-indent: -10.0pt; text-align: justify; font-size: 8.5" xmlns="http://www.tei-c.org/ns/1.0">It(t)ershem 599, 625, 649, 650, 659, 666, 779,<lb/> 820, 824, 836, 842, 862<lb/></p><p xml:id="INT_5f38b36d-1f18-3991-85e6-8faee05f975a.TEI.1.text.1.body.1.div.1.p.71" xml:lang="nl" rend="font-size: 8; font-weight: bold; text-align: center; line-height: 8.9pt" xmlns="http://www.tei-c.org/ns/1.0">J.<lb/></p><p xml:id="INT_5f38b36d-1f18-3991-85e6-8faee05f975a.TEI.1.text.1.body.1.div.1.p.72" xml:lang="nl" rend="margin-left: 1000; line-height: 9.6pt; text-indent: -10.0pt; text-align: justify; font-size: 8.5" xmlns="http://www.tei-c.org/ns/1.0">Jager 689<lb/></p><p xml:id="INT_5f38b36d-1f18-3991-85e6-8faee05f975a.TEI.1.text.1.body.1.div.1.p.73" xml:lang="nl" rend="font-size: 8.5; line-height: 9.6pt" xmlns="http://www.tei-c.org/ns/1.0">Jamby Merchant (Eng.) 51<lb/> James, Royal (Eng.) 53, 231, 244, 259, 282,<lb/> 290, 332, 344, 347, 439, 492, 505, 552, 728<lb/> Jane Mary (Eng.) 51<lb/></p><p xml:id="INT_5f38b36d-1f18-3991-85e6-8faee05f975a.TEI.1.text.1.body.1.div.1.p.74" xml:lang="nl" rend="font-size: 8.5; line-height: 9.6pt" xmlns="http://www.tei-c.org/ns/1.0">Java 195, 232, 259, 439, 469, 558, 563, 564,<lb/> 642, 643, 703, 736, 791, 817, 824, 830, 837<lb/> Jerusalem 779, 789, 819<lb/> Jerusalem (Eng.) 767<lb/> Jeu (Frans) 378<lb/> Jonas (Eng.) 735<lb/> Josias (Eng.) 563, 791, 858<lb/></p><p xml:id="INT_5f38b36d-1f18-3991-85e6-8faee05f975a.TEI.1.text.1.body.1.div.1.p.75" xml:lang="nl" rend="font-size: 8; font-weight: bold; text-align: center; line-height: 8.9pt" xmlns="http://www.tei-c.org/ns/1.0">K.<lb/></p><p xml:id="INT_5f38b36d-1f18-3991-85e6-8faee05f975a.TEI.1.text.1.body.1.div.1.p.76" xml:lang="nl" rend="font-size: 8.5; line-height: 9.3pt" xmlns="http://www.tei-c.org/ns/1.0">Kasteel Batavia, zie Batavia, Kasteel<lb/> Kattendijk 779, 819, 820<lb/> Kauw 604, 697-699, 740, 754, <hi rend="font-size:8.5; font-family:Liberation Serif; font-style:italic" xml:lang="nl">155,</hi> 820, 830,<lb/> 842<lb/></p><p xml:id="INT_5f38b36d-1f18-3991-85e6-8faee05f975a.TEI.1.text.1.body.1.div.1.p.77" xml:lang="nl" rend="font-size: 8.5; line-height: 9.3pt; margin-right: 8100" xmlns="http://www.tei-c.org/ns/1.0">Kediri 116, 341<lb/> Keffing 494<lb/> Kemphorn (Eng.) 556<lb/> Kers 820<lb/></p><p xml:id="INT_5f38b36d-1f18-3991-85e6-8faee05f975a.TEI.1.text.1.body.1.div.1.p.78" xml:lang="nl" rend="font-size: 8.5; line-height: 9.3pt" xmlns="http://www.tei-c.org/ns/1.0">Keulen, Stad 736, 756, 781, 819<lb/> Klaverblad 24, 64, 164, 238, 333, 378, 379,<lb/> 416, 475, 624, 593, 633, 702, 717, 736<lb/> Komber 824<lb/></p><p xml:id="INT_5f38b36d-1f18-3991-85e6-8faee05f975a.TEI.1.text.1.body.1.div.1.p.79" xml:lang="nl" rend="font-size: 8.5; line-height: 9.3pt" xmlns="http://www.tei-c.org/ns/1.0">Koning van Bantam 252, 263, 356, 376, 398,<lb/> 430, 599, 605, 687, 720, 828<lb/> Koning William 666, 693<lb/> Korhoen 150<lb/></p><p xml:id="INT_5f38b36d-1f18-3991-85e6-8faee05f975a.TEI.1.text.1.body.1.div.1.p.80" xml:lang="nl" rend="margin-left: 1000; line-height: 9.3pt; text-indent: -10.0pt; text-align: justify; font-size: 8.5" xmlns="http://www.tei-c.org/ns/1.0">Krab 376, 377, 386, 410, 435, 439, 475, 633,<lb/> 639, 690, 701, 834<lb/></p><p xml:id="INT_5f38b36d-1f18-3991-85e6-8faee05f975a.TEI.1.text.1.body.1.div.1.p.81" xml:lang="nl" rend="font-size: 8.5; line-height: 9.6pt" xmlns="http://www.tei-c.org/ns/1.0">Kroonvogel (Craanvogel) 96, 250, 372, 674<lb/> Krijgsman 7, 23<lb/> Kuiper 496<lb/> Kwartel 150<lb/></p><p xml:id="INT_5f38b36d-1f18-3991-85e6-8faee05f975a.TEI.1.text.1.body.1.div.1.p.82" xml:lang="nl" rend="margin-left: 1000; line-height: 9.6pt; text-indent: -10.0pt; text-align: justify; font-size: 8.5" xmlns="http://www.tei-c.org/ns/1.0">’s Lands Welvaren 77, 100, 137, 138, 156, 159,<lb/> 387, 434, 439, 467, 482, 484, 552, 668, 834,<lb/> 863<lb/></p><p xml:id="INT_5f38b36d-1f18-3991-85e6-8faee05f975a.TEI.1.text.1.body.1.div.1.p.83" xml:lang="nl" rend="margin-left: 1000; line-height: 9.6pt; text-indent: -10.0pt; text-align: justify; font-size: 8.5" xmlns="http://www.tei-c.org/ns/1.0">Land van Schouwen 1, 24, 61, 75, 295, 296,<lb/> 349<lb/></p><p xml:id="INT_5f38b36d-1f18-3991-85e6-8faee05f975a.TEI.1.text.1.body.1.div.1.p.84" xml:lang="nl" rend="margin-left: 1000; line-height: 9.6pt; text-indent: -10.0pt; text-align: justify; font-size: 8.5" xmlns="http://www.tei-c.org/ns/1.0">Langewijk 24, 88, 137, 195, 253, 259, 387,<lb/> 389, 431, 439, 605, 635, 639, 661, 722, 724,<lb/> 787, 789, 794<lb/></p><p xml:id="INT_5f38b36d-1f18-3991-85e6-8faee05f975a.TEI.1.text.1.body.1.div.1.p.85" xml:lang="nl" rend="font-size: 8.5; line-height: 9.6pt" xmlns="http://www.tei-c.org/ns/1.0">Lavorette (Frans) 362, 377, 408<lb/> Leeuw, 225, 320, 362, 536, 689<lb/> Leeuw, Moorse (Deens) 408<lb/> Leeuw, Zwarte 387<lb/> Leeuwenberg 99<lb/></p><p xml:id="INT_5f38b36d-1f18-3991-85e6-8faee05f975a.TEI.1.text.1.body.1.div.1.p.86" xml:lang="nl" rend="font-size: 8.5; line-height: 9.6pt" xmlns="http://www.tei-c.org/ns/1.0">Lek 158, 217, 218, 235, 244, 332-334, 376,<lb/> 502, 564, 649, 779, 849<lb/> Lens (? Eng.) 322<lb/> Ligor 625<lb/></p><p xml:id="INT_5f38b36d-1f18-3991-85e6-8faee05f975a.TEI.1.text.1.body.1.div.1.p.87" xml:lang="nl" rend="font-size: 8.5; line-height: 9.6pt" xmlns="http://www.tei-c.org/ns/1.0">Livo (Frans) 362, <hi rend="font-size:8.5; font-family:Liberation Serif; font-style:italic" xml:lang="nl">377,</hi> 408<lb/> Loire (Frans) 125, 153<lb/> Lopbury (Siams) 156<lb/> Loury (Frans) 709<lb/> Love (Engels) 1<lb/> Loyal Captain (Eng.) 323<lb/> Lijster 398<lb/></p><p xml:id="INT_5f38b36d-1f18-3991-85e6-8faee05f975a.TEI.1.text.1.body.1.div.1.p.88" xml:lang="nl" rend="font-size: 8.5; text-align: center; line-height: 9.4pt" xmlns="http://www.tei-c.org/ns/1.0">M.<lb/></p><p xml:id="INT_5f38b36d-1f18-3991-85e6-8faee05f975a.TEI.1.text.1.body.1.div.1.p.89" xml:lang="nl" rend="font-size: 8.5; line-height: 9.6pt" xmlns="http://www.tei-c.org/ns/1.0">Maagd 226<lb/></p><p xml:id="INT_5f38b36d-1f18-3991-85e6-8faee05f975a.TEI.1.text.1.body.1.div.1.p.90" xml:lang="nl" rend="font-size: 8.5; line-height: 9.6pt" xmlns="http://www.tei-c.org/ns/1.0">Maas 10, 142, 195, 232, 235, 246, 285, 295,<lb/> 387, 388, 484, 552, 554, 556, 557, 564, 650<lb/> Madras Liberty (Eng.) 231<lb/> Makassar 248, 252, 397, 621<lb/> Malakka, Nieuw 322<lb/> Maligne (Frans) 12<lb/> Martha (Eng.) 740<lb/> Mary (Eng.) 93, 251<lb/> Mastbosch 99, 137, 176, 232, 285, 328<lb/> Matroos 769, 807, 808, 820, 833, 834<lb/> Mauritius, Eiland 24<lb/> Merel 137, 285, 351, 356, 494<lb/> Mere(n)stein 668, 834, 863<lb/> Merwe 142<lb/></p><p xml:id="INT_5f38b36d-1f18-3991-85e6-8faee05f975a.TEI.1.text.1.body.1.div.1.p.91" xml:lang="nl" rend="font-size: 8.5; line-height: 9.6pt" xmlns="http://www.tei-c.org/ns/1.0">Middelburg 624, 658, 720<lb/> Mindanao Merchant (Eng.) 304, 353, 717<lb/> Mocha (Eng.) 791<lb/> Modena (Eng.) 642<lb/></p><p xml:id="INT_5f38b36d-1f18-3991-85e6-8faee05f975a.TEI.1.text.1.body.1.div.1.p.92" xml:lang="nl" rend="font-size: 8.5; line-height: 9.6pt" xmlns="http://www.tei-c.org/ns/1.0">Moerca(p)pel(le) 1, 7, 30, 162, 189, 376, 377,<lb/> 420, 493, 505, 506, 508, 668, 706<lb/> Montfoort 160, 274, 285, 315, 319, 376-378,<lb/> 397, 398, 420, 665<lb/> Montserrat (Port.) 45<lb/> Morningstar (Eng.) 534<lb/></p><pb xml:id="INT_5f38b36d-1f18-3991-85e6-8faee05f975a.TEI.1.text.1.body.1.div.1.pb.4" n="907" facs="http://resources.huygens.knaw.nl/retroapp/service_generalemissiven/gm_05/images/gm_5_150_0907.tif"/><fw xml:id="INT_5f38b36d-1f18-3991-85e6-8faee05f975a.TEI.1.text.1.body.1.div.1.fw.5" place="top" type="head" facs="#zone.2667580" xmlns="http://www.tei-c.org/ns/1.0">INDEX VAN SCHEEPSNAMEN</fw><fw xml:id="INT_5f38b36d-1f18-3991-85e6-8faee05f975a.TEI.1.text.1.body.1.div.1.fw.6" place="top" type="page-number" facs="#zone.2667586" xmlns="http://www.tei-c.org/ns/1.0">907</fw><p xml:id="INT_5f38b36d-1f18-3991-85e6-8faee05f975a.TEI.1.text.1.body.1.div.1.p.93" xml:lang="nl" rend="font-size: 8.5; line-height: 9.6pt; margin-left: 1000; text-indent: -10.0pt" xmlns="http://www.tei-c.org/ns/1.0">Mijdrecht 379, 381, 387, 475, 477, 500, 552,<lb/> 649, 657, 674, 834, 844<lb/></p><p xml:id="INT_5f38b36d-1f18-3991-85e6-8faee05f975a.TEI.1.text.1.body.1.div.1.p.94" xml:lang="nl" rend="font-size: 8.5; text-align: center; line-height: 9.4pt" xmlns="http://www.tei-c.org/ns/1.0">X.<lb/></p><p xml:id="INT_5f38b36d-1f18-3991-85e6-8faee05f975a.TEI.1.text.1.body.1.div.1.p.95" xml:lang="nl" rend="font-size: 8.5; line-height: 9.3pt" xmlns="http://www.tei-c.org/ns/1.0">Naaldwijk 7, 31, 137, 176, 233, 252<lb/> Naardermeer 8, 78, 79, 112, 164, 301, 376<lb/> Nassau 857<lb/> Nassau (Eng.) 811<lb/> Nederhorst 27, 150<lb/></p><p xml:id="INT_5f38b36d-1f18-3991-85e6-8faee05f975a.TEI.1.text.1.body.1.div.1.p.96" xml:lang="nl" rend="font-size: 8.5; line-height: 9.3pt; margin-left: 1000; text-indent: -10.0pt" xmlns="http://www.tei-c.org/ns/1.0">Nederland 295, 296, 349, 492, 565, 709, 712,<lb/> 736, 749, 799, 819<lb/></p><p xml:id="INT_5f38b36d-1f18-3991-85e6-8faee05f975a.TEI.1.text.1.body.1.div.1.p.97" xml:lang="nl" rend="font-size: 8.5; line-height: 9.3pt" xmlns="http://www.tei-c.org/ns/1.0">Negombo 36-38, 79, 116, 223, 232, 273, 328<lb/> Netelenburg 99, 140, 234, 252<lb/> Nichtevecht 649, 650, 666, 779, 846, 863<lb/> Nierop 7, 54, 137, 142, 246, 279, 295, 332, 387,<lb/> 388, 431, 439, 605, 640, 644, 690, 761, 787,<lb/> 789, 796, 846, 847<lb/></p><p xml:id="INT_5f38b36d-1f18-3991-85e6-8faee05f975a.TEI.1.text.1.body.1.div.1.p.98" xml:lang="nl" rend="font-size: 8.5; line-height: 9.3pt" xmlns="http://www.tei-c.org/ns/1.0">Nieuwland 76, 78, 99, 137, 160, 232, 344, 350,<lb/> 375, 650, 666, 842, 846<lb/> Noord 24<lb/></p><p xml:id="INT_5f38b36d-1f18-3991-85e6-8faee05f975a.TEI.1.text.1.body.1.div.1.p.99" xml:lang="nl" rend="font-size: 8.5; line-height: 9.3pt" xmlns="http://www.tei-c.org/ns/1.0">Normande (Frans), zie ook Goede Hoop 125,<lb/> 153, 171, 339, 812<lb/> Northampton (Eng.) 690, 726<lb/> Nossa Senhora do Livremonto (Port.) 334<lb/> Nossa Senhora de Rosario (Port.) 134<lb/> Nossa Senhora dos Milagros (Port.) 43<lb/> Nijptang 834, 864<lb/></p><p xml:id="INT_5f38b36d-1f18-3991-85e6-8faee05f975a.TEI.1.text.1.body.1.div.1.p.100" xml:lang="nl" rend="font-size: 7.5; font-weight: bold; text-align: center; line-height: 8.3pt" xmlns="http://www.tei-c.org/ns/1.0">O.<lb/></p><p xml:id="INT_5f38b36d-1f18-3991-85e6-8faee05f975a.TEI.1.text.1.body.1.div.1.p.101" xml:lang="nl" rend="font-size: 8.5; line-height: 9.3pt; margin-left: 1000; text-indent: -10.0pt" xmlns="http://www.tei-c.org/ns/1.0">Odijk 376<lb/></p><p xml:id="INT_5f38b36d-1f18-3991-85e6-8faee05f975a.TEI.1.text.1.body.1.div.1.p.102" xml:lang="nl" rend="font-size: 8.5; line-height: 9.3pt" xmlns="http://www.tei-c.org/ns/1.0">Oiseau (Frans) 12, 125, 153<lb/> Olifant 4, 618<lb/> Oostenburg 24<lb/></p><p xml:id="INT_5f38b36d-1f18-3991-85e6-8faee05f975a.TEI.1.text.1.body.1.div.1.p.103" xml:lang="nl" rend="font-size: 8.5; line-height: 9.3pt; margin-left: 1000; text-indent: -10.0pt" xmlns="http://www.tei-c.org/ns/1.0">Oosterland 24, 74, 75, 195, 259, 439, 543, 736,<lb/> 834, 849, 861<lb/></p><p xml:id="INT_5f38b36d-1f18-3991-85e6-8faee05f975a.TEI.1.text.1.body.1.div.1.p.104" xml:lang="nl" rend="font-size: 8.5; line-height: 9.3pt" xmlns="http://www.tei-c.org/ns/1.0">Oost(er)souburg 99, 222, 260, 283, 502, 564,<lb/> 632, 634, 662, 690, 699, 736, 860<lb/> Oosterstein 736, 777<lb/></p><p xml:id="INT_5f38b36d-1f18-3991-85e6-8faee05f975a.TEI.1.text.1.body.1.div.1.p.105" xml:lang="nl" rend="font-size: 8.5; line-height: 9.3pt" xmlns="http://www.tei-c.org/ns/1.0">Oosthuizen 195, 253, 259, 502, 528, 534, 565,<lb/> 567, 588, 736, 739, 783, 853<lb/> Opmeer 9, 41, 79, 150<lb/> Orange 210, 470<lb/> Orange (Engels) 434, 439, 492<lb/> Oriflamme (Frans) 218, 266, <hi rend="font-size:8.5; font-family:Liberation Serif; font-style:italic" xml:lang="nl">362</hi><lb/>Overnes 834, 863<lb/> Overveen 863<lb/></p><p xml:id="INT_5f38b36d-1f18-3991-85e6-8faee05f975a.TEI.1.text.1.body.1.div.1.p.106" xml:lang="nl" rend="font-size: 8; font-weight: bold; text-align: center; line-height: 8.9pt" xmlns="http://www.tei-c.org/ns/1.0">P.<lb/></p><p xml:id="INT_5f38b36d-1f18-3991-85e6-8faee05f975a.TEI.1.text.1.body.1.div.1.p.107" xml:lang="nl" rend="font-size: 8.5; line-height: 9.3pt" xmlns="http://www.tei-c.org/ns/1.0">Paard, Witte (Chinees) 467, 499, 625<lb/> Padang 593<lb/></p><p xml:id="INT_5f38b36d-1f18-3991-85e6-8faee05f975a.TEI.1.text.1.body.1.div.1.p.108" xml:lang="nl" rend="font-size: 8.5; line-height: 9.3pt" xmlns="http://www.tei-c.org/ns/1.0">Paleakatte 23, 49, 586, 624, 658<lb/> Pampus 195, 235, 274, 279, 286, 328, 334,<lb/> 365, 376, 477, 534, 565, 567, 736, 755, 842<lb/> Pearl (Eng.) 492, 505<lb/> Pekelharing 726<lb/></p><p xml:id="INT_5f38b36d-1f18-3991-85e6-8faee05f975a.TEI.1.text.1.body.1.div.1.p.109" xml:lang="nl" rend="font-size: 8.5; line-height: 9.3pt; margin-left: 1000; text-indent: -10.0pt" xmlns="http://www.tei-c.org/ns/1.0">Pepertuin 68, 79, 264, 398, 400, 402, 459,<lb/> 587, 624, 658, 725, 824, 843<lb/></p><p xml:id="INT_5f38b36d-1f18-3991-85e6-8faee05f975a.TEI.1.text.1.body.1.div.1.p.110" xml:lang="nl" rend="font-size: 8.5; line-height: 9.6pt; margin-right: 2200" xmlns="http://www.tei-c.org/ns/1.0">Persian Merchant (Eng.) 88, 281<lb/> Petchabury (Siams) 156<lb/> Phoenix 689<lb/> Piadady (Spaans) 178<lb/> Pisang 581<lb/></p><p xml:id="INT_5f38b36d-1f18-3991-85e6-8faee05f975a.TEI.1.text.1.body.1.div.1.p.111" xml:lang="nl" rend="font-size: 8.5; line-height: 9.6pt" xmlns="http://www.tei-c.org/ns/1.0">Pontchartrain (Frans) 857<lb/> Post, Turkse 54, 77, 95, 252<lb/> Postillon (Frans) 543, 760<lb/> Priaman (Eng.) 231, 272, 324, 329, 332<lb/> Princess Ann of Denmark (Eng.) 322<lb/> Princess Mary (Eng.) 258, 281<lb/> Prinsoland 24, 61, 85, 260, 315, 318, 375, 508,<lb/> 565, 712, 739, 779, 783, 810, 857<lb/> Prinses Maria 24<lb/> Prins Frederik (Deens) 698<lb/> Prins Willem Hendrik 1, 43<lb/> Prospect (Eng.) 10, 192, 248<lb/> Providence (Eng.) 153, 258, 259<lb/> Pulau Run 10, 54, 95, 150<lb/> Purmer 3, 15, 54, 98, 137, 233, 296, 330, 334,<lb/> 349, 502, 603, 736, 844, 845<lb/> Pij ls waard 7, 84, 107, 108, 111, 160, 163, 236,<lb/> 244, 296, 332, 349<lb/></p><p xml:id="INT_5f38b36d-1f18-3991-85e6-8faee05f975a.TEI.1.text.1.body.1.div.1.p.112" xml:lang="nl" rend="font-size: 7.5; font-weight: bold; text-align: center; line-height: 8.3pt" xmlns="http://www.tei-c.org/ns/1.0">H.<lb/></p><p xml:id="INT_5f38b36d-1f18-3991-85e6-8faee05f975a.TEI.1.text.1.body.1.div.1.p.113" xml:lang="nl" rend="font-size: 8.5; line-height: 9.3pt" xmlns="http://www.tei-c.org/ns/1.0">Raap 12, 496, 520, 677<lb/> Rad van Avontuur 162, 189<lb/> Rainbow (Eng.) 72, 93, 173, 253, 258, 290,<lb/> 324<lb/></p><p xml:id="INT_5f38b36d-1f18-3991-85e6-8faee05f975a.TEI.1.text.1.body.1.div.1.p.114" xml:lang="nl" rend="font-size: 8.5; line-height: 9.3pt" xmlns="http://www.tei-c.org/ns/1.0">Reigersdaal 508, 565, 601, 712, 736, 861<lb/> Resayo (Hindoest.) 49<lb/></p><p xml:id="INT_5f38b36d-1f18-3991-85e6-8faee05f975a.TEI.1.text.1.body.1.div.1.p.115" xml:lang="nl" rend="font-size: 8.5; line-height: 9.3pt" xmlns="http://www.tei-c.org/ns/1.0">Resolution (Eng.) 322, 344, 347, 349, 350, 492<lb/> Ridderschap (van Holland) 99, 138, 376, 439,<lb/><hi rend="font-size:7.5; font-family:Liberation Serif" xml:lang="nl">668</hi><lb/></p><p xml:id="INT_5f38b36d-1f18-3991-85e6-8faee05f975a.TEI.1.text.1.body.1.div.1.p.116" xml:lang="nl" rend="font-size: 8.5; line-height: 9.3pt; margin-right: 2200" xmlns="http://www.tei-c.org/ns/1.0">Rochester (Eng.) 55<lb/> Rog 7, 30, 260<lb/> Rosé (Eng.) 72, 75, 80, 81<lb/> Rotterdam 520<lb/> Ruby (Eng.) 492<lb/> Ruiter 96<lb/></p><p xml:id="INT_5f38b36d-1f18-3991-85e6-8faee05f975a.TEI.1.text.1.body.1.div.1.p.117" xml:lang="nl" rend="font-size: 8.5; text-align: center; line-height: 9.4pt" xmlns="http://www.tei-c.org/ns/1.0">S.<lb/></p><p xml:id="INT_5f38b36d-1f18-3991-85e6-8faee05f975a.TEI.1.text.1.body.1.div.1.p.118" xml:lang="nl" rend="font-size: 8.5; line-height: 9.3pt" xmlns="http://www.tei-c.org/ns/1.0">Salida 1, 7, 23, 195, 235, 244, 370, 475, 477,<lb/> 554, 558, 678, 682, 684, 698, 699<lb/> Salametras (Hindoestaans) 176, 185, 258, 749<lb/> Salland 99, 156, 159, 379, 552, 565, 567, 740,<lb/> 810<lb/></p><p xml:id="INT_5f38b36d-1f18-3991-85e6-8faee05f975a.TEI.1.text.1.body.1.div.1.p.119" xml:lang="nl" rend="font-size: 8.5; line-height: 9.3pt; margin-right: 8000" xmlns="http://www.tei-c.org/ns/1.0">Samson (Eng.) 634, 662<lb/> Saphire (Eng.) 410, 430<lb/> Sara (Eng.) 711, 735<lb/> Sara (Port.) 315<lb/></p><p xml:id="INT_5f38b36d-1f18-3991-85e6-8faee05f975a.TEI.1.text.1.body.1.div.1.p.120" xml:lang="nl" rend="font-size: 8.5; line-height: 9.3pt; margin-left: 1000; text-indent: -10.0pt" xmlns="http://www.tei-c.org/ns/1.0">Schaapherder 382, 386, 424, 605, 703, 728,<lb/> 736<lb/></p><p xml:id="INT_5f38b36d-1f18-3991-85e6-8faee05f975a.TEI.1.text.1.body.1.div.1.p.121" xml:lang="nl" rend="font-size: 8.5; line-height: 9.3pt" xmlns="http://www.tei-c.org/ns/1.0">Schelde 24, 75, 195, 253, 259, 492, 563, 632,<lb/> 699, 728, 736, 769, 816<lb/> Schiebroek 99, 140, 160, 274, 376, 377, 414,<lb/> 475, 477, 481, 549, 652, 598, 604, 630<lb/></p><pb xml:id="INT_5f38b36d-1f18-3991-85e6-8faee05f975a.TEI.1.text.1.body.1.div.1.pb.5" n="908" facs="http://resources.huygens.knaw.nl/retroapp/service_generalemissiven/gm_05/images/gm_5_150_0908.tif"/><fw xml:id="INT_5f38b36d-1f18-3991-85e6-8faee05f975a.TEI.1.text.1.body.1.div.1.fw.7" place="top" type="page-number" facs="#zone.2670017" xmlns="http://www.tei-c.org/ns/1.0">908</fw><fw xml:id="INT_5f38b36d-1f18-3991-85e6-8faee05f975a.TEI.1.text.1.body.1.div.1.fw.8" place="top" type="head" facs="#zone.2670021" xmlns="http://www.tei-c.org/ns/1.0">INDEX VAN SCHEEPSNAMEN</fw><p xml:id="INT_5f38b36d-1f18-3991-85e6-8faee05f975a.TEI.1.text.1.body.1.div.1.p.122" xml:lang="nl" rend="font-size: 8.5; line-height: 9.6pt" xmlns="http://www.tei-c.org/ns/1.0">Schieland 295, 296, 349<lb/> Schoonderloo 779, 789, 860<lb/> Schoondijk(e) 351, 376, 379, 380, 416, 418,<lb/> 439, 668, 690, 706, 736, 863<lb/> Schulp 761, 795, 842<lb/> Seedwich (Eng.) 863<lb/> Seymour (Eng.) 846<lb/> Shaftesbury (Eng.) <hi rend="font-size:8.5; font-family:Liberation Serif; font-style:italic" xml:lang="nl">846</hi><lb/>Siam (Frans) 362, 377, 408<lb/> Sillida, zie Salida<lb/> Silverstein, zie Zilverstein<lb/> Simeon (Eng.) 662<lb/></p><p xml:id="INT_5f38b36d-1f18-3991-85e6-8faee05f975a.TEI.1.text.1.body.1.div.1.p.123" xml:lang="nl" rend="font-size: 8.5; line-height: 9.6pt" xmlns="http://www.tei-c.org/ns/1.0">Sion 99, 156, 159, 295, 296, 502, 504, 565, 709,<lb/> 712, 719, 736<lb/> Sirjansland 567, 736, 777<lb/> Snauw 341<lb/></p><p xml:id="INT_5f38b36d-1f18-3991-85e6-8faee05f975a.TEI.1.text.1.body.1.div.1.p.124" xml:lang="nl" rend="font-size: 8.5; line-height: 9.6pt" xmlns="http://www.tei-c.org/ns/1.0">Snobber, Jonge 295, 296, 349<lb/> Sonting, zie Mary<lb/> Spaame 534, 736, 844<lb/></p><p xml:id="INT_5f38b36d-1f18-3991-85e6-8faee05f975a.TEI.1.text.1.body.1.div.1.p.125" xml:lang="nl" rend="font-size: 8.5; line-height: 9.6pt" xmlns="http://www.tei-c.org/ns/1.0">Sparwoude (Spaamwoude) 137, 166, 210, 284,<lb/> 349, 355 393, 397, 447, 494, 496, 520, 676<lb/> Spiegel 712, 735, 779, 819<lb/> Spierdijk 24, 75, 151, 195, 232, 274, 293, 295,<lb/> 325, 332, 384, 439, 475, 477, 482, 500, 552,<lb/> 668, 703, 724, 742, 771, 804, 850<lb/> Spiering 459<lb/> Sprinkhaan 853<lb/></p><p xml:id="INT_5f38b36d-1f18-3991-85e6-8faee05f975a.TEI.1.text.1.body.1.div.1.p.126" xml:lang="nl" rend="font-size: 8.5; line-height: 9.6pt" xmlns="http://www.tei-c.org/ns/1.0">Standvastigheid 142, 176, 274, 332, 554, 594,<lb/> 595, 649, 731, 743, 812<lb/> Sta. Rosa (Spaans) 178<lb/> Stavenisse 14, 99<lb/> St. Bernardo (Spaans) 602<lb/> St. Caeton (Eng.) 690<lb/> St. Catharine (Eng.) 185<lb/> Steenbok 117<lb/> St. Joan (Port.) 334<lb/> St. Louis (Frans) 170<lb/></p><p xml:id="INT_5f38b36d-1f18-3991-85e6-8faee05f975a.TEI.1.text.1.body.1.div.1.p.127" xml:lang="nl" rend="margin-left: 1000; line-height: 9.6pt; text-indent: -10.0pt; text-align: justify; font-size: 8.5" xmlns="http://www.tei-c.org/ns/1.0">(St.) Ma(a)rtensdijk 77, 91, 156, 173, 174, 176,<lb/> 219, 220, 316, 317, 330, 347, 352, 392, 447,<lb/> 475, 499, 692<lb/></p><p xml:id="INT_5f38b36d-1f18-3991-85e6-8faee05f975a.TEI.1.text.1.body.1.div.1.p.128" xml:lang="nl" rend="font-size: 8.5; line-height: 9.6pt" xmlns="http://www.tei-c.org/ns/1.0">St. Nicholas (Eng.) 17, 72, 95<lb/></p><p xml:id="INT_5f38b36d-1f18-3991-85e6-8faee05f975a.TEI.1.text.1.body.1.div.1.p.129" xml:lang="nl" rend="font-size: 8.5; line-height: 9.6pt" xmlns="http://www.tei-c.org/ns/1.0">St. Nicolaas 100, 398, 459, 487, 499, 525<lb/></p><p xml:id="INT_5f38b36d-1f18-3991-85e6-8faee05f975a.TEI.1.text.1.body.1.div.1.p.130" xml:lang="nl" rend="font-size: 8.5; line-height: 9.6pt" xmlns="http://www.tei-c.org/ns/1.0">St. Nïcolas (Frans) 329, 362, 408<lb/></p><p xml:id="INT_5f38b36d-1f18-3991-85e6-8faee05f975a.TEI.1.text.1.body.1.div.1.p.131" xml:lang="nl" rend="font-size: 8.5; line-height: 9.6pt" xmlns="http://www.tei-c.org/ns/1.0">St. Paul (Spaans) 178<lb/></p><p xml:id="INT_5f38b36d-1f18-3991-85e6-8faee05f975a.TEI.1.text.1.body.1.div.1.p.132" xml:lang="nl" rend="font-size: 8.5; line-height: 9.6pt" xmlns="http://www.tei-c.org/ns/1.0">St. Paulo (Port.) 177<lb/></p><p xml:id="INT_5f38b36d-1f18-3991-85e6-8faee05f975a.TEI.1.text.1.body.1.div.1.p.133" xml:lang="nl" rend="font-size: 8.5; line-height: 9.6pt" xmlns="http://www.tei-c.org/ns/1.0">Strijen 23, 54, 98, 282<lb/></p><p xml:id="INT_5f38b36d-1f18-3991-85e6-8faee05f975a.TEI.1.text.1.body.1.div.1.p.134" xml:lang="nl" rend="font-size: 8.5; line-height: 9.6pt" xmlns="http://www.tei-c.org/ns/1.0">St. Tommië (Spaans) 178<lb/></p><p xml:id="INT_5f38b36d-1f18-3991-85e6-8faee05f975a.TEI.1.text.1.body.1.div.1.p.135" xml:lang="nl" rend="font-size: 8.5; line-height: 9.6pt" xmlns="http://www.tei-c.org/ns/1.0">Success (Eng.) 644, 740<lb/></p><p xml:id="INT_5f38b36d-1f18-3991-85e6-8faee05f975a.TEI.1.text.1.body.1.div.1.p.136" xml:lang="nl" rend="font-size: 8.5; line-height: 9.6pt" xmlns="http://www.tei-c.org/ns/1.0">Sumatra 73, 77, 227, 272, 347, 359, 376<lb/></p><p xml:id="INT_5f38b36d-1f18-3991-85e6-8faee05f975a.TEI.1.text.1.body.1.div.1.p.137" xml:lang="nl" rend="font-size: 8.5; line-height: 9.6pt" xmlns="http://www.tei-c.org/ns/1.0">Susan (Eng.) 492<lb/></p><p xml:id="INT_5f38b36d-1f18-3991-85e6-8faee05f975a.TEI.1.text.1.body.1.div.1.p.138" xml:lang="nl" rend="font-size: 8.5; line-height: 9.6pt" xmlns="http://www.tei-c.org/ns/1.0">Susanna 692, 727, 758<lb/></p><p xml:id="INT_5f38b36d-1f18-3991-85e6-8faee05f975a.TEI.1.text.1.body.1.div.1.p.139" xml:lang="nl" rend="font-size: 8.5; line-height: 9.6pt" xmlns="http://www.tei-c.org/ns/1.0">Swalsbury („Swertburry”, Eng.) 487, 502<lb/></p><p xml:id="INT_5f38b36d-1f18-3991-85e6-8faee05f975a.TEI.1.text.1.body.1.div.1.p.140" xml:lang="nl" rend="font-size: 8.5; font-weight: bold; text-align: center; line-height: 9.4pt" xmlns="http://www.tei-c.org/ns/1.0">T.<lb/></p><p xml:id="INT_5f38b36d-1f18-3991-85e6-8faee05f975a.TEI.1.text.1.body.1.div.1.p.141" xml:lang="nl" rend="font-size: 8.5; line-height: 9.6pt" xmlns="http://www.tei-c.org/ns/1.0">Tamboer 645, 706, 744, 769, 770, 860<lb/> Tarnen 195, 234, 275, 329, 332, 351, 376, 377,<lb/> 388, 435, 481<lb/></p><p xml:id="INT_5f38b36d-1f18-3991-85e6-8faee05f975a.TEI.1.text.1.body.1.div.1.p.142" xml:lang="nl" rend="font-size: 8.5; line-height: 9.6pt" xmlns="http://www.tei-c.org/ns/1.0">Tertholen, zie Wapen van Tholen<lb/></p><p xml:id="INT_5f38b36d-1f18-3991-85e6-8faee05f975a.TEI.1.text.1.body.1.div.1.p.143" xml:lang="nl" rend="font-size: 8.5; line-height: 9.6pt; margin-right: 2000" xmlns="http://www.tei-c.org/ns/1.0">Tonkin Merchant (Eng.) 505<lb/> Tonijn 496<lb/></p><p xml:id="INT_5f38b36d-1f18-3991-85e6-8faee05f975a.TEI.1.text.1.body.1.div.1.p.144" xml:lang="nl" rend="font-size: 8.5; line-height: 9.6pt; margin-right: 2000" xmlns="http://www.tei-c.org/ns/1.0">Tortelduif 168, 169, 185, 427<lb/> Trincomale 150<lb/> Triplicane (Eng.) 51, 72<lb/> Trompetter, zie Paard, Witte<lb/> Trypelton (Eng.) 2<lb/> Tuimelaar 295, 331<lb/> Tuin, Hollandse 4, 5, 30, 35, 112<lb/> Tuitappel 322, 591<lb/></p><p xml:id="INT_5f38b36d-1f18-3991-85e6-8faee05f975a.TEI.1.text.1.body.1.div.1.p.145" xml:lang="nl" rend="font-size: 8.5; line-height: 9.4pt; margin-left: 8100" xmlns="http://www.tei-c.org/ns/1.0">V.<lb/></p><p xml:id="INT_5f38b36d-1f18-3991-85e6-8faee05f975a.TEI.1.text.1.body.1.div.1.p.146" xml:lang="nl" rend="font-size: 8.5; line-height: 9.6pt" xmlns="http://www.tei-c.org/ns/1.0">Vecht 736, 777<lb/></p><p xml:id="INT_5f38b36d-1f18-3991-85e6-8faee05f975a.TEI.1.text.1.body.1.div.1.p.147" xml:lang="nl" rend="font-size: 8.5; line-height: 9.6pt" xmlns="http://www.tei-c.org/ns/1.0">Viss(ch)erij, Grote 1, 6, 159, 184, 334, 337,<lb/> 469, 482, 484-486, 493, 555, 558, 563, 564,<lb/> 642, 643, 678, 682, 684, 689<lb/> Vlaming, Vergulde 295, 349, 376<lb/> Vlieger 362<lb/> Vlissingen 276, 480<lb/></p><p xml:id="INT_5f38b36d-1f18-3991-85e6-8faee05f975a.TEI.1.text.1.body.1.div.1.p.148" xml:lang="nl" rend="font-size: 8.5; line-height: 9.6pt" xmlns="http://www.tei-c.org/ns/1.0">Voetboog 295, 323, 330, 345, 363, 376, 377,<lb/> 408, 416, 439, 477, 649, 668, 698, 736, 740,<lb/> 820, 822, 823, 834, 842<lb/> Voorschoten 7, 10, 24, 54, 61, 75, 137, 195,<lb/> 259, 502, 542, 553, 603, 736, 741, 810, 856,<lb/> 858<lb/></p><p xml:id="INT_5f38b36d-1f18-3991-85e6-8faee05f975a.TEI.1.text.1.body.1.div.1.p.149" xml:lang="nl" rend="font-size: 8.5; line-height: 9.6pt" xmlns="http://www.tei-c.org/ns/1.0">Vosmeer 605, 643, 834, 860<lb/> Vossenbos 736, 852, 853<lb/> Vrijburg 779, 819, 820<lb/> Vrije Zee 24<lb/></p><p xml:id="INT_5f38b36d-1f18-3991-85e6-8faee05f975a.TEI.1.text.1.body.1.div.1.p.150" xml:lang="nl" rend="font-size: 8.5; line-height: 9.6pt" xmlns="http://www.tei-c.org/ns/1.0">Vrijheid 24, 125, 171, 217, 264, 267, 376<lb/></p><p xml:id="INT_5f38b36d-1f18-3991-85e6-8faee05f975a.TEI.1.text.1.body.1.div.1.p.151" xml:lang="nl" rend="font-size: 8.5; line-height: 9.4pt; margin-left: 8100" xmlns="http://www.tei-c.org/ns/1.0">W.<lb/></p><p xml:id="INT_5f38b36d-1f18-3991-85e6-8faee05f975a.TEI.1.text.1.body.1.div.1.p.152" xml:lang="nl" rend="margin-left: 1100; line-height: 9.6pt; text-indent: -11.0pt; text-align: justify; font-size: 8.5" xmlns="http://www.tei-c.org/ns/1.0">Waalstroom 1, 43, 58, 76, 125, 137, 156, 159,<lb/> 344, 376, 386, 388, 402, 439, 508, 736, 777,<lb/> 843, 863<lb/></p><p xml:id="INT_5f38b36d-1f18-3991-85e6-8faee05f975a.TEI.1.text.1.body.1.div.1.p.153" xml:lang="nl" rend="font-size: 8.5; line-height: 9.6pt" xmlns="http://www.tei-c.org/ns/1.0">Wachthond 13, 45, 127<lb/> Waddingsveen 599, 634, 779, 819, 834, 861,<lb/> 863<lb/></p><p xml:id="INT_5f38b36d-1f18-3991-85e6-8faee05f975a.TEI.1.text.1.body.1.div.1.p.154" xml:lang="nl" rend="margin-left: 1100; line-height: 9.6pt; text-indent: -11.0pt; text-align: justify; font-size: 8.5" xmlns="http://www.tei-c.org/ns/1.0">Walenburg 14, 54, 90, 137, 160, 235, 323,<lb/> 328, 363, 434, 493, 508, 628, 632, 649, 690,<lb/> 758, 791<lb/></p><p xml:id="INT_5f38b36d-1f18-3991-85e6-8faee05f975a.TEI.1.text.1.body.1.div.1.p.155" xml:lang="nl" rend="font-size: 8.5; line-height: 9.6pt" xmlns="http://www.tei-c.org/ns/1.0">Wapen van Alkmaar 24, 56, 58, 75, 295, 330,<lb/> 331, 333, 376<lb/> Wapen van Batavia 112<lb/> Wapen van Goes 66<lb/> Wapen van Tholen 218, 315, 322, 376<lb/> Wapen van Zierikzee 8, 35, 150<lb/> Waterland 159, 195, 232, 235, 238, 285, 295,<lb/> 387, 439, 492, 674<lb/> Waterman 605, 609, 649, 779<lb/> Waveren 14, 54, 137, 232, 233, 266, 379, 475,<lb/> 477, 500, 505, 534<lb/> Wayer 824<lb/></p><p xml:id="INT_5f38b36d-1f18-3991-85e6-8faee05f975a.TEI.1.text.1.body.1.div.1.p.156" xml:lang="nl" rend="font-size: 8.5; line-height: 9.6pt" xmlns="http://www.tei-c.org/ns/1.0">Westbroek 54, 232, 274, 333, 397, 416, 424,<lb/> 458, 475, 500, 539, 540, 625, 687, 721, 761<lb/> Westoramstel 235, 273, 284, 376<lb/></p><pb xml:id="INT_5f38b36d-1f18-3991-85e6-8faee05f975a.TEI.1.text.1.body.1.div.1.pb.6" n="909" facs="http://resources.huygens.knaw.nl/retroapp/service_generalemissiven/gm_05/images/gm_5_150_0909.tif"/><fw xml:id="INT_5f38b36d-1f18-3991-85e6-8faee05f975a.TEI.1.text.1.body.1.div.1.fw.9" place="top" type="head" facs="#zone.2670841" xmlns="http://www.tei-c.org/ns/1.0">INDEX VAN SCHEEPSNAMEN</fw><fw xml:id="INT_5f38b36d-1f18-3991-85e6-8faee05f975a.TEI.1.text.1.body.1.div.1.fw.10" place="top" type="page-number" facs="#zone.2670847" xmlns="http://www.tei-c.org/ns/1.0">909</fw><p xml:id="INT_5f38b36d-1f18-3991-85e6-8faee05f975a.TEI.1.text.1.body.1.div.1.p.157" xml:lang="nl" rend="font-size: 8.5; line-height: 9.6pt" xmlns="http://www.tei-c.org/ns/1.0">Westerwijk 16, 24, 61, 321<lb/> Wezel 834, 864<lb/></p><p xml:id="INT_5f38b36d-1f18-3991-85e6-8faee05f975a.TEI.1.text.1.body.1.div.1.p.158" xml:lang="nl" rend="font-size: 8.5; line-height: 9.6pt" xmlns="http://www.tei-c.org/ns/1.0">Wildschut 66, 74, 214, 424, 502, 678, 684, 750<lb/> Willem Hendrik, zie Prins Willem Hendrik<lb/> William (and Mary, Eng.) 363, 492, 850<lb/> Wind 560, 604, 687, 721, 758, 761, 777<lb/> Windhond 654<lb/></p><p xml:id="INT_5f38b36d-1f18-3991-85e6-8faee05f975a.TEI.1.text.1.body.1.div.1.p.159" xml:lang="nl" rend="font-size: 8.5; line-height: 9.6pt" xmlns="http://www.tei-c.org/ns/1.0">Wognum 668, 703, 736, 740, 807, 855<lb/> Wolf, Vliegende (Deens) 419, 430<lb/> Woud 7, 31<lb/></p><p xml:id="INT_5f38b36d-1f18-3991-85e6-8faee05f975a.TEI.1.text.1.body.1.div.1.p.160" xml:lang="nl" rend="margin-left: 1100; line-height: 9.6pt; text-indent: -11.0pt; text-align: justify; font-size: 8.5" xmlns="http://www.tei-c.org/ns/1.0">Wijk op Zee 146, 182, 185, 317-319, 361, 376,<lb/> 386, 414, 434, 462, 464, 540, 593, 638, 693,<lb/> 761, 843, 846, 848<lb/></p><p xml:id="INT_5f38b36d-1f18-3991-85e6-8faee05f975a.TEI.1.text.1.body.1.div.1.p.161" xml:lang="nl" rend="font-size: 8.5; font-weight: bold; text-align: center; line-height: 9.4pt" xmlns="http://www.tei-c.org/ns/1.0">Y.<lb/></p><p xml:id="INT_5f38b36d-1f18-3991-85e6-8faee05f975a.TEI.1.text.1.body.1.div.1.p.162" xml:lang="nl" rend="font-size: 8.5; line-height: 9.4pt" xmlns="http://www.tei-c.org/ns/1.0">IJsselmonde 668, 834, 849<lb/></p><p xml:id="INT_5f38b36d-1f18-3991-85e6-8faee05f975a.TEI.1.text.1.body.1.div.1.p.163" xml:lang="nl" rend="font-size: 8.5; line-height: 9.4pt" xmlns="http://www.tei-c.org/ns/1.0">IJsselt 508, 601, 632, 633, 728, 761, 777, 863<lb/></p><p xml:id="INT_5f38b36d-1f18-3991-85e6-8faee05f975a.TEI.1.text.1.body.1.div.1.p.164" xml:lang="nl" rend="margin-left: 100; line-height: 9.4pt; text-align: center; font-weight: bold; font-size: 8.5" xmlns="http://www.tei-c.org/ns/1.0">Z.<lb/></p><p xml:id="INT_5f38b36d-1f18-3991-85e6-8faee05f975a.TEI.1.text.1.body.1.div.1.p.165" xml:lang="nl" rend="font-size: 8.5; line-height: 9.6pt" xmlns="http://www.tei-c.org/ns/1.0">Zaamslag 195, 232, 285, 293, 332, 502, 507,<lb/> 542, 543, 643, 736, 741-743, 769, 799<lb/> Zandloper 779, 821<lb/></p><p xml:id="INT_5f38b36d-1f18-3991-85e6-8faee05f975a.TEI.1.text.1.body.1.div.1.p.166" xml:lang="nl" rend="font-size: 8.5; line-height: 9.6pt; margin-left: 1000; text-indent: -10.0pt" xmlns="http://www.tei-c.org/ns/1.0">Zeist 4, 137, 166, 211, 234, 275, 365, 472, 473,<lb/> 496, 498<lb/></p><p xml:id="INT_5f38b36d-1f18-3991-85e6-8faee05f975a.TEI.1.text.1.body.1.div.1.p.167" xml:lang="nl" rend="font-size: 8.5; line-height: 9.6pt" xmlns="http://www.tei-c.org/ns/1.0">Zierikzec, zie Wapen van Zierikzee<lb/> Zilverstein 77, 99, 100, 137, 502, 543, 549,<lb/> 552, 736, 741, 787, 824, 829, 836, 837<lb/> Zion, zie Sion<lb/> Zonnebloem 601, 791, 792<lb/> Zuidbeveland 77, 95, 195, 260, 283, 634<lb/> Zwaag 736, 740, 787, 810, 811, 822, 823, 836,<lb/> 861, 864<lb/></p><p xml:id="INT_5f38b36d-1f18-3991-85e6-8faee05f975a.TEI.1.text.1.body.1.div.1.p.168" xml:lang="nl" rend="font-size: 8.5; line-height: 9.6pt; margin-right: 9900" xmlns="http://www.tei-c.org/ns/1.0">Zwaan, zie Cygnet<lb/> Zijpe 229, 341<lb/></p>
            
      </div>
                  </body>
                </text>
              </TEI>