<TEI xml:id="INT_d50ec915-67cd-3ada-8156-b5a53d4946c5" xmlns="http://www.tei-c.org/ns/1.0">
                <teiHeader>
      <fileDesc>
        <titleStmt>
          <title>Camphuys, Van Outhoorn, Van Hoorn, Valckenier, Van Riebeeck en Bornezee, 17 april 1691</title>
        </titleStmt>
        <publicationStmt>
          <p>
            <date>17 april 1691</date>
            <idno type="sourceID">missiven:vol5</idno>
            <idno type="pid">INT_d50ec915-67cd-3ada-8156-b5a53d4946c5</idno>
          </p>
        </publicationStmt>
        <notesStmt>
          <note/>
        </notesStmt>
        <sourceDesc>
          <listBibl xml:id="inlMetadata">
            <bibl type="missive">
        <interpGrp type="page"><interp>434</interp></interpGrp>
        
      <interpGrp type="titleLevel1"><interp>Camphuys, Van Outhoorn, Van Hoorn, Valckenier, Van Riebeeck en Bornezee, 17 april 1691</interp></interpGrp>
      <interpGrp type="dateLevel1"><interp>17 april 1691</interp></interpGrp>
        <interpGrp type="tocLevel"><interp>1</interp></interpGrp>
      <interpGrp type="volume"><interp>5</interp></interpGrp>
        <interpGrp type="n"><interp>XXIV</interp></interpGrp>
      
      <interpGrp type="witnessYearLevel1_from"><interp>1691</interp></interpGrp>
      <interpGrp type="witnessYearLevel1_to"><interp>1691</interp></interpGrp>
      <interpGrp type="witnessMonthLevel1_to"><interp>4</interp></interpGrp>
      <interpGrp type="witnessMonthLevel1_from"><interp>4</interp></interpGrp>
      <interpGrp type="witnessDayLevel1_to"><interp>17</interp></interpGrp>
      <interpGrp type="witnessDayLevel1_from"><interp>17</interp></interpGrp>
      <interpGrp type="authorLevel1"><interp>Camphuys</interp><interp>Van Outhoorn</interp><interp>Van Hoorn</interp><interp>Valckenier</interp><interp>Van Riebeeck</interp><interp>Bornezee</interp></interpGrp>
      <interpGrp type="pid"><interp>INT_d50ec915-67cd-3ada-8156-b5a53d4946c5</interp></interpGrp>
    </bibl>
          </listBibl>
        </sourceDesc>
      </fileDesc>
    </teiHeader>
                <text xml:id="INT_d50ec915-67cd-3ada-8156-b5a53d4946c5.TEI.1.text.1">
                  <body xml:id="INT_d50ec915-67cd-3ada-8156-b5a53d4946c5.TEI.1.text.1.body.1">
                    <div xml:id="INT_d50ec915-67cd-3ada-8156-b5a53d4946c5.TEI.1.text.1.body.1.div.1"><div xml:id="INT_d50ec915-67cd-3ada-8156-b5a53d4946c5.TEI.1.text.1.body.1.div.1.div.1" type="subdivision_for_sake_of_validation">
        
              <pb xml:id="INT_d50ec915-67cd-3ada-8156-b5a53d4946c5.TEI.1.text.1.body.1.div.1.div.1.pb.1" n="434" facs="http://resources.huygens.knaw.nl/retroapp/service_generalemissiven/gm_05/images/gm_5_150_0434.tif"/><fw xml:id="INT_d50ec915-67cd-3ada-8156-b5a53d4946c5.TEI.1.text.1.body.1.div.1.div.1.fw.1" place="top" type="page-number" facs="#zone.1335648" xmlns="http://www.tei-c.org/ns/1.0">434</fw><fw xml:id="INT_d50ec915-67cd-3ada-8156-b5a53d4946c5.TEI.1.text.1.body.1.div.1.div.1.fw.2" place="top" type="head" facs="#zone.1335652" xmlns="http://www.tei-c.org/ns/1.0">Camphuys, Van Outhoom, Van Hoorn, Valckenier, enz. XXIV, 17 april 1601</fw><head xml:id="INT_d50ec915-67cd-3ada-8156-b5a53d4946c5.TEI.1.text.1.body.1.div.1.div.1.head.1" xml:lang="nl" rend="font-size: 10; text-align: justify; line-height: 11.7pt" xmlns="http://www.tei-c.org/ns/1.0">XXIV. JOANNES CAMPHUYS, WILLEM VAN OUTHOORN, JOAN VAN<lb/> HOORN, WOUTER VALCKENIER, ABRAHAM VAN RIEBEECK EN<lb/> MANUEL BORNEZEE, BATAVIA 17 april 1691.<lb/></head><p xml:id="INT_d50ec915-67cd-3ada-8156-b5a53d4946c5.TEI.1.text.1.body.1.div.1.div.1.p.1" xml:lang="nl" rend="font-size: 8; text-align: justify; line-height: 8.9pt" xmlns="http://www.tei-c.org/ns/1.0">Copie Kol. Arch. 1379, fol. 456ar-456k.<lb/></p><note xml:id="INT_d50ec915-67cd-3ada-8156-b5a53d4946c5.TEI.1.text.1.body.1.div.1.div.1.note.1" xml:lang="nl" place="inline" type="editorial-summary" resp="editor" rend="font-style: italic; line-height: 11.7pt; text-indent: 23.0pt; text-align: justify; font-size: 9.5" xmlns="http://www.tei-c.org/ns/1.0">(Het origineel is verzonden met het Engelse schip O range via Bengkulen; herhaling<lb/> van het verzoek om toezending van schepen enz. in verhand met de oorlog tegen<lb/> Frankrijk; de schepen, uit patria gekomen, zijn hij Onrust tot de oorlog gereed gemaakt<lb/> en extra oorlogshemanning is te Batavia in geval van nood beschikbaar gesteld; ofschoon<lb/> de V.O.C. handelswinsten nodig heeft, <hi rend="font-size:9.5; font-family:Liberation Serif" xml:lang="nl">-</hi> )<lb/></note><p xml:id="INT_d50ec915-67cd-3ada-8156-b5a53d4946c5.TEI.1.text.1.body.1.div.1.div.1.p.2" resp="int_paragraph_joining" rend="">
              - het egter in tijde van oorlog veel raadsamer is door het bijeenhouden<lb xmlns="http://www.tei-c.org/ns/1.0"/>der oorlogschepen tot defencie ende offencie een gedeelte van de winsten voor een<lb xmlns="http://www.tei-c.org/ns/1.0"/> matigen tijt te derven, dan dat men door verspreyding der schepen bijna niet<lb xmlns="http://www.tei-c.org/ns/1.0"/> anders soude uytrigten dan daarmede rijke carguasoenen uyt de vaste plaatsen<lb xmlns="http://www.tei-c.org/ns/1.0"/> over te brengen door wegen ofte zeën, die men hier off daar door den vijant met een<lb xmlns="http://www.tei-c.org/ns/1.0"/> gecombineerde magt beset soude connen vinden, behalven nog de vergrote nootsakelijkh.1<lb xmlns="http://www.tei-c.org/ns/1.0"/> om dese hooftplaats door een geproportioneerde zeemagt te bewaren om<lb xmlns="http://www.tei-c.org/ns/1.0"/> niet alleen dan daarvandaan de nodige uj^tscttingen, daar het vereyscht werd, te<lb xmlns="http://www.tei-c.org/ns/1.0"/> connen doen, maar wel bijsondcrlijk om de oost voor den vijant te connen decken<lb xmlns="http://www.tei-c.org/ns/1.0"/> ende af te sluyten.<lb xmlns="http://www.tei-c.org/ns/1.0"/>
            </p><note xml:id="INT_d50ec915-67cd-3ada-8156-b5a53d4946c5.TEI.1.text.1.body.1.div.1.div.1.note.2" xml:lang="nl" place="inline" type="editorial-summary" resp="editor" rend="font-style: italic; line-height: 12.3pt; text-indent: 23.0pt; text-align: justify; font-size: 9.5" xmlns="http://www.tei-c.org/ns/1.0">(Het 29 sept. uit Plymouth vertrokken Engelse schip Orange kwam 10 april aan;<lb/> de berichten stemmen overeen met <hi rend="font-size:9.5; font-family:Liberation Serif" xml:lang="nl">-</hi> )<lb/></note><p xml:id="INT_d50ec915-67cd-3ada-8156-b5a53d4946c5.TEI.1.text.1.body.1.div.1.div.1.p.3" resp="int_paragraph_joining" rend="">
              - die van mons.er du Quesnes *) scheepje aan de Caab gedaan sijnde,<lb xmlns="http://www.tei-c.org/ns/1.0"/>welcke tijding dan nog des te apperenter stelt, dat er voor dit jaar weder een nieuwe<lb xmlns="http://www.tei-c.org/ns/1.0"/> ende welligt veel sterker besending van schepen uyt Vrankrijk na India geschiet<lb xmlns="http://www.tei-c.org/ns/1.0"/> sal sijn als verleden jaar ende dat ook hetselve secours welligt niet verre van hier<lb xmlns="http://www.tei-c.org/ns/1.0"/> ofte van andere Indische plaatsen aff is. Ten tweden, omdat wij tot onse grote verwondering<lb xmlns="http://www.tei-c.org/ns/1.0"/> alsnog geen schepen van Ceylon nogte Bengale krijgen, dienvolgens niet<lb xmlns="http://www.tei-c.org/ns/1.0"/> alleen oncundig blijven, off de revire ter laatstgenoemde plaatse nog even gelijk,<lb xmlns="http://www.tei-c.org/ns/1.0"/> als de jongste tijding met het jagt Wijk op Zee vermelde, van de France schepen<lb xmlns="http://www.tei-c.org/ns/1.0"/> besloten blijft, dan off desel ve van daar weder vert rocken sijn, dog welck laatste<lb xmlns="http://www.tei-c.org/ns/1.0"/> niet apparent schijnt om het nog agterblijven van de Civetcat, welcke op het vertrek<lb xmlns="http://www.tei-c.org/ns/1.0"/> van ’t jagt Wijk op Zee mede genoegsaam in gereetheyt lag.<lb xmlns="http://www.tei-c.org/ns/1.0"/>
            </p><note xml:id="INT_d50ec915-67cd-3ada-8156-b5a53d4946c5.TEI.1.text.1.body.1.div.1.div.1.note.3" xml:lang="nl" place="inline" type="editorial-summary" resp="editor" rend="font-style: italic; line-height: 11.7pt; text-indent: 23.0pt; text-align: justify; font-size: 9.5" xmlns="http://www.tei-c.org/ns/1.0">(Waarom men geen schip derwaarts durft zenden; er zijn voor de handel vrijwel<lb/> geen schepen beschikbaar, ook als men China niet bevaart; 's Lande Welvaren, 31 dec.<lb/> 1690 van de Kaap vertrokken, kwam nog niet aan, men vernam van daar ook niets van<lb/> twee schepen van de Kamer Amsterdam, die volgens de Orange op komst zouden zijn;<lb/> het varen om Schotland laat de schepen bijna een jaar over de reis doen, zodat schepen,<lb/> in de Nederlandse winter vertrokken, veel te laat komen om ze in Azië te kunnen gebruiken<lb/> voor de gewone handelstochten; 14 april komt de Civetkat, 16 april de Walenburg<lb/></note><note xml:id="INT_d50ec915-67cd-3ada-8156-b5a53d4946c5.TEI.1.text.1.body.1.div.1.div.1.note.4" xml:lang="nl" rend="font-size: 8; text-align: justify; line-height: 9.6pt; text-indent: 22.0pt" xmlns="http://www.tei-c.org/ns/1.0">1) De markies Henri Duquesne zond 10 juli 1691 met medeweten van Heren XVII van<lb/> Texel het scheepje La Hirondelle uit met Protestantse émigrós om een kolonie op het thans<lb/> Réunion geheten eiland te vestigen.<lb/></note><pb xml:id="INT_d50ec915-67cd-3ada-8156-b5a53d4946c5.TEI.1.text.1.body.1.div.1.div.1.pb.2" n="435" facs="http://resources.huygens.knaw.nl/retroapp/service_generalemissiven/gm_05/images/gm_5_150_0435.tif"/><fw xml:id="INT_d50ec915-67cd-3ada-8156-b5a53d4946c5.TEI.1.text.1.body.1.div.1.div.1.fw.3" place="top" type="head" facs="#zone.1336250" xmlns="http://www.tei-c.org/ns/1.0">Camphuys, Van Outhoom, Van Hoorn, Valckenier, enz. XXIV, 17 april 1691</fw><fw xml:id="INT_d50ec915-67cd-3ada-8156-b5a53d4946c5.TEI.1.text.1.body.1.div.1.div.1.fw.4" place="top" type="page-number" facs="#zone.1336264" xmlns="http://www.tei-c.org/ns/1.0">435</fw><note xml:id="INT_d50ec915-67cd-3ada-8156-b5a53d4946c5.TEI.1.text.1.body.1.div.1.div.1.note.5" xml:lang="nl" place="inline" type="editorial-summary" resp="editor" rend="font-size: 9.5; font-style: italic; text-align: justify; line-height: 11.7pt" xmlns="http://www.tei-c.org/ns/1.0">uit Bengalen met brieven van 3 tot 23 febr. en met carg. van respectievelijk f. 102982 en<lb/> f. 236267, w.o. voor f. 151828 aan zijde voor Japan en 300 kisten opium, dat te Batavia<lb/> juist uitverkocht was; de 6 <hi rend="font-size:9.5; font-family:Liberation Serif" xml:lang="nl">-</hi> )<lb/></note><p xml:id="INT_d50ec915-67cd-3ada-8156-b5a53d4946c5.TEI.1.text.1.body.1.div.1.div.1.p.4" resp="int_paragraph_joining" rend="">
              - France oorlogschepen, nadat sijl. haar op Punto Negras gerepareert<lb xmlns="http://www.tei-c.org/ns/1.0"/>hadden en den 4n decemb.r 1690 weder voor Bellasoor verschenen waren, op den<lb xmlns="http://www.tei-c.org/ns/1.0"/> den 29n d.° van daar vertrocken sijn ende alsoo aan onse ministers aldaar occagie<lb xmlns="http://www.tei-c.org/ns/1.0"/> gegeven hebben om van daar op den 25n januarij daaraanvolgende na het vaderland<lb xmlns="http://www.tei-c.org/ns/1.0"/> over de Caab de Goede Hoop (ende niet over Cheylon, omdat het daartoe te<lb xmlns="http://www.tei-c.org/ns/1.0"/> laat geworden was ende ook om aldaar door de Franschen niet waargenomen te<lb xmlns="http://www.tei-c.org/ns/1.0"/>werden) voort te senden - - - de Craab met een lading van f. 765054 ende het<lb xmlns="http://www.tei-c.org/ns/1.0"/>jagt de Faam met een carguasoen van f. 506579.<lb xmlns="http://www.tei-c.org/ns/1.0"/>
            </p><note xml:id="INT_d50ec915-67cd-3ada-8156-b5a53d4946c5.TEI.1.text.1.body.1.div.1.div.1.note.6" xml:lang="nl" place="inline" type="editorial-summary" resp="editor" rend="font-style: italic; line-height: 11.7pt; text-indent: 22.0pt; text-align: justify; font-size: 9.5" xmlns="http://www.tei-c.org/ns/1.0">( De Eemland vertrok van daar 13 febr. naar Ceylon met carg. van f. 170136 aan<lb/> zijde voor patria, textiel voor Perzië, specerijen voor Malabar enz., op 13 febr. vertrok<lb/> de Tarnen van daar naar Coromandel met carg. van f. 197219; de Fransen scheepten<lb/> 13000 man salpeter, textiel en vivres in, vermoedelijk gaan sommige van hun schepen<lb/> naar Frankrijk) .<lb/></note><pb xml:id="INT_d50ec915-67cd-3ada-8156-b5a53d4946c5.TEI.1.text.1.body.1.div.1.div.1.pb.3" n="436" facs="http://resources.huygens.knaw.nl/retroapp/service_generalemissiven/gm_05/images/gm_5_150_0436.tif"/><pb xml:id="INT_d50ec915-67cd-3ada-8156-b5a53d4946c5.TEI.1.text.1.body.1.div.1.div.1.pb.4" n="437" facs="http://resources.huygens.knaw.nl/retroapp/service_generalemissiven/gm_05/images/gm_5_150_0437.tif"/></div><div xml:id="INT_d50ec915-67cd-3ada-8156-b5a53d4946c5.TEI.1.text.1.body.1.div.1.div.2" type="subdivision_for_sake_of_validation"><head xml:id="INT_d50ec915-67cd-3ada-8156-b5a53d4946c5.TEI.1.text.1.body.1.div.1.div.2.head.1" xml:lang="nl" rend="font-size: 22; line-height: 24.4pt" xmlns="http://www.tei-c.org/ns/1.0">Mr. WILLEM VAN OUTHOORN<lb/></head><p xml:id="INT_d50ec915-67cd-3ada-8156-b5a53d4946c5.TEI.1.text.1.body.1.div.1.div.2.p.1" xml:lang="nl" rend="font-size: 8.5; text-align: center; line-height: 9.4pt; margin-left: 100" xmlns="http://www.tei-c.org/ns/1.0">24 SEPTEMBER 1691—15 AUGUSTUS 1704<lb/></p><pb xml:id="INT_d50ec915-67cd-3ada-8156-b5a53d4946c5.TEI.1.text.1.body.1.div.1.div.2.pb.1" n="438" facs="http://resources.huygens.knaw.nl/retroapp/service_generalemissiven/gm_05/images/gm_5_150_0438.tif"/>
            
      </div></div>
                  </body>
                </text>
              </TEI>