<TEI xml:id="INT_8977aea0-8494-3224-b7cd-e18a635cc76a" xmlns="http://www.tei-c.org/ns/1.0">
                <teiHeader>
      <fileDesc>
        <titleStmt>
          <title>Camphuys, Van Outhoorn, Pit, Van Hoorn, De Saint-Martin, De Beveren en Valckenier, 30 nov. 1689</title>
        </titleStmt>
        <publicationStmt>
          <p>
            <date>30 nov. 1689</date>
            <idno type="sourceID">missiven:vol5</idno>
            <idno type="pid">INT_8977aea0-8494-3224-b7cd-e18a635cc76a</idno>
          </p>
        </publicationStmt>
        <notesStmt>
          <note/>
        </notesStmt>
        <sourceDesc>
          <listBibl xml:id="inlMetadata">
            <bibl type="missive">
        <interpGrp type="page"><interp>295</interp></interpGrp>
        
      <interpGrp type="titleLevel1"><interp>Camphuys, Van Outhoorn, Pit, Van Hoorn, De Saint-Martin, De Beveren en Valckenier, 30 nov. 1689</interp></interpGrp>
      <interpGrp type="dateLevel1"><interp>30 nov. 1689</interp></interpGrp>
        <interpGrp type="tocLevel"><interp>1</interp></interpGrp>
      <interpGrp type="volume"><interp>5</interp></interpGrp>
        <interpGrp type="n"><interp>XIX</interp></interpGrp>
      
      <interpGrp type="witnessYearLevel1_from"><interp>1689</interp></interpGrp>
      <interpGrp type="witnessYearLevel1_to"><interp>1689</interp></interpGrp>
      <interpGrp type="witnessMonthLevel1_to"><interp>11</interp></interpGrp>
      <interpGrp type="witnessMonthLevel1_from"><interp>11</interp></interpGrp>
      <interpGrp type="witnessDayLevel1_to"><interp>30</interp></interpGrp>
      <interpGrp type="witnessDayLevel1_from"><interp>30</interp></interpGrp>
      <interpGrp type="authorLevel1"><interp>Camphuys</interp><interp>Van Outhoorn</interp><interp>Pit</interp><interp>Van Hoorn</interp><interp>De Saint-Martin</interp><interp>De Beveren</interp><interp>Valckenier</interp></interpGrp>
      <interpGrp type="pid"><interp>INT_8977aea0-8494-3224-b7cd-e18a635cc76a</interp></interpGrp>
    </bibl>
          </listBibl>
        </sourceDesc>
      </fileDesc>
    </teiHeader>
                <text xml:id="INT_8977aea0-8494-3224-b7cd-e18a635cc76a.TEI.1.text.1">
                  <body xml:id="INT_8977aea0-8494-3224-b7cd-e18a635cc76a.TEI.1.text.1.body.1">
                    <div xml:id="INT_8977aea0-8494-3224-b7cd-e18a635cc76a.TEI.1.text.1.body.1.div.1">
        
              <pb xml:id="INT_8977aea0-8494-3224-b7cd-e18a635cc76a.TEI.1.text.1.body.1.div.1.pb.1" n="295" facs="http://resources.huygens.knaw.nl/retroapp/service_generalemissiven/gm_05/images/gm_5_150_0295.tif"/><fw xml:id="INT_8977aea0-8494-3224-b7cd-e18a635cc76a.TEI.1.text.1.body.1.div.1.fw.1" place="top" type="head" facs="#zone.955989" xmlns="http://www.tei-c.org/ns/1.0">Camphuys, Van Outhoorn, Pit, Van Hoorn, De Saint-Martin, enz. XIX, 30 nov. 1689</fw><fw xml:id="INT_8977aea0-8494-3224-b7cd-e18a635cc76a.TEI.1.text.1.body.1.div.1.fw.2" place="top" type="page-number" facs="#zone.956005" xmlns="http://www.tei-c.org/ns/1.0">295</fw><head xml:id="INT_8977aea0-8494-3224-b7cd-e18a635cc76a.TEI.1.text.1.body.1.div.1.head.1" xml:lang="nl" rend="font-size: 10; text-align: justify; line-height: 11.7pt" xmlns="http://www.tei-c.org/ns/1.0">XIX. JOANNES CAMPHUYS, WILLEM VAN OUTHOORN, MARTEN PIT,<lb/> JOAN VAN HOORN, ISAAC DE SAINT-MARTIN, GERARD DE BEVEREN<lb/> EN WOUTER VALCKENIER, BATAVIA 30 nov. 1689.<lb/></head><p xml:id="INT_8977aea0-8494-3224-b7cd-e18a635cc76a.TEI.1.text.1.body.1.div.1.p.1" xml:lang="nl" rend="font-size: 8.5; text-align: justify; line-height: 9.4pt" xmlns="http://www.tei-c.org/ns/1.0">Kol. Arch. 1346, folio 538-541, copie 542-545.<lb/></p><note xml:id="INT_8977aea0-8494-3224-b7cd-e18a635cc76a.TEI.1.text.1.body.1.div.1.note.1" xml:lang="nl" place="inline" type="editorial-summary" resp="editor" rend="font-style: italic; line-height: 11.7pt; text-indent: 22.0pt; text-align: justify; font-size: 9.5" xmlns="http://www.tei-c.org/ns/1.0">(Na van Heren <hi rend="font-size:9.5; font-family:Liberation Serif; font-style:italic; letter-spacing:1.0pt" xml:lang="nl">XVII</hi> ontvangen last om gehuurde galjoots spoedig naar patria<lb/> terug te zenden stuurt men de Vergulde Vlaming terug, die 27 aug. te Malakka en 31<lb/> oct. te Batavia kwam; het fluitje Eemnes vertrok 6 april en kwam de 8e buiten<lb/> Straat Sunda; 20 mei kwam uit patria het Wapen van Alkmaar, 3 juni de galjoot<lb/> Jonge Snobber, 1 aug. de Nederland, 16 aug. Sion, 19 sept. de Schieland, 5 oct. het<lb/> Land van Schouwen en de Voetboog, 25 oct. de Dregterland, 26 nov. de Bantam; uit<lb/> Ceylon zullen 5 schepen naar patria varen, waar uit patria de scheepjes<lb/> Tuymelaer, Handboog en Elisabeth kwamen; de eerste schepen van de vorige<lb/> retourvloot vertrokken 15 april van de Kaap, de latere, die er pas 24 tot 26 mei<lb/> kwamen, 30 juni, waarbij resp. Waterland, Maas en Honsholredijk en later de Nierop<lb/> en de Spierdijk uit Ceylon met twee Franse prijzen; de Eemnes was van 18 juli tot<lb/> 5 aug. aan de Kaap en lag door slecht weer 6 weken voor de wal van Afrika).<lb/></note><p xml:id="INT_8977aea0-8494-3224-b7cd-e18a635cc76a.TEI.1.text.1.body.1.div.1.p.2" xml:lang="nl" rend="font-size: 10; text-align: justify; line-height: 11.7pt; text-indent: 22.0pt" xmlns="http://www.tei-c.org/ns/1.0">Uyt Vrankrijk vernemen wij nog niet, dat er eenige principale besending na<lb/> India gedaen is, gelijk ook geen schepen uyt Engelant dese stad na de noord gepasseert<lb/> zijn.<lb/></p>
            
      </div>
                  </body>
                </text>
              </TEI>