<TEI xml:id="INT_d7715411-5431-3894-96b1-456c4ca13c41" xmlns="http://www.tei-c.org/ns/1.0">
                <teiHeader>
      <fileDesc>
        <titleStmt>
          <title>Mossel, Van der Waeyen, Van der Parra, Van der Spar, Van de Velde, Van Rheede, Van Bazel, Hooreman, Van Hohendorf, Van Riemsdijk, De Klerk en Loten, 15 oktober 1757</title>
        </titleStmt>
        <publicationStmt>
          <p>
            <date>15 oktober 1757</date>
            <idno type="sourceID">missiven:vol13</idno>
            <idno type="pid">INT_d7715411-5431-3894-96b1-456c4ca13c41</idno>
          </p>
        </publicationStmt>
        <notesStmt>
          <note/>
        </notesStmt>
        <sourceDesc>
          <listBibl xml:id="inlMetadata">
            <bibl type="missive">
        <interpGrp type="page"><interp>115</interp></interpGrp>
        
      <interpGrp type="titleLevel1"><interp>Mossel, Van der Waeyen, Van der Parra, Van der Spar, Van de Velde, Van Rheede, Van Bazel, Hooreman, Van Hohendorf, Van Riemsdijk, De Klerk en Loten, 15 oktober 1757</interp></interpGrp>
      <interpGrp type="dateLevel1"><interp>15 oktober 1757</interp></interpGrp>
        <interpGrp type="tocLevel"><interp>1</interp></interpGrp>
      <interpGrp type="volume"><interp>13</interp></interpGrp>
        <interpGrp type="n"><interp>XXXI</interp></interpGrp>
      
      <interpGrp type="witnessYearLevel1_from"><interp>1757</interp></interpGrp>
      <interpGrp type="witnessYearLevel1_to"><interp>1757</interp></interpGrp>
      <interpGrp type="witnessMonthLevel1_to"><interp>10</interp></interpGrp>
      <interpGrp type="witnessMonthLevel1_from"><interp>10</interp></interpGrp>
      <interpGrp type="witnessDayLevel1_to"><interp>15</interp></interpGrp>
      <interpGrp type="witnessDayLevel1_from"><interp>15</interp></interpGrp>
      <interpGrp type="authorLevel1"><interp>Mossel</interp><interp>Van der Waeyen</interp><interp>Van der Parra</interp><interp>Van der Spar</interp><interp>Van de Velde</interp><interp>Van Rheede</interp><interp>Van Bazel</interp><interp>Hooreman</interp><interp>Van Hohendorf</interp><interp>Van Riemsdijk</interp><interp>De Klerk</interp><interp>Loten</interp></interpGrp>
      <interpGrp type="pid"><interp>INT_d7715411-5431-3894-96b1-456c4ca13c41</interp></interpGrp>
    </bibl>
          </listBibl>
        </sourceDesc>
      </fileDesc>
    </teiHeader>
                <text xml:id="INT_d7715411-5431-3894-96b1-456c4ca13c41.TEI.1.text.1">
                  <body xml:id="INT_d7715411-5431-3894-96b1-456c4ca13c41.TEI.1.text.1.body.1">
                    <div xml:id="INT_d7715411-5431-3894-96b1-456c4ca13c41.TEI.1.text.1.body.1.div.1"><div xml:id="INT_d7715411-5431-3894-96b1-456c4ca13c41.TEI.1.text.1.body.1.div.1.div.1" type="subdivision_for_sake_of_validation">
        
              <pb xml:id="INT_d7715411-5431-3894-96b1-456c4ca13c41.TEI.1.text.1.body.1.div.1.div.1.pb.1" n="115" facs="http://resources.huygens.knaw.nl/retroapp/service_generalemissiven/gm_13/images/generale_missiven_gs258_115.tif"/><fw xml:id="INT_d7715411-5431-3894-96b1-456c4ca13c41.TEI.1.text.1.body.1.div.1.div.1.fw.1" place="top" type="head" facs="#zone.1934463" xmlns="http://www.tei-c.org/ns/1.0">XXXI. JACOB MOSSEL, JACOB VAN DER WAEYEN, PETRUS ALBERTUSVAN DER PARRA, JURGEN VAN DER SPAR, PIETER VAN DE VELDE,DITHARD VAN RHEEDE, HUIJBERT WILLEM VAN BAZEL, LIBRECHTHOOREMAN, JOAN ANDREAS VAN HOHENDORF, JEREMIAS VANRIEMSDIJK, REYNIER DE KLERK en JOAN GIDEON LOTEN, BATAVIA15 oktober 1757.Kol. Arch. 2781, VOC 2888, fol. 6-26.</fw><note xml:id="INT_d7715411-5431-3894-96b1-456c4ca13c41.TEI.1.text.1.body.1.div.1.div.1.note.1" xml:lang="nl" place="inline" type="editorial-summary" resp="editor" rend="font-style: italic; line-height: 14.4pt; text-indent: 31.0pt; text-align: justify; font-size: 11" xmlns="http://www.tei-c.org/ns/1.0">( De hoop wordt uitgesproken dat het voorjaarsschip de Spanderswoud met de brief<lb/> van 25 april 1757 veilig in Nederland is aangekomen. De brieven van de Heren XVII van<lb/> 4 en 15 oktober 1756 zijn ontvangen; de eerste is 14 en 20 juni, en 15 juli 1757 besproken,<lb/> de tweede 25 augustus 1757, toen tevens de eis uit Bengalen werd behandeld. Nu volgt<lb/> antwoord in volgorde van de brief.<lb/></note><p xml:id="INT_d7715411-5431-3894-96b1-456c4ca13c41.TEI.1.text.1.body.1.div.1.div.1.p.1" xml:lang="nl" rend="font-size: 11; font-variant: small-caps; text-align: justify; line-height: 14.1pt" xmlns="http://www.tei-c.org/ns/1.0">Amboina<lb/></p><note xml:id="INT_d7715411-5431-3894-96b1-456c4ca13c41.TEI.1.text.1.body.1.div.1.div.1.note.2" xml:lang="nl" place="inline" type="editorial-summary" resp="editor" rend="font-style: italic; line-height: 14.1pt; text-indent: 31.0pt; text-align: justify; font-size: 11" xmlns="http://www.tei-c.org/ns/1.0">Omdat ze niet sterk zijn en schaars, zijn de strozakken die sinds 1753 gebruikt werden<lb/> voor het wegen van kruidnagels en rijst, weer vervangen door zakken van textiel, maar<lb/> dit wordt weer veranderd indien de duurzaamheid niet tegen het prijsverschil van acht<lb/> tegen één opweegt. Een nader besluit zal volgen, waarbij verschillende soorten zakken<lb/> elders in gebruik in de overweging meegenomen zullen worden; zie de vergadering van<lb/> 14 juni 1757.<lb/></note><p xml:id="INT_d7715411-5431-3894-96b1-456c4ca13c41.TEI.1.text.1.body.1.div.1.div.1.p.2" xml:lang="nl" rend="font-size: 11; font-variant: small-caps; text-align: justify; line-height: 14.7pt" xmlns="http://www.tei-c.org/ns/1.0">Ternate<lb/></p><note xml:id="INT_d7715411-5431-3894-96b1-456c4ca13c41.TEI.1.text.1.body.1.div.1.div.1.note.3" xml:lang="nl" place="inline" type="editorial-summary" resp="editor" rend="font-style: italic; line-height: 14.7pt; text-indent: 31.0pt; text-align: justify; font-size: 11" xmlns="http://www.tei-c.org/ns/1.0">Uit de brief uit Ternate van 26 juni 1754 blijkt, hoewel wat duister, dat er geen verboden<lb/> textielhandel plaatsvindt, zodat er geen reden tot achterdocht is.<lb/></note><p xml:id="INT_d7715411-5431-3894-96b1-456c4ca13c41.TEI.1.text.1.body.1.div.1.div.1.p.3" xml:lang="nl" rend="font-size: 11; font-variant: small-caps; text-align: justify; line-height: 14.4pt" xmlns="http://www.tei-c.org/ns/1.0">Amboina<lb/></p><note xml:id="INT_d7715411-5431-3894-96b1-456c4ca13c41.TEI.1.text.1.body.1.div.1.div.1.note.4" xml:lang="nl" place="inline" type="editorial-summary" resp="editor" rend="font-style: italic; line-height: 14.4pt; text-indent: 31.0pt; text-align: justify; font-size: 11" xmlns="http://www.tei-c.org/ns/1.0">De klacht uit Amboina in de brief van 20 mei 1754 dat wegens particuliere aanvoer<lb/> een aanzienlijke winst op katoenen Javaanse garens gemist moet worden, is onterecht,<lb/> omdat het winstpercentage wel hoog is maar de winst zelf maar f 1187 bedroeg.<lb/> Daarom vinden GG en Raden dat de arme burgerhandel niet nog meer beperkt moet<lb/> worden, maar wegens de andere opvatting van de Heren XVII is besloten de particuliere<lb/> aanvoer op Amboina, Banda en Ternate, en de uitvoer daarheen van Makassar, Java en<lb/> Cheribon te verbieden en voor contrabande te verklaren.<lb/></note><p xml:id="INT_d7715411-5431-3894-96b1-456c4ca13c41.TEI.1.text.1.body.1.div.1.div.1.p.4" xml:lang="nl" rend="font-size: 11; font-variant: small-caps; text-align: justify; line-height: 14.4pt" xmlns="http://www.tei-c.org/ns/1.0">Banda<lb/></p><note xml:id="INT_d7715411-5431-3894-96b1-456c4ca13c41.TEI.1.text.1.body.1.div.1.div.1.note.5" xml:lang="nl" place="inline" type="editorial-summary" resp="editor" rend="font-style: italic; line-height: 14.4pt; text-indent: 31.0pt; text-align: justify; font-size: 11" xmlns="http://www.tei-c.org/ns/1.0">Ten aanzien van het monopolie van rijst op Banda is ingevolge het bevel van de<lb/> Heren XVII op 20 juni 1757 besloten om de advocaat-fiscaal dienaangaande een extract<lb/> uit de patriase brief van 4 oktober 1 756 te doen toekomen, benevens alle relevante stukken<lb/> op de secretarie, zodat hij onderzoek kan doen en verslag uitbrengen. Daarna valt er<lb/> een besluit. Een verklaring van drie personen over deze zaak, die niet werd overgezonden,<lb/> wordt bij deze aangeboden. )<lb/></note><p xml:id="INT_d7715411-5431-3894-96b1-456c4ca13c41.TEI.1.text.1.body.1.div.1.div.1.p.5" resp="int_paragraph_joining" rend="">
              Het verpagten der Bandase domeynen en der Warkayse paarlreeven sal die van<lb xmlns="http://www.tei-c.org/ns/1.0"/> Banda weder ernstig aanbevolen werden en om bij onmogelijkheid U Wel Ed. Hoogagtb.<lb xmlns="http://www.tei-c.org/ns/1.0"/> daarvan de vereyschte reedenen te suppediteeren, remarqueerende den raad<lb xmlns="http://www.tei-c.org/ns/1.0"/> extraordinair Reynier de Klerk bij zijne radicale beschrijving dat den armoedigen en<lb xmlns="http://www.tei-c.org/ns/1.0"/><fw xml:id="INT_d7715411-5431-3894-96b1-456c4ca13c41.TEI.1.text.1.body.1.div.1.div.1.p.5.fw.1" type="bottom-page-number">115</fw><pb xml:id="INT_d7715411-5431-3894-96b1-456c4ca13c41.TEI.1.text.1.body.1.div.1.div.1.p.5.pb.1" n="116" facs="http://resources.huygens.knaw.nl/retroapp/service_generalemissiven/gm_13/images/generale_missiven_gs258_116.tif"/><fw xml:id="INT_d7715411-5431-3894-96b1-456c4ca13c41.TEI.1.text.1.body.1.div.1.div.1.p.5.fw.2" place="top" type="head" facs="#zone.1936877" xmlns="http://www.tei-c.org/ns/1.0">Mossel XXXI 15 oktober 1757</fw>regt deerniswaardigen staat der inwoonderen van die provintie, verre van hun met<lb xmlns="http://www.tei-c.org/ns/1.0"/> inhalige pagters te vermoeyelijken, eerder alle bedenkelijk soulaas diend toegebragt.<lb xmlns="http://www.tei-c.org/ns/1.0"/> Met welk insigt w’ ook na Banda en Ambon beveelen zullen hare betragting te maken,<lb xmlns="http://www.tei-c.org/ns/1.0"/> ten einde het vee aldaar vleytig werde aangequeekt en van nu af aan jaarlijks een<lb xmlns="http://www.tei-c.org/ns/1.0"/> genoegsaam getal rundvee en verkens van Batavia te eysschen, of goede reeden van<lb xmlns="http://www.tei-c.org/ns/1.0"/> ’t contrarie te geeven.<lb xmlns="http://www.tei-c.org/ns/1.0"/>
            </p><note xml:id="INT_d7715411-5431-3894-96b1-456c4ca13c41.TEI.1.text.1.body.1.div.1.div.1.note.6" xml:lang="nl" place="inline" type="editorial-summary" resp="editor" rend="font-style: italic; line-height: 14.4pt; text-indent: 31.0pt; text-align: justify; font-size: 11" xmlns="http://www.tei-c.org/ns/1.0">( Hoewel de Heren XVII bevalen om de vergunning voor de vaart van zes burger -<lb/> schepen van Amboina en Banda naar Celebes in te trekken en op een andere manier in<lb/> de aanvoer van rijst te voorzien, is 20 juni 1757 besloten de vergunning te continueren,<lb/> omdat voedselgebrek op Banda ruïneus zou zijn. Rijst van Java halen voor de behoeftige<lb/> Bandanezen zou te lang duren en te duur zijn en er dreigt thans daar vandaan geen gevaar<lb/> van smokkel in specerijen. Met een ruime aanvoer van rijst moet particuliere aanvoer<lb/> voorkomen worden en er is bevolen over zulke aanvoer te rapporteren.<lb/></note><p xml:id="INT_d7715411-5431-3894-96b1-456c4ca13c41.TEI.1.text.1.body.1.div.1.div.1.p.6" xml:lang="nl" rend="font-size: 11; font-variant: small-caps; text-align: justify; line-height: 12.2pt" xmlns="http://www.tei-c.org/ns/1.0">Ternate<lb/></p><note xml:id="INT_d7715411-5431-3894-96b1-456c4ca13c41.TEI.1.text.1.body.1.div.1.div.1.note.7" xml:lang="nl" place="inline" type="editorial-summary" resp="editor" rend="font-style: italic; line-height: 14.1pt; text-indent: 31.0pt; text-align: justify; font-size: 11" xmlns="http://www.tei-c.org/ns/1.0">Er worden maatregelen genomen dat Ternaatse resoluties niet meer door schrijffouten<lb/> zoek raken.<lb/></note><p xml:id="INT_d7715411-5431-3894-96b1-456c4ca13c41.TEI.1.text.1.body.1.div.1.div.1.p.7" xml:lang="nl" rend="font-size: 11; font-variant: small-caps; text-align: justify; line-height: 12.2pt" xmlns="http://www.tei-c.org/ns/1.0">Makassar<lb/></p><note xml:id="INT_d7715411-5431-3894-96b1-456c4ca13c41.TEI.1.text.1.body.1.div.1.div.1.note.8" xml:lang="nl" place="inline" type="editorial-summary" resp="editor" rend="font-style: italic; line-height: 14.1pt; text-indent: 31.0pt; text-align: justify; font-size: 11" xmlns="http://www.tei-c.org/ns/1.0">De beschuldiging van knoeierij tegen de resident te Bulukumba Gustaaf Lodewijk<lb/> van Liebeherr is in handen van de advocaat-fiscaal gesteld.<lb/></note><p xml:id="INT_d7715411-5431-3894-96b1-456c4ca13c41.TEI.1.text.1.body.1.div.1.div.1.p.8" xml:lang="nl" rend="font-size: 11; font-variant: small-caps; text-align: justify; line-height: 14.4pt" xmlns="http://www.tei-c.org/ns/1.0">Bandjarmasin<lb/></p><note xml:id="INT_d7715411-5431-3894-96b1-456c4ca13c41.TEI.1.text.1.body.1.div.1.div.1.note.9" xml:lang="nl" place="inline" type="editorial-summary" resp="editor" rend="font-style: italic; line-height: 14.4pt; text-indent: 31.0pt; text-align: justify; font-size: 11" xmlns="http://www.tei-c.org/ns/1.0">Er zal met niet meer dan twee Chinese jonken naar Bandjarmasin gevaren worden.<lb/> In de december brief volgt hierover meer, alsmede over het opperhoofd te Timor Elias<lb/> Jacob Beijnon en het Bilitons onderzoek.<lb/></note><p xml:id="INT_d7715411-5431-3894-96b1-456c4ca13c41.TEI.1.text.1.body.1.div.1.div.1.p.9" xml:lang="nl" rend="font-size: 11; font-variant: small-caps; text-align: justify; line-height: 14.4pt" xmlns="http://www.tei-c.org/ns/1.0">Siam<lb/></p><note xml:id="INT_d7715411-5431-3894-96b1-456c4ca13c41.TEI.1.text.1.body.1.div.1.div.1.note.10" xml:lang="nl" place="inline" type="editorial-summary" resp="editor" rend="font-style: italic; line-height: 14.4pt; text-indent: 31.0pt; text-align: justify; font-size: 11" xmlns="http://www.tei-c.org/ns/1.0">Het Siamese ijzer is te grof, te kort en te duur. Met een toegerekende kostprijs van<lb/><hi rend="font-size:11; font-family:Liberation Serif; font-weight:bold" xml:lang="nl">ƒ</hi> 15,18,- het pikol werd er bij publieke verkoping te Batavia maar <hi rend="font-size:11; font-family:Liberation Serif; font-weight:bold" xml:lang="nl">ƒ</hi> 8,8,- voor gemaakt.<lb/> Een teruggevonden monster Cochin Chinese kaneel wordt met de Petronella Maria naar<lb/> Nederland gezonden. Een kaart van de Kantonse rivier, een lijst met in China roulerende<lb/> munten en de daar gebruikte maten en gewichten, wordt nu meegezonden. De staatrekening<lb/> is te vinden bij de negotieboekjes. Zoals verleden jaar gemeld, vindt naar Cochin<lb/> Chine geen bezending meer plaats. )<lb/></note><p xml:id="INT_d7715411-5431-3894-96b1-456c4ca13c41.TEI.1.text.1.body.1.div.1.div.1.p.10" xml:lang="nl" rend="font-size: 11; font-variant: small-caps; text-align: justify; line-height: 14.4pt" xmlns="http://www.tei-c.org/ns/1.0">Japan<lb/></p><p xml:id="INT_d7715411-5431-3894-96b1-456c4ca13c41.TEI.1.text.1.body.1.div.1.div.1.p.11" resp="int_paragraph_joining" rend="">
              De bezorging van ’t Japans cargasoen geschied doorgaans so voordeelig als ’t<lb xmlns="http://www.tei-c.org/ns/1.0"/> voor de Compagnie geschieden kan, mits den Japander ook eenig genoegen gegeeven<lb xmlns="http://www.tei-c.org/ns/1.0"/> werd, dat niet meer als reedelijk is, wijl denzelve wel weeten wil dat ’t een gunst is<lb xmlns="http://www.tei-c.org/ns/1.0"/> 1.320.000 lb. koper teegen ƒ 24,14,- d’ 100 lb. af te staan, en wij verbonden zijn een<lb xmlns="http://www.tei-c.org/ns/1.0"/> derde aan zijde en zijde stoffen, dat eygentlijk de verliesgevende partijen zijn, te bezorgen<lb xmlns="http://www.tei-c.org/ns/1.0"/> en ’twelk men nogal vrij veel inkrimpt. Dog de ontstentenisse van de nodige en<lb xmlns="http://www.tei-c.org/ns/1.0"/> vereyschte manufacturen doet ons wel noodzaaken recours te neemen tot articulen die<lb xmlns="http://www.tei-c.org/ns/1.0"/> minder voordeel geeven. Gelijk w’ dat meede reets aangetoond hebben in de jongste<lb xmlns="http://www.tei-c.org/ns/1.0"/> jaren 1755 en 1756, vertonende de oppercoopluyden des casteels bij hier bijgevoegt<lb xmlns="http://www.tei-c.org/ns/1.0"/> berigt hoe gebreckig de lengte en breete der lakenen doorgaans uytkomen, terwijl de<lb xmlns="http://www.tei-c.org/ns/1.0"/><fw xml:id="INT_d7715411-5431-3894-96b1-456c4ca13c41.TEI.1.text.1.body.1.div.1.div.1.p.11.fw.1" type="bottom-page-number">116</fw><pb xml:id="INT_d7715411-5431-3894-96b1-456c4ca13c41.TEI.1.text.1.body.1.div.1.div.1.p.11.pb.1" n="117" facs="http://resources.huygens.knaw.nl/retroapp/service_generalemissiven/gm_13/images/generale_missiven_gs258_117.tif"/><fw xml:id="INT_d7715411-5431-3894-96b1-456c4ca13c41.TEI.1.text.1.body.1.div.1.div.1.p.11.fw.2" place="top" type="head" facs="#zone.1939399" xmlns="http://www.tei-c.org/ns/1.0">Mossel XXXI 15 oktober 1757</fw>inkoopsprijsen ook bij d’ eene en andere kamer in Nederland veel verschillen. En aangaande<lb xmlns="http://www.tei-c.org/ns/1.0"/> de winst die de bediendens op een weinig plaatkoper hebben tot 15 percent,<lb xmlns="http://www.tei-c.org/ns/1.0"/> kan men met billijkheid geene verandering maken om ’t present sober bestaan derzelve;<lb xmlns="http://www.tei-c.org/ns/1.0"/> alles nader ontleed der resolutie van 20 junij meermeld.<lb xmlns="http://www.tei-c.org/ns/1.0"/>Sumatra’s Westkust<lb xmlns="http://www.tei-c.org/ns/1.0"/>
            </p><note xml:id="INT_d7715411-5431-3894-96b1-456c4ca13c41.TEI.1.text.1.body.1.div.1.div.1.note.11" xml:lang="nl" place="inline" type="editorial-summary" resp="editor" rend="font-style: italic; line-height: 14.4pt; text-indent: 32.0pt; text-align: justify; font-size: 11" xmlns="http://www.tei-c.org/ns/1.0">(Door het overlijden van de beschrijver van Sumatras Westkust is de brief van<lb/> 27 mei 1753 van de Engelsen te Benkulen zoekgeraakt. Ze moet wel van weinig belang<lb/> zijn geweest, want op het verzoek van 30 september 1754 om een kopie is nog niet gereageerd.<lb/> Dringend wordt aan de Heren XVII verzocht duidelijke instructies te geven hoe<lb/> zich ten opzichte van hen te gedragen, daar protesten tevergeefs zijn en ze geen aanstalten<lb/> maken Natal en Tapanuli te verlaten; zie het geheime besluit van 10 juni 1757,)<lb/></note><p xml:id="INT_d7715411-5431-3894-96b1-456c4ca13c41.TEI.1.text.1.body.1.div.1.div.1.p.12" resp="int_paragraph_joining" rend="">
              - konnende dezelve daarbij mede zien de abrogatie der Padangse handel-<lb xmlns="http://www.tei-c.org/ns/1.0"/>sociteyd en ’t openstellen van een gelimiteerde vrije vaart na die cust1. Terwijl aangaande<lb xmlns="http://www.tei-c.org/ns/1.0"/> de aanreekening van goud en weegens ’t besnoeyd payement ’t nodige te vinden<lb xmlns="http://www.tei-c.org/ns/1.0"/> is bij brieven van december 1755 en 1756.<lb xmlns="http://www.tei-c.org/ns/1.0"/>
            </p><note xml:id="INT_d7715411-5431-3894-96b1-456c4ca13c41.TEI.1.text.1.body.1.div.1.div.1.note.12" xml:lang="nl" place="inline" type="editorial-summary" resp="editor" rend="font-style: italic; line-height: 14.4pt; text-indent: 32.0pt; text-align: justify; font-size: 11" xmlns="http://www.tei-c.org/ns/1.0">( De gevraagde lijst van de uitvoer door Engelse schepen uit Batavia gaat hierbij.<lb/> Slechts het eiland Onrust en de baai van Trincomale op Ceylon biedt een geschikte plaats<lb/> om te breeuwen. De commandeurs van de Engelse oorlogsvloten doen Batavia ook aan<lb/> om arak en hout in te kopen.<lb/></note><p xml:id="INT_d7715411-5431-3894-96b1-456c4ca13c41.TEI.1.text.1.body.1.div.1.div.1.p.13" xml:lang="nl" rend="font-size: 11; font-variant: small-caps; text-align: justify; line-height: 14.4pt" xmlns="http://www.tei-c.org/ns/1.0">Bengalen<lb/></p><note xml:id="INT_d7715411-5431-3894-96b1-456c4ca13c41.TEI.1.text.1.body.1.div.1.div.1.note.13" xml:lang="nl" place="inline" type="editorial-summary" resp="editor" rend="font-style: italic; line-height: 14.4pt; text-indent: 32.0pt; text-align: justify; font-size: 11" xmlns="http://www.tei-c.org/ns/1.0">Cochenille met verlies in Bengalen verkocht, was daarheen gezonden op de eis van<lb/> daar, zie de resolutie van 20 juni 1757.<lb/></note></div><div xml:id="INT_d7715411-5431-3894-96b1-456c4ca13c41.TEI.1.text.1.body.1.div.1.div.2" type="subdivision_for_sake_of_validation"><head xml:id="INT_d7715411-5431-3894-96b1-456c4ca13c41.TEI.1.text.1.body.1.div.1.div.2.head.1" xml:lang="nl" rend="font-size: 11; text-align: justify; line-height: 14.4pt" xmlns="http://www.tei-c.org/ns/1.0">COROMANDEL<lb/></head><note xml:id="INT_d7715411-5431-3894-96b1-456c4ca13c41.TEI.1.text.1.body.1.div.1.div.2.note.1" xml:lang="nl" place="inline" type="editorial-summary" resp="editor" rend="font-style: italic; line-height: 14.4pt; text-indent: 32.0pt; text-align: justify; font-size: 11" xmlns="http://www.tei-c.org/ns/1.0">Voor de verantwoording van de dienaren te Bimlipatam wordt verwezen naar de<lb/> december brief van 1756. Het vonnis te Nagapattinam en de geheel andere uitspraak<lb/> van de Raad van Justitie te Batavia gaan thans mee. Bij rondschrijven is gevraagd naar<lb/> het aantal marken fijn in iedere partij goud of zilver en naar de prijs bij vermunting; in<lb/> der gelijke zaken is er reden voor klachten. De reparatie van gebouwen moet voor enige<lb/> jaren aanbesteed worden. Het verbod op particuliere correspondentie met Nederland blijft<lb/> wenselijk. Het zou nuttig zijn indien in Nederland de hand gelegd kon worden op kwaadwillende<lb/> berichten, zodat deze dan geweerd kunnen worden.<lb/></note><p xml:id="INT_d7715411-5431-3894-96b1-456c4ca13c41.TEI.1.text.1.body.1.div.1.div.2.p.1" xml:lang="nl" rend="font-size: 11; font-variant: small-caps; text-align: justify; line-height: 14.4pt" xmlns="http://www.tei-c.org/ns/1.0">Ceylon<lb/></p><note xml:id="INT_d7715411-5431-3894-96b1-456c4ca13c41.TEI.1.text.1.body.1.div.1.div.2.note.2" xml:lang="nl" place="inline" type="editorial-summary" resp="editor" rend="font-style: italic; line-height: 14.4pt; text-indent: 32.0pt; text-align: justify; font-size: 11" xmlns="http://www.tei-c.org/ns/1.0">Een Portugees schip is op 1 februari 1 754 te Ceylon toegelaten, dus voor het verbod<lb/> van 29 maart dat pas in het najaar daar aankwam. Op de klacht van de Heren XVII<lb/> over teveel sapanhout op de retourschepen is 15 juli 1757 besloten de Bengaalse retourschepen<lb/> voortaan te beladen met)<lb/></note><p xml:id="INT_d7715411-5431-3894-96b1-456c4ca13c41.TEI.1.text.1.body.1.div.1.div.2.p.2" xml:lang="nl" rend="font-size: 11; font-weight: bold; text-align: justify; line-height: 14.4pt" xmlns="http://www.tei-c.org/ns/1.0">3000 of 2700 sacken salpeter<lb/></p><p xml:id="INT_d7715411-5431-3894-96b1-456c4ca13c41.TEI.1.text.1.body.1.div.1.div.2.p.3" xml:lang="nl" rend="font-size: 11; font-weight: bold; text-align: justify; line-height: 14.4pt" xmlns="http://www.tei-c.org/ns/1.0">150.000 lb. peeper<lb/></p><p xml:id="INT_d7715411-5431-3894-96b1-456c4ca13c41.TEI.1.text.1.body.1.div.1.div.2.p.4" xml:lang="nl" rend="font-size: 11; font-weight: bold; text-align: justify; line-height: 14.4pt" xmlns="http://www.tei-c.org/ns/1.0">10.000 lb. calliatoerhout en<lb/></p><p xml:id="INT_d7715411-5431-3894-96b1-456c4ca13c41.TEI.1.text.1.body.1.div.1.div.2.p.5" xml:lang="nl" rend="font-size: 11; font-weight: bold; text-align: justify; line-height: 14.4pt" xmlns="http://www.tei-c.org/ns/1.0">60.000 lb. sappanhout,<lb/></p><p xml:id="INT_d7715411-5431-3894-96b1-456c4ca13c41.TEI.1.text.1.body.1.div.1.div.2.p.6" xml:lang="nl" rend="font-size: 11; font-weight: bold; text-align: justify; line-height: 14.4pt" xmlns="http://www.tei-c.org/ns/1.0">’twelk met de packen gegist werd op 8 a 900.000 lb. aan swaarte.<lb/></p><note xml:id="INT_d7715411-5431-3894-96b1-456c4ca13c41.TEI.1.text.1.body.1.div.1.div.2.note.3" xml:lang="nl" rend="font-size: 11; font-weight: bold; line-height: 12.2pt" xmlns="http://www.tei-c.org/ns/1.0"><hi rend="font-size:11; font-family:Liberation Serif; font-weight:bold; vertical-align:super" xml:lang="nl">1</hi> Zie <hi rend="font-size:10.5; font-family:Liberation Serif; font-style:italic" xml:lang="nl">Plakaatboek</hi> 7, p. 213-217.<lb/></note><fw xml:id="INT_d7715411-5431-3894-96b1-456c4ca13c41.TEI.1.text.1.body.1.div.1.div.2.fw.1" type="bottom-page-number">117</fw><pb xml:id="INT_d7715411-5431-3894-96b1-456c4ca13c41.TEI.1.text.1.body.1.div.1.div.2.pb.1" n="118" facs="http://resources.huygens.knaw.nl/retroapp/service_generalemissiven/gm_13/images/generale_missiven_gs258_118.tif"/><fw xml:id="INT_d7715411-5431-3894-96b1-456c4ca13c41.TEI.1.text.1.body.1.div.1.div.2.fw.2" place="top" type="head" facs="#zone.1940472" xmlns="http://www.tei-c.org/ns/1.0">Mossel XXXI 15 oktober 1757</fw><p xml:id="INT_d7715411-5431-3894-96b1-456c4ca13c41.TEI.1.text.1.body.1.div.1.div.2.p.7" resp="int_paragraph_joining" rend="">
              En de Ceylonse retourschepen met<lb xmlns="http://www.tei-c.org/ns/1.0"/> 2000 sacken salpeter<lb xmlns="http://www.tei-c.org/ns/1.0"/>200.000 lb. coffij<lb xmlns="http://www.tei-c.org/ns/1.0"/>200.000 lb. peeper<lb xmlns="http://www.tei-c.org/ns/1.0"/>160.000 lb. canneel<lb xmlns="http://www.tei-c.org/ns/1.0"/>60.000 lb. sappanhout,<lb xmlns="http://www.tei-c.org/ns/1.0"/>hetwelk met de lijwaatpacken te samen op 1.000.000 lb. sal uytkomen, zullende bij<lb xmlns="http://www.tei-c.org/ns/1.0"/> gebrek van salpeter de nodige swaarte aan cauris en peeper vergoed werden.<lb xmlns="http://www.tei-c.org/ns/1.0"/>Malabar<lb xmlns="http://www.tei-c.org/ns/1.0"/>
            </p><note xml:id="INT_d7715411-5431-3894-96b1-456c4ca13c41.TEI.1.text.1.body.1.div.1.div.2.note.4" xml:lang="nl" place="inline" type="editorial-summary" resp="editor" rend="font-style: italic; line-height: 14.7pt; text-indent: 32.0pt; text-align: justify; font-size: 11" xmlns="http://www.tei-c.org/ns/1.0">( Op versmelting van oude Cochinse fanums wordt nog 3j$% gewonnen; zie bijgaand<lb/> bericht van daar in 1755 en de resolutie van 20 juni 1757.<lb/></note><p xml:id="INT_d7715411-5431-3894-96b1-456c4ca13c41.TEI.1.text.1.body.1.div.1.div.2.p.8" xml:lang="nl" rend="font-size: 10.5; font-variant: small-caps; text-align: justify; line-height: 14.4pt" xmlns="http://www.tei-c.org/ns/1.0">Batavia<lb/></p><note xml:id="INT_d7715411-5431-3894-96b1-456c4ca13c41.TEI.1.text.1.body.1.div.1.div.2.note.5" xml:lang="nl" place="inline" type="editorial-summary" resp="editor" rend="font-style: italic; line-height: 14.4pt; text-indent: 32.0pt; text-align: justify; font-size: 11" xmlns="http://www.tei-c.org/ns/1.0">In de resolutie van 20 juni 1757 wordt ook gesproken over de Venetiaanse dukaat<lb/> - zie ook brieven naar Nederland van 15 oktober 1754 en 15 oktober 1756 - en over de<lb/> Nederlandse dukaat, waarvan het stempelen in Azië)<lb/></note><p xml:id="INT_d7715411-5431-3894-96b1-456c4ca13c41.TEI.1.text.1.body.1.div.1.div.2.p.9" xml:lang="nl" rend="font-size: 12; text-align: justify; line-height: 14.4pt; text-indent: 32.0pt" xmlns="http://www.tei-c.org/ns/1.0">--- met een groot advans voor de Compagnie van de minste nasleep kan werden,<lb/> alzo men weinig in de wandeling behoud en de meeste na de west van India gaan,<lb/> alwaar dezelve maar weinig minder doen als te Batavia en altoos met minder verlies<lb/> zoude te verhandelen zijn, als ’tgeene de Compagnie tans boven de augmentatie op ’t<lb/> zilver profiteerd, zo men al wilde vooronderstellen dat de maatschappij verpligt zoude<lb/> wesen bij afzetting alle dezelve in te wisselen en ook die clandestin of valschelijk nagestempeld<lb/> waren. Egter sal er notitie gehouden werden van den ontfang en uytgaaf.<lb/><hi rend="font-size:10.5; font-family:Liberation Serif" xml:lang="nl">Fol. 14r.</hi><lb/></p><note xml:id="INT_d7715411-5431-3894-96b1-456c4ca13c41.TEI.1.text.1.body.1.div.1.div.2.note.6" xml:lang="nl" place="inline" type="editorial-summary" resp="editor" rend="font-style: italic; line-height: 14.4pt; text-indent: 32.0pt; text-align: justify; font-size: 11" xmlns="http://www.tei-c.org/ns/1.0">( Verantwoording van het reglement op het herenlogement en het verloop van de<lb/> jaarlijkse pachten te Batavia zijn te vinden in de resolutie van 20 juni 1757. Zie voor ongepermitteerde,<lb/> gepermitteerde en de handel van vreemde kooplieden de resolutie van 3 juni<lb/> 1757, het plakkaat van 29 maart 1754 en het besluit van 20 juni 1757.)<lb/></note><p xml:id="INT_d7715411-5431-3894-96b1-456c4ca13c41.TEI.1.text.1.body.1.div.1.div.2.p.10" xml:lang="nl" rend="font-size: 12; text-align: justify; line-height: 14.4pt; text-indent: 32.0pt" xmlns="http://www.tei-c.org/ns/1.0">Conform U Wel Ed. Hoogagtb. bevel sal op Ceylon en Chormandel per assignatie<lb/> na Nederland werden ontfangen de nieuwe Nagapatnamse pagood teegen 90 stuyvers<lb/> ’t stuk, mits daarop te bereekenen 4 percent rabat voor de Compagnie. En zal Bengale<lb/> en Ceylon accepteeren ropia’s na ’t ordinaire wisselverlies van <hi rend="font-size:12; font-family:Liberation Serif; font-style:italic" xml:lang="nl">-fe,</hi> gelijk te Batavia<lb/> in gebruyk is.<lb/></p><p xml:id="INT_d7715411-5431-3894-96b1-456c4ca13c41.TEI.1.text.1.body.1.div.1.div.2.p.11" xml:lang="nl" rend="font-size: 12; text-align: justify; line-height: 14.4pt; text-indent: 32.0pt" xmlns="http://www.tei-c.org/ns/1.0">De reeden die ons gepermoveert hebben aan ouders, waarvan d’ eene de Augsburgse<lb/> confessie en de andere de gereformeerde leere is toegedaan, niet toe te<lb/> staan om, schoon met gemeen overleg, hunne kinderen in d’ eene of andere kerk te<lb/> laten dopen, zijn dese dat, nadien de vaders in ’t gemeen Luters en de moeders<lb/> gereformeerd zijnde, het niet zoude konnen missen dat alle de bij hun geprocreerde<lb/> kinderen in de Luterse kerk wierden gedoopt, dewijl de vrouwen, doorgaans in desen<lb/> seer eenvoudig zijnde, zig gemakkelijk zouden laten overreeden om daarin te consenteeren.<lb/><lb/></p><note xml:id="INT_d7715411-5431-3894-96b1-456c4ca13c41.TEI.1.text.1.body.1.div.1.div.2.note.7" xml:lang="nl" place="inline" type="editorial-summary" resp="editor" rend="font-style: italic; line-height: 14.4pt; text-indent: 32.0pt; text-align: justify; font-size: 11" xmlns="http://www.tei-c.org/ns/1.0">( In antwoord op de brief van 15 oktober 1756 wordt er op gewezen dat de contanten<lb/> steeds goed gebruikt worden; zie het besluit van 25 augustus 1757. Om de zwaar drukkende<lb/> rentelasten, die in zeven jaar 22 ton beliepen, te verlichten is 52 ton naar Bengalen gezonden.<lb/> Om aan het geldgebrek in Bengalen een einde te maken is )<lb/></note><fw xml:id="INT_d7715411-5431-3894-96b1-456c4ca13c41.TEI.1.text.1.body.1.div.1.div.2.fw.3" type="bottom-page-number">118</fw><pb xml:id="INT_d7715411-5431-3894-96b1-456c4ca13c41.TEI.1.text.1.body.1.div.1.div.2.pb.2" n="119" facs="http://resources.huygens.knaw.nl/retroapp/service_generalemissiven/gm_13/images/generale_missiven_gs258_119.tif"/><fw xml:id="INT_d7715411-5431-3894-96b1-456c4ca13c41.TEI.1.text.1.body.1.div.1.div.2.fw.4" place="top" type="head" facs="#zone.1942475" xmlns="http://www.tei-c.org/ns/1.0">Mossel XXXI 15 oktober 1757</fw><p xml:id="INT_d7715411-5431-3894-96b1-456c4ca13c41.TEI.1.text.1.body.1.div.1.div.2.p.12" resp="int_paragraph_joining" rend="">
              - een negotiatie van 20 tonnen ƒ teegen $ percent ’s maands ondernomen,<lb xmlns="http://www.tei-c.org/ns/1.0"/>dog heeft men niet verder als tot negen ton konnen vorderen bij gebrek van geld te<lb xmlns="http://www.tei-c.org/ns/1.0"/> Batavia. Egter sal men daarmeede nog eeven in staat raaken dit project te voldoen<lb xmlns="http://www.tei-c.org/ns/1.0"/> en, koomen de Amsterdamse scheepen nog voor uit. deser opdagen, zullen ’t zoveel<lb xmlns="http://www.tei-c.org/ns/1.0"/> mogelijk suppleren, wijl w’ positief geordonneert hebben geene negotiatie op credit,<lb xmlns="http://www.tei-c.org/ns/1.0"/> dat de Compagnie 12 percent in ’t jaar kost, nog negotiatie hooger als tot 6 percent<lb xmlns="http://www.tei-c.org/ns/1.0"/> te doen. Dewijl ’t tijd werd dien schadelijken handel eens met wortel en tak uyt te<lb xmlns="http://www.tei-c.org/ns/1.0"/> roeyen, alzo anders telkens opnieuw in schulden komen en voor de beurs van een<lb xmlns="http://www.tei-c.org/ns/1.0"/> ander handel drijven.<lb xmlns="http://www.tei-c.org/ns/1.0"/>
            </p><note xml:id="INT_d7715411-5431-3894-96b1-456c4ca13c41.TEI.1.text.1.body.1.div.1.div.2.note.8" xml:lang="nl" place="inline" type="editorial-summary" resp="editor" rend="font-style: italic; line-height: 14.4pt; text-indent: 30.0pt; text-align: justify; font-size: 12" xmlns="http://www.tei-c.org/ns/1.0">( Bij wijze van staatrekening wordt het aanwenden van het geld toegelicht. Men<lb/> stelt voor aan de gezonden 52 ton toe te voegen 11 ton voor de hogere Aziatische<lb/> valuta en 15 ton voor ontvangen en verwachte goederen, samen 78 ton. Als retour<lb/> wordt 60 ton verwacht, wat een tekort van 18 ton betekent, waarvan misschien de helft<lb/> nog in assignaties wordt overgezonden. Azië moet toegerekend worden twee miljoen<lb/> voor de textielhandel, winstderving op tin en peper samen wel zes ton, zodat er niets<lb/> overblijft om de schulden van Bengalen te delgen. De geldnegotiatie is uitgeput, zodat<lb/> een geldzending uit Nederland van vier miljoen, zijnde het werkelijk tekort van Bengalen,<lb/> nodig is. De dienaren ter plaatse zeggen dat het minder is, maar daar valt geen<lb/> staat op te maken. Omdat toezending nogal eens stagneert, wordt gevraagd er goed op<lb/> te letten, anders lijdt de handel elders. Het zou nuttig zijn met de kermisschepen een<lb/> ruime hoeveelheid baar zilver, goud en dukaten mee te zenden, en met de Ceylonse<lb/> retourschepen jaarlijks vier ton aan goud en dukaten voor de handel op de kust van<lb/> Madurai. Het verhandelen van gepriviligeerde kisten van schepelingen is bij plakkaat<lb/> verboden. De reizen van retourschepen tussen Batavia en Bengalen of Ceylon worden<lb/> als inlandse reizen beschouwd en in de bestelkastjes mogen slechts thee en porselein<lb/> en wel half zoveel als eerder, vervoerd worden. Opper- en vice-equipagemeester verklaren<lb/> dat alle schepen hun ruitkaarten meekrijgen en dat van die van de pakken er<lb/> één bij de opperstuurman is. Indien dit door de klerken vergeten is, zullen zij in het<lb/> vervolg daartoe aangespoord worden. In sommige schepen zijn weinig of geen pakken,<lb/> zodat die lijst ontbreekt. Er is wel steeds een algemene stuwlijst. Weesmeesteren<lb/> hebben in vergadering van 12 augustus en 23 september 1757 een verzoek van de<lb/> weeskamer te Utrecht over een verleende kwitantie afgewezen. In de resolutie van<lb/> 25 augustus 1757 is te vinden waarom Andries van Bockum zonder gage uit Malakka<lb/> is teruggeroepen.<lb/></note><p xml:id="INT_d7715411-5431-3894-96b1-456c4ca13c41.TEI.1.text.1.body.1.div.1.div.2.p.13" xml:lang="nl" rend="font-size: 11; font-variant: small-caps; text-align: justify; line-height: 14.4pt" xmlns="http://www.tei-c.org/ns/1.0">Bengalen<lb/></p><note xml:id="INT_d7715411-5431-3894-96b1-456c4ca13c41.TEI.1.text.1.body.1.div.1.div.2.note.9" xml:lang="nl" place="inline" type="editorial-summary" resp="editor" rend="font-style: italic; line-height: 14.4pt; text-indent: 30.0pt; text-align: justify; font-size: 12" xmlns="http://www.tei-c.org/ns/1.0">De dienaren in Bengalen moeten hun in vergelijking met de Engelsen onvoordelige<lb/> handel verklaren. De bevelen over de verpakking zullen opgevolgd worden met uitleg van<lb/> eventuele afwijkingen. Om voldoende tanny zijde in handen te krijgen mag 4 a 5% meer<lb/> betaald worden. De veel mindere kwaliteiten onder de letters G en H kunnen achterwege<lb/> blijven en de hoeveelheid teruggebracht. Het is de vraag of een grotere inkoop van borax<lb/> in Bengalen, waarvandaan 25. 000 Ib was gevraagd, zin heeft, daar de Engelsen viermaal<lb/> zoveel naar Europa vervoeren, zowel uit Bengalen als China, welke laatste veel witter is<lb/> dan de eerste. Omdat het voor een schrijffout is aangezien, zijn van de effen dubbele<lb/> armozijnen boven de <hi rend="font-size:12; font-family:Liberation Serif" xml:lang="nl">ƒ</hi> 5,-,- maar een matige hoeveelheid verzonden. Textiel uit Patna<lb/> moet als meest winstgevend de voorkeur genieten. Het verdient uitleg waarom de pakken<lb/> guinees van 40 op 30 stuks zijn gebracht. Tot zover het antwoord op de brieven uit patria.<lb/> Nu volgt kort bericht over de kantoren.<lb/></note><fw xml:id="INT_d7715411-5431-3894-96b1-456c4ca13c41.TEI.1.text.1.body.1.div.1.div.2.fw.5" type="bottom-page-number">119</fw><pb xml:id="INT_d7715411-5431-3894-96b1-456c4ca13c41.TEI.1.text.1.body.1.div.1.div.2.pb.3" n="120" facs="http://resources.huygens.knaw.nl/retroapp/service_generalemissiven/gm_13/images/generale_missiven_gs258_120.tif"/><fw xml:id="INT_d7715411-5431-3894-96b1-456c4ca13c41.TEI.1.text.1.body.1.div.1.div.2.fw.6" place="top" type="head" facs="#zone.1946904" xmlns="http://www.tei-c.org/ns/1.0">Mossel XXXI 15 oktober 1757</fw><p xml:id="INT_d7715411-5431-3894-96b1-456c4ca13c41.TEI.1.text.1.body.1.div.1.div.2.p.14" xml:lang="nl" rend="font-size: 10.5; font-variant: small-caps; line-height: 14.7pt" xmlns="http://www.tei-c.org/ns/1.0">Amboina<lb/></p><note xml:id="INT_d7715411-5431-3894-96b1-456c4ca13c41.TEI.1.text.1.body.1.div.1.div.2.note.10" xml:lang="nl" place="inline" type="editorial-summary" resp="editor" rend="font-style: italic; line-height: 14.7pt; text-indent: 31.0pt; text-align: justify; font-size: 11" xmlns="http://www.tei-c.org/ns/1.0">Uit Amboina zijn 624.057 Ib kruidnagels ontvangen, van Banda 977 sokkels foelie<lb/> en 526.055 Ib nootmuskaat. Het gewas daar was verwaarloosd door grote sterfte, o.a. verloren<lb/> perkeniers 403 slaven en de compagnie 218 Europese dienaren.<lb/></note><p xml:id="INT_d7715411-5431-3894-96b1-456c4ca13c41.TEI.1.text.1.body.1.div.1.div.2.p.15" xml:lang="nl" rend="font-size: 10.5; font-variant: small-caps; line-height: 14.7pt" xmlns="http://www.tei-c.org/ns/1.0">Ternate<lb/></p><note xml:id="INT_d7715411-5431-3894-96b1-456c4ca13c41.TEI.1.text.1.body.1.div.1.div.2.note.11" xml:lang="nl" place="inline" type="editorial-summary" resp="editor" rend="font-style: italic; line-height: 14.7pt; text-indent: 31.0pt; text-align: justify; font-size: 11" xmlns="http://www.tei-c.org/ns/1.0">Over secunde Jean Simeon Elin, die door gouverneur Abraham Abeleven naar Batavia<lb/> is gezonden, zal een besluit genomen worden.<lb/></note><p xml:id="INT_d7715411-5431-3894-96b1-456c4ca13c41.TEI.1.text.1.body.1.div.1.div.2.p.16" xml:lang="nl" rend="font-size: 10.5; font-variant: small-caps; line-height: 14.7pt" xmlns="http://www.tei-c.org/ns/1.0">Malakka<lb/></p><note xml:id="INT_d7715411-5431-3894-96b1-456c4ca13c41.TEI.1.text.1.body.1.div.1.div.2.note.12" xml:lang="nl" place="inline" type="editorial-summary" resp="editor" rend="font-style: italic; line-height: 14.7pt; text-indent: 31.0pt; text-align: justify; font-size: 11" xmlns="http://www.tei-c.org/ns/1.0">De opstandige Buginezen zijn voor Malakka weggetrokken en daarheen gezonden<lb/> schepen en volk worden terugverwacht.<lb/></note></div><div xml:id="INT_d7715411-5431-3894-96b1-456c4ca13c41.TEI.1.text.1.body.1.div.1.div.3" type="subdivision_for_sake_of_validation"><head xml:id="INT_d7715411-5431-3894-96b1-456c4ca13c41.TEI.1.text.1.body.1.div.1.div.3.head.1" xml:lang="nl" rend="font-size: 10.5; line-height: 14.7pt" xmlns="http://www.tei-c.org/ns/1.0">COROMANDEL<lb/></head><note xml:id="INT_d7715411-5431-3894-96b1-456c4ca13c41.TEI.1.text.1.body.1.div.1.div.3.note.1" xml:lang="nl" place="inline" type="editorial-summary" resp="editor" rend="font-style: italic; line-height: 14.7pt; text-indent: 31.0pt; text-align: justify; font-size: 11" xmlns="http://www.tei-c.org/ns/1.0">De Fransen dringen Coromandel om de noord steeds verder binnen en zullen proberen<lb/> de Compagnie te verjagen.)<lb/></note><p xml:id="INT_d7715411-5431-3894-96b1-456c4ca13c41.TEI.1.text.1.body.1.div.1.div.3.p.1" xml:lang="nl" rend="font-size: 12; text-align: justify; line-height: 14.7pt; text-indent: 31.0pt" xmlns="http://www.tei-c.org/ns/1.0">W’ vreesen dat ’t haast ’t toneel des oorlogs zal werden tusschen Engelsen en Fransen,<lb/> waarvan de Nederlandse Compagnie weder ten deele de last zal moeten dragen<lb/> door de hooghertigheden der overwinnaars.<lb/></p><p xml:id="INT_d7715411-5431-3894-96b1-456c4ca13c41.TEI.1.text.1.body.1.div.1.div.3.p.2" resp="int_paragraph_joining" rend="">
              Waarvan men in Bengale smertelijk gevoelen heeft zo ontrent den nabab als<lb xmlns="http://www.tei-c.org/ns/1.0"/> d’ Engelse, hoewel ’t laaste nogal dragelijk is, gelijk U Wel Ed. Hoogagtb. door die<lb xmlns="http://www.tei-c.org/ns/1.0"/> ministers reets is bedeeld.<lb xmlns="http://www.tei-c.org/ns/1.0"/>Malabar<lb xmlns="http://www.tei-c.org/ns/1.0"/>
            </p><note xml:id="INT_d7715411-5431-3894-96b1-456c4ca13c41.TEI.1.text.1.body.1.div.1.div.3.note.2" xml:lang="nl" place="inline" type="editorial-summary" resp="editor" rend="font-style: italic; margin-right: 3400; line-height: 32.1pt; text-indent: 31.0pt; font-size: 11" xmlns="http://www.tei-c.org/ns/1.0">( Op Malabar speelt in het geschil met de zamorin, Travancore ook een rol.<lb/><hi rend="font-size:10.5; font-family:Liberation Serif" xml:lang="nl">SURAT</hi><lb/></note><note xml:id="INT_d7715411-5431-3894-96b1-456c4ca13c41.TEI.1.text.1.body.1.div.1.div.3.note.3" xml:lang="nl" place="inline" type="editorial-summary" resp="editor" rend="font-style: italic; line-height: 14.7pt; text-indent: 31.0pt; text-align: justify; font-size: 11" xmlns="http://www.tei-c.org/ns/1.0">Te Sur at zijn de dienaren slecht behandeld. Met gering succes hebben de Basseiners<lb/> de hoeker van de Compagnie op de rede aangevallen. In een gevecht met volk van<lb/> Kanhoji Angria ging een smalschip en een gelia door buskruit verloren, maar deze rover<lb/> had zelf veel doden.<lb/></note><p xml:id="INT_d7715411-5431-3894-96b1-456c4ca13c41.TEI.1.text.1.body.1.div.1.div.3.p.3" xml:lang="nl" rend="font-size: 10.5; font-variant: small-caps; line-height: 14.4pt" xmlns="http://www.tei-c.org/ns/1.0">Batavia<lb/></p><note xml:id="INT_d7715411-5431-3894-96b1-456c4ca13c41.TEI.1.text.1.body.1.div.1.div.3.note.4" xml:lang="nl" place="inline" type="editorial-summary" resp="editor" rend="font-style: italic; line-height: 14.4pt; text-indent: 31.0pt; text-align: justify; font-size: 11" xmlns="http://www.tei-c.org/ns/1.0">Te Batavia was een ruime aanvoer van rijst en een groot eigen gewas. Een stuk<lb/> van de gouverneur-generaal, o.a. over de munt te Bengalen, is 21, 24 en 27 juni 1757<lb/> behandeld; het gaat hierbij. Op 16 augustus is de memorie van bezuiniging voor Batavia<lb/> behandeld, op 9 september het vonnis van de Raad van Justitie in de zaak van de raad<lb/> extra-ordinair Dit hard van Rheede tegen de curatoren in de boedel van de overleden burgerkapitein<lb/> Jacob Kool wegens betaling van 2000 pikol peper. Het is nu duidelijk dat Van<lb/> Rheede als administrateur te Onrust, noch iemand anders in eigen belang intriges hebben<lb/> gepleegd. De bewering van raad extra-ordinair Adriaan de Nijs dat er in de raad een<lb/> stuk was overgelegd waaruit bleek dat de gouverneur-generaal, optredende als directeurgeneraal,<lb/> de betaling van deze peper had doen uitstellen, is onwaar. De Nijs denkt zulke<lb/> dingen ongestraft te kunnen zeggen, omdat hij voor overige buitensporigheden nog niet<lb/> gestraft is. De gouverneur-generaal vertrouwt op de steun van de Heren XVII bij het<lb/> krijgen van genoegdoening voor zo’n belediging. De Nijs heeft de rechtsgeldigheid van<lb/> besluiten genomen in de raadsvergaderingen van 22 en 29 juli aangevochten, omdat de<lb/></note><fw xml:id="INT_d7715411-5431-3894-96b1-456c4ca13c41.TEI.1.text.1.body.1.div.1.div.3.fw.1" type="bottom-page-number">120</fw><pb xml:id="INT_d7715411-5431-3894-96b1-456c4ca13c41.TEI.1.text.1.body.1.div.1.div.3.pb.1" n="121" facs="http://resources.huygens.knaw.nl/retroapp/service_generalemissiven/gm_13/images/generale_missiven_gs258_121.tif"/><fw xml:id="INT_d7715411-5431-3894-96b1-456c4ca13c41.TEI.1.text.1.body.1.div.1.div.3.fw.2" place="top" type="head" facs="#zone.1948704" xmlns="http://www.tei-c.org/ns/1.0">Mossel XXXI 15 oktober 1757</fw><note xml:id="INT_d7715411-5431-3894-96b1-456c4ca13c41.TEI.1.text.1.body.1.div.1.div.3.note.5" xml:lang="nl" place="inline" type="editorial-summary" resp="editor" rend="font-size: 11; font-style: italic; text-align: justify; line-height: 14.4pt" xmlns="http://www.tei-c.org/ns/1.0">gouverneur-generaal toen afwezig was door verblijf op zijn landgoed Buitenzorg, Enige<lb/> heren zijn het daar niet mee eens. De zaak wordt aan Heren XVII ter decisie voorgelegd.<lb/> De klachten van Compagnies makelaar te Bengalen Damudar tegen directeur Jan Kersseboom<lb/> zijn van dien aard dat ze niet aan de Raad van Justitie voorgelegd hoeven te<lb/> worden. De stukken worden meegezonden met deze brief. De retourvloot zal bestaan uit<lb/> 21 schepen en een voorjaarsadviesschip. )<lb/></note><p xml:id="INT_d7715411-5431-3894-96b1-456c4ca13c41.TEI.1.text.1.body.1.div.1.div.3.p.4" resp="int_paragraph_joining" rend="">
              Den vervoer sal volgens resolutie van 30e augustus onder anderen begrijpen:<lb xmlns="http://www.tei-c.org/ns/1.0"/>50.000 lb. nooten<lb xmlns="http://www.tei-c.org/ns/1.0"/> 500 sockels foelij<lb xmlns="http://www.tei-c.org/ns/1.0"/>500.000 lb. nagelen<lb xmlns="http://www.tei-c.org/ns/1.0"/> 450 balen caneel<lb xmlns="http://www.tei-c.org/ns/1.0"/>5.000. 000 lb. peeper na gissing<lb xmlns="http://www.tei-c.org/ns/1.0"/>4.000. 000 lb. coffij, permitteerende de quantititeid overjarige tot nog geen hooger<lb xmlns="http://www.tei-c.org/ns/1.0"/>afscheep, waartoe egter in ’t vervolg apparentie is,<lb xmlns="http://www.tei-c.org/ns/1.0"/>3.000. 000 lb. salpeter, buyten dat van Bengalen voor Nederland na Ceylon sal wesen<lb xmlns="http://www.tei-c.org/ns/1.0"/>verzonden en men zal voor ’t toekomende jaar 4.000.000 lb. tragten te<lb xmlns="http://www.tei-c.org/ns/1.0"/> zenden.<lb xmlns="http://www.tei-c.org/ns/1.0"/>500.000 lb. suyker, ten hoogsten tot onderswaarte,<lb xmlns="http://www.tei-c.org/ns/1.0"/>40.000 lb. thin Banka’s met ider schip van de grootste charters en 30.000 lb. voor<lb xmlns="http://www.tei-c.org/ns/1.0"/>d’ andere.<lb xmlns="http://www.tei-c.org/ns/1.0"/>
            </p><p xml:id="INT_d7715411-5431-3894-96b1-456c4ca13c41.TEI.1.text.1.body.1.div.1.div.3.p.5" resp="int_paragraph_joining" rend="">
              Mogelijk bekomen U Wel Ed. Hoogagtb. ook in ’t aanstaande jaar het schip<lb xmlns="http://www.tei-c.org/ns/1.0"/> Slooten uyt China, dat hier op den 6e junij gearriveert, volgens besluyt van daags<lb xmlns="http://www.tei-c.org/ns/1.0"/> daaraan mede gegeven is:<lb xmlns="http://www.tei-c.org/ns/1.0"/>200.000 lb. thin<lb xmlns="http://www.tei-c.org/ns/1.0"/> 2500 lb. noten<lb xmlns="http://www.tei-c.org/ns/1.0"/> 2500 lb. nagelen en<lb xmlns="http://www.tei-c.org/ns/1.0"/>50.000 lb. sappanhout,<lb xmlns="http://www.tei-c.org/ns/1.0"/>en tot inkoop van goud voor India nog 250.000 lb. tin, neevens 30.000 Spaanse reaalen<lb xmlns="http://www.tei-c.org/ns/1.0"/> van agten, met verdere permissie om daartoe in China nog 50.000 Spaans op assignatie<lb xmlns="http://www.tei-c.org/ns/1.0"/> te accepteeren, en dus blijven w’ met het tin voor ’t grootste gedeelte alhier<lb xmlns="http://www.tei-c.org/ns/1.0"/> belemmert, leggende nog elf maal hondertduysent ponden op Onrust.<lb xmlns="http://www.tei-c.org/ns/1.0"/>
            </p><note xml:id="INT_d7715411-5431-3894-96b1-456c4ca13c41.TEI.1.text.1.body.1.div.1.div.3.note.6" xml:lang="nl" place="inline" type="editorial-summary" resp="editor" rend="font-style: italic; line-height: 14.4pt; text-indent: 31.0pt; text-align: justify; font-size: 11" xmlns="http://www.tei-c.org/ns/1.0">( De eis uit Nederland omvat 80 tonnen guldens aan goud en zilver, 50 metalen kanonnen<lb/> van 12 lb en 100 ijzeren dito van 4 lb. De geldeis is vermeerderd wegens de schulden in<lb/> Bengalen en Batavia, en wellicht minder assignaties. Voor Kanton worden monsters van<lb/> bedrukte wollen stoffen gevraagd. Verzocht wordt deze direct daarheen te zenden, als die<lb/> vaart wordt voortgezet en anders bijtijds naar Batavia om in mei beschikbaar te hebben. )<lb/></note><p xml:id="INT_d7715411-5431-3894-96b1-456c4ca13c41.TEI.1.text.1.body.1.div.1.div.3.p.6" xml:lang="nl" rend="font-size: 12; text-align: justify; line-height: 14.4pt; text-indent: 31.0pt" xmlns="http://www.tei-c.org/ns/1.0">De kaart der eylanden tusschen Batavia en Straat Zunda is tans zo w’ meenen<lb/> in een volkome ordre gebragt en zo overgaande, waarvan w’ verzoeken een partij voor<lb/> India te willen laaten drucken en d’ uytkomende scheepen sonder onderscheid van<lb/> kamers ééne meede te geeven.<lb/></p><note xml:id="INT_d7715411-5431-3894-96b1-456c4ca13c41.TEI.1.text.1.body.1.div.1.div.3.note.7" xml:lang="nl" place="inline" type="editorial-summary" resp="editor" rend="font-style: italic; line-height: 14.4pt; text-indent: 31.0pt; text-align: justify; font-size: 11" xmlns="http://www.tei-c.org/ns/1.0">( Raad or dinar is Joan Gideon Loten is ontslag naar Nederland verleend. Hij repatrieert<lb/> op de Petronella Maria als admiraal van de retourvloot, tevens als commissaris<lb/> voor Kaap de Goede Hoop. Fiscaal van de vloot is koopman Jacob Levier, secretaris<lb/> onderkoopman mr. Isaac Westplaten Cool. Eergisteren, op 13 oktober 1757, kwam met<lb/> de Baarzande de brief van 21 maart 1757 uit Nederland aan; over slechte peper en vermiste<lb/> papieren van de Batavier zal bericht volgen. )<lb/></note><fw xml:id="INT_d7715411-5431-3894-96b1-456c4ca13c41.TEI.1.text.1.body.1.div.1.div.3.fw.3" type="bottom-page-number">121</fw>
            
      </div></div>
                  </body>
                </text>
              </TEI>