<TEI xml:id="INT_4d9a7860-66b8-3c2c-9835-7e2a649e6a44" xmlns="http://www.tei-c.org/ns/1.0">
                <teiHeader>
      <fileDesc>
        <titleStmt>
          <title>Index van scheepsnamen</title>
        </titleStmt>
        <publicationStmt>
          <p>
            <date></date>
            <idno type="sourceID">missiven:vol13</idno>
            <idno type="pid">INT_4d9a7860-66b8-3c2c-9835-7e2a649e6a44</idno>
          </p>
        </publicationStmt>
        <notesStmt>
          <note/>
        </notesStmt>
        <sourceDesc>
          <listBibl xml:id="inlMetadata">
            <bibl>
        <interpGrp type="page"><interp>671</interp></interpGrp>
        <interpGrp type="tocLevel"><interp>0</interp></interpGrp>
        <interpGrp type="volume"><interp>13</interp></interpGrp>
        <interpGrp type="n"><interp></interp></interpGrp>
        <interpGrp type="pid"><interp>INT_4d9a7860-66b8-3c2c-9835-7e2a649e6a44</interp></interpGrp>
        <interpGrp type="titleLevel1"><interp>Index van scheepsnamen</interp></interpGrp>
      </bibl>
          </listBibl>
        </sourceDesc>
      </fileDesc>
    </teiHeader>
                <text xml:id="INT_4d9a7860-66b8-3c2c-9835-7e2a649e6a44.TEI.1.text.1">
                  <body xml:id="INT_4d9a7860-66b8-3c2c-9835-7e2a649e6a44.TEI.1.text.1.body.1">
                    <div xml:id="INT_4d9a7860-66b8-3c2c-9835-7e2a649e6a44.TEI.1.text.1.body.1.div.1">
        
              <pb xml:id="INT_4d9a7860-66b8-3c2c-9835-7e2a649e6a44.TEI.1.text.1.body.1.div.1.pb.1" n="671" facs="http://resources.huygens.knaw.nl/retroapp/service_generalemissiven/gm_13/images/generale_missiven_gs258_671.tif"/><fw xml:id="INT_4d9a7860-66b8-3c2c-9835-7e2a649e6a44.TEI.1.text.1.body.1.div.1.fw.1" place="top" type="head" facs="#zone.3521434" xmlns="http://www.tei-c.org/ns/1.0">Index van scheepsnamen</fw><p xml:id="INT_4d9a7860-66b8-3c2c-9835-7e2a649e6a44.TEI.1.text.1.body.1.div.1.p.1" xml:lang="nl" rend="margin-left: 1500; line-height: 11.6pt; text-indent: -15.0pt; text-align: justify; font-size: 10.5" xmlns="http://www.tei-c.org/ns/1.0">A<lb/></p><p xml:id="INT_4d9a7860-66b8-3c2c-9835-7e2a649e6a44.TEI.1.text.1.body.1.div.1.p.2" xml:lang="nl" rend="margin-left: 1500; line-height: 11.7pt; text-indent: -15.0pt; text-align: justify; font-size: 10.5" xmlns="http://www.tei-c.org/ns/1.0">Afrikaan: 526, 527.<lb/></p><p xml:id="INT_4d9a7860-66b8-3c2c-9835-7e2a649e6a44.TEI.1.text.1.body.1.div.1.p.3" xml:lang="nl" rend="margin-left: 1500; line-height: 11.7pt; text-indent: -15.0pt; text-align: justify; font-size: 10.5" xmlns="http://www.tei-c.org/ns/1.0">Akerendam: 37, 72, 137, 138, 357.<lb/></p><p xml:id="INT_4d9a7860-66b8-3c2c-9835-7e2a649e6a44.TEI.1.text.1.body.1.div.1.p.4" xml:lang="nl" rend="margin-left: 1500; line-height: 11.7pt; text-indent: -15.0pt; text-align: justify; font-size: 10.5" xmlns="http://www.tei-c.org/ns/1.0">Amazone: 22.<lb/></p><p xml:id="INT_4d9a7860-66b8-3c2c-9835-7e2a649e6a44.TEI.1.text.1.body.1.div.1.p.5" xml:lang="nl" rend="margin-left: 1500; line-height: 11.7pt; text-indent: -15.0pt; text-align: justify; font-size: 10.5" xmlns="http://www.tei-c.org/ns/1.0">Amelisweert: 200, 222, 31 1, 314, 328, 360, 374,<lb/> 457.<lb/></p><p xml:id="INT_4d9a7860-66b8-3c2c-9835-7e2a649e6a44.TEI.1.text.1.body.1.div.1.p.6" xml:lang="nl" rend="margin-left: 1500; line-height: 11.7pt; text-indent: -15.0pt; text-align: justify; font-size: 10.5" xmlns="http://www.tei-c.org/ns/1.0">Amerentia Maria: 505.<lb/></p><p xml:id="INT_4d9a7860-66b8-3c2c-9835-7e2a649e6a44.TEI.1.text.1.body.1.div.1.p.7" xml:lang="nl" rend="margin-left: 1500; line-height: 11.7pt; text-indent: -15.0pt; text-align: justify; font-size: 10.5" xmlns="http://www.tei-c.org/ns/1.0">Amerongen: 82, 314, 319, 320, 360, 456, 457.<lb/></p><p xml:id="INT_4d9a7860-66b8-3c2c-9835-7e2a649e6a44.TEI.1.text.1.body.1.div.1.p.8" xml:lang="nl" rend="margin-left: 1500; line-height: 11.7pt; text-indent: -15.0pt; text-align: justify; font-size: 10.5" xmlns="http://www.tei-c.org/ns/1.0">Amfioenkramer: 266.<lb/></p><p xml:id="INT_4d9a7860-66b8-3c2c-9835-7e2a649e6a44.TEI.1.text.1.body.1.div.1.p.9" xml:lang="nl" rend="margin-left: 1500; line-height: 11.7pt; text-indent: -15.0pt; text-align: justify; font-size: 10.5" xmlns="http://www.tei-c.org/ns/1.0">Amstelveen: 198, 311, 314, 360, 374, 454,<lb/> 457.<lb/></p><p xml:id="INT_4d9a7860-66b8-3c2c-9835-7e2a649e6a44.TEI.1.text.1.body.1.div.1.p.10" xml:lang="nl" rend="margin-left: 1500; line-height: 11.7pt; text-indent: -15.0pt; text-align: justify; font-size: 10.5" xmlns="http://www.tei-c.org/ns/1.0">Amsterdam: 216.<lb/></p><p xml:id="INT_4d9a7860-66b8-3c2c-9835-7e2a649e6a44.TEI.1.text.1.body.1.div.1.p.11" xml:lang="nl" rend="margin-left: 1500; line-height: 11.7pt; text-indent: -15.0pt; text-align: justify; font-size: 10.5" xmlns="http://www.tei-c.org/ns/1.0">Anna: 16, 23, 25, 127, 129, 135, 226, 246, 334,<lb/> 361,416.<lb/></p><p xml:id="INT_4d9a7860-66b8-3c2c-9835-7e2a649e6a44.TEI.1.text.1.body.1.div.1.p.12" xml:lang="nl" rend="margin-left: 1500; line-height: 11.7pt; text-indent: -15.0pt; text-align: justify; font-size: 10.5" xmlns="http://www.tei-c.org/ns/1.0">Anna Dorothea: 390, 416.<lb/></p><p xml:id="INT_4d9a7860-66b8-3c2c-9835-7e2a649e6a44.TEI.1.text.1.body.1.div.1.p.13" xml:lang="nl" rend="margin-left: 1500; line-height: 11.7pt; text-indent: -15.0pt; text-align: justify; font-size: 10.5" xmlns="http://www.tei-c.org/ns/1.0">Anthonia Dorothea: 295, 434, 568.<lb/></p><p xml:id="INT_4d9a7860-66b8-3c2c-9835-7e2a649e6a44.TEI.1.text.1.body.1.div.1.p.14" xml:lang="nl" rend="margin-left: 1500; line-height: 11.7pt; text-indent: -15.0pt; text-align: justify; font-size: 10.5" xmlns="http://www.tei-c.org/ns/1.0">Appelboom: 2, 37, 38, 138.<lb/></p><p xml:id="INT_4d9a7860-66b8-3c2c-9835-7e2a649e6a44.TEI.1.text.1.body.1.div.1.p.15" xml:lang="nl" rend="margin-left: 1500; line-height: 11.7pt; text-indent: -15.0pt; text-align: justify; font-size: 10.5" xmlns="http://www.tei-c.org/ns/1.0">Arend: 369, 510.<lb/></p><p xml:id="INT_4d9a7860-66b8-3c2c-9835-7e2a649e6a44.TEI.1.text.1.body.1.div.1.p.16" xml:lang="nl" rend="margin-left: 1500; line-height: 11.7pt; text-indent: -15.0pt; text-align: justify; font-size: 10.5" xmlns="http://www.tei-c.org/ns/1.0">Arnestijn: 207.<lb/></p><p xml:id="INT_4d9a7860-66b8-3c2c-9835-7e2a649e6a44.TEI.1.text.1.body.1.div.1.p.17" xml:lang="nl" rend="margin-left: 1500; line-height: 11.7pt; text-indent: -15.0pt; text-align: justify; font-size: 10.5" xmlns="http://www.tei-c.org/ns/1.0">Arnoldina Deliana: 26.<lb/></p><p xml:id="INT_4d9a7860-66b8-3c2c-9835-7e2a649e6a44.TEI.1.text.1.body.1.div.1.p.18" xml:lang="nl" rend="margin-left: 1500; line-height: 11.6pt; text-indent: -15.0pt; text-align: justify; font-size: 10.5" xmlns="http://www.tei-c.org/ns/1.0">B<lb/></p><p xml:id="INT_4d9a7860-66b8-3c2c-9835-7e2a649e6a44.TEI.1.text.1.body.1.div.1.p.19" xml:lang="nl" rend="margin-left: 1500; line-height: 11.7pt; text-indent: -15.0pt; text-align: justify; font-size: 10.5" xmlns="http://www.tei-c.org/ns/1.0">Baarzande: 121, 235, 237, 359, 371.<lb/></p><p xml:id="INT_4d9a7860-66b8-3c2c-9835-7e2a649e6a44.TEI.1.text.1.body.1.div.1.p.20" xml:lang="nl" rend="margin-left: 1500; line-height: 11.7pt; text-indent: -15.0pt; text-align: justify; font-size: 10.5" xmlns="http://www.tei-c.org/ns/1.0">Barbara Theodora: 7, 191, 192, 198, 199, 214,<lb/> 323, 326, 336, 337, 501, 611, 633.<lb/></p><p xml:id="INT_4d9a7860-66b8-3c2c-9835-7e2a649e6a44.TEI.1.text.1.body.1.div.1.p.21" xml:lang="nl" rend="margin-left: 1500; line-height: 11.7pt; text-indent: -15.0pt; text-align: justify; font-size: 10.5" xmlns="http://www.tei-c.org/ns/1.0">Basra: 266.<lb/></p><p xml:id="INT_4d9a7860-66b8-3c2c-9835-7e2a649e6a44.TEI.1.text.1.body.1.div.1.p.22" xml:lang="nl" rend="margin-left: 1500; line-height: 11.7pt; text-indent: -15.0pt; text-align: justify; font-size: 10.5" xmlns="http://www.tei-c.org/ns/1.0">Batavia: 86, 189, 192.<lb/></p><p xml:id="INT_4d9a7860-66b8-3c2c-9835-7e2a649e6a44.TEI.1.text.1.body.1.div.1.p.23" xml:lang="nl" rend="margin-left: 1500; line-height: 11.7pt; text-indent: -15.0pt; text-align: justify; font-size: 10.5" xmlns="http://www.tei-c.org/ns/1.0">Batavier: 6-8, 83, 121, 227, 337, 348, 375, 477,<lb/> 504, 516-518, 524.<lb/></p><p xml:id="INT_4d9a7860-66b8-3c2c-9835-7e2a649e6a44.TEI.1.text.1.body.1.div.1.p.24" xml:lang="nl" rend="margin-left: 1500; line-height: 11.7pt; text-indent: -15.0pt; text-align: justify; font-size: 10.5" xmlns="http://www.tei-c.org/ns/1.0">Bellasoor: 406.<lb/></p><p xml:id="INT_4d9a7860-66b8-3c2c-9835-7e2a649e6a44.TEI.1.text.1.body.1.div.1.p.25" xml:lang="nl" rend="margin-left: 1500; line-height: 11.7pt; text-indent: -15.0pt; text-align: justify; font-size: 10.5" xmlns="http://www.tei-c.org/ns/1.0">Beschermer: 599.<lb/></p><p xml:id="INT_4d9a7860-66b8-3c2c-9835-7e2a649e6a44.TEI.1.text.1.body.1.div.1.p.26" xml:lang="nl" rend="margin-left: 1500; line-height: 11.7pt; text-indent: -15.0pt; text-align: justify; font-size: 10.5" xmlns="http://www.tei-c.org/ns/1.0">Bevalligheid: 71, 156, 195, 197, 199, 205, 222,<lb/> 229, 321, 343.<lb/></p><p xml:id="INT_4d9a7860-66b8-3c2c-9835-7e2a649e6a44.TEI.1.text.1.body.1.div.1.p.27" xml:lang="nl" rend="margin-left: 1500; line-height: 11.7pt; text-indent: -15.0pt; text-align: justify; font-size: 10.5" xmlns="http://www.tei-c.org/ns/1.0">Bleiswijk [ook Blijswijk]: 403, 405, 422, 432,<lb/> 477, 479, 497, 541, 542, 545, 547.<lb/></p><p xml:id="INT_4d9a7860-66b8-3c2c-9835-7e2a649e6a44.TEI.1.text.1.body.1.div.1.p.28" xml:lang="nl" rend="margin-left: 1500; line-height: 11.7pt; text-indent: -15.0pt; text-align: justify; font-size: 10.5" xmlns="http://www.tei-c.org/ns/1.0">Blijdorp: 7, 19, 62, 70, 122, 129, 169, 226, 477,<lb/> 482, 483, 558.<lb/></p><p xml:id="INT_4d9a7860-66b8-3c2c-9835-7e2a649e6a44.TEI.1.text.1.body.1.div.1.p.29" xml:lang="nl" rend="margin-left: 1500; line-height: 11.7pt; text-indent: -15.0pt; text-align: justify; font-size: 10.5" xmlns="http://www.tei-c.org/ns/1.0">Blijswijk, zie Bleiswijk.<lb/></p><p xml:id="INT_4d9a7860-66b8-3c2c-9835-7e2a649e6a44.TEI.1.text.1.body.1.div.1.p.30" xml:lang="nl" rend="margin-left: 1500; line-height: 11.7pt; text-indent: -15.0pt; text-align: justify; font-size: 10.5" xmlns="http://www.tei-c.org/ns/1.0">Bloemendaal: 4, 89, 105, 193, 207, 353.<lb/></p><p xml:id="INT_4d9a7860-66b8-3c2c-9835-7e2a649e6a44.TEI.1.text.1.body.1.div.1.p.31" xml:lang="nl" rend="margin-left: 1500; line-height: 11.7pt; text-indent: -15.0pt; text-align: justify; font-size: 10.5" xmlns="http://www.tei-c.org/ns/1.0">Boede, Huis te: 84, 87, 108, 193, 31 1, 312, 440,<lb/> 444, 456.<lb/></p><p xml:id="INT_4d9a7860-66b8-3c2c-9835-7e2a649e6a44.TEI.1.text.1.body.1.div.1.p.32" xml:lang="nl" rend="margin-left: 1500; line-height: 11.7pt; text-indent: -15.0pt; text-align: justify; font-size: 10.5" xmlns="http://www.tei-c.org/ns/1.0">Bonnette (Eng.): 154.<lb/></p><p xml:id="INT_4d9a7860-66b8-3c2c-9835-7e2a649e6a44.TEI.1.text.1.body.1.div.1.p.33" xml:lang="nl" rend="margin-left: 1500; line-height: 11.7pt; text-indent: -15.0pt; text-align: justify; font-size: 10.5" xmlns="http://www.tei-c.org/ns/1.0">Bosschenhove: 5, 41, 140, 624.<lb/></p><p xml:id="INT_4d9a7860-66b8-3c2c-9835-7e2a649e6a44.TEI.1.text.1.body.1.div.1.p.34" xml:lang="nl" rend="margin-left: 1500; line-height: 11.7pt; text-indent: -15.0pt; text-align: justify; font-size: 10.5" xmlns="http://www.tei-c.org/ns/1.0">Brittannia (Eng.): 480.<lb/></p><p xml:id="INT_4d9a7860-66b8-3c2c-9835-7e2a649e6a44.TEI.1.text.1.body.1.div.1.p.35" xml:lang="nl" rend="margin-left: 1500; line-height: 11.7pt; text-indent: -15.0pt; text-align: justify; font-size: 10.5" xmlns="http://www.tei-c.org/ns/1.0">Bronstee: 156, 175, 264-266, 280, 359, 364, 380,<lb/> 404-406, 414, 494, 495, 503, 504, 536, 551,<lb/> 552, 621.<lb/></p><p xml:id="INT_4d9a7860-66b8-3c2c-9835-7e2a649e6a44.TEI.1.text.1.body.1.div.1.p.36" xml:lang="nl" rend="margin-left: 1500; line-height: 11.7pt; text-indent: -15.0pt; text-align: justify; font-size: 10.5" xmlns="http://www.tei-c.org/ns/1.0">Brootrot: 593, 594.<lb/></p><p xml:id="INT_4d9a7860-66b8-3c2c-9835-7e2a649e6a44.TEI.1.text.1.body.1.div.1.p.37" xml:lang="nl" rend="margin-left: 1500; line-height: 11.7pt; text-indent: -15.0pt; text-align: justify; font-size: 10.5" xmlns="http://www.tei-c.org/ns/1.0">Brouwer: 41, 43, 45, 141, 144, 155, 156, 265,409.<lb/></p><p xml:id="INT_4d9a7860-66b8-3c2c-9835-7e2a649e6a44.TEI.1.text.1.body.1.div.1.p.38" xml:lang="nl" rend="margin-left: 1500; line-height: 11.7pt; text-indent: -15.0pt; text-align: justify; font-size: 10.5" xmlns="http://www.tei-c.org/ns/1.0">Buis: 1, 105, 122, 149, 257, 262, 340, 396, 399,<lb/> 400, 534, 536.<lb/></p><p xml:id="INT_4d9a7860-66b8-3c2c-9835-7e2a649e6a44.TEI.1.text.1.body.1.div.1.p.39" xml:lang="nl" rend="margin-left: 1500; line-height: 11.7pt; text-indent: -15.0pt; text-align: justify; font-size: 10.5" xmlns="http://www.tei-c.org/ns/1.0">Buisken: 340.<lb/></p><p xml:id="INT_4d9a7860-66b8-3c2c-9835-7e2a649e6a44.TEI.1.text.1.body.1.div.1.p.40" xml:lang="nl" rend="font-size: 10.5; line-height: 12.3pt; margin-left: 1500; text-indent: -15.0pt" xmlns="http://www.tei-c.org/ns/1.0">Buitenzorg: 4, 54, 162, 226, 231, 338, 340, 343,<lb/> 345, 464.<lb/></p><p xml:id="INT_4d9a7860-66b8-3c2c-9835-7e2a649e6a44.TEI.1.text.1.body.1.div.1.p.41" xml:lang="nl" rend="font-size: 10.5; line-height: 12.3pt; margin-left: 1500; text-indent: -15.0pt" xmlns="http://www.tei-c.org/ns/1.0">Buren: 25.<lb/></p><p xml:id="INT_4d9a7860-66b8-3c2c-9835-7e2a649e6a44.TEI.1.text.1.body.1.div.1.p.42" xml:lang="nl" rend="font-size: 10.5; line-height: 11.6pt; margin-left: 1500; text-indent: -15.0pt" xmlns="http://www.tei-c.org/ns/1.0">C<lb/></p><p xml:id="INT_4d9a7860-66b8-3c2c-9835-7e2a649e6a44.TEI.1.text.1.body.1.div.1.p.43" xml:lang="nl" rend="font-size: 10.5; line-height: 11.6pt; margin-left: 1500; text-indent: -15.0pt" xmlns="http://www.tei-c.org/ns/1.0">Camadjang: 259.<lb/></p><p xml:id="INT_4d9a7860-66b8-3c2c-9835-7e2a649e6a44.TEI.1.text.1.body.1.div.1.p.44" xml:lang="nl" rend="font-size: 10.5; line-height: 12.0pt; margin-left: 1500; text-indent: -15.0pt" xmlns="http://www.tei-c.org/ns/1.0">Capelle, Slot: 462, 498, 602, 624.<lb/></p><p xml:id="INT_4d9a7860-66b8-3c2c-9835-7e2a649e6a44.TEI.1.text.1.body.1.div.1.p.45" xml:lang="nl" rend="font-size: 10.5; line-height: 12.0pt; margin-left: 1500; text-indent: -15.0pt" xmlns="http://www.tei-c.org/ns/1.0">Capelle, Slot, zie Kapelle, Slot van.<lb/></p><p xml:id="INT_4d9a7860-66b8-3c2c-9835-7e2a649e6a44.TEI.1.text.1.body.1.div.1.p.46" xml:lang="nl" rend="font-size: 10.5; line-height: 12.0pt; margin-left: 1500; text-indent: -15.0pt" xmlns="http://www.tei-c.org/ns/1.0">Carnavon (Eng.): 613.<lb/></p><p xml:id="INT_4d9a7860-66b8-3c2c-9835-7e2a649e6a44.TEI.1.text.1.body.1.div.1.p.47" xml:lang="nl" rend="font-size: 10.5; line-height: 12.0pt; margin-left: 1500; text-indent: -15.0pt" xmlns="http://www.tei-c.org/ns/1.0">Carolina: 225, 406.<lb/></p><p xml:id="INT_4d9a7860-66b8-3c2c-9835-7e2a649e6a44.TEI.1.text.1.body.1.div.1.p.48" xml:lang="nl" rend="font-size: 10.5; line-height: 12.0pt; margin-left: 1500; text-indent: -15.0pt" xmlns="http://www.tei-c.org/ns/1.0">Carolina, Prinses: 104.<lb/></p><p xml:id="INT_4d9a7860-66b8-3c2c-9835-7e2a649e6a44.TEI.1.text.1.body.1.div.1.p.49" xml:lang="nl" rend="font-size: 10.5; line-height: 12.0pt; margin-left: 1500; text-indent: -15.0pt" xmlns="http://www.tei-c.org/ns/1.0">Cattendijk, zie Kattendijke.<lb/></p><p xml:id="INT_4d9a7860-66b8-3c2c-9835-7e2a649e6a44.TEI.1.text.1.body.1.div.1.p.50" xml:lang="nl" rend="font-size: 10.5; line-height: 12.0pt; margin-left: 1500; text-indent: -15.0pt" xmlns="http://www.tei-c.org/ns/1.0">Centaure (Fr.): 341.<lb/></p><p xml:id="INT_4d9a7860-66b8-3c2c-9835-7e2a649e6a44.TEI.1.text.1.body.1.div.1.p.51" xml:lang="nl" rend="font-size: 10.5; line-height: 12.0pt; margin-left: 1500; text-indent: -15.0pt" xmlns="http://www.tei-c.org/ns/1.0">Chameau (Fr.): 465.<lb/></p><p xml:id="INT_4d9a7860-66b8-3c2c-9835-7e2a649e6a44.TEI.1.text.1.body.1.div.1.p.52" xml:lang="nl" rend="font-size: 10.5; line-height: 12.0pt; margin-left: 1500; text-indent: -15.0pt" xmlns="http://www.tei-c.org/ns/1.0">Charles (Fr.): 199.<lb/></p><p xml:id="INT_4d9a7860-66b8-3c2c-9835-7e2a649e6a44.TEI.1.text.1.body.1.div.1.p.53" xml:lang="nl" rend="font-size: 10.5; line-height: 12.0pt; margin-left: 1500; text-indent: -15.0pt" xmlns="http://www.tei-c.org/ns/1.0">Charlotta: 176, 277, 287, 320.<lb/></p><p xml:id="INT_4d9a7860-66b8-3c2c-9835-7e2a649e6a44.TEI.1.text.1.body.1.div.1.p.54" xml:lang="nl" rend="font-size: 10.5; line-height: 12.0pt; margin-left: 1500; text-indent: -15.0pt" xmlns="http://www.tei-c.org/ns/1.0">Chesterfield (Eng.): 605.<lb/></p><p xml:id="INT_4d9a7860-66b8-3c2c-9835-7e2a649e6a44.TEI.1.text.1.body.1.div.1.p.55" xml:lang="nl" rend="font-size: 10.5; line-height: 12.0pt; margin-left: 1500; text-indent: -15.0pt" xmlns="http://www.tei-c.org/ns/1.0">Condé (Fr.): 495.<lb/></p><p xml:id="INT_4d9a7860-66b8-3c2c-9835-7e2a649e6a44.TEI.1.text.1.body.1.div.1.p.56" xml:lang="nl" rend="font-size: 10.5; line-height: 12.0pt; margin-left: 1500; text-indent: -15.0pt" xmlns="http://www.tei-c.org/ns/1.0">Crabbendijke, zie Krabbendijke.<lb/></p><p xml:id="INT_4d9a7860-66b8-3c2c-9835-7e2a649e6a44.TEI.1.text.1.body.1.div.1.p.57" xml:lang="nl" rend="font-size: 10.5; line-height: 12.0pt; margin-left: 1500; text-indent: -15.0pt" xmlns="http://www.tei-c.org/ns/1.0">Cumberland (Eng.): 434.<lb/></p><p xml:id="INT_4d9a7860-66b8-3c2c-9835-7e2a649e6a44.TEI.1.text.1.body.1.div.1.p.58" xml:lang="nl" rend="margin-left: 1500; line-height: 11.6pt; text-indent: -15.0pt; font-weight: bold; font-size: 10.5" xmlns="http://www.tei-c.org/ns/1.0">D<lb/></p><p xml:id="INT_4d9a7860-66b8-3c2c-9835-7e2a649e6a44.TEI.1.text.1.body.1.div.1.p.59" xml:lang="nl" rend="font-size: 10.5; line-height: 11.7pt; margin-left: 1500; text-indent: -15.0pt" xmlns="http://www.tei-c.org/ns/1.0">Delft: 207, 209.<lb/></p><p xml:id="INT_4d9a7860-66b8-3c2c-9835-7e2a649e6a44.TEI.1.text.1.body.1.div.1.p.60" xml:lang="nl" rend="font-size: 10.5; line-height: 11.7pt; margin-left: 1500; text-indent: -15.0pt" xmlns="http://www.tei-c.org/ns/1.0">Denham (Eng.): 499.<lb/></p><p xml:id="INT_4d9a7860-66b8-3c2c-9835-7e2a649e6a44.TEI.1.text.1.body.1.div.1.p.61" xml:lang="nl" rend="font-size: 10.5; line-height: 11.7pt; margin-left: 1500; text-indent: -15.0pt" xmlns="http://www.tei-c.org/ns/1.0">Deunisveld: 1, 19, 22, 23, 25, 124, 127, 343, 499,<lb/> 615, 625.<lb/></p><p xml:id="INT_4d9a7860-66b8-3c2c-9835-7e2a649e6a44.TEI.1.text.1.body.1.div.1.p.62" xml:lang="nl" rend="font-size: 10.5; line-height: 11.7pt; margin-left: 1500; text-indent: -15.0pt" xmlns="http://www.tei-c.org/ns/1.0">Dhecca: 406.<lb/></p><p xml:id="INT_4d9a7860-66b8-3c2c-9835-7e2a649e6a44.TEI.1.text.1.body.1.div.1.p.63" xml:lang="nl" rend="font-size: 10.5; line-height: 11.7pt" xmlns="http://www.tei-c.org/ns/1.0">Diemen: 12, 19, 20, 23, 26, 105, 108, 207.<lb/> Dieshoek, zie Dishoek.<lb/></p><p xml:id="INT_4d9a7860-66b8-3c2c-9835-7e2a649e6a44.TEI.1.text.1.body.1.div.1.p.64" xml:lang="nl" rend="font-size: 10.5; line-height: 11.7pt; margin-left: 1500; text-indent: -15.0pt" xmlns="http://www.tei-c.org/ns/1.0">Dilfry (Eng.): 480.<lb/></p><p xml:id="INT_4d9a7860-66b8-3c2c-9835-7e2a649e6a44.TEI.1.text.1.body.1.div.1.p.65" xml:lang="nl" rend="font-size: 10.5; line-height: 11.7pt; margin-left: 1500; text-indent: -15.0pt" xmlns="http://www.tei-c.org/ns/1.0">Dishoek [ook: Dieshoek]: 105, 207.<lb/></p><p xml:id="INT_4d9a7860-66b8-3c2c-9835-7e2a649e6a44.TEI.1.text.1.body.1.div.1.p.66" xml:lang="nl" rend="font-size: 10.5; line-height: 11.7pt; margin-left: 1500; text-indent: -15.0pt" xmlns="http://www.tei-c.org/ns/1.0">Donk, Huis ten: 16, 52-54, 62, 403, 405, 422,<lb/> 432, 543, 544.<lb/></p><p xml:id="INT_4d9a7860-66b8-3c2c-9835-7e2a649e6a44.TEI.1.text.1.body.1.div.1.p.67" xml:lang="nl" rend="font-size: 10.5; line-height: 11.7pt; margin-left: 1500; text-indent: -15.0pt" xmlns="http://www.tei-c.org/ns/1.0">Dorothea (Fr.): 360, 418, 472, 570.<lb/></p><p xml:id="INT_4d9a7860-66b8-3c2c-9835-7e2a649e6a44.TEI.1.text.1.body.1.div.1.p.68" xml:lang="nl" rend="font-size: 10.5; line-height: 11.7pt; margin-left: 1500; text-indent: -15.0pt" xmlns="http://www.tei-c.org/ns/1.0">Draak: 321, 534.<lb/></p><p xml:id="INT_4d9a7860-66b8-3c2c-9835-7e2a649e6a44.TEI.1.text.1.body.1.div.1.p.69" xml:lang="nl" rend="font-size: 10.5; line-height: 11.7pt; margin-left: 1500; text-indent: -15.0pt" xmlns="http://www.tei-c.org/ns/1.0">Dragon (Eng.): 480.<lb/></p><p xml:id="INT_4d9a7860-66b8-3c2c-9835-7e2a649e6a44.TEI.1.text.1.body.1.div.1.p.70" xml:lang="nl" rend="font-size: 10.5; line-height: 11.7pt; margin-left: 1500; text-indent: -15.0pt" xmlns="http://www.tei-c.org/ns/1.0">Duc (Eng.): 401.<lb/></p><p xml:id="INT_4d9a7860-66b8-3c2c-9835-7e2a649e6a44.TEI.1.text.1.body.1.div.1.p.71" xml:lang="nl" rend="font-size: 10.5; line-height: 11.7pt; margin-left: 1500; text-indent: -15.0pt" xmlns="http://www.tei-c.org/ns/1.0">Duif: 144, 255, 279.<lb/></p><p xml:id="INT_4d9a7860-66b8-3c2c-9835-7e2a649e6a44.TEI.1.text.1.body.1.div.1.p.72" xml:lang="nl" rend="font-size: 10.5; line-height: 11.7pt" xmlns="http://www.tei-c.org/ns/1.0">Duine, Huis ter: 92, 197, 323, 325.<lb/> Duinenburg [ook: Duynenburg]: 498, 591, 623,<lb/> 624.<lb/></p><p xml:id="INT_4d9a7860-66b8-3c2c-9835-7e2a649e6a44.TEI.1.text.1.body.1.div.1.p.73" xml:lang="nl" rend="font-size: 10.5; line-height: 11.7pt; margin-left: 1500; text-indent: -15.0pt" xmlns="http://www.tei-c.org/ns/1.0">Duke of Aquitaine (Eng.): 433.<lb/></p><p xml:id="INT_4d9a7860-66b8-3c2c-9835-7e2a649e6a44.TEI.1.text.1.body.1.div.1.p.74" xml:lang="nl" rend="font-size: 10.5; line-height: 11.7pt; margin-left: 1500; text-indent: -15.0pt" xmlns="http://www.tei-c.org/ns/1.0">Duynenburg, zie Duinenburg.<lb/></p><p xml:id="INT_4d9a7860-66b8-3c2c-9835-7e2a649e6a44.TEI.1.text.1.body.1.div.1.p.75" xml:lang="nl" rend="font-size: 10.5; line-height: 11.6pt; margin-left: 1500; text-indent: -15.0pt" xmlns="http://www.tei-c.org/ns/1.0">E<lb/></p><p xml:id="INT_4d9a7860-66b8-3c2c-9835-7e2a649e6a44.TEI.1.text.1.body.1.div.1.p.76" xml:lang="nl" rend="font-size: 10.5; line-height: 12.0pt; margin-left: 1500; text-indent: -15.0pt" xmlns="http://www.tei-c.org/ns/1.0">Edam: 540.<lb/></p><p xml:id="INT_4d9a7860-66b8-3c2c-9835-7e2a649e6a44.TEI.1.text.1.body.1.div.1.p.77" xml:lang="nl" rend="font-size: 10.5; line-height: 12.0pt; margin-left: 1500; text-indent: -15.0pt" xmlns="http://www.tei-c.org/ns/1.0">Edgecumbe (Eng.): 605.<lb/></p><p xml:id="INT_4d9a7860-66b8-3c2c-9835-7e2a649e6a44.TEI.1.text.1.body.1.div.1.p.78" xml:lang="nl" rend="font-size: 10.5; line-height: 12.0pt; margin-left: 1500; text-indent: -15.0pt" xmlns="http://www.tei-c.org/ns/1.0">Edward, Prince (Eng.): 107.<lb/></p><p xml:id="INT_4d9a7860-66b8-3c2c-9835-7e2a649e6a44.TEI.1.text.1.body.1.div.1.p.79" xml:lang="nl" rend="font-size: 10.5; line-height: 12.0pt; margin-left: 1500; text-indent: -15.0pt" xmlns="http://www.tei-c.org/ns/1.0">Eendracht: 1, 26, 26, 32, 41, 62, 140, 343, 422,<lb/> 431,432, 456, 501,567, 633.<lb/></p><p xml:id="INT_4d9a7860-66b8-3c2c-9835-7e2a649e6a44.TEI.1.text.1.body.1.div.1.p.80" xml:lang="nl" rend="font-size: 10.5; line-height: 12.0pt; margin-left: 1500; text-indent: -15.0pt" xmlns="http://www.tei-c.org/ns/1.0">Eléphant (Fr.): 465.<lb/></p><fw xml:id="INT_4d9a7860-66b8-3c2c-9835-7e2a649e6a44.TEI.1.text.1.body.1.div.1.fw.2" type="bottom-page-number">671</fw><pb xml:id="INT_4d9a7860-66b8-3c2c-9835-7e2a649e6a44.TEI.1.text.1.body.1.div.1.pb.2" n="672" facs="http://resources.huygens.knaw.nl/retroapp/service_generalemissiven/gm_13/images/generale_missiven_gs258_672.tif"/><fw xml:id="INT_4d9a7860-66b8-3c2c-9835-7e2a649e6a44.TEI.1.text.1.body.1.div.1.fw.3" place="top" type="head" facs="#zone.3524106" xmlns="http://www.tei-c.org/ns/1.0">Index van scheepsnamen</fw><p xml:id="INT_4d9a7860-66b8-3c2c-9835-7e2a649e6a44.TEI.1.text.1.body.1.div.1.p.81" xml:lang="nl" rend="font-size: 10.5; line-height: 12.0pt; margin-left: 1500; text-indent: -15.0pt" xmlns="http://www.tei-c.org/ns/1.0">Elisabeth Dorothea, Vrouwe: 511, 544, 546, 551,<lb/> 552, 560, 570, 571, 574.<lb/></p><p xml:id="INT_4d9a7860-66b8-3c2c-9835-7e2a649e6a44.TEI.1.text.1.body.1.div.1.p.82" xml:lang="nl" rend="font-size: 10.5; line-height: 12.0pt; margin-left: 1500; text-indent: -15.0pt" xmlns="http://www.tei-c.org/ns/1.0">Elisabeth, Vrouwe: 124, 231, 248, 375, 376, 382384,<lb/> 516, 518.<lb/></p><p xml:id="INT_4d9a7860-66b8-3c2c-9835-7e2a649e6a44.TEI.1.text.1.body.1.div.1.p.83" xml:lang="nl" rend="font-size: 10.5; line-height: 12.0pt" xmlns="http://www.tei-c.org/ns/1.0">Elswoud: 2, 36, 72, 77, 105, 182, 207.<lb/> Erfprins: 226, 370, 374, 492, 494, 504, 508,<lb/> 512, 513.<lb/></p><p xml:id="INT_4d9a7860-66b8-3c2c-9835-7e2a649e6a44.TEI.1.text.1.body.1.div.1.p.84" xml:lang="nl" rend="font-size: 10.5; line-height: 12.0pt; margin-left: 1500; text-indent: -15.0pt" xmlns="http://www.tei-c.org/ns/1.0">Essex (Eng.): 433, 605.<lb/></p><p xml:id="INT_4d9a7860-66b8-3c2c-9835-7e2a649e6a44.TEI.1.text.1.body.1.div.1.p.85" xml:lang="nl" rend="font-size: 10.5; line-height: 12.0pt; margin-left: 1500; text-indent: -15.0pt" xmlns="http://www.tei-c.org/ns/1.0">Expedition (Fr.): 495.<lb/></p><p xml:id="INT_4d9a7860-66b8-3c2c-9835-7e2a649e6a44.TEI.1.text.1.body.1.div.1.p.86" xml:lang="nl" rend="margin-left: 1500; line-height: 12.2pt; text-indent: -15.0pt; font-weight: bold; font-size: 11" xmlns="http://www.tei-c.org/ns/1.0">F<lb/></p><p xml:id="INT_4d9a7860-66b8-3c2c-9835-7e2a649e6a44.TEI.1.text.1.body.1.div.1.p.87" xml:lang="nl" rend="font-size: 10.5; line-height: 11.6pt; margin-left: 1500; text-indent: -15.0pt" xmlns="http://www.tei-c.org/ns/1.0">Falmouth (Eng.): 335, 433.<lb/></p><p xml:id="INT_4d9a7860-66b8-3c2c-9835-7e2a649e6a44.TEI.1.text.1.body.1.div.1.p.88" xml:lang="nl" rend="font-size: 10.5; line-height: 11.6pt; margin-left: 1500; text-indent: -15.0pt" xmlns="http://www.tei-c.org/ns/1.0">Faquira (Fr.): 431.<lb/></p><p xml:id="INT_4d9a7860-66b8-3c2c-9835-7e2a649e6a44.TEI.1.text.1.body.1.div.1.p.89" xml:lang="nl" rend="font-size: 10.5; line-height: 11.6pt; margin-left: 1500; text-indent: -15.0pt" xmlns="http://www.tei-c.org/ns/1.0">G<lb/></p><p xml:id="INT_4d9a7860-66b8-3c2c-9835-7e2a649e6a44.TEI.1.text.1.body.1.div.1.p.90" xml:lang="nl" rend="font-size: 10.5; line-height: 12.0pt; margin-left: 1500; text-indent: -15.0pt" xmlns="http://www.tei-c.org/ns/1.0">Garnaal: 243, 378, 521, 522.<lb/></p><p xml:id="INT_4d9a7860-66b8-3c2c-9835-7e2a649e6a44.TEI.1.text.1.body.1.div.1.p.91" xml:lang="nl" rend="font-size: 10.5; line-height: 12.0pt; margin-left: 1500; text-indent: -15.0pt" xmlns="http://www.tei-c.org/ns/1.0">Geertrui Susanna: 173, 176.<lb/></p><p xml:id="INT_4d9a7860-66b8-3c2c-9835-7e2a649e6a44.TEI.1.text.1.body.1.div.1.p.92" xml:lang="nl" rend="font-size: 10.5; line-height: 12.0pt; margin-left: 1500; text-indent: -15.0pt" xmlns="http://www.tei-c.org/ns/1.0">Geertruida, Vrouwe: 478.<lb/></p><p xml:id="INT_4d9a7860-66b8-3c2c-9835-7e2a649e6a44.TEI.1.text.1.body.1.div.1.p.93" xml:lang="nl" rend="font-size: 10.5; line-height: 12.0pt; margin-left: 1500; text-indent: -15.0pt" xmlns="http://www.tei-c.org/ns/1.0">Gerechtigheid: 35, 383-385, 494, 528, 529, 531,<lb/> 532.<lb/></p><p xml:id="INT_4d9a7860-66b8-3c2c-9835-7e2a649e6a44.TEI.1.text.1.body.1.div.1.p.94" xml:lang="nl" rend="font-size: 10.5; line-height: 12.0pt" xmlns="http://www.tei-c.org/ns/1.0">Getrouwigheid: 2, 40, 165, 215, 240.<lb/> Giessenburg: 2, 44, 77, 88, 443, 498, 582.<lb/> Golconda: 35, 527.<lb/></p><p xml:id="INT_4d9a7860-66b8-3c2c-9835-7e2a649e6a44.TEI.1.text.1.body.1.div.1.p.95" xml:lang="nl" rend="font-size: 10.5; line-height: 12.0pt" xmlns="http://www.tei-c.org/ns/1.0">Goudvink: 51, 154, 260, 262, 335, 540, 612.<lb/> Gouverneur-Generaal: 10, 53, 162, 213, 215,<lb/> 226, 334, 336, 611.<lb/></p><p xml:id="INT_4d9a7860-66b8-3c2c-9835-7e2a649e6a44.TEI.1.text.1.body.1.div.1.p.96" xml:lang="nl" rend="font-size: 10.5; line-height: 12.0pt; margin-left: 1500; text-indent: -15.0pt" xmlns="http://www.tei-c.org/ns/1.0">Grampus (Eng.): 207.<lb/></p><p xml:id="INT_4d9a7860-66b8-3c2c-9835-7e2a649e6a44.TEI.1.text.1.body.1.div.1.p.97" xml:lang="nl" rend="font-size: 10.5; line-height: 12.0pt; margin-left: 1500; text-indent: -15.0pt" xmlns="http://www.tei-c.org/ns/1.0">’s-Gravezande: 54, 62, 156, 406, 625.<lb/></p><p xml:id="INT_4d9a7860-66b8-3c2c-9835-7e2a649e6a44.TEI.1.text.1.body.1.div.1.p.98" xml:lang="nl" rend="font-size: 10.5; line-height: 12.0pt; margin-left: 1500; text-indent: -15.0pt" xmlns="http://www.tei-c.org/ns/1.0">Griffin (Eng.): 107.<lb/></p><p xml:id="INT_4d9a7860-66b8-3c2c-9835-7e2a649e6a44.TEI.1.text.1.body.1.div.1.p.99" xml:lang="nl" rend="font-size: 10.5; line-height: 12.0pt; margin-left: 1500; text-indent: -15.0pt" xmlns="http://www.tei-c.org/ns/1.0">Gustaaf Willem: 183, 187, 443, 444, 452.<lb/></p><p xml:id="INT_4d9a7860-66b8-3c2c-9835-7e2a649e6a44.TEI.1.text.1.body.1.div.1.p.100" xml:lang="nl" rend="margin-left: 1500; line-height: 12.2pt; text-indent: -15.0pt; font-weight: bold; font-size: 11" xmlns="http://www.tei-c.org/ns/1.0">H<lb/></p><p xml:id="INT_4d9a7860-66b8-3c2c-9835-7e2a649e6a44.TEI.1.text.1.body.1.div.1.p.101" xml:lang="nl" rend="font-size: 10.5; line-height: 12.0pt; margin-left: 1500; text-indent: -15.0pt" xmlns="http://www.tei-c.org/ns/1.0">Haak: 46, 144, 147, 621.<lb/></p><p xml:id="INT_4d9a7860-66b8-3c2c-9835-7e2a649e6a44.TEI.1.text.1.body.1.div.1.p.102" xml:lang="nl" rend="font-size: 10.5; line-height: 12.0pt; margin-left: 1500; text-indent: -15.0pt" xmlns="http://www.tei-c.org/ns/1.0">Haarlem: 215, 248, 281, 293-296, 341, 427, 470,<lb/> 497, 569.<lb/></p><p xml:id="INT_4d9a7860-66b8-3c2c-9835-7e2a649e6a44.TEI.1.text.1.body.1.div.1.p.103" xml:lang="nl" rend="font-size: 10.5; line-height: 12.0pt; margin-left: 1500; text-indent: -15.0pt" xmlns="http://www.tei-c.org/ns/1.0">Haas: 46.<lb/></p><p xml:id="INT_4d9a7860-66b8-3c2c-9835-7e2a649e6a44.TEI.1.text.1.body.1.div.1.p.104" xml:lang="nl" rend="font-size: 10.5; line-height: 12.0pt; margin-left: 1500; text-indent: -15.0pt" xmlns="http://www.tei-c.org/ns/1.0">Haasje: 105.<lb/></p><p xml:id="INT_4d9a7860-66b8-3c2c-9835-7e2a649e6a44.TEI.1.text.1.body.1.div.1.p.105" xml:lang="nl" rend="font-size: 10.5; line-height: 12.0pt; margin-left: 1500; text-indent: -15.0pt" xmlns="http://www.tei-c.org/ns/1.0">Hageveld: 22, 23, 25, 105, 218, 357.<lb/></p><p xml:id="INT_4d9a7860-66b8-3c2c-9835-7e2a649e6a44.TEI.1.text.1.body.1.div.1.p.106" xml:lang="nl" rend="font-size: 10.5; line-height: 12.0pt; margin-left: 1500; text-indent: -15.0pt" xmlns="http://www.tei-c.org/ns/1.0">Haring: 279.<lb/></p><p xml:id="INT_4d9a7860-66b8-3c2c-9835-7e2a649e6a44.TEI.1.text.1.body.1.div.1.p.107" xml:lang="nl" rend="font-size: 10.5; line-height: 12.0pt; margin-left: 1500; text-indent: -15.0pt" xmlns="http://www.tei-c.org/ns/1.0">Harrie (Eng.): 401.<lb/></p><p xml:id="INT_4d9a7860-66b8-3c2c-9835-7e2a649e6a44.TEI.1.text.1.body.1.div.1.p.108" xml:lang="nl" rend="font-size: 10.5; line-height: 12.0pt; margin-left: 1500; text-indent: -15.0pt" xmlns="http://www.tei-c.org/ns/1.0">Hartekamp: 109, 221.<lb/></p><p xml:id="INT_4d9a7860-66b8-3c2c-9835-7e2a649e6a44.TEI.1.text.1.body.1.div.1.p.109" xml:lang="nl" rend="font-size: 10.5; line-height: 12.0pt; margin-left: 1500; text-indent: -15.0pt" xmlns="http://www.tei-c.org/ns/1.0">Hasewind, zie Hazewind.<lb/></p><p xml:id="INT_4d9a7860-66b8-3c2c-9835-7e2a649e6a44.TEI.1.text.1.body.1.div.1.p.110" xml:lang="nl" rend="font-size: 10.5; line-height: 12.0pt; margin-left: 1500; text-indent: -15.0pt" xmlns="http://www.tei-c.org/ns/1.0">Hawke (Eng.): 464.<lb/></p><p xml:id="INT_4d9a7860-66b8-3c2c-9835-7e2a649e6a44.TEI.1.text.1.body.1.div.1.p.111" xml:lang="nl" rend="font-size: 10.5; line-height: 12.0pt; margin-left: 1500; text-indent: -15.0pt" xmlns="http://www.tei-c.org/ns/1.0">Hazewind [ook: Hasewind]: 536, 540.<lb/></p><p xml:id="INT_4d9a7860-66b8-3c2c-9835-7e2a649e6a44.TEI.1.text.1.body.1.div.1.p.112" xml:lang="nl" rend="font-size: 10.5; line-height: 12.0pt; margin-left: 1500; text-indent: -15.0pt" xmlns="http://www.tei-c.org/ns/1.0">Hector: 463.<lb/></p><p xml:id="INT_4d9a7860-66b8-3c2c-9835-7e2a649e6a44.TEI.1.text.1.body.1.div.1.p.113" xml:lang="nl" rend="font-size: 10.5; line-height: 12.0pt; margin-left: 1500; text-indent: -15.0pt" xmlns="http://www.tei-c.org/ns/1.0">Hector (Eng.): 605.<lb/></p><p xml:id="INT_4d9a7860-66b8-3c2c-9835-7e2a649e6a44.TEI.1.text.1.body.1.div.1.p.114" xml:lang="nl" rend="font-size: 10.5; line-height: 12.0pt; margin-left: 1500; text-indent: -15.0pt" xmlns="http://www.tei-c.org/ns/1.0">Henrik, Prins (Eng.): 464.<lb/></p><p xml:id="INT_4d9a7860-66b8-3c2c-9835-7e2a649e6a44.TEI.1.text.1.body.1.div.1.p.115" xml:lang="nl" rend="font-size: 10.5; line-height: 12.0pt; margin-left: 1500; text-indent: -15.0pt" xmlns="http://www.tei-c.org/ns/1.0">Henry, Prince (Eng.): 226, 335.<lb/></p><p xml:id="INT_4d9a7860-66b8-3c2c-9835-7e2a649e6a44.TEI.1.text.1.body.1.div.1.p.116" xml:lang="nl" rend="font-size: 10.5; line-height: 12.0pt; margin-left: 1500; text-indent: -15.0pt" xmlns="http://www.tei-c.org/ns/1.0">Hercules: 53, 65, 231, 362, 456, 501, 503, 504,<lb/> 583, 589.<lb/></p><p xml:id="INT_4d9a7860-66b8-3c2c-9835-7e2a649e6a44.TEI.1.text.1.body.1.div.1.p.117" xml:lang="nl" rend="font-size: 10.5; line-height: 12.0pt; margin-left: 1500; text-indent: -15.0pt" xmlns="http://www.tei-c.org/ns/1.0">Herderin: 26, 255, 279, 390.<lb/></p><p xml:id="INT_4d9a7860-66b8-3c2c-9835-7e2a649e6a44.TEI.1.text.1.body.1.div.1.p.118" xml:lang="nl" rend="font-size: 10.5; line-height: 12.0pt; margin-left: 1500; text-indent: -15.0pt" xmlns="http://www.tei-c.org/ns/1.0">Herstelden 105.<lb/></p><p xml:id="INT_4d9a7860-66b8-3c2c-9835-7e2a649e6a44.TEI.1.text.1.body.1.div.1.p.119" xml:lang="nl" rend="font-size: 10.5; line-height: 12.0pt; margin-left: 1500; text-indent: -15.0pt" xmlns="http://www.tei-c.org/ns/1.0">Heuvelen, Drie: 16, 46, 54, 124, 156, 166, 228,<lb/> 233, 245, 269, 334, 379,611.<lb/></p><p xml:id="INT_4d9a7860-66b8-3c2c-9835-7e2a649e6a44.TEI.1.text.1.body.1.div.1.p.120" xml:lang="nl" rend="font-size: 10.5; line-height: 12.0pt; margin-left: 1500; text-indent: -15.0pt" xmlns="http://www.tei-c.org/ns/1.0">Holdernes (Eng.): 107.<lb/></p><p xml:id="INT_4d9a7860-66b8-3c2c-9835-7e2a649e6a44.TEI.1.text.1.body.1.div.1.p.121" xml:lang="nl" rend="font-size: 10.5; line-height: 12.0pt; margin-left: 1500; text-indent: -15.0pt" xmlns="http://www.tei-c.org/ns/1.0">Hoop: 155, 156, 265, 389, 502, 533.<lb/></p><p xml:id="INT_4d9a7860-66b8-3c2c-9835-7e2a649e6a44.TEI.1.text.1.body.1.div.1.p.122" xml:lang="nl" rend="margin-left: 1500; line-height: 11.6pt; text-indent: -15.0pt; text-align: justify; font-size: 10.5" xmlns="http://www.tei-c.org/ns/1.0">Huigenwaard: 112, 143, 144, 182, 255, 334.<lb/></p><p xml:id="INT_4d9a7860-66b8-3c2c-9835-7e2a649e6a44.TEI.1.text.1.body.1.div.1.p.123" xml:lang="nl" rend="margin-left: 1500; line-height: 11.6pt; text-indent: -15.0pt; text-align: justify; font-size: 10.5" xmlns="http://www.tei-c.org/ns/1.0">Immagonda: 133, 166, 167, 209.<lb/></p><p xml:id="INT_4d9a7860-66b8-3c2c-9835-7e2a649e6a44.TEI.1.text.1.body.1.div.1.p.124" xml:lang="nl" rend="margin-left: 1500; line-height: 12.2pt; text-indent: -15.0pt; text-align: justify; font-weight: bold; font-size: 11" xmlns="http://www.tei-c.org/ns/1.0">J<lb/></p><p xml:id="INT_4d9a7860-66b8-3c2c-9835-7e2a649e6a44.TEI.1.text.1.body.1.div.1.p.125" xml:lang="nl" rend="margin-left: 1500; line-height: 12.0pt; text-indent: -15.0pt; text-align: justify; font-size: 10.5" xmlns="http://www.tei-c.org/ns/1.0">Jaccatra, zie Jakatra.<lb/></p><p xml:id="INT_4d9a7860-66b8-3c2c-9835-7e2a649e6a44.TEI.1.text.1.body.1.div.1.p.126" xml:lang="nl" rend="margin-left: 1500; line-height: 12.0pt; text-indent: -15.0pt; text-align: justify; font-size: 10.5" xmlns="http://www.tei-c.org/ns/1.0">Jacob: 444.<lb/></p><p xml:id="INT_4d9a7860-66b8-3c2c-9835-7e2a649e6a44.TEI.1.text.1.body.1.div.1.p.127" xml:lang="nl" rend="margin-left: 1500; line-height: 12.0pt; text-indent: -15.0pt; text-align: justify; font-size: 10.5" xmlns="http://www.tei-c.org/ns/1.0">Jacob, Jonge: 189, 190, 315, 458, 591, 593.<lb/></p><p xml:id="INT_4d9a7860-66b8-3c2c-9835-7e2a649e6a44.TEI.1.text.1.body.1.div.1.p.128" xml:lang="nl" rend="margin-left: 1500; line-height: 12.0pt; text-indent: -15.0pt; text-align: justify; font-size: 10.5" xmlns="http://www.tei-c.org/ns/1.0">Jaffanapatnam: 144, 255.<lb/></p><p xml:id="INT_4d9a7860-66b8-3c2c-9835-7e2a649e6a44.TEI.1.text.1.body.1.div.1.p.129" xml:lang="nl" rend="margin-left: 1500; line-height: 12.0pt; text-indent: -15.0pt; text-align: justify; font-size: 10.5" xmlns="http://www.tei-c.org/ns/1.0">Jager: 233, 238, 240, 280, 281, 295, 363, 364,<lb/> 424, 501, 504, 513, 514.<lb/></p><p xml:id="INT_4d9a7860-66b8-3c2c-9835-7e2a649e6a44.TEI.1.text.1.body.1.div.1.p.130" xml:lang="nl" rend="margin-left: 1500; line-height: 12.0pt; text-indent: -15.0pt; text-align: justify; font-size: 10.5" xmlns="http://www.tei-c.org/ns/1.0">Jakatra [ook: Jaccatra]: 84.<lb/></p><p xml:id="INT_4d9a7860-66b8-3c2c-9835-7e2a649e6a44.TEI.1.text.1.body.1.div.1.p.131" xml:lang="nl" rend="margin-left: 1500; line-height: 12.0pt; text-indent: -15.0pt; text-align: justify; font-size: 10.5" xmlns="http://www.tei-c.org/ns/1.0">Jakob, Jonge: 479.<lb/></p><p xml:id="INT_4d9a7860-66b8-3c2c-9835-7e2a649e6a44.TEI.1.text.1.body.1.div.1.p.132" xml:lang="nl" rend="margin-left: 1500; line-height: 12.0pt; text-indent: -15.0pt; text-align: justify; font-size: 10.5" xmlns="http://www.tei-c.org/ns/1.0">Jerusalem: 213, 215, 264, 266, 334, 404, 406,<lb/> 611, 615, 633.<lb/></p><p xml:id="INT_4d9a7860-66b8-3c2c-9835-7e2a649e6a44.TEI.1.text.1.body.1.div.1.p.133" xml:lang="nl" rend="margin-left: 1500; line-height: 12.0pt; text-indent: -15.0pt; text-align: justify; font-size: 10.5" xmlns="http://www.tei-c.org/ns/1.0">Johanna Catharina: 589.<lb/></p><p xml:id="INT_4d9a7860-66b8-3c2c-9835-7e2a649e6a44.TEI.1.text.1.body.1.div.1.p.134" xml:lang="nl" rend="margin-left: 1500; line-height: 12.0pt; text-indent: -15.0pt; text-align: justify; font-size: 10.5" xmlns="http://www.tei-c.org/ns/1.0">Juliana Maria, Koningin (Deens): 253.<lb/></p><p xml:id="INT_4d9a7860-66b8-3c2c-9835-7e2a649e6a44.TEI.1.text.1.body.1.div.1.p.135" xml:lang="nl" rend="margin-left: 1500; line-height: 12.2pt; text-indent: -15.0pt; text-align: justify; font-weight: bold; font-size: 11" xmlns="http://www.tei-c.org/ns/1.0">K<lb/></p><p xml:id="INT_4d9a7860-66b8-3c2c-9835-7e2a649e6a44.TEI.1.text.1.body.1.div.1.p.136" xml:lang="nl" rend="margin-left: 1500; line-height: 12.0pt; text-indent: -15.0pt; text-align: justify; font-size: 10.5" xmlns="http://www.tei-c.org/ns/1.0">Kaaskoper: 144, 390, 521, 525-527.<lb/></p><p xml:id="INT_4d9a7860-66b8-3c2c-9835-7e2a649e6a44.TEI.1.text.1.body.1.div.1.p.137" xml:lang="nl" rend="margin-left: 1500; line-height: 12.0pt; text-indent: -15.0pt; text-align: justify; font-size: 10.5" xmlns="http://www.tei-c.org/ns/1.0">Kapelle, Slot van: 5, 77, 328.<lb/></p><p xml:id="INT_4d9a7860-66b8-3c2c-9835-7e2a649e6a44.TEI.1.text.1.body.1.div.1.p.138" xml:lang="nl" rend="margin-left: 1500; line-height: 12.0pt; text-indent: -15.0pt; text-align: justify; font-size: 10.5" xmlns="http://www.tei-c.org/ns/1.0">Kattendijke [ook: Cattendijk]: 37, 138, 155, 156,<lb/> 265, 409, 422, 456, 457, 471, 479, 498, 501,<lb/> 503, 586, 591, 595.<lb/></p><p xml:id="INT_4d9a7860-66b8-3c2c-9835-7e2a649e6a44.TEI.1.text.1.body.1.div.1.p.139" xml:lang="nl" rend="margin-left: 1500; line-height: 12.0pt; text-indent: -15.0pt; text-align: justify; font-size: 10.5" xmlns="http://www.tei-c.org/ns/1.0">Keukenhof: 39, 139, 183, 306, 313, 495, 532,<lb/> 533, 624.<lb/></p><p xml:id="INT_4d9a7860-66b8-3c2c-9835-7e2a649e6a44.TEI.1.text.1.body.1.div.1.p.140" xml:lang="nl" rend="margin-left: 1500; line-height: 12.0pt; text-indent: -15.0pt; text-align: justify; font-size: 10.5" xmlns="http://www.tei-c.org/ns/1.0">Kievitsheuvel: 41-45, 141, 144, 216, 226, 258,<lb/> 308, 320, 337, 394, 431.<lb/></p><p xml:id="INT_4d9a7860-66b8-3c2c-9835-7e2a649e6a44.TEI.1.text.1.body.1.div.1.p.141" xml:lang="nl" rend="margin-left: 1500; line-height: 12.0pt; text-indent: -15.0pt; text-align: justify; font-size: 10.5" xmlns="http://www.tei-c.org/ns/1.0">Klatergoud: 536.<lb/></p><p xml:id="INT_4d9a7860-66b8-3c2c-9835-7e2a649e6a44.TEI.1.text.1.body.1.div.1.p.142" xml:lang="nl" rend="margin-left: 1500; line-height: 12.0pt; text-indent: -15.0pt; text-align: justify; font-size: 10.5" xmlns="http://www.tei-c.org/ns/1.0">Kraanvogel: 539.<lb/></p><p xml:id="INT_4d9a7860-66b8-3c2c-9835-7e2a649e6a44.TEI.1.text.1.body.1.div.1.p.143" xml:lang="nl" rend="margin-left: 1500; line-height: 12.0pt; text-indent: -15.0pt; text-align: justify; font-size: 10.5" xmlns="http://www.tei-c.org/ns/1.0">Krabbendijke [ook: Crabbendijke]: 92, 139, 194,<lb/> 197, 198, 247, 254, 255, 323, 325, 390, 394,<lb/> 611.<lb/></p><p xml:id="INT_4d9a7860-66b8-3c2c-9835-7e2a649e6a44.TEI.1.text.1.body.1.div.1.p.144" xml:lang="nl" rend="margin-left: 1500; line-height: 12.0pt; text-indent: -15.0pt; text-align: justify; font-size: 10.5" xmlns="http://www.tei-c.org/ns/1.0">Kronenburg: 387, 388, 478.<lb/></p><p xml:id="INT_4d9a7860-66b8-3c2c-9835-7e2a649e6a44.TEI.1.text.1.body.1.div.1.p.145" xml:lang="nl" rend="margin-left: 1500; line-height: 12.0pt; text-indent: -15.0pt; text-align: justify; font-size: 10.5" xmlns="http://www.tei-c.org/ns/1.0">Kroonprins: 144, 255, 279.<lb/></p><p xml:id="INT_4d9a7860-66b8-3c2c-9835-7e2a649e6a44.TEI.1.text.1.body.1.div.1.p.146" xml:lang="nl" rend="margin-left: 1500; line-height: 12.2pt; text-indent: -15.0pt; text-align: justify; font-weight: bold; font-size: 11" xmlns="http://www.tei-c.org/ns/1.0">L<lb/></p><p xml:id="INT_4d9a7860-66b8-3c2c-9835-7e2a649e6a44.TEI.1.text.1.body.1.div.1.p.147" xml:lang="nl" rend="margin-left: 1500; line-height: 12.0pt; text-indent: -15.0pt; text-align: justify; font-size: 10.5" xmlns="http://www.tei-c.org/ns/1.0">Lamadjang: 151.<lb/></p><p xml:id="INT_4d9a7860-66b8-3c2c-9835-7e2a649e6a44.TEI.1.text.1.body.1.div.1.p.148" xml:lang="nl" rend="margin-left: 1500; line-height: 12.0pt; text-indent: -15.0pt; text-align: justify; font-size: 10.5" xmlns="http://www.tei-c.org/ns/1.0">Langewijk: 210, 246, 255, 264, 359, 390, 404,<lb/> 406,414, 551, 552.<lb/></p><p xml:id="INT_4d9a7860-66b8-3c2c-9835-7e2a649e6a44.TEI.1.text.1.body.1.div.1.p.149" xml:lang="nl" rend="margin-left: 1500; line-height: 12.0pt; text-indent: -15.0pt; text-align: justify; font-size: 10.5" xmlns="http://www.tei-c.org/ns/1.0">Lapienenburg: 84, 87, 189-191, 193, 317, 443,<lb/> 498, 591, 624.<lb/></p><p xml:id="INT_4d9a7860-66b8-3c2c-9835-7e2a649e6a44.TEI.1.text.1.body.1.div.1.p.150" xml:lang="nl" rend="margin-left: 1500; line-height: 12.0pt; text-indent: -15.0pt; text-align: justify; font-size: 10.5" xmlns="http://www.tei-c.org/ns/1.0">Leekerlust, zie Lekkerlust.<lb/></p><p xml:id="INT_4d9a7860-66b8-3c2c-9835-7e2a649e6a44.TEI.1.text.1.body.1.div.1.p.151" xml:lang="nl" rend="margin-left: 1500; line-height: 12.0pt; text-indent: -15.0pt; text-align: justify; font-size: 10.5" xmlns="http://www.tei-c.org/ns/1.0">Leervis: 25, 128, 129.<lb/></p><p xml:id="INT_4d9a7860-66b8-3c2c-9835-7e2a649e6a44.TEI.1.text.1.body.1.div.1.p.152" xml:lang="nl" rend="margin-left: 1500; line-height: 12.0pt; text-indent: -15.0pt; text-align: justify; font-size: 10.5" xmlns="http://www.tei-c.org/ns/1.0">Leiden [ook: Leyden]: 53, 420, 422, 430, 432,<lb/> 497, 560, 562, 567, 575.<lb/></p><p xml:id="INT_4d9a7860-66b8-3c2c-9835-7e2a649e6a44.TEI.1.text.1.body.1.div.1.p.153" xml:lang="nl" rend="margin-left: 1500; line-height: 12.0pt; text-indent: -15.0pt; text-align: justify; font-size: 10.5" xmlns="http://www.tei-c.org/ns/1.0">Leimuiden [ook: Leymuyden]: 250, 334, 385,<lb/> 386, 477, 498, 532, 582.<lb/></p><p xml:id="INT_4d9a7860-66b8-3c2c-9835-7e2a649e6a44.TEI.1.text.1.body.1.div.1.p.154" xml:lang="nl" rend="margin-left: 1500; line-height: 12.0pt; text-indent: -15.0pt; text-align: justify; font-size: 10.5" xmlns="http://www.tei-c.org/ns/1.0">Lekkerland: 37, 137, 138, 183, 306, 422, 456,<lb/> 457, 479, 492, 493, 498, 541, 545, 547, 558,<lb/> 591, 595, 596, 621.<lb/></p><p xml:id="INT_4d9a7860-66b8-3c2c-9835-7e2a649e6a44.TEI.1.text.1.body.1.div.1.p.155" xml:lang="nl" rend="margin-left: 1500; line-height: 12.0pt; text-indent: -15.0pt; text-align: justify; font-size: 10.5" xmlns="http://www.tei-c.org/ns/1.0">Lekkerlust [ook: Leekerlust]: 124, 135, 233, 243,<lb/> 244, 364, 365, 378, 379, 501, 503, 505, 633.<lb/></p><p xml:id="INT_4d9a7860-66b8-3c2c-9835-7e2a649e6a44.TEI.1.text.1.body.1.div.1.p.156" xml:lang="nl" rend="margin-left: 1500; line-height: 12.0pt; text-indent: -15.0pt; text-align: justify; font-size: 10.5" xmlns="http://www.tei-c.org/ns/1.0">Lenox (Eng.): 433.<lb/></p><fw xml:id="INT_4d9a7860-66b8-3c2c-9835-7e2a649e6a44.TEI.1.text.1.body.1.div.1.fw.4" type="bottom-page-number">672</fw><pb xml:id="INT_4d9a7860-66b8-3c2c-9835-7e2a649e6a44.TEI.1.text.1.body.1.div.1.pb.3" n="673" facs="http://resources.huygens.knaw.nl/retroapp/service_generalemissiven/gm_13/images/generale_missiven_gs258_673.tif"/><fw xml:id="INT_4d9a7860-66b8-3c2c-9835-7e2a649e6a44.TEI.1.text.1.body.1.div.1.fw.5" place="top" type="head" facs="#zone.3525324" xmlns="http://www.tei-c.org/ns/1.0">Index van scheepsnamen</fw><p xml:id="INT_4d9a7860-66b8-3c2c-9835-7e2a649e6a44.TEI.1.text.1.body.1.div.1.p.157" xml:lang="nl" rend="margin-left: 1500; line-height: 12.3pt; text-indent: -15.0pt; text-align: justify; font-size: 10.5" xmlns="http://www.tei-c.org/ns/1.0">Leyden, zie Leiden.<lb/></p><p xml:id="INT_4d9a7860-66b8-3c2c-9835-7e2a649e6a44.TEI.1.text.1.body.1.div.1.p.158" xml:lang="nl" rend="margin-left: 1500; line-height: 12.3pt; text-indent: -15.0pt; text-align: justify; font-size: 10.5" xmlns="http://www.tei-c.org/ns/1.0">Leymuyden, zie Leimuiden.<lb/></p><p xml:id="INT_4d9a7860-66b8-3c2c-9835-7e2a649e6a44.TEI.1.text.1.body.1.div.1.p.159" xml:lang="nl" rend="margin-left: 1500; line-height: 12.3pt; text-indent: -15.0pt; text-align: justify; font-size: 10.5" xmlns="http://www.tei-c.org/ns/1.0">Liefde: 94, 199, 443, 468, 479.<lb/></p><p xml:id="INT_4d9a7860-66b8-3c2c-9835-7e2a649e6a44.TEI.1.text.1.body.1.div.1.p.160" xml:lang="nl" rend="margin-left: 1500; line-height: 12.3pt; text-indent: -15.0pt; text-align: justify; font-size: 10.5" xmlns="http://www.tei-c.org/ns/1.0">Lieftalligheid: 511.<lb/></p><p xml:id="INT_4d9a7860-66b8-3c2c-9835-7e2a649e6a44.TEI.1.text.1.body.1.div.1.p.161" xml:lang="nl" rend="margin-left: 1500; line-height: 12.3pt; text-indent: -15.0pt; text-align: justify; font-size: 10.5" xmlns="http://www.tei-c.org/ns/1.0">Lijcochton, zie Lycochton.<lb/></p><p xml:id="INT_4d9a7860-66b8-3c2c-9835-7e2a649e6a44.TEI.1.text.1.body.1.div.1.p.162" xml:lang="nl" rend="margin-left: 1500; line-height: 12.3pt; text-indent: -15.0pt; text-align: justify; font-size: 10.5" xmlns="http://www.tei-c.org/ns/1.0">Loo, ’t: 92, 321,427, 463.<lb/></p><p xml:id="INT_4d9a7860-66b8-3c2c-9835-7e2a649e6a44.TEI.1.text.1.body.1.div.1.p.163" xml:lang="nl" rend="margin-left: 1500; line-height: 12.3pt; text-indent: -15.0pt; text-align: justify; font-size: 10.5" xmlns="http://www.tei-c.org/ns/1.0">Loper: 34.<lb/></p><p xml:id="INT_4d9a7860-66b8-3c2c-9835-7e2a649e6a44.TEI.1.text.1.body.1.div.1.p.164" xml:lang="nl" rend="margin-left: 1500; line-height: 12.3pt; text-indent: -15.0pt; text-align: justify; font-size: 10.5" xmlns="http://www.tei-c.org/ns/1.0">Luchtenburg: 339.<lb/></p><p xml:id="INT_4d9a7860-66b8-3c2c-9835-7e2a649e6a44.TEI.1.text.1.body.1.div.1.p.165" xml:lang="nl" rend="margin-left: 1500; line-height: 12.3pt; text-indent: -15.0pt; text-align: justify; font-size: 10.5" xmlns="http://www.tei-c.org/ns/1.0">Luxemburg: 4, 87, 193, 226, 317, 616.<lb/></p><p xml:id="INT_4d9a7860-66b8-3c2c-9835-7e2a649e6a44.TEI.1.text.1.body.1.div.1.p.166" xml:lang="nl" rend="margin-left: 1500; line-height: 12.3pt; text-indent: -15.0pt; text-align: justify; font-size: 10.5" xmlns="http://www.tei-c.org/ns/1.0">Lycochton [ook: Lijcochton]: 105, 255, 281, 290,<lb/> 390, 420.<lb/></p><p xml:id="INT_4d9a7860-66b8-3c2c-9835-7e2a649e6a44.TEI.1.text.1.body.1.div.1.p.167" xml:lang="nl" rend="margin-left: 1500; line-height: 11.6pt; text-indent: -15.0pt; text-align: justify; font-size: 10.5" xmlns="http://www.tei-c.org/ns/1.0">M<lb/></p><p xml:id="INT_4d9a7860-66b8-3c2c-9835-7e2a649e6a44.TEI.1.text.1.body.1.div.1.p.168" xml:lang="nl" rend="margin-left: 1500; line-height: 12.0pt; text-indent: -15.0pt; text-align: justify; font-size: 10.5" xmlns="http://www.tei-c.org/ns/1.0">Manpad, Huis te: 213, 215-217, 220, 225, 226,<lb/> 324, 354, 542, 545, 620, 621.<lb/></p><p xml:id="INT_4d9a7860-66b8-3c2c-9835-7e2a649e6a44.TEI.1.text.1.body.1.div.1.p.169" xml:lang="nl" rend="margin-left: 1500; line-height: 12.0pt; text-indent: -15.0pt; text-align: justify; font-size: 10.5" xmlns="http://www.tei-c.org/ns/1.0">Maria Laurentia: 89, 187.<lb/></p><p xml:id="INT_4d9a7860-66b8-3c2c-9835-7e2a649e6a44.TEI.1.text.1.body.1.div.1.p.170" xml:lang="nl" rend="margin-left: 1500; line-height: 12.0pt; text-indent: -15.0pt; text-align: justify; font-size: 10.5" xmlns="http://www.tei-c.org/ns/1.0">Mariënbos: 4, 87, 92, 94, 112, 191, 193, 197,<lb/> 198,317, 323, 489, 498, 602.<lb/></p><p xml:id="INT_4d9a7860-66b8-3c2c-9835-7e2a649e6a44.TEI.1.text.1.body.1.div.1.p.171" xml:lang="nl" rend="margin-left: 1500; line-height: 12.0pt; text-indent: -15.0pt; text-align: justify; font-size: 10.5" xmlns="http://www.tei-c.org/ns/1.0">Meermin: 526.<lb/></p><p xml:id="INT_4d9a7860-66b8-3c2c-9835-7e2a649e6a44.TEI.1.text.1.body.1.div.1.p.172" xml:lang="nl" rend="margin-left: 1500; line-height: 12.0pt; text-indent: -15.0pt; text-align: justify; font-size: 10.5" xmlns="http://www.tei-c.org/ns/1.0">Meervliet: 19, 46, 48, 144, 150, 217, 255, 357.<lb/></p><p xml:id="INT_4d9a7860-66b8-3c2c-9835-7e2a649e6a44.TEI.1.text.1.body.1.div.1.p.173" xml:lang="nl" rend="margin-left: 1500; line-height: 12.0pt; text-indent: -15.0pt; text-align: justify; font-size: 10.5" xmlns="http://www.tei-c.org/ns/1.0">Meeuw: 540.<lb/></p><p xml:id="INT_4d9a7860-66b8-3c2c-9835-7e2a649e6a44.TEI.1.text.1.body.1.div.1.p.174" xml:lang="nl" rend="margin-left: 1500; line-height: 12.0pt; text-indent: -15.0pt; text-align: justify; font-size: 10.5" xmlns="http://www.tei-c.org/ns/1.0">Middelburg: 84, 87, 193, 222, 290, 311, 312,<lb/> 456, 462, 479, 498, 586, 601, 602, 624.<lb/></p><p xml:id="INT_4d9a7860-66b8-3c2c-9835-7e2a649e6a44.TEI.1.text.1.body.1.div.1.p.175" xml:lang="nl" rend="margin-left: 1500; line-height: 12.0pt; text-indent: -15.0pt; text-align: justify; font-size: 10.5" xmlns="http://www.tei-c.org/ns/1.0">Mossel: 1, 35, 112, 155, 167, 265, 340, 342,<lb/> 403, 406, 422, 423, 432, 525, 544, 551, 560,<lb/> 567, 570, 624.<lb/></p><p xml:id="INT_4d9a7860-66b8-3c2c-9835-7e2a649e6a44.TEI.1.text.1.body.1.div.1.p.176" xml:lang="nl" rend="margin-left: 1500; line-height: 11.6pt; text-indent: -15.0pt; text-align: justify; font-size: 10.5" xmlns="http://www.tei-c.org/ns/1.0">N<lb/></p><p xml:id="INT_4d9a7860-66b8-3c2c-9835-7e2a649e6a44.TEI.1.text.1.body.1.div.1.p.177" xml:lang="nl" rend="margin-left: 1500; line-height: 11.7pt; text-indent: -15.0pt; text-align: justify; font-size: 10.5" xmlns="http://www.tei-c.org/ns/1.0">Naarstigheid: 54, 62, 157, 162, 463, 603.<lb/></p><p xml:id="INT_4d9a7860-66b8-3c2c-9835-7e2a649e6a44.TEI.1.text.1.body.1.div.1.p.178" xml:lang="nl" rend="margin-left: 1500; line-height: 11.7pt; text-indent: -15.0pt; text-align: justify; font-size: 10.5" xmlns="http://www.tei-c.org/ns/1.0">Nagapatnam: 621.<lb/></p><p xml:id="INT_4d9a7860-66b8-3c2c-9835-7e2a649e6a44.TEI.1.text.1.body.1.div.1.p.179" xml:lang="nl" rend="margin-left: 1500; line-height: 11.7pt; text-indent: -15.0pt; text-align: justify; font-size: 10.5" xmlns="http://www.tei-c.org/ns/1.0">Nassau: 127, 128, 151.<lb/></p><p xml:id="INT_4d9a7860-66b8-3c2c-9835-7e2a649e6a44.TEI.1.text.1.body.1.div.1.p.180" xml:lang="nl" rend="margin-left: 1500; line-height: 11.7pt; text-indent: -15.0pt; text-align: justify; font-size: 10.5" xmlns="http://www.tei-c.org/ns/1.0">Neptunus: 135.<lb/></p><p xml:id="INT_4d9a7860-66b8-3c2c-9835-7e2a649e6a44.TEI.1.text.1.body.1.div.1.p.181" xml:lang="nl" rend="margin-left: 1500; line-height: 11.7pt; text-indent: -15.0pt; text-align: justify; font-size: 10.5" xmlns="http://www.tei-c.org/ns/1.0">Nieuwerkerk: 182.<lb/></p><p xml:id="INT_4d9a7860-66b8-3c2c-9835-7e2a649e6a44.TEI.1.text.1.body.1.div.1.p.182" xml:lang="nl" rend="margin-left: 1500; line-height: 11.7pt; text-indent: -15.0pt; text-align: justify; font-size: 10.5" xmlns="http://www.tei-c.org/ns/1.0">Nieuwerkerk, Nieuw: 215, 323, 325, 360, 374,<lb/> 462.<lb/></p><p xml:id="INT_4d9a7860-66b8-3c2c-9835-7e2a649e6a44.TEI.1.text.1.body.1.div.1.p.183" xml:lang="nl" rend="margin-left: 1500; line-height: 11.7pt; text-indent: -15.0pt; text-align: justify; font-size: 10.5" xmlns="http://www.tei-c.org/ns/1.0">Nieuwland, Noord [ook: Noordnieuwland]:<lb/> 19, 21, 122, 124, 337, 348, 499, 501, 532, 560,<lb/> 633.<lb/></p><p xml:id="INT_4d9a7860-66b8-3c2c-9835-7e2a649e6a44.TEI.1.text.1.body.1.div.1.p.184" xml:lang="nl" rend="margin-left: 1500; line-height: 11.7pt; text-indent: -15.0pt; text-align: justify; font-size: 10.5" xmlns="http://www.tei-c.org/ns/1.0">Nijenborg: 464, 471, 497, 536, 562, 571, 572,<lb/> 603.<lb/></p><p xml:id="INT_4d9a7860-66b8-3c2c-9835-7e2a649e6a44.TEI.1.text.1.body.1.div.1.p.185" xml:lang="nl" rend="margin-left: 1500; line-height: 11.7pt; text-indent: -15.0pt; text-align: justify; font-size: 10.5" xmlns="http://www.tei-c.org/ns/1.0">Noordnieuwland, zie Nieuwland, Noord.<lb/></p><p xml:id="INT_4d9a7860-66b8-3c2c-9835-7e2a649e6a44.TEI.1.text.1.body.1.div.1.p.186" xml:lang="nl" rend="margin-left: 1500; line-height: 11.7pt; text-indent: -15.0pt; text-align: justify; font-size: 10.5" xmlns="http://www.tei-c.org/ns/1.0">Noordwijk: 362, 363.<lb/></p><p xml:id="INT_4d9a7860-66b8-3c2c-9835-7e2a649e6a44.TEI.1.text.1.body.1.div.1.p.187" xml:lang="nl" rend="margin-left: 1500; line-height: 11.7pt; text-indent: -15.0pt; text-align: justify; font-size: 10.5" xmlns="http://www.tei-c.org/ns/1.0">Nossa Senhora de Monte Lega (Port.): 313.<lb/></p><p xml:id="INT_4d9a7860-66b8-3c2c-9835-7e2a649e6a44.TEI.1.text.1.body.1.div.1.p.188" xml:lang="nl" rend="margin-left: 1500; line-height: 12.7pt; text-indent: -15.0pt; text-align: justify; font-weight: bold; font-size: 11.5" xmlns="http://www.tei-c.org/ns/1.0">O<lb/></p><p xml:id="INT_4d9a7860-66b8-3c2c-9835-7e2a649e6a44.TEI.1.text.1.body.1.div.1.p.189" xml:lang="nl" rend="margin-left: 1500; line-height: 11.7pt; text-indent: -15.0pt; text-align: justify; font-size: 10.5" xmlns="http://www.tei-c.org/ns/1.0">Ongehoorzaamheid: 363.<lb/></p><p xml:id="INT_4d9a7860-66b8-3c2c-9835-7e2a649e6a44.TEI.1.text.1.body.1.div.1.p.190" xml:lang="nl" rend="margin-left: 1500; line-height: 11.7pt; text-indent: -15.0pt; text-align: justify; font-size: 10.5" xmlns="http://www.tei-c.org/ns/1.0">Oostcappelle, zie Oostkapelle.<lb/></p><p xml:id="INT_4d9a7860-66b8-3c2c-9835-7e2a649e6a44.TEI.1.text.1.body.1.div.1.p.191" xml:lang="nl" rend="margin-left: 1500; line-height: 11.7pt; text-indent: -15.0pt; text-align: justify; font-size: 10.5" xmlns="http://www.tei-c.org/ns/1.0">Oosthuizen: 44, 53, 112, 162, 269, 499, 501,<lb/> 615, 633.<lb/></p><p xml:id="INT_4d9a7860-66b8-3c2c-9835-7e2a649e6a44.TEI.1.text.1.body.1.div.1.p.192" xml:lang="nl" rend="margin-left: 1500; line-height: 11.7pt; text-indent: -15.0pt; text-align: justify; font-size: 10.5" xmlns="http://www.tei-c.org/ns/1.0">Oostkapelle [ook: Oostcappelle]: 77, 144, 149,<lb/> 264, 266, 296, 341, 405, 407, 427, 432.<lb/></p><p xml:id="INT_4d9a7860-66b8-3c2c-9835-7e2a649e6a44.TEI.1.text.1.body.1.div.1.p.193" xml:lang="nl" rend="margin-left: 1500; line-height: 11.7pt; text-indent: -15.0pt; text-align: justify; font-size: 10.5" xmlns="http://www.tei-c.org/ns/1.0">Orange, Prinses van, zie Oranje, Prinses van.<lb/></p><p xml:id="INT_4d9a7860-66b8-3c2c-9835-7e2a649e6a44.TEI.1.text.1.body.1.div.1.p.194" xml:lang="nl" rend="margin-left: 1500; line-height: 11.7pt; text-indent: -15.0pt; text-align: justify; font-size: 10.5" xmlns="http://www.tei-c.org/ns/1.0">Orangezaal, zie Oranjezaal.<lb/></p><p xml:id="INT_4d9a7860-66b8-3c2c-9835-7e2a649e6a44.TEI.1.text.1.body.1.div.1.p.195" xml:lang="nl" rend="margin-left: 1500; line-height: 11.7pt; text-indent: -15.0pt; text-align: justify; font-size: 10.5" xmlns="http://www.tei-c.org/ns/1.0">Oranje, Prinses van [ook: Orange, Prinses van]:<lb/> 52, 135, 151, 262, 280, 281, 287, 290, 403,<lb/> 406, 416, 422, 544, 560, 570, 572, 575, 623.<lb/></p><p xml:id="INT_4d9a7860-66b8-3c2c-9835-7e2a649e6a44.TEI.1.text.1.body.1.div.1.p.196" xml:lang="nl" rend="margin-left: 1500; line-height: 12.0pt; text-indent: -15.0pt; text-align: justify; font-size: 10.5" xmlns="http://www.tei-c.org/ns/1.0">Oranjezaal: 95, 155, 157, 226, 409, 497, 541,<lb/> 545, 557.<lb/></p><p xml:id="INT_4d9a7860-66b8-3c2c-9835-7e2a649e6a44.TEI.1.text.1.body.1.div.1.p.197" xml:lang="nl" rend="margin-left: 1500; line-height: 12.0pt; text-indent: -15.0pt; text-align: justify; font-size: 10.5" xmlns="http://www.tei-c.org/ns/1.0">Osdorp: 5, 33, 34, 265, 354, 357, 359, 404, 406,<lb/> 414, 497, 541, 545, 547, 551, 552, 621, 622.<lb/></p><p xml:id="INT_4d9a7860-66b8-3c2c-9835-7e2a649e6a44.TEI.1.text.1.body.1.div.1.p.198" xml:lang="nl" rend="margin-left: 1500; line-height: 12.0pt; text-indent: -15.0pt; text-align: justify; font-size: 10.5" xmlns="http://www.tei-c.org/ns/1.0">Osterley (Eng.): 464.<lb/></p><p xml:id="INT_4d9a7860-66b8-3c2c-9835-7e2a649e6a44.TEI.1.text.1.body.1.div.1.p.199" xml:lang="nl" rend="margin-left: 1500; line-height: 12.0pt; text-indent: -15.0pt; text-align: justify; font-size: 10.5" xmlns="http://www.tei-c.org/ns/1.0">Oudca(r)spel, zie Oudkarspel.<lb/></p><p xml:id="INT_4d9a7860-66b8-3c2c-9835-7e2a649e6a44.TEI.1.text.1.body.1.div.1.p.200" xml:lang="nl" rend="margin-left: 1500; line-height: 12.0pt; text-indent: -15.0pt; text-align: justify; font-size: 10.5" xmlns="http://www.tei-c.org/ns/1.0">Oudkarspel [ook: Oudca(r)spel]: 156, 183, 187,<lb/> 255, 281, 290, 304, 374, 390, 420, 428.<lb/></p><p xml:id="INT_4d9a7860-66b8-3c2c-9835-7e2a649e6a44.TEI.1.text.1.body.1.div.1.p.201" xml:lang="nl" rend="margin-left: 1500; line-height: 12.0pt; text-indent: -15.0pt; text-align: justify; font-size: 10.5" xmlns="http://www.tei-c.org/ns/1.0">Ouwerkerk: 33, 129, 151, 153, 347, 372, 373,<lb/> 375, 517, 518.<lb/></p><p xml:id="INT_4d9a7860-66b8-3c2c-9835-7e2a649e6a44.TEI.1.text.1.body.1.div.1.p.202" xml:lang="nl" rend="margin-left: 1500; line-height: 12.0pt; text-indent: -15.0pt; text-align: justify; font-size: 10.5" xmlns="http://www.tei-c.org/ns/1.0">Overmaas: 144, 155, 255, 340, 359, 466, 481.<lb/></p><p xml:id="INT_4d9a7860-66b8-3c2c-9835-7e2a649e6a44.TEI.1.text.1.body.1.div.1.p.203" xml:lang="nl" rend="margin-left: 1500; line-height: 12.0pt; text-indent: -15.0pt; text-align: justify; font-size: 10.5" xmlns="http://www.tei-c.org/ns/1.0">Overnes: 215, 443, 499, 615.<lb/></p><p xml:id="INT_4d9a7860-66b8-3c2c-9835-7e2a649e6a44.TEI.1.text.1.body.1.div.1.p.204" xml:lang="nl" rend="margin-left: 1500; line-height: 12.0pt; text-indent: -15.0pt; text-align: justify; font-size: 10.5" xmlns="http://www.tei-c.org/ns/1.0">Overschie: 155-157, 174, 265, 501, 633.<lb/></p><p xml:id="INT_4d9a7860-66b8-3c2c-9835-7e2a649e6a44.TEI.1.text.1.body.1.div.1.p.205" xml:lang="nl" rend="margin-left: 1500; line-height: 11.7pt; text-indent: -15.0pt; text-align: justify; font-weight: bold; font-size: 10.5" xmlns="http://www.tei-c.org/ns/1.0">P<lb/></p><p xml:id="INT_4d9a7860-66b8-3c2c-9835-7e2a649e6a44.TEI.1.text.1.body.1.div.1.p.206" xml:lang="nl" rend="margin-left: 1500; line-height: 12.0pt; text-indent: -15.0pt; text-align: justify; font-size: 10.5" xmlns="http://www.tei-c.org/ns/1.0">Paarl, zie Parel.<lb/></p><p xml:id="INT_4d9a7860-66b8-3c2c-9835-7e2a649e6a44.TEI.1.text.1.body.1.div.1.p.207" xml:lang="nl" rend="margin-left: 1500; line-height: 12.0pt; text-indent: -15.0pt; text-align: justify; font-size: 10.5" xmlns="http://www.tei-c.org/ns/1.0">Papegaaien, De Drie: 19, 20, 26, 77, 343, 357,<lb/> 385, 386, 477, 498, 532, 582, 593.<lb/></p><p xml:id="INT_4d9a7860-66b8-3c2c-9835-7e2a649e6a44.TEI.1.text.1.body.1.div.1.p.208" xml:lang="nl" rend="margin-left: 1500; line-height: 12.0pt; text-indent: -15.0pt; text-align: justify; font-size: 10.5" xmlns="http://www.tei-c.org/ns/1.0">Parel [ook: Paarl]: 26.<lb/></p><p xml:id="INT_4d9a7860-66b8-3c2c-9835-7e2a649e6a44.TEI.1.text.1.body.1.div.1.p.209" xml:lang="nl" rend="margin-left: 1500; line-height: 12.0pt; text-indent: -15.0pt; text-align: justify; font-size: 10.5" xmlns="http://www.tei-c.org/ns/1.0">Parelmoer: 534.<lb/></p><p xml:id="INT_4d9a7860-66b8-3c2c-9835-7e2a649e6a44.TEI.1.text.1.body.1.div.1.p.210" xml:lang="nl" rend="margin-left: 1500; line-height: 12.0pt; text-indent: -15.0pt; text-align: justify; font-size: 10.5" xmlns="http://www.tei-c.org/ns/1.0">Pasgeld: 92, 94, 209, 214, 323, 327, 328, 340,<lb/> 396, 398, 478, 534, 535, 538, 540.<lb/></p><p xml:id="INT_4d9a7860-66b8-3c2c-9835-7e2a649e6a44.TEI.1.text.1.body.1.div.1.p.211" xml:lang="nl" rend="margin-left: 1500; line-height: 12.0pt; text-indent: -15.0pt; text-align: justify; font-size: 10.5" xmlns="http://www.tei-c.org/ns/1.0">Pepertuin: 18, 123, 502.<lb/></p><p xml:id="INT_4d9a7860-66b8-3c2c-9835-7e2a649e6a44.TEI.1.text.1.body.1.div.1.p.212" xml:lang="nl" rend="margin-left: 1500; line-height: 12.0pt; text-indent: -15.0pt; text-align: justify; font-size: 10.5" xmlns="http://www.tei-c.org/ns/1.0">Persijnenburg: 62, 63, 171, 224, 338, 339.<lb/></p><p xml:id="INT_4d9a7860-66b8-3c2c-9835-7e2a649e6a44.TEI.1.text.1.body.1.div.1.p.213" xml:lang="nl" rend="margin-left: 1500; line-height: 12.0pt; text-indent: -15.0pt; text-align: justify; font-size: 10.5" xmlns="http://www.tei-c.org/ns/1.0">Petronella Maria, Vrouwe [ook: Petronella<lb/> Maria]: 116, 121, 142, 357, 404, 478.<lb/></p><p xml:id="INT_4d9a7860-66b8-3c2c-9835-7e2a649e6a44.TEI.1.text.1.body.1.div.1.p.214" xml:lang="nl" rend="margin-left: 1500; line-height: 12.0pt; text-indent: -15.0pt; text-align: justify; font-size: 10.5" xmlns="http://www.tei-c.org/ns/1.0">Petronella Maria, zie Petronella Maria, Vrouwe.<lb/></p><p xml:id="INT_4d9a7860-66b8-3c2c-9835-7e2a649e6a44.TEI.1.text.1.body.1.div.1.p.215" xml:lang="nl" rend="margin-left: 1500; line-height: 12.0pt; text-indent: -15.0pt; text-align: justify; font-size: 10.5" xmlns="http://www.tei-c.org/ns/1.0">Petronella, Vrouwe: 264, 266, 281, 283, 291,<lb/> 324, 406, 501,633.<lb/></p><p xml:id="INT_4d9a7860-66b8-3c2c-9835-7e2a649e6a44.TEI.1.text.1.body.1.div.1.p.216" xml:lang="nl" rend="margin-left: 1500; line-height: 12.0pt; text-indent: -15.0pt; text-align: justify; font-size: 10.5" xmlns="http://www.tei-c.org/ns/1.0">Peylswaart, zie Pijlswaart.<lb/></p><p xml:id="INT_4d9a7860-66b8-3c2c-9835-7e2a649e6a44.TEI.1.text.1.body.1.div.1.p.217" xml:lang="nl" rend="margin-left: 1500; line-height: 12.0pt; text-indent: -15.0pt; text-align: justify; font-size: 10.5" xmlns="http://www.tei-c.org/ns/1.0">Pijlswaart [ook: Peylswaart]: 19, 122, 155, 229,<lb/> 231,265, 409, 500,611,615, 633.<lb/></p><p xml:id="INT_4d9a7860-66b8-3c2c-9835-7e2a649e6a44.TEI.1.text.1.body.1.div.1.p.218" xml:lang="nl" rend="margin-left: 1500; line-height: 12.0pt; text-indent: -15.0pt; text-align: justify; font-size: 10.5" xmlns="http://www.tei-c.org/ns/1.0">Pitt (Eng.): 335, 472, 482, 512.<lb/></p><p xml:id="INT_4d9a7860-66b8-3c2c-9835-7e2a649e6a44.TEI.1.text.1.body.1.div.1.p.219" xml:lang="nl" rend="margin-left: 1500; line-height: 12.0pt; text-indent: -15.0pt; text-align: justify; font-size: 10.5" xmlns="http://www.tei-c.org/ns/1.0">Poejoer: 176.<lb/></p><p xml:id="INT_4d9a7860-66b8-3c2c-9835-7e2a649e6a44.TEI.1.text.1.body.1.div.1.p.220" xml:lang="nl" rend="margin-left: 1500; line-height: 12.0pt; text-indent: -15.0pt; text-align: justify; font-size: 10.5" xmlns="http://www.tei-c.org/ns/1.0">Postpaard: 334.<lb/></p><p xml:id="INT_4d9a7860-66b8-3c2c-9835-7e2a649e6a44.TEI.1.text.1.body.1.div.1.p.221" xml:lang="nl" rend="margin-left: 1500; line-height: 12.2pt; text-indent: -15.0pt; text-align: justify; font-weight: bold; font-size: 11" xmlns="http://www.tei-c.org/ns/1.0">Q<lb/></p><p xml:id="INT_4d9a7860-66b8-3c2c-9835-7e2a649e6a44.TEI.1.text.1.body.1.div.1.p.222" xml:lang="nl" rend="margin-left: 1500; line-height: 11.6pt; text-indent: -15.0pt; text-align: justify; font-size: 10.5" xmlns="http://www.tei-c.org/ns/1.0">Quichot, Don: 33, 46, 255, 334.<lb/></p><p xml:id="INT_4d9a7860-66b8-3c2c-9835-7e2a649e6a44.TEI.1.text.1.body.1.div.1.p.223" xml:lang="nl" rend="margin-left: 1500; line-height: 11.7pt; text-indent: -15.0pt; text-align: justify; font-weight: bold; font-size: 10.5" xmlns="http://www.tei-c.org/ns/1.0">R<lb/></p><p xml:id="INT_4d9a7860-66b8-3c2c-9835-7e2a649e6a44.TEI.1.text.1.body.1.div.1.p.224" xml:lang="nl" rend="margin-left: 1500; line-height: 11.7pt; text-indent: -15.0pt; text-align: justify; font-size: 10.5" xmlns="http://www.tei-c.org/ns/1.0">Radermacher: 39, 139, 166, 167, 169, 173, 209,<lb/> 283, 425, 443, 452, 456, 498, 499, 501, 558,<lb/> 586, 589, 633.<lb/></p><p xml:id="INT_4d9a7860-66b8-3c2c-9835-7e2a649e6a44.TEI.1.text.1.body.1.div.1.p.225" xml:lang="nl" rend="margin-left: 1500; line-height: 11.7pt; text-indent: -15.0pt; text-align: justify; font-size: 10.5" xmlns="http://www.tei-c.org/ns/1.0">Rebecca Jacoba, Vrouwe [ook: Rebecca Jacoba]:<lb/> 314, 320, 422, 443,457, 479.<lb/></p><p xml:id="INT_4d9a7860-66b8-3c2c-9835-7e2a649e6a44.TEI.1.text.1.body.1.div.1.p.226" xml:lang="nl" rend="margin-left: 1500; line-height: 11.7pt; text-indent: -15.0pt; text-align: justify; font-size: 10.5" xmlns="http://www.tei-c.org/ns/1.0">Rebecca Jacoba, zie Rebecca Jacoba, Vrouwe.<lb/></p><p xml:id="INT_4d9a7860-66b8-3c2c-9835-7e2a649e6a44.TEI.1.text.1.body.1.div.1.p.227" xml:lang="nl" rend="margin-left: 1500; line-height: 11.7pt; text-indent: -15.0pt; text-align: justify; font-size: 10.5" xmlns="http://www.tei-c.org/ns/1.0">Renswoude: 253, 340, 359, 387, 463, 466.<lb/></p><p xml:id="INT_4d9a7860-66b8-3c2c-9835-7e2a649e6a44.TEI.1.text.1.body.1.div.1.p.228" xml:lang="nl" rend="margin-left: 1500; line-height: 11.7pt; text-indent: -15.0pt; text-align: justify; font-size: 10.5" xmlns="http://www.tei-c.org/ns/1.0">Rhoeten (Eng.): 605.<lb/></p><p xml:id="INT_4d9a7860-66b8-3c2c-9835-7e2a649e6a44.TEI.1.text.1.body.1.div.1.p.229" xml:lang="nl" rend="margin-left: 1500; line-height: 11.7pt; text-indent: -15.0pt; text-align: justify; font-size: 10.5" xmlns="http://www.tei-c.org/ns/1.0">Rhoon: 88, 108, 190, 280, 323, 327, 360, 462,<lb/> 594.<lb/></p><p xml:id="INT_4d9a7860-66b8-3c2c-9835-7e2a649e6a44.TEI.1.text.1.body.1.div.1.p.230" xml:lang="nl" rend="margin-left: 1500; line-height: 11.7pt; text-indent: -15.0pt; text-align: justify; font-size: 10.5" xmlns="http://www.tei-c.org/ns/1.0">Rijder: 1, 46, 54, 105, 156, 187, 313, 364, 366,<lb/> 494, 503, 624.<lb/></p><p xml:id="INT_4d9a7860-66b8-3c2c-9835-7e2a649e6a44.TEI.1.text.1.body.1.div.1.p.231" xml:lang="nl" rend="margin-left: 1500; line-height: 11.7pt; text-indent: -15.0pt; text-align: justify; font-size: 10.5" xmlns="http://www.tei-c.org/ns/1.0">Robijn (Fr.): 294-296, 427, 432, 433, 498, 499,<lb/> 534, 535, 574.<lb/></p><p xml:id="INT_4d9a7860-66b8-3c2c-9835-7e2a649e6a44.TEI.1.text.1.body.1.div.1.p.232" xml:lang="nl" rend="margin-left: 1500; line-height: 11.7pt; text-indent: -15.0pt; text-align: justify; font-size: 10.5" xmlns="http://www.tei-c.org/ns/1.0">Roeigalei: 534.<lb/></p><p xml:id="INT_4d9a7860-66b8-3c2c-9835-7e2a649e6a44.TEI.1.text.1.body.1.div.1.p.233" xml:lang="nl" rend="margin-left: 1500; line-height: 11.7pt; text-indent: -15.0pt; text-align: justify; font-size: 10.5" xmlns="http://www.tei-c.org/ns/1.0">Rondom: 264.<lb/></p><fw xml:id="INT_4d9a7860-66b8-3c2c-9835-7e2a649e6a44.TEI.1.text.1.body.1.div.1.fw.6" type="bottom-page-number">673</fw><pb xml:id="INT_4d9a7860-66b8-3c2c-9835-7e2a649e6a44.TEI.1.text.1.body.1.div.1.pb.4" n="674" facs="http://resources.huygens.knaw.nl/retroapp/service_generalemissiven/gm_13/images/generale_missiven_gs258_674.tif"/><fw xml:id="INT_4d9a7860-66b8-3c2c-9835-7e2a649e6a44.TEI.1.text.1.body.1.div.1.fw.7" place="top" type="head" facs="#zone.3528053" xmlns="http://www.tei-c.org/ns/1.0">Index van scheepsnamen</fw><p xml:id="INT_4d9a7860-66b8-3c2c-9835-7e2a649e6a44.TEI.1.text.1.body.1.div.1.p.234" xml:lang="nl" rend="font-size: 10.5; line-height: 12.0pt" xmlns="http://www.tei-c.org/ns/1.0">Roos: 397, 536, 537, 540, 541, 621.<lb/> Rotterdam: 124, 166, 167, 233, 283.<lb/> Rozenburg: 78, 182, 311, 312, 364, 374, 389,<lb/> 390, 452, 453, 456, 503, 513.<lb/></p><p xml:id="INT_4d9a7860-66b8-3c2c-9835-7e2a649e6a44.TEI.1.text.1.body.1.div.1.p.235" xml:lang="nl" rend="margin-left: 1500; line-height: 12.0pt; text-indent: -15.0pt; text-align: justify; font-size: 10.5" xmlns="http://www.tei-c.org/ns/1.0">Ruiteveld: 182, 183, 191, 306, 497, 498, 583,<lb/> 585, 624.<lb/></p><p xml:id="INT_4d9a7860-66b8-3c2c-9835-7e2a649e6a44.TEI.1.text.1.body.1.div.1.p.236" xml:lang="nl" rend="font-size: 10.5; line-height: 12.0pt" xmlns="http://www.tei-c.org/ns/1.0">Rust en Werk: 26, 32, 132.<lb/></p><p xml:id="INT_4d9a7860-66b8-3c2c-9835-7e2a649e6a44.TEI.1.text.1.body.1.div.1.p.237" xml:lang="nl" rend="font-size: 10.5; line-height: 12.0pt" xmlns="http://www.tei-c.org/ns/1.0">Ruyskenstein: 144, 155, 255, 396, 404-406, 552.<lb/> Ruyter, Admiraal de: 140, 249, 253.<lb/></p><p xml:id="INT_4d9a7860-66b8-3c2c-9835-7e2a649e6a44.TEI.1.text.1.body.1.div.1.p.238" xml:lang="nl" rend="font-size: 10.5; line-height: 11.6pt" xmlns="http://www.tei-c.org/ns/1.0">S<lb/></p><p xml:id="INT_4d9a7860-66b8-3c2c-9835-7e2a649e6a44.TEI.1.text.1.body.1.div.1.p.239" xml:lang="nl" rend="font-size: 10.5; line-height: 12.0pt" xmlns="http://www.tei-c.org/ns/1.0">Salapadjang: 46, 147.<lb/></p><p xml:id="INT_4d9a7860-66b8-3c2c-9835-7e2a649e6a44.TEI.1.text.1.body.1.div.1.p.240" xml:lang="nl" rend="font-size: 10.5; line-height: 12.0pt" xmlns="http://www.tei-c.org/ns/1.0">Saloepa: 536.<lb/></p><p xml:id="INT_4d9a7860-66b8-3c2c-9835-7e2a649e6a44.TEI.1.text.1.body.1.div.1.p.241" xml:lang="nl" rend="font-size: 10.5; line-height: 12.0pt" xmlns="http://www.tei-c.org/ns/1.0">Schagen: 16, 20, 357, 468.<lb/></p><p xml:id="INT_4d9a7860-66b8-3c2c-9835-7e2a649e6a44.TEI.1.text.1.body.1.div.1.p.242" xml:lang="nl" rend="font-size: 10.5; line-height: 12.0pt" xmlns="http://www.tei-c.org/ns/1.0">Schildpad: 375, 376, 516, 518.<lb/></p><p xml:id="INT_4d9a7860-66b8-3c2c-9835-7e2a649e6a44.TEI.1.text.1.body.1.div.1.p.243" xml:lang="nl" rend="font-size: 10.5; line-height: 12.0pt" xmlns="http://www.tei-c.org/ns/1.0">Scholtenburg: 3, 53, 54, 62, 162, 222, 463, 468.<lb/> Siak: 144, 255.<lb/></p><p xml:id="INT_4d9a7860-66b8-3c2c-9835-7e2a649e6a44.TEI.1.text.1.body.1.div.1.p.244" xml:lang="nl" rend="font-size: 10.5; line-height: 12.0pt; margin-left: 1500; text-indent: -15.0pt" xmlns="http://www.tei-c.org/ns/1.0">Sloten: 2, 40, 121, 141, 142, 251, 254, 334, 349,<lb/> 358, 494, 501,513, 558, 633.<lb/></p><p xml:id="INT_4d9a7860-66b8-3c2c-9835-7e2a649e6a44.TEI.1.text.1.body.1.div.1.p.245" xml:lang="nl" rend="font-size: 10.5; line-height: 12.0pt" xmlns="http://www.tei-c.org/ns/1.0">Sloterdijk: 187, 313,440.<lb/></p><p xml:id="INT_4d9a7860-66b8-3c2c-9835-7e2a649e6a44.TEI.1.text.1.body.1.div.1.p.246" xml:lang="nl" rend="font-size: 10.5; line-height: 12.0pt" xmlns="http://www.tei-c.org/ns/1.0">Snoek: 95, 144, 155, 255, 265, 498, 585, 611.<lb/> Spaarzaamheid: 215, 233, 260, 262, 359, 364,<lb/> 389, 534, 621.<lb/></p><p xml:id="INT_4d9a7860-66b8-3c2c-9835-7e2a649e6a44.TEI.1.text.1.body.1.div.1.p.247" xml:lang="nl" rend="font-size: 10.5; line-height: 12.0pt" xmlns="http://www.tei-c.org/ns/1.0">Spanderswoud: 115, 209, 353.<lb/></p><p xml:id="INT_4d9a7860-66b8-3c2c-9835-7e2a649e6a44.TEI.1.text.1.body.1.div.1.p.248" xml:lang="nl" rend="font-size: 10.5; line-height: 12.0pt; margin-left: 1500; text-indent: -15.0pt" xmlns="http://www.tei-c.org/ns/1.0">Sparenrijk: 5, 62, 151, 152, 155, 156, 169, 206,<lb/> 265, 409, 603,611.<lb/></p><p xml:id="INT_4d9a7860-66b8-3c2c-9835-7e2a649e6a44.TEI.1.text.1.body.1.div.1.p.249" xml:lang="nl" rend="font-size: 10.5; line-height: 12.0pt" xmlns="http://www.tei-c.org/ns/1.0">Spreeuw: 33, 143, 144.<lb/></p><p xml:id="INT_4d9a7860-66b8-3c2c-9835-7e2a649e6a44.TEI.1.text.1.body.1.div.1.p.250" xml:lang="nl" rend="font-size: 10.5; line-height: 12.0pt" xmlns="http://www.tei-c.org/ns/1.0">Stadwijk: 131, 249, 250, 334, 385, 386, 471.<lb/> Standvastigheid: 231, 334, 361, 362, 534.<lb/> Stormen (Eng.): 433.<lb/></p><p xml:id="INT_4d9a7860-66b8-3c2c-9835-7e2a649e6a44.TEI.1.text.1.body.1.div.1.p.251" xml:lang="nl" rend="font-size: 10.5; line-height: 12.0pt" xmlns="http://www.tei-c.org/ns/1.0">Stralen: 93, 209, 229, 324, 327, 328.<lb/> Sultanpoerse Koelie: 189, 190.<lb/></p><p xml:id="INT_4d9a7860-66b8-3c2c-9835-7e2a649e6a44.TEI.1.text.1.body.1.div.1.p.252" xml:lang="nl" rend="font-size: 10.5; line-height: 12.0pt" xmlns="http://www.tei-c.org/ns/1.0">Surabaja: 144, 534.<lb/></p><p xml:id="INT_4d9a7860-66b8-3c2c-9835-7e2a649e6a44.TEI.1.text.1.body.1.div.1.p.253" xml:lang="nl" rend="font-size: 10.5; line-height: 12.0pt" xmlns="http://www.tei-c.org/ns/1.0">Surprise (Eng.): 104.<lb/></p><p xml:id="INT_4d9a7860-66b8-3c2c-9835-7e2a649e6a44.TEI.1.text.1.body.1.div.1.p.254" xml:lang="nl" rend="font-size: 10.5; line-height: 12.0pt" xmlns="http://www.tei-c.org/ns/1.0">Susanna, Jonge: 86, 189, 190, 592.<lb/> Suydbeveland, zie Zuid-Beveland.<lb/></p><p xml:id="INT_4d9a7860-66b8-3c2c-9835-7e2a649e6a44.TEI.1.text.1.body.1.div.1.p.255" xml:lang="nl" rend="font-size: 10.5; line-height: 11.6pt" xmlns="http://www.tei-c.org/ns/1.0">T<lb/></p><p xml:id="INT_4d9a7860-66b8-3c2c-9835-7e2a649e6a44.TEI.1.text.1.body.1.div.1.p.256" xml:lang="nl" rend="font-size: 10.5; line-height: 12.0pt" xmlns="http://www.tei-c.org/ns/1.0">Tarsis: 320.<lb/></p><p xml:id="INT_4d9a7860-66b8-3c2c-9835-7e2a649e6a44.TEI.1.text.1.body.1.div.1.p.257" xml:lang="nl" rend="font-size: 10.5; line-height: 12.0pt" xmlns="http://www.tei-c.org/ns/1.0">Tartar: 420.<lb/></p><p xml:id="INT_4d9a7860-66b8-3c2c-9835-7e2a649e6a44.TEI.1.text.1.body.1.div.1.p.258" xml:lang="nl" rend="font-size: 10.5; line-height: 12.0pt" xmlns="http://www.tei-c.org/ns/1.0">Tavistock (Eng.): 464.<lb/></p><p xml:id="INT_4d9a7860-66b8-3c2c-9835-7e2a649e6a44.TEI.1.text.1.body.1.div.1.p.259" xml:lang="nl" rend="font-size: 10.5; line-height: 12.0pt" xmlns="http://www.tei-c.org/ns/1.0">Taxisboom: 536.<lb/></p><p xml:id="INT_4d9a7860-66b8-3c2c-9835-7e2a649e6a44.TEI.1.text.1.body.1.div.1.p.260" xml:lang="nl" rend="font-size: 10.5; line-height: 12.0pt" xmlns="http://www.tei-c.org/ns/1.0">Theodora: 572.<lb/></p><p xml:id="INT_4d9a7860-66b8-3c2c-9835-7e2a649e6a44.TEI.1.text.1.body.1.div.1.p.261" xml:lang="nl" rend="font-size: 10.5; line-height: 12.0pt" xmlns="http://www.tei-c.org/ns/1.0">Thoornvliet, zie Torenvliet.<lb/></p><p xml:id="INT_4d9a7860-66b8-3c2c-9835-7e2a649e6a44.TEI.1.text.1.body.1.div.1.p.262" xml:lang="nl" rend="font-size: 10.5; line-height: 12.0pt" xmlns="http://www.tei-c.org/ns/1.0">Tigrina (Eng.): 434.<lb/></p><p xml:id="INT_4d9a7860-66b8-3c2c-9835-7e2a649e6a44.TEI.1.text.1.body.1.div.1.p.263" xml:lang="nl" rend="margin-left: 1500; line-height: 12.0pt; text-indent: -15.0pt; text-align: justify; font-size: 10.5" xmlns="http://www.tei-c.org/ns/1.0">Tilburg, Kasteel van: 53, 54, 162, 215, 248,<lb/> 280, 281, 292, 293, 341, 364, 372, 374-376,<lb/> 424, 494, 501, 503, 513.<lb/></p><p xml:id="INT_4d9a7860-66b8-3c2c-9835-7e2a649e6a44.TEI.1.text.1.body.1.div.1.p.264" xml:lang="nl" rend="margin-left: 1500; line-height: 12.0pt; text-indent: -15.0pt; text-align: justify; font-size: 10.5" xmlns="http://www.tei-c.org/ns/1.0">Torenvliet [ook: Thoornvliet]: 306, 314, 319,<lb/> 460, 498, 591,611,624.<lb/></p><p xml:id="INT_4d9a7860-66b8-3c2c-9835-7e2a649e6a44.TEI.1.text.1.body.1.div.1.p.265" xml:lang="nl" rend="font-size: 10.5; line-height: 12.0pt" xmlns="http://www.tei-c.org/ns/1.0">Trevetore (Eng.): 391.<lb/></p><p xml:id="INT_4d9a7860-66b8-3c2c-9835-7e2a649e6a44.TEI.1.text.1.body.1.div.1.p.266" xml:lang="nl" rend="font-size: 10.5; line-height: 12.0pt" xmlns="http://www.tei-c.org/ns/1.0">Triton: 513.<lb/></p><p xml:id="INT_4d9a7860-66b8-3c2c-9835-7e2a649e6a44.TEI.1.text.1.body.1.div.1.p.267" xml:lang="nl" rend="margin-left: 1500; line-height: 12.0pt; text-indent: -15.0pt; text-align: justify; font-size: 10.5" xmlns="http://www.tei-c.org/ns/1.0">Tromp, Admiraal: 48, 49, 280, 281, 290, 380,<lb/> 424, 508, 512.<lb/></p><p xml:id="INT_4d9a7860-66b8-3c2c-9835-7e2a649e6a44.TEI.1.text.1.body.1.div.1.p.268" xml:lang="nl" rend="font-size: 10.5; line-height: 12.0pt" xmlns="http://www.tei-c.org/ns/1.0">Troonprins: 545.<lb/></p><p xml:id="INT_4d9a7860-66b8-3c2c-9835-7e2a649e6a44.TEI.1.text.1.body.1.div.1.p.269" xml:lang="nl" rend="margin-left: 1500; line-height: 12.0pt; text-indent: -15.0pt; text-align: justify; font-size: 10.5" xmlns="http://www.tei-c.org/ns/1.0">Tulpenburg: 140, 249, 314, 420, 443, 457, 459,<lb/> 479, 581, 593.<lb/></p><p xml:id="INT_4d9a7860-66b8-3c2c-9835-7e2a649e6a44.TEI.1.text.1.body.1.div.1.p.270" xml:lang="nl" rend="margin-left: 1500; line-height: 11.6pt; text-indent: -15.0pt; text-align: justify; font-size: 10.5" xmlns="http://www.tei-c.org/ns/1.0">U<lb/></p><p xml:id="INT_4d9a7860-66b8-3c2c-9835-7e2a649e6a44.TEI.1.text.1.body.1.div.1.p.271" xml:lang="nl" rend="margin-left: 1500; line-height: 12.0pt; text-indent: -15.0pt; text-align: justify; font-size: 10.5" xmlns="http://www.tei-c.org/ns/1.0">Uitgeleide: 24.<lb/></p><p xml:id="INT_4d9a7860-66b8-3c2c-9835-7e2a649e6a44.TEI.1.text.1.body.1.div.1.p.272" xml:lang="nl" rend="margin-left: 1500; line-height: 12.0pt; text-indent: -15.0pt; text-align: justify; font-size: 10.5" xmlns="http://www.tei-c.org/ns/1.0">Uno, Hof d’: 77, 457, 477, 479, 497, 498, 560,<lb/> 562, 575, 583, 591, 594.<lb/></p><p xml:id="INT_4d9a7860-66b8-3c2c-9835-7e2a649e6a44.TEI.1.text.1.body.1.div.1.p.273" xml:lang="nl" rend="margin-left: 1500; line-height: 11.6pt; text-indent: -15.0pt; text-align: justify; font-size: 10.5" xmlns="http://www.tei-c.org/ns/1.0">V<lb/></p><p xml:id="INT_4d9a7860-66b8-3c2c-9835-7e2a649e6a44.TEI.1.text.1.body.1.div.1.p.274" xml:lang="nl" rend="margin-left: 1500; line-height: 12.0pt; text-indent: -15.0pt; text-align: justify; font-size: 10.5" xmlns="http://www.tei-c.org/ns/1.0">Veer, Ter: 38, 137, 138, 376.<lb/></p><p xml:id="INT_4d9a7860-66b8-3c2c-9835-7e2a649e6a44.TEI.1.text.1.body.1.div.1.p.275" xml:lang="nl" rend="margin-left: 1500; line-height: 12.0pt; text-indent: -15.0pt; text-align: justify; font-size: 10.5" xmlns="http://www.tei-c.org/ns/1.0">Velsen: 253, 340, 387.<lb/></p><p xml:id="INT_4d9a7860-66b8-3c2c-9835-7e2a649e6a44.TEI.1.text.1.body.1.div.1.p.276" xml:lang="nl" rend="margin-left: 1500; line-height: 12.0pt; text-indent: -15.0pt; text-align: justify; font-size: 10.5" xmlns="http://www.tei-c.org/ns/1.0">Visvliet: 54, 58, 62, 162, 163, 222, 403-405, 422,<lb/> 432, 443, 543-545, 553, 572.<lb/></p><p xml:id="INT_4d9a7860-66b8-3c2c-9835-7e2a649e6a44.TEI.1.text.1.body.1.div.1.p.277" xml:lang="nl" rend="margin-left: 1500; line-height: 12.0pt; text-indent: -15.0pt; text-align: justify; font-size: 10.5" xmlns="http://www.tei-c.org/ns/1.0">Vlaanderen: 21.<lb/></p><p xml:id="INT_4d9a7860-66b8-3c2c-9835-7e2a649e6a44.TEI.1.text.1.body.1.div.1.p.278" xml:lang="nl" rend="margin-left: 1500; line-height: 12.0pt; text-indent: -15.0pt; text-align: justify; font-size: 10.5" xmlns="http://www.tei-c.org/ns/1.0">Vlietlust: 53, 89, 92-94, 197, 324, 405, 551, 552,<lb/> 624.<lb/></p><p xml:id="INT_4d9a7860-66b8-3c2c-9835-7e2a649e6a44.TEI.1.text.1.body.1.div.1.p.279" xml:lang="nl" rend="margin-left: 1500; line-height: 12.0pt; text-indent: -15.0pt; text-align: justify; font-size: 10.5" xmlns="http://www.tei-c.org/ns/1.0">Vlissingen: 189, 190, 317, 403, 406, 416, 497,<lb/> 541, 542, 544, 545, 547, 557.<lb/></p><p xml:id="INT_4d9a7860-66b8-3c2c-9835-7e2a649e6a44.TEI.1.text.1.body.1.div.1.p.280" xml:lang="nl" rend="margin-left: 1500; line-height: 12.0pt; text-indent: -15.0pt; text-align: justify; font-size: 10.5" xmlns="http://www.tei-c.org/ns/1.0">Voorburg: 3, 54, 62, 105, 156, 165, 207, 210,<lb/> 269.<lb/></p><p xml:id="INT_4d9a7860-66b8-3c2c-9835-7e2a649e6a44.TEI.1.text.1.body.1.div.1.p.281" xml:lang="nl" rend="margin-left: 1500; line-height: 12.0pt; text-indent: -15.0pt; text-align: justify; font-size: 10.5" xmlns="http://www.tei-c.org/ns/1.0">Voorland: 2, 3, 19, 21, 22, 37, 62, 67, 124, 129,<lb/> 169, 443.<lb/></p><p xml:id="INT_4d9a7860-66b8-3c2c-9835-7e2a649e6a44.TEI.1.text.1.body.1.div.1.p.282" xml:lang="nl" rend="margin-left: 1500; line-height: 12.0pt; text-indent: -15.0pt; text-align: justify; font-size: 10.5" xmlns="http://www.tei-c.org/ns/1.0">Voorn: 315.<lb/></p><p xml:id="INT_4d9a7860-66b8-3c2c-9835-7e2a649e6a44.TEI.1.text.1.body.1.div.1.p.283" xml:lang="nl" rend="margin-left: 1500; line-height: 12.0pt; text-indent: -15.0pt; text-align: justify; font-size: 10.5" xmlns="http://www.tei-c.org/ns/1.0">Voorzichtigheid: 95, 200, 207, 357, 464.<lb/></p><p xml:id="INT_4d9a7860-66b8-3c2c-9835-7e2a649e6a44.TEI.1.text.1.body.1.div.1.p.284" xml:lang="nl" rend="margin-left: 1500; line-height: 12.0pt; text-indent: -15.0pt; text-align: justify; font-size: 10.5" xmlns="http://www.tei-c.org/ns/1.0">Vosmaan 3, 53, 54, 124, 129, 162, 231, 269.<lb/></p><p xml:id="INT_4d9a7860-66b8-3c2c-9835-7e2a649e6a44.TEI.1.text.1.body.1.div.1.p.285" xml:lang="nl" rend="margin-left: 1500; line-height: 12.0pt; text-indent: -15.0pt; text-align: justify; font-size: 10.5" xmlns="http://www.tei-c.org/ns/1.0">Vrede: 104.<lb/></p><p xml:id="INT_4d9a7860-66b8-3c2c-9835-7e2a649e6a44.TEI.1.text.1.body.1.div.1.p.286" xml:lang="nl" rend="margin-left: 1500; line-height: 12.0pt; text-indent: -15.0pt; text-align: justify; font-size: 10.5" xmlns="http://www.tei-c.org/ns/1.0">Vredestein [ook: Vreedesteyn]: 8, 14, 468, 471,<lb/> 479, 497, 560, 562, 564, 570, 620, 625, 633.<lb/></p><p xml:id="INT_4d9a7860-66b8-3c2c-9835-7e2a649e6a44.TEI.1.text.1.body.1.div.1.p.287" xml:lang="nl" rend="margin-left: 1500; line-height: 12.0pt; text-indent: -15.0pt; text-align: justify; font-size: 10.5" xmlns="http://www.tei-c.org/ns/1.0">Vreedesteyn, zie Vredestein.<lb/></p><p xml:id="INT_4d9a7860-66b8-3c2c-9835-7e2a649e6a44.TEI.1.text.1.body.1.div.1.p.288" xml:lang="nl" rend="margin-left: 1500; line-height: 12.0pt; text-indent: -15.0pt; text-align: justify; font-size: 10.5" xmlns="http://www.tei-c.org/ns/1.0">Vriendschap: 144, 254.<lb/></p><p xml:id="INT_4d9a7860-66b8-3c2c-9835-7e2a649e6a44.TEI.1.text.1.body.1.div.1.p.289" xml:lang="nl" rend="margin-left: 1500; line-height: 12.0pt; text-indent: -15.0pt; text-align: justify; font-size: 10.5" xmlns="http://www.tei-c.org/ns/1.0">Vrijburg: 41, 140, 422, 443, 479.<lb/></p><p xml:id="INT_4d9a7860-66b8-3c2c-9835-7e2a649e6a44.TEI.1.text.1.body.1.div.1.p.290" xml:lang="nl" rend="margin-left: 1500; line-height: 12.0pt; text-indent: -15.0pt; text-align: justify; font-size: 10.5" xmlns="http://www.tei-c.org/ns/1.0">Vrijheid: 34, 35, 135, 155, 243, 334, 378, 379,<lb/> 534.<lb/></p><p xml:id="INT_4d9a7860-66b8-3c2c-9835-7e2a649e6a44.TEI.1.text.1.body.1.div.1.p.291" xml:lang="nl" rend="margin-left: 1500; line-height: 11.6pt; text-indent: -15.0pt; text-align: justify; font-size: 10.5" xmlns="http://www.tei-c.org/ns/1.0">W<lb/></p><p xml:id="INT_4d9a7860-66b8-3c2c-9835-7e2a649e6a44.TEI.1.text.1.body.1.div.1.p.292" xml:lang="nl" rend="margin-left: 1500; line-height: 12.0pt; text-indent: -15.0pt; text-align: justify; font-size: 10.5" xmlns="http://www.tei-c.org/ns/1.0">Waakzaamheid: 153, 189, 190, 205, 263, 351,<lb/> 457, 468, 477-479, 495, 498, 513, 536, 591,<lb/> 594.<lb/></p><p xml:id="INT_4d9a7860-66b8-3c2c-9835-7e2a649e6a44.TEI.1.text.1.body.1.div.1.p.293" xml:lang="nl" rend="margin-left: 1500; line-height: 12.0pt; text-indent: -15.0pt; text-align: justify; font-size: 10.5" xmlns="http://www.tei-c.org/ns/1.0">Waereld, zie Wereld.<lb/></p><p xml:id="INT_4d9a7860-66b8-3c2c-9835-7e2a649e6a44.TEI.1.text.1.body.1.div.1.p.294" xml:lang="nl" rend="margin-left: 1500; line-height: 12.0pt; text-indent: -15.0pt; text-align: justify; font-size: 10.5" xmlns="http://www.tei-c.org/ns/1.0">Walcheren: 498, 582, 611.<lb/></p><p xml:id="INT_4d9a7860-66b8-3c2c-9835-7e2a649e6a44.TEI.1.text.1.body.1.div.1.p.295" xml:lang="nl" rend="margin-left: 1500; line-height: 12.0pt; text-indent: -15.0pt; text-align: justify; font-size: 10.5" xmlns="http://www.tei-c.org/ns/1.0">Wales, Prince of (Eng.): 480.<lb/></p><p xml:id="INT_4d9a7860-66b8-3c2c-9835-7e2a649e6a44.TEI.1.text.1.body.1.div.1.p.296" xml:lang="nl" rend="margin-left: 1500; line-height: 12.0pt; text-indent: -15.0pt; text-align: justify; font-size: 10.5" xmlns="http://www.tei-c.org/ns/1.0">Walpole (Eng.): 480.<lb/></p><p xml:id="INT_4d9a7860-66b8-3c2c-9835-7e2a649e6a44.TEI.1.text.1.body.1.div.1.p.297" xml:lang="nl" rend="margin-left: 1500; line-height: 12.0pt; text-indent: -15.0pt; text-align: justify; font-size: 10.5" xmlns="http://www.tei-c.org/ns/1.0">Wareld, zie Wereld.<lb/></p><p xml:id="INT_4d9a7860-66b8-3c2c-9835-7e2a649e6a44.TEI.1.text.1.body.1.div.1.p.298" xml:lang="nl" rend="margin-left: 1500; line-height: 12.0pt; text-indent: -15.0pt; text-align: justify; font-size: 10.5" xmlns="http://www.tei-c.org/ns/1.0">Warwick (Eng.): 613.<lb/></p><p xml:id="INT_4d9a7860-66b8-3c2c-9835-7e2a649e6a44.TEI.1.text.1.body.1.div.1.p.299" xml:lang="nl" rend="margin-left: 1500; line-height: 12.0pt; text-indent: -15.0pt; text-align: justify; font-size: 10.5" xmlns="http://www.tei-c.org/ns/1.0">Welgelegen: 5, 41, 140, 343, 403, 405, 422, 432,<lb/> 479, 543, 545.<lb/></p><p xml:id="INT_4d9a7860-66b8-3c2c-9835-7e2a649e6a44.TEI.1.text.1.body.1.div.1.p.300" xml:lang="nl" rend="margin-left: 1500; line-height: 12.0pt; text-indent: -15.0pt; text-align: justify; font-size: 10.5" xmlns="http://www.tei-c.org/ns/1.0">Weltevreden: 147, 257.<lb/></p><p xml:id="INT_4d9a7860-66b8-3c2c-9835-7e2a649e6a44.TEI.1.text.1.body.1.div.1.p.301" xml:lang="nl" rend="margin-left: 1500; line-height: 12.0pt; text-indent: -15.0pt; text-align: justify; font-size: 10.5" xmlns="http://www.tei-c.org/ns/1.0">Wereld [ook: Waereld; Wareld]: 35, 46, 62, 1 12,<lb/> 135, 144, 166-168, 174, 226, 255, 280, 289,<lb/> 342, 403, 406, 422, 432, 560, 570.<lb/></p><p xml:id="INT_4d9a7860-66b8-3c2c-9835-7e2a649e6a44.TEI.1.text.1.body.1.div.1.p.302" xml:lang="nl" rend="margin-left: 1500; line-height: 12.0pt; text-indent: -15.0pt; text-align: justify; font-size: 10.5" xmlns="http://www.tei-c.org/ns/1.0">Westhoven: 136.<lb/></p><p xml:id="INT_4d9a7860-66b8-3c2c-9835-7e2a649e6a44.TEI.1.text.1.body.1.div.1.p.303" xml:lang="nl" rend="margin-left: 1500; line-height: 12.0pt; text-indent: -15.0pt; text-align: justify; font-size: 10.5" xmlns="http://www.tei-c.org/ns/1.0">Wildrijk: 53, 54, 65, 215, 264, 266, 281, 404, 406.<lb/></p><p xml:id="INT_4d9a7860-66b8-3c2c-9835-7e2a649e6a44.TEI.1.text.1.body.1.div.1.p.304" xml:lang="nl" rend="margin-left: 1500; line-height: 12.0pt; text-indent: -15.0pt; text-align: justify; font-size: 10.5" xmlns="http://www.tei-c.org/ns/1.0">Willem, Kleine: 188.<lb/></p><p xml:id="INT_4d9a7860-66b8-3c2c-9835-7e2a649e6a44.TEI.1.text.1.body.1.div.1.p.305" xml:lang="nl" rend="margin-left: 1500; line-height: 12.0pt; text-indent: -15.0pt; text-align: justify; font-size: 10.5" xmlns="http://www.tei-c.org/ns/1.0">Wimmenum: 104.<lb/></p><p xml:id="INT_4d9a7860-66b8-3c2c-9835-7e2a649e6a44.TEI.1.text.1.body.1.div.1.p.306" xml:lang="nl" rend="margin-left: 1500; line-height: 12.0pt; text-indent: -15.0pt; text-align: justify; font-size: 10.5" xmlns="http://www.tei-c.org/ns/1.0">Winchelsea (Eng.): 480.<lb/></p><p xml:id="INT_4d9a7860-66b8-3c2c-9835-7e2a649e6a44.TEI.1.text.1.body.1.div.1.p.307" xml:lang="nl" rend="margin-left: 1500; line-height: 12.0pt; text-indent: -15.0pt; text-align: justify; font-size: 10.5" xmlns="http://www.tei-c.org/ns/1.0">Winden, Vier: 534.<lb/></p><p xml:id="INT_4d9a7860-66b8-3c2c-9835-7e2a649e6a44.TEI.1.text.1.body.1.div.1.p.308" xml:lang="nl" rend="margin-left: 1500; line-height: 12.0pt; text-indent: -15.0pt; text-align: justify; font-size: 10.5" xmlns="http://www.tei-c.org/ns/1.0">Windhond: 21, 124.<lb/></p><p xml:id="INT_4d9a7860-66b8-3c2c-9835-7e2a649e6a44.TEI.1.text.1.body.1.div.1.p.309" xml:lang="nl" rend="margin-left: 1500; line-height: 12.0pt; text-indent: -15.0pt; text-align: justify; font-size: 10.5" xmlns="http://www.tei-c.org/ns/1.0">Witsburg: 109.<lb/></p><p xml:id="INT_4d9a7860-66b8-3c2c-9835-7e2a649e6a44.TEI.1.text.1.body.1.div.1.p.310" xml:lang="nl" rend="margin-left: 1500; line-height: 12.0pt; text-indent: -15.0pt; text-align: justify; font-size: 10.5" xmlns="http://www.tei-c.org/ns/1.0">Woitkensdorp: 45, 148, 149, 334, 394.<lb/></p><fw xml:id="INT_4d9a7860-66b8-3c2c-9835-7e2a649e6a44.TEI.1.text.1.body.1.div.1.fw.8" type="bottom-page-number">674</fw><pb xml:id="INT_4d9a7860-66b8-3c2c-9835-7e2a649e6a44.TEI.1.text.1.body.1.div.1.pb.5" n="675" facs="http://resources.huygens.knaw.nl/retroapp/service_generalemissiven/gm_13/images/generale_missiven_gs258_675.tif"/><fw xml:id="INT_4d9a7860-66b8-3c2c-9835-7e2a649e6a44.TEI.1.text.1.body.1.div.1.fw.9" place="top" type="head" facs="#zone.3529460" xmlns="http://www.tei-c.org/ns/1.0">Index van scheepsnamen</fw><p xml:id="INT_4d9a7860-66b8-3c2c-9835-7e2a649e6a44.TEI.1.text.1.body.1.div.1.p.311" xml:lang="nl" rend="font-size: 10.5; line-height: 11.6pt; margin-left: 1500; text-indent: -15.0pt" xmlns="http://www.tei-c.org/ns/1.0">Y<lb/></p><p xml:id="INT_4d9a7860-66b8-3c2c-9835-7e2a649e6a44.TEI.1.text.1.body.1.div.1.p.312" xml:lang="nl" rend="font-size: 10.5; line-height: 24.0pt; margin-left: 1500; text-indent: -15.0pt" xmlns="http://www.tei-c.org/ns/1.0">York (Eng.): 433.<lb/></p><p xml:id="INT_4d9a7860-66b8-3c2c-9835-7e2a649e6a44.TEI.1.text.1.body.1.div.1.p.313" xml:lang="nl" rend="font-size: 10.5; line-height: 24.0pt; margin-left: 1500; text-indent: -15.0pt" xmlns="http://www.tei-c.org/ns/1.0">Z<lb/></p><p xml:id="INT_4d9a7860-66b8-3c2c-9835-7e2a649e6a44.TEI.1.text.1.body.1.div.1.p.314" xml:lang="nl" rend="font-size: 10.5; line-height: 12.3pt; margin-left: 1500; text-indent: -15.0pt" xmlns="http://www.tei-c.org/ns/1.0">Zaamslag: 26, 357, 471.<lb/></p><p xml:id="INT_4d9a7860-66b8-3c2c-9835-7e2a649e6a44.TEI.1.text.1.body.1.div.1.p.315" xml:lang="nl" rend="font-size: 10.5; line-height: 12.3pt; margin-left: 1500; text-indent: -15.0pt" xmlns="http://www.tei-c.org/ns/1.0">Zeeleeuw: 316, 592, 599.<lb/></p><p xml:id="INT_4d9a7860-66b8-3c2c-9835-7e2a649e6a44.TEI.1.text.1.body.1.div.1.p.316" xml:lang="nl" rend="font-size: 10.5; line-height: 12.3pt; margin-left: 1500; text-indent: -15.0pt" xmlns="http://www.tei-c.org/ns/1.0">Zeelelie: 231, 362, 477, 494, 497, 525, 541, 545,<lb/> 551, 562, 570, 572, 621.<lb/></p><p xml:id="INT_4d9a7860-66b8-3c2c-9835-7e2a649e6a44.TEI.1.text.1.body.1.div.1.p.317" xml:lang="nl" rend="font-size: 10.5; line-height: 12.0pt" xmlns="http://www.tei-c.org/ns/1.0">Zeepaard: 349, 389, 534.<lb/></p><p xml:id="INT_4d9a7860-66b8-3c2c-9835-7e2a649e6a44.TEI.1.text.1.body.1.div.1.p.318" xml:lang="nl" rend="font-size: 10.5; line-height: 12.0pt" xmlns="http://www.tei-c.org/ns/1.0">Zuid-Beveland [ook: Suydbeveland]: 252, 254,<lb/> 359, 385-388, 477, 495, 532, 533.<lb/> Zuiderburg [ook: Zuyderburg]: 183, 306, 477,<lb/> 494, 525, 624.<lb/></p><p xml:id="INT_4d9a7860-66b8-3c2c-9835-7e2a649e6a44.TEI.1.text.1.body.1.div.1.p.319" xml:lang="nl" rend="font-size: 10.5; line-height: 12.0pt" xmlns="http://www.tei-c.org/ns/1.0">Zuyderburg, zie Zuiderburg.<lb/></p><p xml:id="INT_4d9a7860-66b8-3c2c-9835-7e2a649e6a44.TEI.1.text.1.body.1.div.1.p.320" xml:lang="nl" rend="font-size: 10.5; line-height: 12.0pt" xmlns="http://www.tei-c.org/ns/1.0">Zwaard, Gekroonde: 568.<lb/></p><fw xml:id="INT_4d9a7860-66b8-3c2c-9835-7e2a649e6a44.TEI.1.text.1.body.1.div.1.fw.10" type="bottom-page-number">675</fw>
            
      </div>
                  </body>
                </text>
              </TEI>