<TEI xml:id="INT_25c8c6b9-fa99-392e-9c5c-957565886787" xmlns="http://www.tei-c.org/ns/1.0">
                <teiHeader>
      <fileDesc>
        <titleStmt>
          <title>Mossel, Van der Waeyen, Van der Parra, Van der Spar, Van de Velde, Van Rheede, De Nijs, Van Bazel, Hooreman, Van Hohendorf, Van Riemsdijk, De Klerk en Loten, 25 april 1757</title>
        </titleStmt>
        <publicationStmt>
          <p>
            <date>25 april 1757</date>
            <idno type="sourceID">missiven:vol13</idno>
            <idno type="pid">INT_25c8c6b9-fa99-392e-9c5c-957565886787</idno>
          </p>
        </publicationStmt>
        <notesStmt>
          <note/>
        </notesStmt>
        <sourceDesc>
          <listBibl xml:id="inlMetadata">
            <bibl type="missive">
        <interpGrp type="page"><interp>111</interp></interpGrp>
        
      <interpGrp type="titleLevel1"><interp>Mossel, Van der Waeyen, Van der Parra, Van der Spar, Van de Velde, Van Rheede, De Nijs, Van Bazel, Hooreman, Van Hohendorf, Van Riemsdijk, De Klerk en Loten, 25 april 1757</interp></interpGrp>
      <interpGrp type="dateLevel1"><interp>25 april 1757</interp></interpGrp>
        <interpGrp type="tocLevel"><interp>1</interp></interpGrp>
      <interpGrp type="volume"><interp>13</interp></interpGrp>
        <interpGrp type="n"><interp>XXX</interp></interpGrp>
      
      <interpGrp type="witnessYearLevel1_from"><interp>1757</interp></interpGrp>
      <interpGrp type="witnessYearLevel1_to"><interp>1757</interp></interpGrp>
      <interpGrp type="witnessMonthLevel1_to"><interp>4</interp></interpGrp>
      <interpGrp type="witnessMonthLevel1_from"><interp>4</interp></interpGrp>
      <interpGrp type="witnessDayLevel1_to"><interp>25</interp></interpGrp>
      <interpGrp type="witnessDayLevel1_from"><interp>25</interp></interpGrp>
      <interpGrp type="authorLevel1"><interp>Mossel</interp><interp>Van der Waeyen</interp><interp>Van der Parra</interp><interp>Van der Spar</interp><interp>Van de Velde</interp><interp>Van Rheede</interp><interp>De Nijs</interp><interp>Van Bazel</interp><interp>Hooreman</interp><interp>Van Hohendorf</interp><interp>Van Riemsdijk</interp><interp>De Klerk</interp><interp>Loten</interp></interpGrp>
      <interpGrp type="pid"><interp>INT_25c8c6b9-fa99-392e-9c5c-957565886787</interp></interpGrp>
    </bibl>
          </listBibl>
        </sourceDesc>
      </fileDesc>
    </teiHeader>
                <text xml:id="INT_25c8c6b9-fa99-392e-9c5c-957565886787.TEI.1.text.1">
                  <body xml:id="INT_25c8c6b9-fa99-392e-9c5c-957565886787.TEI.1.text.1.body.1">
                    <div xml:id="INT_25c8c6b9-fa99-392e-9c5c-957565886787.TEI.1.text.1.body.1.div.1"><div xml:id="INT_25c8c6b9-fa99-392e-9c5c-957565886787.TEI.1.text.1.body.1.div.1.div.1" type="subdivision_for_sake_of_validation">
        
              <pb xml:id="INT_25c8c6b9-fa99-392e-9c5c-957565886787.TEI.1.text.1.body.1.div.1.div.1.pb.1" n="111" facs="http://resources.huygens.knaw.nl/retroapp/service_generalemissiven/gm_13/images/generale_missiven_gs258_111.tif"/><head xml:id="INT_25c8c6b9-fa99-392e-9c5c-957565886787.TEI.1.text.1.body.1.div.1.div.1.head.1" xml:lang="nl" rend="font-size: 12; text-align: justify; line-height: 14.4pt" xmlns="http://www.tei-c.org/ns/1.0">XXX. JACOB MOSSEL, JACOB VAN DER WAEYEN, PETRUS ALBERTUS<lb/> VAN DER PARRA, JURGEN VAN DER SPAR, PIETER VAN DE VELDE,<lb/> DITHARD VAN RHEEDE, ADRIAAN DE NIJS, HUIJBERT WILLEM VAN<lb/> BAZEL, LIBRECHT HOOREMAN, JOAN ANDREAS VAN HOHENDORF,<lb/> JEREMIAS VAN RIEMSDIJK, REYNIER DE KLERK en JOAN GIDEON<lb/> LOTEN, BATAVIA 25 april 1757.<lb/></head><p xml:id="INT_25c8c6b9-fa99-392e-9c5c-957565886787.TEI.1.text.1.body.1.div.1.div.1.p.1" xml:lang="nl" rend="font-size: 10; font-weight: bold; text-align: justify; line-height: 14.4pt" xmlns="http://www.tei-c.org/ns/1.0">Kol. Arch. 2762, VOC 2870, fol. 1279-1291.<lb/></p><note xml:id="INT_25c8c6b9-fa99-392e-9c5c-957565886787.TEI.1.text.1.body.1.div.1.div.1.note.1" xml:lang="nl" place="inline" type="editorial-summary" resp="editor" rend="font-style: italic; line-height: 12.2pt; text-indent: 30.0pt; text-align: justify; font-size: 11" xmlns="http://www.tei-c.org/ns/1.0">(Deze brief is een vervolg op die van 31 december 1756.<lb/></note><p xml:id="INT_25c8c6b9-fa99-392e-9c5c-957565886787.TEI.1.text.1.body.1.div.1.div.1.p.2" xml:lang="nl" rend="font-size: 12; font-variant: small-caps; text-align: justify; line-height: 14.4pt" xmlns="http://www.tei-c.org/ns/1.0">Bandjarmasin<lb/></p><note xml:id="INT_25c8c6b9-fa99-392e-9c5c-957565886787.TEI.1.text.1.body.1.div.1.div.1.note.2" xml:lang="nl" place="inline" type="editorial-summary" resp="editor" rend="font-style: italic; line-height: 14.4pt; text-indent: 30.0pt; text-align: justify; font-size: 11" xmlns="http://www.tei-c.org/ns/1.0">De besluiten genomen naar aanleiding van het rapport van commissaris Johannes<lb/> Andreas Paravicini over Bandjarmasin zijn te vinden in de geheime resoluties van 4 april <hi rend="font-size:5; font-family:Liberation Serif; font-weight:bold" xml:lang="nl">,</hi><lb/>en de gewone van 5 april 1757.<lb/></note><p xml:id="INT_25c8c6b9-fa99-392e-9c5c-957565886787.TEI.1.text.1.body.1.div.1.div.1.p.3" xml:lang="nl" rend="font-size: 12; font-variant: small-caps; text-align: justify; line-height: 14.4pt" xmlns="http://www.tei-c.org/ns/1.0">Timor<lb/></p><note xml:id="INT_25c8c6b9-fa99-392e-9c5c-957565886787.TEI.1.text.1.body.1.div.1.div.1.note.3" xml:lang="nl" place="inline" type="editorial-summary" resp="editor" rend="font-style: italic; line-height: 14.4pt; text-indent: 30.0pt; text-align: justify; font-size: 11" xmlns="http://www.tei-c.org/ns/1.0">De behandeling van een rapport over Timor is te vinden in de resoluties van 29<lb/> maart en 5 april 1757. De verrichtingen van de commissaris en de gesloten tractaten zijn<lb/> goedgekeurd, behalve wat aanstotelijk werd bevonden. De familie van de gewezen regent<lb/> van Pulau Landu is staatsgevangene gebleven en de rest van de krijgsgevangenen en de<lb/> wettig op Timor gekochten zijn tot slaven verklaard. )<lb/></note><p xml:id="INT_25c8c6b9-fa99-392e-9c5c-957565886787.TEI.1.text.1.body.1.div.1.div.1.p.4" xml:lang="nl" rend="font-size: 12; text-align: justify; line-height: 14.4pt" xmlns="http://www.tei-c.org/ns/1.0">SlAM<lb/></p><p xml:id="INT_25c8c6b9-fa99-392e-9c5c-957565886787.TEI.1.text.1.body.1.div.1.div.1.p.5" xml:lang="nl" rend="font-size: 12; text-align: justify; line-height: 14.4pt; text-indent: 30.0pt" xmlns="http://www.tei-c.org/ns/1.0">Siam werd zo ongemakkelijk voor den coopman dat de Compagnie daarvan<lb/> weynig dienst meer heeft; de twee scheepen derwaart om reyst gezonden hebben geen<lb/> permissie konnen bekomen tot den vervoer van rijst, quazi om de schaarsheid en dat<lb/> de eysschen van ’t hof niet voldaan wierden dat altijd niet geschieden kan sonder<lb/> schade, omdat z’ de prijzen bijna stellen na hun welbehagen. Zodat dezelve enkel na<lb/> Ceylon vervoerd hebben 170 en 287 lasten, d’ eerste op de permissie die den schipper<lb/> bekomen had in recompens van zijne civiele behandeling der overgevoerde Siamse<lb/> priesters, en de andere uyt een restant van anno passato.<lb/></p><p xml:id="INT_25c8c6b9-fa99-392e-9c5c-957565886787.TEI.1.text.1.body.1.div.1.div.1.p.6" resp="int_paragraph_joining" rend="">
              De kroonprins enige beweging gemaakt hebbende tot nadeel van de rust des<lb xmlns="http://www.tei-c.org/ns/1.0"/> rijks, is na veele uytgestane straffen, eyndelijk onder dezelve gestorven, waarbij enige<lb xmlns="http://www.tei-c.org/ns/1.0"/> van zijn aanhang ook den dood hebben moeten ondergaan.<lb xmlns="http://www.tei-c.org/ns/1.0"/>China<lb xmlns="http://www.tei-c.org/ns/1.0"/>
            </p><note xml:id="INT_25c8c6b9-fa99-392e-9c5c-957565886787.TEI.1.text.1.body.1.div.1.div.1.note.4" xml:lang="nl" place="inline" type="editorial-summary" resp="editor" rend="font-style: italic; line-height: 14.4pt; text-indent: 30.0pt; text-align: justify; font-size: 11" xmlns="http://www.tei-c.org/ns/1.0">( De Chinese retourschepen en de twee die nog van daar zullen komen, brachten<lb/> ongetwijfeld nieuws. Het Engelse schip heeft te Limpho wollen manufacturen verkocht<lb/> en voor een waarde van 11 ton zijde ingekocht. Het keerde samen met een Engels schip<lb/> van Bombay, dat daar ook handel dreef terug door Straat Malakka. )<lb/></note><p xml:id="INT_25c8c6b9-fa99-392e-9c5c-957565886787.TEI.1.text.1.body.1.div.1.div.1.p.7" resp="int_paragraph_joining" rend="">
              De beoogde opbrake van Cochin China is weder verijdeld door het verbod van<lb xmlns="http://www.tei-c.org/ns/1.0"/> den koning om den carga Capelle niet te laten vertrecken, waartoe wel eenige aanlijding<lb xmlns="http://www.tei-c.org/ns/1.0"/> scheynt gegeeven te hebben een winderig gesloten contract van negotie, daar<lb xmlns="http://www.tei-c.org/ns/1.0"/> Capelle veel heil in meende te vinden en de Compagnie niets aan heeft. Egter denken<lb xmlns="http://www.tei-c.org/ns/1.0"/><fw xml:id="INT_25c8c6b9-fa99-392e-9c5c-957565886787.TEI.1.text.1.body.1.div.1.div.1.p.7.fw.1" type="bottom-page-number">111</fw><pb xml:id="INT_25c8c6b9-fa99-392e-9c5c-957565886787.TEI.1.text.1.body.1.div.1.div.1.p.7.pb.1" n="112" facs="http://resources.huygens.knaw.nl/retroapp/service_generalemissiven/gm_13/images/generale_missiven_gs258_112.tif"/><fw xml:id="INT_25c8c6b9-fa99-392e-9c5c-957565886787.TEI.1.text.1.body.1.div.1.div.1.p.7.fw.2" place="top" type="head" facs="#zone.1929200" xmlns="http://www.tei-c.org/ns/1.0">Mossel XXX 25 april 1757</fw>w’ geen besending meer derwaart te doen. Intusschen heeft ’t schip Oosthuysen 4802<lb xmlns="http://www.tei-c.org/ns/1.0"/> picols candij- en poederzuyker overgebragt.<lb xmlns="http://www.tei-c.org/ns/1.0"/>Malakka<lb xmlns="http://www.tei-c.org/ns/1.0"/>
            </p><p xml:id="INT_25c8c6b9-fa99-392e-9c5c-957565886787.TEI.1.text.1.body.1.div.1.div.1.p.8" resp="int_paragraph_joining" rend="">
              Malacca is nog door de saamgespannen oosterlingen omcingeld, schoon bij<lb xmlns="http://www.tei-c.org/ns/1.0"/> een uytval uit. december derzelver naastgelege versterckingen hebben doen verlaten,<lb xmlns="http://www.tei-c.org/ns/1.0"/> wagtende tans volk en vaartuygen van hier tot derzelver verdrijvingen, waarover na<lb xmlns="http://www.tei-c.org/ns/1.0"/> ’t afgaan deses en op ’t bekomen van nader advis sullen delibereren. Intusschen ging<lb xmlns="http://www.tei-c.org/ns/1.0"/> de tinleverantie te Pera redelijken gang, dog Queda weygerde den uytvoer van rijst<lb xmlns="http://www.tei-c.org/ns/1.0"/> na Malacca.<lb xmlns="http://www.tei-c.org/ns/1.0"/>Sumatra’s Westkust<lb xmlns="http://www.tei-c.org/ns/1.0"/>
            </p><note xml:id="INT_25c8c6b9-fa99-392e-9c5c-957565886787.TEI.1.text.1.body.1.div.1.div.1.note.5" xml:lang="nl" place="inline" type="editorial-summary" resp="editor" rend="font-size: 11; font-style: italic; text-align: right; line-height: 14.7pt" xmlns="http://www.tei-c.org/ns/1.0">( Op Sumatras Westkust gaat de handel redelijk, maar de Engelsen houden Natal en<lb/> Tapanuli bezet, waarover na de ontvangst van de jaarlijkse brieven vergaderd zal worden .<lb/></note><p xml:id="INT_25c8c6b9-fa99-392e-9c5c-957565886787.TEI.1.text.1.body.1.div.1.div.1.p.9" xml:lang="nl" rend="font-size: 10.5; font-variant: small-caps; text-align: justify; line-height: 14.7pt" xmlns="http://www.tei-c.org/ns/1.0">Bengalen<lb/></p><note xml:id="INT_25c8c6b9-fa99-392e-9c5c-957565886787.TEI.1.text.1.body.1.div.1.div.1.note.6" xml:lang="nl" place="inline" type="editorial-summary" resp="editor" rend="font-style: italic; line-height: 14.7pt; text-indent: 32.0pt; text-align: justify; font-size: 11" xmlns="http://www.tei-c.org/ns/1.0">Het gerucht gaat te Batavia dat de Engelsen weer meester van Calcutta zijn. Van<lb/> de in 1756 gekochte opium is nog niets aangekomen, terwijl het kantoor zestigduizend<lb/> florijnen in baar zilver vraagt.<lb/></note></div><div xml:id="INT_25c8c6b9-fa99-392e-9c5c-957565886787.TEI.1.text.1.body.1.div.1.div.2" type="subdivision_for_sake_of_validation"><head xml:id="INT_25c8c6b9-fa99-392e-9c5c-957565886787.TEI.1.text.1.body.1.div.1.div.2.head.1" xml:lang="nl" rend="font-size: 10.5; text-align: justify; line-height: 14.4pt" xmlns="http://www.tei-c.org/ns/1.0">COROMANDEL<lb/></head><note xml:id="INT_25c8c6b9-fa99-392e-9c5c-957565886787.TEI.1.text.1.body.1.div.1.div.2.note.1" xml:lang="nl" place="inline" type="editorial-summary" resp="editor" rend="font-style: italic; line-height: 14.4pt; text-indent: 32.0pt; text-align: justify; font-size: 11" xmlns="http://www.tei-c.org/ns/1.0">Vanuit Coromandel, waar de dienaren met volle toestemming van de vorst druk<lb/> doende zijn het fortje bij Bimlipatam op te bouwen, zijn met de Wereld 387 pakken en<lb/> kisten textiel ontvangen. De Fransen zijn te Ragiema Hindrawaran en in het noorden van<lb/> Coromandel druk bezig de pachters zwaardere lasten op te leggen. De Mossel is 21 april<lb/> 1757 naar Nagapattinam vertrokken met een ton goud voor Ceylon, één voor Coromandel<lb/> en drie en een half ton zilver voor Bengalen. De Huigenwaard is van Arakan naar Pegu<lb/> gevaren om de lading rijst aan te vullen en is met 717.832 Ib op Ceylon aangekomen.)<lb/></note><p xml:id="INT_25c8c6b9-fa99-392e-9c5c-957565886787.TEI.1.text.1.body.1.div.1.div.2.p.1" xml:lang="nl" rend="font-size: 12; text-align: justify; line-height: 14.4pt; text-indent: 32.0pt" xmlns="http://www.tei-c.org/ns/1.0">Sedert wil men dat den koning van Siriang door de landvolkeren zoude zijn overheerd,<lb/> waardoor dit rijk eyndelijk op eenige rust mag wagten, als wanneer de negotie<lb/> wel sal verbeeteren en mogelijk aldaar rijst voor Ceylon konnen opgedaan werden, waarvan<lb/> men sig na tijds gelegentheid bedienen sal.<lb/></p><p xml:id="INT_25c8c6b9-fa99-392e-9c5c-957565886787.TEI.1.text.1.body.1.div.1.div.2.p.2" xml:lang="nl" rend="font-size: 12; text-align: justify; line-height: 14.4pt; text-indent: 32.0pt" xmlns="http://www.tei-c.org/ns/1.0">Den 22e februarij is alhier overgebragt de oorlogsdeclaratie van Engeland teegen<lb/> Vrankrijk nevens een Chormandels advijsbriefje, dat daar reets gepubliceert was.<lb/></p><p xml:id="INT_25c8c6b9-fa99-392e-9c5c-957565886787.TEI.1.text.1.body.1.div.1.div.2.p.3" xml:lang="nl" rend="font-size: 12; text-align: justify; line-height: 14.4pt; text-indent: 32.0pt" xmlns="http://www.tei-c.org/ns/1.0">Seedert krijgt men tijding van Ceylon dat den 4e maart bij Manapaar ten anker<lb/> gekomen, dog daags daaraan weder zuydwaart voortgezeyld zijn, 12 kloeke scheepen<lb/> laatende Engelse vlaggen wayen. En daaronder ééne de wimpel boven de vlag van de<lb/> grote steng, dat ons eenigermate tot de gedagten brengt dat den nieuwen generaal van<lb/> Frans India daarop sal geweest zijn en zig ten halven heeft willen deguiseren.<lb/></p><note xml:id="INT_25c8c6b9-fa99-392e-9c5c-957565886787.TEI.1.text.1.body.1.div.1.div.2.note.2" xml:lang="nl" place="inline" type="editorial-summary" resp="editor" rend="font-size: 11; font-style: italic; text-align: justify; line-height: 14.4pt" xmlns="http://www.tei-c.org/ns/1.0"><hi rend="font-size:10.5; font-family:Liberation Serif; font-variant:small-caps" xml:lang="nl">Kharg</hi> (Uit de brief van 16 januari 1757 blijkt dat de Mariënbos, van Muscat naar<lb/> Kharg gezonden wegens de toenemende handel daar, er geen goederen meer aantrof;<lb/> het schip is te Batavia aangekomen. Er worden wolmonsters, die zes en vier stuivers het<lb/> Ib kosten, meegezonden en er zal 10.000 Ib als proef volgen. De inkoop van koffie uit Mokka<lb/> voor 9j stuiver het Ib is, omdat ze te gewoon was, beëindigd. )<lb/></note><fw xml:id="INT_25c8c6b9-fa99-392e-9c5c-957565886787.TEI.1.text.1.body.1.div.1.div.2.fw.1" type="bottom-page-number">112</fw><pb xml:id="INT_25c8c6b9-fa99-392e-9c5c-957565886787.TEI.1.text.1.body.1.div.1.div.2.pb.1" n="113" facs="http://resources.huygens.knaw.nl/retroapp/service_generalemissiven/gm_13/images/generale_missiven_gs258_113.tif"/><fw xml:id="INT_25c8c6b9-fa99-392e-9c5c-957565886787.TEI.1.text.1.body.1.div.1.div.2.fw.2" place="top" type="head" facs="#zone.1931968" xmlns="http://www.tei-c.org/ns/1.0">Mossel XXX 25 april 1757</fw><p xml:id="INT_25c8c6b9-fa99-392e-9c5c-957565886787.TEI.1.text.1.body.1.div.1.div.2.p.4" xml:lang="nl" rend="font-size: 12; text-align: justify; line-height: 14.4pt; text-indent: 31.0pt" xmlns="http://www.tei-c.org/ns/1.0">De continuatie van den raad extraordinair Nicolaas Harting in ’t Javas gouvernement,<lb/> volgens onsen laasten, is van dat gewenscht succes geweest dat de laaste en<lb/> fameusen rebel Maas Said, of Mancoenagara, zig na veel hesiternes en beraad eyndelijk<lb/> aan de Compagnie en de soesoehoenang onderworpen heeft, hebbende daarop<lb/> een matig onderhoud gekreegen en scheynt seer vergenoegd. Zulx w’ het genoegen<lb/> hebben onse verkiesing in Zijn Ed. persoon in allen opzigte beantwoord te zien en hem<lb/> gegeven hebben de verdiende lof, terwijl w’ d’ eere hebben Uw Ed. Hoogagtb. met de<lb/> volkomen vreede en ruste van Java, na eene sestienjarige kostbare oorlog, te feliciteeren.<lb/> Wenschende deselve tot welweesen van haaren staat lange bestendig mag wesen, waartoe<lb/> de apparentie favorabel is, dewijl de soesoehoenang hierdoor gesterkt en Maas<lb/> Said door ’t verloop van zijn trouwe swervers de vlerken zullen gekort zijn.<lb/></p><note xml:id="INT_25c8c6b9-fa99-392e-9c5c-957565886787.TEI.1.text.1.body.1.div.1.div.2.note.3" xml:lang="nl" place="inline" type="editorial-summary" resp="editor" rend="font-style: italic; line-height: 14.4pt; text-indent: 31.0pt; text-align: justify; font-size: 11" xmlns="http://www.tei-c.org/ns/1.0">( Met de komst van Joan Gideon Loten bestaat de Hoge Regering nu uit de gouverneur-generaal,<lb/> zes gewone en zes buitengewone leden. Over de gezondheidstoestand in<lb/> Batavia valt niet te klagen. )<lb/></note><p xml:id="INT_25c8c6b9-fa99-392e-9c5c-957565886787.TEI.1.text.1.body.1.div.1.div.2.p.5" xml:lang="nl" rend="font-size: 12; text-align: justify; line-height: 14.4pt; text-indent: 31.0pt" xmlns="http://www.tei-c.org/ns/1.0">Den Hollandsen consul tot Alexandriën Robbert Huijghes ons seer plausibel<lb/> voorgesteld hebbende een vaart en handel van Batavia op Suez enzovoort op grand<lb/> Cairo, zendende daartoe meteenen een licentiebrief van den bassa aldaar met vermindering<lb/> der tollen op 3 percent, hadden w’ reets den 1 le febr. geresolveert een proef<lb/> per een bark te neemen. Dan sederd overwegende de beweging welke eene aanvoer van<lb/> specerijen ensz. door de Middelandse Zee onder de coopluyden in Nederland mogte<lb/> maken, welke consideratie Uw Edele Hoogagtb. ook apparent bewogen heeft op<lb/> eene vroegere offerte in anno 1664 daarvan af te zien, zo heeft men van dat besluyt<lb/> op 25 eodem geresilieert, en naderhand ook verboden van Souratta te onderneemen.<lb/><hi rend="font-size:10; font-family:Liberation Serif; font-weight:bold" xml:lang="nl">Fol. 1284v-1285r.</hi><lb/></p><note xml:id="INT_25c8c6b9-fa99-392e-9c5c-957565886787.TEI.1.text.1.body.1.div.1.div.2.note.4" xml:lang="nl" place="inline" type="editorial-summary" resp="editor" rend="font-style: italic; line-height: 14.4pt; text-indent: 31.0pt; text-align: justify; font-size: 11" xmlns="http://www.tei-c.org/ns/1.0">(Begin februari 1757 zijn twee schepen van 60 stukken in Straat Sunda verschenen.<lb/> De ene was kennelijk een Frans schip, want het viel een Engels provisieschip aan dat<lb/> daarop naar Batavia terugkeerde. Eén schip passeerde Straat Bangka, het andere moet<lb/> Straat Sunda wel zijn uitgezeild. Een afgedreven Franse particuliere bark verscheen op<lb/> de rede van Batavia. De directeur-generaal heeft 25 maart 1757 het derde, en laatste<lb/> deel van zijn memorie van bezuiniging ingediend, waarover te zijner tijd vergaderd zal worden.<lb/> De resident van Cheribon, Seneca Ingerssen, verzocht en verkreeg verlossing naar<lb/> Nederland; waterfiscaal Pieter Cornelis Hasselaar volgt hem op en hij wordt weer door<lb/> opperkoopman Maurits Theodorus Hilgers opgevolgd. De Hoge Regering vraagt dringend<lb/> veel personeel te zenden. Mede door het extra bemannen van retourschepen tegen<lb/> de Algerijnen, is er een groot tekort. Slechts twee schepen bewaken de rede van Batavia<lb/> ieder met maar 21 opper- en onderofficieren, 31 gewone zeevarenden, 2 sergeants, 2 korporaals,<lb/> 40 gewone Europese en 23 oosterse militairen en dan liggen er nog schepen met<lb/> 12 en 13 man. )<lb/></note><p xml:id="INT_25c8c6b9-fa99-392e-9c5c-957565886787.TEI.1.text.1.body.1.div.1.div.2.p.6" xml:lang="nl" rend="font-size: 12; text-align: justify; line-height: 14.4pt; text-indent: 31.0pt" xmlns="http://www.tei-c.org/ns/1.0">Terwijl de militairen uyt de bataljons genomen zijn en de oost neevens Ceylon<lb/> een goed getal alleen tot menagement der kostbare en weynig nut zijnde inlanders<lb/> zoude konnen employeeren, hoedanig sober ’t nog nooyt gesteld geweest is. En hetwelk<lb/> ons bij reïteratie alderernstigst doet aanhouden om tog van die kamers daar<lb/> somtijds nogal volk te krijgen is, onbepaald te willen uytzenden en ons op deeze of<lb/> geene wijze te bezorgen een goed ontzet.<lb/></p><note xml:id="INT_25c8c6b9-fa99-392e-9c5c-957565886787.TEI.1.text.1.body.1.div.1.div.2.note.5" xml:lang="nl" place="inline" type="editorial-summary" resp="editor" rend="font-style: italic; line-height: 14.4pt; text-indent: 31.0pt; text-align: justify; font-size: 11" xmlns="http://www.tei-c.org/ns/1.0">( Er is tekort aan bier voor de oosterse plaatsen en zelfs voor de hospitalen, en aan<lb/> zoete Spaanse wijn, zelfs voor het heilige avondmaal, die wel 36 stuivers de fles kost.<lb/> Omdat de kamer Zeeland maar weinig achter staat, is het nu vertrekkende schip aan de<lb/></note><fw xml:id="INT_25c8c6b9-fa99-392e-9c5c-957565886787.TEI.1.text.1.body.1.div.1.div.2.fw.3" type="bottom-page-number">113</fw><pb xml:id="INT_25c8c6b9-fa99-392e-9c5c-957565886787.TEI.1.text.1.body.1.div.1.div.2.pb.2" n="114" facs="http://resources.huygens.knaw.nl/retroapp/service_generalemissiven/gm_13/images/generale_missiven_gs258_114.tif"/><fw xml:id="INT_25c8c6b9-fa99-392e-9c5c-957565886787.TEI.1.text.1.body.1.div.1.div.2.fw.4" place="top" type="head" facs="#zone.1933262" xmlns="http://www.tei-c.org/ns/1.0">Mossel XXX 25 april 1757</fw><note xml:id="INT_25c8c6b9-fa99-392e-9c5c-957565886787.TEI.1.text.1.body.1.div.1.div.2.note.6" xml:lang="nl" place="inline" type="editorial-summary" resp="editor" rend="font-size: 11; font-style: italic; text-align: justify; line-height: 14.4pt" xmlns="http://www.tei-c.org/ns/1.0">kamer Amsterdam toegedeeld, waardoor Zeeland ongeveer <hi rend="font-size:13; font-family:Liberation Serif; font-weight:bold" xml:lang="nl">ƒ</hi> 30.000 achter komt te staan.<lb/> Het hele retour bedraagt <hi rend="font-size:13; font-family:Liberation Serif; font-weight:bold" xml:lang="nl">ƒ</hi> 2.673.020, het bedrag aan assignaties is f 138.637. Bovendien<lb/> wordt aangedrongen op totale voldoening van de eis aan geld, omdat Bengalen alleen<lb/> al zestig ton behoeft en daar aan rentes enige tonnen goud per jaar betaald worden, wat<lb/> niet langer te dulden is. Het is beter de inkoop van textiel te beperken, dan zo door te<lb/> gaan. De radicale beschrijving van Bengalen van 22 april 1757 door het gewone lid van<lb/> de raad Pieter van de Velde wordt in kopie meegezonden; in oktober zal het resultaat van<lb/> de behandeling volgen. Provisioneel assistent Dirk van Beek vraagt transport naar Batavia<lb/> voor zijn vrouw Casparina Waterham, wonende te Amsterdam, wegens zijn eenvoudige<lb/> staat zonder betaling van het gewone kostgeld. De lading van het schip dat deze brief<lb/> brengt, bestaat uit peper, salpeter, hout en wat gember totaal t.w.v. <hi rend="font-size:13; font-family:Liberation Serif; font-weight:bold" xml:lang="nl">ƒ</hi> 126.534.<lb/></note><note xml:id="INT_25c8c6b9-fa99-392e-9c5c-957565886787.TEI.1.text.1.body.1.div.1.div.2.note.7" xml:lang="nl" place="inline" type="editorial-summary" resp="editor" rend="font-size: 11; font-style: italic; text-align: justify; line-height: 14.4pt" xmlns="http://www.tei-c.org/ns/1.0">Aan assignaties o.a. <hi rend="font-size:13; font-family:Liberation Serif; font-weight:bold" xml:lang="nl">ƒ</hi> 90.941 drie assignaties door gouverneur-generaal Jacob Mossel<lb/> aan Jan Koning te Enkhuizen. Totaal aan assignaties <hi rend="font-size:13; font-family:Liberation Serif; font-weight:bold" xml:lang="nl">ƒ</hi> 138.637.)<lb/></note><fw xml:id="INT_25c8c6b9-fa99-392e-9c5c-957565886787.TEI.1.text.1.body.1.div.1.div.2.fw.5" type="bottom-page-number">114</fw>
            
      </div></div>
                  </body>
                </text>
              </TEI>