<TEI xml:id="INT_865dec7b-7e74-3a54-ba61-9df42c4684f2" xmlns="http://www.tei-c.org/ns/1.0">
                <teiHeader>
      <fileDesc>
        <titleStmt>
          <title>Mossel, Van der Waeyen, Van der Parra, Van der Spar, Van de Velde, Van Rheede, De Nijs, Van Bazel, Hooreman, Van Hohendorf, Van Riemsdijk en De Klerk, 15 oktober 1756</title>
        </titleStmt>
        <publicationStmt>
          <p>
            <date>15 oktober 1756</date>
            <idno type="sourceID">missiven:vol13</idno>
            <idno type="pid">INT_865dec7b-7e74-3a54-ba61-9df42c4684f2</idno>
          </p>
        </publicationStmt>
        <notesStmt>
          <note/>
        </notesStmt>
        <sourceDesc>
          <listBibl xml:id="inlMetadata">
            <bibl type="missive">
        <interpGrp type="page"><interp>8</interp></interpGrp>
        
      <interpGrp type="titleLevel1"><interp>Mossel, Van der Waeyen, Van der Parra, Van der Spar, Van de Velde, Van Rheede, De Nijs, Van Bazel, Hooreman, Van Hohendorf, Van Riemsdijk en De Klerk, 15 oktober 1756</interp></interpGrp>
      <interpGrp type="dateLevel1"><interp>15 oktober 1756</interp></interpGrp>
        <interpGrp type="tocLevel"><interp>1</interp></interpGrp>
      <interpGrp type="volume"><interp>13</interp></interpGrp>
        <interpGrp type="n"><interp>XXVIII</interp></interpGrp>
      
      <interpGrp type="witnessYearLevel1_from"><interp>1756</interp></interpGrp>
      <interpGrp type="witnessYearLevel1_to"><interp>1756</interp></interpGrp>
      <interpGrp type="witnessMonthLevel1_to"><interp>10</interp></interpGrp>
      <interpGrp type="witnessMonthLevel1_from"><interp>10</interp></interpGrp>
      <interpGrp type="witnessDayLevel1_to"><interp>15</interp></interpGrp>
      <interpGrp type="witnessDayLevel1_from"><interp>15</interp></interpGrp>
      <interpGrp type="authorLevel1"><interp>Mossel</interp><interp>Van der Waeyen</interp><interp>Van der Parra</interp><interp>Van der Spar</interp><interp>Van de Velde</interp><interp>Van Rheede</interp><interp>De Nijs</interp><interp>Van Bazel</interp><interp>Hooreman</interp><interp>Van Hohendorf</interp><interp>Van Riemsdijk</interp><interp>De Klerk</interp></interpGrp>
      <interpGrp type="pid"><interp>INT_865dec7b-7e74-3a54-ba61-9df42c4684f2</interp></interpGrp>
    </bibl>
          </listBibl>
        </sourceDesc>
      </fileDesc>
    </teiHeader>
                <text xml:id="INT_865dec7b-7e74-3a54-ba61-9df42c4684f2.TEI.1.text.1">
                  <body xml:id="INT_865dec7b-7e74-3a54-ba61-9df42c4684f2.TEI.1.text.1.body.1">
                    <div xml:id="INT_865dec7b-7e74-3a54-ba61-9df42c4684f2.TEI.1.text.1.body.1.div.1">
        
              <pb xml:id="INT_865dec7b-7e74-3a54-ba61-9df42c4684f2.TEI.1.text.1.body.1.div.1.pb.1" n="8" facs="http://resources.huygens.knaw.nl/retroapp/service_generalemissiven/gm_13/images/generale_missiven_gs258_008.tif"/><head xml:id="INT_865dec7b-7e74-3a54-ba61-9df42c4684f2.TEI.1.text.1.body.1.div.1.head.1" xml:lang="nl" rend="font-size: 12; text-align: justify; line-height: 14.4pt" xmlns="http://www.tei-c.org/ns/1.0">XXVIII. JACOB MOSSEL, JACOB VAN DER WAEYEN, PETRUS ALBERTUS<lb/> VAN DER PARRA, JURGEN VAN DER SPAR, PIETER VAN DE VELDE,<lb/> DITHARD VAN RHEEDE, ADRIAAN DE NIJS, HUIJBERT WILLEM VAN<lb/> BAZEL, LIBRECHT HOOREMAN, JOAN ANDREAS VAN HOHENDORF,<lb/> JEREMIAS VAN RIEMSDIJK en REYNIER DE KLERK, BATAVIA 15 oktober<lb/> 1756.<lb/></head><p xml:id="INT_865dec7b-7e74-3a54-ba61-9df42c4684f2.TEI.1.text.1.body.1.div.1.p.1" xml:lang="nl" rend="font-size: 10.5; font-weight: bold; text-align: justify; line-height: 14.4pt" xmlns="http://www.tei-c.org/ns/1.0">Kol. Arch. 2758, VOC 2866, fol. 6-22.<lb/></p><note xml:id="INT_865dec7b-7e74-3a54-ba61-9df42c4684f2.TEI.1.text.1.body.1.div.1.note.1" xml:lang="nl" place="inline" type="editorial-summary" resp="editor" rend="font-style: italic; line-height: 14.4pt; text-indent: 31.0pt; text-align: justify; font-size: 11" xmlns="http://www.tei-c.org/ns/1.0">( Deze missive wordt verstuurd met de Vredestein. In het voorjaar heeft Batavia de<lb/> missive van 13 april 1756 verstuurd met de Batavier. Pas op 27 augustus heeft men brieven<lb/> van Heren XVII van 13 en 22 oktober 1755 ontvangen, die als volgt beantwoord<lb/> worden. Voor de zaak van de dure verkoop van rijst en de verdenking van monopolie verwijst<lb/> Batavia naar de brieven naar Banda d.d. 28 december 1753, 5 december 1754 en<lb/> 28 december 1755 en naar de brieven van Banda d.d. 31 mei 1754 en 28 november 1755.<lb/> De verantwoordingen van gouverneur Reynicus Siersma en andere personeelsleden te<lb/> Banda zijn te vinden in de Bandase resoluties van 15 februari, 6 en 18 maart, en 16 april<lb/> 1754, en in de ' generale ’ brieven aan Nederland van 1753.)<lb/></note><p xml:id="INT_865dec7b-7e74-3a54-ba61-9df42c4684f2.TEI.1.text.1.body.1.div.1.p.2" xml:lang="nl" rend="font-size: 12; text-align: justify; line-height: 14.4pt; text-indent: 31.0pt" xmlns="http://www.tei-c.org/ns/1.0">De verplaatsing van ’t Banda’s hoofdcomptoir na Lontoir is van geen de minste<lb/> bedenkinge, als maar een quartier van Neira geleegen en ten uytersten nodig en<lb/> pressant om ’t gamisoen niet ’s jaarlijks te zien wegsmelten; vide onse besoignes van<lb/> 4 december 1753, brief na Banda uit. dier maand, brief van Banda na herwaards<lb/> van 31 may 1754, nevens gehoude besoigne op 19 november en derwaards afgegane<lb/> brief van 5 december 1754 en laastelijk de generale brieven na Nederland, dat is uit.<lb/> december 1753 en 1754. En blijven <hi rend="font-size:12; font-family:Liberation Serif; text-decoration:underline" xml:lang="nl">egter de forten op Neira met oud volk na behoren</hi><lb/><hi rend="font-size:12; font-family:Liberation Serif; text-decoration:underline" xml:lang="nl">bezet.</hi><lb/></p><note xml:id="INT_865dec7b-7e74-3a54-ba61-9df42c4684f2.TEI.1.text.1.body.1.div.1.note.2" xml:lang="nl" place="inline" type="editorial-summary" resp="editor" rend="font-style: italic; line-height: 14.4pt; text-indent: 31.0pt; text-align: justify; font-size: 11" xmlns="http://www.tei-c.org/ns/1.0">( De argumenten van Heren XVII tegen het verstrekken van contanten in plaats van<lb/> half goed en half geld aan het personeel te Makassar op rekening van soldijen, vindt<lb/> Batavia te weing steekhoudend om het verstrekken van textiel weer in te voeren, )<lb/></note><p xml:id="INT_865dec7b-7e74-3a54-ba61-9df42c4684f2.TEI.1.text.1.body.1.div.1.p.3" resp="int_paragraph_joining" rend="">
              - dewijl de ondervinding sederd een reeks van jaren geleerd heeft dat gelijk<lb xmlns="http://www.tei-c.org/ns/1.0"/>de Compagnie aan de eene kant weynig voordeel had bij die verstrecking uyt hoofde<lb xmlns="http://www.tei-c.org/ns/1.0"/> van de weynige dienaren die genoodsaakt waren lijwaten te ontfangen, en dat daarenteegen<lb xmlns="http://www.tei-c.org/ns/1.0"/> die methode door de list van baatsugtige een voordelig middel voor de winkeliers<lb xmlns="http://www.tei-c.org/ns/1.0"/> gevonden is, alzo mede aan de andere zijde de ontfangers gans niet bevoordeeld<lb xmlns="http://www.tei-c.org/ns/1.0"/> heeft, nademaal zij den contanten penning voor hare oogen siende schemeren gemaklijk<lb xmlns="http://www.tei-c.org/ns/1.0"/> bekoord wierden tot hun nadeel een gering geld voor hun goed te ontfangen.<lb xmlns="http://www.tei-c.org/ns/1.0"/> Daarentegen is door de betaling in contant en de monture dragende dienaren hunne<lb xmlns="http://www.tei-c.org/ns/1.0"/> kustkleeding inkoops te besorgen, hare sobere conditie zover verbeterd dat thans met<lb xmlns="http://www.tei-c.org/ns/1.0"/> hare gagie en costgeld ordentelijk konnen rondschieten. En kan de west van India<lb xmlns="http://www.tei-c.org/ns/1.0"/> niet zoveele gewilde lijwaten uytleeveren, of men kan ze wel met goed voordeel te<lb xmlns="http://www.tei-c.org/ns/1.0"/> Batavia, Sumatra en om de oost slijten.<lb xmlns="http://www.tei-c.org/ns/1.0"/>
            </p><p xml:id="INT_865dec7b-7e74-3a54-ba61-9df42c4684f2.TEI.1.text.1.body.1.div.1.p.4" xml:lang="nl" rend="font-size: 12; text-align: justify; line-height: 14.4pt; text-indent: 31.0pt" xmlns="http://www.tei-c.org/ns/1.0">De visite van ’t eyland Bliton zal denken w’ nu gevolg nemen op onse ernstige<lb/> ordre, die ingevolge Uw Edele Hoogagtbare bevel na <hi rend="font-size:12; font-family:Liberation Serif; text-decoration:underline" xml:lang="nl">Palembang</hi> afgegeven<lb/> hebben.<lb/></p><p xml:id="INT_865dec7b-7e74-3a54-ba61-9df42c4684f2.TEI.1.text.1.body.1.div.1.p.5" resp="int_paragraph_joining" rend="">
              Tot de geordonneerde vergoeding wegens de geleeden schade der E. Compagnie<lb xmlns="http://www.tei-c.org/ns/1.0"/> door ’t verlaten van ’t comptoir <hi rend="font-size:12; font-family:Liberation Serif; text-decoration:underline" xml:lang="nl" xmlns="http://www.tei-c.org/ns/1.0">Jambij</hi> bij den resident Aalders, was reeds last<lb xmlns="http://www.tei-c.org/ns/1.0"/><fw xml:id="INT_865dec7b-7e74-3a54-ba61-9df42c4684f2.TEI.1.text.1.body.1.div.1.p.5.fw.1" type="bottom-page-number">8</fw><pb xml:id="INT_865dec7b-7e74-3a54-ba61-9df42c4684f2.TEI.1.text.1.body.1.div.1.p.5.pb.1" n="9" facs="http://resources.huygens.knaw.nl/retroapp/service_generalemissiven/gm_13/images/generale_missiven_gs258_009.tif"/><fw xml:id="INT_865dec7b-7e74-3a54-ba61-9df42c4684f2.TEI.1.text.1.body.1.div.1.p.5.fw.2" place="top" type="head" facs="#zone.79839" xmlns="http://www.tei-c.org/ns/1.0">Mossel XXVIII 15 oktober 1 756</fw>gegeven aan den fiscaal, dog is hij sub reatu1 overleden, nalatende een insolvente<lb xmlns="http://www.tei-c.org/ns/1.0"/> boedel.<lb xmlns="http://www.tei-c.org/ns/1.0"/>
            </p><note xml:id="INT_865dec7b-7e74-3a54-ba61-9df42c4684f2.TEI.1.text.1.body.1.div.1.note.3" xml:lang="nl" place="inline" type="editorial-summary" resp="editor" rend="font-style: italic; line-height: 14.4pt; text-indent: 30.0pt; text-align: justify; font-size: 11" xmlns="http://www.tei-c.org/ns/1.0">( De kwaliteit van de wollen manufacturen is slecht. Voortaan zal men de verklaringen<lb/> door de gecommitteerden die helpen bij het openen van de kisten opgesteld, naar<lb/> Nederland sturen. De geringe hoeveelheid wollen manufacturen die Japan dit jaar nodig<lb/> had, heeft Batavia slechts ten dele, en dan nog niet volledig overeenkomstig de eis, kunnen<lb/> leveren. Het Japanse opperhoofd David Boelen heeft over de handel in 1753 een<lb/> notitie opgesteld die naar Heren XVII wordt verstuurd. Het is bekend)<lb/></note><p xml:id="INT_865dec7b-7e74-3a54-ba61-9df42c4684f2.TEI.1.text.1.body.1.div.1.p.6" resp="int_paragraph_joining" rend="">
              - dat Japan om de willekeurige behandeling dier landaart niet altoos op een<lb xmlns="http://www.tei-c.org/ns/1.0"/>eenparigen voet kan gehouden werden, behalve dat men altijd de gewilde en winstgevende<lb xmlns="http://www.tei-c.org/ns/1.0"/> coopmanschappen niet aan handen heeft, waaronder men tellen kan de quik<lb xmlns="http://www.tei-c.org/ns/1.0"/> die op onse eysschen uyt Nederland in die tijd onvoldaan bleef. Egter wil men niet<lb xmlns="http://www.tei-c.org/ns/1.0"/> ontkennen dat een snedig opperhoofd altoos veel tot verbetering contribueeren kan.<lb xmlns="http://www.tei-c.org/ns/1.0"/> En dat men de sinlijkheid der Japanders ten deele voldoende, ook aan de andere kant<lb xmlns="http://www.tei-c.org/ns/1.0"/> Compagnies slag mede waarnemen kan in alle ordentelijkheid en sonder weder door<lb xmlns="http://www.tei-c.org/ns/1.0"/> te groote vervulling te grote stuyting te maken, ’twelk de opperhoofden dan serieuslijk<lb xmlns="http://www.tei-c.org/ns/1.0"/> zullen voorschrijven.<lb xmlns="http://www.tei-c.org/ns/1.0"/>
            </p><p xml:id="INT_865dec7b-7e74-3a54-ba61-9df42c4684f2.TEI.1.text.1.body.1.div.1.p.7" xml:lang="nl" rend="font-size: 12; text-align: justify; line-height: 14.4pt; text-indent: 30.0pt" xmlns="http://www.tei-c.org/ns/1.0">Ten opzigte der <hi rend="font-size:12; font-family:Liberation Serif; text-decoration:underline" xml:lang="nl">Malakse masthouten</hi> werd Uw Edele Hoogagtbare het gevordert<lb/> berigt van den commandeur Roseboom aangeboden, blijkende daarbij dat die<lb/> houten maar <hi rend="font-size:12; font-family:Liberation Serif; text-decoration:underline" xml:lang="nl">emploij konnen vinden bij het uvterste gebrek aan Europese</hi> en dan nog<lb/> maar voor <hi rend="font-size:12; font-family:Liberation Serif; text-decoration:underline" xml:lang="nl">scheepen die in de binnen zeen afvaren,</hi> sulx d’ Europese niet konnen ontbeeren.<lb/> En was daartoe wel meerder plaats te vinden, als Ceylon maar twee scheepen<lb/> uyt Nederland ’s jaarlijks toegedeeld wierde, en Bengale geene, wijl ’tgeen die plaatsen<lb/> dan zoude manqueeren, wel over Batavia gaan kan sonder ’t minste ongerief. En<lb/> mogt er dan een schip voor de Caab apart geprojecteerd werden om van daar weder<lb/> te repatrieeren en zo van tijd tot tijd, so zoude er geen plaats in de ruymen konnen<lb/> manqueeren voor ’tgene India benodigt, so z’ maar alle omtrend volladen wierden.<lb/></p><p xml:id="INT_865dec7b-7e74-3a54-ba61-9df42c4684f2.TEI.1.text.1.body.1.div.1.p.8" xml:lang="nl" rend="font-size: 12; text-align: justify; line-height: 14.4pt; text-indent: 30.0pt" xmlns="http://www.tei-c.org/ns/1.0">Op de vrage Uer Wel Edele Hoogagtbare nopens de Sociteyt ter Sumatra’s<lb/> Buyten Westcust2 diend dies oudcommandeur Idsinga bij een apart papier dat de progressen<lb/> niet groot zijn geweest en dat er enige van d’ oude participanten, die alle daarbij<lb/> vermeld staan, reeds uytgeschijden zijn, terwijl daarbij meteenen blijkt wat insigt<lb/> zulx ten opzigte van de Compagnie heeft.<lb/></p><note xml:id="INT_865dec7b-7e74-3a54-ba61-9df42c4684f2.TEI.1.text.1.body.1.div.1.note.4" xml:lang="nl" place="inline" type="editorial-summary" resp="editor" rend="font-style: italic; line-height: 14.4pt; text-indent: 30.0pt; text-align: justify; font-size: 11" xmlns="http://www.tei-c.org/ns/1.0">( Bij het komende onderzoek naar Sumatra’s Westkust zal blijken of er sprake zal<lb/> zijn van voortzetting of opheffing. )<lb/></note><p xml:id="INT_865dec7b-7e74-3a54-ba61-9df42c4684f2.TEI.1.text.1.body.1.div.1.p.9" resp="int_paragraph_joining" rend="">
              Uw Edele Hoogagtbare recommandatie om in opsigte der <hi rend="font-size:12; font-family:Liberation Serif; text-decoration:underline" xml:lang="nl" xmlns="http://www.tei-c.org/ns/1.0">wilde caneel</hi> met<lb xmlns="http://www.tei-c.org/ns/1.0"/> omsigtigheid te werk te gaan ten eynde dat product niet kome te strecken tot prejuditie<lb xmlns="http://www.tei-c.org/ns/1.0"/> van den verkoop der Ceylonse fijne, heeft ons daarvan in ’t geheel doen afzien<lb xmlns="http://www.tei-c.org/ns/1.0"/> en d’ aan handen komende parthij vernietigen, terwijl alle mogelijke hindernis toebrengen<lb xmlns="http://www.tei-c.org/ns/1.0"/> aan den insaam der wilde, zoals reeds bij brief na Timor van ultimo december<lb xmlns="http://www.tei-c.org/ns/1.0"/> 1755 betragt hebben d’ Endese3 te verwoesten. Ook is dies handel bij placcaat<lb xmlns="http://www.tei-c.org/ns/1.0"/> van den 29e maart 1754 geïnterdiceert, hoewel het waar is dat men die d’ Engelse te<lb xmlns="http://www.tei-c.org/ns/1.0"/><note xml:id="INT_865dec7b-7e74-3a54-ba61-9df42c4684f2.TEI.1.text.1.body.1.div.1.p.9.note.1" xml:lang="nl" rend="font-size: 11; text-align: justify; line-height: 12.0pt" xmlns="http://www.tei-c.org/ns/1.0"><hi rend="font-size:11; font-family:Liberation Serif; vertical-align:super" xml:lang="nl">1</hi> Sub reatu, niet geheel duidelijk, zoiets als: terwijl de zaak diende.<lb/></note><note xml:id="INT_865dec7b-7e74-3a54-ba61-9df42c4684f2.TEI.1.text.1.body.1.div.1.p.9.note.2" xml:lang="nl" rend="font-size: 11; line-height: 12.0pt; margin-left: 1500; text-indent: -15.0pt" xmlns="http://www.tei-c.org/ns/1.0"><hi rend="font-size:11; font-family:Liberation Serif; vertical-align:super" xml:lang="nl">2</hi> Een associatie van particuliere kooplieden die het monopolie hadden van de handel in goederen<lb/> die door de Compagnie vrijgegeven waren. (VOC 2866, fol. 139-143).<lb/></note><note xml:id="INT_865dec7b-7e74-3a54-ba61-9df42c4684f2.TEI.1.text.1.body.1.div.1.p.9.note.3" xml:lang="nl" rend="font-size: 11; text-align: justify; line-height: 12.0pt" xmlns="http://www.tei-c.org/ns/1.0"><hi rend="font-size:11; font-family:Liberation Serif; vertical-align:super" xml:lang="nl">3</hi> Ende op de zuidkust van Flores.<lb/></note><fw xml:id="INT_865dec7b-7e74-3a54-ba61-9df42c4684f2.TEI.1.text.1.body.1.div.1.p.9.fw.1" type="bottom-page-number">9</fw><pb xml:id="INT_865dec7b-7e74-3a54-ba61-9df42c4684f2.TEI.1.text.1.body.1.div.1.p.9.pb.1" n="10" facs="http://resources.huygens.knaw.nl/retroapp/service_generalemissiven/gm_13/images/generale_missiven_gs258_010.tif"/><fw xml:id="INT_865dec7b-7e74-3a54-ba61-9df42c4684f2.TEI.1.text.1.body.1.div.1.p.9.fw.2" place="top" type="head" facs="#zone.1898701" xmlns="http://www.tei-c.org/ns/1.0">Mossel XXVIII 15 oktober 1756</fw>Mallabaar en Bankoeloe niet onthouden kan, en de Spanjaarden die overvloedig in<lb xmlns="http://www.tei-c.org/ns/1.0"/> de Philippines hebben.<lb xmlns="http://www.tei-c.org/ns/1.0"/>
            </p><p xml:id="INT_865dec7b-7e74-3a54-ba61-9df42c4684f2.TEI.1.text.1.body.1.div.1.p.10" xml:lang="nl" rend="font-size: 12; text-align: justify; line-height: 14.4pt; text-indent: 31.0pt" xmlns="http://www.tei-c.org/ns/1.0">Op de gevorderde elucidatie aangaande <hi rend="font-size:12; font-family:Liberation Serif; text-decoration:underline" xml:lang="nl">de rederij van ’t schip de Gouverneur</hi><lb/><hi rend="font-size:12; font-family:Liberation Serif; text-decoration:underline" xml:lang="nl">Generaal</hi> dienen w’ dat de Compagnie daarvan, mits intusschen in Bengale g’employeert<lb/> is geworden, maar ƒ 20.000,- heeft gegaudeert. Maar of er te dier tijd andere<lb/> scheepen aan de hand waren tot dat employ laat ’t geheugen of d’ inattentie daarop<lb/> niet toe tans te beantwoorden, werdende Uw Edele Hoogagtbare wijders een distinct<lb/> berigt aangeboden, behelsende de gedreven negotie door dese reederij en in wat voegen<lb/> deselve bestaan heeft en gescheiden is.<lb/></p><note xml:id="INT_865dec7b-7e74-3a54-ba61-9df42c4684f2.TEI.1.text.1.body.1.div.1.note.5" xml:lang="nl" place="inline" type="editorial-summary" resp="editor" rend="font-style: italic; line-height: 14.4pt; text-indent: 31.0pt; text-align: justify; font-size: 11" xmlns="http://www.tei-c.org/ns/1.0">( Over de lagere winsten te Coromandel in 1752/53 heeft raad ordinaris Librecht<lb/> Hooreman ‘een geschrift inge dient’, dat, gevoegd bij de resolutie van 3 september, naar<lb/> Heren XVII wordt gestuurd. Over het gedrag van het Ceylonse pro interim bestuur<lb/> inzake het innen van het geld van verkocht land en dergelijke, heeft Batavia de nodige<lb/> besluiten genomen. De Hoge Regering verwijst hiervoor naar de brief naar Ceylon van<lb/> 30 juli. )<lb/></note><p xml:id="INT_865dec7b-7e74-3a54-ba61-9df42c4684f2.TEI.1.text.1.body.1.div.1.p.11" xml:lang="nl" rend="font-size: 12; text-align: justify; line-height: 14.4pt; text-indent: 31.0pt" xmlns="http://www.tei-c.org/ns/1.0">Ingevolge Uw Edele Hoogagtbare g’eerde ordre heeft men het zilvergeld op Ceylon<lb/> weder op hare vorige cours gesteld, terwijl men, ter vermijdinge van ’t nadeel dat<lb/> in den ontfang van zilvergeld en dies employ in den lijwaathandel te Tutucorijn, daar<lb/> wel 1 5 a 20 percento verliest, sodanige ordres gesteld hebben, als w’ hopen dat toereykende<lb/> zullen wesen om in- en verkoop gaande te konnen houden.<lb/></p><note xml:id="INT_865dec7b-7e74-3a54-ba61-9df42c4684f2.TEI.1.text.1.body.1.div.1.note.6" xml:lang="nl" place="inline" type="editorial-summary" resp="editor" rend="font-style: italic; line-height: 14.4pt; text-indent: 31.0pt; text-align: justify; font-size: 11" xmlns="http://www.tei-c.org/ns/1.0">( Op de uitdrukkelijke order van Heren XVII heeft Batavia de prijs van de peper<lb/> in Azië op f 44,- per 100 Ib gesteld, )<lb/></note><p xml:id="INT_865dec7b-7e74-3a54-ba61-9df42c4684f2.TEI.1.text.1.body.1.div.1.p.12" resp="int_paragraph_joining" rend="">
              - egter tot nader last uytsonderende de weynige peper die aan de Manilhase<lb xmlns="http://www.tei-c.org/ns/1.0"/>en Limphose trafïiquanten verkogt werd, teegen 30 guldens, terwijl tot derzelver narigt<lb xmlns="http://www.tei-c.org/ns/1.0"/> diend dat, om de geringe prijs, derzelve in China dit jaar daarvan niets derwaards<lb xmlns="http://www.tei-c.org/ns/1.0"/> gesonden is en dus te meer na Nederland sal overgaan. Dog mogen egter niet nalaten<lb xmlns="http://www.tei-c.org/ns/1.0"/> te vertonen dat uyt d’ executie deser ordre te dugten staat een verloop van negotie tot<lb xmlns="http://www.tei-c.org/ns/1.0"/> vreemde Europeërs en een magtigen toeleg op sluykerij.<lb xmlns="http://www.tei-c.org/ns/1.0"/>
            </p><note xml:id="INT_865dec7b-7e74-3a54-ba61-9df42c4684f2.TEI.1.text.1.body.1.div.1.note.7" xml:lang="nl" place="inline" type="editorial-summary" resp="editor" rend="font-style: italic; line-height: 14.4pt; text-indent: 31.0pt; text-align: justify; font-size: 11" xmlns="http://www.tei-c.org/ns/1.0">( Batavia is het niet eens met het denkbeeld)<lb/></note><p xml:id="INT_865dec7b-7e74-3a54-ba61-9df42c4684f2.TEI.1.text.1.body.1.div.1.p.13" xml:lang="nl" rend="font-size: 12; text-align: justify; line-height: 14.4pt; text-indent: 31.0pt" xmlns="http://www.tei-c.org/ns/1.0">- dat de winsten bij verkoop van specerijen in Indiën de voordeelen niet moeten<lb/> uytmaken, wijl daarvan den vertier in Europa so groot is dat desselfs debiet in<lb/> Indiën dikwijls tot reëele schade verstrekt.<lb/></p><note xml:id="INT_865dec7b-7e74-3a54-ba61-9df42c4684f2.TEI.1.text.1.body.1.div.1.note.8" xml:lang="nl" place="inline" type="editorial-summary" resp="editor" rend="font-style: italic; line-height: 14.4pt; text-indent: 31.0pt; text-align: justify; font-size: 11" xmlns="http://www.tei-c.org/ns/1.0">( Men kan geen reden bedenken waarom de verkoop van kruidnagelen en nootmuskaat<lb/> in Indië nadelig zou zijn. )<lb/></note><p xml:id="INT_865dec7b-7e74-3a54-ba61-9df42c4684f2.TEI.1.text.1.body.1.div.1.p.14" xml:lang="nl" rend="font-size: 12; text-align: justify; line-height: 14.4pt; text-indent: 31.0pt" xmlns="http://www.tei-c.org/ns/1.0">De opgave der <hi rend="font-size:12; font-family:Liberation Serif; text-decoration:underline" xml:lang="nl">Bassorase</hi> residenten wegens 10^ percento aan lasten en ƒ 10,10,embalagie<lb/> per pak op ontfangene Souratse lijwaten bij Bassorase brief na Batavia<lb/> dato 1 1 januarij 1753, behelst niets ongewoons nog niets onbehoorlijks zover wij weeten.<lb/> Zijnde onder de eerste vijf percento provisie die de dienaren te dier tijd toegestaan<lb/> werden, een percento maaklaardij aan de Souratse inlandse makelaars, <hi rend="font-size:11; font-family:Liberation Serif; font-style:italic" xml:lang="nl">2\</hi> percento aan<lb/> Souratse tol en 2 percento aan ongelden, die dusdanig over de koopmanschappen in<lb/> ’t generaal gereekend werden en ook omtrend zo te staan komen.<lb/></p><note xml:id="INT_865dec7b-7e74-3a54-ba61-9df42c4684f2.TEI.1.text.1.body.1.div.1.note.9" xml:lang="nl" place="inline" type="editorial-summary" resp="editor" rend="font-style: italic; line-height: 14.4pt; text-indent: 31.0pt; text-align: justify; font-size: 11" xmlns="http://www.tei-c.org/ns/1.0">( Batavia zal in de december-brief nader verslag doen van de vestiging te Kharg.<lb/> De handelaren uit Manilla waren niet bereid de hogere prijs voor kaneel, nl. <hi rend="font-size:12; font-family:Liberation Serif" xml:lang="nl">ƒ</hi> 6,- per Ib,<lb/> te betalen. Ze namen liever de Spaanse realen, die de Compagnie zo nodig heeft, mee<lb/></note><fw xml:id="INT_865dec7b-7e74-3a54-ba61-9df42c4684f2.TEI.1.text.1.body.1.div.1.fw.1" type="bottom-page-number">10</fw><pb xml:id="INT_865dec7b-7e74-3a54-ba61-9df42c4684f2.TEI.1.text.1.body.1.div.1.pb.2" n="11" facs="http://resources.huygens.knaw.nl/retroapp/service_generalemissiven/gm_13/images/generale_missiven_gs258_011.tif"/><fw xml:id="INT_865dec7b-7e74-3a54-ba61-9df42c4684f2.TEI.1.text.1.body.1.div.1.fw.2" place="top" type="head" facs="#zone.1923910" xmlns="http://www.tei-c.org/ns/1.0">Mossel XXVIII 15 oktober 1756</fw><note xml:id="INT_865dec7b-7e74-3a54-ba61-9df42c4684f2.TEI.1.text.1.body.1.div.1.note.10" xml:lang="nl" place="inline" type="editorial-summary" resp="editor" rend="font-size: 12; font-style: italic; text-align: justify; line-height: 14.4pt" xmlns="http://www.tei-c.org/ns/1.0">terug. Als ze hadden geweten dat de in 1754 vastgestelde prijs van 80 stuiver zo aanzienlijk<lb/> verhoogd zou worden, zouden ze niet naar Batavia zijn gekomen.)<lb/></note><p xml:id="INT_865dec7b-7e74-3a54-ba61-9df42c4684f2.TEI.1.text.1.body.1.div.1.p.15" xml:lang="nl" rend="font-size: 12; text-align: justify; line-height: 14.4pt; text-indent: 31.0pt" xmlns="http://www.tei-c.org/ns/1.0">Al ’twelke in overweging genomen en daarbij geconsidereert zijnde, dat de Samboangse<lb/> of de Mindanaose wilde caneel, die geen drie stuyvers ’t lb. kost, reeds sover<lb/> ingang bij de Spanjaards hadde dat de geestelijkheid in de Philippines hare chocolade<lb/> daarmede bereydeden, en waardoor den vertier in die eylanden van 400 balen Ceylonse<lb/> tot 200 balen zoude gedaald wesen, hetwelk overslaande na Mexico een gevoelige<lb/> neep aan de Compagnie kan geeven. En wijders, ingezien zijnde eene bij den heer<lb/> directeur generaal ter sittinge van 1 1 may overgelegde bereekening, waarbij de voordeelen<lb/> op 625 balen met hare gevolgen, of ’t besteden van ’t geld in peper, op agt ton<lb/> begroot werden, is beslooten aan de Manilhase handelaars voor dat maal zoveel caneel<lb/> teegen 80 stuyvers het lb. af te staan, als te missen zoude wesen. Hetwelk dan ook<lb/> gevolg genomen heeft tot een quantiteyt van 1039 baaien. En opdat deselve toekomende<lb/> jaar uyt gelijke bedugting niet mogten agterblijven, is meteenen goedgevonden<lb/> hetzelve besluyt ook te extenderen tot het aanstaande jaar en intusschen het welbehagen<lb/> Uer Wel Edele Hoogagtbare hierover af te wagten.<lb/></p><p xml:id="INT_865dec7b-7e74-3a54-ba61-9df42c4684f2.TEI.1.text.1.body.1.div.1.p.16" xml:lang="nl" rend="font-size: 12; text-align: justify; line-height: 14.4pt; text-indent: 31.0pt" xmlns="http://www.tei-c.org/ns/1.0">De voldoening van onsen geldeysch met 52 ton, en waarvan w’ nog maar een kleen<lb/> gedeelte ontfangen hebben, maakt ons gantsch magteloos, egter zal Bengale de preference<lb/> gegeven werden van ’tgeene men ontfangt. Dog sal ’s Compagnies handel, en<lb/> spetiaal de besorginge van de voor de Compagnie gereserveerde lijwaten enz. rondstaan,<lb/> zullen Uw Edele Hoogagtbare ons anders moeten assisteeren en niets afdingen van<lb/> den tans overgaanden eysch van 71 tonnen. Welker noodzakelijkheid bij dezelve en bij<lb/> resolutiën van 18 may en 31 augustus klaarlijk consteert en dat men bij gebreke den<lb/> Indiasen handel en de retouren sal moeten inkrimpen, schoon beyde even nadeelig en<lb/> dangereus.<lb/></p><p xml:id="INT_865dec7b-7e74-3a54-ba61-9df42c4684f2.TEI.1.text.1.body.1.div.1.p.17" resp="int_paragraph_joining" rend="">
              De remarques omtrend de bagagie der thuysvaarende meest plaatshebbende<lb xmlns="http://www.tei-c.org/ns/1.0"/> omtrent degeene welke bij ’t reglement niet bekend stonden, heeft men nu eene <hi rend="font-size:12; font-family:Liberation Serif; text-decoration:underline" xml:lang="nl" xmlns="http://www.tei-c.org/ns/1.0">ampli-</hi><lb xmlns="http://www.tei-c.org/ns/1.0"/><hi rend="font-size:12; font-family:Liberation Serif; text-decoration:underline" xml:lang="nl" xmlns="http://www.tei-c.org/ns/1.0">atie</hi> gemaakt die ter <hi rend="font-size:12; font-family:Liberation Serif; text-decoration:underline" xml:lang="nl" xmlns="http://www.tei-c.org/ns/1.0">approbatie</hi> Uer Wel Edele Hoogagtbare overgaat. Zulx zomin in<lb xmlns="http://www.tei-c.org/ns/1.0"/> desen gepecceert is, als in ’t aanstellen van raden van justitie, waarvan dezelve wel de<lb xmlns="http://www.tei-c.org/ns/1.0"/><hi rend="font-size:12; font-family:Liberation Serif; text-decoration:underline" xml:lang="nl" xmlns="http://www.tei-c.org/ns/1.0">approbatie</hi> maar geensints de <hi rend="font-size:12; font-family:Liberation Serif; text-decoration:underline" xml:lang="nl" xmlns="http://www.tei-c.org/ns/1.0">electie</hi> aan sig gehouden hebben. Anders hadde men<lb xmlns="http://www.tei-c.org/ns/1.0"/> dezelve al over twaalf jaren na Nederland overgewesen.<lb xmlns="http://www.tei-c.org/ns/1.0"/><note xml:id="INT_865dec7b-7e74-3a54-ba61-9df42c4684f2.TEI.1.text.1.body.1.div.1.p.17.note.1" xml:lang="nl" rend="font-size: 12; text-align: justify; line-height: 14.4pt; text-indent: 31.0pt" xmlns="http://www.tei-c.org/ns/1.0">Zullende de verdre ordres bij brief van <hi rend="font-size:12; font-family:Liberation Serif; text-decoration:underline" xml:lang="nl">22 october</hi> gegeven, in observantie<lb/> gehouden werden en de capiteins en de capitein lieutenants buyten ongewone lasten<lb/> van de Compagnie blijven, alzo de gagie na d’ intentie den 7e september tot op 80 ƒ<lb/> ter maand teruggeschreven is en commissarissen over de verlossinge het bevolene<lb/> omtrent de ambagtsluyden aangerecommandeert is.<lb/></note><note xml:id="INT_865dec7b-7e74-3a54-ba61-9df42c4684f2.TEI.1.text.1.body.1.div.1.p.17.note.2" xml:lang="nl" rend="font-size: 12; text-align: justify; line-height: 14.4pt; text-indent: 31.0pt" xmlns="http://www.tei-c.org/ns/1.0">De <hi rend="font-size:12; font-family:Liberation Serif; text-decoration:underline" xml:lang="nl">ducaten</hi> welke men alhier met een stempeltje merkt, om bij preferentie gangbaar<lb/> te zijn, komen alleen voor reekening van de Compagnie uyt Nederland, zijnde<lb/> Hollandse gecartelde en wigtig, sonder dat daaromtrent enige reflexiën verder vallen.<lb/> Maar bij onwigtige verstaat men dezulke die in Nederland bij ’t gewigt gekogt konnen<lb/> werden, ’tzij afgekeurde besnoeyde of uytheemse, waarvan de Venetiaanse de beste<lb/> geagt werden, alle om te dienen voor de lijwaatcomptoiren om de west van India,<lb/> alwaar al ’t goud en zilver weder in ’s lands munt verstempeld werdende, het ongemunte,<lb/> of gebreckige bij ’t gewigt nog het goedkoopste uytkomt, omdat d’ andere met<lb/> stempelkosten beswaard zijn. Dog nu men ’t reeds met Hollandse gecartelde in train<lb/> gebragt heeft, kan men ’t daarmede voor geheel India wel stellen sonder dat hier<lb/> andere gestempeld werden, als die in dese en de oosterse provintiën tot courant geld<lb/> dienen. En welk merkregt ons in vroeger tijden nooit bedisputeerd is en principaal<lb/> diend, omdat anders particuliere aansienelijke parthijen konden ontbieden om met<lb/></note><fw xml:id="INT_865dec7b-7e74-3a54-ba61-9df42c4684f2.TEI.1.text.1.body.1.div.1.p.17.fw.1" type="bottom-page-number">11</fw><pb xml:id="INT_865dec7b-7e74-3a54-ba61-9df42c4684f2.TEI.1.text.1.body.1.div.1.p.17.pb.1" n="12" facs="http://resources.huygens.knaw.nl/retroapp/service_generalemissiven/gm_13/images/generale_missiven_gs258_012.tif"/><fw xml:id="INT_865dec7b-7e74-3a54-ba61-9df42c4684f2.TEI.1.text.1.body.1.div.1.p.17.fw.2" place="top" type="head" facs="#zone.1945169" xmlns="http://www.tei-c.org/ns/1.0">Mossel XXVIII 15 oktober 1756</fw>26 percento advans uyt te geven, ’tgeene de Compagnie nadeelig konde weesen, alzo<lb xmlns="http://www.tei-c.org/ns/1.0"/> ’t goud een bepaalden aftrek heeft, daar ’t zilver den standpenning is, ’twelk nog om<lb xmlns="http://www.tei-c.org/ns/1.0"/> schaarsheyd nog om overvloed in zigzelve klimmen of daalen kan.<lb xmlns="http://www.tei-c.org/ns/1.0"/>
            </p><p xml:id="INT_865dec7b-7e74-3a54-ba61-9df42c4684f2.TEI.1.text.1.body.1.div.1.p.18" xml:lang="nl" rend="font-size: 12; text-align: justify; line-height: 14.4pt; text-indent: 31.0pt" xmlns="http://www.tei-c.org/ns/1.0">De overgesonden papieren van den ambassadeur der Nederlandsen staat bij den<lb/> Turkse keyser de heer Hochepied, vervattende een reex van klagten over den Chareeksen<lb/> resident Van Kniphausen, zullen deselve toegesonden werden met last om sig daarover<lb/> bij Uw Edele Hoogagtbare te verantwoorden en sulx mogelijk zijnde direct over land.<lb/></p><p xml:id="INT_865dec7b-7e74-3a54-ba61-9df42c4684f2.TEI.1.text.1.body.1.div.1.p.19" xml:lang="nl" rend="font-size: 12; text-align: justify; line-height: 14.4pt; text-indent: 31.0pt" xmlns="http://www.tei-c.org/ns/1.0">Den heer Bergsma kan zijne pretentie betaald werden, en de boeken daarvan<lb/> zijn ter kamer Amsterdam te vinden, volgens berigt van ’t opperhoofd over ’t zoldijcomptoir.<lb/> Maar wegens de vergoeding van tekort bevonde goederen te Bantam uyt den<lb/> boedel van den administrateur Van Rijn, zijn de papieren andermaal onder handen<lb/> genomen en zullen daarvan in de december-brief verslag doen.<lb/></p><note xml:id="INT_865dec7b-7e74-3a54-ba61-9df42c4684f2.TEI.1.text.1.body.1.div.1.note.11" xml:lang="nl" place="inline" type="editorial-summary" resp="editor" rend="font-style: italic; line-height: 14.4pt; text-indent: 31.0pt; text-align: justify; font-size: 11" xmlns="http://www.tei-c.org/ns/1.0">( Men wenst Van Son geluk met zijn bevordering tot tweede advocaat van de Compagnie.<lb/> De bevorderde directeur- generaal Petrus Albertus van der Parra, raad ordinaris<lb/> Pieter van de Velde en raad extraordinaris Nicolaas Harting bedanken Heren XVII voor<lb/> deze gunst. Hiermee gaat men over tot het beschrijven van de belangrijkste gebeurtenissen<lb/> in Azië.<lb/></note><p xml:id="INT_865dec7b-7e74-3a54-ba61-9df42c4684f2.TEI.1.text.1.body.1.div.1.p.20" xml:lang="nl" rend="font-size: 11; font-variant: small-caps; text-align: justify; line-height: 12.2pt" xmlns="http://www.tei-c.org/ns/1.0">Amboina<lb/></p><note xml:id="INT_865dec7b-7e74-3a54-ba61-9df42c4684f2.TEI.1.text.1.body.1.div.1.note.12" xml:lang="nl" place="inline" type="editorial-summary" resp="editor" rend="font-style: italic; line-height: 12.2pt; text-indent: 31.0pt; text-align: justify; font-size: 11" xmlns="http://www.tei-c.org/ns/1.0">Vandaar 700.000 Ib kruidnagels ontvangen.)<lb/></note><p xml:id="INT_865dec7b-7e74-3a54-ba61-9df42c4684f2.TEI.1.text.1.body.1.div.1.p.21" xml:lang="nl" rend="font-size: 11; font-variant: small-caps; text-align: justify; line-height: 14.4pt" xmlns="http://www.tei-c.org/ns/1.0">Banda<lb/></p><p xml:id="INT_865dec7b-7e74-3a54-ba61-9df42c4684f2.TEI.1.text.1.body.1.div.1.p.22" resp="int_paragraph_joining" rend="">
              Banda heeft niet alleen een sober gewas, maar een gedeelte is nog gebleven door<lb xmlns="http://www.tei-c.org/ns/1.0"/> ’t verzeylen van ’t schip Diemen.<lb xmlns="http://www.tei-c.org/ns/1.0"/>Timor<lb xmlns="http://www.tei-c.org/ns/1.0"/>
            </p><p xml:id="INT_865dec7b-7e74-3a54-ba61-9df42c4684f2.TEI.1.text.1.body.1.div.1.p.23" resp="int_paragraph_joining" rend="">
              De <hi rend="font-size:12; font-family:Liberation Serif; text-decoration:underline" xml:lang="nl" xmlns="http://www.tei-c.org/ns/1.0">Timorse</hi> commissie is afgelopen en de contracten zijn met de vorsten vernieuwt,<lb xmlns="http://www.tei-c.org/ns/1.0"/> wijders meest alle d’ andere daarin getreden, ja zelfs de koning van Lifao, daar<lb xmlns="http://www.tei-c.org/ns/1.0"/> de Portugesen wonen, heeft zijn rijk aan de Compagnie opgedragen ---.<lb xmlns="http://www.tei-c.org/ns/1.0"/>Djambi<lb xmlns="http://www.tei-c.org/ns/1.0"/>
            </p><p xml:id="INT_865dec7b-7e74-3a54-ba61-9df42c4684f2.TEI.1.text.1.body.1.div.1.p.24" resp="int_paragraph_joining" rend="">
              Jambij’s koning heeft pardon verzogt en verkregen, en ’t vorig tractaat met een<lb xmlns="http://www.tei-c.org/ns/1.0"/> toepasselijke additie vernieuwt, waarna aldaar weder een resident geplaast is. Den<lb xmlns="http://www.tei-c.org/ns/1.0"/> raad ordinair J.G. Loten is op desselfs verzoek gepermitteert aan dese tafel te komen<lb xmlns="http://www.tei-c.org/ns/1.0"/> assisteren, en in zijne stede tot Ceylons gouverneur aangesteld den raad extraordinair<lb xmlns="http://www.tei-c.org/ns/1.0"/> Jan Schreuder, die reets derwaards vertrokken is.<lb xmlns="http://www.tei-c.org/ns/1.0"/>Sumatra’s Westkust<lb xmlns="http://www.tei-c.org/ns/1.0"/>
            </p><note xml:id="INT_865dec7b-7e74-3a54-ba61-9df42c4684f2.TEI.1.text.1.body.1.div.1.note.13" xml:lang="nl" place="inline" type="editorial-summary" resp="editor" rend="font-style: italic; line-height: 15.0pt; text-indent: 31.0pt; text-align: justify; font-size: 11" xmlns="http://www.tei-c.org/ns/1.0">( Over de geschillen met de Engelsen aldaar zal apart vergaderd worden, waarna verslag<lb/> gedaan zal worden. )<lb/></note><p xml:id="INT_865dec7b-7e74-3a54-ba61-9df42c4684f2.TEI.1.text.1.body.1.div.1.p.25" xml:lang="nl" rend="font-size: 11; font-variant: small-caps; text-align: justify; line-height: 14.4pt" xmlns="http://www.tei-c.org/ns/1.0">Java’s Oostkust<lb/></p><p xml:id="INT_865dec7b-7e74-3a54-ba61-9df42c4684f2.TEI.1.text.1.body.1.div.1.p.26" resp="int_paragraph_joining" rend="">
              Java werd nog eenigsints ontrust door de stroopers van Maas Said, dog krijgen nu<lb xmlns="http://www.tei-c.org/ns/1.0"/> en dan nog al wat klop, zodat hij zeer verswakt nu weder ontrent zijn bijna ontoegankelijke<lb xmlns="http://www.tei-c.org/ns/1.0"/> schuylnesten geleegerd is met niet meer als 400 man.<lb xmlns="http://www.tei-c.org/ns/1.0"/><fw xml:id="INT_865dec7b-7e74-3a54-ba61-9df42c4684f2.TEI.1.text.1.body.1.div.1.p.26.fw.1" type="bottom-page-number">12</fw><pb xml:id="INT_865dec7b-7e74-3a54-ba61-9df42c4684f2.TEI.1.text.1.body.1.div.1.p.26.pb.1" n="13" facs="http://resources.huygens.knaw.nl/retroapp/service_generalemissiven/gm_13/images/generale_missiven_gs258_013.tif"/><fw xml:id="INT_865dec7b-7e74-3a54-ba61-9df42c4684f2.TEI.1.text.1.body.1.div.1.p.26.fw.2" place="top" type="head" facs="#zone.1971999" xmlns="http://www.tei-c.org/ns/1.0">Mossel XXVIII 15 oktober 1756</fw>Batavia<lb xmlns="http://www.tei-c.org/ns/1.0"/>
            </p><note xml:id="INT_865dec7b-7e74-3a54-ba61-9df42c4684f2.TEI.1.text.1.body.1.div.1.note.14" xml:lang="nl" place="inline" type="editorial-summary" resp="editor" rend="font-style: italic; line-height: 14.4pt; text-indent: 30.0pt; text-align: justify; font-size: 11" xmlns="http://www.tei-c.org/ns/1.0">( Batavia heeft 27 retourschepen uitgerust waarmee vervoerd zullen worden: )<lb/></note><p xml:id="INT_865dec7b-7e74-3a54-ba61-9df42c4684f2.TEI.1.text.1.body.1.div.1.p.27" xml:lang="nl" rend="font-size: 12; line-height: 14.4pt; margin-right: 32600; margin-left: 1100" xmlns="http://www.tei-c.org/ns/1.0">400.000 lb. nagulen<lb/> 297.900 lb. noten<lb/></p><p xml:id="INT_865dec7b-7e74-3a54-ba61-9df42c4684f2.TEI.1.text.1.body.1.div.1.p.28" xml:lang="nl" rend="font-size: 12; line-height: 14.4pt; margin-left: 1700" xmlns="http://www.tei-c.org/ns/1.0">80.000 lb. foelij<lb/></p><p xml:id="INT_865dec7b-7e74-3a54-ba61-9df42c4684f2.TEI.1.text.1.body.1.div.1.p.29" xml:lang="nl" rend="font-size: 12; text-align: justify; line-height: 14.4pt" xmlns="http://www.tei-c.org/ns/1.0">2.700.000 lb. coffij, alzo er geen meerdere overjarige in de pakhuysen zijn,<lb/></p><p xml:id="INT_865dec7b-7e74-3a54-ba61-9df42c4684f2.TEI.1.text.1.body.1.div.1.p.30" xml:lang="nl" rend="font-size: 12; text-align: right; line-height: 14.4pt" xmlns="http://www.tei-c.org/ns/1.0">drie a vier maal honderdduysend lb. tin, alzo Banka nu meer geeft als w’ slijten kon-<lb/></p><p xml:id="INT_865dec7b-7e74-3a54-ba61-9df42c4684f2.TEI.1.text.1.body.1.div.1.p.31" xml:lang="nl" rend="font-size: 12; text-align: justify; line-height: 14.4pt" xmlns="http://www.tei-c.org/ns/1.0">nen, en als een goede ballast geconsidereert werd.<lb/></p><p xml:id="INT_865dec7b-7e74-3a54-ba61-9df42c4684f2.TEI.1.text.1.body.1.div.1.p.32" xml:lang="nl" rend="font-size: 12; text-align: justify; line-height: 14.4pt; text-indent: 30.0pt" xmlns="http://www.tei-c.org/ns/1.0">Gelijk mede de g’eyschte 100.000 lb. spiauter uyt den voorraad alhier, dewijl de<lb/> Chinase eysschen veel te laat gekomen zijn om ingevolge dezelve enige ordre derwaarts<lb/> te konnen stellen.<lb/></p><p xml:id="INT_865dec7b-7e74-3a54-ba61-9df42c4684f2.TEI.1.text.1.body.1.div.1.p.33" xml:lang="nl" rend="font-size: 12; text-align: justify; line-height: 14.4pt; text-indent: 30.0pt" xmlns="http://www.tei-c.org/ns/1.0">Van d’ <hi rend="font-size:12; font-family:Liberation Serif; text-decoration:underline" xml:lang="nl">Endese wilde caneel</hi> bekomen Uw Edele Hoogagtbare twee monsterkisten<lb/> eenelijk tot speculatie, zomede wat <hi rend="font-size:12; font-family:Liberation Serif; text-decoration:underline" xml:lang="nl">Persise monsterwol.</hi> schoon hier seer gemeen aangezien,<lb/> waarbij nog wat <hi rend="font-size:12; font-family:Liberation Serif; text-decoration:underline" xml:lang="nl">Javase wol van basterd schapen</hi> overgaat, waarvan dezelve, des<lb/> begeerende, den aanqueek konnen doen voortzetten door ider schip enige best gewolde<lb/> na India mede te geeven, zo rammen als wijfjes.<lb/></p><note xml:id="INT_865dec7b-7e74-3a54-ba61-9df42c4684f2.TEI.1.text.1.body.1.div.1.note.15" xml:lang="nl" place="inline" type="editorial-summary" resp="editor" rend="font-style: italic; line-height: 14.4pt; text-indent: 30.0pt; text-align: justify; font-size: 11" xmlns="http://www.tei-c.org/ns/1.0">( Batavia dringt aan op het volledig voldoen van de nu verstuurde eis voor Azië uit<lb/> Nederland. Men heeft dringend geld nodig, )<lb/></note><p xml:id="INT_865dec7b-7e74-3a54-ba61-9df42c4684f2.TEI.1.text.1.body.1.div.1.p.34" resp="int_paragraph_joining" rend="">
              - mankerende Bengale nu nog circa negentien thonnen, waarop wij tot nog<lb xmlns="http://www.tei-c.org/ns/1.0"/>toe maar tusschen de een en twee aan handen hebben. Niettegenstaande wij die directie<lb xmlns="http://www.tei-c.org/ns/1.0"/> de preferentie hebben gegeven, zelfs in dier voegen dat we in de dagelijksche huyshouding<lb xmlns="http://www.tei-c.org/ns/1.0"/> alhier met geleend geld hebben moeten te markt gaan, waardoor Batavia<lb xmlns="http://www.tei-c.org/ns/1.0"/> thans zo uytgeput is dat al het courant geld een rariteyt is geworden.<lb xmlns="http://www.tei-c.org/ns/1.0"/>
            </p><p xml:id="INT_865dec7b-7e74-3a54-ba61-9df42c4684f2.TEI.1.text.1.body.1.div.1.p.35" xml:lang="nl" rend="font-size: 12; text-align: justify; line-height: 14.4pt; text-indent: 30.0pt" xmlns="http://www.tei-c.org/ns/1.0">De manufacturen worden mede maar soberlijk gevordert en de verdere negotiegoederen<lb/> ook veel minder als bevorens.<lb/></p><note xml:id="INT_865dec7b-7e74-3a54-ba61-9df42c4684f2.TEI.1.text.1.body.1.div.1.note.16" xml:lang="nl" place="inline" type="editorial-summary" resp="editor" rend="font-style: italic; line-height: 14.4pt; text-indent: 30.0pt; text-align: justify; font-size: 11" xmlns="http://www.tei-c.org/ns/1.0">( De eis van benodigdheden is zo matig opgesteld dat Batavia Heren XVII vraagt<lb/> deze volledig te voldoen.)<lb/></note><fw xml:id="INT_865dec7b-7e74-3a54-ba61-9df42c4684f2.TEI.1.text.1.body.1.div.1.fw.3" type="bottom-page-number">13</fw>
            
      </div>
                  </body>
                </text>
              </TEI>