<TEI xml:id="INT_5894a69d-76d6-3093-afb9-214e1c9d25dd" xmlns="http://www.tei-c.org/ns/1.0">
                <teiHeader>
      <fileDesc>
        <titleStmt>
          <title>Mossel, Van der Waeyen, Van der Parra, Van der Spar, Van de Velde, Van Rheede, De Nijs, Van Bazel, Hooreman, Van Hohendorf, Van Riemsdijk, Schreuder en De Klerk, 13 april 1756</title>
        </titleStmt>
        <publicationStmt>
          <p>
            <date>13 april 1756</date>
            <idno type="sourceID">missiven:vol13</idno>
            <idno type="pid">INT_5894a69d-76d6-3093-afb9-214e1c9d25dd</idno>
          </p>
        </publicationStmt>
        <notesStmt>
          <note/>
        </notesStmt>
        <sourceDesc>
          <listBibl xml:id="inlMetadata">
            <bibl type="missive">
        <interpGrp type="page"><interp>1</interp></interpGrp>
        
      <interpGrp type="titleLevel1"><interp>Mossel, Van der Waeyen, Van der Parra, Van der Spar, Van de Velde, Van Rheede, De Nijs, Van Bazel, Hooreman, Van Hohendorf, Van Riemsdijk, Schreuder en De Klerk, 13 april 1756</interp></interpGrp>
      <interpGrp type="dateLevel1"><interp>13 april 1756</interp></interpGrp>
        <interpGrp type="tocLevel"><interp>1</interp></interpGrp>
      <interpGrp type="volume"><interp>13</interp></interpGrp>
        <interpGrp type="n"><interp>XXVII</interp></interpGrp>
      
      <interpGrp type="witnessYearLevel1_from"><interp>1756</interp></interpGrp>
      <interpGrp type="witnessYearLevel1_to"><interp>1756</interp></interpGrp>
      <interpGrp type="witnessMonthLevel1_to"><interp>4</interp></interpGrp>
      <interpGrp type="witnessMonthLevel1_from"><interp>4</interp></interpGrp>
      <interpGrp type="witnessDayLevel1_to"><interp>13</interp></interpGrp>
      <interpGrp type="witnessDayLevel1_from"><interp>13</interp></interpGrp>
      <interpGrp type="authorLevel1"><interp>Mossel</interp><interp>Van der Waeyen</interp><interp>Van der Parra</interp><interp>Van der Spar</interp><interp>Van de Velde</interp><interp>Van Rheede</interp><interp>De Nijs</interp><interp>Van Bazel</interp><interp>Hooreman</interp><interp>Van Hohendorf</interp><interp>Van Riemsdijk</interp><interp>Schreuder</interp><interp>De Klerk</interp></interpGrp>
      <interpGrp type="pid"><interp>INT_5894a69d-76d6-3093-afb9-214e1c9d25dd</interp></interpGrp>
    </bibl>
          </listBibl>
        </sourceDesc>
      </fileDesc>
    </teiHeader>
                <text xml:id="INT_5894a69d-76d6-3093-afb9-214e1c9d25dd.TEI.1.text.1">
                  <body xml:id="INT_5894a69d-76d6-3093-afb9-214e1c9d25dd.TEI.1.text.1.body.1">
                    <div xml:id="INT_5894a69d-76d6-3093-afb9-214e1c9d25dd.TEI.1.text.1.body.1.div.1"><div xml:id="INT_5894a69d-76d6-3093-afb9-214e1c9d25dd.TEI.1.text.1.body.1.div.1.div.1" type="subdivision_for_sake_of_validation">
        
              <pb xml:id="INT_5894a69d-76d6-3093-afb9-214e1c9d25dd.TEI.1.text.1.body.1.div.1.div.1.pb.1" n="1" facs="http://resources.huygens.knaw.nl/retroapp/service_generalemissiven/gm_13/images/generale_missiven_gs258_001.tif"/><fw xml:id="INT_5894a69d-76d6-3093-afb9-214e1c9d25dd.TEI.1.text.1.body.1.div.1.div.1.fw.1" place="top" type="head" facs="#zone.1896274" xmlns="http://www.tei-c.org/ns/1.0">Jacob Mossel, 13 april 1756 - 29 april 1761</fw><head xml:id="INT_5894a69d-76d6-3093-afb9-214e1c9d25dd.TEI.1.text.1.body.1.div.1.div.1.head.1" xml:lang="nl" rend="font-size: 12; text-align: justify; line-height: 14.4pt" xmlns="http://www.tei-c.org/ns/1.0">XXVII. JACOB MOSSEL, JACOB VAN DER WAEYEN, PETRUS ALBERTUS<lb/> VAN DER PARRA, JURGEN VAN DER SPAR, PIETER VAN DE VELDE,<lb/> DITHARD VAN RHEEDE, ADRIAAN DE NIJS, HUIJBERT WILLEM VAN<lb/> BAZEL, LIBRECHT HOOREMAN, JOAN ANDREAS VAN HOHENDORF,<lb/> JEREMIAS VAN RIEMSDIJK, JAN SCHREUDER en REYNIER DE KLERK,<lb/> BATAVIA 13 april 1756.<lb/></head><p xml:id="INT_5894a69d-76d6-3093-afb9-214e1c9d25dd.TEI.1.text.1.body.1.div.1.div.1.p.1" xml:lang="nl" rend="font-size: 10.5; text-align: justify; line-height: 14.4pt" xmlns="http://www.tei-c.org/ns/1.0">Kol. Arch. 2758, VOC 2866, fol. 30-52.<lb/></p><note xml:id="INT_5894a69d-76d6-3093-afb9-214e1c9d25dd.TEI.1.text.1.body.1.div.1.div.1.note.1" xml:lang="nl" place="inline" type="editorial-summary" resp="editor" rend="font-style: italic; line-height: 14.4pt; text-indent: 30.0pt; text-align: justify; font-weight: bold; font-size: 11" xmlns="http://www.tei-c.org/ns/1.0">{De retourschepen zijn in januari 1756 met de brieven van 31 december 1755 vertrokken.<lb/> In antwoord op de voorjaarsbrief van Heren XVII van 12 april 1755 wordt voor<lb/> de goedkeuring van de aanstellingsacten van schrijvers te Cheribon naar desbetreffende<lb/> resolutie verwezen. Op verzoek van Johanna Oosterhout, weduwe van schipper Jan Pakmor,<lb/> wordt bericht dat volgens resolutie van 11 juli 1750 te Colombo f 1704 licht of f 1363 zwaar<lb/> geld op Pakmors rekening is bijgeschreven, maar dat te Batavia gemachtigden f 261 in de<lb/> kas gestort hebben, waarvoor de doodrekening van Pakmor gecrediteerd wordt. Gouverneur<lb/> Roelof Blok is per de Eendracht naar Makassar vertrokken en gouverneur Abraham<lb/> Abeleven per de Deunisveld in februari naar Ternate. Die tijd zijn de barken de Buis en de<lb/> Rijder naar het onbekende Zuidland vertrokken met instructies d.d. 6 februari 1756.)<lb/></note><p xml:id="INT_5894a69d-76d6-3093-afb9-214e1c9d25dd.TEI.1.text.1.body.1.div.1.div.1.p.2" xml:lang="nl" rend="font-size: 10.5; font-variant: small-caps; text-align: justify; line-height: 14.4pt" xmlns="http://www.tei-c.org/ns/1.0">Timor<lb/></p><p xml:id="INT_5894a69d-76d6-3093-afb9-214e1c9d25dd.TEI.1.text.1.body.1.div.1.div.1.p.3" resp="int_paragraph_joining" rend="">
              Timor heeft men van zoveel gewigt in zeekeren opsigte g’agt dat daarover eene<lb xmlns="http://www.tei-c.org/ns/1.0"/> ernstige secrete besoigne gehouden hebben op den 26e februarij, waarbij besloten is<lb xmlns="http://www.tei-c.org/ns/1.0"/> den sabander Paravicini (die in de Palembangse commissie blijken van bequaamheyd<lb xmlns="http://www.tei-c.org/ns/1.0"/> en trouw gegeeven had) als commissaris derwaarts te zenden, teneynde met alle de<lb xmlns="http://www.tei-c.org/ns/1.0"/> inlandse vorsten de contracten te vernieuwen, of tot ons over te locken die nog niet<lb xmlns="http://www.tei-c.org/ns/1.0"/> door verbonden g’attacheerd mogten zijn, wijders met de Portugeesen tot exclusie van<lb xmlns="http://www.tei-c.org/ns/1.0"/> andere te handelen. Hebbende tot meerder securiteyt 100 man medegegeeven om daar<lb xmlns="http://www.tei-c.org/ns/1.0"/> te blijven militeeren, insteerende nogmalen dat Uw Edele Hoogachtbare gelieven te<lb xmlns="http://www.tei-c.org/ns/1.0"/> betragten de Portugeese etablissementen en regten aldaar teegen andere op de cust<lb xmlns="http://www.tei-c.org/ns/1.0"/> van Mallabaar te verwisselen. Bij voorsz. geleegentheyd is teregt van pas gekomen de<lb xmlns="http://www.tei-c.org/ns/1.0"/> consideratiën over Timor door desselfs beschrijver, den raad extraordinair Reijnier de<lb xmlns="http://www.tei-c.org/ns/1.0"/> Klerk, reeds uyt de grond op den papiere gebragt, ’twelk den commissaris van veel nut<lb xmlns="http://www.tei-c.org/ns/1.0"/> zal konnen weesen in desselfs commissie. Na welkers aflopinge denselven Banjermassen<lb xmlns="http://www.tei-c.org/ns/1.0"/> zal aangieren en daarmede zijne commissie oeffenen, dat seer noodsakelijk schijnd,<lb xmlns="http://www.tei-c.org/ns/1.0"/> mits de sobere aanbrengen van peeper voor de Compagnie en om de verschillen tusschen<lb xmlns="http://www.tei-c.org/ns/1.0"/> den koning en kroonprins ten goede te beslissen.<lb xmlns="http://www.tei-c.org/ns/1.0"/>Palembang<lb xmlns="http://www.tei-c.org/ns/1.0"/>
            </p><note xml:id="INT_5894a69d-76d6-3093-afb9-214e1c9d25dd.TEI.1.text.1.body.1.div.1.div.1.note.2" xml:lang="nl" place="inline" type="editorial-summary" resp="editor" rend="font-style: italic; line-height: 14.4pt; text-indent: 30.0pt; text-align: justify; font-weight: bold; font-size: 11" xmlns="http://www.tei-c.org/ns/1.0">{Dat uit Palembang vroeg in de tijd 1.000.000 Ib tin is ontvangen, belooft een goede<lb/> inkoop van tin en peper, maar Spaanse realen om te betalen ontbreken; de bark de Mossel<lb/> is er onlangs zonder geld naartoe gezonden.<lb/></note><fw xml:id="INT_5894a69d-76d6-3093-afb9-214e1c9d25dd.TEI.1.text.1.body.1.div.1.div.1.fw.2" type="bottom-page-number">1</fw><pb xml:id="INT_5894a69d-76d6-3093-afb9-214e1c9d25dd.TEI.1.text.1.body.1.div.1.div.1.pb.2" n="2" facs="http://resources.huygens.knaw.nl/retroapp/service_generalemissiven/gm_13/images/generale_missiven_gs258_002.tif"/><fw xml:id="INT_5894a69d-76d6-3093-afb9-214e1c9d25dd.TEI.1.text.1.body.1.div.1.div.1.fw.3" place="top" type="head" facs="#zone.2174805" xmlns="http://www.tei-c.org/ns/1.0">Mossel XXVII 13 april 1756</fw><p xml:id="INT_5894a69d-76d6-3093-afb9-214e1c9d25dd.TEI.1.text.1.body.1.div.1.div.1.p.4" xml:lang="nl" rend="font-size: 10.5; text-align: justify; line-height: 14.7pt" xmlns="http://www.tei-c.org/ns/1.0">SlAM<lb/></p><note xml:id="INT_5894a69d-76d6-3093-afb9-214e1c9d25dd.TEI.1.text.1.body.1.div.1.div.1.note.3" xml:lang="nl" place="inline" type="editorial-summary" resp="editor" rend="font-style: italic; line-height: 14.7pt; text-indent: 32.0pt; text-align: justify; font-size: 11" xmlns="http://www.tei-c.org/ns/1.0">Per de Appelboom en de Voorland is uit Siam aangevoerd 580 Siamse last rijst,<lb/> 480.000 Ib sapanhout, 84.390 Ib tin enz. samen ter waarde van f 77.846. Met de Elswoud<lb/> werd uit Siam voor Ceylon 490 last rijst vervoerd en als passagiers Siamse gezanten en<lb/> priesters, maar schipper Dirk Steyne verzeilde het schip boven Batticaloa.<lb/></note><p xml:id="INT_5894a69d-76d6-3093-afb9-214e1c9d25dd.TEI.1.text.1.body.1.div.1.div.1.p.5" xml:lang="nl" rend="font-size: 10.5; font-variant: small-caps; text-align: justify; line-height: 14.4pt" xmlns="http://www.tei-c.org/ns/1.0">China<lb/></p><note xml:id="INT_5894a69d-76d6-3093-afb9-214e1c9d25dd.TEI.1.text.1.body.1.div.1.div.1.note.4" xml:lang="nl" place="inline" type="editorial-summary" resp="editor" rend="font-style: italic; line-height: 14.4pt; text-indent: 32.0pt; text-align: justify; font-size: 11" xmlns="http://www.tei-c.org/ns/1.0">Uit China hebben de retourschepen de Sloten en de Getrouwigheid ultimo januari<lb/> 1756 Bantam gepasseerd met lading respectievelijk van f 733.531 en f 398.416, exclusief<lb/> goud ter waarde van f 140.480 te Batavia af gegeven. Op 21 maart 1756 is het directe<lb/> schip de Giessenburg te Batavia aangekomen met directeur en lading ter waarde van<lb/> f 491.130 aan goud, zink, porselein, zijde stoffen enz., waaronder het restant goud ter<lb/> waarde van f 292.298. Te China is verkocht voor f 505.978, de lasten bedroegen f 96.401,<lb/> netto inkomsten dus f 409.577, en van het Suratse schip voor f 64.713, na aftrek van<lb/> de lasten f 48.238. Besteld werd onder een voorschot ruim drie ton goud van omtrent<lb/> 21 karaat tegen f 312. Wegens goede kwaliteit en omdat pas later met koopwaren<lb/> tegen marktprijs betaald hoeft te worden, is geaccepteerd 1152 pikol thee bohea d taël<lb/> 10,5, 621 pikol congo a taël 17,5 en 1451 pikol souchong a taël 21,5. Voor de vaart van<lb/> de Engelsen op Limpho of Chusan wordt verwezen naar het bericht uit december 1755<lb/> en naar de secrete resolutie van 21 februari 1756)<lb/></note><p xml:id="INT_5894a69d-76d6-3093-afb9-214e1c9d25dd.TEI.1.text.1.body.1.div.1.div.1.p.6" resp="int_paragraph_joining" rend="">
              - met bijvoeging dat, volgens berigt onser Cantonse carga’s, geen de minste<lb xmlns="http://www.tei-c.org/ns/1.0"/>kans zal weesen die vaart te doen verbieden, also de gouverneur van Limpho, van meerder<lb xmlns="http://www.tei-c.org/ns/1.0"/> aansien als die van Canton, reets volkomen permissie voor den aanstaande gegeeven<lb xmlns="http://www.tei-c.org/ns/1.0"/> heeft met toestemming van het hof, zullende apparent het volgende jaar meede twee<lb xmlns="http://www.tei-c.org/ns/1.0"/> carga’s aldaar overblijven. Haren voomaamsten inkoop heeft bestaan in zijde, welke ze<lb xmlns="http://www.tei-c.org/ns/1.0"/> egter redelijk duur betaald hebben tot ... tail ’t picol, of na hare reekening a 72 stuyvers<lb xmlns="http://www.tei-c.org/ns/1.0"/> d’ tail tot <hi rend="font-size:11; font-family:Liberation Serif; font-style:italic" xml:lang="nl" xmlns="http://www.tei-c.org/ns/1.0">f</hi> <hi rend="font-size:12; font-family:Liberation Serif; font-style:italic; letter-spacing:1.0pt" xml:lang="nl" xmlns="http://www.tei-c.org/ns/1.0">...</hi> ’t lb. Daarenboven maakt de bark vragt tusschen Limpho en Chusan<lb xmlns="http://www.tei-c.org/ns/1.0"/> een merkelijke verswaring, die egter niet wel te vermijden is dewijl in die tusschenwijte<lb xmlns="http://www.tei-c.org/ns/1.0"/> sware stroomen loopen op een diepte van 40 a 50 vadem en de baar voor de rivier<lb xmlns="http://www.tei-c.org/ns/1.0"/> maar 18 voeten water houd. Zulx de Limpose negotie vrij onkostbaarder met Chineese<lb xmlns="http://www.tei-c.org/ns/1.0"/> jonken kan gedreeven worden, hoewel die weder dikwils gevaar lopen van de rijse na<lb xmlns="http://www.tei-c.org/ns/1.0"/> Batavia niet te konnen gewinnen. Egter schijnd dit voor de Nederlandsche Compagnie<lb xmlns="http://www.tei-c.org/ns/1.0"/> preferabel en daarom heeft men besloten hen toe te seggen een lading peper, tin en lood<lb xmlns="http://www.tei-c.org/ns/1.0"/> tegens de bevorens gewone prijsen. Waarenboven w’ stipt zullen doen letten dat d’ Engelsche<lb xmlns="http://www.tei-c.org/ns/1.0"/> scheepen hier op Batavia of onderweg niet voorsien werden van zodanige waren<lb xmlns="http://www.tei-c.org/ns/1.0"/> als Limpo trekt en doorgaans tot de lading van een jonk derwaart diend. Terwijl ook<lb xmlns="http://www.tei-c.org/ns/1.0"/> alle Chinase waren die van elders buyten den weg der ordinaire jonken te Batavia of Java<lb xmlns="http://www.tei-c.org/ns/1.0"/> en Macasser werden ingevoerd, met 1 5 procent tol hebben beswaard, in hope door deese<lb xmlns="http://www.tei-c.org/ns/1.0"/> weegen deese nieuwe avanturiers dien handel onvoordeelig te maken en hun weder te<lb xmlns="http://www.tei-c.org/ns/1.0"/> doen blijven bij de vaart op Canton tot gerustheyd van de Nederlandse Compagnie.<lb xmlns="http://www.tei-c.org/ns/1.0"/> Fol. 34v-36r.<lb xmlns="http://www.tei-c.org/ns/1.0"/>
            </p></div><div xml:id="INT_5894a69d-76d6-3093-afb9-214e1c9d25dd.TEI.1.text.1.body.1.div.1.div.2" type="subdivision_for_sake_of_validation"><head xml:id="INT_5894a69d-76d6-3093-afb9-214e1c9d25dd.TEI.1.text.1.body.1.div.1.div.2.head.1" xml:lang="nl" rend="font-size: 10.5; text-align: justify; line-height: 14.7pt" xmlns="http://www.tei-c.org/ns/1.0">COCHIN CHINE<lb/></head><note xml:id="INT_5894a69d-76d6-3093-afb9-214e1c9d25dd.TEI.1.text.1.body.1.div.1.div.2.note.1" xml:lang="nl" place="inline" type="editorial-summary" resp="editor" rend="font-style: italic; line-height: 14.7pt; text-indent: 32.0pt; text-align: justify; font-size: 11" xmlns="http://www.tei-c.org/ns/1.0">( De dienaren te Cochin Chine schreven 2 december 1 755 dat ze in het midden van<lb/> de maand zouden vertrekken.<lb/></note><p xml:id="INT_5894a69d-76d6-3093-afb9-214e1c9d25dd.TEI.1.text.1.body.1.div.1.div.2.p.1" xml:lang="nl" rend="font-size: 10.5; font-variant: small-caps; text-align: justify; line-height: 14.4pt" xmlns="http://www.tei-c.org/ns/1.0">Malakka<lb/></p><note xml:id="INT_5894a69d-76d6-3093-afb9-214e1c9d25dd.TEI.1.text.1.body.1.div.1.div.2.note.2" xml:lang="nl" place="inline" type="editorial-summary" resp="editor" rend="font-style: italic; line-height: 14.4pt; text-indent: 32.0pt; text-align: justify; font-size: 11" xmlns="http://www.tei-c.org/ns/1.0">Omdat Malakka schepen onnodig vasthoudt, is 23 maart 1756 besloten te bevelen<lb/> deze direct door te zenden op straffe van boete. De zaak zal onderzocht worden. )<lb/></note><fw xml:id="INT_5894a69d-76d6-3093-afb9-214e1c9d25dd.TEI.1.text.1.body.1.div.1.div.2.fw.1" type="bottom-page-number">2</fw><pb xml:id="INT_5894a69d-76d6-3093-afb9-214e1c9d25dd.TEI.1.text.1.body.1.div.1.div.2.pb.1" n="3" facs="http://resources.huygens.knaw.nl/retroapp/service_generalemissiven/gm_13/images/generale_missiven_gs258_003.tif"/><fw xml:id="INT_5894a69d-76d6-3093-afb9-214e1c9d25dd.TEI.1.text.1.body.1.div.1.div.2.fw.2" place="top" type="head" facs="#zone.2448807" xmlns="http://www.tei-c.org/ns/1.0">Mossel XXVII 13 april 1756</fw><p xml:id="INT_5894a69d-76d6-3093-afb9-214e1c9d25dd.TEI.1.text.1.body.1.div.1.div.2.p.2" xml:lang="nl" rend="font-size: 10.5; font-variant: small-caps; line-height: 14.4pt" xmlns="http://www.tei-c.org/ns/1.0">Sumatra’s Westkust<lb/></p><p xml:id="INT_5894a69d-76d6-3093-afb9-214e1c9d25dd.TEI.1.text.1.body.1.div.1.div.2.p.3" xml:lang="nl" rend="font-size: 12; text-align: justify; line-height: 14.4pt; text-indent: 30.0pt" xmlns="http://www.tei-c.org/ns/1.0">Bij aparte en gemeene van 25 december, 23 januarij en 2 maart jongstleeden van<lb/><hi rend="font-size:12; font-family:Liberation Serif; text-decoration:underline" xml:lang="nl">Padang</hi> communiceeren de ministers de nieuwe vijandelijke invasie en postvatting der<lb/> Engelschen in de baay Tappianoelie, hebbende een der regenten aldaar het onder den<lb/> 27e december 1755 met ons gesloten contract afgedwongen, waarbij de beyde hoofdregenten<lb/> van dat district niet alleen hun landen in volle eygendom aan de Compagnie,<lb/> maar zig ook als onderdanen stellen, mits de Compagnie hen dan ter zee tegen<lb/> hunne vijanden beschermden, tegen welke inbreuk door den Barosen resident Challies<lb/> wel geprotesteert was den <hi rend="font-size:12; font-family:Liberation Serif; text-decoration:underline" xml:lang="nl">15e</hi> <hi rend="font-size:12; font-family:Liberation Serif; text-decoration:underline" xml:lang="nl">februari).</hi> dog waaraan die natie zig weynig kreunde.<lb/> Waarom de ministers ordres en magt versoeken om door geweld weder die landen te<lb/> occupeeren en daardoor hunne verdere temeraire ondernemingen te stuyten, en dus<lb/> teffens onse gemaakte contracten te onderhouden in ’t bewijsen onser hulpe aan de<lb/> regenten. Waarop bij secrete resolutie van den 23e maart besloten is ’t ministerie van<lb/> Bancahoeloe eerst in bondige en ernstige termen te protesteeren jegens voorschreven<lb/> geweldadig gedoente en mede eclattante satisfactie te eysschen wegens nog een<lb/> ander geval, of delosie, aan het wapen van onse souverein door een Engelsch capitain<lb/> Damn genaamt gedaan, door het afrukken van een merkpaal met het wapen voormeld<lb/> Compagniesweegen op Poelo Babij bezuyden Natter gesteld, volgens missive van daar<lb/> van 29 september 1755. Voor voldoenend antwoord op alle desen niet alleen, maar ook<lb/> evacuatie van de baay en ’t district Tappianoulie, mitsgaders herstelling van alles op<lb/> de cust op den vorigen voet etc., of dat men ons door kragt van wapenen zal tragten<lb/> te maintineeren, latende voor hun reekening de gevolgen. Voorts van Ayer Bangis,<lb/> aan deese zijde Natter gelegen, possessie te neemen en aldaar een fortje te extrueeren<lb/> en met militie te besetten.<lb/></p><p xml:id="INT_5894a69d-76d6-3093-afb9-214e1c9d25dd.TEI.1.text.1.body.1.div.1.div.2.p.4" resp="int_paragraph_joining" rend="">
              Teffens de regenten aan te sporen om de Engelschen uyt hunne landen te verdrijven,<lb xmlns="http://www.tei-c.org/ns/1.0"/> met qualificatie aan de ministers om hen met kruyt, lood enz. en desnoods<lb xmlns="http://www.tei-c.org/ns/1.0"/> met inlandse militairen te adsisteeren, ook te beloven dat men hen alsdan mede ter zee<lb xmlns="http://www.tei-c.org/ns/1.0"/> zal adsisteeren.<lb xmlns="http://www.tei-c.org/ns/1.0"/>Bengalen<lb xmlns="http://www.tei-c.org/ns/1.0"/>
            </p><note xml:id="INT_5894a69d-76d6-3093-afb9-214e1c9d25dd.TEI.1.text.1.body.1.div.1.div.2.note.3" xml:lang="nl" place="inline" type="editorial-summary" resp="editor" rend="font-style: italic; line-height: 14.4pt; text-indent: 30.0pt; text-align: justify; font-size: 11" xmlns="http://www.tei-c.org/ns/1.0">( Van Bengalen zijn in januari en maart 1 756 aangekomen de Scholtenburg met<lb/> 400 kisten opium en 2000 zakken salpeter en de Vosmaar met 800 kisten opium en<lb/> 1750 zakken salpeter, gezamenlijke waarde inclusief enige andere goederen f 845.235.<lb/> De dienaren daar zijn bij resolutie van 6 april 1756 gemachtigd en aangespoord om het<lb/> grootste gedeelte van de salpeter door inpachting te verwerven. Dit besluit zal met de<lb/> binnenkort vertrekkende schepen de Vosmaar en de Voorburg, die zo mogelijk 10 ton goud<lb/> en zilver zullen meenemen, overgebracht worden.<lb/></note></div><div xml:id="INT_5894a69d-76d6-3093-afb9-214e1c9d25dd.TEI.1.text.1.body.1.div.1.div.3" type="subdivision_for_sake_of_validation"><head xml:id="INT_5894a69d-76d6-3093-afb9-214e1c9d25dd.TEI.1.text.1.body.1.div.1.div.3.head.1" xml:lang="nl" rend="font-size: 10.5; line-height: 14.4pt" xmlns="http://www.tei-c.org/ns/1.0">COROMANDEL EN CEYLON<lb/></head><note xml:id="INT_5894a69d-76d6-3093-afb9-214e1c9d25dd.TEI.1.text.1.body.1.div.1.div.3.note.1" xml:lang="nl" place="inline" type="editorial-summary" resp="editor" rend="font-style: italic; line-height: 14.4pt; text-indent: 30.0pt; text-align: justify; font-size: 11" xmlns="http://www.tei-c.org/ns/1.0">De kopiebrieven van Coromandel en Ceylon komen rechtstreeks met de Ceylonse<lb/> retourschepen. De Voorland zal met vijf ton goud daarheen gezonden worden.<lb/></note><p xml:id="INT_5894a69d-76d6-3093-afb9-214e1c9d25dd.TEI.1.text.1.body.1.div.1.div.3.p.1" xml:lang="nl" rend="font-size: 10.5; font-variant: small-caps; line-height: 14.4pt" xmlns="http://www.tei-c.org/ns/1.0">Arakan<lb/></p><note xml:id="INT_5894a69d-76d6-3093-afb9-214e1c9d25dd.TEI.1.text.1.body.1.div.1.div.3.note.2" xml:lang="nl" place="inline" type="editorial-summary" resp="editor" rend="font-style: italic; line-height: 14.4pt; text-indent: 30.0pt; text-align: justify; font-size: 11" xmlns="http://www.tei-c.org/ns/1.0">De brieven uit Arakan van 28 april, 1 augustus, 7 oktober, 29 november 1755 en<lb/> 7 januari 1756 zijn pas in januari en maart 1756 via Bengalen ontvangen. De dienaren<lb/> zijn daar via Mergui op 26 januari 1755 aangekomen; ze werden er slecht behandeld<lb/> en konden alleen wat ijzer, staal en kleinigheden verkopen, en 60 last rijst en wat olifantstanden<lb/> inkopen. Wegens het verlopen van de moesson en gebrek aan proviand waren zij<lb/></note><fw xml:id="INT_5894a69d-76d6-3093-afb9-214e1c9d25dd.TEI.1.text.1.body.1.div.1.div.3.fw.1" type="bottom-page-number">3</fw><pb xml:id="INT_5894a69d-76d6-3093-afb9-214e1c9d25dd.TEI.1.text.1.body.1.div.1.div.3.pb.1" n="4" facs="http://resources.huygens.knaw.nl/retroapp/service_generalemissiven/gm_13/images/generale_missiven_gs258_004.tif"/><fw xml:id="INT_5894a69d-76d6-3093-afb9-214e1c9d25dd.TEI.1.text.1.body.1.div.1.div.3.fw.2" place="top" type="head" facs="#zone.2735744" xmlns="http://www.tei-c.org/ns/1.0">Mossel XXVII 13 april 1756</fw><note xml:id="INT_5894a69d-76d6-3093-afb9-214e1c9d25dd.TEI.1.text.1.body.1.div.1.div.3.note.3" xml:lang="nl" place="inline" type="editorial-summary" resp="editor" rend="font-size: 11; font-style: italic; text-align: justify; line-height: 14.4pt" xmlns="http://www.tei-c.org/ns/1.0">15 september 1755 naar Bengalen af gevaren, daar 23 september aangekomen en 29 november<lb/> weer vertrokken met 13.500 ropias om in Pegu rijst te kopen voor Coromandel en<lb/> Ceylon ; zie brief van 7 januari 1 756. Op 29 december 1 755 waren zij daar aangekomen.<lb/> Zij waren daar door de koning goed ontvangen en er was hen een lading rijst toe gezegd.<lb/></note><p xml:id="INT_5894a69d-76d6-3093-afb9-214e1c9d25dd.TEI.1.text.1.body.1.div.1.div.3.p.2" xml:lang="nl" rend="font-size: 10.5; font-variant: small-caps; text-align: justify; line-height: 14.7pt" xmlns="http://www.tei-c.org/ns/1.0">Malabar<lb/></p><note xml:id="INT_5894a69d-76d6-3093-afb9-214e1c9d25dd.TEI.1.text.1.body.1.div.1.div.3.note.4" xml:lang="nl" place="inline" type="editorial-summary" resp="editor" rend="font-style: italic; line-height: 14.7pt; text-indent: 32.0pt; text-align: justify; font-size: 11" xmlns="http://www.tei-c.org/ns/1.0">Uit Cochin is 29 maart 1756 de Buitenzorg aangekomen met brieven van 6 en<lb/> 9 februari 1756 en 420.900 Ib peper, 150 last rijst en andere goederen gezamenlijk waard<lb/> f153.098.)<lb/></note><p xml:id="INT_5894a69d-76d6-3093-afb9-214e1c9d25dd.TEI.1.text.1.body.1.div.1.div.3.p.3" xml:lang="nl" rend="font-size: 10.5; text-align: justify; line-height: 14.4pt" xmlns="http://www.tei-c.org/ns/1.0">SURAT<lb/></p><p xml:id="INT_5894a69d-76d6-3093-afb9-214e1c9d25dd.TEI.1.text.1.body.1.div.1.div.3.p.4" xml:lang="nl" rend="font-size: 12; text-align: justify; line-height: 14.4pt; text-indent: 32.0pt" xmlns="http://www.tei-c.org/ns/1.0">Met Mariënbosch is in februari ontfangen ’t Sourats schrijvens van 24 december<lb/> 1755 met narigt dat Bloemendaal van Mocha gereverteert was, en op dien handel<lb/> een zuyver advans behaeld van ƒ 88.868,-. Welke bodem ze wegens sware leccagie in<lb/> de rivier hadden moeten halen om te repareeren en schoon te maken, wanneer door<lb/> onvoorsigtigheyd des loots op een bank gebragt zijnde, vervolgens op de wal was<lb/> gebarsten.<lb/></p><p xml:id="INT_5894a69d-76d6-3093-afb9-214e1c9d25dd.TEI.1.text.1.body.1.div.1.div.3.p.5" xml:lang="nl" rend="font-size: 12; text-align: justify; line-height: 14.4pt; text-indent: 32.0pt" xmlns="http://www.tei-c.org/ns/1.0">Een Fransch schip van Mauritius aldaar aangekomen met 500.000 lb. zuyker en<lb/> 500.000 lb. ijser, was daardoor, en door ’t insluyten der stad door de Geniems, de<lb/> debiet dier goederen gering, egter gingen de overige redelijk van de hand.<lb/></p><note xml:id="INT_5894a69d-76d6-3093-afb9-214e1c9d25dd.TEI.1.text.1.body.1.div.1.div.3.note.5" xml:lang="nl" place="inline" type="editorial-summary" resp="editor" rend="font-style: italic; line-height: 14.4pt; text-indent: 32.0pt; text-align: justify; font-size: 11" xmlns="http://www.tei-c.org/ns/1.0">(Te Surat is in 1755 verkocht voor f 692.100; hierop werd ontvangen f 943.423 of<lb/> 136$%o. De lading van de Mariënbos bedraagt f 214.686 en van de Luxemburg met de<lb/> pakken en balen voor Ceylon f 486.779.)<lb/></note><p xml:id="INT_5894a69d-76d6-3093-afb9-214e1c9d25dd.TEI.1.text.1.body.1.div.1.div.3.p.6" xml:lang="nl" rend="font-size: 12; text-align: justify; line-height: 14.4pt; text-indent: 32.0pt" xmlns="http://www.tei-c.org/ns/1.0">Met het eerstgemelde schip zijn de overige verloste uyt de slavernij der Angreanen<lb/> overgekomen, onder welke de schipper Boot c.s. aan ons overgegeven hebben<lb/> een relaas van ’t gevegt met deselve, waarbij consteerende dat ze zig in die actie als<lb/> wakkere mannen gekweeten hebben. Heeft men zig bij resolutie van den 19e maart<lb/> jongstleeden over hunne conduite voldaan gehouden en hare gagiën wederom cours<lb/> laten neemen van dien dag af dat te Souratta g’arriveert zijn.<lb/></p><p xml:id="INT_5894a69d-76d6-3093-afb9-214e1c9d25dd.TEI.1.text.1.body.1.div.1.div.3.p.7" xml:lang="nl" rend="font-size: 12; text-align: justify; line-height: 14.4pt; text-indent: 32.0pt" xmlns="http://www.tei-c.org/ns/1.0">Uyt der ministers aparte brief van 25 december 1755 blijkt wat offertes dien<lb/> rover ons heeft laten doen van de inruyming eener sterkte etc., teneynde ons tot<lb/> adsistentie tegen den Bassijnder, geconjungeert met de Engelschen, te beweegen.<lb/></p><p xml:id="INT_5894a69d-76d6-3093-afb9-214e1c9d25dd.TEI.1.text.1.body.1.div.1.div.3.p.8" xml:lang="nl" rend="font-size: 12; text-align: justify; line-height: 14.4pt; text-indent: 32.0pt" xmlns="http://www.tei-c.org/ns/1.0">Bassijn leverde veel stoffe tot reflexie uyt, doordien de Engelschen den handel<lb/> aldaar alleen begeeren en de Franschen desselfs possessie mede eysschende, terwijl<lb/> hunne armee, onder commando van den heer Bussij, in aantogt was tegen den vorst<lb/> Nanna, bij welken de Engelschen thans gezien zijn wegens hunne adsistentie in ’t uytvoeren<lb/> van desselfs project ter onderbrenging van den Angria, schoon die vorst aan<lb/> den commissiant Kronenburg en bij brief aan den directeur de grootste verseekering<lb/> van zijn gunst gedaan heeft, waarvan de uytvoering beloofd, nadat het voormelde<lb/> project uytgevoert zal weesen. Staande de verdere verrigtingen door den commissiant<lb/> bij zijn optogt na den voornoemde Nanna vermeld bij desselfs gewisselde brieven,<lb/> waarin mede voordeelige voorslagen der voornaamste kooplieden om met ons te handelen<lb/> aangehaald werden.<lb/></p><note xml:id="INT_5894a69d-76d6-3093-afb9-214e1c9d25dd.TEI.1.text.1.body.1.div.1.div.3.note.6" xml:lang="nl" place="inline" type="editorial-summary" resp="editor" rend="font-size: 11; font-style: italic; text-align: justify; line-height: 14.4pt" xmlns="http://www.tei-c.org/ns/1.0"><hi rend="font-size:10.5; font-family:Liberation Serif; font-variant:small-caps" xml:lang="nl">Kharg</hi> (Uit een brief van 27 september 1755 via Malabar uit Kharg ontvangen blijkt<lb/> dat de handel daar, wegens onrust in het Perzische rijk, weinig vordert.<lb/></note><fw xml:id="INT_5894a69d-76d6-3093-afb9-214e1c9d25dd.TEI.1.text.1.body.1.div.1.div.3.fw.3" type="bottom-page-number">4</fw><pb xml:id="INT_5894a69d-76d6-3093-afb9-214e1c9d25dd.TEI.1.text.1.body.1.div.1.div.3.pb.2" n="5" facs="http://resources.huygens.knaw.nl/retroapp/service_generalemissiven/gm_13/images/generale_missiven_gs258_005.tif"/><fw xml:id="INT_5894a69d-76d6-3093-afb9-214e1c9d25dd.TEI.1.text.1.body.1.div.1.div.3.fw.4" place="top" type="head" facs="#zone.3025462" xmlns="http://www.tei-c.org/ns/1.0">Mossel XXVII 13 april 1756</fw><p xml:id="INT_5894a69d-76d6-3093-afb9-214e1c9d25dd.TEI.1.text.1.body.1.div.1.div.3.p.9" xml:lang="nl" rend="font-variant: small-caps; line-height: 14.4pt; text-align: justify; font-weight: bold; font-size: 10" xmlns="http://www.tei-c.org/ns/1.0">Java’s Oostkust<lb/></p><note xml:id="INT_5894a69d-76d6-3093-afb9-214e1c9d25dd.TEI.1.text.1.body.1.div.1.div.3.note.7" xml:lang="nl" place="inline" type="editorial-summary" resp="editor" rend="font-style: italic; line-height: 14.4pt; text-indent: 30.0pt; text-align: justify; font-size: 12" xmlns="http://www.tei-c.org/ns/1.0">De gouverneur van Java houdt de briefwisseling met Mas Said open)<lb/></note><p xml:id="INT_5894a69d-76d6-3093-afb9-214e1c9d25dd.TEI.1.text.1.body.1.div.1.div.3.p.10" xml:lang="nl" rend="font-size: 12; text-align: justify; line-height: 14.4pt; text-indent: 30.0pt" xmlns="http://www.tei-c.org/ns/1.0">- welke ook op ’t nieuw twee gezanten aan ons overgezonden heeft, schijnende<lb/> volgens ’t schrijven van den gouverneur <hi rend="font-size:12; font-family:Liberation Serif; text-decoration:underline" xml:lang="nl">thans een derde gedeelte van Java,</hi><lb/>gelijkstandig met de twee keysers <hi rend="font-size:12; font-family:Liberation Serif; text-decoration:underline" xml:lang="nl">te bedoelen1.</hi> Intusschen had desel ve zijne vossestreken<lb/> egter niet konnen nalaten, maar had in december in ’t Pranaragasche en vervolgens<lb/> in ’t Padjangse getragt in te dringen, van waar egter met verlies afgeslagen en<lb/> geretireert was.<lb/></p><p xml:id="INT_5894a69d-76d6-3093-afb9-214e1c9d25dd.TEI.1.text.1.body.1.div.1.div.3.p.11" xml:lang="nl" rend="font-size: 12; text-align: justify; line-height: 14.4pt; text-indent: 30.0pt" xmlns="http://www.tei-c.org/ns/1.0">En had de gouverneur de rijksbestierders der twee vorsten bij zig ontboden om,<lb/> ingevolge onse aanschrijving, serieus te beramen efïicacieuse middelen, waardoor Said<lb/> t’ onder of een eynd van de twisten zoude konnen werden te wege gebragt, en ons dienaangaande<lb/> van desselfs consideratiën te dienen.<lb/></p><note xml:id="INT_5894a69d-76d6-3093-afb9-214e1c9d25dd.TEI.1.text.1.body.1.div.1.div.3.note.8" xml:lang="nl" place="inline" type="editorial-summary" resp="editor" rend="font-style: italic; line-height: 14.4pt; text-indent: 30.0pt; text-align: justify; font-size: 12" xmlns="http://www.tei-c.org/ns/1.0">( Conform het voorgestelde in de memorie van bezuiniging voor Batavia van<lb/> 30 december 1755 is 3 februari 1756 de ordonnantie van het kleinzegel zo veranderd dat<lb/> de commissie - en aktegelden voor de zeeofficieren voortaan voor de Compagnie zullen<lb/> zijn, en is 5 maart beschikt over de boetes eerder aan de Academie de Marine en het<lb/> Seminarium opgelegd)<lb/></note><p xml:id="INT_5894a69d-76d6-3093-afb9-214e1c9d25dd.TEI.1.text.1.body.1.div.1.div.3.p.12" resp="int_paragraph_joining" rend="">
              - mitsgaders besloten de Maleytsche drukkerij omme vooreerst het Oude<lb xmlns="http://www.tei-c.org/ns/1.0"/>Testament, ’tgeen bijna g’absolveert is, te laten voltooyen en afdrukken, dog alsdan<lb xmlns="http://www.tei-c.org/ns/1.0"/> omtrent het Nieuwe nader te disponeeren.<lb xmlns="http://www.tei-c.org/ns/1.0"/>
            </p><p xml:id="INT_5894a69d-76d6-3093-afb9-214e1c9d25dd.TEI.1.text.1.body.1.div.1.div.3.p.13" xml:lang="nl" rend="font-size: 12; text-align: justify; line-height: 14.4pt; text-indent: 30.0pt" xmlns="http://www.tei-c.org/ns/1.0">Voorts der scholarchen narigt gevordert nopens de middelen tot propagatie der<lb/> christelijke religie onder de heydenen. Blijvende het vervolg, mits de indispositie van<lb/> den gouverneur-generaal, nog leggen tot na ’t vertrek deses.<lb/></p><note xml:id="INT_5894a69d-76d6-3093-afb9-214e1c9d25dd.TEI.1.text.1.body.1.div.1.div.3.note.9" xml:lang="nl" place="inline" type="editorial-summary" resp="editor" rend="font-style: italic; line-height: 14.4pt; text-indent: 30.0pt; text-align: justify; font-size: 12" xmlns="http://www.tei-c.org/ns/1.0">( Het rapport van de secunde Jan Drabbe van 25 april 1 755 over het verlies op de<lb/> Suratse gerassen, salempuris, dotifs en ponnebegesjes - zie resolutie GG en Raden<lb/> 8 oktober 1754 - is onvoldoende bevonden. Op 27 februari 1756 is besloten dat degenen<lb/> die deze textiel hebben gesorteerd en aangenomen, de Compagnie de schade moeten<lb/> vergoeden. Te Batavia zijn aangekomen de Bosschenhove op 4 januari, de Slot van<lb/> Kapel le op 13 januari, de Welgelegen op 14 januari, de Osdorp en de Sparenrijk op<lb/> 18 januari 1756; de Bosschenhove zal via China voor de kamer Amsterdam repatriëren,<lb/> de Welgelegen voor Enkhuizen, waaraan nog twee retourschepen toegevoegd zullen worden.<lb/> De schepen uit Nederland, die in strijd met de resolutie van de Heren XVII van<lb/> 8 april 1755 van geschut, ammunitie en kruit voorzien zijn, zullen volgens besluit van<lb/> 22 maart 1756 bewapend worden. Bovendien zullen alle schepen in Azië, of die gebruikt<lb/> worden voor een expeditie, naar de grootte van hun lading bewapend worden <hi rend="font-size:4; font-family:Liberation Serif" xml:lang="nl">-</hi> zie<lb/> resolutie van 22 maart 1756 -, die met de grootste lading voor de kust van Java met<lb/> 2000 Ib buskruit, die met een kleinere lading met 1600 Ib. De schepen op de rede van<lb/> Batavia en verder uit de wal zullen, indien nodig, door het admiraalschip dat daarvoor<lb/> 10.000 Ib aan boord heeft, van buskruit voorzien worden. Wegens de onzekerheid in<lb/> Europa zijn bij resolutie van 31 december 1755 maatregelen ter verdediging van Batavia<lb/> en andere kantoren voorbereid; zie geheime resolutie van 22 maart 1756. Het opperhoofd<lb/> van het generaal soldijkantoor heeft op 2 maart 1756 een rapport ingediend over<lb/> herstel van slordigheden en fouten in de soldij- en hospitaalboeken; zie hierover resolutie<lb/> van 15 september 1755, patriase brief van 12 april 1755 en de antwoorden in de<lb/></note><note xml:id="INT_5894a69d-76d6-3093-afb9-214e1c9d25dd.TEI.1.text.1.body.1.div.1.div.3.note.10" xml:lang="nl" rend="font-size: 10; font-weight: bold; vertical-align: super; line-height: 11.1pt" xmlns="http://www.tei-c.org/ns/1.0">1 <hi rend="font-size:10; font-family:Liberation Serif; font-weight:bold" xml:lang="nl">‘te bedoelen’ bedoeld lijkt tot doel te hebben, d.w.z. aanspraak te maken op.</hi><lb/></note><fw xml:id="INT_5894a69d-76d6-3093-afb9-214e1c9d25dd.TEI.1.text.1.body.1.div.1.div.3.fw.5" type="bottom-page-number">5</fw><pb xml:id="INT_5894a69d-76d6-3093-afb9-214e1c9d25dd.TEI.1.text.1.body.1.div.1.div.3.pb.3" n="6" facs="http://resources.huygens.knaw.nl/retroapp/service_generalemissiven/gm_13/images/generale_missiven_gs258_006.tif"/><fw xml:id="INT_5894a69d-76d6-3093-afb9-214e1c9d25dd.TEI.1.text.1.body.1.div.1.div.3.fw.6" place="top" type="head" facs="#zone.3330127" xmlns="http://www.tei-c.org/ns/1.0">Mossel XXVII 13 april 1756</fw><note xml:id="INT_5894a69d-76d6-3093-afb9-214e1c9d25dd.TEI.1.text.1.body.1.div.1.div.3.note.11" xml:lang="nl" place="inline" type="editorial-summary" resp="editor" rend="font-size: 11; font-style: italic; line-height: 14.4pt" xmlns="http://www.tei-c.org/ns/1.0">marge hierop waaruit blijkt hoe het daarmee staat. Al deze stukken met bijlagen worden<lb/> naar de Heren XVII overgezonden. )<lb/></note><p xml:id="INT_5894a69d-76d6-3093-afb9-214e1c9d25dd.TEI.1.text.1.body.1.div.1.div.3.p.14" xml:lang="nl" rend="font-size: 12; text-align: justify; line-height: 14.4pt; text-indent: 32.0pt" xmlns="http://www.tei-c.org/ns/1.0">En op desselfs voorstel de resolutie deser regeering van den 12e december 1737<lb/> te amplieeren, dat de afbetaling hier te lande der tevoren staande zoldijen zal mogen<lb/> geschieden aan personen, welker verbonden tijd g’expireert is, schoon zig in geen nieuw<lb/> verband engageeren, item aan die in burgervrijdom overgaan, en daartoe alomme consent<lb/> te verleenen, teneynde te profiteeren van de grote winst die de betaling in India<lb/> de Compagnie toebrengt en te beletten ’t verkopen der dienaren zoldijreekening.<lb/></p><note xml:id="INT_5894a69d-76d6-3093-afb9-214e1c9d25dd.TEI.1.text.1.body.1.div.1.div.3.note.12" xml:lang="nl" place="inline" type="editorial-summary" resp="editor" rend="font-style: italic; line-height: 14.4pt; text-indent: 32.0pt; text-align: justify; font-size: 11" xmlns="http://www.tei-c.org/ns/1.0">( Op verzoek van landdrost Louis Pijl van 2 maart 1 756 is het vonnis van de Raad<lb/> van Justitie in de zaak tussen hem en Elzo Sterrenberg herzien. )<lb/></note><p xml:id="INT_5894a69d-76d6-3093-afb9-214e1c9d25dd.TEI.1.text.1.body.1.div.1.div.3.p.15" resp="int_paragraph_joining" rend="">
              De staatreekening der generale boeken van 1753/54 is den 30e maart ingedient,<lb xmlns="http://www.tei-c.org/ns/1.0"/> waarbij de Compagnie ten agteren is geraakt ƒ 846.109,15,8.<lb xmlns="http://www.tei-c.org/ns/1.0"/>Hebbende de generale winsten bedragen ƒ 9.258.632,9,10<lb xmlns="http://www.tei-c.org/ns/1.0"/>en de generale lasten ƒ 8.908.967,-, 14<lb xmlns="http://www.tei-c.org/ns/1.0"/>dus meer winsten dan lasten ƒ 349.665, 8,12<lb xmlns="http://www.tei-c.org/ns/1.0"/>Dog door meerdere ingenomene nadeelige posten<lb xmlns="http://www.tei-c.org/ns/1.0"/>van voorjarige reekening, aan onkosten<lb xmlns="http://www.tei-c.org/ns/1.0"/>van oorlog en verliesen ter zee tot ƒ 1.195.775, 4, -<lb xmlns="http://www.tei-c.org/ns/1.0"/>India’s vermindering ƒ 846.109,15, 4<lb xmlns="http://www.tei-c.org/ns/1.0"/>Waartegen weder ten voordeele komt het meerdere ontfangene<lb xmlns="http://www.tei-c.org/ns/1.0"/> uyt Nederland als aan retouren versondene tot ƒ 480.800,15, -<lb xmlns="http://www.tei-c.org/ns/1.0"/>India’s capitaal eygentlijk vermindert ƒ 365.309, -, 4<lb xmlns="http://www.tei-c.org/ns/1.0"/>Blijvende onder uit. augustus 1754 groot een montant van ƒ37.264.727,2,-.<lb xmlns="http://www.tei-c.org/ns/1.0"/>
            </p><note xml:id="INT_5894a69d-76d6-3093-afb9-214e1c9d25dd.TEI.1.text.1.body.1.div.1.div.3.note.13" xml:lang="nl" place="inline" type="editorial-summary" resp="editor" rend="font-style: italic; line-height: 14.4pt; text-indent: 32.0pt; text-align: justify; font-size: 11" xmlns="http://www.tei-c.org/ns/1.0">( Het grote achterstal van de kamers Delft en Rotterdam in de liquidatie van het<lb/> jongste retour d. d. 6 april 1 756 zal men met de Bengaalse retouren proberen te vereffenen.<lb/> Verzocht wordt de eis van contanten precies te voldoen, en vooral 500.000 Spaanse<lb/> peso's van achten voor de inkoop van tin en peper en 100.000 voor China; in totaal wordt<lb/> buiten China ruim 1.300.000 gevraagd. )<lb/></note><p xml:id="INT_5894a69d-76d6-3093-afb9-214e1c9d25dd.TEI.1.text.1.body.1.div.1.div.3.p.16" xml:lang="nl" rend="font-size: 12; text-align: justify; line-height: 14.4pt; text-indent: 32.0pt" xmlns="http://www.tei-c.org/ns/1.0">Wijders bevind men het goud niet zo voordeelig als de ducaten, en dewijl niet<lb/> weeten hoe met de stilstand der handel van China na Batavia aan genoegsaam goud<lb/> zullen komen, versoeken w’ dat de g’eyschte <hi rend="font-size:10; font-family:Liberation Serif; font-weight:bold" xml:lang="nl">85</hi> thon aan ducaten en <hi rend="font-size:10; font-family:Liberation Serif; font-weight:bold" xml:lang="nl">1</hi> aan goud, tesamen<lb/> tot 9^ thon aan ducaten mogen voldaan werden, zijnde alle zoorten van ducaten<lb/> en wigtige of onwigtige gewild, als maar na rato van ’t mingewigt <hi rend="font-size:12; font-family:Liberation Serif; text-decoration:underline" xml:lang="nl">goedkoper2</hi> betaald<lb/> werden. Want, schoon de Nederlandsche gecartelde alleen tot den penning voor Batavia<lb/> dienen, zo konnen d’ andere zelfs daarmede wel na hare waarde aan de man raken.<lb/> En schoon ’t eyndelijk zover gekomen is dat de ducaten te Tutucorijn hare waarde niet<lb/> konnen halen, om de misselijke fanumreekening, en daarom na Mallabaar gezonden<lb/> zijn, mag egter Ceylon wel ƒ 100.000 aan ducaten erlangen, dewijl tegen pagoden verwisseld<lb/> gelijk ’t behoord, nog wel zullen uytkomen.<lb/></p><note xml:id="INT_5894a69d-76d6-3093-afb9-214e1c9d25dd.TEI.1.text.1.body.1.div.1.div.3.note.14" xml:lang="nl" place="inline" type="editorial-summary" resp="editor" rend="font-style: italic; line-height: 14.4pt; text-indent: 32.0pt; text-align: justify; font-size: 11" xmlns="http://www.tei-c.org/ns/1.0">(Op 19 maart 1756 is besloten f 97. 799 in contant op assignaties voor Nederland<lb/> te accepteren welke met de Batavier verzonden zullen worden. Met dit schip worden<lb/> tevens pelterijen uit Limpho verscheept met verzoek te berichten voor welke prijs ze verkocht<lb/> zijn of zouden kunnen worden, en of er meer gestuurd moeten worden. Er is tevens<lb/></note><note xml:id="INT_5894a69d-76d6-3093-afb9-214e1c9d25dd.TEI.1.text.1.body.1.div.1.div.3.note.15" xml:lang="nl" rend="font-size: 10.5; vertical-align: super; line-height: 11.6pt" xmlns="http://www.tei-c.org/ns/1.0">2 <hi rend="font-size:10.5; font-family:Liberation Serif" xml:lang="nl">In interlinie toegevoegd</hi> <hi rend="font-size:10.5; font-family:Liberation Serif; text-decoration:underline" xml:lang="nl">beterkoop.</hi><lb/></note><fw xml:id="INT_5894a69d-76d6-3093-afb9-214e1c9d25dd.TEI.1.text.1.body.1.div.1.div.3.fw.7" type="bottom-page-number">6</fw><pb xml:id="INT_5894a69d-76d6-3093-afb9-214e1c9d25dd.TEI.1.text.1.body.1.div.1.div.3.pb.4" n="7" facs="http://resources.huygens.knaw.nl/retroapp/service_generalemissiven/gm_13/images/generale_missiven_gs258_007.tif"/><fw xml:id="INT_5894a69d-76d6-3093-afb9-214e1c9d25dd.TEI.1.text.1.body.1.div.1.div.3.fw.8" place="top" type="head" facs="#zone.22906" xmlns="http://www.tei-c.org/ns/1.0">Mossel XXVII 13 april 1756</fw><note xml:id="INT_5894a69d-76d6-3093-afb9-214e1c9d25dd.TEI.1.text.1.body.1.div.1.div.3.note.16" xml:lang="nl" place="inline" type="editorial-summary" resp="editor" rend="font-size: 11; font-style: italic; text-align: justify; line-height: 14.4pt" xmlns="http://www.tei-c.org/ns/1.0">groot gebrek aan geld, volk en masthout. Tin uit Palembang kan niet betaald worden,<lb/> het Bataviaas garnizoen bestaat uit 1103 man, buitenposten en diverse dienstdoenden uit<lb/> 391 man, schepen op de rede hebben bijna geen volk, schepen met beschadigd rondhout<lb/> moeten voor anker blijven. Daarom wordt dringend verzocht de eis aan geld te voldoen,<lb/> de schepen zoveel mogelijk volk mee te geven, vooral van de kamers waar het makkelijk<lb/> te verkrijgen is en ook boven het bepaalde aantal, Azië ruim van masthout te voorzien<lb/> en vooral in het eerste jaar twee schepen tegelijk te zenden. Bovendien wordt gevraagd<lb/> om, als er wat zou verongelukken, het aan te vullen, want van de eis kan niets gemist<lb/> worden. Op een onbetamelijk stuk van de Raad van Justitie, waar president Librecht<lb/> Hooreman achter zit, en op een dito brief zijn bij geheim besluit van 13 april 1756 opmerkingen<lb/> geplaatst. Heren XVII wordt verzocht te beslissen tot het weren van wanorde en<lb/> tot genoegdoening van GG en Raden. Bij het sluiten van deze brief arriveerde het Rotterdamse<lb/> schip Blijdorp met maar twee doden. Zo kwam er wat volk, maar dat helpt weinig,<lb/> omdat de Kaap er veel volk afhaalde voor de retourschepen )<lb/></note><p xml:id="INT_5894a69d-76d6-3093-afb9-214e1c9d25dd.TEI.1.text.1.body.1.div.1.div.3.p.17" xml:lang="nl" rend="margin-left: 3000; line-height: 14.4pt; text-align: justify; font-weight: bold; font-size: 11" xmlns="http://www.tei-c.org/ns/1.0">- en dat sommige scheepen al half uytgestorven zijn eer aan de Caab komen,<lb/></p><p xml:id="INT_5894a69d-76d6-3093-afb9-214e1c9d25dd.TEI.1.text.1.body.1.div.1.div.3.p.18" xml:lang="nl" rend="font-size: 11; font-weight: bold; text-align: justify; line-height: 14.4pt" xmlns="http://www.tei-c.org/ns/1.0">waarvan insonderheyd de Barbera Theodora ten exempel kan strekken. En waartegen<lb/> niet veel raad weeten, hoewel ’t verstrekken van 12 mutsjes water de man in de<lb/> warmte g’oordeelt werd een der beste behoedselen te wesen voor <hi rend="font-size:11; font-family:Liberation Serif; font-weight:bold; text-decoration:underline" xml:lang="nl">scheurbutieuse</hi> siektens.<lb/> Zodat U Wel Edele Hoogachtb. alweder moeten versoeken ’t voorsz. in consideratie<lb/> te neemen en India daarvoor weder buytengewoon te assisteeren.<lb/></p><note xml:id="INT_5894a69d-76d6-3093-afb9-214e1c9d25dd.TEI.1.text.1.body.1.div.1.div.3.note.17" xml:lang="nl" place="inline" type="editorial-summary" resp="editor" rend="font-style: italic; line-height: 14.4pt; text-indent: 30.0pt; text-align: justify; font-size: 11" xmlns="http://www.tei-c.org/ns/1.0">( De lading van de Batavier, waarmee deze missive wordt verzonden, bestaat voornamelijk<lb/> uit salpeter, sapanhout en gember, voor een totale waarde van f 45.431.)<lb/></note><fw xml:id="INT_5894a69d-76d6-3093-afb9-214e1c9d25dd.TEI.1.text.1.body.1.div.1.div.3.fw.9" type="bottom-page-number">7</fw>
            
      </div></div>
                  </body>
                </text>
              </TEI>