<TEI xml:id="INT_303225f7-704e-3934-ad65-d58b8347968b" xmlns="http://www.tei-c.org/ns/1.0">
                <teiHeader>
      <fileDesc>
        <titleStmt>
          <title>Mossel, Van der Waeyen, Van der Parra, Van der Spar, De Nijs, Van Bazel, Hooreman, Van Hohendorf, Van Riemsdijk, De Klerk en Van Mijlendonk, 25 april 1760</title>
        </titleStmt>
        <publicationStmt>
          <p>
            <date>25 april 1760</date>
            <idno type="sourceID">missiven:vol13</idno>
            <idno type="pid">INT_303225f7-704e-3934-ad65-d58b8347968b</idno>
          </p>
        </publicationStmt>
        <notesStmt>
          <note/>
        </notesStmt>
        <sourceDesc>
          <listBibl xml:id="inlMetadata">
            <bibl type="missive">
        <interpGrp type="page"><interp>477</interp></interpGrp>
        
      <interpGrp type="titleLevel1"><interp>Mossel, Van der Waeyen, Van der Parra, Van der Spar, De Nijs, Van Bazel, Hooreman, Van Hohendorf, Van Riemsdijk, De Klerk en Van Mijlendonk, 25 april 1760</interp></interpGrp>
      <interpGrp type="dateLevel1"><interp>25 april 1760</interp></interpGrp>
        <interpGrp type="tocLevel"><interp>1</interp></interpGrp>
      <interpGrp type="volume"><interp>13</interp></interpGrp>
        <interpGrp type="n"><interp>XXXIX</interp></interpGrp>
      
      <interpGrp type="witnessYearLevel1_from"><interp>1760</interp></interpGrp>
      <interpGrp type="witnessYearLevel1_to"><interp>1760</interp></interpGrp>
      <interpGrp type="witnessMonthLevel1_to"><interp>4</interp></interpGrp>
      <interpGrp type="witnessMonthLevel1_from"><interp>4</interp></interpGrp>
      <interpGrp type="witnessDayLevel1_to"><interp>25</interp></interpGrp>
      <interpGrp type="witnessDayLevel1_from"><interp>25</interp></interpGrp>
      <interpGrp type="authorLevel1"><interp>Mossel</interp><interp>Van der Waeyen</interp><interp>Van der Parra</interp><interp>Van der Spar</interp><interp>De Nijs</interp><interp>Van Bazel</interp><interp>Hooreman</interp><interp>Van Hohendorf</interp><interp>Van Riemsdijk</interp><interp>De Klerk</interp><interp>Van Mijlendonk</interp></interpGrp>
      <interpGrp type="pid"><interp>INT_303225f7-704e-3934-ad65-d58b8347968b</interp></interpGrp>
    </bibl>
          </listBibl>
        </sourceDesc>
      </fileDesc>
    </teiHeader>
                <text xml:id="INT_303225f7-704e-3934-ad65-d58b8347968b.TEI.1.text.1">
                  <body xml:id="INT_303225f7-704e-3934-ad65-d58b8347968b.TEI.1.text.1.body.1">
                    <div xml:id="INT_303225f7-704e-3934-ad65-d58b8347968b.TEI.1.text.1.body.1.div.1"><div xml:id="INT_303225f7-704e-3934-ad65-d58b8347968b.TEI.1.text.1.body.1.div.1.div.1" type="subdivision_for_sake_of_validation">
        
              <pb xml:id="INT_303225f7-704e-3934-ad65-d58b8347968b.TEI.1.text.1.body.1.div.1.div.1.pb.1" n="477" facs="http://resources.huygens.knaw.nl/retroapp/service_generalemissiven/gm_13/images/generale_missiven_gs258_477.tif"/><head xml:id="INT_303225f7-704e-3934-ad65-d58b8347968b.TEI.1.text.1.body.1.div.1.div.1.head.1" xml:lang="nl" rend="font-size: 12; text-align: justify; line-height: 14.7pt" xmlns="http://www.tei-c.org/ns/1.0">XXXIX. JACOB MOSSEL, JACOB VAN DER WAEYEN, PETRUS ALBERTUS<lb/> VAN DER PARRA, JURGEN VAN DER SPAR, ADRIAAN DE NIJS, HUIJBERT<lb/> WILLEM VAN BAZEL, LIBRECHT HOOREMAN, JOAN ANDREAS<lb/> VAN HOHENDORF, JEREMIAS VAN RIEMSDIJK, REYNIER DE KLERK en<lb/> JAN ELI AS VAN MIJLENDONK, BATAVIA 25 april 1760.<lb/></head><p xml:id="INT_303225f7-704e-3934-ad65-d58b8347968b.TEI.1.text.1.body.1.div.1.div.1.p.1" xml:lang="nl" rend="font-size: 12; text-align: justify; line-height: 14.7pt" xmlns="http://www.tei-c.org/ns/1.0">Kol. Arch. 2838, VOC 2946, fol. 2528-2547.<lb/></p><note xml:id="INT_303225f7-704e-3934-ad65-d58b8347968b.TEI.1.text.1.body.1.div.1.div.1.note.1" xml:lang="nl" place="inline" type="editorial-summary" resp="editor" rend="font-style: italic; line-height: 14.4pt; text-indent: 31.0pt; text-align: justify; font-size: 11" xmlns="http://www.tei-c.org/ns/1.0">(In de generale brief van 31 december 1759 werd de hoop uitgesproken dat in<lb/> het voorjaar met de Blijdorp de laatste berichten verzonden konden worden. Helaas<lb/> kwamen er geen schepen aan uit Coromandel, Ceylon, Malabar en Perzië. Uit Surat<lb/> kwam de Waakzaamheid aan, die op 17 januari 1760 vandaar was vertrokken. Een<lb/> maand eerder was het Hof d’ Uno met de vaderlandse retourlading vandaar naar Ceylon<lb/> vertrokken. De geruchten over de slechte ontwikkelingen in Bengalen die de Blijdorp<lb/> meebracht, werden met de komst van de Bleiswijk op 9 april 1760 bevestigd. Onder<lb/> Bengalen wordt dit behandeld. Over de vier oosterse provincies is niets van belang te melden.<lb/><lb/></note><p xml:id="INT_303225f7-704e-3934-ad65-d58b8347968b.TEI.1.text.1.body.1.div.1.div.1.p.2" xml:lang="nl" rend="font-size: 12; font-variant: small-caps; text-align: justify; line-height: 14.4pt" xmlns="http://www.tei-c.org/ns/1.0">Bandjarmasin<lb/></p><note xml:id="INT_303225f7-704e-3934-ad65-d58b8347968b.TEI.1.text.1.body.1.div.1.div.1.note.2" xml:lang="nl" place="inline" type="editorial-summary" resp="editor" rend="font-style: italic; line-height: 14.4pt; text-indent: 31.0pt; text-align: justify; font-size: 11" xmlns="http://www.tei-c.org/ns/1.0">De nieuwe resident Lodewijk Wilkens de Lite is met de Batavier en <hi rend="font-size:12; font-family:Liberation Serif" xml:lang="nl">ƒ</hi> 182.000 aan<lb/> contanten naar Bandjarmasin vertrokken.)<lb/></note><p xml:id="INT_303225f7-704e-3934-ad65-d58b8347968b.TEI.1.text.1.body.1.div.1.div.1.p.3" xml:lang="nl" rend="font-size: 12; font-variant: small-caps; text-align: justify; line-height: 14.4pt" xmlns="http://www.tei-c.org/ns/1.0">Palembang<lb/></p><p xml:id="INT_303225f7-704e-3934-ad65-d58b8347968b.TEI.1.text.1.body.1.div.1.div.1.p.4" resp="int_paragraph_joining" rend="">
              Palembang is, op de gerugten dat Radja Mahomet, door den sulthan van Jambie<lb xmlns="http://www.tei-c.org/ns/1.0"/> aangezogt, het Palembangsche rijk met eenen inval dreygde, het schip de Zeelelij<lb xmlns="http://www.tei-c.org/ns/1.0"/> gezonden, <hi rend="font-size:12; font-family:Liberation Serif; text-decoration:underline" xml:lang="nl" xmlns="http://www.tei-c.org/ns/1.0">om de rivier</hi> tegens die rovers te beveyligen. Waarbij we den 28e maart geresolveert<lb xmlns="http://www.tei-c.org/ns/1.0"/> hebben ’t schip Zuyderburg te voegen, op de vandaar bekomen advisen dat<lb xmlns="http://www.tei-c.org/ns/1.0"/> gemelde Radja Mahomet eerlang met een grote magt stond af te komen. Om deeze<lb xmlns="http://www.tei-c.org/ns/1.0"/> redenen hebben wij ook den sulthan van Palembang <hi rend="font-size:12; font-family:Liberation Serif; text-decoration:underline" xml:lang="nl" xmlns="http://www.tei-c.org/ns/1.0">het bouwen</hi> te Rembang van <hi rend="font-size:12; font-family:Liberation Serif; text-decoration:underline" xml:lang="nl" xmlns="http://www.tei-c.org/ns/1.0">tien</hi><lb xmlns="http://www.tei-c.org/ns/1.0"/><hi rend="font-size:12; font-family:Liberation Serif; text-decoration:underline" xml:lang="nl" xmlns="http://www.tei-c.org/ns/1.0">klevne</hi> vaartuygen, die hij tegen de rovers staat te gebruyken, ingewilligt.<lb xmlns="http://www.tei-c.org/ns/1.0"/>Djambi<lb xmlns="http://www.tei-c.org/ns/1.0"/>
            </p><p xml:id="INT_303225f7-704e-3934-ad65-d58b8347968b.TEI.1.text.1.body.1.div.1.div.1.p.5" resp="int_paragraph_joining" rend="">
              Het comptoir te Jambie moest reets, volgens de ordre van de Palembangsche<lb xmlns="http://www.tei-c.org/ns/1.0"/> bediendens uyt vreese voor de rovers opgebroken zijn, maar de resident Rosier heeft<lb xmlns="http://www.tei-c.org/ns/1.0"/> zig, op de belofte van den sulthan dat hij aan het contract ten volle zoude voldoen,<lb xmlns="http://www.tei-c.org/ns/1.0"/> laten bewegen om daar nog wat te blijven.<lb xmlns="http://www.tei-c.org/ns/1.0"/>Japan<lb xmlns="http://www.tei-c.org/ns/1.0"/>
            </p><note xml:id="INT_303225f7-704e-3934-ad65-d58b8347968b.TEI.1.text.1.body.1.div.1.div.1.note.3" xml:lang="nl" place="inline" type="editorial-summary" resp="editor" rend="font-style: italic; line-height: 14.7pt; text-indent: 31.0pt; text-align: justify; font-size: 11" xmlns="http://www.tei-c.org/ns/1.0">( Uit Japan kwamen de Leimuiden, Zuid-Beveland en De Drie Papegaaien met een<lb/> lading t.w.v. <hi rend="font-size:12; font-family:Liberation Serif" xml:lang="nl">ƒ</hi> 553.537, waaronder de verwachte 15.000 kistjes koper, bij inkoop t.w.v.<lb/><hi rend="font-size:12; font-family:Liberation Serif" xml:lang="nl">ƒ</hi> 403.495, waarop na aftrek van alle lasten een winst van <hi rend="font-size:12; font-family:Liberation Serif" xml:lang="nl">ƒ</hi> 103.368, of 25$%o is behaald. )<lb/></note><fw xml:id="INT_303225f7-704e-3934-ad65-d58b8347968b.TEI.1.text.1.body.1.div.1.div.1.fw.1" type="bottom-page-number">477</fw><pb xml:id="INT_303225f7-704e-3934-ad65-d58b8347968b.TEI.1.text.1.body.1.div.1.div.1.pb.2" n="478" facs="http://resources.huygens.knaw.nl/retroapp/service_generalemissiven/gm_13/images/generale_missiven_gs258_478.tif"/><fw xml:id="INT_303225f7-704e-3934-ad65-d58b8347968b.TEI.1.text.1.body.1.div.1.div.1.fw.2" place="top" type="head" facs="#zone.2964467" xmlns="http://www.tei-c.org/ns/1.0">Mossel XXXIX 25 april 1760</fw><p xml:id="INT_303225f7-704e-3934-ad65-d58b8347968b.TEI.1.text.1.body.1.div.1.div.1.p.6" xml:lang="nl" rend="font-size: 12; font-variant: small-caps; text-align: justify; line-height: 14.4pt" xmlns="http://www.tei-c.org/ns/1.0">Malakka<lb/></p><p xml:id="INT_303225f7-704e-3934-ad65-d58b8347968b.TEI.1.text.1.body.1.div.1.div.1.p.7" xml:lang="nl" rend="font-size: 12; text-align: justify; line-height: 14.4pt; text-indent: 31.0pt" xmlns="http://www.tei-c.org/ns/1.0">Malacca zijn ons onlangs onaangename berigten toegekomen, alzo de ministers<lb/> melden dat Radja Mahomet den 5e november 1759 de post te Poelo Gontong, wier<lb/> commandant hem (dat onbegrijpelijk is) als vriend had laten binnenkomen, afgelopen<lb/> heeft, waarbij omtrent sestig <hi rend="font-size:12; font-family:Liberation Serif; text-decoration:underline" xml:lang="nl">Europeërs</hi> het leven verloren hebben, buyten dat<lb/> Mahomet zig daardoor meester heeft gezien van 19 stukken canon en een mortier. De<lb/> vrije vaart beoosten Malacca was voorts door zijne roverijen genoegsaam gestremt.<lb/> Wij hebben ons dus genoodzaakt gevonden om vier chaloupen en drie pantjallangs<lb/> tot weering der geweldenarijen derwaarts aan te leggen, die eerlang derwaarts staan<lb/> te vertrekken met de Javasche en Cheribonse vaartuygen welke zig onder hun convoi<lb/> willen begeven.<lb/></p><note xml:id="INT_303225f7-704e-3934-ad65-d58b8347968b.TEI.1.text.1.body.1.div.1.div.1.note.4" xml:lang="nl" place="inline" type="editorial-summary" resp="editor" rend="font-style: italic; line-height: 14.4pt; text-indent: 31.0pt; text-align: justify; font-size: 11" xmlns="http://www.tei-c.org/ns/1.0">( De Pasgeld zal deze schepen spoedig volgen. Het bestuur bericht dat het met Radja<lb/> Alam, een halfbroer van Radja Mahmud, een contract zal sluiten om deze te verdelgen.<lb/> Radja Alam zal daarvoor naar Malakka komen. In de brief van 22 april 1760 is hiervoor<lb/> toestemming gegeven.<lb/></note><p xml:id="INT_303225f7-704e-3934-ad65-d58b8347968b.TEI.1.text.1.body.1.div.1.div.1.p.8" xml:lang="nl" rend="font-size: 12; font-variant: small-caps; text-align: justify; line-height: 14.4pt" xmlns="http://www.tei-c.org/ns/1.0">China<lb/></p><note xml:id="INT_303225f7-704e-3934-ad65-d58b8347968b.TEI.1.text.1.body.1.div.1.div.1.note.5" xml:lang="nl" place="inline" type="editorial-summary" resp="editor" rend="font-style: italic; line-height: 14.4pt; text-indent: 31.0pt; text-align: justify; font-size: 11" xmlns="http://www.tei-c.org/ns/1.0">Uit China is 1294 mark , ofwel <hi rend="font-size:12; font-family:Liberation Serif" xml:lang="nl">ƒ</hi> 412.149, aan goud ontvangen. De schepen de<lb/></note><note xml:id="INT_303225f7-704e-3934-ad65-d58b8347968b.TEI.1.text.1.body.1.div.1.div.1.note.6" xml:lang="nl" place="inline" type="editorial-summary" resp="editor" rend="font-size: 11; font-style: italic; text-align: justify; line-height: 14.4pt" xmlns="http://www.tei-c.org/ns/1.0">Kronenburg, Vrouwe Geertruida en Vrouwe Petronella Maria hebben deze afgegeven in<lb/> Straat Sunda, maar over hun handel en lading werd niets vernomen.<lb/></note><p xml:id="INT_303225f7-704e-3934-ad65-d58b8347968b.TEI.1.text.1.body.1.div.1.div.1.p.9" xml:lang="nl" rend="font-size: 12; font-variant: small-caps; text-align: justify; line-height: 14.4pt" xmlns="http://www.tei-c.org/ns/1.0">Sumatra’s Westkust<lb/></p><note xml:id="INT_303225f7-704e-3934-ad65-d58b8347968b.TEI.1.text.1.body.1.div.1.div.1.note.7" xml:lang="nl" place="inline" type="editorial-summary" resp="editor" rend="font-style: italic; line-height: 14.4pt; text-indent: 31.0pt; text-align: justify; font-size: 11" xmlns="http://www.tei-c.org/ns/1.0">Van de eis van Sumatra’s Westkust van 856 pakken textiel is met de Waakzaamheid<lb/> 268 pakken voldaan om zo snel mogelijk van het grote restant, dat volgens de brief<lb/> van het bestuur van 22 januari 1760 nog 618 pakken bedroeg, af te komen. Met dat<lb/> schip is de eerste koopman van het kasteel Christiaan Lodewijk Senff als hoofd daarheen<lb/> gezonden om de huidige commandeur aldaar Fredrik van de Wal te vervangen. Deze<lb/> verzocht wegens zwakheid en daaruit voortkomend geheugenverlies zijn vervanging. Zijn<lb/> gage zal met het transport aan zijn opvolger stoppen, aangezien zijn vijfjarig verband pas<lb/> is begonnen. )<lb/></note><p xml:id="INT_303225f7-704e-3934-ad65-d58b8347968b.TEI.1.text.1.body.1.div.1.div.1.p.10" xml:lang="nl" rend="font-size: 12; text-align: justify; line-height: 14.4pt; text-indent: 31.0pt" xmlns="http://www.tei-c.org/ns/1.0">De bezittingen der Engelschen schijnen er niet verre van den ondergang, alzo<lb/> twee Fransche oorlogscheepen van 64 en 20 stukken niet alleen hunne sterkte te<lb/> Natter vermeestert, en aan de onzen overgegeven, maar ook den 15e maart hunne stevens<lb/> van Padang naar Bancahoeloe gewend hebben, om die vesting te overweldigen,<lb/> en, volgens hun zeggen, aan ons af te staan. Dog bij hun aanweesen ter eerstgemelde<lb/> plaatse hebben zij onze bediendens gedwongen <hi rend="font-size:12; font-family:Liberation Serif; text-decoration:underline" xml:lang="nl">negen</hi> soldaten, zijnde Franschen,<lb/> ofwel eer uyt Franschen dienst gedeserteert, aan hun over te leveren en voorts hunne<lb/> zieken en Engelsche krijgsgevangenen zonder voorafgaande permissie aan land<lb/> gezonden, dat met de voorgaande blijken van vriendschap geensints schijnd overeen<lb/> te komen.<lb/></p><note xml:id="INT_303225f7-704e-3934-ad65-d58b8347968b.TEI.1.text.1.body.1.div.1.div.1.note.8" xml:lang="nl" place="inline" type="editorial-summary" resp="editor" rend="font-style: italic; line-height: 14.4pt; text-indent: 31.0pt; text-align: justify; font-size: 11" xmlns="http://www.tei-c.org/ns/1.0">( Er is 22 april 1 760 besloten om te Natal en Tapanuli een kleine post aan te houden,<lb/> maar zich niet met de daar gebleven woningen, ammunitie etc. van de Engelsen te<lb/> bemoeien en zeker niet wat de onderhorigheden van Benkulen en de in beslag genomen<lb/> goederen betreft. Als de Engelsen zijn vertrokken, zal de peper waarmee de inlander<lb/> komt, ingekocht worden voor de Compagnie en het Bantamse. Men wacht bevelen in deze<lb/> van Heren XVII af.<lb/></note><fw xml:id="INT_303225f7-704e-3934-ad65-d58b8347968b.TEI.1.text.1.body.1.div.1.div.1.fw.3" type="bottom-page-number">478</fw><pb xml:id="INT_303225f7-704e-3934-ad65-d58b8347968b.TEI.1.text.1.body.1.div.1.div.1.pb.3" n="479" facs="http://resources.huygens.knaw.nl/retroapp/service_generalemissiven/gm_13/images/generale_missiven_gs258_479.tif"/><fw xml:id="INT_303225f7-704e-3934-ad65-d58b8347968b.TEI.1.text.1.body.1.div.1.div.1.fw.4" place="top" type="head" facs="#zone.2966845" xmlns="http://www.tei-c.org/ns/1.0">Mossel XXXIX 25 april 1760</fw><p xml:id="INT_303225f7-704e-3934-ad65-d58b8347968b.TEI.1.text.1.body.1.div.1.div.1.p.11" xml:lang="nl" rend="font-size: 10.5; font-variant: small-caps; line-height: 14.4pt" xmlns="http://www.tei-c.org/ns/1.0">Bengalen<lb/></p><note xml:id="INT_303225f7-704e-3934-ad65-d58b8347968b.TEI.1.text.1.body.1.div.1.div.1.note.9" xml:lang="nl" place="inline" type="editorial-summary" resp="editor" rend="font-style: italic; line-height: 14.4pt; text-indent: 31.0pt; text-align: justify; font-size: 11" xmlns="http://www.tei-c.org/ns/1.0">Het bestuur zal met de Welgelegen aan Heren XVII verslag hebben gedaan over<lb/> Bengalen. De berichten die de Bleiswijk naar Batavia bracht, worden in een geheime brief<lb/> behandeld.<lb/></note></div><div xml:id="INT_303225f7-704e-3934-ad65-d58b8347968b.TEI.1.text.1.body.1.div.1.div.2" type="subdivision_for_sake_of_validation"><head xml:id="INT_303225f7-704e-3934-ad65-d58b8347968b.TEI.1.text.1.body.1.div.1.div.2.head.1" xml:lang="nl" rend="font-size: 10.5; line-height: 14.4pt" xmlns="http://www.tei-c.org/ns/1.0">COROMANDEL<lb/></head><note xml:id="INT_303225f7-704e-3934-ad65-d58b8347968b.TEI.1.text.1.body.1.div.1.div.2.note.1" xml:lang="nl" place="inline" type="editorial-summary" resp="editor" rend="font-style: italic; line-height: 14.4pt; text-indent: 31.0pt; text-align: justify; font-size: 11" xmlns="http://www.tei-c.org/ns/1.0">In die geheime brief wordt ook bericht welke middelen ter beveiliging naar Coromandel<lb/> zijn gezonden. Daarheen is in februari 1760 met de Vredestein <hi rend="font-size:11.5; font-family:Liberation Serif" xml:lang="nl">ƒ</hi> 511. 738 aan goud<lb/> gezonden. Onder het schrijven van deze brief kwam de Hof d’ Uno op 16 april binnen.<lb/></note><p xml:id="INT_303225f7-704e-3934-ad65-d58b8347968b.TEI.1.text.1.body.1.div.1.div.2.p.1" xml:lang="nl" rend="font-size: 10.5; font-variant: small-caps; line-height: 14.4pt" xmlns="http://www.tei-c.org/ns/1.0">Ceylon<lb/></p><note xml:id="INT_303225f7-704e-3934-ad65-d58b8347968b.TEI.1.text.1.body.1.div.1.div.2.note.2" xml:lang="nl" place="inline" type="editorial-summary" resp="editor" rend="font-style: italic; line-height: 14.4pt; text-indent: 31.0pt; text-align: justify; font-size: 11" xmlns="http://www.tei-c.org/ns/1.0">Dit schip bracht een brief van 11 februari 1760 uit Ceylon. Daarvandaan waren op<lb/> 14 november 1759 de Tulpenburg en de Vrouwe Rebecca Jacoba en op 31 januari 1760 de<lb/> Liefde en de Vrijburg naar Nederland vertrokken met een retourlading t.w.v. <hi rend="font-size:11.5; font-family:Liberation Serif" xml:lang="nl">ƒ</hi> 1.101.350,<lb/> waaronder 560.000 Ib kaneel. Er was nog net gelegenheid om 116 pakken textiel die op<lb/> 30 januari met de Hof d' Uno te Galle aankwamen, in de laatste twee retourschepen over<lb/> te laden. Verder wordt verwezen naar de brief uit Ceylon aan Heren XVII van 23 januari<lb/> met de bijlagen aan de Hoge Regering.<lb/></note><p xml:id="INT_303225f7-704e-3934-ad65-d58b8347968b.TEI.1.text.1.body.1.div.1.div.2.p.2" xml:lang="nl" rend="font-size: 10.5; font-variant: small-caps; line-height: 11.6pt" xmlns="http://www.tei-c.org/ns/1.0">Malabar<lb/></p><note xml:id="INT_303225f7-704e-3934-ad65-d58b8347968b.TEI.1.text.1.body.1.div.1.div.2.note.3" xml:lang="nl" place="inline" type="editorial-summary" resp="editor" rend="font-style: italic; line-height: 14.4pt; text-indent: 31.0pt; text-align: justify; font-size: 11" xmlns="http://www.tei-c.org/ns/1.0">Voor Malabar wordt verwezen naar de brief vandaar van 26 oktober 1 759 aan Heren<lb/></note><note xml:id="INT_303225f7-704e-3934-ad65-d58b8347968b.TEI.1.text.1.body.1.div.1.div.2.note.4" xml:lang="nl" place="inline" type="editorial-summary" resp="editor" rend="font-size: 11; font-style: italic; line-height: 14.4pt" xmlns="http://www.tei-c.org/ns/1.0">XVII.<lb/></note><p xml:id="INT_303225f7-704e-3934-ad65-d58b8347968b.TEI.1.text.1.body.1.div.1.div.2.p.3" xml:lang="nl" rend="font-size: 10.5; line-height: 14.4pt" xmlns="http://www.tei-c.org/ns/1.0">SURAT<lb/></p><note xml:id="INT_303225f7-704e-3934-ad65-d58b8347968b.TEI.1.text.1.body.1.div.1.div.2.note.5" xml:lang="nl" place="inline" type="editorial-summary" resp="editor" rend="font-style: italic; line-height: 14.4pt; text-indent: 31.0pt; text-align: justify; font-size: 11" xmlns="http://www.tei-c.org/ns/1.0">De handel te Surat verloopt, ondanks de machinaties van de Engelsen, bevredigend.<lb/> De lading van de Lekkerland en Kattendijke is tegen redelijke prijzen verkocht.)<lb/></note><p xml:id="INT_303225f7-704e-3934-ad65-d58b8347968b.TEI.1.text.1.body.1.div.1.div.2.p.4" xml:lang="nl" rend="font-size: 11.5; text-align: justify; line-height: 14.4pt; text-indent: 31.0pt" xmlns="http://www.tei-c.org/ns/1.0">Voor ’t overige bleven er de Engelschen nogal even sterk hun meesterschap oeffenen,<lb/> hebbende van den mogol (die zedert vermoord, en door een agterkleynzoon van<lb/> den beroemden Aurengzeeb opgevolgt is) een firman gekregen, waarbij hunne compagnie<lb/> tot gouverneur van ’t casteel en de zeearmade te Souratta benoemd is, met een<lb/> jaarlijks inkomen van 200.000 ropijen.<lb/></p><note xml:id="INT_303225f7-704e-3934-ad65-d58b8347968b.TEI.1.text.1.body.1.div.1.div.2.note.6" xml:lang="nl" place="inline" type="editorial-summary" resp="editor" rend="font-style: italic; line-height: 14.4pt; text-indent: 31.0pt; text-align: justify; font-size: 11" xmlns="http://www.tei-c.org/ns/1.0">(De Waakzaamheid bracht uit Surat een lading t.w.v. f 332.921 aan, waaronder<lb/> 200.000 ropias. De Hof d' Uno vervoerde voor Nederland t.w.v. f 74.062 en voor Azië<lb/> t.w.v. f 257.355, terwijl de Jonge Jakob een lading t.w.v. f 78.669 naar Ceylon bracht,<lb/> waaronder f 66.688 voor Nederland. Dit vaartuig maakte zich te Ketsmanduwe meester<lb/> van een scheepje en joeg twee andere het strand op, waarmee een vordering op de vorst<lb/> ter plaatse voor eerder geroofde goederen is binnengehaald. Deze trachtte nu, zelfs via<lb/> de Engelsen en Compagnies makelaars, de vriendschap van de Compagnie te herwinnen.<lb/><hi rend="font-size:10.5; font-family:Liberation Serif; font-variant:small-caps" xml:lang="nl">Kharg</hi> Uit Kharg is de Middelburg na een reis van vier maanden op 17 april aangekomen<lb/> met <hi rend="font-size:11.5; font-family:Liberation Serif" xml:lang="nl">ƒ</hi> 391.950 aan contanten en <hi rend="font-size:11.5; font-family:Liberation Serif" xml:lang="nl">ƒ</hi> 50.570 aan Kirmanse wol, koperwerken etc.<lb/> Daarmee kwam ook het afgetreden opperhoofd Tido Frederik baron van Kniphausen terug.<lb/> In 1758/59 was de handel daar geslaagd met een winst van f 266. 786 op een inkoopbedrag<lb/> van <hi rend="font-size:11.5; font-family:Liberation Serif" xml:lang="nl">ƒ</hi> 408.008.)<lb/></note><p xml:id="INT_303225f7-704e-3934-ad65-d58b8347968b.TEI.1.text.1.body.1.div.1.div.2.p.5" resp="int_paragraph_joining" rend="">
              De regent van Benderrik, die het vaarwater daaromher door zijne roverijen zeer<lb xmlns="http://www.tei-c.org/ns/1.0"/> belemmerde, heeft deswegens zijn verdiende loon ontfangen, alzo twee onzer galwets<lb xmlns="http://www.tei-c.org/ns/1.0"/> een gelijk getal zijner roofvaartuygen vermeestert hebben, die ook geconfisqueert zijn,<lb xmlns="http://www.tei-c.org/ns/1.0"/> en een bij die gelegentheyd heroverde prijs aan de eygenaars teruggegeven. Waardoor<lb xmlns="http://www.tei-c.org/ns/1.0"/> dat werk tot nog toe niet weder hervat is.<lb xmlns="http://www.tei-c.org/ns/1.0"/><fw xml:id="INT_303225f7-704e-3934-ad65-d58b8347968b.TEI.1.text.1.body.1.div.1.div.2.p.5.fw.1" type="bottom-page-number">479</fw><pb xml:id="INT_303225f7-704e-3934-ad65-d58b8347968b.TEI.1.text.1.body.1.div.1.div.2.p.5.pb.1" n="480" facs="http://resources.huygens.knaw.nl/retroapp/service_generalemissiven/gm_13/images/generale_missiven_gs258_480.tif"/><fw xml:id="INT_303225f7-704e-3934-ad65-d58b8347968b.TEI.1.text.1.body.1.div.1.div.2.p.5.fw.2" place="top" type="head" facs="#zone.2972951" xmlns="http://www.tei-c.org/ns/1.0">Mossel XXXIX 25 april 1760</fw>Java’s Oostkust<lb xmlns="http://www.tei-c.org/ns/1.0"/>
            </p><note xml:id="INT_303225f7-704e-3934-ad65-d58b8347968b.TEI.1.text.1.body.1.div.1.div.2.note.7" xml:lang="nl" place="inline" type="editorial-summary" resp="editor" rend="font-style: italic; line-height: 14.4pt; text-indent: 30.0pt; text-align: justify; font-size: 11" xmlns="http://www.tei-c.org/ns/1.0">( De Engelse schepen de Walpole, Dilfry, Winchelsea, Prince of Wales, Dragon en<lb/> Brittannia hebben, uit China komende, te Sumenep water en brandhout ingenomen en na<lb/> 8 dagen op 15 februari 1760 hun reis naar Engeland via Straat Bali voortgezet.<lb/></note><p xml:id="INT_303225f7-704e-3934-ad65-d58b8347968b.TEI.1.text.1.body.1.div.1.div.2.p.6" xml:lang="nl" rend="font-size: 11; font-variant: small-caps; line-height: 14.4pt" xmlns="http://www.tei-c.org/ns/1.0">Bantam<lb/></p><note xml:id="INT_303225f7-704e-3934-ad65-d58b8347968b.TEI.1.text.1.body.1.div.1.div.2.note.8" xml:lang="nl" place="inline" type="editorial-summary" resp="editor" rend="font-style: italic; line-height: 14.4pt; text-indent: 30.0pt; text-align: justify; font-size: 11" xmlns="http://www.tei-c.org/ns/1.0">Op Java’s Oostkust en te Bantam is het rustig. )<lb/></note><p xml:id="INT_303225f7-704e-3934-ad65-d58b8347968b.TEI.1.text.1.body.1.div.1.div.2.p.7" xml:lang="nl" rend="line-height: 14.4pt; text-indent: 30.0pt; text-align: justify; font-weight: bold; font-size: 11" xmlns="http://www.tei-c.org/ns/1.0">Schoon die onlangs weder veel gevaar gelopen heeft door de muytzugtige aanslagen<lb/> van zekeren <hi rend="font-size:11; font-family:Liberation Serif; font-weight:bold; text-decoration:underline" xml:lang="nl">Pangerang Mandura.</hi> die, in de vorige troebelen een van den aanhang<lb/> van Keai Tappa geweest en van die euveldaad pardon bekomen hebbende, nu<lb/> weder getragt heeft onlusten te stigten. De sulthan begon zig reets daartegen te wapenen,<lb/> wanneer Mandura, ’tzij door vreeze, ’tzij door overreeding van de aan hem afgezonden<lb/> groten, zigzelven weder kwam onderwerpen. De koning zond hem terstond ter<lb/> onzer dispositie, dog met ernstig verzoek van hem niet aan lijf of leven te straffen.<lb/> Waarop wij hem met zijne vrouw, weleer eene der egte vrouwen van den naar Ambon<lb/> gerelegeerden koning, sedert van Keai Tappa, en met den zoon van den berugten rebel<lb/> Bagoes Boang <hi rend="font-size:11; font-family:Liberation Serif; font-weight:bold; text-decoration:underline" xml:lang="nl">op ’t evland Edam</hi> geplaatst hebben, om bij de eerste gelegentheyd<lb/><hi rend="font-size:11; font-family:Liberation Serif; font-weight:bold; text-decoration:underline" xml:lang="nl">naar Banda verzonden</hi> te worden. Wij hebben allesints reden om over het <hi rend="font-size:11; font-family:Liberation Serif; font-weight:bold; text-decoration:underline" xml:lang="nl">welmeenend</hi><lb/><hi rend="font-size:11; font-family:Liberation Serif; font-weight:bold; text-decoration:underline" xml:lang="nl">gedrag,</hi> door den regeerenden koning in dit geval gehouden, voldaan te zijn. De oude<lb/> sulthan, welke voor deezen het rijk bestierde en op de aankomst van Gustij afstand<lb/> deed, is den 13e dezer overleden. Waardoor de appanagie weder tot het rijk keert.<lb/></p><note xml:id="INT_303225f7-704e-3934-ad65-d58b8347968b.TEI.1.text.1.body.1.div.1.div.2.note.9" xml:lang="nl" rend="font-size: 10.5; font-weight: bold; line-height: 14.4pt" xmlns="http://www.tei-c.org/ns/1.0">Fol. 2536v-2537r.<lb/></note><note xml:id="INT_303225f7-704e-3934-ad65-d58b8347968b.TEI.1.text.1.body.1.div.1.div.2.note.10" xml:lang="nl" rend="font-size: 11; font-variant: small-caps; line-height: 14.4pt" xmlns="http://www.tei-c.org/ns/1.0">Batavia<lb/></note><note xml:id="INT_303225f7-704e-3934-ad65-d58b8347968b.TEI.1.text.1.body.1.div.1.div.2.note.11" xml:lang="nl" rend="font-style: italic; line-height: 14.4pt; text-indent: 30.0pt; text-align: justify; font-size: 11" xmlns="http://www.tei-c.org/ns/1.0">( Ten vervolge op de generale missive van 31 december 1759, wordt over het vonnis<lb/> van de Raad van Justitie inzake het ordinair lid mr. Johannes Nobel versus weesmeesters<lb/> slechts opgemerkt dat bij besluit van 1 februari 1760 is bepaald dat het bedrag waartoe<lb/> veroordeeld is, uit de gelden van de weeskamer voldaan kunnen worden. Wat echter de<lb/> boedel van Jacobus Brummert te boven mocht gaan, inclusief de proceskosten, zal voor<lb/> de ene helft door de twee proces- en legaatbezorgers, en voor de andere door de procureur<lb/> van de kamer vergoed worden. Men kan beide partijen niet van onvoorzichtigheid<lb/> vrijpleiten. Bij besluit van 19 februari 1760 zijn de proces- en legaatbezorgers van hun<lb/> aandeel ontheven op grond van de verklaring van weesmeesters dat de eerstgenoemde<lb/> uitsluitend op hun bevel gehandeld hadden. Deze zullen eveneens uit de gelden van de<lb/> kamer voldaan worden. Volgens een ander vonnis, waarvan in de brief van 31 december<lb/> 1759 eveneens melding is gemaakt, was dat wat aan de erfgenamen van Jan Hilgers schuldig<lb/> was, uit de gelden van de kamer betaald. Nu is besloten dat door de gewezen secretaris<lb/> van de weeskamer en thans gouverneur in Amboina, Meijert Joan van Idsinga, te laten<lb/> vergoeden. Hij heeft geen voldoende voorzieningen getroffen. Wat als een uitbreiding van<lb/> de statutaire wet van 24 januari 1 708 en ter geruststelling van weesmeesters en hun pupillen<lb/> besloten is, staat in het besluit van 4 maart 1760. In de brief van 31 december 1759<lb/> is onder Bengalen melding gemaakt van het protest van Pierre Marsouin, een Fransman<lb/> wiens scheepje door een schip, varende onder Compagnies vlag en pas, naar Calcutta<lb/> was opgebracht. De advocaat- fiscaal heeft in het bijgaande bericht duidelijk aangetoond<lb/> dat dit enkel bedrog moet zijn, omdat in het register van passen zo’n vaartuig niet voorkomt.<lb/> Deze informatie is naar Bengalen en Coromandel doorgegeven. )<lb/></note><fw xml:id="INT_303225f7-704e-3934-ad65-d58b8347968b.TEI.1.text.1.body.1.div.1.div.2.fw.1" type="bottom-page-number">480</fw><pb xml:id="INT_303225f7-704e-3934-ad65-d58b8347968b.TEI.1.text.1.body.1.div.1.div.2.pb.1" n="481" facs="http://resources.huygens.knaw.nl/retroapp/service_generalemissiven/gm_13/images/generale_missiven_gs258_481.tif"/><fw xml:id="INT_303225f7-704e-3934-ad65-d58b8347968b.TEI.1.text.1.body.1.div.1.div.2.fw.2" place="top" type="head" facs="#zone.2975460" xmlns="http://www.tei-c.org/ns/1.0">Mossel XXXIX 25 april 1760</fw><p xml:id="INT_303225f7-704e-3934-ad65-d58b8347968b.TEI.1.text.1.body.1.div.1.div.2.p.8" xml:lang="nl" rend="font-size: 12; text-align: justify; line-height: 14.4pt; text-indent: 31.0pt" xmlns="http://www.tei-c.org/ns/1.0">Ons voorneemen om de Bataviasche ingezetenen zoveel mogelijk van de schadelijke<lb/> <hi rend="font-size:12; font-family:Liberation Serif; text-decoration:underline" xml:lang="nl">moorsche munt van ropijen</hi> te ontlasten en de vaderlandsche speciën des te meer<lb/> crediet te geven, hebben wij eindelijk ter uytvoer gebragt door <hi rend="font-size:12; font-family:Liberation Serif; text-decoration:underline" xml:lang="nl">de inwisseling</hi> van alle<lb/> Batavische wigtige Souratse en gestempelde Persiaansche ropijen tegen 30 en de ongestempelde<lb/> tegen 27 stuyvers ieder. Dit is van dat gevolg geweest dat er ƒ 1 .962.023, 1 5,—<lb/> van die munt tegen ducatons, schellingen en dubbeltjes opgewisselt zijn. Java brengt<lb/> daarbij omtrent een en eenhalf ton. Bantam ƒ 435,- en Ceribon ƒ 43.200,-.<lb/></p><note xml:id="INT_303225f7-704e-3934-ad65-d58b8347968b.TEI.1.text.1.body.1.div.1.div.2.note.12" xml:lang="nl" place="inline" type="editorial-summary" resp="editor" rend="font-style: italic; line-height: 14.4pt; text-indent: 31.0pt; text-align: justify; font-size: 11" xmlns="http://www.tei-c.org/ns/1.0">( Uit het besluit van 8 januari 1 760 blijkt hoe dit geld zonder schade voor Bengalen<lb/> gebruikt kan worden. Door de koers van de ropia te Batavia op 27 stuivers te stellen, zal<lb/> de aanvoer zeker aanzienlijk verminderen. Om te Batavia gebrek aan diversiteit in munten<lb/> te voorkomen, wordt om halve en kwart gekartelde dukatons gevraagd, die respectievelijk<lb/> tegen 40 en 20 stuivers uitgegeven zullen worden, en om dubbele schellingen,<lb/> waarom in een brief van 24 september 1751 al gevraagd was. Zoals uit de resolutie van<lb/> 8 januari 1 760 blijkt, is om bedrog bij het stempelen van ongekartelde dukaten tegen te<lb/> gaan, deze op slechts 18 schellingen gesteld. In de resolutie van 14 maart 1760 staat waarom<lb/> aan de luitenant van de Chinezen Kon Hong Liang 1500 pikol peper tegen 15 rsd, of <hi rend="font-size:12; font-family:Liberation Serif" xml:lang="nl">ƒ</hi> 36,<lb/> de pikol voor de handel op Limpho is verkocht. Het komt erop neer dat)<lb/></note><p xml:id="INT_303225f7-704e-3934-ad65-d58b8347968b.TEI.1.text.1.body.1.div.1.div.2.p.9" xml:lang="nl" rend="margin-left: 2000; line-height: 14.4pt; text-indent: -20.0pt; text-align: justify; font-size: 12" xmlns="http://www.tei-c.org/ns/1.0">1 . De aangelegentheyd van dien handel, waarbij de Compagnie zedert desselfs stilstand<lb/> alleen voor den in en uytvoer te Batavia, 10.000 rds. aan tollen mits, buyten<lb/> ’tgeene bij vervoer naar elders betaald word.<lb/></p><p xml:id="INT_303225f7-704e-3934-ad65-d58b8347968b.TEI.1.text.1.body.1.div.1.div.2.p.10" xml:lang="nl" rend="margin-left: 2000; line-height: 14.4pt; text-indent: -20.0pt; text-align: justify; font-size: 12" xmlns="http://www.tei-c.org/ns/1.0">2. Het lokken van die handelaars van de Engelschen naar ons, waarom reets bij<lb/> secreet besluyt van den 24e februarij 1756 3000 picols voor 12 rds. aan hun beloofd<lb/> wierden. Welke prijs bij resolutie van den 3e september 1756 en 24e may 1757 op<lb/> 1 5 rds. vermeerdert is, tot nadere ordre van U Wel Edele Hoogachtb. gevraagt bij<lb/> missive van den 15e october 1756.<lb/></p><p xml:id="INT_303225f7-704e-3934-ad65-d58b8347968b.TEI.1.text.1.body.1.div.1.div.2.p.11" xml:lang="nl" rend="margin-left: 2000; line-height: 14.4pt; text-indent: -20.0pt; text-align: justify; font-size: 12" xmlns="http://www.tei-c.org/ns/1.0">3. Het niet beantwoorden dier vrage, waaruyt wij of de goedkeuring onzer besluyten<lb/> moesten opmaken, of tenminsten dat Uw Edele Hoogachtb. dit stuk aan onse dispositie<lb/> hebben willen laten.<lb/></p><p xml:id="INT_303225f7-704e-3934-ad65-d58b8347968b.TEI.1.text.1.body.1.div.1.div.2.p.12" xml:lang="nl" rend="margin-left: 2000; line-height: 14.4pt; text-indent: -20.0pt; text-align: justify; font-size: 12" xmlns="http://www.tei-c.org/ns/1.0">4. De geringe verwagting om eenige naamwaardige quantiteyt peper tegen den gestelden<lb/> prijs van ƒ 44 de 100 lb. om te zetten, schoon wij niet kunnen begrijpen dat<lb/> Uw Edele Hoogachtb. deze prijsverhoging om andere redenen hebben gelieven aan<lb/> te schrijven, dan om te beletten dat de peper, bij ons ingekogt, met voordeel naar<lb/> Europa konde vervoerd worden. ’Tgeene immers omtrent den Limphosen handel<lb/> geen vreeze heeft.<lb/></p><p xml:id="INT_303225f7-704e-3934-ad65-d58b8347968b.TEI.1.text.1.body.1.div.1.div.2.p.13" xml:lang="nl" rend="margin-left: 2000; line-height: 14.4pt; text-indent: -20.0pt; text-align: justify; font-size: 12" xmlns="http://www.tei-c.org/ns/1.0">5. En eyndelijk de verzending van bijna 8.000.000 lb. met ’t jongst retour naar Nederland,<lb/> waardoor de voorraad niet alleen genoegsaam moet geoordeelt worden, maar<lb/> zelfs eenige vermindering in den verkoopsprijs te dugten is.<lb/></p><p xml:id="INT_303225f7-704e-3934-ad65-d58b8347968b.TEI.1.text.1.body.1.div.1.div.2.p.14" xml:lang="nl" rend="font-size: 12; text-align: justify; line-height: 14.4pt" xmlns="http://www.tei-c.org/ns/1.0">Wij bidden derhalven Uw Edele Hoogachtb. om eene gunstige inschikking van dit ons<lb/> besluyt, of <hi rend="font-size:12; font-family:Liberation Serif; text-decoration:underline" xml:lang="nl">positive ordre</hi> voor ’t aanstaande.<lb/></p><note xml:id="INT_303225f7-704e-3934-ad65-d58b8347968b.TEI.1.text.1.body.1.div.1.div.2.note.13" xml:lang="nl" place="inline" type="editorial-summary" resp="editor" rend="font-style: italic; line-height: 14.4pt; text-indent: 31.0pt; text-align: justify; font-size: 11" xmlns="http://www.tei-c.org/ns/1.0">( Van het goud verloren bij het omslaan van de sloep Overmaas, was per 31 december<lb/> 1759 56-fifr en nu in het totaal 170-fif staaf achterhaald. De dienaren te Bantam hebben<lb/> weinig hoop dat de ontbrekende 9-jffr staaf nog opgespoord zullen worden. De fiscaal<lb/> aldaar, Lodewijk Wilkens de Lile, nu resident te Bandjarmasin, kreeg voor zijn ijver bij<lb/> het opsporen een beloning van rsd 1000. De kapitein-ter-zee Wolphert Abraham Brahe,<lb/> die wegens de lange reis van Diwel Chindi en zware onkosten te Benkulen bij besluit van<lb/> 28 maart 1 758 in handen van de advocaat- fiscaal was gesteld, is door de Raad van Justitie<lb/> ontheven van de eis tot vergoeding van die onkosten voor een bedrag van <hi rend="font-size:12; font-family:Liberation Serif" xml:lang="nl">ƒ</hi> 11.097. Wegens<lb/></note><fw xml:id="INT_303225f7-704e-3934-ad65-d58b8347968b.TEI.1.text.1.body.1.div.1.div.2.fw.3" type="bottom-page-number">481</fw><pb xml:id="INT_303225f7-704e-3934-ad65-d58b8347968b.TEI.1.text.1.body.1.div.1.div.2.pb.2" n="482" facs="http://resources.huygens.knaw.nl/retroapp/service_generalemissiven/gm_13/images/generale_missiven_gs258_482.tif"/><fw xml:id="INT_303225f7-704e-3934-ad65-d58b8347968b.TEI.1.text.1.body.1.div.1.div.2.fw.4" place="top" type="head" facs="#zone.2978083" xmlns="http://www.tei-c.org/ns/1.0">Mossel XXXIX 25 april 1760</fw><note xml:id="INT_303225f7-704e-3934-ad65-d58b8347968b.TEI.1.text.1.body.1.div.1.div.2.note.14" xml:lang="nl" place="inline" type="editorial-summary" resp="editor" rend="font-size: 11; font-style: italic; text-align: justify; line-height: 14.4pt" xmlns="http://www.tei-c.org/ns/1.0">enige onbetamelijke uitlatingen in het contraire advies in deze zaak van het extraordinair<lb/> lid mr. Paulus Ferriet, is hij tot een boete van 100 dukaton veroordeeld , onder het bevel<lb/> niet dan voordat hij betaald heeft uit de recollementskamer te gaan, hoewel hij aanbood<lb/> die bewoordingen in te trekken. Ferriet verzocht de Hoge Regering om in deze te adviseren<lb/> en hem uit arrest te ontslaan. Nadat bij besluit van 1 februari het genoemde advies<lb/> van Ferriet en de notulen van de Raad van Justitie waren opgevraagd en de Raad zijn<lb/> leedwezen over het voorval had uitgesproken en om een besluit had gevraagd, is het goedgevonden<lb/> Paulus Ferriet kost en schadeloos uit zijn arrest te ontslaan, zonder in de merites<lb/> van de zaak te treden. Daarbij is verklaard dat Heren XVII in een missive van II mei<lb/> 1677 de Raad van Justitie hadden verboden om enig lid in zijn persoon of ambt te<lb/> belemmeren, tenzij op aanklacht van de fiscaal voor een delict van belang, waarvan de<lb/> Hoge Regering dan in het geheim kennis dient te worden gegeven. De Raad van Justitie<lb/> is bevolen zich hiernaar tot nader order van Heren XVII te gedragen. De generale Indische<lb/> negotieboeken over 17 57 158 worden nu overgezonden. De inkomsten over geheel Azië<lb/> bedroegen <hi rend="font-size:11.5; font-family:Liberation Serif" xml:lang="nl">ƒ</hi> 8.260.760 en de uitgaven <hi rend="font-size:11.5; font-family:Liberation Serif" xml:lang="nl">ƒ</hi> 7.610.668, wat het positieve saldo op f 638.879<lb/> brengt; het voorafgaande jaar was het negatieve saldo <hi rend="font-size:11.5; font-family:Liberation Serif" xml:lang="nl">ƒ</hi> 1.528.650, zodat dat nu op f 889. 771<lb/> uitkomt. Het kapitaal in Azië per eind augustus 1758 bedraagt f 40.269.829, wat <hi rend="font-size:11.5; font-family:Liberation Serif" xml:lang="nl">ƒ</hi> 812.836<lb/> meer is dan in het voorafgaande jaar. Omdat het restant van 235.417 Ib salpeter te<lb/> Batavia nodig is, werd er 200.000 Ib poedersuiker gebruikt om het thans vertrekkende<lb/> schip de Blij dorp de nodige onderzwaarte te geven, hoewel de vorige retourschepen reeds<lb/> 193.922 Ib boven de bestelde 2.000.000 Ib vervoerd hadden. Er wordt gevraagd instructies<lb/> te geven hoe voortaan in zulke gevallen te handelen. Het naschip de Blijdorp heeft<lb/> een lading t.w.v. f 366.523. De totale waarde van wat uit Batavia, zowel als uit Bengalen<lb/> en Ceylon, is gezonden, bedraagt in 1759160 f 7.012.611. Over de reden van het<lb/> tekort van het retour uit Bengalen valt slechts te gissen. De onrust daar heeft een stilstand<lb/> in de handel veroorzaakt, maar dat is niet in overeenstemming met de brief van 15 maart<lb/> 1759, waarin sprake is van een voorraad zo groot als wat verzonden is. Hoewel er volk<lb/> buiten het gewone garnizoen van Bengalen naar Coromandel is gezonden, wordt verzocht<lb/> zoveel mogelijk militairen met de schepen voor die directie mee te geven, omdat Nagapattinam<lb/> die kan overnemen, als ze in Bengalen niet van pas komen. De eis uit Bengalen<lb/> wat allemaal met het directe schip uit Nederland te zenden, medicamenten incluis, gaat<lb/> alle perken te buiten. )<lb/></note><p xml:id="INT_303225f7-704e-3934-ad65-d58b8347968b.TEI.1.text.1.body.1.div.1.div.2.p.15" xml:lang="nl" rend="font-size: 11.5; text-align: justify; line-height: 14.4pt; text-indent: 31.0pt" xmlns="http://www.tei-c.org/ns/1.0">Van de Franschen is ons aan handen gekomen een <hi rend="font-size:11.5; font-family:Liberation Serif; text-decoration:underline" xml:lang="nl">brief, dien capitain Wilson</hi><lb/>op ’t schip Pitt zoude geschreven hebben aan den heer gouverneur te Madraspatnam,<lb/> wegens zijne voyagie door de oostersche eylanden naar China, welken w’ nodig geagt<lb/> hebben tot Uwer Edele Hoogachtb. speculatie hierbij in ’t aankomend secreet briefboek<lb/> te voegen.<lb/></p><note xml:id="INT_303225f7-704e-3934-ad65-d58b8347968b.TEI.1.text.1.body.1.div.1.div.2.note.15" xml:lang="nl" place="inline" type="editorial-summary" resp="editor" rend="font-style: italic; line-height: 14.4pt; text-indent: 31.0pt; text-align: justify; font-size: 11" xmlns="http://www.tei-c.org/ns/1.0">( Sinds eind december 1759 is op assignatie naar Nederland f 130. 747 in kas gestort.<lb/> Er wordt gevraagd het verzoek van assistent Jan Eelders om zijn vrouw Maria de Veer toe<lb/> te staan op zijn kosten naar Indië te komen, in te willigen.<lb/></note><note xml:id="INT_303225f7-704e-3934-ad65-d58b8347968b.TEI.1.text.1.body.1.div.1.div.2.note.16" xml:lang="nl" place="inline" type="editorial-summary" resp="editor" rend="font-size: 11; font-style: italic; text-align: justify; line-height: 14.4pt" xmlns="http://www.tei-c.org/ns/1.0">Assignaties waarvan het totale bedrag gelijk is aan of hoger dan f 25.000,-: door de oudeerste<lb/> secretaris van de Hoge Regering en baljuw van Batavia Michiel Romp, de commandeur<lb/> en opperequipagemeester Hendrik Booms, de majoor van de burgerij Simon Joseph<lb/> en de opperkoopman Pieter Haksteen aan Koert Rozeboom twee assignaties tezamen<lb/> f 66.461; totaal aan assignaties f 130.747.)<lb/></note><fw xml:id="INT_303225f7-704e-3934-ad65-d58b8347968b.TEI.1.text.1.body.1.div.1.div.2.fw.5" type="bottom-page-number">482</fw>
            
      </div></div>
                  </body>
                </text>
              </TEI>