<TEI xml:id="INT_ff828ac0-bfb5-3afe-89b3-f1d50e567865" xmlns="http://www.tei-c.org/ns/1.0">
                <teiHeader>
      <fileDesc>
        <titleStmt>
          <title>Mossel, Van der Waeyen, Van der Parra, Van der Spar, Van de Velde, Van Rheede, De Nijs, Van Bazel, Hooreman, Van Riemsdijk en De Klerk, 30 april 1759</title>
        </titleStmt>
        <publicationStmt>
          <p>
            <date>30 april 1759</date>
            <idno type="sourceID">missiven:vol13</idno>
            <idno type="pid">INT_ff828ac0-bfb5-3afe-89b3-f1d50e567865</idno>
          </p>
        </publicationStmt>
        <notesStmt>
          <note/>
        </notesStmt>
        <sourceDesc>
          <listBibl xml:id="inlMetadata">
            <bibl type="missive">
        <interpGrp type="page"><interp>340</interp></interpGrp>
        
      <interpGrp type="titleLevel1"><interp>Mossel, Van der Waeyen, Van der Parra, Van der Spar, Van de Velde, Van Rheede, De Nijs, Van Bazel, Hooreman, Van Riemsdijk en De Klerk, 30 april 1759</interp></interpGrp>
      <interpGrp type="dateLevel1"><interp>30 april 1759</interp></interpGrp>
        <interpGrp type="tocLevel"><interp>1</interp></interpGrp>
      <interpGrp type="volume"><interp>13</interp></interpGrp>
        <interpGrp type="n"><interp>XXXVI</interp></interpGrp>
      
      <interpGrp type="witnessYearLevel1_from"><interp>1759</interp></interpGrp>
      <interpGrp type="witnessYearLevel1_to"><interp>1759</interp></interpGrp>
      <interpGrp type="witnessMonthLevel1_to"><interp>4</interp></interpGrp>
      <interpGrp type="witnessMonthLevel1_from"><interp>4</interp></interpGrp>
      <interpGrp type="witnessDayLevel1_to"><interp>30</interp></interpGrp>
      <interpGrp type="witnessDayLevel1_from"><interp>30</interp></interpGrp>
      <interpGrp type="authorLevel1"><interp>Mossel</interp><interp>Van der Waeyen</interp><interp>Van der Parra</interp><interp>Van der Spar</interp><interp>Van de Velde</interp><interp>Van Rheede</interp><interp>De Nijs</interp><interp>Van Bazel</interp><interp>Hooreman</interp><interp>Van Riemsdijk</interp><interp>De Klerk</interp></interpGrp>
      <interpGrp type="pid"><interp>INT_ff828ac0-bfb5-3afe-89b3-f1d50e567865</interp></interpGrp>
    </bibl>
          </listBibl>
        </sourceDesc>
      </fileDesc>
    </teiHeader>
                <text xml:id="INT_ff828ac0-bfb5-3afe-89b3-f1d50e567865.TEI.1.text.1">
                  <body xml:id="INT_ff828ac0-bfb5-3afe-89b3-f1d50e567865.TEI.1.text.1.body.1">
                    <div xml:id="INT_ff828ac0-bfb5-3afe-89b3-f1d50e567865.TEI.1.text.1.body.1.div.1"><div xml:id="INT_ff828ac0-bfb5-3afe-89b3-f1d50e567865.TEI.1.text.1.body.1.div.1.div.1" type="subdivision_for_sake_of_validation">
        
              <pb xml:id="INT_ff828ac0-bfb5-3afe-89b3-f1d50e567865.TEI.1.text.1.body.1.div.1.div.1.pb.1" n="340" facs="http://resources.huygens.knaw.nl/retroapp/service_generalemissiven/gm_13/images/generale_missiven_gs258_340.tif"/><fw xml:id="INT_ff828ac0-bfb5-3afe-89b3-f1d50e567865.TEI.1.text.1.body.1.div.1.div.1.fw.1" place="top" type="head" facs="#zone.2565653" xmlns="http://www.tei-c.org/ns/1.0">XXXVI. JACOB MOSSEL, JACOB VAN DER WAEYEN, PETRUS ALBERTUSVAN DER PARRA, JURGEN VAN DER SPAR, PIETER VAN DE VELDE,DITHARD VAN RHEEDE, ADRIAAN DE NIJS, HUIJBERT WILLEM VANBAZEL, LIBRECHT HOOREMAN, JOAN ANDREAS VAN HOHENDORF,JEREMIAS VAN RIEMSDIJK en REYNIER DE KLERK, BATAVIA 30 april 1759.Kol. Arch. 2808, VOC 2916, fol. 1224-1240.</fw><note xml:id="INT_ff828ac0-bfb5-3afe-89b3-f1d50e567865.TEI.1.text.1.body.1.div.1.div.1.note.1" xml:lang="nl" place="inline" type="editorial-summary" resp="editor" rend="font-style: italic; line-height: 14.7pt; text-indent: 31.0pt; text-align: justify; font-size: 11" xmlns="http://www.tei-c.org/ns/1.0">( In de brief van 31 december 1758 werd bericht dat de Buitenzorg in het voorjaar<lb/> naar patria zou vertrekken. Nu dit schip vertrekt kan er een brief meegezonden worden. )<lb/></note><p xml:id="INT_ff828ac0-bfb5-3afe-89b3-f1d50e567865.TEI.1.text.1.body.1.div.1.div.1.p.1" xml:lang="nl" rend="font-size: 12; text-align: justify; line-height: 14.4pt" xmlns="http://www.tei-c.org/ns/1.0">SlAM<lb/></p><p xml:id="INT_ff828ac0-bfb5-3afe-89b3-f1d50e567865.TEI.1.text.1.body.1.div.1.div.1.p.2" xml:lang="nl" rend="line-height: 14.4pt; text-indent: 31.0pt; text-align: justify; font-weight: bold; font-size: 11" xmlns="http://www.tei-c.org/ns/1.0">Siam, dat den koning overleden is en een zijner zonen na en onder veel onrust<lb/> den troon bekleed, regeerende zeer tirannicq. Dog ’twelke weynig relatie heeft tot de<lb/> zaken der E. Compagnie, die aldaar van weynig belang zijn.<lb/></p><note xml:id="INT_ff828ac0-bfb5-3afe-89b3-f1d50e567865.TEI.1.text.1.body.1.div.1.div.1.note.2" xml:lang="nl" place="inline" type="editorial-summary" resp="editor" rend="font-style: italic; line-height: 14.4pt; text-indent: 31.0pt; text-align: justify; font-size: 11" xmlns="http://www.tei-c.org/ns/1.0">{De zaken in Siam gaan onveranderd voort. Het vasthouden van het schip valt het<lb/> bestuur niet aan te rekenen; het vertrok pas 9 februari 1 759 en kwam in april te Batavia aan.<lb/></note><p xml:id="INT_ff828ac0-bfb5-3afe-89b3-f1d50e567865.TEI.1.text.1.body.1.div.1.div.1.p.3" xml:lang="nl" rend="font-size: 12; font-variant: small-caps; text-align: justify; line-height: 14.4pt" xmlns="http://www.tei-c.org/ns/1.0">Japan<lb/></p><note xml:id="INT_ff828ac0-bfb5-3afe-89b3-f1d50e567865.TEI.1.text.1.body.1.div.1.div.1.note.3" xml:lang="nl" place="inline" type="editorial-summary" resp="editor" rend="font-style: italic; line-height: 14.4pt; text-indent: 31.0pt; text-align: justify; font-size: 11" xmlns="http://www.tei-c.org/ns/1.0">Er vertrekken drie schepen naar Japan met daarop het wederom benoemde opperhoofd<lb/> Herbert Vermeulen. Om stormen te vermijden zullen de schepen voor taan op 10<lb/> of uiterlijk 15 juni vertrekken.<lb/></note><p xml:id="INT_ff828ac0-bfb5-3afe-89b3-f1d50e567865.TEI.1.text.1.body.1.div.1.div.1.p.4" xml:lang="nl" rend="font-size: 12; font-variant: small-caps; text-align: justify; line-height: 14.4pt" xmlns="http://www.tei-c.org/ns/1.0">China<lb/></p><note xml:id="INT_ff828ac0-bfb5-3afe-89b3-f1d50e567865.TEI.1.text.1.body.1.div.1.div.1.note.4" xml:lang="nl" place="inline" type="editorial-summary" resp="editor" rend="font-style: italic; line-height: 14.4pt; text-indent: 31.0pt; text-align: justify; font-size: 11" xmlns="http://www.tei-c.org/ns/1.0">Per de Velsen is uit China <hi rend="font-size:11; font-family:Liberation Serif; font-weight:bold" xml:lang="nl">ƒ</hi> 200.000 aan goud ontvangen, maar <hi rend="font-size:11; font-family:Liberation Serif; font-weight:bold" xml:lang="nl">ƒ</hi> 90.606 aan goud<lb/> per de Renswoude, dat bij het Noord Eiland aan de sloep Overmaas werd overgegeven,<lb/> ging door een storm verloren. Het onderzoek is aan de advocaat -fiscaal opgedragen.<lb/> Er bleef <hi rend="font-size:11; font-family:Liberation Serif; font-weight:bold" xml:lang="nl">ƒ</hi> 400.000 over op de bezending, wat ter levering van goud en op interest aan de<lb/> Kantonse kooplieden is gelaten. Als Batavia niet weet hoeveel geld en goederen gestuurd<lb/> worden, kan zich, zoals dit jaar, een bankroet voordoen. De Buisken ging naar Trengganu<lb/> om 150.000 Ib peper, die commissiant Anthonij Abraham Werndley daar voor acht Spaans<lb/> het pikol inkocht, te vervoeren samen met wat hij voor 10 Spaans kan inkopen. De Hoge<lb/> Regering heeft minder vertrouwen in de inkoop dan Werndley en verwacht eerder 3000,<lb/> of iets meer, dan 30.000 pikol te kunnen verwerven.<lb/></note><p xml:id="INT_ff828ac0-bfb5-3afe-89b3-f1d50e567865.TEI.1.text.1.body.1.div.1.div.1.p.5" xml:lang="nl" rend="font-size: 12; font-variant: small-caps; text-align: justify; line-height: 14.4pt" xmlns="http://www.tei-c.org/ns/1.0">Sumatra’s Westkust<lb/></p><note xml:id="INT_ff828ac0-bfb5-3afe-89b3-f1d50e567865.TEI.1.text.1.body.1.div.1.div.1.note.5" xml:lang="nl" place="inline" type="editorial-summary" resp="editor" rend="font-style: italic; line-height: 14.4pt; text-indent: 31.0pt; text-align: justify; font-size: 11" xmlns="http://www.tei-c.org/ns/1.0">Naar Sumatra’s Westkust zijn de Pasgeld en de bark de Buis met een lading t.w.v.<lb/><hi rend="font-size:11; font-family:Liberation Serif; font-weight:bold" xml:lang="nl">ƒ</hi> 295.097 aan textiel gezonden. Aangezien er eind augustus 1758 nog <hi rend="font-size:11; font-family:Liberation Serif; font-weight:bold" xml:lang="nl">ƒ</hi> 441. 723 was, wordt<lb/> daar vandaan veel goud verwacht, als het bericht opgaat dat er niet genoeg textiel gezonden<lb/> kan worden.<lb/></note><p xml:id="INT_ff828ac0-bfb5-3afe-89b3-f1d50e567865.TEI.1.text.1.body.1.div.1.div.1.p.6" xml:lang="nl" rend="font-size: 12; font-variant: small-caps; text-align: justify; line-height: 14.1pt" xmlns="http://www.tei-c.org/ns/1.0">Bengalen<lb/></p><note xml:id="INT_ff828ac0-bfb5-3afe-89b3-f1d50e567865.TEI.1.text.1.body.1.div.1.div.1.note.6" xml:lang="nl" place="inline" type="editorial-summary" resp="editor" rend="font-style: italic; line-height: 14.1pt; text-indent: 31.0pt; text-align: justify; font-size: 11" xmlns="http://www.tei-c.org/ns/1.0">De Mossel is naar Bengalen gezonden en moet onderweg te Nagapattinam f 500.000<lb/> aan ropia’s, die daarheen gezonden waren wegens gebrek aan goud, maar niet verkocht<lb/> zijn, ophalen. Uit Bengalen zijn geen brieven ontvangen, zodat de laatste berichten met<lb/> de retourschepen zullen komen.<lb/></note><fw xml:id="INT_ff828ac0-bfb5-3afe-89b3-f1d50e567865.TEI.1.text.1.body.1.div.1.div.1.fw.2" type="bottom-page-number">340</fw><pb xml:id="INT_ff828ac0-bfb5-3afe-89b3-f1d50e567865.TEI.1.text.1.body.1.div.1.div.1.pb.2" n="341" facs="http://resources.huygens.knaw.nl/retroapp/service_generalemissiven/gm_13/images/generale_missiven_gs258_341.tif"/><fw xml:id="INT_ff828ac0-bfb5-3afe-89b3-f1d50e567865.TEI.1.text.1.body.1.div.1.div.1.fw.3" place="top" type="head" facs="#zone.2568060" xmlns="http://www.tei-c.org/ns/1.0">Mossel XXXVI 30 april 1759</fw></div><div xml:id="INT_ff828ac0-bfb5-3afe-89b3-f1d50e567865.TEI.1.text.1.body.1.div.1.div.2" type="subdivision_for_sake_of_validation"><head xml:id="INT_ff828ac0-bfb5-3afe-89b3-f1d50e567865.TEI.1.text.1.body.1.div.1.div.2.head.1" xml:lang="nl" rend="font-size: 10; text-align: justify; line-height: 14.4pt" xmlns="http://www.tei-c.org/ns/1.0">COROMANDEL<lb/></head><note xml:id="INT_ff828ac0-bfb5-3afe-89b3-f1d50e567865.TEI.1.text.1.body.1.div.1.div.2.note.1" xml:lang="nl" place="inline" type="editorial-summary" resp="editor" rend="font-style: italic; line-height: 14.4pt; text-indent: 30.0pt; text-align: justify; font-size: 11" xmlns="http://www.tei-c.org/ns/1.0">De brieven van september 1 758 uit Coromandel, die vertraagd waren door de storm<lb/> die de Kasteel van Tilburg overviel, en op Ceylon zijn blijven liggen, zijn ingehaald door<lb/> die van 6 december. Daarin werd bericht dat)<lb/></note><p xml:id="INT_ff828ac0-bfb5-3afe-89b3-f1d50e567865.TEI.1.text.1.body.1.div.1.div.2.p.1" resp="int_paragraph_joining" rend="">
              - de Franse regeeringe te Pondicherij geweygert heeft ’t schip <hi rend="font-size:12; font-family:Liberation Serif; text-decoration:underline" xml:lang="nl" xmlns="http://www.tei-c.org/ns/1.0">Haarlem,</hi> of<lb xmlns="http://www.tei-c.org/ns/1.0"/><hi rend="font-size:12; font-family:Liberation Serif; text-decoration:underline" xml:lang="nl" xmlns="http://www.tei-c.org/ns/1.0">desselfs lading,</hi> te restitueeren, of te antwoorden op de aangebode overgave der door<lb xmlns="http://www.tei-c.org/ns/1.0"/> de Engelse voor Nagapatnam genomen sloep. Zulks deselve het bij een protest hebben<lb xmlns="http://www.tei-c.org/ns/1.0"/> moeten laten berusten.<lb xmlns="http://www.tei-c.org/ns/1.0"/>
            </p><p xml:id="INT_ff828ac0-bfb5-3afe-89b3-f1d50e567865.TEI.1.text.1.body.1.div.1.div.2.p.2" xml:lang="nl" rend="font-size: 12; text-align: justify; line-height: 14.4pt; text-indent: 30.0pt" xmlns="http://www.tei-c.org/ns/1.0">Wijders is ’t schip Oost Cappelle, gelijk w’ reets in december gemeld hebben,<lb/> van Sadraspatnam de reys na Bengale vervorderende, vijf mijlen van daar door een<lb/> Frans oorlogschip, Centaur genaamt, ontmoet, ter rheede van Mazulipatnam opgebragt<lb/> en gevisiteert, voorgevende dat de touwen daarin geladen voor de Engelse<lb/> waren.<lb/></p><note xml:id="INT_ff828ac0-bfb5-3afe-89b3-f1d50e567865.TEI.1.text.1.body.1.div.1.div.2.note.2" xml:lang="nl" place="inline" type="editorial-summary" resp="editor" rend="font-style: italic; line-height: 14.4pt; text-indent: 30.0pt; text-align: justify; font-size: 11" xmlns="http://www.tei-c.org/ns/1.0">( Overtuigd van het tegendeel, protesteerde Compagnies resident bij de Franse interim-gouverneur<lb/> De N ijs. De Oostkapelle werd daarop vrijgegeven, maar zonk in ruime zee<lb/> voor Vishakhapatnam na verlies van masten, onttakeling en nadat ze van achteren vol<lb/> water was gelopen. Twaalf man bereikten met de schuit veilig Srikakulam. )<lb/></note><p xml:id="INT_ff828ac0-bfb5-3afe-89b3-f1d50e567865.TEI.1.text.1.body.1.div.1.div.2.p.3" resp="int_paragraph_joining" rend="">
              In december hebben de Franse onder commando van den generaal-major monsieur<lb xmlns="http://www.tei-c.org/ns/1.0"/> Soupier een attacque gewaagd op Singelepette, dat door de Engelsen eenigen tijd<lb xmlns="http://www.tei-c.org/ns/1.0"/> verlaten, naderhand toen weder geoccupeert was. Dog zijn met verlies van 4 a 500<lb xmlns="http://www.tei-c.org/ns/1.0"/> Europeesen gerepousseert en na Carringoedie Palium geretireert, alwaar de Engelsen<lb xmlns="http://www.tei-c.org/ns/1.0"/> haar vervolgens aangevallen zijn en op dezelve veroverd hebben 100 veldtenten, de<lb xmlns="http://www.tei-c.org/ns/1.0"/> geheele bagagie, nevens drie canons en twee mortieren. Waarop den generaal Lallij<lb xmlns="http://www.tei-c.org/ns/1.0"/> van daar opgebroken en na Cansjewarom gemarcheert is, hebbende zodanigen <hi rend="font-size:12; font-family:Liberation Serif; text-decoration:underline" xml:lang="nl" xmlns="http://www.tei-c.org/ns/1.0">gebrek</hi><lb xmlns="http://www.tei-c.org/ns/1.0"/><hi rend="font-size:12; font-family:Liberation Serif; text-decoration:underline" xml:lang="nl" xmlns="http://www.tei-c.org/ns/1.0">aan geld dat de troupes in geen ses maanden</hi> hadden konnen betalen. Dog egter in<lb xmlns="http://www.tei-c.org/ns/1.0"/> dezelve maand nog lust gehad de Engelse stad Madraspatnam, of ’t fort St. George,<lb xmlns="http://www.tei-c.org/ns/1.0"/> te gaan belegeren, terwijl een commando dragonders en marine den 31e dito <hi rend="font-size:12; font-family:Liberation Serif; text-decoration:underline" xml:lang="nl" xmlns="http://www.tei-c.org/ns/1.0">te Sadras¬</hi><lb xmlns="http://www.tei-c.org/ns/1.0"/><hi rend="font-size:12; font-family:Liberation Serif; text-decoration:underline" xml:lang="nl" xmlns="http://www.tei-c.org/ns/1.0">patnam</hi> aangekomen en met een ander commando, dat zig reets daar bevond vereenigd,<lb xmlns="http://www.tei-c.org/ns/1.0"/> twee derzelver hoofdofficieren de visite bij onzen resident latende vragen, zonder<lb xmlns="http://www.tei-c.org/ns/1.0"/> antwoord daarop af te wagten met een groot gevolg de wagt overweldigden en<lb xmlns="http://www.tei-c.org/ns/1.0"/> met blote degens binnen de gefortificeerde logie drongen, de militairen ontwapenden<lb xmlns="http://www.tei-c.org/ns/1.0"/> en arresteerden, onder aanzegging dat zulks de ordre van monsieur d’ Lallij was, en<lb xmlns="http://www.tei-c.org/ns/1.0"/> dat z’ ’t fort en dorp in possessie zouden houden tot de overgang van Madraspatnam,<lb xmlns="http://www.tei-c.org/ns/1.0"/> quasi opdat de Engelsen zig daar niet van zouden bedienen. Voorgevende uyt een<lb xmlns="http://www.tei-c.org/ns/1.0"/> onderschepte brief gebleken te wezen dat den Engels commandeur Caillouw zig<lb xmlns="http://www.tei-c.org/ns/1.0"/> binnen 24 uuren meester van Sadraspatnam zoude gemaakt hebben, waarvan de frivoolheyd<lb xmlns="http://www.tei-c.org/ns/1.0"/> volkomen blijkt, alzo die om de zuyd na ’t Tansjaoerse was. Voorts hebben<lb xmlns="http://www.tei-c.org/ns/1.0"/> z’ van alle Compagnies effecten, ammonitie etc. een opgave gepretendeert om tegens<lb xmlns="http://www.tei-c.org/ns/1.0"/> de boeken te confronteeeren en alzo te zien of er geen Engelse effecten onder waren,<lb xmlns="http://www.tei-c.org/ns/1.0"/> nemende wijders een Engelsman Smith, die zig aldaar ophielde, in arrest en zonden<lb xmlns="http://www.tei-c.org/ns/1.0"/> hem zodanig na Pondicherij. Terwijl den collonel comte De Moldave over de reden<lb xmlns="http://www.tei-c.org/ns/1.0"/> van zulk vijandelijk bedrijf aangesproken, ten blijke harer onbestendigheyd, nu declareerde<lb xmlns="http://www.tei-c.org/ns/1.0"/> daar toegetreden te te zijn tot <hi rend="font-size:12; font-family:Liberation Serif; text-decoration:underline" xml:lang="nl" xmlns="http://www.tei-c.org/ns/1.0">represaille van ’t ongelijk</hi> dat de <hi rend="font-size:12; font-family:Liberation Serif; text-decoration:underline" xml:lang="nl" xmlns="http://www.tei-c.org/ns/1.0">Franse te Ben¬</hi><lb xmlns="http://www.tei-c.org/ns/1.0"/><hi rend="font-size:12; font-family:Liberation Serif; text-decoration:underline" xml:lang="nl" xmlns="http://www.tei-c.org/ns/1.0">gale.</hi> Nagapatnam en <hi rend="font-size:12; font-family:Liberation Serif; text-decoration:underline" xml:lang="nl" xmlns="http://www.tei-c.org/ns/1.0">Paliacatta. waarvan</hi> onze papieren van die plaatzen het tegendeel<lb xmlns="http://www.tei-c.org/ns/1.0"/> voldoende aantonen en bewijzen, zouden ondergaan hebben, en dat er ordre was<lb xmlns="http://www.tei-c.org/ns/1.0"/> gegeven om Paliacatta terzelver tijd in bezit te neemen. Ondertusschen was volgens<lb xmlns="http://www.tei-c.org/ns/1.0"/> Paliacatse brief van 5e februarij en zeker relaas het Frans leger medio december voor<lb xmlns="http://www.tei-c.org/ns/1.0"/> Madraspatnam gekomen, hebbende de zwarte stad of voorstad met verlies van wel<lb xmlns="http://www.tei-c.org/ns/1.0"/><fw xml:id="INT_ff828ac0-bfb5-3afe-89b3-f1d50e567865.TEI.1.text.1.body.1.div.1.div.2.p.3.fw.1" type="bottom-page-number">341</fw><pb xml:id="INT_ff828ac0-bfb5-3afe-89b3-f1d50e567865.TEI.1.text.1.body.1.div.1.div.2.p.3.pb.1" n="342" facs="http://resources.huygens.knaw.nl/retroapp/service_generalemissiven/gm_13/images/generale_missiven_gs258_342.tif"/><fw xml:id="INT_ff828ac0-bfb5-3afe-89b3-f1d50e567865.TEI.1.text.1.body.1.div.1.div.2.p.3.fw.2" place="top" type="head" facs="#zone.2570739" xmlns="http://www.tei-c.org/ns/1.0">Mossel XXXVI 30 april 1759</fw>300 man ingenomen. Dog voor ’t verdere een dappere tegenstand gevonden, in dier<lb xmlns="http://www.tei-c.org/ns/1.0"/> voegen dat al ontrent 1000 Europeesen daarvoor verloren hadden en nog maar 2000<lb xmlns="http://www.tei-c.org/ns/1.0"/> derzelve sterk waren, schijnende egter het lot dezer plaatze te zullen dependeeren<lb xmlns="http://www.tei-c.org/ns/1.0"/> van de aankomst der vloote van de een of ander. Konnende die van de Engelse niet<lb xmlns="http://www.tei-c.org/ns/1.0"/> lang na voorsz. dato uytgebleven zijn, dewijl medio januarij reets de Mallabaar na<lb xmlns="http://www.tei-c.org/ns/1.0"/> ’t zuyden gepasseert waren. Ondertusschen hebben de Franse mede te Pondicherij<lb xmlns="http://www.tei-c.org/ns/1.0"/> aangehouden en ten haren dienst ge-employeert <hi rend="font-size:12; font-family:Liberation Serif; text-decoration:underline" xml:lang="nl" xmlns="http://www.tei-c.org/ns/1.0">het geld dat</hi> de Deenen van Tranquebaar<lb xmlns="http://www.tei-c.org/ns/1.0"/> na Pondicherij ter vermunting tot ropias (als welke zoort de meeste cours hebben)<lb xmlns="http://www.tei-c.org/ns/1.0"/> gezonden hadden. En omtrent Madraspatnam doen aanhouden en employeeren<lb xmlns="http://www.tei-c.org/ns/1.0"/> een schip van de <hi rend="font-size:12; font-family:Liberation Serif; text-decoration:underline" xml:lang="nl" xmlns="http://www.tei-c.org/ns/1.0">Portugeesen. komende van</hi> Macao in China, over Malacca en<lb xmlns="http://www.tei-c.org/ns/1.0"/> Paliacatta zuyd opstevenende, met een rijke lading, waaronder ongetwijfeld een parthij<lb xmlns="http://www.tei-c.org/ns/1.0"/> goud zal wesen. Mitsgaders rondom Paliacatta vanwegen haren nabab de tollen<lb xmlns="http://www.tei-c.org/ns/1.0"/> laten heffen, zonder dat deze plaatze zelve nog aanstoot geleden heeft, apparent<lb xmlns="http://www.tei-c.org/ns/1.0"/> omdat z’ zien dat ’t opperhoofd Van Eek, door zo een snood bedrog gewaarschouwd,<lb xmlns="http://www.tei-c.org/ns/1.0"/> zeer wel op hoede is. Want aan hare intentie is niet te twijffelen, als men bij het<lb xmlns="http://www.tei-c.org/ns/1.0"/> gezegde te Sadraspatnam vergelijkt het geschrevene door den Pondicherijsen raadsheer<lb xmlns="http://www.tei-c.org/ns/1.0"/> Boijellau aan de heer Cherrau, tresaurier-generaal van ’t Franse leger, in deese<lb xmlns="http://www.tei-c.org/ns/1.0"/> woorden: ’Men heeft alhier gezegt dat Uw E. na Paliacatta had gezonden om aldaar<lb xmlns="http://www.tei-c.org/ns/1.0"/> geld ter leen op te neemen. Men twijffeld aan den uytslag. En men agt dat het beter<lb xmlns="http://www.tei-c.org/ns/1.0"/> zoude geweest zijn zulks door geweld te eysschen bij wege van brandschattingen.<lb xmlns="http://www.tei-c.org/ns/1.0"/> ’T schijnd dat het aan geen voorwendzels en zelfs aan geen gegronde redenen moest<lb xmlns="http://www.tei-c.org/ns/1.0"/> ontbreeken. Vide brief van den Madras gouverneur mr. Pigot aan mr. Brooke, die<lb xmlns="http://www.tei-c.org/ns/1.0"/> hier nevens overgaat.’<lb xmlns="http://www.tei-c.org/ns/1.0"/>
            </p><p xml:id="INT_ff828ac0-bfb5-3afe-89b3-f1d50e567865.TEI.1.text.1.body.1.div.1.div.2.p.4" xml:lang="nl" rend="font-size: 12; text-align: justify; line-height: 14.4pt; text-indent: 31.0pt" xmlns="http://www.tei-c.org/ns/1.0">Den prins Annandarasoe, erfregent over de landen ontrent Bimilipatnam, wiens<lb/> vader Visiaramarasoe, zo men zegt, met kennisse van monsieur Bussij vermoord is,<lb/> quam in ’t verleden najaar na Siccacol, nam den nabab Anna Wardichan, door monsieur<lb/> Bussie in die post gesteld, nevens een daar verblijf houdenden Fransman Azam,<lb/> in arrest, en den Fransman vervolgens het leven. Trok daarop na de zuyd, nadat voormelte<lb/> nabab, die hem met een pistoolschoot in zijn been geschoten en ook vier kleene<lb/> wonden met een buyksteker hadde toegebragt, nevens zijne broeders gedood was, nam<lb/> Visiagapatnam weder voor de Engelse in. En wierde daaromtrent vervolgens versterkt<lb/> met het volk dat van Calcatta derwaarts gezonden was en volgens de Bengaalse brief<lb/> na herwaart van 21e november op 1300 begroot wierd, maar na waarschijnlijker berigten<lb/> niet half zo groot geweest is. Waarmede tezamen optrokken tegen ’t Frans leger,<lb/> dat onder monsieur Conflans uyt Golconda afgezakt was en zig aan de rivier Rasiemahindre<lb/> campeerde, en ’tzelve den 10e december versloegen, waarbij deselve 60 Europese<lb/> gevangenen, 32 stukken canon en de verdere bagagie der Fransen zouden gekregen<lb/> hebben. En daarna tegen Mazulipatnam opgetrokken zijn, welkers garnisoen meest na<lb/> Madraspatnam en daarbij de belegering geëmployeert is.<lb/></p><note xml:id="INT_ff828ac0-bfb5-3afe-89b3-f1d50e567865.TEI.1.text.1.body.1.div.1.div.2.note.3" xml:lang="nl" place="inline" type="editorial-summary" resp="editor" rend="font-style: italic; line-height: 14.4pt; text-indent: 31.0pt; text-align: justify; font-size: 12" xmlns="http://www.tei-c.org/ns/1.0">( De Mossel is in februari 1759 naar Coromandel gezonden om <hi rend="font-size:12; font-family:Liberation Serif" xml:lang="nl">ƒ</hi> 333.000 aan goud<lb/> over te brengen en met enig zilver van Nagapattinam door te zeilen naar Bengalen.<lb/> Wegens de gewelddadigheden door de Fransen is het vertrek in maart van de Wereld uitgesteld<lb/> totdat er samen met andere schepen gevaren kan worden. )<lb/></note><p xml:id="INT_ff828ac0-bfb5-3afe-89b3-f1d50e567865.TEI.1.text.1.body.1.div.1.div.2.p.5" xml:lang="nl" rend="font-size: 11; font-variant: small-caps; text-align: justify; line-height: 14.7pt" xmlns="http://www.tei-c.org/ns/1.0">Surat<lb/></p><p xml:id="INT_ff828ac0-bfb5-3afe-89b3-f1d50e567865.TEI.1.text.1.body.1.div.1.div.2.p.6" resp="int_paragraph_joining" rend="">
              Soeratte anno passato van gouverneur verandert zijnde, gelijk bij de voorjaarbrief<lb xmlns="http://www.tei-c.org/ns/1.0"/> aangehaald is, bleef niet langer in die ruste, alzo den Sewase of Marattijse vorst<lb xmlns="http://www.tei-c.org/ns/1.0"/> Ballasie Ballaraino den voormaligen stads- en casteelsgouverneur Mia Atsjent, of nu<lb xmlns="http://www.tei-c.org/ns/1.0"/><fw xml:id="INT_ff828ac0-bfb5-3afe-89b3-f1d50e567865.TEI.1.text.1.body.1.div.1.div.2.p.6.fw.1" type="bottom-page-number">342</fw><pb xml:id="INT_ff828ac0-bfb5-3afe-89b3-f1d50e567865.TEI.1.text.1.body.1.div.1.div.2.p.6.pb.1" n="343" facs="http://resources.huygens.knaw.nl/retroapp/service_generalemissiven/gm_13/images/generale_missiven_gs258_343.tif"/><fw xml:id="INT_ff828ac0-bfb5-3afe-89b3-f1d50e567865.TEI.1.text.1.body.1.div.1.div.2.p.6.fw.2" place="top" type="head" facs="#zone.2573218" xmlns="http://www.tei-c.org/ns/1.0">Mossel XXXVI 30 april 1759</fw>genaamt nabab Miermoe Uddienchan, in augustus van Bassijn na derwaart zond om<lb xmlns="http://www.tei-c.org/ns/1.0"/> zijn broeders zoon, den stadsgouverneur Alie Nawaaschan, uyt den zetel te ligten.<lb xmlns="http://www.tei-c.org/ns/1.0"/> Dewelke uyt oneenigheyd tusschen stads- en casteelsgouverneur voordeel trekkende,<lb xmlns="http://www.tei-c.org/ns/1.0"/> met den casteelsgouverneur accoord sloot en den stadsgouververneur tot onderwerping<lb xmlns="http://www.tei-c.org/ns/1.0"/> bragt en zig in dat gouvernement nederzettede.<lb xmlns="http://www.tei-c.org/ns/1.0"/>Batavia<lb xmlns="http://www.tei-c.org/ns/1.0"/>
            </p><note xml:id="INT_ff828ac0-bfb5-3afe-89b3-f1d50e567865.TEI.1.text.1.body.1.div.1.div.2.note.4" xml:lang="nl" place="inline" type="editorial-summary" resp="editor" rend="font-style: italic; line-height: 14.4pt; text-indent: 31.0pt; text-align: justify; font-size: 11" xmlns="http://www.tei-c.org/ns/1.0">( Op leningen is op 6 maart 1759 f 196.800 af gelost en, als de uitkomende schepen<lb/> tijdig arriveren, kan er meer af gelost worden. Zoals in de resolutie van 29 december 1758<lb/> is vermeld, werd uit wilde Ambonse kruidnagels en nootmuskaat onbruikbare stinkende<lb/> olie gedistilleerd. Om de Limphose vaart met de Chinese jonken te heropenen hebben de<lb/> reders 3000 pikol peper tegen de oude prijs van rsd 12 het pikol gevraagd. Op 12 april<lb/> 1759 is het volgende overwogen: aanvoer 8 miljoen Ib, mocht de afzet naar Nederland<lb/> door dalende prijzen 6 miljoen Ib worden, en de af zet om de west van 500.000 Ib tegen<lb/><hi rend="font-size:11.5; font-family:Liberation Serif" xml:lang="nl">ƒ</hi> 44 de 100 Ib, zodat er een overschot is en China bovendien door Engelsen en Portugezen<lb/> van peper voorzien wordt. Verzenden van peper gaat ten koste van scheepsruimte voor tin,<lb/> maar de peperhandel moet toch doorgaan. Op 3 september 1756 is besloten tegen <hi rend="font-size:11.5; font-family:Liberation Serif" xml:lang="nl">ƒ</hi> 30<lb/> de 100 Ib te verkopen, maar op 24 mei 1757 dat het antwoord op deze overwegingen af gewacht<lb/> zal worden en dat de prijs van f 44 de 100 Ib dus blijft gelden. Zo heeft men het<lb/> raadzaam gevonden niet lager dan <hi rend="font-size:11.5; font-family:Liberation Serif" xml:lang="nl">ƒ</hi> 38,5,- te gaan, maar de reders kwamen daar niet<lb/> mee uit, omdat ze er verleden jaar ter plaatse taël 12,7 de pikol of <hi rend="font-size:11.5; font-family:Liberation Serif" xml:lang="nl">ƒ</hi> 44,14,- de 100 Ib<lb/> voor maakten. Nadere orders worden af gewacht.)<lb/></note><p xml:id="INT_ff828ac0-bfb5-3afe-89b3-f1d50e567865.TEI.1.text.1.body.1.div.1.div.2.p.7" xml:lang="nl" rend="font-size: 11.5; text-align: justify; line-height: 14.4pt; text-indent: 31.0pt" xmlns="http://www.tei-c.org/ns/1.0">De bijbel in de Maleytse tale met een Arabise letter thans geheel afgedrukt zijnde,<lb/> hebben w’ de eere U Wel Edele Hoogachtbare daarvan vijftig exemplaren te laten toekomen.<lb/><lb/></p><note xml:id="INT_ff828ac0-bfb5-3afe-89b3-f1d50e567865.TEI.1.text.1.body.1.div.1.div.2.note.5" xml:lang="nl" place="inline" type="editorial-summary" resp="editor" rend="font-style: italic; line-height: 14.4pt; text-indent: 31.0pt; text-align: justify; font-size: 11" xmlns="http://www.tei-c.org/ns/1.0">( Ten aanzien van twee verzoeken die 18 april 1 758 werden overgezonden, betreffende<lb/> kapitein-ter-zee Maarten van der Meer voor ontheffing van <hi rend="font-size:11.5; font-family:Liberation Serif" xml:lang="nl">ƒ</hi> 8803 wegens tekorten op<lb/> de lading van de Deunisveld en Bevalligheid is 23 maart 1759 besloten deze af te wijzen.<lb/> Het is genoteerd dat Van der Meer terecht aanvoert, dat hij bij besluit van 23 juli 1752<lb/> ontheven is van <hi rend="font-size:11.5; font-family:Liberation Serif" xml:lang="nl">ƒ</hi> 4563 licht, of f 5732 zwaar geld, wegens goederen die beschadigd in<lb/> Japan zijn aangevoerd, en dat de vergoeding van f38 uit 50 bovenmatig verantwoorde<lb/> windbomen voortkwam. De belasting van f 2207 wegens 2300 Ib Japans staafkoper is<lb/> minder vreemd, wanneer bedacht wordt dat ze voortkwam uit het feit, dat het personeel<lb/> te Bengalen de gezagvoerder van de Deunisveld de Japanse pikol of koperkistje voor<lb/> 120 Ib i.p. <hi rend="font-size:11.5; font-family:Liberation Serif" xml:lang="nl">v.</hi> 121 Ib liet verantwoorden. Deze is daarvoor bij besluit van de Hoge Regering<lb/> van 23 juli 1748 niet alleen terecht belast, maar heeft per pikol j Ib voor zichzelf gehouden,<lb/> omdat een Japans kistje op de Hollandse schaal tegen 120 Ib op 12 lj is berekend.<lb/> Van der Meer moet nog belast worden met 460 Ib tot f 441. De stukken in deze zaken<lb/> zijn in kopie bijgevoegd. De Drie Papegaaien van de kamer Amsterdam arriveerde op<lb/> 13 februari 1759, de Welgelegen van Enkhuizen 9 maart en de Eendracht van Amsterdam<lb/> 16 april, zodat er een tekort aan schepen voor de reis naar Japan of de Westerkwar<lb/> tieren is. Hoewel de Buitenzorg, waarmee deze brief wordt verzonden, tussen de rede<lb/> en Onrust op het rif van Purmerend vastraakte, bleek ze niet beschadigd te zijn en kon<lb/> 12 april besloten worden haar vertrek te handhaven. Het retour sedert half oktober 1 758<lb/> bedraagt <hi rend="font-size:11.5; font-family:Liberation Serif" xml:lang="nl">ƒ</hi> 3.622.909, inclusief de Buitenzorg, die voor <hi rend="font-size:11.5; font-family:Liberation Serif" xml:lang="nl">ƒ</hi> 138.919 aan peper, suiker, tin,<lb/> sapanhout en thee als vracht heeft. Een eis voor artilleriegoederen wordt meegezonden.<lb/> Het bedrag aan assignaties bedraagt f 151.558.<lb/></note><fw xml:id="INT_ff828ac0-bfb5-3afe-89b3-f1d50e567865.TEI.1.text.1.body.1.div.1.div.2.fw.1" type="bottom-page-number">343</fw><pb xml:id="INT_ff828ac0-bfb5-3afe-89b3-f1d50e567865.TEI.1.text.1.body.1.div.1.div.2.pb.1" n="344" facs="http://resources.huygens.knaw.nl/retroapp/service_generalemissiven/gm_13/images/generale_missiven_gs258_344.tif"/><fw xml:id="INT_ff828ac0-bfb5-3afe-89b3-f1d50e567865.TEI.1.text.1.body.1.div.1.div.2.fw.2" place="top" type="head" facs="#zone.2574030" xmlns="http://www.tei-c.org/ns/1.0">Mossel XXXVI 30 april 1759</fw><fw xml:id="INT_ff828ac0-bfb5-3afe-89b3-f1d50e567865.TEI.1.text.1.body.1.div.1.div.2.fw.3" place="top" type="head" facs="#zone.2574038" xmlns="http://www.tei-c.org/ns/1.0">Verleende assignaties boven f 25.000 : commissarissen van de Bank Courant en Bankvan Leening aan Abraham en Paul Chatelein en Nicolaas Menkema te Amsterdam, alsgemachtigden van de gerepatrieerde opperkoopman Seneca Ingerssen, aan Jan Pan sche¬pen te Enkhuizen, als voogd over jonkheer en jonkvrouwe Jacob en Chatharina JohannaMossel, aan Jan Koning c.s. te Enkhuizen tezamen ƒ 44.416.)</fw><fw xml:id="INT_ff828ac0-bfb5-3afe-89b3-f1d50e567865.TEI.1.text.1.body.1.div.1.div.2.fw.4" type="bottom-page-number">344</fw>
            
      </div></div>
                  </body>
                </text>
              </TEI>