<TEI xml:id="INT_524e57ba-bbdd-3362-9f52-5ccea82fdbad" xmlns="http://www.tei-c.org/ns/1.0">
                <teiHeader>
      <fileDesc>
        <titleStmt>
          <title>Maetsuyker, Verburch, Pit, Overtwater, Van den Brouck, Van Hoorn en Ranst, 28 febr. 1669</title>
        </titleStmt>
        <publicationStmt>
          <p>
            <date>28 febr. 1669</date>
            <idno type="sourceID">missiven:vol3</idno>
            <idno type="pid">INT_524e57ba-bbdd-3362-9f52-5ccea82fdbad</idno>
          </p>
        </publicationStmt>
        <notesStmt>
          <note/>
        </notesStmt>
        <sourceDesc>
          <listBibl xml:id="inlMetadata">
            <bibl type="missive">
        <interpGrp type="page"><interp>675</interp></interpGrp>
        
      <interpGrp type="titleLevel1"><interp>Maetsuyker, Verburch, Pit, Overtwater, Van den Brouck, Van Hoorn en Ranst, 28 febr. 1669</interp></interpGrp>
      <interpGrp type="dateLevel1"><interp>28 febr. 1669</interp></interpGrp>
        <interpGrp type="tocLevel"><interp>1</interp></interpGrp>
      <interpGrp type="volume"><interp>3</interp></interpGrp>
        <interpGrp type="n"><interp>XLVIII</interp></interpGrp>
      
      <interpGrp type="witnessYearLevel1_from"><interp>1669</interp></interpGrp>
      <interpGrp type="witnessYearLevel1_to"><interp>1669</interp></interpGrp>
      <interpGrp type="witnessMonthLevel1_to"><interp>2</interp></interpGrp>
      <interpGrp type="witnessMonthLevel1_from"><interp>2</interp></interpGrp>
      <interpGrp type="witnessDayLevel1_to"><interp>28</interp></interpGrp>
      <interpGrp type="witnessDayLevel1_from"><interp>28</interp></interpGrp>
      <interpGrp type="authorLevel1"><interp>Maetsuyker</interp><interp>Verburch</interp><interp>Pit</interp><interp>Overtwater</interp><interp>Van den Brouck</interp><interp>Van Hoorn</interp><interp>Ranst</interp></interpGrp>
      <interpGrp type="pid"><interp>INT_524e57ba-bbdd-3362-9f52-5ccea82fdbad</interp></interpGrp>
    </bibl>
          </listBibl>
        </sourceDesc>
      </fileDesc>
    </teiHeader>
                <text xml:id="INT_524e57ba-bbdd-3362-9f52-5ccea82fdbad.TEI.1.text.1">
                  <body xml:id="INT_524e57ba-bbdd-3362-9f52-5ccea82fdbad.TEI.1.text.1.body.1">
                    <div xml:id="INT_524e57ba-bbdd-3362-9f52-5ccea82fdbad.TEI.1.text.1.body.1.div.1">
        
              <pb xml:id="INT_524e57ba-bbdd-3362-9f52-5ccea82fdbad.TEI.1.text.1.body.1.div.1.pb.1" n="675" facs="http://resources.huygens.knaw.nl/retroapp/service_generalemissiven/gm_03/images/gm_3_125_0675.tif"/><fw xml:id="INT_524e57ba-bbdd-3362-9f52-5ccea82fdbad.TEI.1.text.1.body.1.div.1.fw.1" place="top" type="head" facs="#zone.5807218" xmlns="http://www.tei-c.org/ns/1.0">Maetsuyker, Verburch, Pit, Overtwater, Van den Brouck, enz. XL VIII, 28 febr. 1669 675</fw><fw xml:id="INT_524e57ba-bbdd-3362-9f52-5ccea82fdbad.TEI.1.text.1.body.1.div.1.fw.2" place="top" type="head" facs="#zone.5807235" xmlns="http://www.tei-c.org/ns/1.0">XLVIII. JOAN MAETSUYKER, NICOLAES VERBURCH, LAURENS PIT,PIETER OVERTWATER, MATTHEUS VAN DEN BROUCK, PIETERVAN HOORN EN CONSTANTIN RANST, BATAVIA 28 febr. 1669.1156bl8, fol. 905-906.(Mededelingen uit Manilla , vgl. Daghregisters 1668-1669 , p. 255-265).</fw>
            
      </div>
                  </body>
                </text>
              </TEI>