<TEI xml:id="INT_a8ff7bcc-79b6-3fdb-912d-5a0be7542284" xmlns="http://www.tei-c.org/ns/1.0">
                <teiHeader>
      <fileDesc>
        <titleStmt>
          <title>Maetsuyker, Hartsinck, Verburch, Pit, Overtwater, Thijsz., Van Hoorn en Cops, 27 jan. 1664</title>
        </titleStmt>
        <publicationStmt>
          <p>
            <date>27 jan. 1664</date>
            <idno type="sourceID">missiven:vol3</idno>
            <idno type="pid">INT_a8ff7bcc-79b6-3fdb-912d-5a0be7542284</idno>
          </p>
        </publicationStmt>
        <notesStmt>
          <note/>
        </notesStmt>
        <sourceDesc>
          <listBibl xml:id="inlMetadata">
            <bibl type="missive">
        <interpGrp type="page"><interp>462</interp></interpGrp>
        
      <interpGrp type="titleLevel1"><interp>Maetsuyker, Hartsinck, Verburch, Pit, Overtwater, Thijsz., Van Hoorn en Cops, 27 jan. 1664</interp></interpGrp>
      <interpGrp type="dateLevel1"><interp>27 jan. 1664</interp></interpGrp>
        <interpGrp type="tocLevel"><interp>1</interp></interpGrp>
      <interpGrp type="volume"><interp>3</interp></interpGrp>
        <interpGrp type="n"><interp>XXX</interp></interpGrp>
      
      <interpGrp type="witnessYearLevel1_from"><interp>1664</interp></interpGrp>
      <interpGrp type="witnessYearLevel1_to"><interp>1664</interp></interpGrp>
      <interpGrp type="witnessMonthLevel1_to"><interp>1</interp></interpGrp>
      <interpGrp type="witnessMonthLevel1_from"><interp>1</interp></interpGrp>
      <interpGrp type="witnessDayLevel1_to"><interp>27</interp></interpGrp>
      <interpGrp type="witnessDayLevel1_from"><interp>27</interp></interpGrp>
      <interpGrp type="authorLevel1"><interp>Maetsuyker</interp><interp>Hartsinck</interp><interp>Verburch</interp><interp>Pit</interp><interp>Overtwater</interp><interp>Thijsz.</interp><interp>Van Hoorn</interp><interp>Cops</interp></interpGrp>
      <interpGrp type="pid"><interp>INT_a8ff7bcc-79b6-3fdb-912d-5a0be7542284</interp></interpGrp>
    </bibl>
          </listBibl>
        </sourceDesc>
      </fileDesc>
    </teiHeader>
                <text xml:id="INT_a8ff7bcc-79b6-3fdb-912d-5a0be7542284.TEI.1.text.1">
                  <body xml:id="INT_a8ff7bcc-79b6-3fdb-912d-5a0be7542284.TEI.1.text.1.body.1">
                    <div xml:id="INT_a8ff7bcc-79b6-3fdb-912d-5a0be7542284.TEI.1.text.1.body.1.div.1">
        
              <pb xml:id="INT_a8ff7bcc-79b6-3fdb-912d-5a0be7542284.TEI.1.text.1.body.1.div.1.pb.1" n="462" facs="http://resources.huygens.knaw.nl/retroapp/service_generalemissiven/gm_03/images/gm_3_125_0462.tif"/><fw xml:id="INT_a8ff7bcc-79b6-3fdb-912d-5a0be7542284.TEI.1.text.1.body.1.div.1.fw.1" place="top" type="page-number" facs="#zone.5227449" xmlns="http://www.tei-c.org/ns/1.0">462</fw><fw xml:id="INT_a8ff7bcc-79b6-3fdb-912d-5a0be7542284.TEI.1.text.1.body.1.div.1.fw.2" place="top" type="head" facs="#zone.5227453" xmlns="http://www.tei-c.org/ns/1.0">Maetsuyker, Hartsinck, Verburch, Pit, Overtwater, enz. XXX, 27 januari 1664</fw><head xml:id="INT_a8ff7bcc-79b6-3fdb-912d-5a0be7542284.TEI.1.text.1.body.1.div.1.head.1" xml:lang="nl" rend="font-size: 10; text-align: justify; line-height: 12.0pt" xmlns="http://www.tei-c.org/ns/1.0">XXX. JOAN MAETSUYKER, CAREL HARTSINCK, NICOLAES VERBURCH,<lb/> LAURENS PIT, PIETER ANTHONISZ. OVERTWATER, JOAN<lb/> THIJSZ., PIETER VAN HOORN EN JACOB COPS, BATAVIA 27 jan. 1664.<lb/></head><p xml:id="INT_a8ff7bcc-79b6-3fdb-912d-5a0be7542284.TEI.1.text.1.body.1.div.1.p.1" xml:lang="nl" rend="font-size: 8.5; text-align: justify; line-height: 9.4pt" xmlns="http://www.tei-c.org/ns/1.0">Kol. Arcli. 1131, fol. 424-467.<lb/></p><note xml:id="INT_a8ff7bcc-79b6-3fdb-912d-5a0be7542284.TEI.1.text.1.body.1.div.1.note.1" xml:lang="nl" place="inline" type="editorial-summary" resp="editor" rend="font-style: italic; line-height: 11.7pt; text-indent: 23.0pt; text-align: justify; font-size: 9" xmlns="http://www.tei-c.org/ns/1.0">(In hoofdzaak te vinden in de <hi rend="font-size:10; font-family:Liberation Serif" xml:lang="nl">Daghregisters,</hi> nl. 1663, p. 696-719 en 1664, p.<lb/> 1-20; voorts: de retourvloot is 4 jan. buiten Straat Sunda gelopen; de repatriërende<lb/> Steur is „van so hogen ouderdom niet, <hi rend="font-size:10; font-family:Liberation Serif" xml:lang="nl">. . . .</hi> als U Ed. schijnen geinformeert geweest<lb/> te sijn”; het was niet mogelijk voor het vertrek een door twee raden getekende monsterrol<lb/> klaar te hebben, dat zou enige dagen oponthoud gekost hebben; er zijn 1111 koppen<lb/> aan boord, w.o. 207 soldaten, 113 Portugezen, 31 vrouwen, kinderen en slaven,<lb/> 760 matrozen; mogelijk is de ’s Oraveland, met carg. van f. 244844.13.15 uit Japan<lb/> komend, vergaan ; drie schepen brachten in Malakka op 28 nov. carg. van<lb/> f. 948809.10.5 uit Japan, bestemd voor India enz.; Perak leverde 738 bahar tin; het op<lb/> p. 719 van <hi rend="font-size:10; font-family:Liberation Serif" xml:lang="nl">Daghregisters</hi> 28 dec. plotseling eindigende verslag over Fornwsa kan<lb/> als volgt worden aangevuld: )<lb/></note><p xml:id="INT_a8ff7bcc-79b6-3fdb-912d-5a0be7542284.TEI.1.text.1.body.1.div.1.p.2" xml:lang="nl" rend="font-size: 10; text-align: justify; line-height: 11.7pt; text-indent: 23.0pt" xmlns="http://www.tei-c.org/ns/1.0">Van de Duytse overlopers leefden noch nege, gingen alle in Chinees gewaet,<lb/> sijnde daervan seven getrout, doende soldatendienst, gelijk ook den overgelopen<lb/> sergant Hans Jurriaen hem aldaer mede onthoudende was. Het gebiedt over<lb/> Tayoan ende het eyland Formosa hadde eenen Anpontok in handen, sijnde een<lb/> overloper van den Tartar, onthielde sich op Seccam. In ’t casteel Zelandia woonden<lb/> de vrouwen on de kinderen van den overleden Koksinja.<lb/></p><note xml:id="INT_a8ff7bcc-79b6-3fdb-912d-5a0be7542284.TEI.1.text.1.body.1.div.1.note.2" xml:lang="nl" place="inline" type="editorial-summary" resp="editor" rend="font-style: italic; line-height: 10.0pt; text-indent: 23.0pt; text-align: justify; font-size: 9" xmlns="http://www.tei-c.org/ns/1.0">(Mogelijkheid van vestiging der V.O.C. aan de Chinese kust).<lb/></note><p xml:id="INT_a8ff7bcc-79b6-3fdb-912d-5a0be7542284.TEI.1.text.1.body.1.div.1.p.3" xml:lang="nl" rend="font-size: 10; text-align: justify; line-height: 11.7pt; text-indent: 23.0pt" xmlns="http://www.tei-c.org/ns/1.0">Wij meynen, dat het eylandeken Colongsou <hi rend="font-size:10; font-family:Liberation Serif; vertical-align:super" xml:lang="nl">x),</hi> leggende naest aen de riviere<lb/> Chincheuw, dight aen een uytsteekende hoek van ’t vastelandt tegenover de<lb/> stad Aymuy, ons beter gelijken soude, hebbende de hr. Hans Putmans zal.r in<lb/> sijn oude vertogen van China <hi rend="font-size:10; font-family:Liberation Serif; vertical-align:super" xml:lang="nl">2)</hi> dit Colongsou door ervarenth.1 en eygen genomen<lb/> inspectie geëstimeert te wesen de beste, verseekerste en wel gelegenste plaetse,<lb/> die der om rende vous te nemen op de gansche cust te vinden is. De onse en hadden<lb/> hetselve noch niet tedege besichtight en waren dierwegen oncundigh, of de fortificatiën,<lb/> daerop sijnde, noch in defentie of wel afgeworpen souden bevonden werden.<lb/><hi rend="font-size:8.5; font-family:Liberation Serif" xml:lang="nl">Fol. 444v—</hi> <hi rend="font-size:8.5; font-family:Liberation Serif" xml:lang="nl">445r.</hi><lb/></p><note xml:id="INT_a8ff7bcc-79b6-3fdb-912d-5a0be7542284.TEI.1.text.1.body.1.div.1.note.3" xml:lang="nl" place="inline" type="editorial-summary" resp="editor" rend="font-style: italic; line-height: 11.7pt; text-indent: 23.0pt; text-align: justify; font-size: 9" xmlns="http://www.tei-c.org/ns/1.0">( Beloning van de Chinese regering verwacht, vgl. <hi rend="font-size:10; font-family:Liberation Serif" xml:lang="nl">Beschrijvinge</hi> II, I, p. 728,<lb/> boven; volgens Bort dient een Compagniesagent vast bij het keizerlijk hof te blijven).<lb/></note><p xml:id="INT_a8ff7bcc-79b6-3fdb-912d-5a0be7542284.TEI.1.text.1.body.1.div.1.p.4" resp="int_paragraph_joining" rend="">
              Twee Roomsche geestelijke persoonen waren uyt Quemuy tot ons gecomen,<lb xmlns="http://www.tei-c.org/ns/1.0"/> wiens kerke en gemeynte door den oorlogh aldaer geruïneert was, die op kun versoek<lb xmlns="http://www.tei-c.org/ns/1.0"/> naede Tartars sijn gegaen. Deselve wisten te seggen, dat den ouden Koksin<lb xmlns="http://www.tei-c.org/ns/1.0"/> nae het veroveren van Tayoan tribuyt van die van de Manilha hadde doen vorderen,<lb xmlns="http://www.tei-c.org/ns/1.0"/> maer dat de Castellanen in plaetse van hem die te geven aldaer wel 3000<lb xmlns="http://www.tei-c.org/ns/1.0"/> Chinesen om hals hadden laten brengen en de rest uyt het landt gejaeght, die op<lb xmlns="http://www.tei-c.org/ns/1.0"/><note xml:id="INT_a8ff7bcc-79b6-3fdb-912d-5a0be7542284.TEI.1.text.1.body.1.div.1.p.4.note.1" xml:lang="nl" rend="font-size: 8.5; text-align: justify; line-height: 9.9pt; margin-left: 2200" xmlns="http://www.tei-c.org/ns/1.0">1) Kulangsu, eilandje op 24°28' N.B. en 1 18°50' O.L.<lb/></note><note xml:id="INT_a8ff7bcc-79b6-3fdb-912d-5a0be7542284.TEI.1.text.1.body.1.div.1.p.4.note.2" xml:lang="nl" rend="font-size: 8.5; line-height: 9.9pt; text-indent: 21.0pt" xmlns="http://www.tei-c.org/ns/1.0">2) Uit deze vertogen putte Van Diemen voor zijn brief van 5 juni 1631; vgl. <hi rend="font-size:8.5; font-family:Liberation Serif; font-style:italic" xml:lang="nl">Indisch</hi><lb/><hi rend="font-size:8.5; font-family:Liberation Serif; font-style:italic" xml:lang="nl">Verslag,</hi> p. 61-63.<lb/></note><pb xml:id="INT_a8ff7bcc-79b6-3fdb-912d-5a0be7542284.TEI.1.text.1.body.1.div.1.p.4.pb.1" n="463" facs="http://resources.huygens.knaw.nl/retroapp/service_generalemissiven/gm_03/images/gm_3_125_0463.tif"/><fw xml:id="INT_a8ff7bcc-79b6-3fdb-912d-5a0be7542284.TEI.1.text.1.body.1.div.1.p.4.fw.1" place="top" type="head" facs="#zone.5229710" xmlns="http://www.tei-c.org/ns/1.0">Maetsuyker, Hartsinck, Verburch, Pit, Overtwater, enz. XXX, 27 januari 1664</fw><fw xml:id="INT_a8ff7bcc-79b6-3fdb-912d-5a0be7542284.TEI.1.text.1.body.1.div.1.p.4.fw.2" place="top" type="page-number" facs="#zone.5229723" xmlns="http://www.tei-c.org/ns/1.0">463</fw>vlotten in Tayoan waren comen aendrijven, sijnde dit apparent geschiedt, omdat<lb xmlns="http://www.tei-c.org/ns/1.0"/> se vrese voor Koksins vijandlijke overcomste hebben gehad ende hij hem alsdan<lb xmlns="http://www.tei-c.org/ns/1.0"/> van de toeval *) sijner natie niet soude connen dienen.<lb xmlns="http://www.tei-c.org/ns/1.0"/>
            </p><p xml:id="INT_a8ff7bcc-79b6-3fdb-912d-5a0be7542284.TEI.1.text.1.body.1.div.1.p.5" xml:lang="nl" rend="font-size: 10; text-align: justify; line-height: 11.7pt; text-indent: 22.0pt" xmlns="http://www.tei-c.org/ns/1.0">Belangende nu de gelden, welke ten comptoir Suratta jaerlijks boven de<lb/> nodige procura, van ’t geene in dat distrik moet worden geprocureert, te over zijn<lb/> ende voor desen over zee naer Bengalen sijn ge voert, die den gouverneur Cornelis<lb/> Speelman <hi rend="font-size:10; font-family:Liberation Serif; vertical-align:super" xml:lang="nl">1 2)</hi> vertrouwt, dat bequamel. p.r wissel over Golconda op Masulpatnam<lb/> souden konnen geremitteert worden, daertoe meent de heer Pit, dat weynigh<lb/> apparentie is, sijnde al ondervonden, dat selfs de gelden van Compag.8 koopmanschappen<lb/> in voorsz. Golconda geprocedeert met 2 p.r ct.° niet van daer op Masulpatnam<lb/> hebben connen getrokken worden, immer niet met segure luijden ende<lb/> daer men van verseekert heeft connen worden, dat op den vervaldagh promt<lb/> conden betalen, behalven dat dan noch telkens met oude pagoden, die in den cours<lb/> met de ropijen bijnae alle dage op- ende aflopen, veel spels souden onderhavigh<lb/> wesen, doch wat can ’t schaden, sulks eens nader ondersocht worde.<lb/></p><note xml:id="INT_a8ff7bcc-79b6-3fdb-912d-5a0be7542284.TEI.1.text.1.body.1.div.1.note.4" xml:lang="nl" place="inline" type="editorial-summary" resp="editor" rend="font-style: italic; line-height: 11.7pt; text-indent: 22.0pt; text-align: justify; font-size: 10" xmlns="http://www.tei-c.org/ns/1.0">(Het cargasoen van de Amemuyden, <hi rend="font-size:10; font-family:Liberation Serif" xml:lang="nl">Daghregisters</hi> 21 jan., p. 19, is f. 40187;<lb/> de V ovst van Kandi bezit vele havens en ook zoutpannen , zodat anders tegen hem<lb/> dient opgetreden, als de Portugezen deden).<lb/></note><p xml:id="INT_a8ff7bcc-79b6-3fdb-912d-5a0be7542284.TEI.1.text.1.body.1.div.1.p.6" resp="int_paragraph_joining" rend="">
              Hoeveel bij eenige derselve ambachten <hi rend="font-size:10; font-family:Liberation Serif; vertical-align:super" xml:lang="nl" xmlns="http://www.tei-c.org/ns/1.0">3)</hi> bij reekeningh ter maend boven alle<lb xmlns="http://www.tei-c.org/ns/1.0"/> ongelden comt over te schieten, als namentlijk :<lb xmlns="http://www.tei-c.org/ns/1.0"/>bij de kruytmolens . R.rs 796.52<lb xmlns="http://www.tei-c.org/ns/1.0"/>bij ’t raffineren der swavel .   35.40<lb xmlns="http://www.tei-c.org/ns/1.0"/>het coolbranden .   54.59<lb xmlns="http://www.tei-c.org/ns/1.0"/>het schoenmaeken .   11.8<lb xmlns="http://www.tei-c.org/ns/1.0"/>’t calkbranden .   108.8<lb xmlns="http://www.tei-c.org/ns/1.0"/>de saeghmolen . ' . . 493.36<lb xmlns="http://www.tei-c.org/ns/1.0"/>Somma Rre. 1500.23,<lb xmlns="http://www.tei-c.org/ns/1.0"/>die bij de voorsz. werken ter maend uytgewonnen worden ofte de materialen,<lb xmlns="http://www.tei-c.org/ns/1.0"/> die sij uytleveren, minder comen te costen, dan wanneer se van andere souden<lb xmlns="http://www.tei-c.org/ns/1.0"/> moeten worden ingecocht.<lb xmlns="http://www.tei-c.org/ns/1.0"/>
            </p><note xml:id="INT_a8ff7bcc-79b6-3fdb-912d-5a0be7542284.TEI.1.text.1.body.1.div.1.note.5" xml:lang="nl" place="inline" type="editorial-summary" resp="editor" rend="font-style: italic; line-height: 11.7pt; text-indent: 22.0pt; text-align: justify; font-size: 10" xmlns="http://www.tei-c.org/ns/1.0">(Er komt te weinig hennep uit Bengalen voor de zeildoekmakerij; een rol van<lb/> 48 el komt op f. 23.15, als Nederlanders er aan werken, f. 15.18.12 met lijfeigenen;<lb/> het verschil wordt ten laste van het garnizoen geboekt, daar de landgenoten in geval<lb/> van nood soldaten zijn; uitbreiding der pakhuizen op Onrust gewenst; ontwerpinstructie<lb/> voor den equipagemeester opgesteld ) .<lb/></note><p xml:id="INT_a8ff7bcc-79b6-3fdb-912d-5a0be7542284.TEI.1.text.1.body.1.div.1.p.7" resp="int_paragraph_joining" rend="">
              Om het scheepsvolk te strekken inlandse matrosen te gebruyken sou. wel<lb xmlns="http://www.tei-c.org/ns/1.0"/> eenigsints tot verlichtinge der oncosten connen gelden, maer deselve souden hier<lb xmlns="http://www.tei-c.org/ns/1.0"/><note xml:id="INT_a8ff7bcc-79b6-3fdb-912d-5a0be7542284.TEI.1.text.1.body.1.div.1.p.7.note.1" xml:lang="nl" rend="font-size: 8; text-align: justify; line-height: 8.9pt; margin-left: 2300" xmlns="http://www.tei-c.org/ns/1.0">1) Toeval, hier: hulp, bijval.<lb/></note><note xml:id="INT_a8ff7bcc-79b6-3fdb-912d-5a0be7542284.TEI.1.text.1.body.1.div.1.p.7.note.2" xml:lang="nl" rend="font-size: 8; text-align: justify; line-height: 9.6pt; margin-left: 2200" xmlns="http://www.tei-c.org/ns/1.0">2) Cornelis Speelman, de latere Gouv. Gen., voor wien men vooral zie <hi rend="font-size:8; font-family:Liberation Serif; font-style:italic" xml:lang="nl">Speelman.</hi><lb/></note><note xml:id="INT_a8ff7bcc-79b6-3fdb-912d-5a0be7542284.TEI.1.text.1.body.1.div.1.p.7.note.3" xml:lang="nl" rend="font-size: 8; text-align: justify; line-height: 9.6pt; margin-left: 2200" xmlns="http://www.tei-c.org/ns/1.0">3) Te Batavia.<lb/></note><pb xml:id="INT_a8ff7bcc-79b6-3fdb-912d-5a0be7542284.TEI.1.text.1.body.1.div.1.p.7.pb.1" n="464" facs="http://resources.huygens.knaw.nl/retroapp/service_generalemissiven/gm_03/images/gm_3_125_0464.tif"/><fw xml:id="INT_a8ff7bcc-79b6-3fdb-912d-5a0be7542284.TEI.1.text.1.body.1.div.1.p.7.fw.1" place="top" type="page-number" facs="#zone.5232488" xmlns="http://www.tei-c.org/ns/1.0">464</fw><fw xml:id="INT_a8ff7bcc-79b6-3fdb-912d-5a0be7542284.TEI.1.text.1.body.1.div.1.p.7.fw.2" place="top" type="head" facs="#zone.5232492" xmlns="http://www.tei-c.org/ns/1.0">Maeteuyker, Hartsinck, Verburch, Pit, Overtwater, enz. XXX, 27 januari 1664</fw>al qualijk te crijgen wesen, te weten volk, daer men op soude mogen vertrouwen<lb xmlns="http://www.tei-c.org/ns/1.0"/> ende lijfeygenen daertoe te gebruyken sou te periculeus wesen, omdat se haer<lb xmlns="http://www.tei-c.org/ns/1.0"/> seer licht ende om het minste miscontentement fugityf stellen ende doorgaen,<lb xmlns="http://www.tei-c.org/ns/1.0"/> waerdoor dan een schip in groote verlegentheyt soude konnen geraeken, behalven<lb xmlns="http://www.tei-c.org/ns/1.0"/> dat wij ook door de schippers, die inlandse matrosen voeren, bericht worden, dat<lb xmlns="http://www.tei-c.org/ns/1.0"/> desel ve doorgaens bij goedt, handsaem weder wel kloeke seeluyden sijn, maer bij<lb xmlns="http://www.tei-c.org/ns/1.0"/> storm ende verlegen onweder haer gewent sijn schuyl te houden ende hier ende daer<lb xmlns="http://www.tei-c.org/ns/1.0"/> in donkere gaten te versteeken, sonderdat men se met slagen voor den dagh can<lb xmlns="http://www.tei-c.org/ns/1.0"/> crijgen, als wanneer men het volk nochtans meest van doen heeft, soodat te twijfelen<lb xmlns="http://www.tei-c.org/ns/1.0"/> is, of de Compagn. dat middel al geraden sij te gebruyken. Wij en slaen evenwel<lb xmlns="http://www.tei-c.org/ns/1.0"/> deselve, wanneer se vrijwilligh om dienst comen versoeken, niet af.<lb xmlns="http://www.tei-c.org/ns/1.0"/>
            </p><note xml:id="INT_a8ff7bcc-79b6-3fdb-912d-5a0be7542284.TEI.1.text.1.body.1.div.1.note.6" xml:lang="nl" place="inline" type="editorial-summary" resp="editor" rend="font-style: italic; line-height: 11.7pt; text-indent: 22.0pt; text-align: justify; font-size: 10" xmlns="http://www.tei-c.org/ns/1.0">( Bepaling aangaande uitbetaling van hei salaris van „ hoge ministers <hi rend="font-size:10; font-family:Liberation Serif" xml:lang="nl">”,</hi> afgedr.<lb/><hi rend="font-size:10; font-family:Liberation Serif" xml:lang="nl">Plakaatboek</hi> II, p. 364; personalia; op de dievenmarkt wordt o.a. gestolen ijzer verkocht;<lb/> Heren <hi rend="font-size:10; font-family:Liberation Serif; font-style:italic; letter-spacing:1.0pt" xml:lang="nl">XVII</hi> hebben geen proponenten uitgezonden; er zijn 28 predikanten<lb/> werkzaam; aangedrongen wordt op degelijke reparatie van de schepen en toezending<lb/> van rondhout; hoop, dat Cannanore masten zal opleveren; er zullen nog wel meer scheepsbehoeften<lb/> in Azië verkrijgbaar zijn, bijv. harpuis in Malakka; er is voor 22828 rsd.<lb/> aan wissels op patria getrokken; het kapitaal in Azië bedraagt <hi rend="font-size:10; font-family:Liberation Serif" xml:lang="nl">/.</hi> 9820640.4.15).<lb/></note><p xml:id="INT_a8ff7bcc-79b6-3fdb-912d-5a0be7542284.TEI.1.text.1.body.1.div.1.p.8" xml:lang="nl" rend="font-size: 10; line-height: 11.1pt" xmlns="http://www.tei-c.org/ns/1.0">Op ’t comptoir Tonquin in 14§ maenden suyver boven alle ongelden gead-<lb/></p><p xml:id="INT_a8ff7bcc-79b6-3fdb-912d-5a0be7542284.TEI.1.text.1.body.1.div.1.p.9" xml:lang="nl" rend="font-size: 10; text-align: justify; line-height: 11.7pt" xmlns="http://www.tei-c.org/ns/1.0">vanceert . /. 36795. 7.15<lb/></p><p xml:id="INT_a8ff7bcc-79b6-3fdb-912d-5a0be7542284.TEI.1.text.1.body.1.div.1.p.10" xml:lang="nl" rend="font-size: 10; text-align: justify; line-height: 11.7pt" xmlns="http://www.tei-c.org/ns/1.0">op de voyagie naer de Westcust van Sumatra<lb/></p><p xml:id="INT_a8ff7bcc-79b6-3fdb-912d-5a0be7542284.TEI.1.text.1.body.1.div.1.p.11" xml:lang="nl" rend="font-size: 10; text-align: justify; line-height: 11.7pt" xmlns="http://www.tei-c.org/ns/1.0">verleden jaer te boven geleght . „ 24776.10.15<lb/></p><p xml:id="INT_a8ff7bcc-79b6-3fdb-912d-5a0be7542284.TEI.1.text.1.body.1.div.1.p.12" xml:lang="nl" rend="font-size: 10; text-align: justify; line-height: 11.7pt" xmlns="http://www.tei-c.org/ns/1.0">op de voyagie naer Palembangh in 1 1 m. . . . ,, 7970.16. 8<lb/></p><p xml:id="INT_a8ff7bcc-79b6-3fdb-912d-5a0be7542284.TEI.1.text.1.body.1.div.1.p.13" xml:lang="nl" rend="font-size: 10; text-align: justify; line-height: 11.7pt" xmlns="http://www.tei-c.org/ns/1.0">op ’t comptoir Persia in 12 m . „ 470083.12.13<lb/></p><p xml:id="INT_a8ff7bcc-79b6-3fdb-912d-5a0be7542284.TEI.1.text.1.body.1.div.1.p.14" xml:lang="nl" rend="font-size: 10; text-align: justify; line-height: 11.7pt" xmlns="http://www.tei-c.org/ns/1.0">op de voyagie naer de Westcust van Sumatra<lb/></p><p xml:id="INT_a8ff7bcc-79b6-3fdb-912d-5a0be7542284.TEI.1.text.1.body.1.div.1.p.15" xml:lang="nl" rend="font-size: 10; text-align: justify; line-height: 11.7pt" xmlns="http://www.tei-c.org/ns/1.0">in den tijt van 15 maenden . „ 34705. 1.14<lb/></p><p xml:id="INT_a8ff7bcc-79b6-3fdb-912d-5a0be7542284.TEI.1.text.1.body.1.div.1.p.16" xml:lang="nl" rend="font-size: 10; text-align: justify; line-height: 11.7pt" xmlns="http://www.tei-c.org/ns/1.0">Op ’t comptoir Suratta in 12 m . „ 444040. 2. 6<lb/></p><p xml:id="INT_a8ff7bcc-79b6-3fdb-912d-5a0be7542284.TEI.1.text.1.body.1.div.1.p.17" xml:lang="nl" rend="font-size: 10; text-align: justify; line-height: 11.7pt" xmlns="http://www.tei-c.org/ns/1.0">op de voyagie naer Macassar . „ 9502. — .13<lb/></p><p xml:id="INT_a8ff7bcc-79b6-3fdb-912d-5a0be7542284.TEI.1.text.1.body.1.div.1.p.18" xml:lang="nl" rend="font-size: 10; text-align: justify; line-height: 11.7pt" xmlns="http://www.tei-c.org/ns/1.0">op de voyagie naer Bima van desen jare . . . „ 1529.16. 4<lb/></p><p xml:id="INT_a8ff7bcc-79b6-3fdb-912d-5a0be7542284.TEI.1.text.1.body.1.div.1.p.19" xml:lang="nl" rend="font-size: 10; text-align: justify; line-height: 11.7pt" xmlns="http://www.tei-c.org/ns/1.0">op ’t comptoir Nangasakki in Japan . „ 680197. 8.12<lb/></p><p xml:id="INT_a8ff7bcc-79b6-3fdb-912d-5a0be7542284.TEI.1.text.1.body.1.div.1.p.20" xml:lang="nl" rend="font-size: 10; text-align: justify; line-height: 11.7pt" xmlns="http://www.tei-c.org/ns/1.0">op de Cormandelse comptoiren en in Pegu <hi rend="font-size:10; font-family:Liberation Serif; letter-spacing:3.0pt" xml:lang="nl">....</hi> „ 241951.13. 5<lb/></p><p xml:id="INT_a8ff7bcc-79b6-3fdb-912d-5a0be7542284.TEI.1.text.1.body.1.div.1.p.21" xml:lang="nl" rend="font-size: 10; text-align: justify; line-height: 11.7pt" xmlns="http://www.tei-c.org/ns/1.0">op de comptoiren in Bengale . „ 120881.14. 1<lb/></p><p xml:id="INT_a8ff7bcc-79b6-3fdb-912d-5a0be7542284.TEI.1.text.1.body.1.div.1.p.22" xml:lang="nl" rend="font-size: 10; line-height: 11.7pt; margin-right: 14800" xmlns="http://www.tei-c.org/ns/1.0">op ’t comptoir Jamby in 12 maenden, gelijk<lb/> eerst uyt de boeken naer desen evident en on¬<lb/></p><p xml:id="INT_a8ff7bcc-79b6-3fdb-912d-5a0be7542284.TEI.1.text.1.body.1.div.1.p.23" xml:lang="nl" rend="font-size: 10; text-align: justify; line-height: 11.7pt; margin-right: 7000" xmlns="http://www.tei-c.org/ns/1.0">veranderlijk blijken sal, hebbende desen jare<lb/> soo door spade overcomste der boeken als wel<lb/> voornamentlijk door debiliteyt van den boekhouder<lb/> tot het generael niet specificiver dan<lb/> even dusdanig connen ingetrokken worden, volgens<lb/> dewelke, /. 23439.2.12 aen gevalle ongelden<lb/> afgetogen, de suyvere advance pr.resto bedragen<lb/> sullen . . 81675.12. 9<lb/></p><p xml:id="INT_a8ff7bcc-79b6-3fdb-912d-5a0be7542284.TEI.1.text.1.body.1.div.1.p.24" xml:lang="nl" rend="font-size: 10; text-align: right; line-height: 11.1pt" xmlns="http://www.tei-c.org/ns/1.0">/. 2154109.18. 3<lb/></p><note xml:id="INT_a8ff7bcc-79b6-3fdb-912d-5a0be7542284.TEI.1.text.1.body.1.div.1.note.7" xml:lang="nl" place="inline" type="editorial-summary" resp="editor" rend="font-style: italic; line-height: 12.0pt; text-indent: 22.0pt; text-align: justify; font-size: 10" xmlns="http://www.tei-c.org/ns/1.0">(Andere ontvangstposten belopen f. 182164.15.7, w.o. f. 150192.18 aan kaneel<lb/> van den Keizer van Kandi).<lb/></note><pb xml:id="INT_a8ff7bcc-79b6-3fdb-912d-5a0be7542284.TEI.1.text.1.body.1.div.1.pb.2" n="465" facs="http://resources.huygens.knaw.nl/retroapp/service_generalemissiven/gm_03/images/gm_3_125_0465.tif"/><fw xml:id="INT_a8ff7bcc-79b6-3fdb-912d-5a0be7542284.TEI.1.text.1.body.1.div.1.fw.3" place="top" type="head" facs="#zone.5234215" xmlns="http://www.tei-c.org/ns/1.0">Maetsuyker, Hartsinck, Verburch, Pit, Overtwater, enz. XXX, 27 januari 1664</fw><fw xml:id="INT_a8ff7bcc-79b6-3fdb-912d-5a0be7542284.TEI.1.text.1.body.1.div.1.fw.4" place="top" type="page-number" facs="#zone.5234228" xmlns="http://www.tei-c.org/ns/1.0">465</fw><p xml:id="INT_a8ff7bcc-79b6-3fdb-912d-5a0be7542284.TEI.1.text.1.body.1.div.1.p.25" resp="int_paragraph_joining" rend="">
              Daertegen werden afgetrokken, ’t gunt de volgende coraptoiren boven alle<lb xmlns="http://www.tei-c.org/ns/1.0"/> advance en incomsten noch ten achteren sijn gebleven, te weten:<lb xmlns="http://www.tei-c.org/ns/1.0"/>de voyagie op Arracan . ƒ. 15700. 1.11<lb xmlns="http://www.tei-c.org/ns/1.0"/>de besending naer de cust van China . „ 24404.11. 6<lb xmlns="http://www.tei-c.org/ns/1.0"/>de noortse train nae deselve kust . „ 2125.18. —<lb xmlns="http://www.tei-c.org/ns/1.0"/>op de comptoiren in Banda . „ 124237. 8. 5<lb xmlns="http://www.tei-c.org/ns/1.0"/>op de comptoiren in Ternate . . 10887.18. 2<lb xmlns="http://www.tei-c.org/ns/1.0"/>op de comptoiren in Amboina . „ 109542.18.7<lb xmlns="http://www.tei-c.org/ns/1.0"/>op de voyagie naer Tymor . . 12730.14. 6<lb xmlns="http://www.tei-c.org/ns/1.0"/>op het groot comptoir Batavia . „ 399730. 4. 9<lb xmlns="http://www.tei-c.org/ns/1.0"/>op de comptoiren op Zeylon . . 225311.9.13<lb xmlns="http://www.tei-c.org/ns/1.0"/>op de expeditie naer Cochin . . 172579. 3. —<lb xmlns="http://www.tei-c.org/ns/1.0"/>op ’t comptoir Malacca . „ 96623.12. 9<lb xmlns="http://www.tei-c.org/ns/1.0"/>op de voyagie naer Achin . „ 7543. 1. 4<lb xmlns="http://www.tei-c.org/ns/1.0"/>Tesamen . . . /. 1201417. 1. 8<lb xmlns="http://www.tei-c.org/ns/1.0"/>
            </p><note xml:id="INT_a8ff7bcc-79b6-3fdb-912d-5a0be7542284.TEI.1.text.1.body.1.div.1.note.8" xml:lang="nl" place="inline" type="editorial-summary" resp="editor" rend="font-style: italic; line-height: 11.7pt; text-indent: 22.0pt; text-align: justify; font-size: 9.5" xmlns="http://www.tei-c.org/ns/1.0">(Verdere verliezen f. 743918.13.10, w.o. f. 430175.2 door hel vergaan van de<lb/> Dolphijn, f. 150345 door hel verdwijnen van de Peperbael, f. 140656.12.2 aan betaalde<lb/> interesten, zodat f. 190938.18.8 netto is gewonnen; andere ontvangsten belopen<lb/> f. 41161.11.11).<lb/></note><p xml:id="INT_a8ff7bcc-79b6-3fdb-912d-5a0be7542284.TEI.1.text.1.body.1.div.1.p.26" resp="int_paragraph_joining" rend="">
              ’t Cargasoen van de respective Cameren met 31 schepen desen jare tot nu toe<lb xmlns="http://www.tei-c.org/ns/1.0"/> uyt het wellieve vaderlandt ontfangen:<lb xmlns="http://www.tei-c.org/ns/1.0"/>in goudt . /. 384010.10. —<lb xmlns="http://www.tei-c.org/ns/1.0"/>in contanten . „ 621900.18.13<lb xmlns="http://www.tei-c.org/ns/1.0"/>in coopmanschappen . „ 438704.11. 6<lb xmlns="http://www.tei-c.org/ns/1.0"/>in victualiën, ammunitiën etc.a . . 612617.18. —<lb xmlns="http://www.tei-c.org/ns/1.0"/>
            </p><note xml:id="INT_a8ff7bcc-79b6-3fdb-912d-5a0be7542284.TEI.1.text.1.body.1.div.1.note.9" xml:lang="nl" place="inline" type="editorial-summary" resp="editor" rend="font-style: italic; line-height: 12.0pt; text-indent: 22.0pt; text-align: justify; font-size: 9.5" xmlns="http://www.tei-c.org/ns/1.0">(benevens f. 10550<lb/> naar pair ia, vnl. peper<lb/></note><p xml:id="INT_a8ff7bcc-79b6-3fdb-912d-5a0be7542284.TEI.1.text.1.body.1.div.1.p.27" xml:lang="nl" rend="font-size: 10; text-align: right; line-height: 11.1pt" xmlns="http://www.tei-c.org/ns/1.0">/. 2057233.18. 3<lb/></p><note xml:id="INT_a8ff7bcc-79b6-3fdb-912d-5a0be7542284.TEI.1.text.1.body.1.div.1.note.10" xml:lang="nl" place="inline" type="editorial-summary" resp="editor" rend="font-size: 9.5; font-style: italic; text-align: justify; line-height: 12.0pt" xmlns="http://www.tei-c.org/ns/1.0">van de Kaap; er gaal thans een cargasoen van <hi rend="font-size:8; font-family:Liberation Serif; font-weight:bold; letter-spacing:0.5pt" xml:lang="nl">/.</hi> 138944.8.5<lb/> en garens).<lb/></note><fw xml:id="INT_a8ff7bcc-79b6-3fdb-912d-5a0be7542284.TEI.1.text.1.body.1.div.1.fw.5" type="bottom-page-number">30</fw>
            
      </div>
                  </body>
                </text>
              </TEI>