<TEI xml:id="INT_33fe5618-e35b-3b62-9f87-af2266d69c3e" xmlns="http://www.tei-c.org/ns/1.0">
                <teiHeader>
      <fileDesc>
        <titleStmt>
          <title>Maetsuyker, Verburch, Pit, Overtwater, Speelman en Van Hoorn, 16 nov. 1671</title>
        </titleStmt>
        <publicationStmt>
          <p>
            <date>16 nov. 1671</date>
            <idno type="sourceID">missiven:vol3</idno>
            <idno type="pid">INT_33fe5618-e35b-3b62-9f87-af2266d69c3e</idno>
          </p>
        </publicationStmt>
        <notesStmt>
          <note/>
        </notesStmt>
        <sourceDesc>
          <listBibl xml:id="inlMetadata">
            <bibl type="missive">
        <interpGrp type="page"><interp>748</interp></interpGrp>
        
      <interpGrp type="titleLevel1"><interp>Maetsuyker, Verburch, Pit, Overtwater, Speelman en Van Hoorn, 16 nov. 1671</interp></interpGrp>
      <interpGrp type="dateLevel1"><interp>16 nov. 1671</interp></interpGrp>
        <interpGrp type="tocLevel"><interp>1</interp></interpGrp>
      <interpGrp type="volume"><interp>3</interp></interpGrp>
        <interpGrp type="n"><interp>LV</interp></interpGrp>
      
      <interpGrp type="witnessYearLevel1_from"><interp>1671</interp></interpGrp>
      <interpGrp type="witnessYearLevel1_to"><interp>1671</interp></interpGrp>
      <interpGrp type="witnessMonthLevel1_to"><interp>11</interp></interpGrp>
      <interpGrp type="witnessMonthLevel1_from"><interp>11</interp></interpGrp>
      <interpGrp type="witnessDayLevel1_to"><interp>16</interp></interpGrp>
      <interpGrp type="witnessDayLevel1_from"><interp>16</interp></interpGrp>
      <interpGrp type="authorLevel1"><interp>Maetsuyker</interp><interp>Verburch</interp><interp>Pit</interp><interp>Overtwater</interp><interp>Speelman</interp><interp>Van Hoorn</interp></interpGrp>
      <interpGrp type="pid"><interp>INT_33fe5618-e35b-3b62-9f87-af2266d69c3e</interp></interpGrp>
    </bibl>
          </listBibl>
        </sourceDesc>
      </fileDesc>
    </teiHeader>
                <text xml:id="INT_33fe5618-e35b-3b62-9f87-af2266d69c3e.TEI.1.text.1">
                  <body xml:id="INT_33fe5618-e35b-3b62-9f87-af2266d69c3e.TEI.1.text.1.body.1">
                    <div xml:id="INT_33fe5618-e35b-3b62-9f87-af2266d69c3e.TEI.1.text.1.body.1.div.1">
        
              <pb xml:id="INT_33fe5618-e35b-3b62-9f87-af2266d69c3e.TEI.1.text.1.body.1.div.1.pb.1" n="748" facs="http://resources.huygens.knaw.nl/retroapp/service_generalemissiven/gm_03/images/gm_3_125_0748.tif"/><fw xml:id="INT_33fe5618-e35b-3b62-9f87-af2266d69c3e.TEI.1.text.1.body.1.div.1.fw.1" place="top" type="head" facs="#zone.5995795" xmlns="http://www.tei-c.org/ns/1.0">748 Maetsuyker, Verburch, Pit, Overtwater, Speelman en Van Hoorn LV, 16 nov. 1671</fw><head xml:id="INT_33fe5618-e35b-3b62-9f87-af2266d69c3e.TEI.1.text.1.body.1.div.1.head.1" xml:lang="nl" rend="font-size: 10; text-align: justify; line-height: 11.7pt" xmlns="http://www.tei-c.org/ns/1.0">LV. JOAN MAETSUYKER, NICOLAES VERBURCH, LAURENS PIT,<lb/> PIETER OVERTWATER, CORNELIS SPEELMAN EN PIETER VAN<lb/> HOORN, BATAVIA 16 nov. 1671 <hi rend="font-size:10; font-family:Liberation Serif; font-style:italic" xml:lang="nl">').</hi><lb/></head><p xml:id="INT_33fe5618-e35b-3b62-9f87-af2266d69c3e.TEI.1.text.1.body.1.div.1.p.1" xml:lang="nl" rend="font-size: 9; text-align: justify; line-height: 10.0pt" xmlns="http://www.tei-c.org/ns/1.0">1169, fol. 46-55.<lb/></p><note xml:id="INT_33fe5618-e35b-3b62-9f87-af2266d69c3e.TEI.1.text.1.body.1.div.1.note.1" xml:lang="nl" place="inline" type="editorial-summary" resp="editor" rend="font-style: italic; line-height: 11.7pt; text-indent: 22.0pt; text-align: justify; font-size: 10" xmlns="http://www.tei-c.org/ns/1.0">(Vgl. <hi rend="font-size:10; font-family:Liberation Serif" xml:lang="nl">Daghregisters</hi> 1671, p. 413-417; de brief wordt verzonden met het Engelse<lb/> schip Unicome; oorlogsmachten Tiaar Ceylon en Malabar gezonden ter convooiering der<lb/> koopvaardijschepen, <hi rend="font-size:10; font-family:Liberation Serif" xml:lang="nl">. . .</hi> .)<lb/></note><p xml:id="INT_33fe5618-e35b-3b62-9f87-af2266d69c3e.TEI.1.text.1.body.1.div.1.p.2" xml:lang="nl" rend="font-size: 10; text-align: justify; line-height: 11.7pt" xmlns="http://www.tei-c.org/ns/1.0"><hi rend="font-size:10; font-family:Liberation Serif; letter-spacing:5.0pt" xml:lang="nl">....</hi> die de gem. cust sullen moeten passeren, tegen de machinatiën, die de<lb/> Francen en de Portugesen gerucht worden tegen den staet der Nederlanden voor<lb/> te hebben.<lb/></p><note xml:id="INT_33fe5618-e35b-3b62-9f87-af2266d69c3e.TEI.1.text.1.body.1.div.1.note.2" xml:lang="nl" place="inline" type="editorial-summary" resp="editor" rend="font-style: italic; line-height: 11.1pt; text-indent: 22.0pt; text-align: justify; font-size: 10" xmlns="http://www.tei-c.org/ns/1.0">(De Swanenburgh komt uit pairia te Colombo).<lb/></note><p xml:id="INT_33fe5618-e35b-3b62-9f87-af2266d69c3e.TEI.1.text.1.body.1.div.1.p.3" xml:lang="nl" rend="font-size: 10; text-align: justify; line-height: 11.7pt; text-indent: 22.0pt" xmlns="http://www.tei-c.org/ns/1.0">Van de geruchten van den Francen oorlogh was daer van Wingurla, Suratta<lb/> ende elders oock al deselve kennis overgebracht, als wij hier sijn hebbende, soodat<lb/> alles ter defentie veerdigh gemaekt wierd ende liet sijn e.1 <hi rend="font-size:10; font-family:Liberation Serif; vertical-align:super" xml:lang="nl">2)</hi> dienaengaende sijn sorg<lb/> ende becommeringh oock gaen over de cust van Mallabar, als waerop het de<lb/> vijanden, soo men se soo mach noemen, wel eerst souden connen gemunt hebben,<lb/> als de Portugesen naest gelegen.<lb/></p><note xml:id="INT_33fe5618-e35b-3b62-9f87-af2266d69c3e.TEI.1.text.1.body.1.div.1.note.3" xml:lang="nl" place="inline" type="editorial-summary" resp="editor" rend="font-style: italic; line-height: 11.7pt; text-indent: 22.0pt; text-align: justify; font-size: 10" xmlns="http://www.tei-c.org/ns/1.0">( In geval van oorlog zal Van Goens ook daar het commando hebben; nog 150 man<lb/> zullen hem worden toegezjonden; Van Reede rust zich zo goed mogelijk toe).<lb/></note><p xml:id="INT_33fe5618-e35b-3b62-9f87-af2266d69c3e.TEI.1.text.1.body.1.div.1.p.4" xml:lang="nl" rend="font-size: 10; text-align: justify; line-height: 11.4pt; text-indent: 22.0pt" xmlns="http://www.tei-c.org/ns/1.0">Bijaldien wij mette scheepsmacht, die Ceylon bijeen sal crijgen, meester van<lb/> de zee mogen blijven, sal de swarigheyt soo groot niet wesen, of sal mette hulpe<lb/> des Heeren wel te boven sijn te comen.<lb/></p><note xml:id="INT_33fe5618-e35b-3b62-9f87-af2266d69c3e.TEI.1.text.1.body.1.div.1.note.4" xml:lang="nl" place="inline" type="editorial-summary" resp="editor" rend="font-style: italic; line-height: 11.7pt; text-indent: 22.0pt; text-align: justify; font-size: 10" xmlns="http://www.tei-c.org/ns/1.0">( De Noortwijck brengt voor <hi rend="font-size:10; font-family:Liberation Serif" xml:lang="nl">/.</hi> 60000 aan contanten uit Gamron te Cochin; vernomen,<lb/> dat . <hi rend="font-size:10; font-family:Liberation Serif" xml:lang="nl">. .</hi> .)<lb/></note><p xml:id="INT_33fe5618-e35b-3b62-9f87-af2266d69c3e.TEI.1.text.1.body.1.div.1.p.5" xml:lang="nl" rend="font-size: 10; text-align: justify; line-height: 11.7pt" xmlns="http://www.tei-c.org/ns/1.0"><hi rend="font-size:10; font-family:Liberation Serif; letter-spacing:5.0pt" xml:lang="nl">....</hi> in ’t leste van mey verleden drie schepen uyt Portugal tot Goa waren<lb/> aengecomen ende daema noch een, 10 april verleden jaers met haer vijven uytgelopen<lb/> ende tot Mosambique aen geweest.<lb/></p><note xml:id="INT_33fe5618-e35b-3b62-9f87-af2266d69c3e.TEI.1.text.1.body.1.div.1.note.5" xml:lang="nl" place="inline" type="editorial-summary" resp="editor" rend="font-style: italic; line-height: 11.1pt; text-indent: 22.0pt; text-align: justify; font-size: 10" xmlns="http://www.tei-c.org/ns/1.0">(Vernomen te Wingurla, . . . .)<lb/></note><p xml:id="INT_33fe5618-e35b-3b62-9f87-af2266d69c3e.TEI.1.text.1.body.1.div.1.p.6" xml:lang="nl" rend="font-size: 10; text-align: justify; line-height: 11.7pt" xmlns="http://www.tei-c.org/ns/1.0"><hi rend="font-size:10; font-family:Liberation Serif; letter-spacing:5.0pt" xml:lang="nl">....</hi> dat tusschen Portugal ende de croone Vranckrijk een contract ofte alliantie<lb/> gesloten sij om de Vereenigde Nederlanden gesamerhant op ’t lijf te vallen ende<lb/> hier te lande een begin te maken mette cust van Mallabar ende het eylant Ceylon.<lb/><hi rend="font-size:9; font-family:Liberation Serif" xml:lang="nl">Fol. 52v.</hi><lb/></p><note xml:id="INT_33fe5618-e35b-3b62-9f87-af2266d69c3e.TEI.1.text.1.body.1.div.1.note.6" xml:lang="nl" place="inline" type="editorial-summary" resp="editor" rend="font-style: italic; line-height: 11.7pt; text-indent: 22.0pt; text-align: justify; font-size: 10" xmlns="http://www.tei-c.org/ns/1.0">(Uit Frankrijk zouden vele schepen op komst zijn o.a. 12 of meer, in Hamburg<lb/> gehuurd; de Portugese Onderkoning . <hi rend="font-size:10; font-family:Liberation Serif" xml:lang="nl">. .</hi> .)<lb/></note><note xml:id="INT_33fe5618-e35b-3b62-9f87-af2266d69c3e.TEI.1.text.1.body.1.div.1.note.7" xml:lang="nl" rend="font-size: 9; text-align: justify; line-height: 10.0pt; margin-left: 2200" xmlns="http://www.tei-c.org/ns/1.0">1) Op de brief staat aangetekend: Ontfangen over Engelant den 18 Juny 1672.<lb/></note><note xml:id="INT_33fe5618-e35b-3b62-9f87-af2266d69c3e.TEI.1.text.1.body.1.div.1.note.8" xml:lang="nl" rend="font-size: 9; text-align: justify; line-height: 10.0pt; margin-left: 2200" xmlns="http://www.tei-c.org/ns/1.0">2) Van Goens, sr.<lb/></note><pb xml:id="INT_33fe5618-e35b-3b62-9f87-af2266d69c3e.TEI.1.text.1.body.1.div.1.pb.2" n="749" facs="http://resources.huygens.knaw.nl/retroapp/service_generalemissiven/gm_03/images/gm_3_125_0749.tif"/><fw xml:id="INT_33fe5618-e35b-3b62-9f87-af2266d69c3e.TEI.1.text.1.body.1.div.1.fw.2" place="top" type="head" facs="#zone.5998128" xmlns="http://www.tei-c.org/ns/1.0">Maetsuyker, Verburch, Pit, Overtwater, Speelman en Van Hoorn LV, 16 nov. 1671 749</fw><p xml:id="INT_33fe5618-e35b-3b62-9f87-af2266d69c3e.TEI.1.text.1.body.1.div.1.p.7" xml:lang="nl" rend="font-size: 10; text-align: justify; line-height: 11.7pt" xmlns="http://www.tei-c.org/ns/1.0"><hi rend="font-size:10; font-family:Liberation Serif; letter-spacing:4.5pt" xml:lang="nl">....</hi> groot gesach uytgebracht heeft ende alles laet aenleggen om in corte een<lb/> grote macht schepen ende mindere oorlogsvaertuygen in zee te brengen ende<lb/> claer te crijgen, maer was weynigh versien van geit ende crijgsvolcq, dan geensints<lb/> van couragie ende moet. Sommige menen, dat het ons dit jaer noch niet gelden<lb/> sal, maer dat hij de gerede macht tegen de Arabieren sal gebruycken.<lb/></p><note xml:id="INT_33fe5618-e35b-3b62-9f87-af2266d69c3e.TEI.1.text.1.body.1.div.1.note.9" xml:lang="nl" place="inline" type="editorial-summary" resp="editor" rend="font-style: italic; line-height: 12.0pt; text-indent: 22.0pt; text-align: justify; font-size: 9" xmlns="http://www.tei-c.org/ns/1.0">(De resident te Wingurla heeft f. 140000 in kas; in Suratte was 31 mei in een<lb/> jaar netto gewonnen f. 689178).<lb/></note><p xml:id="INT_33fe5618-e35b-3b62-9f87-af2266d69c3e.TEI.1.text.1.body.1.div.1.p.8" xml:lang="nl" rend="font-size: 10; text-align: justify; line-height: 11.7pt; text-indent: 22.0pt" xmlns="http://www.tei-c.org/ns/1.0">De troubles in de landen ende het woelen van de bewuste Siwasi schenen nu<lb/> mette macht, door de Mogol te velde gebracht, genougsaem gestut te wesen, maer<lb/> vasten staet en is daer evenwel niet op te maken, een lose gast sijnde ende die<lb/> overal mette grootste in de hoven der omleggende Vorsten schijnt intelligentie te<lb/> hebben ende daerdoor gestadige kennis van derselver raetslagen ende voornemen<lb/> om hem nae te connen reguleren.<lb/></p><note xml:id="INT_33fe5618-e35b-3b62-9f87-af2266d69c3e.TEI.1.text.1.body.1.div.1.note.10" xml:lang="nl" place="inline" type="editorial-summary" resp="editor" rend="font-style: italic; line-height: 11.7pt; text-indent: 22.0pt; text-align: justify; font-size: 9" xmlns="http://www.tei-c.org/ns/1.0">(In Perzië behoefde slechts 419 baal zijde te worden af genomen; de Noortwijck<lb/> maakte met een cargasoen van f. 46577 van Gamron een reis naar Basra).<lb/></note><p xml:id="INT_33fe5618-e35b-3b62-9f87-af2266d69c3e.TEI.1.text.1.body.1.div.1.p.9" xml:lang="nl" rend="font-size: 10; text-align: justify; line-height: 11.7pt; text-indent: 22.0pt" xmlns="http://www.tei-c.org/ns/1.0">In julio verleden is daer gepasseert een Frans schip, de St. Jan, daerop eene<lb/> mons.r Blot <hi rend="font-size:10; font-family:Liberation Serif; vertical-align:super" xml:lang="nl">x)</hi> met titul van Directeur-Generael, 7 maert uyt Brittange <hi rend="font-size:10; font-family:Liberation Serif; vertical-align:super" xml:lang="nl">1 2)</hi> gelopen<lb/> in comp.e van noch een, genaemt de Soleil, dat door storm masteloos ende vrij<lb/> ontramponeert van haer was geraekt.<lb/></p><note xml:id="INT_33fe5618-e35b-3b62-9f87-af2266d69c3e.TEI.1.text.1.body.1.div.1.note.11" xml:lang="nl" place="inline" type="editorial-summary" resp="editor" rend="font-style: italic; line-height: 11.7pt; text-indent: 22.0pt; text-align: justify; font-size: 9" xmlns="http://www.tei-c.org/ns/1.0">(Met het oog op de oorlogsgeruchten zullen de eerste en tweede bezending naar<lb/> patria samen tegen 10 dec. vertrekken <hi rend="font-size:9; font-family:Liberation Serif" xml:lang="nl">,</hi> mogelijk met wat minder lading; door Van<lb/> Goens . . . .)<lb/></note><p xml:id="INT_33fe5618-e35b-3b62-9f87-af2266d69c3e.TEI.1.text.1.body.1.div.1.p.10" xml:lang="nl" rend="font-size: 10; text-align: justify; line-height: 11.7pt" xmlns="http://www.tei-c.org/ns/1.0"><hi rend="font-size:10; font-family:Liberation Serif; letter-spacing:4.5pt" xml:lang="nl">....</hi> na Tutucurin ordre gegeven was den principalen ommeslach in te trecken<lb/> ende na Colombo over te brengen, of de vijanden misschien haer in die bocht mochten<lb/> comen vertoonen.<lb/></p><note xml:id="INT_33fe5618-e35b-3b62-9f87-af2266d69c3e.TEI.1.text.1.body.1.div.1.note.12" xml:lang="nl" rend="font-size: 8; line-height: 9.6pt; text-indent: 22.0pt" xmlns="http://www.tei-c.org/ns/1.0">1) Blot, óén der drie Directeuren-Generaal van de Franse Compagnie; de andere twee<lb/> waren Baron en Caron. Vooral met den laatste kon Blot niet overweg.<lb/></note><note xml:id="INT_33fe5618-e35b-3b62-9f87-af2266d69c3e.TEI.1.text.1.body.1.div.1.note.13" xml:lang="nl" rend="font-size: 8; text-align: justify; line-height: 9.6pt; margin-left: 2200" xmlns="http://www.tei-c.org/ns/1.0">2) Bedoeld : Bretagne.<lb/></note>
            
      </div>
                  </body>
                </text>
              </TEI>