<TEI xml:id="INT_1823f426-97ce-3736-8efc-990432fa5376" xmlns="http://www.tei-c.org/ns/1.0">
                <teiHeader>
      <fileDesc>
        <titleStmt>
          <title>Maetsuyker, Verburch, Pit, Overtwater, Van den Brouck en Thijsz., 23 dec. 1667</title>
        </titleStmt>
        <publicationStmt>
          <p>
            <date>23 dec. 1667</date>
            <idno type="sourceID">missiven:vol3</idno>
            <idno type="pid">INT_1823f426-97ce-3736-8efc-990432fa5376</idno>
          </p>
        </publicationStmt>
        <notesStmt>
          <note/>
        </notesStmt>
        <sourceDesc>
          <listBibl xml:id="inlMetadata">
            <bibl type="missive">
        <interpGrp type="page"><interp>613</interp></interpGrp>
        
      <interpGrp type="titleLevel1"><interp>Maetsuyker, Verburch, Pit, Overtwater, Van den Brouck en Thijsz., 23 dec. 1667</interp></interpGrp>
      <interpGrp type="dateLevel1"><interp>23 dec. 1667</interp></interpGrp>
        <interpGrp type="tocLevel"><interp>1</interp></interpGrp>
      <interpGrp type="volume"><interp>3</interp></interpGrp>
        <interpGrp type="n"><interp>XXXIX</interp></interpGrp>
      
      <interpGrp type="witnessYearLevel1_from"><interp>1667</interp></interpGrp>
      <interpGrp type="witnessYearLevel1_to"><interp>1667</interp></interpGrp>
      <interpGrp type="witnessMonthLevel1_to"><interp>12</interp></interpGrp>
      <interpGrp type="witnessMonthLevel1_from"><interp>12</interp></interpGrp>
      <interpGrp type="witnessDayLevel1_to"><interp>23</interp></interpGrp>
      <interpGrp type="witnessDayLevel1_from"><interp>23</interp></interpGrp>
      <interpGrp type="authorLevel1"><interp>Maetsuyker</interp><interp>Verburch</interp><interp>Pit</interp><interp>Overtwater</interp><interp>Van den Brouck</interp><interp>Thijsz.</interp></interpGrp>
      <interpGrp type="pid"><interp>INT_1823f426-97ce-3736-8efc-990432fa5376</interp></interpGrp>
    </bibl>
          </listBibl>
        </sourceDesc>
      </fileDesc>
    </teiHeader>
                <text xml:id="INT_1823f426-97ce-3736-8efc-990432fa5376.TEI.1.text.1">
                  <body xml:id="INT_1823f426-97ce-3736-8efc-990432fa5376.TEI.1.text.1.body.1">
                    <div xml:id="INT_1823f426-97ce-3736-8efc-990432fa5376.TEI.1.text.1.body.1.div.1">
        
              <pb xml:id="INT_1823f426-97ce-3736-8efc-990432fa5376.TEI.1.text.1.body.1.div.1.pb.1" n="613" facs="http://resources.huygens.knaw.nl/retroapp/service_generalemissiven/gm_03/images/gm_3_125_0613.tif"/><fw xml:id="INT_1823f426-97ce-3736-8efc-990432fa5376.TEI.1.text.1.body.1.div.1.fw.1" place="top" type="head" facs="#zone.5654387" xmlns="http://www.tei-c.org/ns/1.0">Maetsuyker, Verburch, Pit, Overtwater, enz. XXXIX, 23 december 1667</fw><fw xml:id="INT_1823f426-97ce-3736-8efc-990432fa5376.TEI.1.text.1.body.1.div.1.fw.2" place="top" type="page-number" facs="#zone.5654399" xmlns="http://www.tei-c.org/ns/1.0">613</fw><head xml:id="INT_1823f426-97ce-3736-8efc-990432fa5376.TEI.1.text.1.body.1.div.1.head.1" xml:lang="nl" rend="font-size: 10; text-align: justify; line-height: 11.7pt" xmlns="http://www.tei-c.org/ns/1.0">XXXIX. JOAN MAETSUYKER, NICOLAES VERBURCH, LAURENS<lb/> PIT, PIETER OVERTWATER, MATTHEUS VAN DEN BROUCK EN<lb/> JOAN THIJSEN, BATAVIA 23 dec. 1667.<lb/></head><p xml:id="INT_1823f426-97ce-3736-8efc-990432fa5376.TEI.1.text.1.body.1.div.1.p.1" xml:lang="nl" rend="font-size: 8.5; text-align: justify; line-height: 9.4pt" xmlns="http://www.tei-c.org/ns/1.0">K.A. 1152, fol. 174-194.<lb/></p><note xml:id="INT_1823f426-97ce-3736-8efc-990432fa5376.TEI.1.text.1.body.1.div.1.note.1" xml:lang="nl" place="inline" type="editorial-summary" resp="editor" rend="font-style: italic; line-height: 12.0pt; text-indent: 22.0pt; text-align: justify; font-size: 10" xmlns="http://www.tei-c.org/ns/1.0">(Vgl. <hi rend="font-size:10; font-family:Liberation Serif" xml:lang="nl">Daghregisters</hi> 1667, p. 398-403; thans gaan 3 retourschepen, een vierde zal<lb/> volgen; in Tonkin is kapitaal van f. 248000 en aan dubieuse vorderingen f. 80000;<lb/> er is f. 110000 gewonnen en f. 17000 uitgegeven, Risemon is er gestorven).<lb/></note><p xml:id="INT_1823f426-97ce-3736-8efc-990432fa5376.TEI.1.text.1.body.1.div.1.p.2" xml:lang="nl" rend="font-size: 10; text-align: justify; line-height: 11.7pt; text-indent: 22.0pt" xmlns="http://www.tei-c.org/ns/1.0">’t Opperhooft aldaer hadde een stierman en een vendrick, met een Mani Ilias<lb/> vaertuygh aldaer gekomen, dat daer verleden jaer scliipbreuck geleden hadde, en<lb/> elf andere, tesamen dertien personen, herwaerts gelargeert, alsoo daer geen middel<lb/> van leven en hadden, dat verhoopten hier beter te vinden en beter gelegentheyt<lb/> om na Manilha te geraken.<lb/></p><note xml:id="INT_1823f426-97ce-3736-8efc-990432fa5376.TEI.1.text.1.body.1.div.1.note.2" xml:lang="nl" place="inline" type="editorial-summary" resp="editor" rend="font-style: italic; line-height: 11.1pt; text-indent: 22.0pt; text-align: justify; font-size: 10" xmlns="http://www.tei-c.org/ns/1.0">(De Koning betaalde zijn schuld af, de prins <hi rend="font-size:10; font-family:Liberation Serif" xml:lang="nl">,</hi> nog schuldig f. 23000, niet).<lb/></note><p xml:id="INT_1823f426-97ce-3736-8efc-990432fa5376.TEI.1.text.1.body.1.div.1.p.3" xml:lang="nl" rend="font-size: 10; text-align: justify; line-height: 11.7pt; text-indent: 22.0pt" xmlns="http://www.tei-c.org/ns/1.0">De May.1 en alle groten waren te velde met 150 000 mannen, in ses legers<lb/> verdeelt, om den Vorst van Cabangh <hi rend="font-size:10; font-family:Liberation Serif; vertical-align:super" xml:lang="nl">1),</hi> in ’t gebergte gelegen, aen vele canten<lb/> aen te tasten.<lb/></p><note xml:id="INT_1823f426-97ce-3736-8efc-990432fa5376.TEI.1.text.1.body.1.div.1.note.3" xml:lang="nl" place="inline" type="editorial-summary" resp="editor" rend="font-style: italic; line-height: 12.0pt; text-indent: 22.0pt; text-align: justify; font-size: 10" xmlns="http://www.tei-c.org/ns/1.0">(In Tonkin kwamen 1 jonk van Cambodja, 1 van Bantam , 2 van Batavia,<lb/> meest met peper).<lb/></note><p xml:id="INT_1823f426-97ce-3736-8efc-990432fa5376.TEI.1.text.1.body.1.div.1.p.4" xml:lang="nl" rend="font-size: 10; text-align: justify; line-height: 11.7pt; text-indent: 22.0pt" xmlns="http://www.tei-c.org/ns/1.0">Sijn e. <hi rend="font-size:10; font-family:Liberation Serif; vertical-align:super" xml:lang="nl">2)</hi> heeft acht maenden en twaelff dagen doorgebracht om dese commissie<lb/> daer te lande te volvoeren, hebbende dit legaetschap d’E. Comp.e ontrent<lb/> hondert duysent gul. gecost, dat seecker veel sij, ten opsigt daermede niets geproffiteert<lb/> is.<lb/></p><note xml:id="INT_1823f426-97ce-3736-8efc-990432fa5376.TEI.1.text.1.body.1.div.1.note.4" xml:lang="nl" place="inline" type="editorial-summary" resp="editor" rend="font-style: italic; line-height: 11.7pt; text-indent: 22.0pt; text-align: justify; font-size: 10" xmlns="http://www.tei-c.org/ns/1.0">( De Onderkoning van Fu-Tsjou is beboet wegens het niet ophanden der Nederlandse<lb/> schepen; vgl. <hi rend="font-size:10; font-family:Liberation Serif" xml:lang="nl">Beschrijvinge</hi> II, I, p. 738, <hi rend="font-size:10; font-family:Liberation Serif" xml:lang="nl">. . .</hi> . )<lb/></note><p xml:id="INT_1823f426-97ce-3736-8efc-990432fa5376.TEI.1.text.1.body.1.div.1.p.5" xml:lang="nl" rend="font-size: 10; text-align: justify; line-height: 12.0pt" xmlns="http://www.tei-c.org/ns/1.0"><hi rend="font-size:10; font-family:Liberation Serif; letter-spacing:4.5pt" xml:lang="nl">....</hi> waerdoor veel naeuwer toesigt als voorhenen op de onse genomen wiert<lb/> met een strickt verbot van niets te mogen wt- of invoeren, dat onder anderen<lb/> almede een quade voorbode is van ons ginder niet langer te willen gedogen.<lb/><hi rend="font-size:8.5; font-family:Liberation Serif" xml:lang="nl">Fol. 181r.</hi><lb/></p><note xml:id="INT_1823f426-97ce-3736-8efc-990432fa5376.TEI.1.text.1.body.1.div.1.note.5" xml:lang="nl" place="inline" type="editorial-summary" resp="editor" rend="font-style: italic; line-height: 11.7pt; text-indent: 22.0pt; text-align: justify; font-size: 10" xmlns="http://www.tei-c.org/ns/1.0">(Verbod voor Chinezen overzee te varen, vgl. ïbid., p. 738-739; te Ki-Lung<lb/> volgt Dideloff van der Beeck den gestorven Jan de Meyer als commandant op).<lb/></note><p xml:id="INT_1823f426-97ce-3736-8efc-990432fa5376.TEI.1.text.1.body.1.div.1.p.6" xml:lang="nl" rend="font-size: 10; text-align: justify; line-height: 11.7pt; text-indent: 22.0pt" xmlns="http://www.tei-c.org/ns/1.0">De fortificatiën waren ginder in goede defentie gebragt en drie puncten <hi rend="font-size:9.5; font-family:Liberation Serif; font-weight:bold" xml:lang="nl">vaD</hi><lb/>’t casteel al voltoyt en met gordijnen aen malcanderen gesloten, sulcx het opmaeeken<lb/> van de vierde punct daeraen maer manequeert en de Chinese vijanden, soo<lb/> bijaldien weder gecomen waren, vrij groote resistentie soude hebben gevonden.<lb/><hi rend="font-size:8.5; font-family:Liberation Serif" xml:lang="nl">Fol. 182v.</hi><lb/></p><note xml:id="INT_1823f426-97ce-3736-8efc-990432fa5376.TEI.1.text.1.body.1.div.1.note.6" xml:lang="nl" place="inline" type="editorial-summary" resp="editor" rend="font-style: italic; line-height: 11.1pt; text-indent: 22.0pt; text-align: justify; font-size: 10" xmlns="http://www.tei-c.org/ns/1.0">(Gegevens Ki-Lung, vgl. <hi rend="font-size:10; font-family:Liberation Serif" xml:lang="nl">Beschrijvinge</hi> II, I, p. 740-741).<lb/></note><note xml:id="INT_1823f426-97ce-3736-8efc-990432fa5376.TEI.1.text.1.body.1.div.1.note.7" xml:lang="nl" rend="font-size: 8.5; text-align: justify; line-height: 9.4pt; margin-left: 2100" xmlns="http://www.tei-c.org/ns/1.0">1) Cao-bang, plaats nabij de Chinese grens, op 22°4ö' N.B. en 106o10' O.L.<lb/></note><note xml:id="INT_1823f426-97ce-3736-8efc-990432fa5376.TEI.1.text.1.body.1.div.1.note.8" xml:lang="nl" rend="font-size: 8.5; text-align: justify; line-height: 9.4pt; margin-left: 2000" xmlns="http://www.tei-c.org/ns/1.0">2) Pieter van Hoorn.<lb/></note><pb xml:id="INT_1823f426-97ce-3736-8efc-990432fa5376.TEI.1.text.1.body.1.div.1.pb.2" n="614" facs="http://resources.huygens.knaw.nl/retroapp/service_generalemissiven/gm_03/images/gm_3_125_0614.tif"/><fw xml:id="INT_1823f426-97ce-3736-8efc-990432fa5376.TEI.1.text.1.body.1.div.1.fw.3" place="top" type="page-number" facs="#zone.5656859" xmlns="http://www.tei-c.org/ns/1.0">614</fw><fw xml:id="INT_1823f426-97ce-3736-8efc-990432fa5376.TEI.1.text.1.body.1.div.1.fw.4" place="top" type="head" facs="#zone.5656863" xmlns="http://www.tei-c.org/ns/1.0">Maetsuyker, Verburch, Pit, Overtwater, enz. XXXIX, 23 december 1667</fw><p xml:id="INT_1823f426-97ce-3736-8efc-990432fa5376.TEI.1.text.1.body.1.div.1.p.7" xml:lang="nl" rend="font-size: 10; text-align: justify; line-height: 11.7pt; text-indent: 22.0pt" xmlns="http://www.tei-c.org/ns/1.0">Van Tamsuy waren 34 Kocksinse soldaten op Quelangh comen overlopen, die<lb/> te rapporteren visten, dat het daer ter plaetse seer sober was gestelt. Voorsz.<lb/> overlopers waren met 0 verveen *j nae Hocksieuw gesonden en dat op haer eygen<lb/> versouck, doch en heeft niet geschenen, hetselve de Tartarise regenten aldaer<lb/> aengenaem is geweest. De reden daervan en connen wij niet wel bedeneken. Men<lb/> opinieerde, dat in corte wel meer van dat volck tot de onse soude overcomen, maer<lb/> soo haest als Sepoan, wesende de zone van Kocksinja, de begonnen vlugt van<lb/> sijne soldaten vernam, heeft al het oude volck van daer geligt en andere in de<lb/> plaetse geleyt, waerdoor de vordere fuge is voorgecomen, sijnde aen haer wegblijven<lb/> weynigh gelegen, alsoo maer een deel schelmen en snode verraders sijn, die<lb/> men in ’t minste niet vertrouwen magh.<lb/></p><note xml:id="INT_1823f426-97ce-3736-8efc-990432fa5376.TEI.1.text.1.body.1.div.1.note.9" xml:lang="nl" place="inline" type="editorial-summary" resp="editor" rend="font-style: italic; line-height: 11.7pt; text-indent: 22.0pt; text-align: justify; font-size: 10" xmlns="http://www.tei-c.org/ns/1.0">(Vermoeddijk zijn de moeste Nederlanders , op Thaiioan gevangen , gestorven ;<lb/> gering nut van de vestiging op Ki-Lung, <hi rend="font-size:10; font-family:Liberation Serif" xml:lang="nl">Beschrijvinge</hi> II, I, p. 741; het stenen<lb/> wachthuis aan de Antjolse vaart kostte 1610 rsd.; het huis voor de logeboeken enz. en<lb/> van de schrijvers is hersteld).<lb/></note><p xml:id="INT_1823f426-97ce-3736-8efc-990432fa5376.TEI.1.text.1.body.1.div.1.p.8" xml:lang="nl" rend="font-size: 10; text-align: justify; line-height: 11.7pt; text-indent: 22.0pt" xmlns="http://www.tei-c.org/ns/1.0">Sullende van gelijeke boven plat worden gemaeckt, alsoo wij ons daer vrij<lb/> beter bij bevinden als bij de pannendaken, die noyt dicht te maken sijn ende de<lb/> huy singen voor haer tijt doen vergaen.<lb/></p><p xml:id="INT_1823f426-97ce-3736-8efc-990432fa5376.TEI.1.text.1.body.1.div.1.p.9" xml:lang="nl" rend="font-size: 10; text-align: justify; line-height: 11.7pt; text-indent: 22.0pt" xmlns="http://www.tei-c.org/ns/1.0">In Japan schijnt het de Comp.e voortaen aen goude coupans <hi rend="font-size:10; font-family:Liberation Serif; vertical-align:super" xml:lang="nl">1 2)</hi> niet te sullen<lb/> ontbreken, waerbij comende het gout, dat ons van Andragiry, de Westcust en<lb/> alhier toevloeyt tot vrij civiler prijs, dan het in ’t vaderlandt can ingecocht<lb/> worden, soo hebben onnodich geacht daer eysch van te doen, op hope dat U Ed.<lb/> ons des te meer silvergelt sullen laten toecomen.<lb/></p><note xml:id="INT_1823f426-97ce-3736-8efc-990432fa5376.TEI.1.text.1.body.1.div.1.note.10" xml:lang="nl" place="inline" type="editorial-summary" resp="editor" rend="font-size: 10; font-style: italic; text-align: right; line-height: 11.1pt" xmlns="http://www.tei-c.org/ns/1.0">(Masten en rondhout niet onder smeekolen te laden, daar ze dan gaan broeien).<lb/></note><p xml:id="INT_1823f426-97ce-3736-8efc-990432fa5376.TEI.1.text.1.body.1.div.1.p.10" xml:lang="nl" rend="font-size: 10; text-align: justify; line-height: 11.7pt; text-indent: 22.0pt" xmlns="http://www.tei-c.org/ns/1.0">Omdat wij doorgaens om ballast voor de retourschepen benodicht sijn, soo<lb/> sijn onse gedachten gelopen op het stael, dat op de Cust Cormandel is vallende, of<lb/> hetselve in ’t vaderlandt niet met verdraeglijck <hi rend="font-size:10; font-family:Liberation Serif; vertical-align:super" xml:lang="nl">3)</hi> voordeel soude connen worden<lb/> vercocht, costende op de gem. Cust omtrent 2 J stuyvers het pont ende senden tot<lb/> dien eynde tot een preuve mettet schip de Vrijheyt over een duysent ponden . . . .<lb/> De gesant, die <hi rend="font-size:10; font-family:Liberation Serif; letter-spacing:4.5pt" xml:lang="nl">....</hi> van Macassar tot Bantam was aengecomen om te versoecken<lb/> assistentie tegen onse crijgsmacht, is daer ondertusschen comen te overlijden. De<lb/> suite staet alle dagen met een vaertuygh, haer door den Sulthan geschoncken,<lb/> weder nae Macassar te keren. Onse resident heeft niet connen vermereken, dat se<lb/> op haer versoeck ietwes geobtineert hebben dan goede woorden en misschien een<lb/> weynich buscruyt, dat een slecht secours is. Ondertusschen gaen die van Bantam<lb/> met haer aengevangen nieuwe fortificatie wacker voort meest door fugitive<lb/> lijfeygenen van Batavia, dat een verdrietige saeck voor ons is.<lb/></p><note xml:id="INT_1823f426-97ce-3736-8efc-990432fa5376.TEI.1.text.1.body.1.div.1.note.11" xml:lang="nl" place="inline" type="editorial-summary" resp="editor" rend="font-style: italic; line-height: 11.1pt; text-indent: 22.0pt; text-align: justify; font-size: 10" xmlns="http://www.tei-c.org/ns/1.0">(31 augustus ivas te Batavia in een jaar uitgegeven . . . .)<lb/></note><note xml:id="INT_1823f426-97ce-3736-8efc-990432fa5376.TEI.1.text.1.body.1.div.1.note.12" xml:lang="nl" rend="font-size: 8; text-align: justify; line-height: 8.9pt; margin-left: 2300" xmlns="http://www.tei-c.org/ns/1.0">1) Een Compagnies’ schip<lb/></note><note xml:id="INT_1823f426-97ce-3736-8efc-990432fa5376.TEI.1.text.1.body.1.div.1.note.13" xml:lang="nl" rend="font-size: 8; text-align: justify; line-height: 9.6pt; margin-left: 2300" xmlns="http://www.tei-c.org/ns/1.0">2) Coupan, koban, Japanse gouden munt ter waarde van 6 taël.<lb/></note><note xml:id="INT_1823f426-97ce-3736-8efc-990432fa5376.TEI.1.text.1.body.1.div.1.note.14" xml:lang="nl" rend="font-size: 8; text-align: justify; line-height: 9.6pt; margin-left: 2300" xmlns="http://www.tei-c.org/ns/1.0">3) Tamelijk, voldoende.<lb/></note><pb xml:id="INT_1823f426-97ce-3736-8efc-990432fa5376.TEI.1.text.1.body.1.div.1.pb.3" n="615" facs="http://resources.huygens.knaw.nl/retroapp/service_generalemissiven/gm_03/images/gm_3_125_0615.tif"/><fw xml:id="INT_1823f426-97ce-3736-8efc-990432fa5376.TEI.1.text.1.body.1.div.1.fw.5" place="top" type="head" facs="#zone.5658569" xmlns="http://www.tei-c.org/ns/1.0">Maetsuyker, Verburch, Pit, Overtwater, enz. XXXIX, 23 december 1667</fw><fw xml:id="INT_1823f426-97ce-3736-8efc-990432fa5376.TEI.1.text.1.body.1.div.1.fw.6" place="top" type="page-number" facs="#zone.5658581" xmlns="http://www.tei-c.org/ns/1.0">615</fw><p xml:id="INT_1823f426-97ce-3736-8efc-990432fa5376.TEI.1.text.1.body.1.div.1.p.11" xml:lang="nl" rend="font-size: 10; text-align: justify; line-height: 11.1pt; margin-left: 2300" xmlns="http://www.tei-c.org/ns/1.0">De reeckeningh van equipagie . ƒ 829493.10.13<lb/></p><p xml:id="INT_1823f426-97ce-3736-8efc-990432fa5376.TEI.1.text.1.body.1.div.1.p.12" xml:lang="nl" rend="font-size: 10; text-align: justify; line-height: 11.7pt" xmlns="http://www.tei-c.org/ns/1.0">betaelde soldijen . <hi rend="font-size:10; font-family:Liberation Serif; font-style:italic" xml:lang="nl">.</hi> 425467.17. 3<lb/></p><p xml:id="INT_1823f426-97ce-3736-8efc-990432fa5376.TEI.1.text.1.body.1.div.1.p.13" xml:lang="nl" rend="font-size: 10; text-align: justify; line-height: 11.7pt" xmlns="http://www.tei-c.org/ns/1.0">maentlicke rantsoenen . <hi rend="font-size:10; font-family:Liberation Serif; font-style:italic" xml:lang="nl">.</hi> 189586.10. 8<lb/></p><p xml:id="INT_1823f426-97ce-3736-8efc-990432fa5376.TEI.1.text.1.body.1.div.1.p.14" xml:lang="nl" rend="font-size: 10; text-align: justify; line-height: 11.7pt" xmlns="http://www.tei-c.org/ns/1.0">gemene oncosten . <hi rend="font-size:10; font-family:Liberation Serif; font-style:italic" xml:lang="nl">.</hi> 256018. 7.14<lb/></p><p xml:id="INT_1823f426-97ce-3736-8efc-990432fa5376.TEI.1.text.1.body.1.div.1.p.15" xml:lang="nl" rend="font-size: 10; text-align: justify; line-height: 11.7pt" xmlns="http://www.tei-c.org/ns/1.0">betaelde interesten . » 195241.14. 8<lb/></p><p xml:id="INT_1823f426-97ce-3736-8efc-990432fa5376.TEI.1.text.1.body.1.div.1.p.16" xml:lang="nl" rend="font-size: 10; text-align: justify; line-height: 11.7pt" xmlns="http://www.tei-c.org/ns/1.0">fortificatie, verbeteringh van Bat.a, chaloupen en cleyn vaer-<lb/></p><p xml:id="INT_1823f426-97ce-3736-8efc-990432fa5376.TEI.1.text.1.body.1.div.1.p.17" xml:lang="nl" rend="font-size: 10; text-align: justify; line-height: 11.7pt" xmlns="http://www.tei-c.org/ns/1.0">tuygh tesamen . . 12006. 5.<lb/></p><p xml:id="INT_1823f426-97ce-3736-8efc-990432fa5376.TEI.1.text.1.body.1.div.1.p.18" xml:lang="nl" rend="font-size: 10; text-decoration: underline; text-align: justify; line-height: 11.7pt" xmlns="http://www.tei-c.org/ns/1.0"><hi rend="font-size:10; font-family:Liberation Serif" xml:lang="nl">’t sieckenhuys .</hi> . 3469.17.11<lb/></p><p xml:id="INT_1823f426-97ce-3736-8efc-990432fa5376.TEI.1.text.1.body.1.div.1.p.19" xml:lang="nl" rend="font-size: 10; text-align: right; line-height: 11.1pt" xmlns="http://www.tei-c.org/ns/1.0">somma met malcander ƒ 1911284. 3. 9<lb/></p><p xml:id="INT_1823f426-97ce-3736-8efc-990432fa5376.TEI.1.text.1.body.1.div.1.p.20" xml:lang="nl" rend="font-size: 10; text-align: justify; line-height: 11.1pt" xmlns="http://www.tei-c.org/ns/1.0">daerjegen bedragen de suyvere<lb/></p><p xml:id="INT_1823f426-97ce-3736-8efc-990432fa5376.TEI.1.text.1.body.1.div.1.p.21" xml:lang="nl" rend="font-size: 10; text-align: justify; line-height: 11.7pt" xmlns="http://www.tei-c.org/ns/1.0">winsten . ƒ 1262863. 8. 1<lb/></p><p xml:id="INT_1823f426-97ce-3736-8efc-990432fa5376.TEI.1.text.1.body.1.div.1.p.22" xml:lang="nl" rend="font-size: 10; text-align: justify; line-height: 11.7pt" xmlns="http://www.tei-c.org/ns/1.0">de incomsten . . 372199.17. 8<lb/></p><p xml:id="INT_1823f426-97ce-3736-8efc-990432fa5376.TEI.1.text.1.body.1.div.1.p.23" xml:lang="nl" rend="font-size: 10; text-align: justify; line-height: 11.7pt" xmlns="http://www.tei-c.org/ns/1.0">meer ontfangen als verschoncken . „ 1071.13. 6<lb/></p><p xml:id="INT_1823f426-97ce-3736-8efc-990432fa5376.TEI.1.text.1.body.1.div.1.p.24" xml:lang="nl" rend="font-size: 10; text-align: right; line-height: 11.1pt" xmlns="http://www.tei-c.org/ns/1.0">„ 1636134.18.15<lb/></p><p xml:id="INT_1823f426-97ce-3736-8efc-990432fa5376.TEI.1.text.1.body.1.div.1.p.25" xml:lang="nl" rend="font-size: 10; text-align: justify; line-height: 11.1pt" xmlns="http://www.tei-c.org/ns/1.0">comt ten achteren ƒ 275149. 4.10<lb/></p><note xml:id="INT_1823f426-97ce-3736-8efc-990432fa5376.TEI.1.text.1.body.1.div.1.note.15" xml:lang="nl" place="inline" type="editorial-summary" resp="editor" rend="font-style: italic; line-height: 12.0pt; text-indent: 23.0pt; font-weight: bold; font-size: 9" xmlns="http://www.tei-c.org/ns/1.0">( Aan wissels op patria is getrokken voor 89061 rsd.; w.o. 49083 van de gestorven<lb/> weduwe van Anthonio Caen; winsten op 22 dec. 1667: )<lb/></note><p xml:id="INT_1823f426-97ce-3736-8efc-990432fa5376.TEI.1.text.1.body.1.div.1.p.26" xml:lang="nl" rend="font-size: 10; text-align: justify; line-height: 11.1pt; margin-left: 2300" xmlns="http://www.tei-c.org/ns/1.0">Op ’t comptoir Tonckin in negen maen-<lb/></p><p xml:id="INT_1823f426-97ce-3736-8efc-990432fa5376.TEI.1.text.1.body.1.div.1.p.27" xml:lang="nl" rend="font-size: 10; text-align: justify; line-height: 11.1pt" xmlns="http://www.tei-c.org/ns/1.0">den . ƒ 108974.15.10<lb/></p><p xml:id="INT_1823f426-97ce-3736-8efc-990432fa5376.TEI.1.text.1.body.1.div.1.p.28" xml:lang="nl" rend="font-size: 10; text-align: justify; line-height: 11.7pt" xmlns="http://www.tei-c.org/ns/1.0">op de Westcust van Sumatra . . 97995.19. 4<lb/></p><p xml:id="INT_1823f426-97ce-3736-8efc-990432fa5376.TEI.1.text.1.body.1.div.1.p.29" xml:lang="nl" rend="font-size: 10; text-align: justify; line-height: 11.7pt" xmlns="http://www.tei-c.org/ns/1.0">op ’t comptoir Wingurla in 12 m . . 16443. 4.11<lb/></p><p xml:id="INT_1823f426-97ce-3736-8efc-990432fa5376.TEI.1.text.1.body.1.div.1.p.30" xml:lang="nl" rend="font-size: 10; text-align: justify; line-height: 11.7pt" xmlns="http://www.tei-c.org/ns/1.0">op’t comptoir Souratta in 12 m . . 543863. 6. 8<lb/></p><p xml:id="INT_1823f426-97ce-3736-8efc-990432fa5376.TEI.1.text.1.body.1.div.1.p.31" xml:lang="nl" rend="font-size: 10; text-align: justify; line-height: 11.7pt" xmlns="http://www.tei-c.org/ns/1.0">op ’t comptoir Jamby in 10 m . . 48790.17.13<lb/></p><p xml:id="INT_1823f426-97ce-3736-8efc-990432fa5376.TEI.1.text.1.body.1.div.1.p.32" xml:lang="nl" rend="font-size: 10; text-align: justify; line-height: 11.7pt" xmlns="http://www.tei-c.org/ns/1.0">op ’t comptoir Malacca in 12 m . . 20627 . 4.13<lb/></p><p xml:id="INT_1823f426-97ce-3736-8efc-990432fa5376.TEI.1.text.1.body.1.div.1.p.33" xml:lang="nl" rend="font-size: 10; text-align: justify; line-height: 11.7pt" xmlns="http://www.tei-c.org/ns/1.0">op de Bengaelse comptoiren in 12 m. ... „ 202060. 3. 7<lb/></p><p xml:id="INT_1823f426-97ce-3736-8efc-990432fa5376.TEI.1.text.1.body.1.div.1.p.34" xml:lang="nl" rend="font-size: 10; text-align: justify; line-height: 11.7pt" xmlns="http://www.tei-c.org/ns/1.0">in Palimbangh in 12 m . . 60311. 5. —<lb/></p><p xml:id="INT_1823f426-97ce-3736-8efc-990432fa5376.TEI.1.text.1.body.1.div.1.p.35" xml:lang="nl" rend="font-size: 10; text-align: justify; line-height: 11.7pt" xmlns="http://www.tei-c.org/ns/1.0">op de Chormandelse comptoiren in 12 m. . . „ 620122. 9. —<lb/></p><p xml:id="INT_1823f426-97ce-3736-8efc-990432fa5376.TEI.1.text.1.body.1.div.1.p.36" xml:lang="nl" rend="font-size: 10; text-align: justify; line-height: 11.7pt" xmlns="http://www.tei-c.org/ns/1.0">op ’t comptoir Siam in 12 m . . 32223. — .14<lb/></p><p xml:id="INT_1823f426-97ce-3736-8efc-990432fa5376.TEI.1.text.1.body.1.div.1.p.37" xml:lang="nl" rend="font-size: 10; text-align: justify; line-height: 11.7pt" xmlns="http://www.tei-c.org/ns/1.0">op ’t comptoir Nangasacki vooreerst en bij<lb/></p><p xml:id="INT_1823f426-97ce-3736-8efc-990432fa5376.TEI.1.text.1.body.1.div.1.p.38" xml:lang="nl" rend="font-size: 10; text-align: justify; line-height: 11.7pt" xmlns="http://www.tei-c.org/ns/1.0">provisie . „ 800000. — . —<lb/></p><p xml:id="INT_1823f426-97ce-3736-8efc-990432fa5376.TEI.1.text.1.body.1.div.1.p.39" xml:lang="nl" rend="font-size: 10; text-align: justify; line-height: 11.7pt" xmlns="http://www.tei-c.org/ns/1.0">op Gamron in Parsia ad idem . „ 148000. — . —<lb/></p><p xml:id="INT_1823f426-97ce-3736-8efc-990432fa5376.TEI.1.text.1.body.1.div.1.p.40" xml:lang="nl" rend="font-size: 10; text-align: justify; line-height: 11.7pt" xmlns="http://www.tei-c.org/ns/1.0">in Hocksieuw op de cust van China idem . . „ 260000. — . —<lb/></p><p xml:id="INT_1823f426-97ce-3736-8efc-990432fa5376.TEI.1.text.1.body.1.div.1.p.41" xml:lang="nl" rend="font-size: 10; line-height: 11.1pt" xmlns="http://www.tei-c.org/ns/1.0">ƒ 2959412. 7.—<lb/></p><note xml:id="INT_1823f426-97ce-3736-8efc-990432fa5376.TEI.1.text.1.body.1.div.1.note.16" xml:lang="nl" place="inline" type="editorial-summary" resp="editor" rend="font-style: italic; line-height: 12.0pt; text-indent: 23.0pt; font-weight: bold; font-size: 9" xmlns="http://www.tei-c.org/ns/1.0">(Diverse kleine winsten ad. f. 198480.13.10 <hi rend="font-size:8.5; font-family:Liberation Serif" xml:lang="nl">,</hi> w.o. f. 153001.14.11 aan kaneel<lb/> voor de schuld van den Keizer van Kandi; verliezen: )<lb/></note><p xml:id="INT_1823f426-97ce-3736-8efc-990432fa5376.TEI.1.text.1.body.1.div.1.p.42" xml:lang="nl" rend="font-size: 10; text-align: justify; line-height: 11.1pt; margin-left: 2300" xmlns="http://www.tei-c.org/ns/1.0">’t groot comptoir Batavia in 12 m . ƒ 80004.13. —<lb/></p><p xml:id="INT_1823f426-97ce-3736-8efc-990432fa5376.TEI.1.text.1.body.1.div.1.p.43" xml:lang="nl" rend="font-size: 10; text-align: justify; line-height: 11.7pt" xmlns="http://www.tei-c.org/ns/1.0">’t comptoir Cheylon en de custe Mallebhaar . . 246891. 3. 1<lb/></p><p xml:id="INT_1823f426-97ce-3736-8efc-990432fa5376.TEI.1.text.1.body.1.div.1.p.44" xml:lang="nl" rend="font-size: 10; text-align: justify; line-height: 11.7pt" xmlns="http://www.tei-c.org/ns/1.0">op Quelangh in 24£ maent . . 113777.14. 5<lb/></p><p xml:id="INT_1823f426-97ce-3736-8efc-990432fa5376.TEI.1.text.1.body.1.div.1.p.45" xml:lang="nl" rend="font-size: 10; text-align: justify; line-height: 11.7pt" xmlns="http://www.tei-c.org/ns/1.0">’t comptoir Amboina in 12 maenden . . 95931.19. —<lb/></p><p xml:id="INT_1823f426-97ce-3736-8efc-990432fa5376.TEI.1.text.1.body.1.div.1.p.46" xml:lang="nl" rend="font-size: 10; text-align: justify; line-height: 11.7pt" xmlns="http://www.tei-c.org/ns/1.0">’t comptoir Banda in 12 maenden . . 116464. — . 1<lb/></p><p xml:id="INT_1823f426-97ce-3736-8efc-990432fa5376.TEI.1.text.1.body.1.div.1.p.47" xml:lang="nl" rend="font-size: 10; text-align: justify; line-height: 11.7pt" xmlns="http://www.tei-c.org/ns/1.0">’t comptoir Tamata in 12 maenden . . 15808. 1. 7<lb/></p><p xml:id="INT_1823f426-97ce-3736-8efc-990432fa5376.TEI.1.text.1.body.1.div.1.p.48" xml:lang="nl" rend="font-size: 10; text-align: justify; line-height: 11.7pt" xmlns="http://www.tei-c.org/ns/1.0">op Timor in negen maenden . . 19380.19. 1<lb/></p><p xml:id="INT_1823f426-97ce-3736-8efc-990432fa5376.TEI.1.text.1.body.1.div.1.p.49" xml:lang="nl" rend="font-size: 10; text-align: justify; line-height: 11.1pt" xmlns="http://www.tei-c.org/ns/1.0">tellende tesamen / 688258. 9.15<lb/></p><pb xml:id="INT_1823f426-97ce-3736-8efc-990432fa5376.TEI.1.text.1.body.1.div.1.pb.4" n="616" facs="http://resources.huygens.knaw.nl/retroapp/service_generalemissiven/gm_03/images/gm_3_125_0616.tif"/><fw xml:id="INT_1823f426-97ce-3736-8efc-990432fa5376.TEI.1.text.1.body.1.div.1.fw.7" place="top" type="page-number" facs="#zone.5659782" xmlns="http://www.tei-c.org/ns/1.0">616</fw><fw xml:id="INT_1823f426-97ce-3736-8efc-990432fa5376.TEI.1.text.1.body.1.div.1.fw.8" place="top" type="head" facs="#zone.5659794" xmlns="http://www.tei-c.org/ns/1.0">Maetsuyker, Verburch, Pit, Overtwater, enz. XXXIX, 23 december 1667</fw><note xml:id="INT_1823f426-97ce-3736-8efc-990432fa5376.TEI.1.text.1.body.1.div.1.note.17" xml:lang="nl" place="inline" type="editorial-summary" resp="editor" rend="font-style: italic; line-height: 11.7pt; text-indent: 22.0pt; text-align: justify; font-size: 9.5" xmlns="http://www.tei-c.org/ns/1.0">( Aan interesten te Batavia f. 195241.14.8; te Suratte f. 58464.7.4 ; kleine<lb/> uitgaven f. 23727.13.12 zodat zuiver is gewonnen f. 2192200. 15. 5\; uit pairia is<lb/> ontvangen f. 348388.17 aan goud , f. 832702 aan contanten , f. 392944.14.2 aan warent<lb/> f. 392338.6.2 aan victualie en ammunitie; verzonden uit Ceylon naar pairia<lb/> f. 462853.1.15, uit Batavia f. 2752945.-.15; na verrekening van kleine posten blijven<lb/> de reële effecten f. 13964066 .3 .14\; thans gaat met de drie retourschepen voor<lb/> f. 852433.4.14 <hi rend="font-size:6.5; font-family:Liberation Serif; font-weight:bold" xml:lang="nl">,</hi> vnl. peper, Perzische zijde, textiel; nog geen schepen uit patria kwamen<lb/></note>
            
      </div>
                  </body>
                </text>
              </TEI>