<TEI xml:id="INT_c8755a3b-8ed6-3032-bd67-9170c6997750" xmlns="http://www.tei-c.org/ns/1.0">
                <teiHeader>
      <fileDesc>
        <titleStmt>
          <title>Maetsuyker, Verburch, Pit, Overtwater, Van den Brouck, Van Hoorn en Ranst, 18 febr. 1669</title>
        </titleStmt>
        <publicationStmt>
          <p>
            <date>18 febr. 1669</date>
            <idno type="sourceID">missiven:vol3</idno>
            <idno type="pid">INT_c8755a3b-8ed6-3032-bd67-9170c6997750</idno>
          </p>
        </publicationStmt>
        <notesStmt>
          <note/>
        </notesStmt>
        <sourceDesc>
          <listBibl xml:id="inlMetadata">
            <bibl type="missive">
        <interpGrp type="page"><interp>674</interp></interpGrp>
        
      <interpGrp type="titleLevel1"><interp>Maetsuyker, Verburch, Pit, Overtwater, Van den Brouck, Van Hoorn en Ranst, 18 febr. 1669</interp></interpGrp>
      <interpGrp type="dateLevel1"><interp>18 febr. 1669</interp></interpGrp>
        <interpGrp type="tocLevel"><interp>1</interp></interpGrp>
      <interpGrp type="volume"><interp>3</interp></interpGrp>
        <interpGrp type="n"><interp>XLVII</interp></interpGrp>
      
      <interpGrp type="witnessYearLevel1_from"><interp>1669</interp></interpGrp>
      <interpGrp type="witnessYearLevel1_to"><interp>1669</interp></interpGrp>
      <interpGrp type="witnessMonthLevel1_to"><interp>2</interp></interpGrp>
      <interpGrp type="witnessMonthLevel1_from"><interp>2</interp></interpGrp>
      <interpGrp type="witnessDayLevel1_to"><interp>18</interp></interpGrp>
      <interpGrp type="witnessDayLevel1_from"><interp>18</interp></interpGrp>
      <interpGrp type="authorLevel1"><interp>Maetsuyker</interp><interp>Verburch</interp><interp>Pit</interp><interp>Overtwater</interp><interp>Van den Brouck</interp><interp>Van Hoorn</interp><interp>Ranst</interp></interpGrp>
      <interpGrp type="pid"><interp>INT_c8755a3b-8ed6-3032-bd67-9170c6997750</interp></interpGrp>
    </bibl>
          </listBibl>
        </sourceDesc>
      </fileDesc>
    </teiHeader>
                <text xml:id="INT_c8755a3b-8ed6-3032-bd67-9170c6997750.TEI.1.text.1">
                  <body xml:id="INT_c8755a3b-8ed6-3032-bd67-9170c6997750.TEI.1.text.1.body.1">
                    <div xml:id="INT_c8755a3b-8ed6-3032-bd67-9170c6997750.TEI.1.text.1.body.1.div.1">
        
              <pb xml:id="INT_c8755a3b-8ed6-3032-bd67-9170c6997750.TEI.1.text.1.body.1.div.1.pb.1" n="674" facs="http://resources.huygens.knaw.nl/retroapp/service_generalemissiven/gm_03/images/gm_3_125_0674.tif"/><fw xml:id="INT_c8755a3b-8ed6-3032-bd67-9170c6997750.TEI.1.text.1.body.1.div.1.fw.1" place="top" type="head" facs="#zone.5806564" xmlns="http://www.tei-c.org/ns/1.0">674 Maetsuyker, Verburch, Pit, Overtwater, Van den Brouck, enz. XL VII, 18 febr. 1669</fw><fw xml:id="INT_c8755a3b-8ed6-3032-bd67-9170c6997750.TEI.1.text.1.body.1.div.1.fw.2" place="top" type="head" facs="#zone.5806581" xmlns="http://www.tei-c.org/ns/1.0">XL VII. JOAN MAETSUYKER, NICOLAES VERBURCH, LAURENS PIT,PIETER OVERTWATER, MATTHEUS VAN DEN BROUCK, PIETERVAN HOORN EN CONSTANTEN RANST, BATAVIA 18 febr. 1669.1166blB, fol. 902.(Van hei cargasoen der twee retourschepen , 1 febr. vertrokken , was f. 237020.2.15voor Amsterdam , f. 139222.18.3 voor Zeeland).</fw>
            
      </div>
                  </body>
                </text>
              </TEI>