<TEI xml:id="INT_76530c42-01aa-3204-87bb-e9de108f7508" xmlns="http://www.tei-c.org/ns/1.0">
                <teiHeader>
      <fileDesc>
        <titleStmt>
          <title>Maetsuyker, Verburch, Pit, Overtwater, Speelman en Van Hoorn, 13 dec. 1672</title>
        </titleStmt>
        <publicationStmt>
          <p>
            <date>13 dec. 1672</date>
            <idno type="sourceID">missiven:vol3</idno>
            <idno type="pid">INT_76530c42-01aa-3204-87bb-e9de108f7508</idno>
          </p>
        </publicationStmt>
        <notesStmt>
          <note/>
        </notesStmt>
        <sourceDesc>
          <listBibl xml:id="inlMetadata">
            <bibl type="missive">
        <interpGrp type="page"><interp>834</interp></interpGrp>
        
      <interpGrp type="titleLevel1"><interp>Maetsuyker, Verburch, Pit, Overtwater, Speelman en Van Hoorn, 13 dec. 1672</interp></interpGrp>
      <interpGrp type="dateLevel1"><interp>13 dec. 1672</interp></interpGrp>
        <interpGrp type="tocLevel"><interp>1</interp></interpGrp>
      <interpGrp type="volume"><interp>3</interp></interpGrp>
        <interpGrp type="n"><interp>LXIV</interp></interpGrp>
      
      <interpGrp type="witnessYearLevel1_from"><interp>1672</interp></interpGrp>
      <interpGrp type="witnessYearLevel1_to"><interp>1672</interp></interpGrp>
      <interpGrp type="witnessMonthLevel1_to"><interp>12</interp></interpGrp>
      <interpGrp type="witnessMonthLevel1_from"><interp>12</interp></interpGrp>
      <interpGrp type="witnessDayLevel1_to"><interp>13</interp></interpGrp>
      <interpGrp type="witnessDayLevel1_from"><interp>13</interp></interpGrp>
      <interpGrp type="authorLevel1"><interp>Maetsuyker</interp><interp>Verburch</interp><interp>Pit</interp><interp>Overtwater</interp><interp>Speelman</interp><interp>Van Hoorn</interp></interpGrp>
      <interpGrp type="pid"><interp>INT_76530c42-01aa-3204-87bb-e9de108f7508</interp></interpGrp>
    </bibl>
          </listBibl>
        </sourceDesc>
      </fileDesc>
    </teiHeader>
                <text xml:id="INT_76530c42-01aa-3204-87bb-e9de108f7508.TEI.1.text.1">
                  <body xml:id="INT_76530c42-01aa-3204-87bb-e9de108f7508.TEI.1.text.1.body.1">
                    <div xml:id="INT_76530c42-01aa-3204-87bb-e9de108f7508.TEI.1.text.1.body.1.div.1">
        
              <pb xml:id="INT_76530c42-01aa-3204-87bb-e9de108f7508.TEI.1.text.1.body.1.div.1.pb.1" n="834" facs="http://resources.huygens.knaw.nl/retroapp/service_generalemissiven/gm_03/images/gm_3_125_0834.tif"/><fw xml:id="INT_76530c42-01aa-3204-87bb-e9de108f7508.TEI.1.text.1.body.1.div.1.fw.1" place="top" type="head" facs="#zone.6216163" xmlns="http://www.tei-c.org/ns/1.0">834 Maetsuyker, Verburch, Pit, Overtwater, Speelman en Van Hoorn LXIV, 13 dec. 1672</fw><head xml:id="INT_76530c42-01aa-3204-87bb-e9de108f7508.TEI.1.text.1.body.1.div.1.head.1" xml:lang="nl" rend="font-size: 10; text-align: justify; line-height: 11.7pt" xmlns="http://www.tei-c.org/ns/1.0">LXIV. JOAN MAETSUYKER, NICOLAES VERBURCH, LAURENS PIT,<lb/> PIETER OVERTWATER, CORNELIS SPEELMAN EN PIETER VAN<lb/> HOORN, BATAVIA 13 dec. 1672.<lb/></head><p xml:id="INT_76530c42-01aa-3204-87bb-e9de108f7508.TEI.1.text.1.body.1.div.1.p.1" xml:lang="nl" rend="font-size: 8.5; text-align: justify; line-height: 11.7pt" xmlns="http://www.tei-c.org/ns/1.0">1175, fol. 149-153.<lb/></p><note xml:id="INT_76530c42-01aa-3204-87bb-e9de108f7508.TEI.1.text.1.body.1.div.1.note.1" xml:lang="nl" place="inline" type="editorial-summary" resp="editor" rend="font-style: italic; line-height: 11.7pt; text-indent: 21.0pt; text-align: justify; font-size: 10" xmlns="http://www.tei-c.org/ns/1.0">(Vgl. voor de inhoud <hi rend="font-size:10; font-family:Liberation Serif" xml:lang="nl">Daghregisters</hi> 1672 p. 348-349; gegevens Japan , vgl.<lb/><hi rend="font-size:10; font-family:Liberation Serif" xml:lang="nl">Beschrijvinge</hi> II, I, p. 445, vanaf „Buy ten&quot; vrijwel letterlijk gelijk; mogelijk wordt<lb/> er 60% winst gemaakt ; men moet er evenals de Chinezen nu aan den gouverneur van<lb/> Nagasaki verkopen, die met 50% winst doorverkoopt; vgl. ibid., p. 445-446).<lb/></note><p xml:id="INT_76530c42-01aa-3204-87bb-e9de108f7508.TEI.1.text.1.body.1.div.1.p.2" xml:lang="nl" rend="font-size: 10; text-align: justify; line-height: 11.7pt; text-indent: 21.0pt" xmlns="http://www.tei-c.org/ns/1.0">d’Engelsen waeren daer <hi rend="font-size:10; font-family:Liberation Serif; vertical-align:super" xml:lang="nl">x)</hi> met haer scheepjen geweest, waeren gelicentieert<lb/> te handelen en te woonen omlaegh bij alle de vreemdelingen, behalven onse natie<lb/> alleen. Sij hadde haere goederen bij provisie aen landt gebraght, waeren gints in<lb/> ’t leste van junij verscheenen, maer en hadden tot het vertreck van d’onse van<lb/> daer niets vercoght, soo door de veelvoudige vexatien, als omdat se haere goederen<lb/> te hoogh op geldt hielden en hadde haer scheepien in ’t eerste van september<lb/> ledigh naer Tajoan versonden.<lb/></p><note xml:id="INT_76530c42-01aa-3204-87bb-e9de108f7508.TEI.1.text.1.body.1.div.1.note.2" xml:lang="nl" rend="font-size: 8; text-align: justify; line-height: 8.9pt; text-indent: 21.0pt" xmlns="http://www.tei-c.org/ns/1.0">1) In Tonkin.<lb/></note>
            
      </div>
                  </body>
                </text>
              </TEI>