<TEI xml:id="INT_95c2baac-13d3-3302-896a-cba48e003884" xmlns="http://www.tei-c.org/ns/1.0">
                <teiHeader>
      <fileDesc>
        <titleStmt>
          <title>Maetsuyker, Verburch, Pit, Overtwater, Van den Brouck en Thijsz., 31 dec. 1667</title>
        </titleStmt>
        <publicationStmt>
          <p>
            <date>31 dec. 1667</date>
            <idno type="sourceID">missiven:vol3</idno>
            <idno type="pid">INT_95c2baac-13d3-3302-896a-cba48e003884</idno>
          </p>
        </publicationStmt>
        <notesStmt>
          <note/>
        </notesStmt>
        <sourceDesc>
          <listBibl xml:id="inlMetadata">
            <bibl type="missive">
        <interpGrp type="page"><interp>617</interp></interpGrp>
        
      <interpGrp type="titleLevel1"><interp>Maetsuyker, Verburch, Pit, Overtwater, Van den Brouck en Thijsz., 31 dec. 1667</interp></interpGrp>
      <interpGrp type="dateLevel1"><interp>31 dec. 1667</interp></interpGrp>
        <interpGrp type="tocLevel"><interp>1</interp></interpGrp>
      <interpGrp type="volume"><interp>3</interp></interpGrp>
        <interpGrp type="n"><interp>XL</interp></interpGrp>
      
      <interpGrp type="witnessYearLevel1_from"><interp>1667</interp></interpGrp>
      <interpGrp type="witnessYearLevel1_to"><interp>1667</interp></interpGrp>
      <interpGrp type="witnessMonthLevel1_to"><interp>12</interp></interpGrp>
      <interpGrp type="witnessMonthLevel1_from"><interp>12</interp></interpGrp>
      <interpGrp type="witnessDayLevel1_to"><interp>31</interp></interpGrp>
      <interpGrp type="witnessDayLevel1_from"><interp>31</interp></interpGrp>
      <interpGrp type="authorLevel1"><interp>Maetsuyker</interp><interp>Verburch</interp><interp>Pit</interp><interp>Overtwater</interp><interp>Van den Brouck</interp><interp>Thijsz.</interp></interpGrp>
      <interpGrp type="pid"><interp>INT_95c2baac-13d3-3302-896a-cba48e003884</interp></interpGrp>
    </bibl>
          </listBibl>
        </sourceDesc>
      </fileDesc>
    </teiHeader>
                <text xml:id="INT_95c2baac-13d3-3302-896a-cba48e003884.TEI.1.text.1">
                  <body xml:id="INT_95c2baac-13d3-3302-896a-cba48e003884.TEI.1.text.1.body.1">
                    <div xml:id="INT_95c2baac-13d3-3302-896a-cba48e003884.TEI.1.text.1.body.1.div.1">
        
              <pb xml:id="INT_95c2baac-13d3-3302-896a-cba48e003884.TEI.1.text.1.body.1.div.1.pb.1" n="617" facs="http://resources.huygens.knaw.nl/retroapp/service_generalemissiven/gm_03/images/gm_3_125_0617.tif"/><fw xml:id="INT_95c2baac-13d3-3302-896a-cba48e003884.TEI.1.text.1.body.1.div.1.fw.1" place="top" type="head" facs="#zone.5661034" xmlns="http://www.tei-c.org/ns/1.0">Maetsuyker, Verburch, Pit, Overtwater, enz. XL, 31 december 1667</fw><fw xml:id="INT_95c2baac-13d3-3302-896a-cba48e003884.TEI.1.text.1.body.1.div.1.fw.2" place="top" type="page-number" facs="#zone.5661046" xmlns="http://www.tei-c.org/ns/1.0">617</fw><head xml:id="INT_95c2baac-13d3-3302-896a-cba48e003884.TEI.1.text.1.body.1.div.1.head.1" xml:lang="nl" rend="font-size: 10; text-align: justify; line-height: 12.0pt" xmlns="http://www.tei-c.org/ns/1.0">XL. JOAN MAETSUYKER, NICOLAES VERBURCH, LAURENS PIT,<lb/> PIETER OVERTWATER, MATTHEUS VAX DEX BROUCK EN JOAN<lb/> THIJSEN, BATAVIA 31 dec. 1667.<lb/></head><p xml:id="INT_95c2baac-13d3-3302-896a-cba48e003884.TEI.1.text.1.body.1.div.1.p.1" xml:lang="nl" rend="font-size: 8.5; text-align: justify; line-height: 12.0pt" xmlns="http://www.tei-c.org/ns/1.0">1152, fol. 195-198.<lb/></p><note xml:id="INT_95c2baac-13d3-3302-896a-cba48e003884.TEI.1.text.1.body.1.div.1.note.1" xml:lang="nl" place="inline" type="editorial-summary" resp="editor" rend="font-style: italic; line-height: 11.1pt; text-indent: 22.0pt; text-align: justify; font-size: 10" xmlns="http://www.tei-c.org/ns/1.0">(Vgl. <hi rend="font-size:10; font-family:Liberation Serif" xml:lang="nl">Daghregisters</hi> 1667, p. 403-412).<lb/></note><p xml:id="INT_95c2baac-13d3-3302-896a-cba48e003884.TEI.1.text.1.body.1.div.1.p.2" xml:lang="nl" rend="font-size: 10; text-align: justify; line-height: 12.0pt; text-indent: 22.0pt" xmlns="http://www.tei-c.org/ns/1.0">Van Manicabo en was tot dato niemant afgecomen <hi rend="font-size:10; font-family:Liberation Serif; vertical-align:super" xml:lang="nl">1),</hi> hetwelck den swaren<lb/> regen, die daer een tijdt langh was gevallen, toegeschreven wiert ende oorsaeck<lb/> is geweest, dat de ... . quantiteyt goudt niet groter heeft connen wesen.<lb/></p><p xml:id="INT_95c2baac-13d3-3302-896a-cba48e003884.TEI.1.text.1.body.1.div.1.p.3" xml:lang="nl" rend="font-size: 10; text-align: justify; line-height: 11.7pt; text-indent: 22.0pt" xmlns="http://www.tei-c.org/ns/1.0">Het werck aldaer <hi rend="font-size:10; font-family:Liberation Serif; vertical-align:super" xml:lang="nl">2)</hi> komt ons seer te ontschieten, maer dewijl het met ernst<lb/> bijderhandt genomen sij, soo en konnen wij hetselve niet ten halve laten steecken,<lb/> soo lang kans wort gesien daer een goet eynde van te maecken, te meer omdat<lb/> wij de bontgenoten, die haer gansche fortuyn bij ons opgeset hebben, niet en<lb/> connen verlaten ofte aen der vijanden discretie overgeven, soo lang ons de noot<lb/> niet swaerder en dwingt ; zijnde een werck, daer rechtevoort al dese omleggende<lb/> volckeren het oogh op hebben ende waeraen consequent de reputatie van de<lb/> Comp.e ten hoogsten is gelegen.<lb/></p><note xml:id="INT_95c2baac-13d3-3302-896a-cba48e003884.TEI.1.text.1.body.1.div.1.note.2" xml:lang="nl" place="inline" type="editorial-summary" resp="editor" rend="font-style: italic; line-height: 11.1pt; text-indent: 22.0pt; text-align: justify; font-size: 10" xmlns="http://www.tei-c.org/ns/1.0">(Oordeel over Speelman , afgedr. <hi rend="font-size:10; font-family:Liberation Serif" xml:lang="nl">Speelman,</hi> p. 46-47).<lb/></note><p xml:id="INT_95c2baac-13d3-3302-896a-cba48e003884.TEI.1.text.1.body.1.div.1.p.4" xml:lang="nl" rend="font-size: 10; text-align: justify; line-height: 11.7pt; text-indent: 22.0pt" xmlns="http://www.tei-c.org/ns/1.0">Bij oorlogh sijn ons cloecke, weerbare jachten nodigh, bij vrede groote, oock<lb/> middelbare, fluytschepen dienstiger, oock sijn wij van gevoelen, dat U Ed.e seer<lb/> wel sullen doen ons successive eenige hechte, snedige hoeckerboots toe te senden,<lb/> alsoo deselve met weynigh volck gevoert connen worden ende soo alhier als<lb/> elders tot vele gelegentheden seer dienstigh sijn. Voor Tematen alleen eyscht den<lb/> e. Speelman 5 ét 6 stx.<lb/></p><note xml:id="INT_95c2baac-13d3-3302-896a-cba48e003884.TEI.1.text.1.body.1.div.1.note.3" xml:lang="nl" place="inline" type="editorial-summary" resp="editor" rend="font-style: italic; line-height: 11.1pt; text-indent: 22.0pt; text-align: justify; font-size: 10" xmlns="http://www.tei-c.org/ns/1.0">(Veel wissels werden in 1667 aangevraagd <hi rend="font-size:10; font-family:Liberation Serif" xml:lang="nl">,</hi> nu slechts voor 300 rsd.).<lb/></note><p xml:id="INT_95c2baac-13d3-3302-896a-cba48e003884.TEI.1.text.1.body.1.div.1.p.5" xml:lang="nl" rend="font-size: 10; text-align: justify; line-height: 11.7pt" xmlns="http://www.tei-c.org/ns/1.0"><hi rend="font-size:10; font-family:Liberation Serif; letter-spacing:4.5pt" xml:lang="nl">....</hi> Deselve meest sijn overges.82 uyt penningen, die bij de Comp.e è. deposito<lb/> gestaen hebben, soodat de interesten daerbij wel sooveel sijn gesoulageert ofte<lb/> vermindert, maer de cassa heeft er cleyn gevoelen van gehadt.<lb/></p><note xml:id="INT_95c2baac-13d3-3302-896a-cba48e003884.TEI.1.text.1.body.1.div.1.note.4" xml:lang="nl" place="inline" type="editorial-summary" resp="editor" rend="font-style: italic; line-height: 11.7pt; text-indent: 22.0pt; text-align: justify; font-size: 10" xmlns="http://www.tei-c.org/ns/1.0">( De lading van de nu repatriërende Spreeuw is vnl. textiel, zijde en peper; in<lb/> 1667 is 48700 picol peper naar patria gezonden; er is nog 67780 in de pakhuizen <hi rend="font-size:10; font-family:Liberation Serif" xml:lang="nl">,</hi><lb/>31925 notemuskaal, 121506 foelie, 229920 kaneel, geen kruidnagelen).<lb/></note><note xml:id="INT_95c2baac-13d3-3302-896a-cba48e003884.TEI.1.text.1.body.1.div.1.note.5" xml:lang="nl" rend="font-size: 8.5; text-align: justify; line-height: 9.4pt; margin-left: 2200" xmlns="http://www.tei-c.org/ns/1.0">1) In Indragiri.<lb/></note><note xml:id="INT_95c2baac-13d3-3302-896a-cba48e003884.TEI.1.text.1.body.1.div.1.note.6" xml:lang="nl" rend="font-size: 8.5; text-align: justify; line-height: 9.4pt; margin-left: 2100" xmlns="http://www.tei-c.org/ns/1.0">2) Voor Makassar.<lb/></note>
            
      </div>
                  </body>
                </text>
              </TEI>