<TEI xml:id="INT_c2ec9070-7541-37db-ae65-fbc40a09bce2" xmlns="http://www.tei-c.org/ns/1.0">
                <teiHeader>
      <fileDesc>
        <titleStmt>
          <title>Maetsuyker, Hartsinck, Verburch, Van Goens, Pit, Overtwater, Van den Brouck, Thijsz., Van Hoorn en Cops, 4 aug. 1664</title>
        </titleStmt>
        <publicationStmt>
          <p>
            <date>4 aug. 1664</date>
            <idno type="sourceID">missiven:vol3</idno>
            <idno type="pid">INT_c2ec9070-7541-37db-ae65-fbc40a09bce2</idno>
          </p>
        </publicationStmt>
        <notesStmt>
          <note/>
        </notesStmt>
        <sourceDesc>
          <listBibl xml:id="inlMetadata">
            <bibl type="missive">
        <interpGrp type="page"><interp>466</interp></interpGrp>
        
      <interpGrp type="titleLevel1"><interp>Maetsuyker, Hartsinck, Verburch, Van Goens, Pit, Overtwater, Van den Brouck, Thijsz., Van Hoorn en Cops, 4 aug. 1664</interp></interpGrp>
      <interpGrp type="dateLevel1"><interp>4 aug. 1664</interp></interpGrp>
        <interpGrp type="tocLevel"><interp>1</interp></interpGrp>
      <interpGrp type="volume"><interp>3</interp></interpGrp>
        <interpGrp type="n"><interp>XXXI</interp></interpGrp>
      
      <interpGrp type="witnessYearLevel1_from"><interp>1664</interp></interpGrp>
      <interpGrp type="witnessYearLevel1_to"><interp>1664</interp></interpGrp>
      <interpGrp type="witnessMonthLevel1_to"><interp>8</interp></interpGrp>
      <interpGrp type="witnessMonthLevel1_from"><interp>8</interp></interpGrp>
      <interpGrp type="witnessDayLevel1_to"><interp>4</interp></interpGrp>
      <interpGrp type="witnessDayLevel1_from"><interp>4</interp></interpGrp>
      <interpGrp type="authorLevel1"><interp>Maetsuyker</interp><interp>Hartsinck</interp><interp>Verburch</interp><interp>Van Goens</interp><interp>Pit</interp><interp>Overtwater</interp><interp>Van den Brouck</interp><interp>Thijsz.</interp><interp>Van Hoorn</interp><interp>Cops</interp></interpGrp>
      <interpGrp type="pid"><interp>INT_c2ec9070-7541-37db-ae65-fbc40a09bce2</interp></interpGrp>
    </bibl>
          </listBibl>
        </sourceDesc>
      </fileDesc>
    </teiHeader>
                <text xml:id="INT_c2ec9070-7541-37db-ae65-fbc40a09bce2.TEI.1.text.1">
                  <body xml:id="INT_c2ec9070-7541-37db-ae65-fbc40a09bce2.TEI.1.text.1.body.1">
                    <div xml:id="INT_c2ec9070-7541-37db-ae65-fbc40a09bce2.TEI.1.text.1.body.1.div.1">
        
              <pb xml:id="INT_c2ec9070-7541-37db-ae65-fbc40a09bce2.TEI.1.text.1.body.1.div.1.pb.1" n="466" facs="http://resources.huygens.knaw.nl/retroapp/service_generalemissiven/gm_03/images/gm_3_125_0466.tif"/><fw xml:id="INT_c2ec9070-7541-37db-ae65-fbc40a09bce2.TEI.1.text.1.body.1.div.1.fw.1" place="top" type="head" facs="#zone.5235913" xmlns="http://www.tei-c.org/ns/1.0">466 Maetsuyker, Hartsinck, Verburch, Van Goens, Pit, Ovortwater, enz. XXXI, 4 aug. 1664</fw><head xml:id="INT_c2ec9070-7541-37db-ae65-fbc40a09bce2.TEI.1.text.1.body.1.div.1.head.1" xml:lang="nl" rend="font-size: 10; text-align: justify; line-height: 11.7pt" xmlns="http://www.tei-c.org/ns/1.0">XXXI. JOAN MAETSUYKER, CAREL HARTSINCK, NICOLAES VERBURCH,<lb/> RYCKLOFF VAN GOENS, LAURENS PIT, PIETER OVERTWATER,<lb/> MATTHEUS VAN DEN BROUCK, JOAN THIJSZ., PIETER VAN<lb/> HOORN EN JACOB COPS, BATAVIA 4 aug. 1664.<lb/></head><p xml:id="INT_c2ec9070-7541-37db-ae65-fbc40a09bce2.TEI.1.text.1.body.1.div.1.p.1" xml:lang="nl" rend="font-size: 7.5; text-align: justify; line-height: 8.3pt" xmlns="http://www.tei-c.org/ns/1.0">Copie, 1136, fol. 238-286.<lb/></p><note xml:id="INT_c2ec9070-7541-37db-ae65-fbc40a09bce2.TEI.1.text.1.body.1.div.1.note.1" xml:lang="nl" place="inline" type="editorial-summary" resp="editor" rend="font-style: italic; line-height: 12.0pt; text-indent: 22.0pt; text-align: justify; font-size: 9.5" xmlns="http://www.tei-c.org/ns/1.0">(Verzonden met het Engelse schip Royal Oak; de inhoud komt overeen mei die<lb/> van <hi rend="font-size:10; font-family:Liberation Serif" xml:lang="nl">Daghregi stère</hi> 1664, p. 1-306; slechts valt nog te vermelden: boven verwachting<lb/> grote nageloogst op Amboina, waar 460 man in garnizoen zijn ) .<lb/></note><p xml:id="INT_c2ec9070-7541-37db-ae65-fbc40a09bce2.TEI.1.text.1.body.1.div.1.p.2" xml:lang="nl" rend="font-size: 10; text-align: justify; line-height: 11.7pt; text-indent: 22.0pt" xmlns="http://www.tei-c.org/ns/1.0">Den Temaatsen vrijburger Craan Leendertsen was van voorneemen met sijn<lb/> jacht in juny een voyage naa de Manillias te ondernemen; warende te wenschen,<lb/> hij aldaar door de Spangniaarden in handel wierden geadmitteert om alsoo in<lb/> tijden en wijlen tot het stabilieren van een proffitable negotie met die vrunden te<lb/> konnen geraaken.<lb/></p><note xml:id="INT_c2ec9070-7541-37db-ae65-fbc40a09bce2.TEI.1.text.1.body.1.div.1.note.2" xml:lang="nl" place="inline" type="editorial-summary" resp="editor" rend="font-style: italic; line-height: 11.7pt; text-indent: 22.0pt; text-align: justify; font-size: 9.5" xmlns="http://www.tei-c.org/ns/1.0">( De Durgerdam komt 13 juni met lading waard f. 102908.9.3 van Makassar,<lb/> vgl. <hi rend="font-size:10; font-family:Liberation Serif" xml:lang="nl">Daghregisters,</hi> p. 238).<lb/></note><p xml:id="INT_c2ec9070-7541-37db-ae65-fbc40a09bce2.TEI.1.text.1.body.1.div.1.p.3" xml:lang="nl" rend="font-size: 10; text-align: justify; line-height: 11.7pt" xmlns="http://www.tei-c.org/ns/1.0"><hi rend="font-size:10; font-family:Liberation Serif; letter-spacing:4.5pt" xml:lang="nl">....</hi> weesende eene sijner schoepen <hi rend="font-size:10; font-family:Liberation Serif; vertical-align:super" xml:lang="nl">!),</hi> groot 130 &amp; 140 lasten, van Maccau met<lb/> speauter, muscus, goudt, gouddraad, zijdestoffen, cooper en radix China soo voor<lb/> eygen als andere coopluyden reeckeninge op Maccassar gearri veert, over welcke<lb/> handel den commissaris Cauw <hi rend="font-size:10; font-family:Liberation Serif; vertical-align:super" xml:lang="nl">1 2)</hi> wel ernstigh ontrent den Coninck heeft gedoleert,<lb/> maar echter niet konnen verwerven, haar den handel voor dat maal ontseght is<lb/> geworden.<lb/></p><p xml:id="INT_c2ec9070-7541-37db-ae65-fbc40a09bce2.TEI.1.text.1.body.1.div.1.p.4" xml:lang="nl" rend="font-size: 10; text-align: justify; line-height: 11.4pt; text-indent: 22.0pt" xmlns="http://www.tei-c.org/ns/1.0">Den ouden Pangeran Ratou is aldaar <hi rend="font-size:10; font-family:Liberation Serif; vertical-align:super" xml:lang="nl">3)</hi> van sijnen staat affgeset en in sijn<lb/> plaats weder ingelaaten den Pangeran Souria Nata, welcke veranderinge d’ E.<lb/> Comp.e schaadelijk zijn <hi rend="font-size:10; font-family:Liberation Serif; vertical-align:super" xml:lang="nl">4).</hi><lb/></p><note xml:id="INT_c2ec9070-7541-37db-ae65-fbc40a09bce2.TEI.1.text.1.body.1.div.1.note.3" xml:lang="nl" place="inline" type="editorial-summary" resp="editor" rend="font-style: italic; line-height: 11.7pt; text-indent: 22.0pt; text-align: justify; font-size: 9.5" xmlns="http://www.tei-c.org/ns/1.0">( De lading der twee schepen , genoemd <hi rend="font-size:10; font-family:Liberation Serif" xml:lang="nl">Daghregisters</hi> 26 apr. 1664, p. 140, was<lb/> 638 baal zijde, 8971942 <hi rend="font-size:10; font-family:Liberation Serif" xml:lang="nl">®</hi> salpeter benevens andere waren, totaal waard f. 390066.19.1 ;<lb/> naar Bengalen is in de laatste moeson voor f. 943952.8 gezonden; van daar is voor<lb/> f. 1440480- verzonden, w.o. 1973 baal zijde; van Coromandel gaat nog voor <hi rend="font-size:10; font-family:Liberation Serif" xml:lang="nl">/.</hi> 300000<lb/> naar Bengalen; hei Tonkinse goud gaf in Coromandel 23 % winst; het blijft nodig,<lb/> dat Heren XVII jaarlijks f. 500000 aan ongemunt goud en ducaten zenden; bevordering<lb/> van de spijkermakerij in Coromandel).<lb/></note><note xml:id="INT_c2ec9070-7541-37db-ae65-fbc40a09bce2.TEI.1.text.1.body.1.div.1.note.4" xml:lang="nl" rend="font-size: 7.5; text-align: justify; line-height: 9.6pt; margin-left: 2200" xmlns="http://www.tei-c.org/ns/1.0">1) NI. van Vieira.<lb/></note><note xml:id="INT_c2ec9070-7541-37db-ae65-fbc40a09bce2.TEI.1.text.1.body.1.div.1.note.5" xml:lang="nl" rend="font-size: 7.5; text-align: justify; line-height: 9.6pt; text-indent: 21.0pt" xmlns="http://www.tei-c.org/ns/1.0">2) Mr. Jacob Cau kwam 1656 als onderkoopman uit en steeg snel in rang, in 1660 was<lb/> hij tweede commissaris naar Makassar, in 1661 bestemd Coyet als gouverneur van Formosa op<lb/> te volgen, kwam hij er pas na de overgave aan en keerde hij naar Batavia terug, 1663 weer<lb/> commissaris naar Makassar, 1664 commandeur ter Westkust, hij repatrieerde in 1668 als<lb/> commandeur van de retourvloot.<lb/></note><note xml:id="INT_c2ec9070-7541-37db-ae65-fbc40a09bce2.TEI.1.text.1.body.1.div.1.note.6" xml:lang="nl" rend="font-size: 7.5; text-align: justify; line-height: 9.6pt; text-indent: 21.0pt" xmlns="http://www.tei-c.org/ns/1.0">3) NI. Pangeran Ratu van Bandjarmasin, eigenlijk geheten Riajat-ullah. De bedoelde<lb/> plaats is Martapura. Hij kwam 1642 of 1643 aan het bewind en werd in 1663 afgezet; <hi rend="font-size:7.5; font-family:Liberation Serif; font-style:italic" xml:lang="nl">Bandjar¬</hi><lb/><hi rend="font-size:7.5; font-family:Liberation Serif; font-style:italic" xml:lang="nl">masin,</hi> p. 189 is niet geheel juist.<lb/></note><note xml:id="INT_c2ec9070-7541-37db-ae65-fbc40a09bce2.TEI.1.text.1.body.1.div.1.note.7" xml:lang="nl" rend="font-size: 7.5; line-height: 9.6pt; text-indent: 21.0pt" xmlns="http://www.tei-c.org/ns/1.0">4) Bijzonderheden hierover in <hi rend="font-size:7.5; font-family:Liberation Serif; font-style:italic" xml:lang="nl">Corpus,</hi> II, p. 285-286. Pangeran Suria Nata kwam 1663<lb/> op de troon en woonde te Bandjarmasin.<lb/></note><pb xml:id="INT_c2ec9070-7541-37db-ae65-fbc40a09bce2.TEI.1.text.1.body.1.div.1.pb.2" n="467" facs="http://resources.huygens.knaw.nl/retroapp/service_generalemissiven/gm_03/images/gm_3_125_0467.tif"/><fw xml:id="INT_c2ec9070-7541-37db-ae65-fbc40a09bce2.TEI.1.text.1.body.1.div.1.fw.2" place="top" type="head" facs="#zone.5238150" xmlns="http://www.tei-c.org/ns/1.0">Maetsuyker, Hartsinck, Verburch, Van Goens, Pit, Overtwater, enz. XXXI, 4 aug. 1664 467</fw><p xml:id="INT_c2ec9070-7541-37db-ae65-fbc40a09bce2.TEI.1.text.1.body.1.div.1.p.5" resp="int_paragraph_joining" rend="">
              Dat Nagapatam d’E.Comp.e tot noch maar voor een extraordinaren last is geweest<lb xmlns="http://www.tei-c.org/ns/1.0"/> en noch voor een tij t blijven zal, is notoir, maar, soo lange wij die stadt blijven<lb xmlns="http://www.tei-c.org/ns/1.0"/> in besit houden, sullen haar de Mooren wel wachten d’ E. Comp.e om ’t besit van<lb xmlns="http://www.tei-c.org/ns/1.0"/> ’t casteel Geldria tot Palliacatta eenigh gewelt aan te doen, beginnende tselve over<lb xmlns="http://www.tei-c.org/ns/1.0"/> ’t eygen besit van fortresse bij de Christenen in des Conings landen hoe lange hoe<lb xmlns="http://www.tei-c.org/ns/1.0"/> meer jaloers te werden.<lb xmlns="http://www.tei-c.org/ns/1.0"/><hi rend="font-size:10; font-family:Liberation Serif; letter-spacing:5.0pt" xml:lang="nl" xmlns="http://www.tei-c.org/ns/1.0">....</hi> wordende de stadt S.1 Thomé tot noch toe van den Koninck van Golconda<lb xmlns="http://www.tei-c.org/ns/1.0"/> ingehouden, schoon de Portugeesen haar wacker laaten hooren bij vorder weygeringe<lb xmlns="http://www.tei-c.org/ns/1.0"/> van wederinruyminge derselver stadt haar op de scheepen, welcke uyt des<lb xmlns="http://www.tei-c.org/ns/1.0"/> Koninghs landen naar Persia en Mocha etc.a werden uytgerust, te willen guaranderen,<lb xmlns="http://www.tei-c.org/ns/1.0"/> zijnde het wel sulcx, dat gemelten Portugesen uyt hare gefortificeerde steden<lb xmlns="http://www.tei-c.org/ns/1.0"/> op de Cust zijn verdreven, maar deselve voornaamste inwoonders hebben haar ten<lb xmlns="http://www.tei-c.org/ns/1.0"/> meerendeele onder ’t gebied van d’Engelse in de stadt Madrespatam, weynige op<lb xmlns="http://www.tei-c.org/ns/1.0"/> Tranckebare en een redelijck gedeelte op Porte Novo ternedergeset, de welcke nu<lb xmlns="http://www.tei-c.org/ns/1.0"/> met den vreede ontwijffelijck almede in de Cormandelsche kledenhandel sullen<lb xmlns="http://www.tei-c.org/ns/1.0"/> beginnen te woelen; hebbende de Deenen dit jaar met haar jacht Fredericus met<lb xmlns="http://www.tei-c.org/ns/1.0"/> een matelijk kleedencargasoen soo voor eygen reeckeningen als op vracht weder<lb xmlns="http://www.tei-c.org/ns/1.0"/> op Japara en Macassar geweest, sulcx dat het blijck zij, haar met die smalle<lb xmlns="http://www.tei-c.org/ns/1.0"/> negotie en overwinste nochal weeten te redden, sonderdat se tzedert weder op den<lb xmlns="http://www.tei-c.org/ns/1.0"/> rooff zijn ujdgeweest, waartoe haar oock een goet zeecapit.n gebreeckt, alsoo<lb xmlns="http://www.tei-c.org/ns/1.0"/> schipper Simon Jansz. eyndel. van haar is affgeraackt en sich onder Comp.8<lb xmlns="http://www.tei-c.org/ns/1.0"/> jurisdictie heeft begeven.<lb xmlns="http://www.tei-c.org/ns/1.0"/>
            </p><note xml:id="INT_c2ec9070-7541-37db-ae65-fbc40a09bce2.TEI.1.text.1.body.1.div.1.note.8" xml:lang="nl" place="inline" type="editorial-summary" resp="editor" rend="font-style: italic; line-height: 11.7pt; text-indent: 22.0pt; text-align: justify; font-size: 9.5" xmlns="http://www.tei-c.org/ns/1.0">(Naar patria zal dit jaar 500000 <hi rend="font-size:8; font-family:Liberation Serif; font-weight:bold; letter-spacing:0.5pt" xml:lang="nl">®</hi> kaneel worden gexonden; in 1665 zal 600000<lb/> gereed gemaakt worden; verwijzing naar de memorie door Van Qoens aan Hustaert<lb/> achtergelaten; inJafnapatam is in een jaar netto f. 129334 gewonnen; hoop, dat Ceylon<lb/> zich weldra zal kunnen bedruipen; goede vooruitzichten van de parelvisserij te Tuticorin;<lb/> in Tonkin is in een jaar gewonnen <hi rend="font-size:8; font-family:Liberation Serif; font-weight:bold; letter-spacing:0.5pt" xml:lang="nl">/.</hi> 68494.12.13 en uitgegeven f. 28553.3.12;<lb/> het jacht ’s Gravelande is, uit Japan komend, vermoedelijk vergaan; grote aanvoer<lb/> van goedkope rijst uit Mataram te Batavia; de prijs is op 12 rsd. het last gesteld ) .<lb/></note>
            
      </div>
                  </body>
                </text>
              </TEI>