<TEI xml:id="INT_ac652406-90d5-31a9-a0a5-7103898be2ac" xmlns="http://www.tei-c.org/ns/1.0">
                <teiHeader>
      <fileDesc>
        <titleStmt>
          <title>Maetsuyker, Hartzinck, Cunaeus, Verburch en Steur, 31 juli 1656</title>
        </titleStmt>
        <publicationStmt>
          <p>
            <date>31 juli 1656</date>
            <idno type="sourceID">missiven:vol3</idno>
            <idno type="pid">INT_ac652406-90d5-31a9-a0a5-7103898be2ac</idno>
          </p>
        </publicationStmt>
        <notesStmt>
          <note/>
        </notesStmt>
        <sourceDesc>
          <listBibl xml:id="inlMetadata">
            <bibl type="missive">
        <interpGrp type="page"><interp>83</interp></interpGrp>
        
      <interpGrp type="titleLevel1"><interp>Maetsuyker, Hartzinck, Cunaeus, Verburch en Steur, 31 juli 1656</interp></interpGrp>
      <interpGrp type="dateLevel1"><interp>31 juli 1656</interp></interpGrp>
        <interpGrp type="tocLevel"><interp>1</interp></interpGrp>
      <interpGrp type="volume"><interp>3</interp></interpGrp>
        <interpGrp type="n"><interp>XI</interp></interpGrp>
      
      <interpGrp type="witnessYearLevel1_from"><interp>1656</interp></interpGrp>
      <interpGrp type="witnessYearLevel1_to"><interp>1656</interp></interpGrp>
      <interpGrp type="witnessMonthLevel1_to"><interp>7</interp></interpGrp>
      <interpGrp type="witnessMonthLevel1_from"><interp>7</interp></interpGrp>
      <interpGrp type="witnessDayLevel1_to"><interp>31</interp></interpGrp>
      <interpGrp type="witnessDayLevel1_from"><interp>31</interp></interpGrp>
      <interpGrp type="authorLevel1"><interp>Maetsuyker</interp><interp>Hartzinck</interp><interp>Cunaeus</interp><interp>Verburch</interp><interp>Steur</interp></interpGrp>
      <interpGrp type="pid"><interp>INT_ac652406-90d5-31a9-a0a5-7103898be2ac</interp></interpGrp>
    </bibl>
          </listBibl>
        </sourceDesc>
      </fileDesc>
    </teiHeader>
                <text xml:id="INT_ac652406-90d5-31a9-a0a5-7103898be2ac.TEI.1.text.1">
                  <body xml:id="INT_ac652406-90d5-31a9-a0a5-7103898be2ac.TEI.1.text.1.body.1">
                    <div xml:id="INT_ac652406-90d5-31a9-a0a5-7103898be2ac.TEI.1.text.1.body.1.div.1">
        
              <pb xml:id="INT_ac652406-90d5-31a9-a0a5-7103898be2ac.TEI.1.text.1.body.1.div.1.pb.1" n="83" facs="http://resources.huygens.knaw.nl/retroapp/service_generalemissiven/gm_03/images/gm_3_125_0083.tif"/><fw xml:id="INT_ac652406-90d5-31a9-a0a5-7103898be2ac.TEI.1.text.1.body.1.div.1.fw.1" place="top" type="head" facs="#zone.6207421" xmlns="http://www.tei-c.org/ns/1.0">Maetsuyker, Hartzinck, Cunaeus, Verburch en Steur XI, 31 juli 1656</fw><fw xml:id="INT_ac652406-90d5-31a9-a0a5-7103898be2ac.TEI.1.text.1.body.1.div.1.fw.2" place="top" type="page-number" facs="#zone.6207461" xmlns="http://www.tei-c.org/ns/1.0">83</fw><head xml:id="INT_ac652406-90d5-31a9-a0a5-7103898be2ac.TEI.1.text.1.body.1.div.1.head.1" xml:lang="nl" rend="font-size: 10; text-align: justify; line-height: 12.3pt" xmlns="http://www.tei-c.org/ns/1.0">XI. JOAN MAETSUYKER, CAREL HARTZINCK, JOAN CUNAEUS,<lb/> NICOLAES VERBURCH EN DIRCK JANSZ. STEUR, BATAVIA 31 juli<lb/> 1656.<lb/></head><p xml:id="INT_ac652406-90d5-31a9-a0a5-7103898be2ac.TEI.1.text.1.body.1.div.1.p.1" xml:lang="nl" rend="font-size: 8; text-align: justify; line-height: 12.3pt" xmlns="http://www.tei-c.org/ns/1.0">K.A. 1104, fol. 105-108.<lb/></p><note xml:id="INT_ac652406-90d5-31a9-a0a5-7103898be2ac.TEI.1.text.1.body.1.div.1.note.1" xml:lang="nl" place="inline" type="editorial-summary" resp="editor" rend="font-style: italic; line-height: 12.0pt; text-indent: 22.0pt; text-align: justify; font-size: 10" xmlns="http://www.tei-c.org/ns/1.0">( Brief met de Three Brothers verzonden; 28 juli is bericht ontvangen van de inneming<lb/> van Colombo op 12 mei; houding van Radja Singa <hi rend="font-size:10; font-family:Liberation Serif" xml:lang="nl">,</hi> vgl. <hi rend="font-size:10; font-family:Liberation Serif" xml:lang="nl">Rijcklof,</hi> p. 56-57).<lb/></note><p xml:id="INT_ac652406-90d5-31a9-a0a5-7103898be2ac.TEI.1.text.1.body.1.div.1.p.2" xml:lang="nl" rend="font-size: 10; text-align: justify; line-height: 11.7pt; text-indent: 22.0pt" xmlns="http://www.tei-c.org/ns/1.0">De fortresse Negombo heeft den gouverneur Adriaen van der Meyde hem aengeboden<lb/> over te geven ende dat volck soude senden om die te demolieren ende af te<lb/> worpen, dat te geschieden stondt; maer Colombo blijft met over de duysent militaire<lb/> coppen beset, hebbende niet alleen te doen met de gemelte Coninck, maer<lb/> oock met de inwoonderen selfs, die ongetwijffelt noch van herten de Portugesen<lb/> genegen ende toegedaen blijven, van dewelcke de Coninck hem soude konnen dienen<lb/> ende wij twijffelen seer, of het de Comp.e al dienstich sal sijn die groote stadt<lb/> in te houden, alsoo daer een swaer guarnisoen toe wort vereyscht. ’t Is wel soo,<lb/> dat de landen mettertijt goede voordelen sullen geven tot vervangh der oncosten,<lb/> maer als se tegen de machinatiën van den Coninck beschermt sullen worden, soo<lb/> sullen deselve hoogh lopen. De Portugesen en is hetselve in hun tijdt soo lastich<lb/> niet geweest, omdat sij hare crijghsmacht tegen denselven plegen in ’t velt te<lb/> houden ende de stadt de bewaringe der inwoonderen te bevelen, dat wij, om reden<lb/> bovengestelt, geensints sullen vermogen te doen, immer de eerstcomende jaren<lb/> niet, soodat seer considerabel is, off, de jegenwoordige constitutie van Comp.8<lb/> saeken ingesien sijnde, niet alsoo goet en sal sijn, dat wij deselve den Coninck<lb/> mede overgeven om insgelijcx afge worpen te worden ende een preuve te nemen,<lb/> of hij, siende wij hem in alles te wille sijn, alsdan geen meer debvoir en sal doen om<lb/> de Comp.e hare t’achterheyt te betalen <hi rend="font-size:10; font-family:Liberation Serif; letter-spacing:4.5pt" xml:lang="nl">....</hi> 60 metale ende 67 ijsere canonstucken<lb/> sijn metteselve stadt verovert, daeronder die van ’t schip de Maecht<lb/> van Enckhuysen, dat den vijandt gedurende de belegeringe meest gesloopt ende<lb/> het hout gebruyckt heeft1 <hi rend="font-size:10; font-family:Liberation Serif; vertical-align:super" xml:lang="nl">*)</hi> ; hebbende groote ellende uytgestaen, soodat de onse,<lb/> daer binnencomende, de straten overal vol dooden hebben gevonden, van honger<lb/> ende gebreck gestorven; jae, een inlandtse vrouwe wort geseyt haer eygen kindt<lb/> gegeten te hebben. Na de veroveringh sijn noch 3 vaertuygen met rijs ende andere<lb/> nootlijckheden, tot ontset comende, in onse handen gevallen ende wierden noch<lb/> andere verwacht, soo se middelerwijle van ’t overgaen geen advertentie crijgen.<lb/><hi rend="font-size:8; font-family:Liberation Serif" xml:lang="nl">Fol. 105V-106V.</hi><lb/></p><note xml:id="INT_ac652406-90d5-31a9-a0a5-7103898be2ac.TEI.1.text.1.body.1.div.1.note.2" xml:lang="nl" place="inline" type="editorial-summary" resp="editor" rend="font-style: italic; line-height: 11.7pt; text-indent: 22.0pt; text-align: justify; font-size: 10" xmlns="http://www.tei-c.org/ns/1.0">( Aankomst van schepen van diverse streken; De Vlaming heeft voor Amarasi<lb/> op Timor échec geleden, verliezende 36 man).<lb/></note><p xml:id="INT_ac652406-90d5-31a9-a0a5-7103898be2ac.TEI.1.text.1.body.1.div.1.p.3" xml:lang="nl" rend="font-size: 10; text-align: justify; line-height: 11.7pt; text-indent: 22.0pt" xmlns="http://www.tei-c.org/ns/1.0">Ende dewijl na sijn e. schrijven onse vrunden ende bontgenooten aldaer ons<lb/> gants weynich ofte geen adsistentie tegen hare vijanden en bieden, soo is te twijffelen,<lb/> of sij al meriteren, dat tot harer beschermingh daer sooveel volck tot laste<lb/> van de Comp.e langer gehouden werde ende of wij niet beter souden connen opbreken<lb/> ende verhuysen, daer ons mede nader op sullen beraden, de lasten daer<lb/> swaer ende de voordeelen daerentegen weynich sijnde.<lb/></p><note xml:id="INT_ac652406-90d5-31a9-a0a5-7103898be2ac.TEI.1.text.1.body.1.div.1.note.3" xml:lang="nl" rend="font-size: 8; text-align: right; line-height: 9.3pt" xmlns="http://www.tei-c.org/ns/1.0">1 ) Het schip was bij een aanval op het kasteel onklaar geworden en aan de wal gedreven,<lb/></note><note xml:id="INT_ac652406-90d5-31a9-a0a5-7103898be2ac.TEI.1.text.1.body.1.div.1.note.4" xml:lang="nl" rend="font-size: 8; line-height: 9.3pt" xmlns="http://www.tei-c.org/ns/1.0">zie <hi rend="font-size:8; font-family:Liberation Serif; font-style:italic" xml:lang="nl">Rijcklof,</hi> p. 50.<lb/></note><pb xml:id="INT_ac652406-90d5-31a9-a0a5-7103898be2ac.TEI.1.text.1.body.1.div.1.pb.2" n="84" facs="http://resources.huygens.knaw.nl/retroapp/service_generalemissiven/gm_03/images/gm_3_125_0084.tif"/><fw xml:id="INT_ac652406-90d5-31a9-a0a5-7103898be2ac.TEI.1.text.1.body.1.div.1.fw.3" place="top" type="page-number" facs="#zone.6229473" xmlns="http://www.tei-c.org/ns/1.0">84</fw><fw xml:id="INT_ac652406-90d5-31a9-a0a5-7103898be2ac.TEI.1.text.1.body.1.div.1.fw.4" place="top" type="head" facs="#zone.6229477" xmlns="http://www.tei-c.org/ns/1.0">Maeteuyker, Hartzinck, Cunaeus, Verburch en Steur XI, 31 juli 1C56</fw><note xml:id="INT_ac652406-90d5-31a9-a0a5-7103898be2ac.TEI.1.text.1.body.1.div.1.note.5" xml:lang="nl" place="inline" type="editorial-summary" resp="editor" rend="font-style: italic; line-height: 10.0pt; text-indent: 22.0pt; text-align: justify; font-size: 9" xmlns="http://www.tei-c.org/ns/1.0">( A I gezonden schepen <hi rend="font-size:9; font-family:Liberation Serif" xml:lang="nl">) .</hi><lb/></note><p xml:id="INT_ac652406-90d5-31a9-a0a5-7103898be2ac.TEI.1.text.1.body.1.div.1.p.4" xml:lang="nl" rend="font-size: 10; text-align: justify; line-height: 11.7pt; text-indent: 22.0pt" xmlns="http://www.tei-c.org/ns/1.0">De Bantamse Javanen onthouden haer noch hier rondom in het bosch, uyt<lb/> hetselve ons de rijs- ende suykervelden onveyl houdende, maer ter zee en vernemen<lb/> wij haer sedert het vertreck der schepen na Bantam sooveel niet. Die van desel ve<lb/> schepen hebben haer af genomen 2 jonckies, comende van Banjermassingh, geladen<lb/> met omtrent 122 picol wasch ende partij e rottangh ; maer het eene heeft de Comp.e<lb/> 24 man gecost door onvoorsichticheyt van ons volck, die hetselve met een chaloup<lb/> ten eersten aen boort gedampt hebben, daer sij het sonder pericul van verre met<lb/> geschut hadden connen dwingen ende de Javaense desperate verwoetheyt haer<lb/> genoech bekent is. De stadt hebben wij van deselve natie gesuyvert ende haer<lb/> buyten de muyren doen logeren, alsoo het een moortdadich ende trouloos volck is,<lb/> dat groote gerustheyt geeft ende waerin ons den dienst der wijckmeesteren seer<lb/> te stade is gekomen.<lb/></p>
            
      </div>
                  </body>
                </text>
              </TEI>