<TEI xml:id="INT_4a69e27c-4729-3bdd-9b1a-d2dcfe954213" xmlns="http://www.tei-c.org/ns/1.0">
                <teiHeader>
      <fileDesc>
        <titleStmt>
          <title>Maetsuyker, Hartzinck, Cunaeus, Verburch en Steur, 18 juli 1656</title>
        </titleStmt>
        <publicationStmt>
          <p>
            <date>18 juli 1656</date>
            <idno type="sourceID">missiven:vol3</idno>
            <idno type="pid">INT_4a69e27c-4729-3bdd-9b1a-d2dcfe954213</idno>
          </p>
        </publicationStmt>
        <notesStmt>
          <note/>
        </notesStmt>
        <sourceDesc>
          <listBibl xml:id="inlMetadata">
            <bibl type="missive">
        <interpGrp type="page"><interp>79</interp></interpGrp>
        
      <interpGrp type="titleLevel1"><interp>Maetsuyker, Hartzinck, Cunaeus, Verburch en Steur, 18 juli 1656</interp></interpGrp>
      <interpGrp type="dateLevel1"><interp>18 juli 1656</interp></interpGrp>
        <interpGrp type="tocLevel"><interp>1</interp></interpGrp>
      <interpGrp type="volume"><interp>3</interp></interpGrp>
        <interpGrp type="n"><interp>X</interp></interpGrp>
      
      <interpGrp type="witnessYearLevel1_from"><interp>1656</interp></interpGrp>
      <interpGrp type="witnessYearLevel1_to"><interp>1656</interp></interpGrp>
      <interpGrp type="witnessMonthLevel1_to"><interp>7</interp></interpGrp>
      <interpGrp type="witnessMonthLevel1_from"><interp>7</interp></interpGrp>
      <interpGrp type="witnessDayLevel1_to"><interp>18</interp></interpGrp>
      <interpGrp type="witnessDayLevel1_from"><interp>18</interp></interpGrp>
      <interpGrp type="authorLevel1"><interp>Maetsuyker</interp><interp>Hartzinck</interp><interp>Cunaeus</interp><interp>Verburch</interp><interp>Steur</interp></interpGrp>
      <interpGrp type="pid"><interp>INT_4a69e27c-4729-3bdd-9b1a-d2dcfe954213</interp></interpGrp>
    </bibl>
          </listBibl>
        </sourceDesc>
      </fileDesc>
    </teiHeader>
                <text xml:id="INT_4a69e27c-4729-3bdd-9b1a-d2dcfe954213.TEI.1.text.1">
                  <body xml:id="INT_4a69e27c-4729-3bdd-9b1a-d2dcfe954213.TEI.1.text.1.body.1">
                    <div xml:id="INT_4a69e27c-4729-3bdd-9b1a-d2dcfe954213.TEI.1.text.1.body.1.div.1">
        
              <pb xml:id="INT_4a69e27c-4729-3bdd-9b1a-d2dcfe954213.TEI.1.text.1.body.1.div.1.pb.1" n="79" facs="http://resources.huygens.knaw.nl/retroapp/service_generalemissiven/gm_03/images/gm_3_125_0079.tif"/><fw xml:id="INT_4a69e27c-4729-3bdd-9b1a-d2dcfe954213.TEI.1.text.1.body.1.div.1.fw.1" place="top" type="head" facs="#zone.6103440" xmlns="http://www.tei-c.org/ns/1.0">Maetsuyker, Hartzinck, Cnnaeus, Verburch en Steur X, 18 juli 1656</fw><fw xml:id="INT_4a69e27c-4729-3bdd-9b1a-d2dcfe954213.TEI.1.text.1.body.1.div.1.fw.2" place="top" type="page-number" facs="#zone.6103453" xmlns="http://www.tei-c.org/ns/1.0">79</fw><head xml:id="INT_4a69e27c-4729-3bdd-9b1a-d2dcfe954213.TEI.1.text.1.body.1.div.1.head.1" xml:lang="nl" rend="font-size: 10; text-align: justify; line-height: 11.7pt" xmlns="http://www.tei-c.org/ns/1.0">X. JOAN MAETSUYKER, CAREL HARTZINCK, JOAN CUNAEUS, NICOLAES<lb/> VERBURCH EN DIRCK JANSZ. STEUR, BATAVIA 18 juli 1656.<lb/></head><p xml:id="INT_4a69e27c-4729-3bdd-9b1a-d2dcfe954213.TEI.1.text.1.body.1.div.1.p.1" xml:lang="nl" rend="font-size: 7.5; text-align: justify; line-height: 8.3pt" xmlns="http://www.tei-c.org/ns/1.0">K.A. 1104, fol. 91-104.<lb/></p><note xml:id="INT_4a69e27c-4729-3bdd-9b1a-d2dcfe954213.TEI.1.text.1.body.1.div.1.note.1" xml:lang="nl" place="inline" type="editorial-summary" resp="editor" rend="font-style: italic; line-height: 11.7pt; text-indent: 23.0pt; text-align: justify; font-size: 9" xmlns="http://www.tei-c.org/ns/1.0">(Brief medegegeven aan den Engelsen agent Skinner te Bantam <hi rend="font-size:10; font-family:Liberation Serif" xml:lang="nl">,</hi> vertrekkend<lb/> mei hei jacht Three Brothers; de retourvloten van 24 dcc., 6 schepen, en van 3 febr.,<lb/> 4 schepen, hadden cargasoen van f. 2711914.2.4; aankomst van 19 schepen uit pairia ,<lb/> waaronder 25 maart hei galjoot Appelboom, dat 14 maanden onderweg was en van<lb/> 14 koppen er 8 verloren had; totaal 3561 koppen gearriveerd; de Vergulde Draeck<lb/> vergaai ter kust van Australië, vgl. <hi rend="font-size:10; font-family:Liberation Serif" xml:lang="nl">Aandeel</hi> p. 75; berichten uit Amboina; vgl.<lb/><hi rend="font-size:10; font-family:Liberation Serif" xml:lang="nl">Valentijn I,</hi> Molukse Zaaken, p. 322-323, II, Ambonsche Zaaken, p. 203-204,<lb/><hi rend="font-size:10; font-family:Liberation Serif" xml:lang="nl">Ambonse Historie,</hi> II, p. 98-99; vrede met Makassar, uitvoeriger in brief XII;).<lb/></note><p xml:id="INT_4a69e27c-4729-3bdd-9b1a-d2dcfe954213.TEI.1.text.1.body.1.div.1.p.2" xml:lang="nl" rend="font-size: 10; text-align: justify; line-height: 11.7pt; text-indent: 14.0pt" xmlns="http://www.tei-c.org/ns/1.0"><hi rend="font-size:10; font-family:Liberation Serif; letter-spacing:5.0pt" xml:lang="nl">....</hi> is den coopman Jan van Wesenbagen <hi rend="font-size:9; font-family:Liberation Serif; font-style:italic; vertical-align:super" xml:lang="nl">l)</hi> <hi rend="font-size:9; font-family:Liberation Serif; font-style:italic" xml:lang="nl">... .</hi> daer met een prooper capitaeltje<lb/> overgelaaten niet sonder apparentie van een proffitabiler handel.<lb/></p><note xml:id="INT_4a69e27c-4729-3bdd-9b1a-d2dcfe954213.TEI.1.text.1.body.1.div.1.note.2" xml:lang="nl" place="inline" type="editorial-summary" resp="editor" rend="font-style: italic; line-height: 11.7pt; text-indent: 23.0pt; text-align: justify; font-size: 9" xmlns="http://www.tei-c.org/ns/1.0">( De Vlaming zal op de terugweg Solor aandoen; diverse gegevens, uitgebreider<lb/> vermeld in brief nr. XII).<lb/></note><p xml:id="INT_4a69e27c-4729-3bdd-9b1a-d2dcfe954213.TEI.1.text.1.body.1.div.1.p.3" xml:lang="nl" rend="font-size: 10; text-align: justify; line-height: 11.7pt; text-indent: 23.0pt" xmlns="http://www.tei-c.org/ns/1.0">De nabab Mir Mamet Sahy souw nae ’t schrijven van den gouverneur Pit metten<lb/> Golcondasen Coninck verdraagen sijn ende in sijn voorige digniteyten blijven,<lb/> maer bij de naader advisen van Maslupatam wort de saecke noch in t wij ff el gestelt.<lb/> Ondertusschen deeden die verwerringen in de negotie gantsch geen goet.<lb/></p><note xml:id="INT_4a69e27c-4729-3bdd-9b1a-d2dcfe954213.TEI.1.text.1.body.1.div.1.note.3" xml:lang="nl" place="inline" type="editorial-summary" resp="editor" rend="font-style: italic; line-height: 10.0pt; text-indent: 23.0pt; text-align: justify; font-size: 9" xmlns="http://www.tei-c.org/ns/1.0">(Weinig berichten uit Ceylon, maar . . . .)<lb/></note><p xml:id="INT_4a69e27c-4729-3bdd-9b1a-d2dcfe954213.TEI.1.text.1.body.1.div.1.p.4" xml:lang="nl" rend="font-size: 10; text-align: justify; line-height: 11.7pt; text-indent: 23.0pt" xmlns="http://www.tei-c.org/ns/1.0"><hi rend="font-size:10; font-family:Liberation Serif; letter-spacing:5.0pt" xml:lang="nl">....</hi> de heere Gerard Huift <hi rend="font-size:10; font-family:Liberation Serif; vertical-align:super" xml:lang="nl">2 * *),</hi> eerste raet ende Directeur- Generael van India,<lb/> op 10en april voorleeden, sijnde vier daagen na Amsterdams vertreck, met al te<lb/> grooten ijver, soo het schijnt, tot Comp.8 dienst, om de wercken te besichtigen<lb/> wat te na onder de muyren des vijants geadvanceert sijnde, met een musquetcogel<lb/> tot onser aller groot leetweesen in sijn borst getroffen ende daervan op de plaets<lb/> overleeden sij .<lb/></p><note xml:id="INT_4a69e27c-4729-3bdd-9b1a-d2dcfe954213.TEI.1.text.1.body.1.div.1.note.4" xml:lang="nl" place="inline" type="editorial-summary" resp="editor" rend="font-style: italic; line-height: 11.7pt; text-indent: 23.0pt; text-align: justify; font-size: 9" xmlns="http://www.tei-c.org/ns/1.0">( Mislukte poging tot ontzet van Colombo en bestorming van bolwerk St. Jan,<lb/> vgl. <hi rend="font-size:10; font-family:Liberation Serif" xml:lang="nl">Rijcklof,</hi> p. 55).<lb/></note><p xml:id="INT_4a69e27c-4729-3bdd-9b1a-d2dcfe954213.TEI.1.text.1.body.1.div.1.p.5" resp="int_paragraph_joining" rend="font-size:10; font-family:Liberation Serif; letter-spacing:5.0pt">
              <hi rend="font-size:10; font-family:Liberation Serif; letter-spacing:5.0pt" xml:lang="nl" xmlns="http://www.tei-c.org/ns/1.0">....</hi> verstaen wij oock geern, dat de niewe Vice-Rey in Goa, die geweldigh<lb xmlns="http://www.tei-c.org/ns/1.0"/> voorhad haaren staet in India te herstellen, gelijck in Brasil heeft gedaen, deser<lb xmlns="http://www.tei-c.org/ns/1.0"/> werelt sij overleeden, soo gesecht wort aen vergift, hem door sijne vijanden bestelt<lb xmlns="http://www.tei-c.org/ns/1.0"/> ende is in sijn plaets weeder tot Vice-Rey ofte Gouverneur gestelt den geweesen ge-<lb xmlns="http://www.tei-c.org/ns/1.0"/><note xml:id="INT_4a69e27c-4729-3bdd-9b1a-d2dcfe954213.TEI.1.text.1.body.1.div.1.p.5.note.1" xml:lang="nl" rend="font-size: 7.5; text-align: justify; line-height: 9.3pt; text-indent: 22.0pt" xmlns="http://www.tei-c.org/ns/1.0">1) Jan van Wesenbagen kwam 1642 als assistent uit, 1645 onderkoopman, 1648 koopman,<lb/> 1649 te Djambi, 1652 te Pipeli, 1655 te Makassar, 1657 commandeur voor Bantam, 1658<lb/> vrijburger, 1659 schepen, 1664 commissaris naar Indragiri en Palembang, daarop licentmeester,<lb/> 1665 gezant naar Makassar, 1666 als commissaris voor de vrede tussen Temate en<lb/> Tidore naar de Molukken, 1668 ontvanger en sjahbandar te Batavia, gestorven nov. 1671.<lb/></note><note xml:id="INT_4a69e27c-4729-3bdd-9b1a-d2dcfe954213.TEI.1.text.1.body.1.div.1.p.5.note.2" xml:lang="nl" rend="font-size: 7.5; text-align: justify; line-height: 9.3pt; margin-left: 2100" xmlns="http://www.tei-c.org/ns/1.0">2) Gerard Huift, van 1645 tot 1654 secretaris van Amsterdam, kwam daarop als Direc-<lb/></note><note xml:id="INT_4a69e27c-4729-3bdd-9b1a-d2dcfe954213.TEI.1.text.1.body.1.div.1.p.5.note.3" xml:lang="nl" rend="font-size: 7.5; text-align: justify; line-height: 9.3pt" xmlns="http://www.tei-c.org/ns/1.0">teur-Generaal uit en werd 14 aug. 1655 van Batavia naar Ceylon gezonden voor de belegering<lb/></note><note xml:id="INT_4a69e27c-4729-3bdd-9b1a-d2dcfe954213.TEI.1.text.1.body.1.div.1.p.5.note.4" xml:lang="nl" rend="font-size: 7.5; text-align: justify; line-height: 9.3pt" xmlns="http://www.tei-c.org/ns/1.0">van Colombo, waarbij hij 10 april 1656 sneuvelde.<lb/></note><pb xml:id="INT_4a69e27c-4729-3bdd-9b1a-d2dcfe954213.TEI.1.text.1.body.1.div.1.p.5.pb.1" n="80" facs="http://resources.huygens.knaw.nl/retroapp/service_generalemissiven/gm_03/images/gm_3_125_0080.tif"/><fw xml:id="INT_4a69e27c-4729-3bdd-9b1a-d2dcfe954213.TEI.1.text.1.body.1.div.1.p.5.fw.1" place="top" type="page-number" facs="#zone.6132009" xmlns="http://www.tei-c.org/ns/1.0">80</fw><fw xml:id="INT_4a69e27c-4729-3bdd-9b1a-d2dcfe954213.TEI.1.text.1.body.1.div.1.p.5.fw.2" place="top" type="head" facs="#zone.6132013" xmlns="http://www.tei-c.org/ns/1.0">Maetsuyker, Hartzinck, Cunaeus, Verburch en Steur X, 18 juli 1656</fw>neral van Seylon, Manuel Massacarenhas Homen <hi rend="font-size:10; font-family:Liberation Serif; vertical-align:super" xml:lang="nl" xmlns="http://www.tei-c.org/ns/1.0">1),</hi> die mette voorname persoonen<lb xmlns="http://www.tei-c.org/ns/1.0"/> aldaer oock groote partijschappen heeft, waerdoor wel seditie mocht ontstaen,<lb xmlns="http://www.tei-c.org/ns/1.0"/> gelijck hem voor deesen op Zeylon is wedervaaren. Een craeck ende galloen hebben<lb xmlns="http://www.tei-c.org/ns/1.0"/> de Portugeesen dit jaer van Goa na Lixboa geretoerneert-, rijck gelaaden met<lb xmlns="http://www.tei-c.org/ns/1.0"/> peeper, salpeeter, cardamom, lijnwaten, indigo, weynigh naagelen etc. ende sijn<lb xmlns="http://www.tei-c.org/ns/1.0"/> daermet verscheyde aensienelijke luyden geboeyt overgesonden. Nae tselve<lb xmlns="http://www.tei-c.org/ns/1.0"/> schrijven en soude geen zeevaarent volck in Goa te crijgen weesen om naa Zeylon<lb xmlns="http://www.tei-c.org/ns/1.0"/> te vaaren uyt vreese van onse besettinge, soodat ganschelijck verhoopen, dat naa<lb xmlns="http://www.tei-c.org/ns/1.0"/> de <hi rend="font-size:10; font-family:Liberation Serif; letter-spacing:4.5pt" xml:lang="nl" xmlns="http://www.tei-c.org/ns/1.0">....</hi> 22 fregats geen naader secoers afgesonden sal sijn.<lb xmlns="http://www.tei-c.org/ns/1.0"/>
            </p><note xml:id="INT_4a69e27c-4729-3bdd-9b1a-d2dcfe954213.TEI.1.text.1.body.1.div.1.note.5" xml:lang="nl" place="inline" type="editorial-summary" resp="editor" rend="font-style: italic; line-height: 12.0pt; text-indent: 22.0pt; text-align: justify; font-size: 9.5" xmlns="http://www.tei-c.org/ns/1.0">(Berichten van Suratte, waar de Tortelduyff 28 sept. van Mokka is gekomen<lb/> met cargasoen van f. 104811 <hi rend="font-size:8; font-family:Liberation Serif; font-weight:bold" xml:lang="nl">,</hi> wat slechts f. 11558 winst betekent; berichten uit Thaiwan).<lb/><lb/></note><p xml:id="INT_4a69e27c-4729-3bdd-9b1a-d2dcfe954213.TEI.1.text.1.body.1.div.1.p.6" xml:lang="nl" rend="font-size: 10; text-align: justify; line-height: 11.7pt; text-indent: 22.0pt" xmlns="http://www.tei-c.org/ns/1.0">In Tayoan scheen nae ’t schrijven van den gouverneur Cornelus Caesar<lb/> hoope tot wackeringe van den Chineesen handel te verthoonen, sijnde 8 j oneken<lb/> uyt China verscheenen, van welcke 1509 <hi rend="font-size:13; font-family:Liberation Serif; font-style:italic; font-weight:bold" xml:lang="nl">\</hi> r.a aen gout was genegotieert, hetwelck<lb/> wij <hi rend="font-size:10; font-family:Liberation Serif; letter-spacing:4.5pt" xml:lang="nl">....</hi> hebben ontfangen, waerdoor dan weeder aftreek in de coopmanschappen<lb/> begon te coomen, soodat sijn e. sijn eysch, voor dato gedaen, <hi rend="font-size:10; font-family:Liberation Serif; letter-spacing:4.5pt" xml:lang="nl">....</hi> met ’t een<lb/> en ’t ander heeft vergroot. Het rijsgewas op Formosa was wel geslaecht ende de<lb/> suykerteelt noch beeter, soodat groote quantiteyt te verwachten hebben ende<lb/> ordre is gegeeven sooveel naa China te laaten voeren, als de coopluyden sullen begeeren,<lb/> midts betalende den gestelden thol, alsoo den suyker in Europa jegenwoordigh<lb/> cleyn voordeel geeft.<lb/></p><note xml:id="INT_4a69e27c-4729-3bdd-9b1a-d2dcfe954213.TEI.1.text.1.body.1.div.1.note.6" xml:lang="nl" place="inline" type="editorial-summary" resp="editor" rend="font-style: italic; line-height: 11.7pt; text-indent: 22.0pt; text-align: justify; font-size: 9.5" xmlns="http://www.tei-c.org/ns/1.0">(Schepen met lading van f. 470466 naar Thaiwan gezonden; Caesar treedt op<lb/> last van Heren XV II af, Coyet volgt hem als president op; naar Japan is lading van<lb/> f. 823701 gezonden; Wagenaer volgt er Boucheljon op; vracht van f. 184164.19.15<lb/> naar Tonkin gezonden).<lb/></note><p xml:id="INT_4a69e27c-4729-3bdd-9b1a-d2dcfe954213.TEI.1.text.1.body.1.div.1.p.7" xml:lang="nl" rend="font-size: 10; text-align: justify; line-height: 11.7pt; text-indent: 22.0pt" xmlns="http://www.tei-c.org/ns/1.0"><hi rend="font-size:10; font-family:Liberation Serif; letter-spacing:4.5pt" xml:lang="nl">....</hi> copie van een briefken, door voorsz. gesanten Pieter de Goyer ende<lb/> Jacob Keyser den 25en october daertevooren uyt Cantoun aen hem <hi rend="font-size:10; font-family:Liberation Serif; vertical-align:super" xml:lang="nl">2)</hi> gesonden,<lb/> waerin deselve adviseerden, dat hij, Leverey, met sijn geselschap door ordre der<lb/> Tartarische Ondercooningen sonder eenigh randtsoen gelargeert ende derwaerts<lb/> geschickt soude worden, voegende ten laetsten deese woorden daerbij : wij hebben<lb/> tot heden alle doenelijeke middelen aengewent om ul. in weederantwoort den goeden<lb/> toestant van de E. Comp.e alhier te doen verwittigen.<lb/></p><note xml:id="INT_4a69e27c-4729-3bdd-9b1a-d2dcfe954213.TEI.1.text.1.body.1.div.1.note.7" xml:lang="nl" place="inline" type="editorial-summary" resp="editor" rend="font-style: italic; line-height: 10.5pt; text-indent: 22.0pt; text-align: justify; font-size: 9.5" xmlns="http://www.tei-c.org/ns/1.0">(Oorlog met Bantam uitgebroken).<lb/></note><p xml:id="INT_4a69e27c-4729-3bdd-9b1a-d2dcfe954213.TEI.1.text.1.body.1.div.1.p.8" resp="int_paragraph_joining" rend="font-size:10; font-family:Liberation Serif; letter-spacing:4.5pt">
              <hi rend="font-size:10; font-family:Liberation Serif; letter-spacing:4.5pt" xml:lang="nl" xmlns="http://www.tei-c.org/ns/1.0">....</hi> hebbende eerst omtrent Bantam twee onser vrije luyden vaerthuygen<lb xmlns="http://www.tei-c.org/ns/1.0"/> overrompelt ende het volck vermoort ende nu sedert den 8en deser maendt haer<lb xmlns="http://www.tei-c.org/ns/1.0"/><note xml:id="INT_4a69e27c-4729-3bdd-9b1a-d2dcfe954213.TEI.1.text.1.body.1.div.1.p.8.note.1" xml:lang="nl" rend="font-size: 8; text-align: justify; line-height: 9.6pt; text-indent: 22.0pt" xmlns="http://www.tei-c.org/ns/1.0">1) Tegen Manuel Mascarenlias Homem waren, toen hij generaal op Ceylon waa, de<lb/> Portugese troepen in verzet gekomen; hij werd in 1655 voorlopig tot Gouv. Gen. gekozen;<lb/> toen uit Portugal bericht kwam, dat hij bij het eventuele overlijden van zijn voorganger met<lb/> twee anderen samen in commissie zou optreden, werd hij lid van die commissie en bleef dat tot<lb/> zijn dood op 25 sept. 1657.<lb/></note><note xml:id="INT_4a69e27c-4729-3bdd-9b1a-d2dcfe954213.TEI.1.text.1.body.1.div.1.p.8.note.2" xml:lang="nl" rend="font-size: 8; text-align: justify; line-height: 9.6pt; margin-left: 2200" xmlns="http://www.tei-c.org/ns/1.0">2) NI. Hendrick Leverey, nog in China gevangen.<lb/></note><pb xml:id="INT_4a69e27c-4729-3bdd-9b1a-d2dcfe954213.TEI.1.text.1.body.1.div.1.p.8.pb.1" n="81" facs="http://resources.huygens.knaw.nl/retroapp/service_generalemissiven/gm_03/images/gm_3_125_0081.tif"/><fw xml:id="INT_4a69e27c-4729-3bdd-9b1a-d2dcfe954213.TEI.1.text.1.body.1.div.1.p.8.fw.1" place="top" type="head" facs="#zone.6162261" xmlns="http://www.tei-c.org/ns/1.0">Maetsuykor, Hartzinck, Cunaeus, Verburch en Steur X, 18 juli 1656</fw><fw xml:id="INT_4a69e27c-4729-3bdd-9b1a-d2dcfe954213.TEI.1.text.1.body.1.div.1.p.8.fw.2" place="top" type="page-number" facs="#zone.6162274" xmlns="http://www.tei-c.org/ns/1.0">81</fw>soo te waater als te lande rontom Batavia verthoont, met moorden, branden endo<lb xmlns="http://www.tei-c.org/ns/1.0"/> rooven alle schaade doende, die haer moogelijck is, dat een ellendig!) vluchten der<lb xmlns="http://www.tei-c.org/ns/1.0"/> landtlieden ende soodanigen schrick heeft gemaeckt, dat qualijck iemandt meer<lb xmlns="http://www.tei-c.org/ns/1.0"/> sich des nachts buyten de poorten is vertrouwende, uytgesondert de voorstadt,<lb xmlns="http://www.tei-c.org/ns/1.0"/> die soo licht niet te overrompelen is, leggende rondtom in ’t waater tusschen de<lb xmlns="http://www.tei-c.org/ns/1.0"/> groote rivier en de stadtsgracht. Wij hebben eenige maaien op desel ve vijanden<lb xmlns="http://www.tei-c.org/ns/1.0"/> uytgesonden soo groote als cleyne troupen, maer tot noch toe geen advantagie<lb xmlns="http://www.tei-c.org/ns/1.0"/> op haer gehad, de schuylhoecken van het bosch overal tot haer voordeel hebbende<lb xmlns="http://www.tei-c.org/ns/1.0"/> ende te waater weten se het ons met haare lichte ende vlotgaende vaertuygen<lb xmlns="http://www.tei-c.org/ns/1.0"/> onder de wal oock telckens te ontleggen. De Mataram en heeft sich tot noch toe<lb xmlns="http://www.tei-c.org/ns/1.0"/> niet gemoveert, anders dan dat sijne haavens even sterck geslooten ende sijn<lb xmlns="http://www.tei-c.org/ns/1.0"/> nieuw geboude vaerthuygen seylveerdigh en gereet hout, sonderdat men te weeten<lb xmlns="http://www.tei-c.org/ns/1.0"/> can coomen, wat daermeede voorheeft, maer het is wel waerschijnelijck, dat hij<lb xmlns="http://www.tei-c.org/ns/1.0"/> het meede op Batavia gemunt heeft ende dat sij het met malcander eens sijn, als<lb xmlns="http://www.tei-c.org/ns/1.0"/> wanneer wij met geen cleene macht vijanden sullen te doen hebben, waerteegens<lb xmlns="http://www.tei-c.org/ns/1.0"/> ons met alle cracht ter defensie prepareeren, hebbende al eenige weeken voor de<lb xmlns="http://www.tei-c.org/ns/1.0"/> gemelte invasie van die van Bantam op de rivier van Anke aen de westsijde een<lb xmlns="http://www.tei-c.org/ns/1.0"/> schans van aerde met uytsteeckende pallisaden in forme van een sterre opgeworpen<lb xmlns="http://www.tei-c.org/ns/1.0"/> ende sijn rechtevoort besich de rivier van Anchol meede met een diergelijck<lb xmlns="http://www.tei-c.org/ns/1.0"/> werck te verstercken midtsgaaders op de groote cruyswegh bij de waaterplaets<lb xmlns="http://www.tei-c.org/ns/1.0"/> een schans met vier bolwercken te leggen ende meer andere wercken om, is ’t<lb xmlns="http://www.tei-c.org/ns/1.0"/> doenel., daermeede te beletten, dat den vijandt niet ten eersten onder de wallen<lb xmlns="http://www.tei-c.org/ns/1.0"/> van de stadt en advanceere *) ende, soo den Sousouhounangh meede afcomt, gelijck<lb xmlns="http://www.tei-c.org/ns/1.0"/> vreesen, dat in corten doen sal of tenwaare door de groote sterfte, die in sijn<lb xmlns="http://www.tei-c.org/ns/1.0"/> landt is, wierde verhindert, soo sullen practiseeren, of niet doenelijck en sij de landen<lb xmlns="http://www.tei-c.org/ns/1.0"/> rondom de stadt onder waater te setten, daer meenen cans toe te sijn.<lb xmlns="http://www.tei-c.org/ns/1.0"/>
            </p><note xml:id="INT_4a69e27c-4729-3bdd-9b1a-d2dcfe954213.TEI.1.text.1.body.1.div.1.note.8" xml:lang="nl" place="inline" type="editorial-summary" resp="editor" rend="font-style: italic; line-height: 12.0pt; text-indent: 22.0pt; text-align: justify; font-size: 9" xmlns="http://www.tei-c.org/ns/1.0">( Er is voldoende garnizoen en er liggen 17 schepen voor de stad <hi rend="font-size:9; font-family:Liberation Serif; font-weight:bold" xml:lang="nl">,</hi> maar te weinig<lb/> kleine vaartuigen ; van de schepen <hi rend="font-size:9; font-family:Liberation Serif; font-weight:bold" xml:lang="nl">. . .</hi> .)<lb/></note><p xml:id="INT_4a69e27c-4729-3bdd-9b1a-d2dcfe954213.TEI.1.text.1.body.1.div.1.p.9" xml:lang="nl" rend="font-size: 10; text-align: justify; line-height: 11.7pt; text-indent: 22.0pt" xmlns="http://www.tei-c.org/ns/1.0"><hi rend="font-size:10; font-family:Liberation Serif; letter-spacing:4.5pt" xml:lang="nl">....</hi> houden wij jegenwoordigh eenige om de oost ende eenige om de west<lb/> van Batavia, soo om den Mataram, soo hij met sijn gereet leggende vloot ter zee<lb/> mocht coomen, het hooft te bieden, als om voor te coomen, dat die van Bantam<lb/> met haare stropereyen de vreemde handelaers niet van hier en weeren, daer wij al<lb/> voor becommert sijn. Ende om niet alleen in defentie te staen, maer don woedenden<lb/> vijandt oock eenigen afbreuck te doen, soo is vastgestelt, dat heeden 6 cloecke<lb/> jachten met onse meeste cleyn vaerthuygh naa Bantam sullen verseylen om de bay<lb/> aldaer te besetten ende te beletten, dat geen vreemde vaerthuygen daer uyt ofte<lb/> in en coomen, dat doenelijck is; maer haare lichte vaerthuygen en sullen soo niet<lb/> ingehouden connen werden, of sullen bij nacht ende ontijde noch soo nu ende dan<lb/> al weeten uyt te geraecken. Tot Japara blijft onse residentie noch continueren,<lb/> doch met weynigh volck ende geen bijsonder capitael, sijnde de comptanten door<lb/> de passeerende scheepen bedecktelijck gelicht ende wensten, dat het volck meede<lb/> van daer was, gelijck die tot Bantam haer bij nacht hebben geretireert, alsoo<lb/> haer leeven niet langer seecker waaren.<lb/></p><note xml:id="INT_4a69e27c-4729-3bdd-9b1a-d2dcfe954213.TEI.1.text.1.body.1.div.1.note.9" xml:lang="nl" rend="font-size: 8.5; text-align: justify; line-height: 9.4pt; text-indent: 22.0pt" xmlns="http://www.tei-c.org/ns/1.0">1) Voor deze versterkingen zie men <hi rend="font-size:8.5; font-family:Liberation Serif; font-style:italic" xml:lang="nl">Oud Batavia,</hi> § 238-239.<lb/></note><note xml:id="INT_4a69e27c-4729-3bdd-9b1a-d2dcfe954213.TEI.1.text.1.body.1.div.1.note.10" xml:lang="nl" rend="font-size: 10; text-align: justify" xmlns="http://www.tei-c.org/ns/1.0">ö<lb/></note><pb xml:id="INT_4a69e27c-4729-3bdd-9b1a-d2dcfe954213.TEI.1.text.1.body.1.div.1.pb.2" n="82" facs="http://resources.huygens.knaw.nl/retroapp/service_generalemissiven/gm_03/images/gm_3_125_0082.tif"/><fw xml:id="INT_4a69e27c-4729-3bdd-9b1a-d2dcfe954213.TEI.1.text.1.body.1.div.1.fw.3" place="top" type="page-number" facs="#zone.6185676" xmlns="http://www.tei-c.org/ns/1.0">82</fw><fw xml:id="INT_4a69e27c-4729-3bdd-9b1a-d2dcfe954213.TEI.1.text.1.body.1.div.1.fw.4" place="top" type="head" facs="#zone.6185680" xmlns="http://www.tei-c.org/ns/1.0">Maetsuyker, Hartzinck, Cunaeus, Verburch en Steur X, 18 juli 1656</fw><note xml:id="INT_4a69e27c-4729-3bdd-9b1a-d2dcfe954213.TEI.1.text.1.body.1.div.1.note.11" xml:lang="nl" place="inline" type="editorial-summary" resp="editor" rend="font-size: 10; text-align: justify; line-height: 11.1pt; text-indent: 22.0pt" xmlns="http://www.tei-c.org/ns/1.0"><hi rend="font-size:10; font-family:Liberation Serif; font-style:italic" xml:lang="nl">( De Sultan heeft geen brief willen ontvangen</hi> ) .<lb/></note><p xml:id="INT_4a69e27c-4729-3bdd-9b1a-d2dcfe954213.TEI.1.text.1.body.1.div.1.p.10" xml:lang="nl" rend="font-size: 10; text-align: justify; line-height: 11.7pt; text-indent: 22.0pt" xmlns="http://www.tei-c.org/ns/1.0">De Engelsche vrunden hebben jegenwoordigh tot Bantam de Drie Gebroeders,<lb/> <hi rend="font-size:10; font-family:Liberation Serif; letter-spacing:4.5pt" xml:lang="nl">....</hi> die seedert onse jongste een voyagie na Macassar gedaen heeft ende nu<lb/> eerstdaeghs naa Engelandt vertreckt ende het jacht, genaemt de Gulde Roos,<lb/> onlangs in 3£ maenden uyt Engelant overgeseylt. Het jacht de Haen, <hi rend="font-size:10; font-family:Liberation Serif; letter-spacing:4.5pt" xml:lang="nl">....</hi> is<lb/> eenige weecken verleeden naa Jamby vertrocken en de 2en deser maent naa Cambodia<lb/> het jacht de Avonture Marchant <hi rend="font-size:10; font-family:Liberation Serif; letter-spacing:4.5pt" xml:lang="nl">....</hi> Boovendien is aldaer in maert verleeden<lb/> uyt Engelandt verscheenen een particulier scheepken, genaemt St. Jan<lb/> ende Thomas, sijnde weynigh min dan een jaer onderweege geweest, hetwelck<lb/> naaderhandt van daer na Cormandel is verseylt. Het Deens jacht Fredericus is<lb/> dit jaer meede weeder tot Bantam geweest met partij e lijwaaten ende om haer<lb/> schulden, die verleeden jaer daer hebben laaten staen, te innen, maer sijn meede<lb/> soo slecht bejegent, dat sonder afscheyt te neemen weeder naa Trangebaare sijn<lb/> vertrocken.<lb/></p><note xml:id="INT_4a69e27c-4729-3bdd-9b1a-d2dcfe954213.TEI.1.text.1.body.1.div.1.note.12" xml:lang="nl" place="inline" type="editorial-summary" resp="editor" rend="font-style: italic; line-height: 11.7pt; text-indent: 22.0pt; text-align: justify; font-size: 10" xmlns="http://www.tei-c.org/ns/1.0">(Andere Engelse jachten in Zuid- Azië; Hartzinck wordt Directeur -Generaal<lb/> op f. 500 <hi rend="font-size:10; font-family:Liberation Serif" xml:lang="nl">+</hi> 100 realen kostgeld p.m.; vaststelling van muntkoersen, vgl. <hi rend="font-size:10; font-family:Liberation Serif" xml:lang="nl">Plakaatboek</hi><lb/><hi rend="font-size:10; font-family:Liberation Serif" xml:lang="nl">77,</hi> p. 222-223; 2 jachten uit Suratte brengen cargasoen van <hi rend="font-size:10; font-family:Liberation Serif" xml:lang="nl">/.</hi> 354049; van daar zijn<lb/> twee jachten met lading van <hi rend="font-size:10; font-family:Liberation Serif" xml:lang="nl">/.</hi> 264344 naar Perzië en <hi rend="font-size:10; font-family:Liberation Serif" xml:lang="nl">/.</hi> 112853 naar Basra gezonden;<lb/> een nieuwe gouverneur is te Suratte gekomen, nl. Sjecli Mohd. Amin; berichten uit<lb/> Perzië).<lb/></note><p xml:id="INT_4a69e27c-4729-3bdd-9b1a-d2dcfe954213.TEI.1.text.1.body.1.div.1.p.11" xml:lang="nl" rend="font-size: 10; text-align: justify; line-height: 11.7pt; text-indent: 22.0pt" xmlns="http://www.tei-c.org/ns/1.0">De achtumael doulet heeft de residenten in Spahan totte 150 carga sijde,<lb/> verleeden jaer ontfangen, noch 75 carga teegen danck opgedrongen ende doen<lb/> aenseggen, dat de Comp.e jaerlijckx de gecontracteerde quantiteyt sal gehouden<lb/> weesen te ontfangen, doch de ... . coopman hadt echter hoop, dat hetselve met<lb/> een goede schenckagie aen de Cooninck wel af te bidden sal sijn.<lb/></p><note xml:id="INT_4a69e27c-4729-3bdd-9b1a-d2dcfe954213.TEI.1.text.1.body.1.div.1.note.13" xml:lang="nl" place="inline" type="editorial-summary" resp="editor" rend="font-style: italic; line-height: 11.1pt; text-indent: 22.0pt; text-align: justify; font-size: 10" xmlns="http://www.tei-c.org/ns/1.0">( Berichten uit Wingurla:)<lb/></note><p xml:id="INT_4a69e27c-4729-3bdd-9b1a-d2dcfe954213.TEI.1.text.1.body.1.div.1.p.12" xml:lang="nl" rend="font-size: 10; text-align: justify; line-height: 11.7pt; text-indent: 22.0pt" xmlns="http://www.tei-c.org/ns/1.0">In Goa was groote sterfte onder het volck ende creegen de soldaten geen betalingh,<lb/> waerom deselve dan dagelijckx groote moedtwil in de stadt waren bedrijvende<lb/> ende de ingeseetenen veel overlast doende, sonderdat daerover werden<lb/> gecorrigeert. Van nieuw secoers naa Seylon uyt te maecken wierdt noch al gerucht,<lb/> maer onseeker ende dewijl het mouson op ’t eynde liep om de cust van India<lb/> te bevaaren, soo verhoopen wij gantsch, dat hetselve niet en sal sijn gesonden.<lb/> Comp.8 debiteurs in Wingurla, Narsanna ende Kitsanna Wey !), hebben op de<lb/> coopmanschappen, haer verleeden saysoen toegesonden, wederom 5 ten hondert<lb/> van haare schuit afgeleyt ende op de specereyen 12 ten hondert. De residentie in<lb/> Wingurla blijft jegenwoordigh noch met 17 gegagieerde mannen beset.<lb/></p><note xml:id="INT_4a69e27c-4729-3bdd-9b1a-d2dcfe954213.TEI.1.text.1.body.1.div.1.note.14" xml:lang="nl" rend="font-size: 8; text-align: justify; line-height: 8.9pt; text-indent: 22.0pt" xmlns="http://www.tei-c.org/ns/1.0">1) Zie voor de met deze kooplieden gemaakte afspraak <hi rend="font-size:8; font-family:Liberation Serif; font-style:italic" xml:lang="nl">Rijcklof,</hi> p. 104.<lb/></note>
            
      </div>
                  </body>
                </text>
              </TEI>