<TEI xml:id="INT_82ea1eb3-1bf2-3305-b512-6996ce58573a" xmlns="http://www.tei-c.org/ns/1.0">
                <teiHeader>
      <fileDesc>
        <titleStmt>
          <title>Maetsuyker, Hartsinck, De Vlaming van Oudtshoorn, Verburch en Steur, 28 jan. 1661</title>
        </titleStmt>
        <publicationStmt>
          <p>
            <date>28 jan. 1661</date>
            <idno type="sourceID">missiven:vol3</idno>
            <idno type="pid">INT_82ea1eb3-1bf2-3305-b512-6996ce58573a</idno>
          </p>
        </publicationStmt>
        <notesStmt>
          <note/>
        </notesStmt>
        <sourceDesc>
          <listBibl xml:id="inlMetadata">
            <bibl type="missive">
        <interpGrp type="page"><interp>371</interp></interpGrp>
        
      <interpGrp type="titleLevel1"><interp>Maetsuyker, Hartsinck, De Vlaming van Oudtshoorn, Verburch en Steur, 28 jan. 1661</interp></interpGrp>
      <interpGrp type="dateLevel1"><interp>28 jan. 1661</interp></interpGrp>
        <interpGrp type="tocLevel"><interp>1</interp></interpGrp>
      <interpGrp type="volume"><interp>3</interp></interpGrp>
        <interpGrp type="n"><interp>XXII</interp></interpGrp>
      
      <interpGrp type="witnessYearLevel1_from"><interp>1661</interp></interpGrp>
      <interpGrp type="witnessYearLevel1_to"><interp>1661</interp></interpGrp>
      <interpGrp type="witnessMonthLevel1_to"><interp>1</interp></interpGrp>
      <interpGrp type="witnessMonthLevel1_from"><interp>1</interp></interpGrp>
      <interpGrp type="witnessDayLevel1_to"><interp>28</interp></interpGrp>
      <interpGrp type="witnessDayLevel1_from"><interp>28</interp></interpGrp>
      <interpGrp type="authorLevel1"><interp>Maetsuyker</interp><interp>Hartsinck</interp><interp>De Vlaming van Oudtshoorn</interp><interp>Verburch</interp><interp>Steur</interp></interpGrp>
      <interpGrp type="pid"><interp>INT_82ea1eb3-1bf2-3305-b512-6996ce58573a</interp></interpGrp>
    </bibl>
          </listBibl>
        </sourceDesc>
      </fileDesc>
    </teiHeader>
                <text xml:id="INT_82ea1eb3-1bf2-3305-b512-6996ce58573a.TEI.1.text.1">
                  <body xml:id="INT_82ea1eb3-1bf2-3305-b512-6996ce58573a.TEI.1.text.1.body.1">
                    <div xml:id="INT_82ea1eb3-1bf2-3305-b512-6996ce58573a.TEI.1.text.1.body.1.div.1">
        
              <pb xml:id="INT_82ea1eb3-1bf2-3305-b512-6996ce58573a.TEI.1.text.1.body.1.div.1.pb.1" n="371" facs="http://resources.huygens.knaw.nl/retroapp/service_generalemissiven/gm_03/images/gm_3_125_0371.tif"/><fw xml:id="INT_82ea1eb3-1bf2-3305-b512-6996ce58573a.TEI.1.text.1.body.1.div.1.fw.1" place="top" type="head" facs="#zone.5227196" xmlns="http://www.tei-c.org/ns/1.0">Maetsuyker, Hartsinck, Van Oudtshoorn, Verburch en Steur XXII, 28 januari 1661 371</fw><fw xml:id="INT_82ea1eb3-1bf2-3305-b512-6996ce58573a.TEI.1.text.1.body.1.div.1.fw.2" place="top" type="head" facs="#zone.5227227" xmlns="http://www.tei-c.org/ns/1.0">XXII. JOAN MAETSUYKER, CAREL HARTSINCK, AERNOUT DEVLAMING VAN OUDTSHOORN, NICOLAES VERBURCH EN DIRCKJANSZ. STEUR, BATAVIA 28 jan. 1661.K.A. 1122, fol. 489—490.( Aankomst van Cau van Makassar, waar vrede is gesloten , Daghregisters 28jan., p. 18 — 19 en Corpus, nr. CCLIV; het fort Pannakukkang is echter niet geslecht ,maar gerestitueerd).</fw>
            
      </div>
                  </body>
                </text>
              </TEI>