<TEI xml:id="INT_81f5b7af-d321-38b7-8eba-523db9e9994e" xmlns="http://www.tei-c.org/ns/1.0">
                <teiHeader>
      <fileDesc>
        <titleStmt>
          <title>Maetsuyker, Verburch, Pit, Overtwater, Van den Brouck, Van Hoorn en Ranst, 13 dec. 1668</title>
        </titleStmt>
        <publicationStmt>
          <p>
            <date>13 dec. 1668</date>
            <idno type="sourceID">missiven:vol3</idno>
            <idno type="pid">INT_81f5b7af-d321-38b7-8eba-523db9e9994e</idno>
          </p>
        </publicationStmt>
        <notesStmt>
          <note/>
        </notesStmt>
        <sourceDesc>
          <listBibl xml:id="inlMetadata">
            <bibl type="missive">
        <interpGrp type="page"><interp>653</interp></interpGrp>
        
      <interpGrp type="titleLevel1"><interp>Maetsuyker, Verburch, Pit, Overtwater, Van den Brouck, Van Hoorn en Ranst, 13 dec. 1668</interp></interpGrp>
      <interpGrp type="dateLevel1"><interp>13 dec. 1668</interp></interpGrp>
        <interpGrp type="tocLevel"><interp>1</interp></interpGrp>
      <interpGrp type="volume"><interp>3</interp></interpGrp>
        <interpGrp type="n"><interp>XLIII</interp></interpGrp>
      
      <interpGrp type="witnessYearLevel1_from"><interp>1668</interp></interpGrp>
      <interpGrp type="witnessYearLevel1_to"><interp>1668</interp></interpGrp>
      <interpGrp type="witnessMonthLevel1_to"><interp>12</interp></interpGrp>
      <interpGrp type="witnessMonthLevel1_from"><interp>12</interp></interpGrp>
      <interpGrp type="witnessDayLevel1_to"><interp>13</interp></interpGrp>
      <interpGrp type="witnessDayLevel1_from"><interp>13</interp></interpGrp>
      <interpGrp type="authorLevel1"><interp>Maetsuyker</interp><interp>Verburch</interp><interp>Pit</interp><interp>Overtwater</interp><interp>Van den Brouck</interp><interp>Van Hoorn</interp><interp>Ranst</interp></interpGrp>
      <interpGrp type="pid"><interp>INT_81f5b7af-d321-38b7-8eba-523db9e9994e</interp></interpGrp>
    </bibl>
          </listBibl>
        </sourceDesc>
      </fileDesc>
    </teiHeader>
                <text xml:id="INT_81f5b7af-d321-38b7-8eba-523db9e9994e.TEI.1.text.1">
                  <body xml:id="INT_81f5b7af-d321-38b7-8eba-523db9e9994e.TEI.1.text.1.body.1">
                    <div xml:id="INT_81f5b7af-d321-38b7-8eba-523db9e9994e.TEI.1.text.1.body.1.div.1">
        
              <pb xml:id="INT_81f5b7af-d321-38b7-8eba-523db9e9994e.TEI.1.text.1.body.1.div.1.pb.1" n="653" facs="http://resources.huygens.knaw.nl/retroapp/service_generalemissiven/gm_03/images/gm_3_125_0653.tif"/><fw xml:id="INT_81f5b7af-d321-38b7-8eba-523db9e9994e.TEI.1.text.1.body.1.div.1.fw.1" place="top" type="head" facs="#zone.5754743" xmlns="http://www.tei-c.org/ns/1.0">Maetsuyker, Verburch, Pit, Overtwater, Van den Brouck, enz. XLIII, 13 dec. 1668 653</fw><head xml:id="INT_81f5b7af-d321-38b7-8eba-523db9e9994e.TEI.1.text.1.body.1.div.1.head.1" xml:lang="nl" rend="font-size: 10; text-align: justify; line-height: 11.7pt" xmlns="http://www.tei-c.org/ns/1.0">XLIII. JOAN MAETSUYKER, NICOLAES VERBURCH, LAURENS PIT,<lb/> PIETER OVERTWATER, MATTHEUS VAN DEN BROUCK, PIETER VAN<lb/> HOORN EN CONSTANTIN RANST, BATAVIA 13 dec. 1668.<lb/></head><p xml:id="INT_81f5b7af-d321-38b7-8eba-523db9e9994e.TEI.1.text.1.body.1.div.1.p.1" xml:lang="nl" rend="font-size: 8.5; text-align: justify; line-height: 9.4pt" xmlns="http://www.tei-c.org/ns/1.0">1156bi8, fol. 223-234.<lb/></p><note xml:id="INT_81f5b7af-d321-38b7-8eba-523db9e9994e.TEI.1.text.1.body.1.div.1.note.1" xml:lang="nl" place="inline" type="editorial-summary" resp="editor" rend="font-style: italic; line-height: 12.0pt; text-indent: 23.0pt; text-align: justify; font-size: 10" xmlns="http://www.tei-c.org/ns/1.0">(Vgl. <hi rend="font-size:10; font-family:Liberation Serif" xml:lang="nl">Daghregisters</hi> 1668-1669, p. 209-221 ; de Victoria is 30 juni van Siam<lb/> naar Japan gevaren met lading van f 51070, vnl. huiden).<lb/></note><p xml:id="INT_81f5b7af-d321-38b7-8eba-523db9e9994e.TEI.1.text.1.body.1.div.1.p.2" xml:lang="nl" rend="font-size: 10; text-align: justify; line-height: 11.7pt; text-indent: 23.0pt" xmlns="http://www.tei-c.org/ns/1.0">De 2 joncken, die de Coning verleden saison nae Japan hadde gehad, waeren<lb/> wederom gecomen, doch met seer sobere winst en desniettegenstaende had hij<lb/> nu weder eene derwaerts gesonden, maer met een gering cargasoen om, soo ’t<lb/> schijnt, nochmael een preuf te nemen en waeren ook bovendien weder drie Ckineese<lb/> joncken derwaerts gevaren insgelijcks met slechte ladingen ende sonder vellen,<lb/> alsoo de Coninck ons bij het gegeven octroy treffelijck maintineert, nietjegenstaende<lb/> de Chineesen daer meer voor willen geven.<lb/></p><note xml:id="INT_81f5b7af-d321-38b7-8eba-523db9e9994e.TEI.1.text.1.body.1.div.1.note.2" xml:lang="nl" place="inline" type="editorial-summary" resp="editor" rend="font-style: italic; line-height: 12.6pt; text-indent: 23.0pt; text-align: justify; font-size: 10" xmlns="http://www.tei-c.org/ns/1.0">(In Siam is <hi rend="font-size:10; font-family:Liberation Serif" xml:lang="nl">/.</hi> 52000 of 85% gewonnen op de verkochte kleedjes; er blijft kapitaal<lb/> van f. 301320, w.o. f. 62191 desperate schulden; er is geen geld meer opgenomen;<lb/> gegevens Japan, vgl. <hi rend="font-size:10; font-family:Liberation Serif" xml:lang="nl">Beschrijvinge</hi> II, I, p. 435-437, deels letterlijk gelijk; uit het<lb/><hi rend="font-size:10; font-family:Liberation Serif" xml:lang="nl">—</hi> )<lb/></note><p xml:id="INT_81f5b7af-d321-38b7-8eba-523db9e9994e.TEI.1.text.1.body.1.div.1.p.3" xml:lang="nl" rend="font-size: 10; text-align: justify; line-height: 11.7pt" xmlns="http://www.tei-c.org/ns/1.0"><hi rend="font-size:10; font-family:Liberation Serif; letter-spacing:4.5pt" xml:lang="nl">....</hi> bericht, dat de Coreërs aen de Chinesen contributie betalen, blijckt, dat die<lb/> luyden beyde, China namentlijck en Japan, onderdanig sijn of immers den Japander<lb/> tenminsten ook groot respect draegen.<lb/></p><note xml:id="INT_81f5b7af-d321-38b7-8eba-523db9e9994e.TEI.1.text.1.body.1.div.1.note.3" xml:lang="nl" place="inline" type="editorial-summary" resp="editor" rend="font-style: italic; line-height: 12.0pt; text-indent: 23.0pt; text-align: justify; font-size: 10" xmlns="http://www.tei-c.org/ns/1.0">( 1500 picol salpeter kan jaarlijks aan de hoven van Tonkin worden verkocht d<lb/> f. 41,25 de 125®).<lb/></note><p xml:id="INT_81f5b7af-d321-38b7-8eba-523db9e9994e.TEI.1.text.1.body.1.div.1.p.4" resp="int_paragraph_joining" rend="">
              De incoop der sijde en -stoffen is wel geweest tot merkelijcken somme gelds,<lb xmlns="http://www.tei-c.org/ns/1.0"/> als van ƒ 489000, maer die om haer dieren incoop weynig voordelen gegeven<lb xmlns="http://www.tei-c.org/ns/1.0"/>hebben . ’t Komt wel sooveele te goede, dat men geen geld heeft moeten<lb xmlns="http://www.tei-c.org/ns/1.0"/>uytschieten voor een kleen gedeelte der zijde, van den Conink sonder betalinge<lb xmlns="http://www.tei-c.org/ns/1.0"/> genoten, maer sulx kan weynig bijbrengen en schijnen de residenten onse ordre,<lb xmlns="http://www.tei-c.org/ns/1.0"/> op die materie voor deesen gegeven, niet all te wel begrepen te hebben. Die was,<lb xmlns="http://www.tei-c.org/ns/1.0"/> dat se in sulcken voorvall als tegen wordig, daer de Chinees de sijde soo dier incocht,<lb xmlns="http://www.tei-c.org/ns/1.0"/> eenelijck maer daer wat onder souden spelen om hem de zijde te laeten duyr<lb xmlns="http://www.tei-c.org/ns/1.0"/> betaelen en, ten hoogsten niet meer selfs van sulcke duyre sijde inkopende als<lb xmlns="http://www.tei-c.org/ns/1.0"/> tot 50, 60 of 70 000 guldens, dan het is te dencken, dat se om de verledenjarige<lb xmlns="http://www.tei-c.org/ns/1.0"/> duyre en hooge marct bij haer selfs daervan wat sullen hebben gedispenseert.<lb xmlns="http://www.tei-c.org/ns/1.0"/>
            </p><p xml:id="INT_81f5b7af-d321-38b7-8eba-523db9e9994e.TEI.1.text.1.body.1.div.1.p.5" xml:lang="nl" rend="font-size: 10; text-align: justify; line-height: 11.7pt; text-indent: 23.0pt" xmlns="http://www.tei-c.org/ns/1.0">In toecomende sullen ordre geven, de vaderlandsen eysch nae den ouden voet<lb/> in muscus, zijde en d.° stoffen voldaen werde bij ruymte van Capital.<lb/></p><p xml:id="INT_81f5b7af-d321-38b7-8eba-523db9e9994e.TEI.1.text.1.body.1.div.1.p.6" xml:lang="nl" rend="font-size: 10; text-align: justify; line-height: 11.7pt; text-indent: 23.0pt" xmlns="http://www.tei-c.org/ns/1.0">De Coninck heeft dit jaer onse residenten expresselijck gelast twee sijner<lb/> capados met 4 dienaers en 4 J picol sijde mitsgaders eenige pelings en hockins om<lb/> te drucken met Compagnies schip nae Japan te voeren, dat gansch bedenckelijck<lb/> ende van quaden gevolge konde worden, maer alsoo se maer passelijck gevaeren<lb/> sijn door de laege sijdeprijs en meer groote ongemacken, soo mogen hopen, dit in<lb/> toecomende ophouden sal.<lb/></p><pb xml:id="INT_81f5b7af-d321-38b7-8eba-523db9e9994e.TEI.1.text.1.body.1.div.1.pb.2" n="654" facs="http://resources.huygens.knaw.nl/retroapp/service_generalemissiven/gm_03/images/gm_3_125_0654.tif"/><fw xml:id="INT_81f5b7af-d321-38b7-8eba-523db9e9994e.TEI.1.text.1.body.1.div.1.fw.2" place="top" type="head" xml:lang="nl" rend="text-align:right; line-height:11.1pt" facs="#zone.5757155" xmlns="http://www.tei-c.org/ns/1.0">654 Maetsuyker, Verburch, Pit, Overtwater, Van den Brouck, enz. XLIII, 13 dec. 1668</fw><note xml:id="INT_81f5b7af-d321-38b7-8eba-523db9e9994e.TEI.1.text.1.body.1.div.1.note.4" xml:lang="nl" place="inline" type="editorial-summary" resp="editor" rend="font-style: italic; line-height: 10.0pt; text-indent: 22.0pt; text-align: justify; font-size: 9" xmlns="http://www.tei-c.org/ns/1.0">( De vestiging te Ki-Lung opgeheven).<lb/></note><p xml:id="INT_81f5b7af-d321-38b7-8eba-523db9e9994e.TEI.1.text.1.body.1.div.1.p.7" xml:lang="nl" rend="font-size: 10; text-align: justify; line-height: 11.7pt; text-indent: 22.0pt" xmlns="http://www.tei-c.org/ns/1.0">Tot Tamsuy waeren de Chineese vijanden, soo men vernemen konde, noch<lb/> omtrent de 500 sterck, hadden de aldaer staende steene reduyt tegens een aenvall<lb/> wat defensijver gemaekt. Het is te geloven, dat se, nu wij Quelang verlaten hebben,<lb/> om de ongesontheyt van ’t climaet veel van daer verhuysen en sich derwaerts<lb/> sullen begeven.<lb/></p><note xml:id="INT_81f5b7af-d321-38b7-8eba-523db9e9994e.TEI.1.text.1.body.1.div.1.note.5" xml:lang="nl" place="inline" type="editorial-summary" resp="editor" rend="font-style: italic; line-height: 11.7pt; text-indent: 22.0pt; text-align: justify; font-size: 9" xmlns="http://www.tei-c.org/ns/1.0">(In Ki-Lung was van 1 oct. 1667 tot 31 oct. 1668 uitgegeven <hi rend="font-size:7.5; font-family:Liberation Serif; font-weight:bold; letter-spacing:0.5pt" xml:lang="nl">/.</hi> 104334.12.3 en<lb/> gewonnen f. 22391.17 .12; in Coromandel was door droogte de indigo zeer duur <hi rend="font-size:7.5; font-family:Liberation Serif; font-weight:bold; letter-spacing:0.5pt" xml:lang="nl">,</hi><lb/>slechts 10900 werd ingekocht).<lb/></note><p xml:id="INT_81f5b7af-d321-38b7-8eba-523db9e9994e.TEI.1.text.1.body.1.div.1.p.8" xml:lang="nl" rend="font-size: 10; text-align: justify; line-height: 11.7pt; text-indent: 22.0pt" xmlns="http://www.tei-c.org/ns/1.0">Het groote gouvernement van Eloer ende Rasiemanderon <hi rend="font-size:10; font-family:Liberation Serif; vertical-align:super" xml:lang="nl">1),</hi> waeronder de<lb/> comptoiren Daetchieron ende Palicol sorteeren ende dat lange jaeren door eenen<lb/> Mametbeek <hi rend="font-size:10; font-family:Liberation Serif; vertical-align:super" xml:lang="nl">2),</hi> een civiel regent onder de Mooren, is bekleed geweest, advijseeren<lb/> de residenten uyt Golconda, dat aen den rijxcanselier Seyd Mousaffer was opgedraegen<lb/> met apparentie, dat aen sijn hoogheyt ook weder stont geïntrageert te<lb/> worden het Masulipatamse gouvernement.<lb/></p><note xml:id="INT_81f5b7af-d321-38b7-8eba-523db9e9994e.TEI.1.text.1.body.1.div.1.note.6" xml:lang="nl" place="inline" type="editorial-summary" resp="editor" rend="font-size: 9; font-style: italic; text-align: right; line-height: 10.0pt" xmlns="http://www.tei-c.org/ns/1.0">(De Deense Christiaanshaven komt 5 dec. te Bantam met goedkope textiel).<lb/></note><p xml:id="INT_81f5b7af-d321-38b7-8eba-523db9e9994e.TEI.1.text.1.body.1.div.1.p.9" xml:lang="nl" rend="font-size: 10; text-align: justify; line-height: 11.7pt; text-indent: 22.0pt" xmlns="http://www.tei-c.org/ns/1.0">De Engelsen tot Bantam woelen seer mettet incopen van peper ende heeft<lb/> de Sultan een gebodt laeten uytgaen, dat geen peper nae Batavia mach worden<lb/> gevoert, totdat sij haer competentie sullen hebben.<lb/></p><note xml:id="INT_81f5b7af-d321-38b7-8eba-523db9e9994e.TEI.1.text.1.body.1.div.1.note.7" xml:lang="nl" place="inline" type="editorial-summary" resp="editor" rend="font-style: italic; line-height: 11.7pt; text-indent: 22.0pt; text-align: justify; font-size: 9" xmlns="http://www.tei-c.org/ns/1.0">(De zivakke retourfluit Handelaar dient niet meer uitgezonden; de retourvloot<lb/> heeft geringe bemanning ; voor 38748 rsd. aan wissels op patria getrokken).<lb/></note><note xml:id="INT_81f5b7af-d321-38b7-8eba-523db9e9994e.TEI.1.text.1.body.1.div.1.note.8" xml:lang="nl" rend="font-size: 8.5; text-align: justify; line-height: 9.4pt; margin-left: 2100" xmlns="http://www.tei-c.org/ns/1.0">1) Zie deel I, p. 291, noot 3.<lb/></note><note xml:id="INT_81f5b7af-d321-38b7-8eba-523db9e9994e.TEI.1.text.1.body.1.div.1.note.9" xml:lang="nl" rend="font-size: 8.5; text-align: justify; line-height: 9.4pt; margin-left: 2100" xmlns="http://www.tei-c.org/ns/1.0">2) Muhammad Beg.<lb/></note>
            
      </div>
                  </body>
                </text>
              </TEI>