<TEI xml:id="INT_26c9c9e9-29b7-3384-b21f-457af6df3230" xmlns="http://www.tei-c.org/ns/1.0">
                <teiHeader>
      <fileDesc>
        <titleStmt>
          <title>Maetsuyker, Hartsinck, De Vlaming van Oudtshoorn, Verburch en Steur, 29 juli 1661</title>
        </titleStmt>
        <publicationStmt>
          <p>
            <date>29 juli 1661</date>
            <idno type="sourceID">missiven:vol3</idno>
            <idno type="pid">INT_26c9c9e9-29b7-3384-b21f-457af6df3230</idno>
          </p>
        </publicationStmt>
        <notesStmt>
          <note/>
        </notesStmt>
        <sourceDesc>
          <listBibl xml:id="inlMetadata">
            <bibl type="missive">
        <interpGrp type="page"><interp>372</interp></interpGrp>
        
      <interpGrp type="titleLevel1"><interp>Maetsuyker, Hartsinck, De Vlaming van Oudtshoorn, Verburch en Steur, 29 juli 1661</interp></interpGrp>
      <interpGrp type="dateLevel1"><interp>29 juli 1661</interp></interpGrp>
        <interpGrp type="tocLevel"><interp>1</interp></interpGrp>
      <interpGrp type="volume"><interp>3</interp></interpGrp>
        <interpGrp type="n"><interp>XXIII</interp></interpGrp>
      
      <interpGrp type="witnessYearLevel1_from"><interp>1661</interp></interpGrp>
      <interpGrp type="witnessYearLevel1_to"><interp>1661</interp></interpGrp>
      <interpGrp type="witnessMonthLevel1_to"><interp>7</interp></interpGrp>
      <interpGrp type="witnessMonthLevel1_from"><interp>7</interp></interpGrp>
      <interpGrp type="witnessDayLevel1_to"><interp>29</interp></interpGrp>
      <interpGrp type="witnessDayLevel1_from"><interp>29</interp></interpGrp>
      <interpGrp type="authorLevel1"><interp>Maetsuyker</interp><interp>Hartsinck</interp><interp>De Vlaming van Oudtshoorn</interp><interp>Verburch</interp><interp>Steur</interp></interpGrp>
      <interpGrp type="pid"><interp>INT_26c9c9e9-29b7-3384-b21f-457af6df3230</interp></interpGrp>
    </bibl>
          </listBibl>
        </sourceDesc>
      </fileDesc>
    </teiHeader>
                <text xml:id="INT_26c9c9e9-29b7-3384-b21f-457af6df3230.TEI.1.text.1">
                  <body xml:id="INT_26c9c9e9-29b7-3384-b21f-457af6df3230.TEI.1.text.1.body.1">
                    <div xml:id="INT_26c9c9e9-29b7-3384-b21f-457af6df3230.TEI.1.text.1.body.1.div.1">
        
              <pb xml:id="INT_26c9c9e9-29b7-3384-b21f-457af6df3230.TEI.1.text.1.body.1.div.1.pb.1" n="372" facs="http://resources.huygens.knaw.nl/retroapp/service_generalemissiven/gm_03/images/gm_3_125_0372.tif"/><fw xml:id="INT_26c9c9e9-29b7-3384-b21f-457af6df3230.TEI.1.text.1.body.1.div.1.fw.1" place="top" type="page-number" facs="#zone.5228941" xmlns="http://www.tei-c.org/ns/1.0">372</fw><fw xml:id="INT_26c9c9e9-29b7-3384-b21f-457af6df3230.TEI.1.text.1.body.1.div.1.fw.2" place="top" type="head" facs="#zone.5228946" xmlns="http://www.tei-c.org/ns/1.0">Maetsuyker, Hartsinck, Van Oudtshoorn, Verburch en Steur XXIII, 29 juli 1661</fw><head xml:id="INT_26c9c9e9-29b7-3384-b21f-457af6df3230.TEI.1.text.1.body.1.div.1.head.1" xml:lang="nl" rend="font-size: 10; text-align: justify; line-height: 11.7pt" xmlns="http://www.tei-c.org/ns/1.0">XXIII. JOAN MAETSUYKER, CAREL HARTSINCK, AERNOUT DE<lb/> VLAMING VAN OUDTSHOORN, NICOLAES VERBURCH EN DIRCK<lb/> JANSZ. STEUR, BATAVIA 29 juli 1661.<lb/></head><p xml:id="INT_26c9c9e9-29b7-3384-b21f-457af6df3230.TEI.1.text.1.body.1.div.1.p.1" xml:lang="nl" rend="font-size: 8; text-align: justify; line-height: 8.9pt" xmlns="http://www.tei-c.org/ns/1.0">K.A. 1122, fol. 701-728.<lb/></p><note xml:id="INT_26c9c9e9-29b7-3384-b21f-457af6df3230.TEI.1.text.1.body.1.div.1.note.1" xml:lang="nl" place="inline" type="editorial-summary" resp="editor" rend="font-style: italic; line-height: 11.7pt; text-indent: 24.0pt; text-align: justify; font-size: 9.5" xmlns="http://www.tei-c.org/ns/1.0">(Verzonden met de Engelse Newcastle; de retourvloten bereikten reep. 13 maart<lb/> en 5 mei de Kaap; aankomst uit patria van de Olifa?it en de Loosduynen, <hi rend="font-size:10; font-family:Liberation Serif" xml:lang="nl">Daglireg.</hi><lb/>13 en 14 febr., p. 34 <hi rend="font-size:10; font-family:Liberation Serif" xml:lang="nl">—</hi> 35; Anckeveen 30 mei, p. 143 <hi rend="font-size:10; font-family:Liberation Serif" xml:lang="nl">—</hi> 144; Vogelsangh en Erasmus, 13<lb/> en 14 juli, p. 220, 224, Dordrecht, 18 juli, p. 226; zending van de Leeuwin naar<lb/> Amboina, 15 febr., p. 35 <hi rend="font-size:10; font-family:Liberation Serif" xml:lang="nl">—</hi> 36, met twee predikanten; schepen en berichten van daar<lb/> ontvangen op 25 mei , p. 130 — 137 en 2 juni, p. 164 <hi rend="font-size:10; font-family:Liberation Serif" xml:lang="nl">—</hi> 165, vgl. ook <hi rend="font-size:10; font-family:Liberation Serif" xml:lang="nl">Corpus</hi> II, nr.<lb/> CCXLVII; 249717 nagelen is ontvangen; zending van schepen naar Banda,<lb/><hi rend="font-size:10; font-family:Liberation Serif" xml:lang="nl">Daghregisters</hi> 28 jan., p. 19 en 15 febr., p. 38; schip en berichten van daar, 31<lb/> mei, p. 147 <hi rend="font-size:10; font-family:Liberation Serif" xml:lang="nl">—</hi> 149; zending van een schip naar Ternate op 15 febr., p. 37 <hi rend="font-size:10; font-family:Liberation Serif" xml:lang="nl">—</hi> 38, schip en<lb/> berichten van daar, 1 juni, p. 159 <hi rend="font-size:10; font-family:Liberation Serif" xml:lang="nl">—</hi> 164; Portugezen uit Makassar gezet; berichten<lb/> van daar, <hi rend="font-size:10; font-family:Liberation Serif" xml:lang="nl">Daghregisters,</hi> Register en o.a. p. 170 <hi rend="font-size:10; font-family:Liberation Serif" xml:lang="nl">—</hi> 171; zending naar Timor op 12<lb/> ebr., p. 33).<lb/></note><p xml:id="INT_26c9c9e9-29b7-3384-b21f-457af6df3230.TEI.1.text.1.body.1.div.1.p.2" xml:lang="nl" rend="font-size: 10; text-align: justify; line-height: 11.7pt; text-indent: 24.0pt" xmlns="http://www.tei-c.org/ns/1.0">Ingevalle *) de vrede met Portugal noch niet gesloten en zij, zoo soude onses<lb/> oordeels zeer dienstig wesen, dat in dezelve, soo se voortgang staet te nemen, konde<lb/> influeren, dat haer de frequentatie van hetzelve eyland moge worden geïnterdiceert,<lb/> dewijl se daer doch de alderminste fortificatie ofte vaste bezettinge niet en hebben.<lb/> Hetselve zoude de Ned. Oost. Comp.e een groote gerustheyt geven, nadien de<lb/> inlanders alsdan wrel aen de hand zouden sijn te houden. Aen Larentuka op Solor <hi rend="font-size:10; font-family:Liberation Serif; vertical-align:super" xml:lang="nl">1 2),</hi><lb/>haer hoofdplaets in die gewesten sijnde, is minder gelegen, behalven dat se dan<lb/> aldaer ook niet souden konnen subsisteren.<lb/></p><note xml:id="INT_26c9c9e9-29b7-3384-b21f-457af6df3230.TEI.1.text.1.body.1.div.1.note.2" xml:lang="nl" place="inline" type="editorial-summary" resp="editor" rend="font-style: italic; line-height: 11.7pt; text-indent: 24.0pt; text-align: justify; font-size: 9.5" xmlns="http://www.tei-c.org/ns/1.0">(Zending naar Palembang, vgl. <hi rend="font-size:10; font-family:Liberation Serif" xml:lang="nl">Daghregisters</hi> 26 april, p. 91 <hi rend="font-size:10; font-family:Liberation Serif" xml:lang="nl">—</hi> 92: berichten<lb/> uit Djambi).<lb/></note><p xml:id="INT_26c9c9e9-29b7-3384-b21f-457af6df3230.TEI.1.text.1.body.1.div.1.p.3" xml:lang="nl" rend="font-size: 10; text-align: justify; line-height: 11.7pt; text-indent: 24.0pt" xmlns="http://www.tei-c.org/ns/1.0">Mette Engelse hebben de onse in Jamby al weder eenige questie gehadt, of<lb/> tenminsten wort van haer soo voorgegeven, gelijck U Ed.e uyt de ingesloten<lb/> papieren sullen sien ende wat wij daerop aen de heer agent tot Bantam bij provisie<lb/> geantwoort hebben, ons daertoe gedragende. Mette verandering in de regeringe in<lb/> Engeland ende dat de Coning weder op sijn troon is geraeckt, willen wij verhopen,<lb/> dat voortaen beter intelligentie tusschen ons ende haer sal connen worden gehouden.<lb/><lb/></p><note xml:id="INT_26c9c9e9-29b7-3384-b21f-457af6df3230.TEI.1.text.1.body.1.div.1.note.3" xml:lang="nl" place="inline" type="editorial-summary" resp="editor" rend="font-style: italic; line-height: 11.7pt; text-indent: 24.0pt; text-align: justify; font-size: 9.5" xmlns="http://www.tei-c.org/ns/1.0">(Zending naar Martapura op 3 maart, <hi rend="font-size:10; font-family:Liberation Serif" xml:lang="nl">Daghregisters,</hi> p. 49, schip en berichten<lb/> vandaar, ibid., 28 mei, p. 140 <hi rend="font-size:10; font-family:Liberation Serif" xml:lang="nl">—</hi> 143; van Malakka, ibid., Register i.v. Malakka; van<lb/> Siam, ibid. 12 april, p. 73 — 75 en 13 juni, p. 181, 183 <hi rend="font-size:10; font-family:Liberation Serif" xml:lang="nl">—</hi> 184; zending derwaarts,<lb/> ibid. 26 april, p. 91, 18 juni, p. 190, 22 juni, p. 196; gegevens over Cambodja, schip<lb/></note><note xml:id="INT_26c9c9e9-29b7-3384-b21f-457af6df3230.TEI.1.text.1.body.1.div.1.note.4" xml:lang="nl" rend="font-size: 8; line-height: 9.6pt; text-indent: 23.0pt" xmlns="http://www.tei-c.org/ns/1.0">1) De hier volgende passus is in geheimschrift, in Nederland is de betekenis er boven<lb/> geschreven.<lb/></note><note xml:id="INT_26c9c9e9-29b7-3384-b21f-457af6df3230.TEI.1.text.1.body.1.div.1.note.5" xml:lang="nl" rend="font-size: 8; text-align: justify; line-height: 9.6pt; margin-left: 2200" xmlns="http://www.tei-c.org/ns/1.0">2) Onjuist, Larantuka ligt op Flores.<lb/></note><pb xml:id="INT_26c9c9e9-29b7-3384-b21f-457af6df3230.TEI.1.text.1.body.1.div.1.pb.2" n="373" facs="http://resources.huygens.knaw.nl/retroapp/service_generalemissiven/gm_03/images/gm_3_125_0373.tif"/><fw xml:id="INT_26c9c9e9-29b7-3384-b21f-457af6df3230.TEI.1.text.1.body.1.div.1.fw.3" place="top" type="head" facs="#zone.5231282" xmlns="http://www.tei-c.org/ns/1.0">Maetsuyker, Hartsinck, Van Oudtshoorn, Verburch en Steur XXIII, 29 juli 1661</fw><fw xml:id="INT_26c9c9e9-29b7-3384-b21f-457af6df3230.TEI.1.text.1.body.1.div.1.fw.4" place="top" type="page-number" facs="#zone.5231296" xmlns="http://www.tei-c.org/ns/1.0">373</fw><note xml:id="INT_26c9c9e9-29b7-3384-b21f-457af6df3230.TEI.1.text.1.body.1.div.1.note.6" xml:lang="nl" place="inline" type="editorial-summary" resp="editor" rend="font-size: 9.5; font-style: italic; text-align: justify; line-height: 11.7pt" xmlns="http://www.tei-c.org/ns/1.0">en berichten van Tonkin <hi rend="font-size:8; font-family:Liberation Serif; font-weight:bold" xml:lang="nl">,</hi> ibid. 7 maart <hi rend="font-size:9.5; font-family:Liberation Serif; font-style:italic; vertical-align:sub" xml:lang="nl">t</hi> p. 49 <hi rend="font-size:8; font-family:Liberation Serif; font-weight:bold" xml:lang="nl">—</hi> 55; bezending derwaarts <hi rend="font-size:8; font-family:Liberation Serif; font-weight:bold" xml:lang="nl">,</hi> ibid.<lb/> 25 april, p. 89 <hi rend="font-size:8; font-family:Liberation Serif; font-weight:bold" xml:lang="nl">—</hi> 91; en naar Japan, ibid., Register i.v. Japan; berichten uit en bezending<lb/> naar Thaiwan, id.; bericht van de aanval van Coxinga op Formosa, ibid.<lb/> 24 juni, p. 197 <hi rend="font-size:8; font-family:Liberation Serif; font-weight:bold" xml:lang="nl">—</hi> 200; zending van Cau met een vloot derwaarts, ibid. 5 juli, p.<lb/> 207—208).<lb/></note><p xml:id="INT_26c9c9e9-29b7-3384-b21f-457af6df3230.TEI.1.text.1.body.1.div.1.p.4" xml:lang="nl" rend="font-size: 10; text-align: justify; line-height: 11.7pt; text-indent: 22.0pt" xmlns="http://www.tei-c.org/ns/1.0">Het casteel Zeelandia op Tayoan alsmede liet fort Provincie op Saccam waeren<lb/> van alle nooddruft ende victualie seer wel voorsien, soodat wij verhopen, dat<lb/> om deselve soo geheel groote swarigheyt niet te maecken is, maer het plattelandt<lb/> is te vreesen, dat de vijand afgelopen ende onder de ingesetenen nae sijn bloetgierigen<lb/> aert al eenige massacre gedaen sal hebben, of ’t en waere deselve ingesetenen<lb/> door d’een off d’ander kloeck Nederlander bij malcander geruckt ende deselve<lb/> het hooft geboden hadden, gelijck veele meenen, dat haer uyt de bosschen ende<lb/> ruygten seer wel om doen soude wesen.<lb/></p><note xml:id="INT_26c9c9e9-29b7-3384-b21f-457af6df3230.TEI.1.text.1.body.1.div.1.note.7" xml:lang="nl" place="inline" type="editorial-summary" resp="editor" rend="font-style: italic; line-height: 10.5pt; text-indent: 22.0pt; text-align: justify; font-size: 9.5" xmlns="http://www.tei-c.org/ns/1.0">(Vervolg gegevens aanval van Coxinga).<lb/></note><p xml:id="INT_26c9c9e9-29b7-3384-b21f-457af6df3230.TEI.1.text.1.body.1.div.1.p.5" resp="int_paragraph_joining" rend="">
              Omdat de gouverneurs tot Nangasacki den e. Joan Bouchellion jongst op<lb xmlns="http://www.tei-c.org/ns/1.0"/> sijn afscheydt met seer grooten ernst gelast hadden te bevorderen, dat de Chinesen,<lb xmlns="http://www.tei-c.org/ns/1.0"/> welcker jonck voor desen tot Tayoan opgebragt ende aldaer vergaen is, ... .<lb xmlns="http://www.tei-c.org/ns/1.0"/> wegen haer verlies ende schaede satisfactie mocht werden gedaen, off dat sij ’t<lb xmlns="http://www.tei-c.org/ns/1.0"/> aenstaende saisoen sulcx aldaer uyt Comp.s effecten souden laeten doen, hadden<lb xmlns="http://www.tei-c.org/ns/1.0"/> wij de onse tot Nangasacki al ordre ende last gegeven hetselve bevel, als ’t anders<lb xmlns="http://www.tei-c.org/ns/1.0"/> niet conde wesen, te pareren ende nae te comen om daerom mette gem. gouverneurs<lb xmlns="http://www.tei-c.org/ns/1.0"/> in geen meerder verwijderingh te geraecken, maer mette bovenverhaelde invasie<lb xmlns="http://www.tei-c.org/ns/1.0"/> van den mandorijn Coxin op het eyland Formosa ende het springen van ’t schip<lb xmlns="http://www.tei-c.org/ns/1.0"/> den Hector, met een Japans cargasoen geladen sijnde geweest, behalven meerder<lb xmlns="http://www.tei-c.org/ns/1.0"/> schaade, die sij de Comp.e ondertusschen noch sullen mogen hebben gedaen, heeft<lb xmlns="http://www.tei-c.org/ns/1.0"/> die saecke een geheel ander aensien gekregen ende hebben daerom de geseyde eerste<lb xmlns="http://www.tei-c.org/ns/1.0"/> ordre geretracteert ende geordonneert in plaetse van dien op het ernstigste onse<lb xmlns="http://www.tei-c.org/ns/1.0"/> klagten ten hoove tegen de gem. Coxin te doen ende te kennen te geven, dat wij<lb xmlns="http://www.tei-c.org/ns/1.0"/> nu niet sullen connen naelaeten nae het reght, dat de natuure alle volcken geleert<lb xmlns="http://www.tei-c.org/ns/1.0"/> heeft, hem weder alle afbreuck te doen, die in onse vermogen sal wesen, soowel in<lb xmlns="http://www.tei-c.org/ns/1.0"/> ’t Japanse vaerwater als allerwegen, te meer omdat hij hem niet en heeft ontsien<lb xmlns="http://www.tei-c.org/ns/1.0"/> de schepen van de Comp.e, met Japanse goederen geladen sijnde, aen te tasten<lb xmlns="http://www.tei-c.org/ns/1.0"/> ende van dewelcke het eene gesprongen is (sonderdat wij evenwel tot noch toe,<lb xmlns="http://www.tei-c.org/ns/1.0"/> voor sooveel het Japanse vaerwaeter aengaet, daertoe ordre hebben gegeven) om<lb xmlns="http://www.tei-c.org/ns/1.0"/> te onderstaen, hoe dat werck bij haer genomen sal worden ende ons daernae te<lb xmlns="http://www.tei-c.org/ns/1.0"/> reguleren, met hoope dat se de billijckheyt van de saeck sullen insien. <hi rend="font-size:9; font-family:Liberation Serif; font-style:italic; letter-spacing:1.5pt" xml:lang="nl" xmlns="http://www.tei-c.org/ns/1.0">*)</hi> Doch of<lb xmlns="http://www.tei-c.org/ns/1.0"/> het contrarie mogte gebeuren ende dat en <hi rend="font-size:10; font-family:Liberation Serif; vertical-align:super" xml:lang="nl" xmlns="http://www.tei-c.org/ns/1.0">1 2)</hi> ons wilden verbieden tegen alle<lb xmlns="http://www.tei-c.org/ns/1.0"/> recht en reden onsen gem. zoo onrechtveerdigen vijand in ’t Japanse vaerwater<lb xmlns="http://www.tei-c.org/ns/1.0"/> te beschadigen, zoo verzoecken wij, dat ons met den eersten daerop 300 <hi rend="font-size:10; font-family:Liberation Serif; vertical-align:super" xml:lang="nl" xmlns="http://www.tei-c.org/ns/1.0">3)</hi> ordre<lb xmlns="http://www.tei-c.org/ns/1.0"/><note xml:id="INT_26c9c9e9-29b7-3384-b21f-457af6df3230.TEI.1.text.1.body.1.div.1.p.5.note.1" xml:lang="nl" rend="font-size: 7.5; line-height: 9.6pt; text-indent: 23.0pt" xmlns="http://www.tei-c.org/ns/1.0">1) De volgende passus is weer in geheimschrift, de betekenis is er in Nederland boven<lb/> geschreven.<lb/></note><note xml:id="INT_26c9c9e9-29b7-3384-b21f-457af6df3230.TEI.1.text.1.body.1.div.1.p.5.note.2" xml:lang="nl" rend="font-size: 7.5; text-align: justify; line-height: 9.6pt; margin-left: 2300" xmlns="http://www.tei-c.org/ns/1.0">2) Verkeerd geïnterpreteerd, hier staat in geheimschrift : sij.<lb/></note><note xml:id="INT_26c9c9e9-29b7-3384-b21f-457af6df3230.TEI.1.text.1.body.1.div.1.p.5.note.3" xml:lang="nl" rend="font-size: 7.5; text-align: justify; line-height: 9.6pt; margin-left: 2300" xmlns="http://www.tei-c.org/ns/1.0">3) De betekenis is niet boven dit getal geschreven ; ze is : Uw.<lb/></note><pb xml:id="INT_26c9c9e9-29b7-3384-b21f-457af6df3230.TEI.1.text.1.body.1.div.1.p.5.pb.1" n="374" facs="http://resources.huygens.knaw.nl/retroapp/service_generalemissiven/gm_03/images/gm_3_125_0374.tif"/><fw xml:id="INT_26c9c9e9-29b7-3384-b21f-457af6df3230.TEI.1.text.1.body.1.div.1.p.5.fw.1" place="top" type="page-number" facs="#zone.5233102" xmlns="http://www.tei-c.org/ns/1.0">374</fw><fw xml:id="INT_26c9c9e9-29b7-3384-b21f-457af6df3230.TEI.1.text.1.body.1.div.1.p.5.fw.2" place="top" type="head" facs="#zone.5233106" xmlns="http://www.tei-c.org/ns/1.0">Maetsuyker, Hartsinck, Van Oudtahoora, Verburch en Steur XXIII, 29 juli 1661</fw>mag toekomen, hoe ons in zulken gevalle zullen dragen, alsoo het een poinct van<lb xmlns="http://www.tei-c.org/ns/1.0"/> gewigte is, daer wij onse bekommering grootelijx over hebben.<lb xmlns="http://www.tei-c.org/ns/1.0"/>
            </p><note xml:id="INT_26c9c9e9-29b7-3384-b21f-457af6df3230.TEI.1.text.1.body.1.div.1.note.8" xml:lang="nl" place="inline" type="editorial-summary" resp="editor" rend="font-style: italic; line-height: 11.7pt; text-indent: 22.0pt; text-align: justify; font-size: 9" xmlns="http://www.tei-c.org/ns/1.0">( Schepen en berichten uit Arakan , <hi rend="font-size:10; font-family:Liberation Serif" xml:lang="nl">Daghregisters</hi> 9 maart , p. 55 <hi rend="font-size:10; font-family:Liberation Serif" xml:lang="nl">—</hi> 57, 16 mei,<lb/> p. 114 <hi rend="font-size:10; font-family:Liberation Serif" xml:lang="nl">—</hi> 116; verder van Bengalen , Coromandel, Ceylon, Ooa, Suratte, Perzië,<lb/> Mataramen Bantam, alles in <hi rend="font-size:10; font-family:Liberation Serif" xml:lang="nl">Daghregisters,</hi> met behulp van het register te vinden).<lb/></note>
            
      </div>
                  </body>
                </text>
              </TEI>