<TEI xml:id="INT_3d8ec690-38e9-340a-ad00-3e9e12f5eda3" xmlns="http://www.tei-c.org/ns/1.0">
                <teiHeader>
      <fileDesc>
        <titleStmt>
          <title>Maetsuyker, Hartsinck, Verburch, Pit, Overtwater, Van den Brouck, Thijsz., Hustaert en Van Hoorn, 30 jan. 1665</title>
        </titleStmt>
        <publicationStmt>
          <p>
            <date>30 jan. 1665</date>
            <idno type="sourceID">missiven:vol3</idno>
            <idno type="pid">INT_3d8ec690-38e9-340a-ad00-3e9e12f5eda3</idno>
          </p>
        </publicationStmt>
        <notesStmt>
          <note/>
        </notesStmt>
        <sourceDesc>
          <listBibl xml:id="inlMetadata">
            <bibl type="missive">
        <interpGrp type="page"><interp>474</interp></interpGrp>
        
      <interpGrp type="titleLevel1"><interp>Maetsuyker, Hartsinck, Verburch, Pit, Overtwater, Van den Brouck, Thijsz., Hustaert en Van Hoorn, 30 jan. 1665</interp></interpGrp>
      <interpGrp type="dateLevel1"><interp>30 jan. 1665</interp></interpGrp>
        <interpGrp type="tocLevel"><interp>1</interp></interpGrp>
      <interpGrp type="volume"><interp>3</interp></interpGrp>
        <interpGrp type="n"><interp>XXXIII</interp></interpGrp>
      
      <interpGrp type="witnessYearLevel1_from"><interp>1665</interp></interpGrp>
      <interpGrp type="witnessYearLevel1_to"><interp>1665</interp></interpGrp>
      <interpGrp type="witnessMonthLevel1_to"><interp>1</interp></interpGrp>
      <interpGrp type="witnessMonthLevel1_from"><interp>1</interp></interpGrp>
      <interpGrp type="witnessDayLevel1_to"><interp>30</interp></interpGrp>
      <interpGrp type="witnessDayLevel1_from"><interp>30</interp></interpGrp>
      <interpGrp type="authorLevel1"><interp>Maetsuyker</interp><interp>Hartsinck</interp><interp>Verburch</interp><interp>Pit</interp><interp>Overtwater</interp><interp>Van den Brouck</interp><interp>Thijsz.</interp><interp>Hustaert</interp><interp>Van Hoorn</interp></interpGrp>
      <interpGrp type="pid"><interp>INT_3d8ec690-38e9-340a-ad00-3e9e12f5eda3</interp></interpGrp>
    </bibl>
          </listBibl>
        </sourceDesc>
      </fileDesc>
    </teiHeader>
                <text xml:id="INT_3d8ec690-38e9-340a-ad00-3e9e12f5eda3.TEI.1.text.1">
                  <body xml:id="INT_3d8ec690-38e9-340a-ad00-3e9e12f5eda3.TEI.1.text.1.body.1">
                    <div xml:id="INT_3d8ec690-38e9-340a-ad00-3e9e12f5eda3.TEI.1.text.1.body.1.div.1">
        
              <pb xml:id="INT_3d8ec690-38e9-340a-ad00-3e9e12f5eda3.TEI.1.text.1.body.1.div.1.pb.1" n="474" facs="http://resources.huygens.knaw.nl/retroapp/service_generalemissiven/gm_03/images/gm_3_125_0474.tif"/><fw xml:id="INT_3d8ec690-38e9-340a-ad00-3e9e12f5eda3.TEI.1.text.1.body.1.div.1.fw.1" place="top" type="page-number" facs="#zone.5258072" xmlns="http://www.tei-c.org/ns/1.0">474</fw><fw xml:id="INT_3d8ec690-38e9-340a-ad00-3e9e12f5eda3.TEI.1.text.1.body.1.div.1.fw.2" place="top" type="head" facs="#zone.5258082" xmlns="http://www.tei-c.org/ns/1.0">Maetsuyker, Hartsinck, Verburch, Pit, Overtwator, enz. XXXIII, 30 januari 1665</fw><head xml:id="INT_3d8ec690-38e9-340a-ad00-3e9e12f5eda3.TEI.1.text.1.body.1.div.1.head.1" xml:lang="nl" rend="font-size: 10; text-align: justify; line-height: 11.7pt" xmlns="http://www.tei-c.org/ns/1.0">XXXIII. JOAN MAETSUYKER, CAREL HARTSINCK, NICOLAES VERBURCH,<lb/> LAURENS PIT, PIETER OVERTWATER, MATTHEUS VAN DEN<lb/> BROUCK, JOAN THIJSZ., JACOB HUSTAERT EN PIETER VAN HOORN,<lb/> BATAVIA 30 jan. 1665.<lb/></head><p xml:id="INT_3d8ec690-38e9-340a-ad00-3e9e12f5eda3.TEI.1.text.1.body.1.div.1.p.1" xml:lang="nl" rend="font-size: 8.5; text-align: justify; line-height: 9.4pt" xmlns="http://www.tei-c.org/ns/1.0">Kol. Arch. 1136, fol. 611-653.<lb/></p><note xml:id="INT_3d8ec690-38e9-340a-ad00-3e9e12f5eda3.TEI.1.text.1.body.1.div.1.note.1" xml:lang="nl" place="inline" type="editorial-summary" resp="editor" rend="font-style: italic; line-height: 11.7pt; text-indent: 22.0pt; text-align: justify; font-size: 10" xmlns="http://www.tei-c.org/ns/1.0">(Grotendeels komt de brief naar de inhoud overeen met <hi rend="font-size:10; font-family:Liberation Serif" xml:lang="nl">Daghregisters</hi> 1664,<lb/> p. 587-603 en 1665, p. 1-21; voorts is te vermelden: door het aflopen van hun verband<lb/> moesten meer matrozen en soldaten naar patria gezonden worden, dan Heren <hi rend="font-size:10; font-family:Liberation Serif; font-style:italic; letter-spacing:1.0pt" xml:lang="nl">XVII</hi><lb/>wensten; er is nu slechts voldoende cargasoen voor patria voor de jachten Cogge en<lb/> Nieuwenhove; de 16 jan. naar Amboina vertrokken drie schepen hadden cargasoen<lb/> van <hi rend="font-size:10; font-family:Liberation Serif" xml:lang="nl">/.</hi> 82685.6.8).<lb/></note><p xml:id="INT_3d8ec690-38e9-340a-ad00-3e9e12f5eda3.TEI.1.text.1.body.1.div.1.p.2" xml:lang="nl" rend="font-size: 10; text-align: justify; line-height: 11.7pt; text-indent: 22.0pt" xmlns="http://www.tei-c.org/ns/1.0">Al sedert enige jaren herwaerts heeft de equippagiemr. alhier gestadig bij hem<lb/> gehad een bequaem persoon, kennisse ende verstant van de zeevaert hebbende, die<lb/> sijn werk maect van na te lesen ende te examineren de journaels, gehouden op de<lb/> schepen, die hier successive van andere plaetsen of tochten aencomen ende, daerin<lb/> iet nieuws bevindende van eylanden, klippen, zanden, reven, droogten, vinden,<lb/> stromen etc.a, hetselve te annoteren ende, voor sooveel nodig wort geoordeelt, in<lb/> de caerten aen te wijsen ende hetwelk dan voort in degene, die uyt het vaderlant<lb/> comen en hier aen de afgaende schepen uytgedeelt worden, soo overgedragen<lb/> ende verbetert wort om bij de schippers ende stuerluyden in opmerkinge genomen<lb/> ende op gelet te worden. Ende uyt welke observatiën ende aenteeckeningen dan<lb/> mettertijt ende bij confirmatie van ondervindinge, aengesien op alle eerste rapporten<lb/> niet alt ij t even vasten staet en can werden gemaect, een vast zeeboek voor<lb/> de schepen, hier te lande swervende, sal connen worden geformeert ende uytgegeven.<lb/><lb/></p><note xml:id="INT_3d8ec690-38e9-340a-ad00-3e9e12f5eda3.TEI.1.text.1.body.1.div.1.note.2" xml:lang="nl" place="inline" type="editorial-summary" resp="editor" rend="font-style: italic; line-height: 11.1pt; text-indent: 22.0pt; text-align: justify; font-size: 10" xmlns="http://www.tei-c.org/ns/1.0">(Geen college van schapenen in Amboina ingesteld).<lb/></note><p xml:id="INT_3d8ec690-38e9-340a-ad00-3e9e12f5eda3.TEI.1.text.1.body.1.div.1.p.3" xml:lang="nl" rend="font-size: 10; text-align: justify; line-height: 11.7pt; text-indent: 22.0pt" xmlns="http://www.tei-c.org/ns/1.0">In Banda schijnt men van outs van gevoelen geweest te sijn, dat de armen uyt<lb/> alle condemnatiën ofte geltboeten nootsakelijk een aenpart moste worden toegeleyt,<lb/> dat wij gemeent hebben een misverstant te sijn ende aengesien de rekening<lb/> van oncosten der justitie daer successive veel ten achteren is comen te staen, soo<lb/> hebben om daerin te voorsien den e. gouv.r Joan van Dam, na deselve provincie<lb/> vertrocken, bij instructie gerecommandeert daerin verandering te doen ende te<lb/> ordonneren, dat voort in aenstaende de voorsz. portie, die in de condemnatiën<lb/> voor desen den armen plagh toegewesen te worden, geappliceert sal worden ten<lb/> behoeve van de voorsz. achterstallige oncosten der justitie, waermet wij oordeelen,<lb/> dat deselve armen niet te cort en wort gedaen, temin omdat haer cassa doorgaens<lb/> rijkelijk omcomt ende de lasten, die se hebben te dragen, kleyn zijn.<lb/></p><p xml:id="INT_3d8ec690-38e9-340a-ad00-3e9e12f5eda3.TEI.1.text.1.body.1.div.1.p.4" resp="int_paragraph_joining" rend="">
              Bijaldien de nederlantse tale in de landen van Amboina conde inge voert<lb xmlns="http://www.tei-c.org/ns/1.0"/> worden, wij souden het voor een seer groote saek houden, als waerdoor niet alleen<lb xmlns="http://www.tei-c.org/ns/1.0"/> de wegh totte voortplantinge van de Christenreligie veel bequamer ende gereeder<lb xmlns="http://www.tei-c.org/ns/1.0"/> soude worden, maer ook de staet van de Comp.e merckelijk soude worden bevestigt.<lb xmlns="http://www.tei-c.org/ns/1.0"/> Maer vreesen grotelijks, dat het niet practicabel en sal sijn om de gelegentheden<lb xmlns="http://www.tei-c.org/ns/1.0"/><pb xml:id="INT_3d8ec690-38e9-340a-ad00-3e9e12f5eda3.TEI.1.text.1.body.1.div.1.p.4.pb.1" n="475" facs="http://resources.huygens.knaw.nl/retroapp/service_generalemissiven/gm_03/images/gm_3_125_0475.tif"/><fw xml:id="INT_3d8ec690-38e9-340a-ad00-3e9e12f5eda3.TEI.1.text.1.body.1.div.1.p.4.fw.1" place="top" type="head" xml:lang="nl" rend="text-align:justify; line-height:9.4pt" facs="#zone.5259809" xmlns="http://www.tei-c.org/ns/1.0">Maetsuyker, Hartsinck, Verburch, Pit, Overtwater, enz. XXXIII, 30 januari 1665 475</fw>ende distantie der plaetsen, waerdoor het daer een geheel ander werk is dan in<lb xmlns="http://www.tei-c.org/ns/1.0"/> Banda, daer den ommeslag beknopt is.<lb xmlns="http://www.tei-c.org/ns/1.0"/>
            </p><note xml:id="INT_3d8ec690-38e9-340a-ad00-3e9e12f5eda3.TEI.1.text.1.body.1.div.1.note.3" xml:lang="nl" place="inline" type="editorial-summary" resp="editor" rend="font-style: italic; line-height: 12.0pt; text-indent: 23.0pt; text-align: justify; font-size: 9.5" xmlns="http://www.tei-c.org/ns/1.0">(Studenten als krankbezoekers uit te zenden, die geleidelijk predikant kunnen<lb/> worden <hi rend="font-size:9; font-family:Liberation Serif; font-weight:bold" xml:lang="nl">, . . .</hi> .)<lb/></note><p xml:id="INT_3d8ec690-38e9-340a-ad00-3e9e12f5eda3.TEI.1.text.1.body.1.div.1.p.5" xml:lang="nl" rend="font-size: 10; text-align: justify; line-height: 11.7pt" xmlns="http://www.tei-c.org/ns/1.0"><hi rend="font-size:10; font-family:Liberation Serif; letter-spacing:5.0pt" xml:lang="nl">....</hi> omdat desulke meer vlijt ende neerstigheyt souden aenwenden om de talen<lb/> te leeren ende haer bequaem te maken totte onderwij singe van eenvoudige menschen,<lb/> dan die ten eersten met hoge tractementen uytcomen, dewelke men doorgaens<lb/> siet, dat het gemackelijk opnemen ende meer glorie sijn stellende in ’t doen<lb/> van een welsprekende predicatie dan veel arbeyt te besteden in die mindere dingen,<lb/> hoewel van ongelijk meer nut en vrucht zijnde, hetwelk wij dan gantsch eerbiedig<lb/> versoeken, dat bij U Ed.e in consideratie mag comen. De oncosten, die de Comp.e<lb/> van tijt tot tijt aenleyt tottet voortzetten van ’t Christendom, vallen jaerlijx groot<lb/> ende de vruchten, die daer tot noch toe door sijn gewonnen, daertegen van soo<lb/> kleynen consideratie, dat het te beclagen sij ende waerom wel nodig ware, dat<lb/> een ander middel conde werden uytgevonden om het godtvruchtigh oogwit van<lb/> de Comp.e door te bereyken.<lb/></p><note xml:id="INT_3d8ec690-38e9-340a-ad00-3e9e12f5eda3.TEI.1.text.1.body.1.div.1.note.4" xml:lang="nl" place="inline" type="editorial-summary" resp="editor" rend="font-style: italic; line-height: 11.7pt; text-indent: 23.0pt; text-align: justify; font-size: 9.5" xmlns="http://www.tei-c.org/ns/1.0">(Verwachting van voor de wereldconsumptie voldoende nageloogsten van Amboina<lb/> ).<lb/></note><p xml:id="INT_3d8ec690-38e9-340a-ad00-3e9e12f5eda3.TEI.1.text.1.body.1.div.1.p.6" xml:lang="nl" rend="font-size: 10; text-align: justify; line-height: 11.7pt; text-indent: 23.0pt" xmlns="http://www.tei-c.org/ns/1.0">In ’t midden <hi rend="font-size:10; font-family:Liberation Serif; vertical-align:super" xml:lang="nl">!)</hi> meent men, dat groote schatten sijn schuylende, maer daer<lb/> sijn de menschen wilt en te brutael om met te handelen. Wat aengaet de mineralen,<lb/> swavel etc.a, die hier ende daer waren gevonden, daervan sullen U Ed.e uyt onse<lb/> vorige verstaen, dat de gegeven hope meest tot niet sij gelopen.<lb/></p><note xml:id="INT_3d8ec690-38e9-340a-ad00-3e9e12f5eda3.TEI.1.text.1.body.1.div.1.note.5" xml:lang="nl" place="inline" type="editorial-summary" resp="editor" rend="font-style: italic; line-height: 12.0pt; text-indent: 23.0pt; text-align: justify; font-size: 9.5" xmlns="http://www.tei-c.org/ns/1.0">(In Menado blijft 16 man in garnizoen; Vincent Velte(r) is wegens dienstnemen<lb/> bij de Engelsen voor de Raad van Justitie gedaagd).<lb/></note><p xml:id="INT_3d8ec690-38e9-340a-ad00-3e9e12f5eda3.TEI.1.text.1.body.1.div.1.p.7" xml:lang="nl" rend="font-size: 10; text-align: justify; line-height: 11.7pt; text-indent: 23.0pt" xmlns="http://www.tei-c.org/ns/1.0">Wij en connen met U Ed.° niet anders sien, dan dat Comp.8 saken aldaer <hi rend="font-size:10; font-family:Liberation Serif; vertical-align:super" xml:lang="nl">1 2)</hi> wel<lb/> sijn staende, maer sullen om haer in dat humeur te contenanceren jaerlijx een<lb/> smakelijke schenkagie moeten hebben, doch hetselve en sal de Comp.e soo lastig<lb/> niet vallen dan met haer in rupture te comen ende overhoop te geraken.<lb/></p><p xml:id="INT_3d8ec690-38e9-340a-ad00-3e9e12f5eda3.TEI.1.text.1.body.1.div.1.p.8" xml:lang="nl" rend="font-size: 10; text-align: justify; line-height: 11.7pt; text-indent: 23.0pt" xmlns="http://www.tei-c.org/ns/1.0">Wij sullen sooveel doenelijk sorge dragen, dat tot Macassar geen quade schulden<lb/> meer en werden gemaekt, maer de waren van de Comp.e op dagh te vercopen<lb/> ende de obligatiën, daervan gemaect, met een kleyn verlies aen andere te transporteren,<lb/> gelijk U Ed.e schrijven, dat de Engelsen in Europa veel doen, en geloven<lb/> wij niet, dat aldaer ofte ergens hieromtrent sal practicabel wesen.<lb/></p><p xml:id="INT_3d8ec690-38e9-340a-ad00-3e9e12f5eda3.TEI.1.text.1.body.1.div.1.p.9" resp="int_paragraph_joining" rend="">
              Doordien de Mooren van tijt tot tijt sooveel allerhande slagh lijnwaten tot<lb xmlns="http://www.tei-c.org/ns/1.0"/> Malacca aenbrengen, neemt de vaert der Javanen ende andere omleggende volken<lb xmlns="http://www.tei-c.org/ns/1.0"/><note xml:id="INT_3d8ec690-38e9-340a-ad00-3e9e12f5eda3.TEI.1.text.1.body.1.div.1.p.9.note.1" xml:lang="nl" rend="font-size: 8.5; text-align: justify; line-height: 9.4pt; margin-left: 2400" xmlns="http://www.tei-c.org/ns/1.0">1) Van Bomeo.<lb/></note><note xml:id="INT_3d8ec690-38e9-340a-ad00-3e9e12f5eda3.TEI.1.text.1.body.1.div.1.p.9.note.2" xml:lang="nl" rend="font-size: 8.5; text-align: justify; line-height: 9.4pt; margin-left: 2400" xmlns="http://www.tei-c.org/ns/1.0">2) Te Makassar.<lb/></note><pb xml:id="INT_3d8ec690-38e9-340a-ad00-3e9e12f5eda3.TEI.1.text.1.body.1.div.1.p.9.pb.1" n="476" facs="http://resources.huygens.knaw.nl/retroapp/service_generalemissiven/gm_03/images/gm_3_125_0476.tif"/><fw xml:id="INT_3d8ec690-38e9-340a-ad00-3e9e12f5eda3.TEI.1.text.1.body.1.div.1.p.9.fw.1" place="top" type="page-number" facs="#zone.5262918" xmlns="http://www.tei-c.org/ns/1.0">476</fw><fw xml:id="INT_3d8ec690-38e9-340a-ad00-3e9e12f5eda3.TEI.1.text.1.body.1.div.1.p.9.fw.2" place="top" type="head" facs="#zone.5262922" xmlns="http://www.tei-c.org/ns/1.0">Maetsuyker, Hartsinck, Verburch, Pit, Overtwater, enz. XXXIII, 30 januari 1665</fw>daer merckelijk toe ende hetwelk noch meer soude geschieden, ingevalle deselve<lb xmlns="http://www.tei-c.org/ns/1.0"/> Moren belet conde worden de vaert op Queda, Perah, Oedjang Salang ende andere<lb xmlns="http://www.tei-c.org/ns/1.0"/> plaetsen, maer dewijl wij daer tot noch toe het beste recht niet schijnen toe te<lb xmlns="http://www.tei-c.org/ns/1.0"/> hebben ende dat hetselve ook wellicht onlusten tegen de Comp.® soude veroorsaken<lb xmlns="http://www.tei-c.org/ns/1.0"/> in de landen ende rijken, daer deselve negotianten sijn thuyshoorende, soo<lb xmlns="http://www.tei-c.org/ns/1.0"/> sullen wij daerin achtervolgen de ordre, bij U Ed.e gegeven bij de missiven van<lb xmlns="http://www.tei-c.org/ns/1.0"/> 24 augusto 1663 ende nu de Comp® weder tot Indragiry residentie heeft <hi rend="font-size:10; font-family:Liberation Serif; vertical-align:super" xml:lang="nl" xmlns="http://www.tei-c.org/ns/1.0">!),</hi> verhopen<lb xmlns="http://www.tei-c.org/ns/1.0"/> wij, dat se daerdoor voortaen ten principale sal connen meester worden<lb xmlns="http://www.tei-c.org/ns/1.0"/> van ’t gout, daer vallende. De ... . Jasques ende de Ganges hadden uyt de besettinge<lb xmlns="http://www.tei-c.org/ns/1.0"/> van Perah noch 149 baren tin aengebragt.<lb xmlns="http://www.tei-c.org/ns/1.0"/>
            </p><note xml:id="INT_3d8ec690-38e9-340a-ad00-3e9e12f5eda3.TEI.1.text.1.body.1.div.1.note.6" xml:lang="nl" place="inline" type="editorial-summary" resp="editor" rend="font-style: italic; line-height: 11.4pt; text-indent: 22.0pt; text-align: justify; font-size: 9" xmlns="http://www.tei-c.org/ns/1.0">(Te Malakka zullen op last van Heren <hi rend="font-size:9; font-family:Liberation Serif; font-style:italic; letter-spacing:1.0pt" xml:lang="nl">XVII</hi> de oude muren en bolwerken in<lb/> wezen worden gelaten).<lb/></note><p xml:id="INT_3d8ec690-38e9-340a-ad00-3e9e12f5eda3.TEI.1.text.1.body.1.div.1.p.10" xml:lang="nl" rend="font-size: 10; text-align: justify; line-height: 11.7pt; text-indent: 22.0pt" xmlns="http://www.tei-c.org/ns/1.0">De Sultan <hi rend="font-size:10; font-family:Liberation Serif; vertical-align:super" xml:lang="nl">2),</hi> schrijft sijn e.3), dat een goet man zij ende die het wel meent,<lb/> maer bemoeyt hem weynig mette regeringe, hebbende die al over enige jaren ten<lb/> principalen overgegeven aen sijn jonger broeder, die van soo goeden naturel niet<lb/> en schijnt te wesen, soodat wij daer met twee heeren te doen sullen hebben, hetwelk<lb/> al wat lastig vallen sal, te meer omdattet cale vogels zijn, die altijt met open<lb/> handen staen om wat te ontfangen.<lb/></p><p xml:id="INT_3d8ec690-38e9-340a-ad00-3e9e12f5eda3.TEI.1.text.1.body.1.div.1.p.11" xml:lang="nl" rend="font-size: 10; text-align: justify; line-height: 11.7pt; text-indent: 22.0pt" xmlns="http://www.tei-c.org/ns/1.0">Na ’t vertrek van de voorsz. Jonge Prins <hi rend="font-size:10; font-family:Liberation Serif; vertical-align:super" xml:lang="nl">4 5)</hi> waren daer niet min dan 20 meest<lb/> Javaense vaertuygen van diverse plaetsen aengelant, waerdoor goede trek in de<lb/> lijnwaten was, maer en was van de gewiltste sorteringen niet voorsien. Om den<lb/> peper tot Jamby ten principale in onse ge welt te krijgen ende de Engelsen te ontsetten<lb/> <hi rend="font-size:10; font-family:Liberation Serif; vertical-align:super" xml:lang="nl">6)</hi> sal ten hoogste nodig sijn, dat het comptoir daer voortaen gestadig wel<lb/> geprovideert werde gehouden, soo van allerhande slag kleeden ende lijnwaten<lb/> als van contanten, daer wij onse best toe sullen doen, mitsgaders voort onse gedachten<lb/> besig houden met te practiseren, op hoedanigen wijse ende door wat geoorlofde<lb/> middelen wij de peper soo daer als tot Bantam ende andere plaetsen de<lb/> Engelsen sullen ondercoopen ofte haer die soo dier doen costen, dat se daer kleyn<lb/> voordeel op sullen doen.<lb/></p><note xml:id="INT_3d8ec690-38e9-340a-ad00-3e9e12f5eda3.TEI.1.text.1.body.1.div.1.note.7" xml:lang="nl" place="inline" type="editorial-summary" resp="editor" rend="font-style: italic; line-height: 11.7pt; text-indent: 22.0pt; text-align: justify; font-size: 9" xmlns="http://www.tei-c.org/ns/1.0">(Voor Martapura een wachtschip te plaatsen wegens het wegsmokkelen van peper;<lb/> de eerste jaren zullen ter Westkust vier jachten moeten zijn om de bevolking tegen de<lb/> Atjehers te steunen; voor 1665 500 pond goud van daar verwacht; er blijft personeel te<lb/> Tiku, Priaman, Padang en Pulau Tjinko, waar 30 man bezetting komt; Atjeh lijdt<lb/> grote schade door het verliezen van de handel in goud en weefsels ter W estkust ) .<lb/></note><p xml:id="INT_3d8ec690-38e9-340a-ad00-3e9e12f5eda3.TEI.1.text.1.body.1.div.1.p.12" resp="int_paragraph_joining" rend="">
              Porceleynen hebben wij uyt U Ed.® . . . . schrijven mitsgaders dc bevindinge<lb xmlns="http://www.tei-c.org/ns/1.0"/> der coopmanschappen gesien, dat jongst in ’t vader l.1 weynig gegolden hebben.<lb xmlns="http://www.tei-c.org/ns/1.0"/><note xml:id="INT_3d8ec690-38e9-340a-ad00-3e9e12f5eda3.TEI.1.text.1.body.1.div.1.p.12.note.1" xml:lang="nl" rend="font-size: 8; text-align: justify; line-height: 8.9pt; margin-left: 2200" xmlns="http://www.tei-c.org/ns/1.0">1) Contract van 28 okt. 1664, vgl. <hi rend="font-size:8; font-family:Liberation Serif; font-style:italic" xml:lang="nl">Corpus</hi> II, nr. CCXC.<lb/></note><note xml:id="INT_3d8ec690-38e9-340a-ad00-3e9e12f5eda3.TEI.1.text.1.body.1.div.1.p.12.note.2" xml:lang="nl" rend="font-size: 8; text-align: justify; line-height: 9.6pt; margin-left: 2200" xmlns="http://www.tei-c.org/ns/1.0">2) Van Indragiri.<lb/></note><note xml:id="INT_3d8ec690-38e9-340a-ad00-3e9e12f5eda3.TEI.1.text.1.body.1.div.1.p.12.note.3" xml:lang="nl" rend="font-size: 8; text-align: justify; line-height: 9.6pt; margin-left: 2200" xmlns="http://www.tei-c.org/ns/1.0">3 ) NI . J oan van Wesenhagen .<lb/></note><note xml:id="INT_3d8ec690-38e9-340a-ad00-3e9e12f5eda3.TEI.1.text.1.body.1.div.1.p.12.note.4" xml:lang="nl" rend="font-size: 8; text-align: justify; line-height: 9.6pt; margin-left: 2200" xmlns="http://www.tei-c.org/ns/1.0">4) Scheepsnaam.<lb/></note><note xml:id="INT_3d8ec690-38e9-340a-ad00-3e9e12f5eda3.TEI.1.text.1.body.1.div.1.p.12.note.5" xml:lang="nl" rend="font-size: 8; text-align: justify; line-height: 9.6pt; margin-left: 2200" xmlns="http://www.tei-c.org/ns/1.0">5) Ontsetten, hier meer in de zin van voorkomen dan van beroven.<lb/></note><pb xml:id="INT_3d8ec690-38e9-340a-ad00-3e9e12f5eda3.TEI.1.text.1.body.1.div.1.p.12.pb.1" n="477" facs="http://resources.huygens.knaw.nl/retroapp/service_generalemissiven/gm_03/images/gm_3_125_0477.tif"/><fw xml:id="INT_3d8ec690-38e9-340a-ad00-3e9e12f5eda3.TEI.1.text.1.body.1.div.1.p.12.fw.1" place="top" type="head" facs="#zone.5265419" xmlns="http://www.tei-c.org/ns/1.0">Maetsuyker, Hartsinck, Vorburch, Pit, Overtwater, enz. XXXIII, 30 januari 1665</fw><fw xml:id="INT_3d8ec690-38e9-340a-ad00-3e9e12f5eda3.TEI.1.text.1.body.1.div.1.p.12.fw.2" place="top" type="page-number" facs="#zone.5265432" xmlns="http://www.tei-c.org/ns/1.0">477</fw>Die nu overgaen, vreesen wij, dat almede geen groot voordeel sullen geven, sijnde<lb xmlns="http://www.tei-c.org/ns/1.0"/> te dier gecontracteert. In toecomende sullen wij achtervolgens U Ed.e ordre de<lb xmlns="http://www.tei-c.org/ns/1.0"/> incoop matigen ende sorge dragen, dat se civiler mogen comen te staen, alsmede<lb xmlns="http://www.tei-c.org/ns/1.0"/> dat op de paccagie beter werde gelet.<lb xmlns="http://www.tei-c.org/ns/1.0"/>
            </p><p xml:id="INT_3d8ec690-38e9-340a-ad00-3e9e12f5eda3.TEI.1.text.1.body.1.div.1.p.13" xml:lang="nl" rend="font-size: 10; text-align: justify; line-height: 11.7pt; text-indent: 22.0pt" xmlns="http://www.tei-c.org/ns/1.0">Sijne ho.1) voor eenen groten schraper wert gehouden ende die genegen is op<lb/> sulken wijse te negotiëren, als hebbende door sijn factoor d’inlantse coopluyden<lb/> tot Cassimabasar ruym voor halve betalinge afgedwongen 100 balen sitterany,<lb/> een soorte van sijde, in de bovenquartieren wel getrocken ende of wel de voorsz.<lb/> coopluyden selfs aen den nabab klagtig sijn gevallen, soo heeft des niet alleen geen<lb/> verlichtinge gegeven, maer veroorsaect een nader bevel van noch andere 100<lb/> balen te moeten leveren, wanneer ’t een en ’t ander soude werden betaelt, dat voor<lb/> deselve niet buyten bedenken en vreese is, dattet daerbij niet blijven sal. De speculatiën,<lb/> die sijne ho. heeft gehadt om sich uyt de munt te proffiteren, schijnen<lb/> nu weder t’eenemael verdwenen, alsoo wij deselve als voorhenen onbecommert<lb/> mogen gebruyken, dat ook te geruster sal continueren, vermits hij eyndeling noch<lb/> Ragiemahol heeft verlaten en naer Decca vertrocken is, als sijnde d’ordinarie<lb/> hooftresidentie van de Bengaelse Vicereys ende meteenen frontier van ’t rijk van<lb/> Arracan, twelk gem. sijne hoogh.1 tegens ’t aenstaende goede saysoen, wesende<lb/> van october tot february, met ernst dreygt te willen bestoken.<lb/></p><note xml:id="INT_3d8ec690-38e9-340a-ad00-3e9e12f5eda3.TEI.1.text.1.body.1.div.1.note.8" xml:lang="nl" place="inline" type="editorial-summary" resp="editor" rend="font-style: italic; line-height: 10.0pt; text-indent: 22.0pt; text-align: justify; font-size: 9" xmlns="http://www.tei-c.org/ns/1.0">( Daarvoor heeft hij hulp aan de Compagnie gevraagd <hi rend="font-size:9; font-family:Liberation Serif" xml:lang="nl">) .</hi><lb/></note><p xml:id="INT_3d8ec690-38e9-340a-ad00-3e9e12f5eda3.TEI.1.text.1.body.1.div.1.p.14" xml:lang="nl" rend="font-size: 10; text-align: justify; line-height: 11.7pt; text-indent: 22.0pt" xmlns="http://www.tei-c.org/ns/1.0">Kencka <hi rend="font-size:10; font-family:Liberation Serif; vertical-align:super" xml:lang="nl">2),</hi> niet verre van Bellesor gelegen ende waervan U E.e gelieven te vermanen,<lb/> is inderdaet een lantschap seer abondant van rijs ende alwaer ook meest<lb/> alle Moorse schepen, daeromtrent thuyshorende, voor Seylon, Achin, Maldives<lb/> etc.a hunne ladinge gaen vinden, maer met wasch off boter ende insonderheyt<lb/> met kleeden hebben wij alsnoch niet connen bemerken, dattet aldaer veel soude<lb/> beschieten : ’t climaet is uytmuntent ongesont ende de natie wantrouw en moeyelijk<lb/> om mede te verkeeren, staende onder een aparten ragie, die wel tributaris,<lb/> maer niet seer obedient en is aen den Mogol, gelijk ons de residentie van de Cornp.®<lb/> aldaer geleert en tot schade bewesen heeft, dat de gelden wel op leveringe van rijs<lb/> uytgestelt, maer beswaerlijk weder geïnt connen worden, waeruyt U Ed.e dan de<lb/> quade aenleydingen tot een permanente residentie connen begrijpen.<lb/></p><note xml:id="INT_3d8ec690-38e9-340a-ad00-3e9e12f5eda3.TEI.1.text.1.body.1.div.1.note.9" xml:lang="nl" place="inline" type="editorial-summary" resp="editor" rend="font-style: italic; line-height: 12.0pt; text-indent: 22.0pt; text-align: justify; font-size: 9" xmlns="http://www.tei-c.org/ns/1.0">(Winsten op diverse textielsoorten uit Bengalen ; knoeierijen van Aggesz. en<lb/> Kelk).<lb/></note><p xml:id="INT_3d8ec690-38e9-340a-ad00-3e9e12f5eda3.TEI.1.text.1.body.1.div.1.p.15" xml:lang="nl" rend="font-size: 10; text-align: justify; line-height: 11.7pt" xmlns="http://www.tei-c.org/ns/1.0"><hi rend="font-size:10; font-family:Liberation Serif; letter-spacing:5.0pt" xml:lang="nl">....</hi> sullende bij ons soo veel mogelijk acht gegeven en gelet worden op U Ed.e.<lb/> precise ordre van geen getroude Nederlanders op de comptoiren van negotie,<lb/> alwaer de Comp.e geen jurisdictie heeft, te laten resideren. Edogh het is somwijlen<lb/> soo gelegen, dat wij geen ongetrouwde personen van genoegsame suffisant-ie en<lb/> bequaemheyt ende op dewelke wij ons rusten mogen, uytvinden connen.<lb/></p><note xml:id="INT_3d8ec690-38e9-340a-ad00-3e9e12f5eda3.TEI.1.text.1.body.1.div.1.note.10" xml:lang="nl" rend="font-size: 8; text-align: justify; line-height: 9.9pt; margin-left: 2300" xmlns="http://www.tei-c.org/ns/1.0">1) De nawab van Bengalen.<lb/></note><note xml:id="INT_3d8ec690-38e9-340a-ad00-3e9e12f5eda3.TEI.1.text.1.body.1.div.1.note.11" xml:lang="nl" rend="font-size: 8; line-height: 9.9pt; text-indent: 22.0pt" xmlns="http://www.tei-c.org/ns/1.0">2) Kencka, vermoedelijk is bedoeld Kaukhali of Cowcolly, een dorp aan do kust van<lb/> Orissa op ruim 87° O.L.<lb/></note><pb xml:id="INT_3d8ec690-38e9-340a-ad00-3e9e12f5eda3.TEI.1.text.1.body.1.div.1.pb.2" n="478" facs="http://resources.huygens.knaw.nl/retroapp/service_generalemissiven/gm_03/images/gm_3_125_0478.tif"/><fw xml:id="INT_3d8ec690-38e9-340a-ad00-3e9e12f5eda3.TEI.1.text.1.body.1.div.1.fw.3" place="top" type="head" xml:lang="nl" rend="text-align:right; line-height:11.1pt" facs="#zone.5268301" xmlns="http://www.tei-c.org/ns/1.0">478 Maetsuyker, Hartsinck, Verburch, Pit, Overtwater, enz. XXXIII, 30 januari 1665</fw><p xml:id="INT_3d8ec690-38e9-340a-ad00-3e9e12f5eda3.TEI.1.text.1.body.1.div.1.p.16" xml:lang="nl" rend="font-size: 10; text-align: justify; line-height: 11.7pt; text-indent: 22.0pt" xmlns="http://www.tei-c.org/ns/1.0">Wij en laten niet na tegen den particulieren handel alle middelen te gebruyken,<lb/> die in onse vermogen sijn, maer desel vige geheelijk voor te comen schijnt<lb/> onmogelijk te wesen om de menigvuldige gelegentheden, die daertoe sijn ende dat<lb/> de meeste dienaren daer geen sonde van en maken, alhoewel se geschiet tegen eer<lb/> en eedt ende tot soo merkelijken nadeel ende infractie van Comp.8 costelijk octroy,<lb/> dat sij met goet en bloet gehouden sijn te mainteneren en voor te staen.<lb/></p><note xml:id="INT_3d8ec690-38e9-340a-ad00-3e9e12f5eda3.TEI.1.text.1.body.1.div.1.note.12" xml:lang="nl" place="inline" type="editorial-summary" resp="editor" rend="font-style: italic; line-height: 11.7pt; text-indent: 22.0pt; text-align: justify; font-size: 9.5" xmlns="http://www.tei-c.org/ns/1.0">(De klachten van Hustaert over Van Goens zijn ingetrokken; het is moeilijk<lb/> m&amp;nopoliecontracten voor de wilde kaneel in de vele staatjes van Malabar te verkrijgen;<lb/> te Twticorin zullen parels worden opgekocht; de fortificatie van Negombo zal worden<lb/> verbeterd).<lb/></note><p xml:id="INT_3d8ec690-38e9-340a-ad00-3e9e12f5eda3.TEI.1.text.1.body.1.div.1.p.17" xml:lang="nl" rend="font-size: 10; text-align: justify; line-height: 11.7pt; text-indent: 22.0pt" xmlns="http://www.tei-c.org/ns/1.0">Het Christendom in ’t district van Jaffenepatnam is groot; hetselve overal<lb/> door predicanten te laten bedienen souw niet aen te halen <hi rend="font-size:10; font-family:Liberation Serif; vertical-align:super" xml:lang="nl">!)</hi> sijn, maer moet door<lb/> bequame schoolmeesters geschieden onder opsicht van predicanten, die gestadig<lb/> beurt om beurt door het lant sullen moeten reysen om de scholen en de kerken te<lb/> visiteren, de sacramenten te administreren ende alles in goede ordre te houden,<lb/> hetwelk bequamelijk door 2 ofte 3, als se wat neerstig willen wesen, can geschieden.<lb/><hi rend="font-size:8; font-family:Liberation Serif" xml:lang="nl">Fol. 638r.</hi><lb/></p><note xml:id="INT_3d8ec690-38e9-340a-ad00-3e9e12f5eda3.TEI.1.text.1.body.1.div.1.note.13" xml:lang="nl" place="inline" type="editorial-summary" resp="editor" rend="font-style: italic; line-height: 10.5pt; text-indent: 22.0pt; text-align: justify; font-size: 9.5" xmlns="http://www.tei-c.org/ns/1.0">( Er is op Ceylon weing arbeidzaam volk ) .<lb/></note><p xml:id="INT_3d8ec690-38e9-340a-ad00-3e9e12f5eda3.TEI.1.text.1.body.1.div.1.p.18" xml:lang="nl" rend="font-size: 10; text-align: justify; line-height: 11.7pt; text-indent: 22.0pt" xmlns="http://www.tei-c.org/ns/1.0">Het incopen van Moorse schepen ende deselve met weynigh Nederlanders ende<lb/> voort inlantse bootsgesellen te mannen om daermede aen te slepen de behoeften<lb/> ende nootwendigheden voor het gemelte eylant1 <hi rend="font-size:10; font-family:Liberation Serif; vertical-align:super" xml:lang="nl">2)</hi> meenen wij, dat voor de Comp.e<lb/> niet dienstig en sal zijn dan bij tijt van noot en dat daertoe geen eygen schepen<lb/> en hebben, omdat de ervarentheyt leert, dat de Moorse bodems swacke gebouwen<lb/> zijn, die weynig tijt varen connen ende dat de inlantse bootsgesellen bij tijde van<lb/> zeenoot of ontmoeting van vijanden niet te vertrouwen en zijn, waerdoor de Comp.e<lb/> altemet groote slagen soude connen krijgen.<lb/></p><note xml:id="INT_3d8ec690-38e9-340a-ad00-3e9e12f5eda3.TEI.1.text.1.body.1.div.1.note.14" xml:lang="nl" place="inline" type="editorial-summary" resp="editor" rend="font-size: 9.5; font-style: italic; text-align: right; line-height: 10.5pt" xmlns="http://www.tei-c.org/ns/1.0">(Hoop op goede resultaten van de nieuw begonnen weverijen te Jafnapatam).<lb/></note><p xml:id="INT_3d8ec690-38e9-340a-ad00-3e9e12f5eda3.TEI.1.text.1.body.1.div.1.p.19" xml:lang="nl" rend="font-size: 10; text-align: justify; line-height: 11.7pt; text-indent: 22.0pt" xmlns="http://www.tei-c.org/ns/1.0">Cananor blijft volgens U Ed.e intentie met guamisoen beset. Op Paliport <hi rend="font-size:10; font-family:Liberation Serif; vertical-align:super" xml:lang="nl">3)</hi><lb/>sal een vaste redout opgeslagen worden om met 20 man beset te worden ende te<lb/> dienen om de mont van de Cranganorse rivier te bewaken ende het uyt- ende invoeren<lb/> van ongelicentieerde coopmanschappen te beletten, dat vooral nodig is.<lb/> Totte verkleyninge van Cochin hebben wij d’e. Van Goens ordre gegeven, doch<lb/> daerin veel gelaten aen sijn e. nader overlegh, nae dat de saken bevonden sullen<lb/> zijn ende is tot dien eynde derwaerts gegaen een goet ingenieur om te min misslagen<lb/> te begaen, sijnde het concept, dat de fortresse gemaekt sal worden om bij vredige<lb/> tijden met 250 man bequaem beset te connen worden ende bij swarigheyt ofte<lb/> oorlog 500 man te connen logeren.<lb/></p><note xml:id="INT_3d8ec690-38e9-340a-ad00-3e9e12f5eda3.TEI.1.text.1.body.1.div.1.note.15" xml:lang="nl" rend="font-size: 8; text-align: justify; line-height: 8.9pt; margin-left: 2200" xmlns="http://www.tei-c.org/ns/1.0">1) Souw niet aen te halen sijn, er zou geen beginnen aan zijn.<lb/></note><note xml:id="INT_3d8ec690-38e9-340a-ad00-3e9e12f5eda3.TEI.1.text.1.body.1.div.1.note.16" xml:lang="nl" rend="font-size: 8; text-align: justify; line-height: 9.6pt; margin-left: 2100" xmlns="http://www.tei-c.org/ns/1.0">2) NI. Ceylon.<lb/></note><note xml:id="INT_3d8ec690-38e9-340a-ad00-3e9e12f5eda3.TEI.1.text.1.body.1.div.1.note.17" xml:lang="nl" rend="font-size: 8; text-align: justify; line-height: 9.6pt; margin-left: 2100" xmlns="http://www.tei-c.org/ns/1.0">3) Paliport, havenplaats ter kust van Malabar op 10°12' N.B.<lb/></note><pb xml:id="INT_3d8ec690-38e9-340a-ad00-3e9e12f5eda3.TEI.1.text.1.body.1.div.1.pb.3" n="479" facs="http://resources.huygens.knaw.nl/retroapp/service_generalemissiven/gm_03/images/gm_3_125_0479.tif"/><fw xml:id="INT_3d8ec690-38e9-340a-ad00-3e9e12f5eda3.TEI.1.text.1.body.1.div.1.fw.4" place="top" type="head" xml:lang="nl" rend="text-align:justify; line-height:11.1pt" facs="#zone.5271085" xmlns="http://www.tei-c.org/ns/1.0">Maetsuyker, Hartsinck, Verburch, Pit, Overtwater, enz. XXXIII, 30 januari 1665 479</fw><p xml:id="INT_3d8ec690-38e9-340a-ad00-3e9e12f5eda3.TEI.1.text.1.body.1.div.1.p.20" xml:lang="nl" rend="font-size: 10; text-align: justify; line-height: 11.7pt; text-indent: 21.0pt" xmlns="http://www.tei-c.org/ns/1.0">Off niet dienstig en soude zijn de cust van Mallabar tot een gouvernement<lb/> apart van Seylon gesepareert te erigeren is considerabel, maer meenen evenwel,<lb/> dat daer vooreerst noch wel met sal mogen worden gewacht, totdat de tijt sal<lb/> hebben geleert, wat ploy de saken aldaer sullen hebben genomen, te meer omdat<lb/> wij van de wackerheyt van d’h.r Van Goens voorat, verwachten, dat hij beyde<lb/> plaetsen ondertusschen wel waernemen sal.<lb/></p><note xml:id="INT_3d8ec690-38e9-340a-ad00-3e9e12f5eda3.TEI.1.text.1.body.1.div.1.note.18" xml:lang="nl" place="inline" type="editorial-summary" resp="editor" rend="font-style: italic; line-height: 12.0pt; text-indent: 21.0pt; text-align: justify; font-size: 10" xmlns="http://www.tei-c.org/ns/1.0">(Het vertrek van de vloot van Bort en de Tataren was op 24 dec., niet op 24 od.,<lb/> vgl. <hi rend="font-size:10; font-family:Liberation Serif" xml:lang="nl">Daghregisters</hi> 1665 <hi rend="font-size:10; font-family:Liberation Serif" xml:lang="nl">,</hi> p. 17 r. 18 v.o.)<lb/></note><p xml:id="INT_3d8ec690-38e9-340a-ad00-3e9e12f5eda3.TEI.1.text.1.body.1.div.1.p.21" resp="int_paragraph_joining" rend="">
              Nadat de Tartaren, na hare wijse veele heydense offerhanden gedaen, hun<lb xmlns="http://www.tei-c.org/ns/1.0"/> oorlogsbanieren laten segenen, Bacchusf eesten gehouden <hi rend="font-size:10; font-family:Liberation Serif; vertical-align:super" xml:lang="nl" xmlns="http://www.tei-c.org/ns/1.0">l)</hi> en dagelijks comediën<lb xmlns="http://www.tei-c.org/ns/1.0"/> doen spelen hadden, eyntelijk voortgangh genomen heeft, zulx sij den voorsz.<lb xmlns="http://www.tei-c.org/ns/1.0"/> dage <hi rend="font-size:10; font-family:Liberation Serif; vertical-align:super" xml:lang="nl" xmlns="http://www.tei-c.org/ns/1.0">2)</hi> met hun geheele armade, die bestont in omtrent 300 seylen, doch daeronder<lb xmlns="http://www.tei-c.org/ns/1.0"/> maer 100 weerbare jonken, dewelke, soo sij voorgaven, wel met 50 duysent<lb xmlns="http://www.tei-c.org/ns/1.0"/> menschen waren bevolkt en versien, van Quemuy onder seyl gingen en in zee<lb xmlns="http://www.tei-c.org/ns/1.0"/> staken, gelijk de commandr. Bort met de vlote, die in 8 schepen bestont, ook alsoo<lb xmlns="http://www.tei-c.org/ns/1.0"/> dede, onaengesien sijn e. tevoren niet gewaerschout was, dat se van meyninge<lb xmlns="http://www.tei-c.org/ns/1.0"/> waren onder zeyl te gaen. Op onse schepen waren 207 hunner soldaten met 40<lb xmlns="http://www.tei-c.org/ns/1.0"/> ruyterpaerden verdeelt, dat apparent sal gedaen wesen om ons geen misvertrouwen<lb xmlns="http://www.tei-c.org/ns/1.0"/> te geven ende nadien dese grote en machtige armade na sooveel semmelens eens<lb xmlns="http://www.tei-c.org/ns/1.0"/> op de reys ende aen den gank was geraekt en warender geen de minste gedachten,<lb xmlns="http://www.tei-c.org/ns/1.0"/> de Tartaren oyt erselen of daervan terugge treden zouden, dat echter buyten enige<lb xmlns="http://www.tei-c.org/ns/1.0"/> verwachtinge contrarie uytgevallen sij, want in de voornacht de wint wat opcoelende<lb xmlns="http://www.tei-c.org/ns/1.0"/> ende onse als hare vlote niet boven 4 <hi rend="font-size:10; font-family:Liberation Serif; font-style:italic" xml:lang="nl" xmlns="http://www.tei-c.org/ns/1.0">k 5</hi> mijlen van de wal wesende, deed den<lb xmlns="http://www.tei-c.org/ns/1.0"/> Tartarisen admirael Sitetok drie canonschoten uyt sijn jonk ende vernamen de<lb xmlns="http://www.tei-c.org/ns/1.0"/> onse corts daeraen, dat het geheele Tartarise armade weder na de wal was wendende.<lb xmlns="http://www.tei-c.org/ns/1.0"/> De onse, niet wetende, wat sulx beduyden mogte, nadien het gantsch geen<lb xmlns="http://www.tei-c.org/ns/1.0"/> quaet noch onstuymig maer seer goet weer om te varen was, stonden hierinne al<lb xmlns="http://www.tei-c.org/ns/1.0"/> vrij verstelt ende vont de commandr. hem in dese gelegentheyt genootsaect mede<lb xmlns="http://www.tei-c.org/ns/1.0"/> wederom te keeren, daertoe het beraemde seyn voor de schepen van de vlote wiert<lb xmlns="http://www.tei-c.org/ns/1.0"/> gedaen, doch hetselve en is apparent door sommige niet gesien geweest, nadien<lb xmlns="http://www.tei-c.org/ns/1.0"/> den vice-commandr. Bartholomeus Verwey <hi rend="font-size:10; font-family:Liberation Serif; vertical-align:super" xml:lang="nl" xmlns="http://www.tei-c.org/ns/1.0">3)</hi> mette schepen Caneelboom, Vlaerdinge,<lb xmlns="http://www.tei-c.org/ns/1.0"/> Nieuwendam ende Terboede van de vloot afgeraect sij, sulx de commandeur<lb xmlns="http://www.tei-c.org/ns/1.0"/> Bort alleen mette vier andere schepen teruggegekeert ende den 27 december Erasmusbaey<lb xmlns="http://www.tei-c.org/ns/1.0"/> beseylt heeft, alwaer de Tartarise armade ook binnengelopen was. Onse<lb xmlns="http://www.tei-c.org/ns/1.0"/> voorsz. 4 gemiste schepen rneynde men voorseker, hun na de Piscadores hadden<lb xmlns="http://www.tei-c.org/ns/1.0"/> begeven, van waer desel ve voor Quemuy alle dage wierden verwacht. De gem.<lb xmlns="http://www.tei-c.org/ns/1.0"/> Tartaren en hebben schier geen reden weten voort te brengen, waeromme sij lieden<lb xmlns="http://www.tei-c.org/ns/1.0"/> de tocht na Tajoan dus schielijk hebben afgestemt en nagelaten, soudende gaeme<lb xmlns="http://www.tei-c.org/ns/1.0"/> tot een pretext willen nemen, dat sij enige schade op de reys souden geleden hebben,<lb xmlns="http://www.tei-c.org/ns/1.0"/> daer nochtans niet anders voorgevallen is, dan dat in ’t wederkeeren Willigenburgh<lb xmlns="http://www.tei-c.org/ns/1.0"/> een kleene ende de Jonker een groote jonk aen boort geraect zijn, daervan<lb xmlns="http://www.tei-c.org/ns/1.0"/> het volk om hun te bergen datelijk in genoemde jachten omtrent 168 man sterk<lb xmlns="http://www.tei-c.org/ns/1.0"/><note xml:id="INT_3d8ec690-38e9-340a-ad00-3e9e12f5eda3.TEI.1.text.1.body.1.div.1.p.21.note.1" xml:lang="nl" rend="font-size: 8; text-align: justify; line-height: 8.9pt; margin-left: 2200" xmlns="http://www.tei-c.org/ns/1.0">1) Zoals te verwachten valt, had men geen begrip van de eredienst der Mandsjoes.<lb/></note><note xml:id="INT_3d8ec690-38e9-340a-ad00-3e9e12f5eda3.TEI.1.text.1.body.1.div.1.p.21.note.2" xml:lang="nl" rend="font-size: 8; text-align: justify; line-height: 9.6pt; margin-left: 2100" xmlns="http://www.tei-c.org/ns/1.0">2) 24 Dec. 1664.<lb/></note><note xml:id="INT_3d8ec690-38e9-340a-ad00-3e9e12f5eda3.TEI.1.text.1.body.1.div.1.p.21.note.3" xml:lang="nl" rend="font-size: 8; text-align: justify; line-height: 9.6pt; margin-left: 2100" xmlns="http://www.tei-c.org/ns/1.0">3) Bartholomeus Verwey ken ik verder niet.<lb/></note><pb xml:id="INT_3d8ec690-38e9-340a-ad00-3e9e12f5eda3.TEI.1.text.1.body.1.div.1.p.21.pb.1" n="480" facs="http://resources.huygens.knaw.nl/retroapp/service_generalemissiven/gm_03/images/gm_3_125_0480.tif"/><fw xml:id="INT_3d8ec690-38e9-340a-ad00-3e9e12f5eda3.TEI.1.text.1.body.1.div.1.p.21.fw.1" place="top" type="page-number" facs="#zone.5277794" xmlns="http://www.tei-c.org/ns/1.0">480</fw><fw xml:id="INT_3d8ec690-38e9-340a-ad00-3e9e12f5eda3.TEI.1.text.1.body.1.div.1.p.21.fw.2" place="top" type="head" facs="#zone.5277798" xmlns="http://www.tei-c.org/ns/1.0">Maetsuyker, Hartsinck, Verburch, Pit, Overtwater, enz. XXXIII, 30 januari 1665</fw>overquamen, latende hun jonken drijven, die evenwel naderhant weder wierden<lb xmlns="http://www.tei-c.org/ns/1.0"/> gevonden en noch souden se bovendien 5 a 6 champans quyt geworden zijn, een<lb xmlns="http://www.tei-c.org/ns/1.0"/> excuse, die immers al te blauw comt en in sulken importanten veranderingh van<lb xmlns="http://www.tei-c.org/ns/1.0"/> resolutie niet gelden can, des niet anders te geloven is, of sij lieden hebben met<lb xmlns="http://www.tei-c.org/ns/1.0"/> voorbedachten raet dit werk aldus bestelt ende gedirigeert en noch sijn se soo impudent,<lb xmlns="http://www.tei-c.org/ns/1.0"/> dat se ons villen wijsmaken de reys na Tajoan over 3 <hi rend="font-size:10; font-family:Liberation Serif; font-style:italic" xml:lang="nl" xmlns="http://www.tei-c.org/ns/1.0">k</hi> 4 maenden te hervatten,<lb xmlns="http://www.tei-c.org/ns/1.0"/> daer onse vloot na conde vertoeven, daer den admirael Tsitetok naderhant<lb xmlns="http://www.tei-c.org/ns/1.0"/> selver om gelacchen ende veel arrogante woorden t’onser verkleyninge uytgesproken,<lb xmlns="http://www.tei-c.org/ns/1.0"/> ook onder anderen het verlies van Tajoan vrij smadelijk verweten<lb xmlns="http://www.tei-c.org/ns/1.0"/> heeft, al teeckenen sijnde, dat sij hare rolle na hun appetijt met ons hebben uytgespeelt,<lb xmlns="http://www.tei-c.org/ns/1.0"/> mogende nu wel vaststellen, dat sij ons nae desen veel minder als tevoren<lb xmlns="http://www.tei-c.org/ns/1.0"/> sullen achten, alsoo onse hulp en bijstant niet meer van doen hebben en dat is<lb xmlns="http://www.tei-c.org/ns/1.0"/> hetgene, waervoor wij al lange hebben gevreest, een volk sijnde, dat vol bedrog<lb xmlns="http://www.tei-c.org/ns/1.0"/> en valsheyt steekt, daer men sich in ’t minste niet op betrouwen mag. Conden wij<lb xmlns="http://www.tei-c.org/ns/1.0"/> voor onsen gedanen dienst aen ’t rijk van China maer alleen den vrijen handel vercrijgen,<lb xmlns="http://www.tei-c.org/ns/1.0"/> soo ware alles noch wel te versetten en over te comen. De commertie in<lb xmlns="http://www.tei-c.org/ns/1.0"/> haer lant te drijven achten wij door de veelvuldige vexatiën bijna onmogelijk,<lb xmlns="http://www.tei-c.org/ns/1.0"/> sullende ons apparent in Hoksieu het soo moede maken, dat wij van selfs daeruyt<lb xmlns="http://www.tei-c.org/ns/1.0"/> sullen moeten scheyden, gelijk ons voor desen in Canton sulx ten quaetsten wedervaren<lb xmlns="http://www.tei-c.org/ns/1.0"/> is. De eenigste hope, die ons tot den handel noch schijnt overig te wesen, is,<lb xmlns="http://www.tei-c.org/ns/1.0"/> dat we volgens U Ed.® concept ende voorstellinge het daertoe moeten sien te<lb xmlns="http://www.tei-c.org/ns/1.0"/> brengen om den Chinesen handel volgens ouder gewoonte te trecken, daer de<lb xmlns="http://www.tei-c.org/ns/1.0"/> Comp.e selver meester is, waertoe de Tartaren bij onderling contract misschien<lb xmlns="http://www.tei-c.org/ns/1.0"/> beter als tot de frequentatie van haer lant ende havens sullen te disponeren zijn<lb xmlns="http://www.tei-c.org/ns/1.0"/> en, soo se ook daerna niet luysteren willen, soude het wel nodig wesen, met haer een<lb xmlns="http://www.tei-c.org/ns/1.0"/> ander register wiert getrocken.<lb xmlns="http://www.tei-c.org/ns/1.0"/>
            </p><note xml:id="INT_3d8ec690-38e9-340a-ad00-3e9e12f5eda3.TEI.1.text.1.body.1.div.1.note.19" xml:lang="nl" place="inline" type="editorial-summary" resp="editor" rend="font-style: italic; line-height: 11.7pt; text-indent: 22.0pt; text-align: justify; font-size: 10" xmlns="http://www.tei-c.org/ns/1.0">( De Onderkoning komt terug op een vordering, die hij uit de tijd van de hof reis<lb/> van 1654 zou hebben; niet valt aan te nemen, dal de Tataren Formosa aan de Compagnie<lb/> zouden teruggeven; de expedities naar de Chinese kust leverden weinig buit<lb/> op, . . . .)<lb/></note><p xml:id="INT_3d8ec690-38e9-340a-ad00-3e9e12f5eda3.TEI.1.text.1.body.1.div.1.p.22" xml:lang="nl" rend="font-size: 10; text-align: justify; line-height: 11.7pt" xmlns="http://www.tei-c.org/ns/1.0"><hi rend="font-size:10; font-family:Liberation Serif; letter-spacing:5.0pt" xml:lang="nl">....</hi> cunnende niet weynig gesuspecteert worden, dat sij selver met de Coxinders,<lb/> nu daer soo veele van die vijanden tot hun overgecomen zijn, in ’t stuk van<lb/> negotie één lijn trecken, dat, na het sich aensien laet, nochal meer toenemen en<lb/> erger worden sal, ongetwijffelt wel wetende, hoe sij in cas van handelinge met die<lb/> vijanden staen, cunnende licht, onder pretext dat de coopvaerdijejonken onder het<lb/> gebiet der Tartaren thuysgehoren, haer personnagie spelen, gelijk het al vrij bedenkelijk<lb/> is, dat sij ons jongst in ’t maken van de conditiën wegens het weder<lb/> winnen van Tajoan hebben doen beloven sekere twee jonken, die se uyt Japan in<lb/> Hoksieu waren verwachtende, geen moleste aen te doen, maer onverhindert te<lb/> laten varen, die apparent seer rijk geweest ende haer alleen niet toebehorende sijn.<lb/><hi rend="font-size:8; font-family:Liberation Serif" xml:lang="nl">Fol. 644v.</hi><lb/></p><note xml:id="INT_3d8ec690-38e9-340a-ad00-3e9e12f5eda3.TEI.1.text.1.body.1.div.1.note.20" xml:lang="nl" place="inline" type="editorial-summary" resp="editor" rend="font-style: italic; line-height: 11.7pt; text-indent: 22.0pt; text-align: justify; font-size: 10" xmlns="http://www.tei-c.org/ns/1.0">(Zowel van Tartaarse als van Japanse zijde worden bezwaren gemaakt tegen<lb/> het nemen van jonken <hi rend="font-size:10; font-family:Liberation Serif" xml:lang="nl">,</hi> op Japan handelend).<lb/></note><p xml:id="INT_3d8ec690-38e9-340a-ad00-3e9e12f5eda3.TEI.1.text.1.body.1.div.1.p.23" resp="int_paragraph_joining" rend="">
              Wij sijn van gevoelen, dat het wel soude cunnen wesen, wanneer tegen de<lb xmlns="http://www.tei-c.org/ns/1.0"/> Japanders onse rechte meyninge eens quamen te verclaren, dat we liever het Ja-<lb xmlns="http://www.tei-c.org/ns/1.0"/><pb xml:id="INT_3d8ec690-38e9-340a-ad00-3e9e12f5eda3.TEI.1.text.1.body.1.div.1.p.23.pb.1" n="481" facs="http://resources.huygens.knaw.nl/retroapp/service_generalemissiven/gm_03/images/gm_3_125_0481.tif"/><fw xml:id="INT_3d8ec690-38e9-340a-ad00-3e9e12f5eda3.TEI.1.text.1.body.1.div.1.p.23.fw.1" place="top" type="head" facs="#zone.5280842" xmlns="http://www.tei-c.org/ns/1.0">Maetsuyker, Hartsinck, Verburch, Pit, Overtwater, enz. XXXIII, 30 januari 1665</fw><fw xml:id="INT_3d8ec690-38e9-340a-ad00-3e9e12f5eda3.TEI.1.text.1.body.1.div.1.p.23.fw.2" place="top" type="page-number" facs="#zone.5280855" xmlns="http://www.tei-c.org/ns/1.0">481</fw>panse rijk wilden, verlaten dan hare onredelijkheden des verbots van geene na Japan<lb xmlns="http://www.tei-c.org/ns/1.0"/> tendérende vijants jonken aen te tasten nae te comen, dat se dan wel beter coop<lb xmlns="http://www.tei-c.org/ns/1.0"/> geven en hun in meerder redelijkheyt laten vinden zouden, maer dit isser van, dat<lb xmlns="http://www.tei-c.org/ns/1.0"/> sulx niet can getenteert werden sonder den Japansen handel in de waegschale te<lb xmlns="http://www.tei-c.org/ns/1.0"/> leggen, want het soude ook anders, als onse opinie is, connen comen uyt te vallen,<lb xmlns="http://www.tei-c.org/ns/1.0"/> wanneerder geen stellen aen ware als met de wapenen, die dan ook vele onsekere<lb xmlns="http://www.tei-c.org/ns/1.0"/> uytslagen onderworpen zijn. Soo lange te verdragen, als men can ende den interest<lb xmlns="http://www.tei-c.org/ns/1.0"/> van de Comp.® het gedogen wil, houden wij wel voor het beste ende daernae meynen<lb xmlns="http://www.tei-c.org/ns/1.0"/> wij ons, totdat U Ed.e anders mogten comen te ordonneren, in de beste forme te<lb xmlns="http://www.tei-c.org/ns/1.0"/> schicken.<lb xmlns="http://www.tei-c.org/ns/1.0"/>
            </p><p xml:id="INT_3d8ec690-38e9-340a-ad00-3e9e12f5eda3.TEI.1.text.1.body.1.div.1.p.24" xml:lang="nl" rend="font-size: 10; text-align: justify; line-height: 11.7pt; text-indent: 23.0pt" xmlns="http://www.tei-c.org/ns/1.0">Bij veroveringe van enige jonken sullen volgens U Ed.e ordre het ombrengen<lb/> van Chinesen ende het buyten boort werpen soo veel doen mijden, als eenigsins<lb/> doenlijk is; in de hitte des oorlogs gaet het daermede heenen, maer buyten dien<lb/> sijn diergelijke actiën al te wreet. Seer weynig Chinesen hebben wij staende desen<lb/> oorlog in handen gekregen, anders ware de Caep de Bon Espérance, daer sij seer<lb/> goeden dienst als lantbouwers souden connen doen, daeraff al versien geweest.<lb/><hi rend="font-size:8; font-family:Liberation Serif" xml:lang="nl">Fol. 645v-646r.</hi><lb/></p><note xml:id="INT_3d8ec690-38e9-340a-ad00-3e9e12f5eda3.TEI.1.text.1.body.1.div.1.note.21" xml:lang="nl" place="inline" type="editorial-summary" resp="editor" rend="font-style: italic; line-height: 14.7pt; text-indent: 23.0pt; text-align: justify; font-size: 9.5" xmlns="http://www.tei-c.org/ns/1.0">( Plakaten tegen het aan land lopen van Compagniesvolk te Suratte; vraag of,<lb/><hi rend="font-size:9.5; font-family:Liberation Serif" xml:lang="nl">—</hi> )<lb/></note><p xml:id="INT_3d8ec690-38e9-340a-ad00-3e9e12f5eda3.TEI.1.text.1.body.1.div.1.p.25" xml:lang="nl" rend="font-size: 10; text-align: justify; line-height: 11.7pt" xmlns="http://www.tei-c.org/ns/1.0"><hi rend="font-size:10; font-family:Liberation Serif; letter-spacing:4.5pt" xml:lang="nl">....</hi> bijaldien den handel tot Gamron mochte comen te declineren ende na<lb/> Mascatte ende Congo getrocken te worden, niet dienstig en soude wesen, dat wij<lb/> in die plaetsen mede een resident stelden om opmerkinge te nemen, wrat daer in<lb/> de negotie al omgaet ende den directeur in Gamron successi ve van goede ad vijsen<lb/> te dienen, daer sullen wij op letten.<lb/></p><note xml:id="INT_3d8ec690-38e9-340a-ad00-3e9e12f5eda3.TEI.1.text.1.body.1.div.1.note.22" xml:lang="nl" place="inline" type="editorial-summary" resp="editor" rend="font-style: italic; line-height: 11.7pt; text-indent: 23.0pt; text-align: justify; font-size: 9.5" xmlns="http://www.tei-c.org/ns/1.0">( De Seaflower vergaat met lading van 14 ton; de zijde, 1663 uit Perzië gekomen,<lb/> gaf in patria maar 43% winst; hoekboten uit patria varen van de Kaap rechtstreeks<lb/> Tiaar Ceylon).<lb/></note><p xml:id="INT_3d8ec690-38e9-340a-ad00-3e9e12f5eda3.TEI.1.text.1.body.1.div.1.p.26" xml:lang="nl" rend="font-size: 10; text-align: justify; line-height: 11.7pt; text-indent: 23.0pt" xmlns="http://www.tei-c.org/ns/1.0">Hoe ’t af sal lopen mette nieuwe Oostindise Comp.e, die men in Vrankrijk<lb/> besig was te formeren <hi rend="font-size:10; font-family:Liberation Serif; vertical-align:super" xml:lang="nl">x),</hi> sullen wij verlangen te verstaen. Het bedrijf van haer<lb/> schip de Swarten Arent <hi rend="font-size:10; font-family:Liberation Serif; vertical-align:super" xml:lang="nl">1 2)</hi> in ’t Rode Meyr ende elders en sal die natie bij de volken<lb/> dier landen niet aengenaem maken ende waertoe ende om te doen blijken, dat wij<lb/> daer onschuldig aen sijn, ons sullen connen dienen de commissie van den hertog<lb/> van Vendosme <hi rend="font-size:10; font-family:Liberation Serif; vertical-align:super" xml:lang="nl">3)</hi> ende andere papieren, door U Ed.e soo aen ons als nae Seylon<lb/> gesonden. Of de 3 schepen, die in Vrankrijk wierden geëquipeert, zee gecosen<lb/> hebben ende nae Indien afgegaen sullen zijn, sullen wij mede uyt U Ed.® nader<lb/> ad vijsen verwachten te verstaen4).<lb/></p><note xml:id="INT_3d8ec690-38e9-340a-ad00-3e9e12f5eda3.TEI.1.text.1.body.1.div.1.note.23" xml:lang="nl" rend="font-size: 8; text-align: justify; line-height: 9.6pt; text-indent: 25.0pt" xmlns="http://www.tei-c.org/ns/1.0">1) In mei 1664 verleende Louis XIV op initiatief van Colbert voor een halve eeuw aan<lb/> de Compagnie des Indes Orientales het monopolie voor de vaart en de handel op de Indische<lb/> en de Grote Oceaan.<lb/></note><note xml:id="INT_3d8ec690-38e9-340a-ad00-3e9e12f5eda3.TEI.1.text.1.body.1.div.1.note.24" xml:lang="nl" rend="font-size: 8; text-align: justify; line-height: 9.6pt; margin-left: 2400" xmlns="http://www.tei-c.org/ns/1.0">2) Het schip van Hugo, vgl. p 443, noot 1.<lb/></note><note xml:id="INT_3d8ec690-38e9-340a-ad00-3e9e12f5eda3.TEI.1.text.1.body.1.div.1.note.25" xml:lang="nl" rend="font-size: 8; line-height: 9.6pt; text-indent: 24.0pt" xmlns="http://www.tei-c.org/ns/1.0">3) César duc de Vendómes, 1594-1665, natuurlijke zoon van Henri IV, grootmeester en<lb/> algemeen intendant van de scheepvaart en handel sinds 1650.<lb/></note><note xml:id="INT_3d8ec690-38e9-340a-ad00-3e9e12f5eda3.TEI.1.text.1.body.1.div.1.note.26" xml:lang="nl" rend="font-size: 8; text-align: justify; line-height: 9.6pt; margin-left: 2500" xmlns="http://www.tei-c.org/ns/1.0">4) De bedoelde schepen vertrokken 7 maart 1665 van Brest naar Madagascar.<lb/></note><fw xml:id="INT_3d8ec690-38e9-340a-ad00-3e9e12f5eda3.TEI.1.text.1.body.1.div.1.fw.5" type="bottom-page-number">31</fw><pb xml:id="INT_3d8ec690-38e9-340a-ad00-3e9e12f5eda3.TEI.1.text.1.body.1.div.1.pb.4" n="482" facs="http://resources.huygens.knaw.nl/retroapp/service_generalemissiven/gm_03/images/gm_3_125_0482.tif"/><fw xml:id="INT_3d8ec690-38e9-340a-ad00-3e9e12f5eda3.TEI.1.text.1.body.1.div.1.fw.6" place="top" type="page-number" facs="#zone.5283228" xmlns="http://www.tei-c.org/ns/1.0">482</fw><fw xml:id="INT_3d8ec690-38e9-340a-ad00-3e9e12f5eda3.TEI.1.text.1.body.1.div.1.fw.7" place="top" type="head" facs="#zone.5283233" xmlns="http://www.tei-c.org/ns/1.0">Maetsuyker, Hartsinck, Verburch, Pit, Overtwater, enz. XXXIII, 30 januari 1665</fw><note xml:id="INT_3d8ec690-38e9-340a-ad00-3e9e12f5eda3.TEI.1.text.1.body.1.div.1.note.27" xml:lang="nl" place="inline" type="editorial-summary" resp="editor" rend="font-style: italic; line-height: 11.7pt; text-indent: 22.0pt; text-align: justify; font-size: 9" xmlns="http://www.tei-c.org/ns/1.0">( Als proef zal een schip via Bengalen en Ceylon naar palria vertrekken; van<lb/> de 3 mei uit patria vertrokken Eendracht is niets meer gehoord; Heren XVII hebben<lb/> 16 ton aan geld overgemaakt) .<lb/></note><p xml:id="INT_3d8ec690-38e9-340a-ad00-3e9e12f5eda3.TEI.1.text.1.body.1.div.1.p.27" xml:lang="nl" rend="font-size: 10; text-align: justify; line-height: 11.7pt; text-indent: 22.0pt" xmlns="http://www.tei-c.org/ns/1.0">De Engelsen tot Bantam hebben na’t afgaen van onse eerste besendinge van<lb/> daer na Engelant geretourneert de schepen Richard ende Blijde Incomst, geladen<lb/> met salpeter, suyker, gember, cassia lingua, peper ende onder ’t schrijven deses<lb/> noch recht toe na Banda gesonden om possessie van ’t eylant Run te nemen een<lb/> opgeboeijde jonk, groot ongeveer 40 lasten, genaemt de Planter, geladen met steen,<lb/> calk ende andere materialen.<lb/></p><note xml:id="INT_3d8ec690-38e9-340a-ad00-3e9e12f5eda3.TEI.1.text.1.body.1.div.1.note.28" xml:lang="nl" place="inline" type="editorial-summary" resp="editor" rend="font-style: italic; line-height: 11.7pt; text-indent: 22.0pt; text-align: justify; font-size: 9" xmlns="http://www.tei-c.org/ns/1.0">( De door Kamer Amsterdam uitgezonden hoedenmaker zal voor eigen rekening<lb/> werken en de hoeden voor f.7 het stuk aan de Compagnie leveren; men is op zijn hoede<lb/> tegen de Engelsen; er blijft een kapitaal van f. 9731183; wissels op patria voor 14853<lb/> realen d 60 st. uitgegeven; de twee nu vertrekkende retourschepen hebben car gasoen<lb/> van f. 145224.11.3 voor Amsterdam).<lb/></note>
            
      </div>
                  </body>
                </text>
              </TEI>