<TEI xml:id="INT_2c94685c-409c-3906-a27b-8b13882382b7" xmlns="http://www.tei-c.org/ns/1.0">
                <teiHeader>
      <fileDesc>
        <titleStmt>
          <title>Index van Scheepsnamen</title>
        </titleStmt>
        <publicationStmt>
          <p>
            <date></date>
            <idno type="sourceID">missiven:vol3</idno>
            <idno type="pid">INT_2c94685c-409c-3906-a27b-8b13882382b7</idno>
          </p>
        </publicationStmt>
        <notesStmt>
          <note/>
        </notesStmt>
        <sourceDesc>
          <listBibl xml:id="inlMetadata">
            <bibl>
        <interpGrp type="page"><interp>987</interp></interpGrp>
        <interpGrp type="tocLevel"><interp>0</interp></interpGrp>
        <interpGrp type="volume"><interp>3</interp></interpGrp>
        <interpGrp type="n"><interp></interp></interpGrp>
        <interpGrp type="pid"><interp>INT_2c94685c-409c-3906-a27b-8b13882382b7</interp></interpGrp>
        <interpGrp type="titleLevel1"><interp>Index van Scheepsnamen</interp></interpGrp>
      </bibl>
          </listBibl>
        </sourceDesc>
      </fileDesc>
    </teiHeader>
                <text xml:id="INT_2c94685c-409c-3906-a27b-8b13882382b7.TEI.1.text.1">
                  <body xml:id="INT_2c94685c-409c-3906-a27b-8b13882382b7.TEI.1.text.1.body.1">
                    <div xml:id="INT_2c94685c-409c-3906-a27b-8b13882382b7.TEI.1.text.1.body.1.div.1">
        
              <pb xml:id="INT_2c94685c-409c-3906-a27b-8b13882382b7.TEI.1.text.1.body.1.div.1.pb.1" n="987" facs="http://resources.huygens.knaw.nl/retroapp/service_generalemissiven/gm_03/images/gm_3_125_0987.tif"/><head xml:id="INT_2c94685c-409c-3906-a27b-8b13882382b7.TEI.1.text.1.body.1.div.1.head.1" xml:lang="nl" rend="margin-left: 700; line-height: 13.3pt; text-align: center; font-weight: bold; font-size: 12" xmlns="http://www.tei-c.org/ns/1.0">INDEX VAN SCHEEPSNAMEN<lb/></head><p xml:id="INT_2c94685c-409c-3906-a27b-8b13882382b7.TEI.1.text.1.body.1.div.1.p.1" xml:lang="nl" rend="font-size: 8.5; text-align: center; line-height: 9.4pt" xmlns="http://www.tei-c.org/ns/1.0">A<lb/></p><p xml:id="INT_2c94685c-409c-3906-a27b-8b13882382b7.TEI.1.text.1.body.1.div.1.p.2" xml:lang="nl" rend="font-size: 8.5; line-height: 9.6pt" xmlns="http://www.tei-c.org/ns/1.0">Achilles 108, 158, 191, 208, 294, 344, 359,<lb/> 437, 522, 598, 711<lb/> Advance (Eng.) 815<lb/> Adventure, Bon (Eng.) 544<lb/> Advice (Eng.) 282<lb/> African (Eng.) 391, 567<lb/> Agremont (Eng.) 275<lb/> Aigle d’or (Frans) 729<lb/> Aiglo Noir (Frans) 481<lb/> Akersloot 924<lb/> Alkmaar 18, 385<lb/></p><p xml:id="INT_2c94685c-409c-3906-a27b-8b13882382b7.TEI.1.text.1.body.1.div.1.p.3" xml:lang="nl" rend="font-size: 8.5; line-height: 9.6pt" xmlns="http://www.tei-c.org/ns/1.0">Alphandigo, Suratse (Hindustans) 436<lb/></p><p xml:id="INT_2c94685c-409c-3906-a27b-8b13882382b7.TEI.1.text.1.body.1.div.1.p.4" xml:lang="nl" rend="font-size: 8.5; line-height: 9.6pt" xmlns="http://www.tei-c.org/ns/1.0">Alphen 717, 786, 826<lb/></p><p xml:id="INT_2c94685c-409c-3906-a27b-8b13882382b7.TEI.1.text.1.body.1.div.1.p.5" xml:lang="nl" rend="font-size: 8.5; line-height: 9.6pt" xmlns="http://www.tei-c.org/ns/1.0">Aluin (Eng.) 30<lb/></p><p xml:id="INT_2c94685c-409c-3906-a27b-8b13882382b7.TEI.1.text.1.body.1.div.1.p.6" xml:lang="nl" rend="font-size: 8.5; line-height: 9.6pt" xmlns="http://www.tei-c.org/ns/1.0">Amblau 835<lb/></p><p xml:id="INT_2c94685c-409c-3906-a27b-8b13882382b7.TEI.1.text.1.body.1.div.1.p.7" xml:lang="nl" rend="font-size: 8.5; line-height: 9.6pt" xmlns="http://www.tei-c.org/ns/1.0">Amerongen 768, 786<lb/></p><p xml:id="INT_2c94685c-409c-3906-a27b-8b13882382b7.TEI.1.text.1.body.1.div.1.p.8" xml:lang="nl" rend="font-size: 8.5; line-height: 9.6pt" xmlns="http://www.tei-c.org/ns/1.0">Amersfoort 92, 107, 146, 210, 211, 314, 404,<lb/> 512, 647, 829<lb/> Amstelland 404<lb/></p><p xml:id="INT_2c94685c-409c-3906-a27b-8b13882382b7.TEI.1.text.1.body.1.div.1.p.9" xml:lang="nl" rend="font-size: 8.5; line-height: 9.6pt" xmlns="http://www.tei-c.org/ns/1.0">Amsterdam 79, 107, 754, 845, 938<lb/> Amsterdam, Klein 385<lb/> Amsterdam, Raadhuis van 444, 551, 811<lb/> Anjelier 66, 67, 383, 393, 758, 868<lb/> Ankeveen 372<lb/></p><p xml:id="INT_2c94685c-409c-3906-a27b-8b13882382b7.TEI.1.text.1.body.1.div.1.p.10" xml:lang="nl" rend="font-size: 8.5; line-height: 9.6pt" xmlns="http://www.tei-c.org/ns/1.0">Anna (Eng.) 256, 331, 336, 811<lb/> Antilope (Eng.) 808, 909<lb/> Appelboom 46, 79<lb/> Amemuiden 162, 303, 311, 463<lb/> Arnhem 108, 113, 114, 129, 144, 146, 147,<lb/> 210, 248, 403<lb/></p><p xml:id="INT_2c94685c-409c-3906-a27b-8b13882382b7.TEI.1.text.1.body.1.div.1.p.11" xml:lang="nl" rend="font-size: 8.5; line-height: 9.6pt" xmlns="http://www.tei-c.org/ns/1.0">Avenhom 2, 73, 303, 312, 339, 340, 445<lb/> Avondster 4, 115, 144, 146, 147, 296<lb/></p><p xml:id="INT_2c94685c-409c-3906-a27b-8b13882382b7.TEI.1.text.1.body.1.div.1.p.12" xml:lang="nl" rend="font-size: 7.5; text-align: center; line-height: 8.3pt" xmlns="http://www.tei-c.org/ns/1.0">B<lb/></p><p xml:id="INT_2c94685c-409c-3906-a27b-8b13882382b7.TEI.1.text.1.body.1.div.1.p.13" xml:lang="nl" rend="font-size: 8.5; line-height: 9.6pt" xmlns="http://www.tei-c.org/ns/1.0">Baars 786<lb/></p><p xml:id="INT_2c94685c-409c-3906-a27b-8b13882382b7.TEI.1.text.1.body.1.div.1.p.14" xml:lang="nl" rend="font-size: 8.5; line-height: 9.6pt" xmlns="http://www.tei-c.org/ns/1.0">Bantam 186, 215, 420, 447, 448<lb/> Barm 891<lb/> Batavia 826<lb/></p><p xml:id="INT_2c94685c-409c-3906-a27b-8b13882382b7.TEI.1.text.1.body.1.div.1.p.15" xml:lang="nl" rend="font-size: 8.5; line-height: 9.6pt" xmlns="http://www.tei-c.org/ns/1.0">Batavia, Klein 126, 152, 272, 273, 314<lb/></p><p xml:id="INT_2c94685c-409c-3906-a27b-8b13882382b7.TEI.1.text.1.body.1.div.1.p.16" xml:lang="nl" rend="font-size: 8.5; line-height: 9.6pt" xmlns="http://www.tei-c.org/ns/1.0">Batikalao 922<lb/></p><p xml:id="INT_2c94685c-409c-3906-a27b-8b13882382b7.TEI.1.text.1.body.1.div.1.p.17" xml:lang="nl" rend="font-size: 8.5; line-height: 9.6pt" xmlns="http://www.tei-c.org/ns/1.0">Beemster 693, 725<lb/></p><p xml:id="INT_2c94685c-409c-3906-a27b-8b13882382b7.TEI.1.text.1.body.1.div.1.p.18" xml:lang="nl" rend="font-size: 8.5; line-height: 9.6pt" xmlns="http://www.tei-c.org/ns/1.0">Benjamin (Eng.) 168<lb/></p><p xml:id="INT_2c94685c-409c-3906-a27b-8b13882382b7.TEI.1.text.1.body.1.div.1.p.19" xml:lang="nl" rend="font-size: 8.5; line-height: 9.6pt" xmlns="http://www.tei-c.org/ns/1.0">Berlceley Castle (Eng.) 950<lb/></p><p xml:id="INT_2c94685c-409c-3906-a27b-8b13882382b7.TEI.1.text.1.body.1.div.1.p.20" xml:lang="nl" rend="font-size: 8.5; line-height: 9.6pt" xmlns="http://www.tei-c.org/ns/1.0">Bernardiston (Eng.) 825<lb/></p><p xml:id="INT_2c94685c-409c-3906-a27b-8b13882382b7.TEI.1.text.1.body.1.div.1.p.21" xml:lang="nl" rend="font-size: 8.5; line-height: 9.6pt" xmlns="http://www.tei-c.org/ns/1.0">Beurs 608, 645, 816<lb/></p><p xml:id="INT_2c94685c-409c-3906-a27b-8b13882382b7.TEI.1.text.1.body.1.div.1.p.22" xml:lang="nl" rend="font-size: 8.5; line-height: 9.6pt" xmlns="http://www.tei-c.org/ns/1.0">Bimlipatam 100<lb/> Black Moor (Eng.) 234<lb/> Bloemendaal 182, 184, 222<lb/> Bleiswijk 624, 625, 918<lb/> Bok 713<lb/></p><p xml:id="INT_2c94685c-409c-3906-a27b-8b13882382b7.TEI.1.text.1.body.1.div.1.p.23" xml:lang="nl" rend="font-size: 8.5; line-height: 9.6pt" xmlns="http://www.tei-c.org/ns/1.0">Bom-Jesus (Port.) 72, 270, 789, 809<lb/></p><p xml:id="INT_2c94685c-409c-3906-a27b-8b13882382b7.TEI.1.text.1.body.1.div.1.p.24" xml:lang="nl" rend="font-size: 8.5; line-height: 9.6pt" xmlns="http://www.tei-c.org/ns/1.0">Bom Jesus de Santo Domingo (Port.) 923<lb/></p><p xml:id="INT_2c94685c-409c-3906-a27b-8b13882382b7.TEI.1.text.1.body.1.div.1.p.25" xml:lang="nl" rend="font-size: 8.5; line-height: 9.6pt" xmlns="http://www.tei-c.org/ns/1.0">Bonaventura 814, 848<lb/></p><p xml:id="INT_2c94685c-409c-3906-a27b-8b13882382b7.TEI.1.text.1.body.1.div.1.p.26" xml:lang="nl" rend="font-size: 8.5; line-height: 9.6pt" xmlns="http://www.tei-c.org/ns/1.0">Boterbloem 314<lb/></p><p xml:id="INT_2c94685c-409c-3906-a27b-8b13882382b7.TEI.1.text.1.body.1.div.1.p.27" xml:lang="nl" rend="font-size: 8.5; line-height: 9.6pt" xmlns="http://www.tei-c.org/ns/1.0">Brak 738, 870, 925<lb/></p><p xml:id="INT_2c94685c-409c-3906-a27b-8b13882382b7.TEI.1.text.1.body.1.div.1.p.28" xml:lang="nl" rend="font-size: 8.5; line-height: 9.6pt" xmlns="http://www.tei-c.org/ns/1.0">Breda 221, 240<lb/></p><p xml:id="INT_2c94685c-409c-3906-a27b-8b13882382b7.TEI.1.text.1.body.1.div.1.p.29" xml:lang="nl" rend="font-size: 8.5; line-height: 9.6pt" xmlns="http://www.tei-c.org/ns/1.0">Brederode 700, 768, 786<lb/></p><p xml:id="INT_2c94685c-409c-3906-a27b-8b13882382b7.TEI.1.text.1.body.1.div.1.p.30" xml:lang="nl" rend="font-size: 8.5; line-height: 9.6pt" xmlns="http://www.tei-c.org/ns/1.0">Breton (Frans) 874, 884, 887, 888, 910, 922<lb/></p><p xml:id="INT_2c94685c-409c-3906-a27b-8b13882382b7.TEI.1.text.1.body.1.div.1.p.31" xml:lang="nl" rend="font-size: 8.5; line-height: 9.6pt" xmlns="http://www.tei-c.org/ns/1.0">Breukelen 108, 277, 384, 485<lb/></p><p xml:id="INT_2c94685c-409c-3906-a27b-8b13882382b7.TEI.1.text.1.body.1.div.1.p.32" xml:lang="nl" rend="font-size: 8.5; line-height: 9.6pt" xmlns="http://www.tei-c.org/ns/1.0">Den Briel 907, 909<lb/></p><p xml:id="INT_2c94685c-409c-3906-a27b-8b13882382b7.TEI.1.text.1.body.1.div.1.p.33" xml:lang="nl" rend="font-size: 8.5; line-height: 9.6pt" xmlns="http://www.tei-c.org/ns/1.0">Brouwershaven 4, 168, 395, 484, 512, 638<lb/></p><p xml:id="INT_2c94685c-409c-3906-a27b-8b13882382b7.TEI.1.text.1.body.1.div.1.p.34" xml:lang="nl" rend="font-size: 8.5; line-height: 9.6pt" xmlns="http://www.tei-c.org/ns/1.0">Bruinvis 30, 213, 251<lb/></p><p xml:id="INT_2c94685c-409c-3906-a27b-8b13882382b7.TEI.1.text.1.body.1.div.1.p.35" xml:lang="nl" rend="font-size: 8.5; line-height: 9.6pt" xmlns="http://www.tei-c.org/ns/1.0">Buiksloot 551, 722, 951<lb/></p><p xml:id="INT_2c94685c-409c-3906-a27b-8b13882382b7.TEI.1.text.1.body.1.div.1.p.36" xml:lang="nl" rend="font-size: 8.5; line-height: 9.6pt" xmlns="http://www.tei-c.org/ns/1.0">Bul, Zwarte 289, 305, 370<lb/></p><p xml:id="INT_2c94685c-409c-3906-a27b-8b13882382b7.TEI.1.text.1.body.1.div.1.p.37" xml:lang="nl" rend="font-size: 8.5; line-height: 9.6pt" xmlns="http://www.tei-c.org/ns/1.0">Bunschoten 404, 940<lb/></p><p xml:id="INT_2c94685c-409c-3906-a27b-8b13882382b7.TEI.1.text.1.body.1.div.1.p.38" xml:lang="nl" rend="font-size: 8.5; line-height: 9.6pt" xmlns="http://www.tei-c.org/ns/1.0">Buru 642, 835<lb/></p><p xml:id="INT_2c94685c-409c-3906-a27b-8b13882382b7.TEI.1.text.1.body.1.div.1.p.39" xml:lang="nl" rend="font-size: 8.5; line-height: 22.5pt; margin-left: 8300; text-indent: -83.0pt" xmlns="http://www.tei-c.org/ns/1.0">Buyenskerke 314, 764, 786, 876<lb/> C<lb/></p><p xml:id="INT_2c94685c-409c-3906-a27b-8b13882382b7.TEI.1.text.1.body.1.div.1.p.40" xml:lang="nl" rend="font-size: 8.5; line-height: 9.4pt" xmlns="http://www.tei-c.org/ns/1.0">Cabo de Jask 30, 109-112, 114, 385, 476, 574<lb/></p><p xml:id="INT_2c94685c-409c-3906-a27b-8b13882382b7.TEI.1.text.1.body.1.div.1.p.41" xml:lang="nl" rend="font-size: 8.5; line-height: 9.6pt" xmlns="http://www.tei-c.org/ns/1.0">Cannanore 574<lb/></p><p xml:id="INT_2c94685c-409c-3906-a27b-8b13882382b7.TEI.1.text.1.body.1.div.1.p.42" xml:lang="nl" rend="font-size: 8.5; line-height: 9.6pt" xmlns="http://www.tei-c.org/ns/1.0">Cassumba (Port.) 701, 809<lb/></p><p xml:id="INT_2c94685c-409c-3906-a27b-8b13882382b7.TEI.1.text.1.body.1.div.1.p.43" xml:lang="nl" rend="font-size: 8.5; line-height: 9.6pt" xmlns="http://www.tei-c.org/ns/1.0">Castle Fregat (Eng.) 683, 710<lb/></p><p xml:id="INT_2c94685c-409c-3906-a27b-8b13882382b7.TEI.1.text.1.body.1.div.1.p.44" xml:lang="nl" rend="font-size: 8.5; line-height: 9.6pt" xmlns="http://www.tei-c.org/ns/1.0">Charles, Royal (Eng.) 445, 446, 511, 517<lb/></p><p xml:id="INT_2c94685c-409c-3906-a27b-8b13882382b7.TEI.1.text.1.body.1.div.1.p.45" xml:lang="nl" rend="font-size: 8.5; line-height: 9.6pt" xmlns="http://www.tei-c.org/ns/1.0">Charlois 121, 144, 370, 458<lb/></p><p xml:id="INT_2c94685c-409c-3906-a27b-8b13882382b7.TEI.1.text.1.body.1.div.1.p.46" xml:lang="nl" rend="font-size: 8.5; line-height: 9.6pt" xmlns="http://www.tei-c.org/ns/1.0">Christiaanshaven (Deens) 654, 907<lb/></p><p xml:id="INT_2c94685c-409c-3906-a27b-8b13882382b7.TEI.1.text.1.body.1.div.1.p.47" xml:lang="nl" rend="font-size: 8.5; line-height: 9.6pt" xmlns="http://www.tei-c.org/ns/1.0">Cochin 128, 152, 214, 845<lb/></p><p xml:id="INT_2c94685c-409c-3906-a27b-8b13882382b7.TEI.1.text.1.body.1.div.1.p.48" xml:lang="nl" rend="font-size: 8.5; line-height: 9.6pt" xmlns="http://www.tei-c.org/ns/1.0">Colombo 433, 444<lb/></p><p xml:id="INT_2c94685c-409c-3906-a27b-8b13882382b7.TEI.1.text.1.body.1.div.1.p.49" xml:lang="nl" rend="font-size: 8.5; line-height: 9.6pt" xmlns="http://www.tei-c.org/ns/1.0">Concordia 93, 159<lb/></p><p xml:id="INT_2c94685c-409c-3906-a27b-8b13882382b7.TEI.1.text.1.body.1.div.1.p.50" xml:lang="nl" rend="font-size: 8.5; line-height: 9.6pt" xmlns="http://www.tei-c.org/ns/1.0">Concordia (Eng.) 848<lb/></p><p xml:id="INT_2c94685c-409c-3906-a27b-8b13882382b7.TEI.1.text.1.body.1.div.1.p.51" xml:lang="nl" rend="font-size: 8.5; line-height: 9.6pt" xmlns="http://www.tei-c.org/ns/1.0">Constantia 425, 579<lb/></p><p xml:id="INT_2c94685c-409c-3906-a27b-8b13882382b7.TEI.1.text.1.body.1.div.1.p.52" xml:lang="nl" rend="font-size: 8.5; line-height: 9.6pt" xmlns="http://www.tei-c.org/ns/1.0">Coromandel 339, 357<lb/></p><p xml:id="INT_2c94685c-409c-3906-a27b-8b13882382b7.TEI.1.text.1.body.1.div.1.p.53" xml:lang="nl" rend="font-size: 8.5; line-height: 9.6pt" xmlns="http://www.tei-c.org/ns/1.0">Coronation (Eng.) 429<lb/></p><p xml:id="INT_2c94685c-409c-3906-a27b-8b13882382b7.TEI.1.text.1.body.1.div.1.p.54" xml:lang="nl" rend="font-size: 8.5; line-height: 9.6pt" xmlns="http://www.tei-c.org/ns/1.0">Couronne (Frans) 702, 731, 732<lb/></p><p xml:id="INT_2c94685c-409c-3906-a27b-8b13882382b7.TEI.1.text.1.body.1.div.1.p.55" xml:lang="nl" rend="font-size: 8.5; text-align: center; line-height: 9.4pt; margin-right: 100" xmlns="http://www.tei-c.org/ns/1.0">D<lb/></p><p xml:id="INT_2c94685c-409c-3906-a27b-8b13882382b7.TEI.1.text.1.body.1.div.1.p.56" xml:lang="nl" rend="font-size: 8.5; line-height: 9.6pt" xmlns="http://www.tei-c.org/ns/1.0">Damiata 768, 888<lb/> Demak 835<lb/></p><p xml:id="INT_2c94685c-409c-3906-a27b-8b13882382b7.TEI.1.text.1.body.1.div.1.p.57" xml:lang="nl" rend="font-size: 8.5; line-height: 9.6pt" xmlns="http://www.tei-c.org/ns/1.0">Diamant 529, 602, 619, 835<lb/> Diamond (Eng.) 882<lb/></p><pb xml:id="INT_2c94685c-409c-3906-a27b-8b13882382b7.TEI.1.text.1.body.1.div.1.pb.2" n="988" facs="http://resources.huygens.knaw.nl/retroapp/service_generalemissiven/gm_03/images/gm_3_125_0988.tif"/><fw xml:id="INT_2c94685c-409c-3906-a27b-8b13882382b7.TEI.1.text.1.body.1.div.1.fw.1" place="top" type="page-number" facs="#zone.6604367" xmlns="http://www.tei-c.org/ns/1.0">988</fw><fw xml:id="INT_2c94685c-409c-3906-a27b-8b13882382b7.TEI.1.text.1.body.1.div.1.fw.2" place="top" type="head" facs="#zone.6604371" xmlns="http://www.tei-c.org/ns/1.0">INDEX VAN SCHEEPSNAMEN</fw><p xml:id="INT_2c94685c-409c-3906-a27b-8b13882382b7.TEI.1.text.1.body.1.div.1.p.58" xml:lang="nl" rend="font-size: 8.5; line-height: 9.3pt; margin-left: 1300; text-indent: -13.0pt" xmlns="http://www.tei-c.org/ns/1.0">Diemermeer 314, 397, 406, 411, 416, 687, 626,<lb/> 700, 703<lb/></p><p xml:id="INT_2c94685c-409c-3906-a27b-8b13882382b7.TEI.1.text.1.body.1.div.1.p.59" xml:lang="nl" rend="font-size: 8.5; line-height: 9.4pt" xmlns="http://www.tei-c.org/ns/1.0">Discovery (Eng.) 288, 310, 383, 401, 407<lb/></p><p xml:id="INT_2c94685c-409c-3906-a27b-8b13882382b7.TEI.1.text.1.body.1.div.1.p.60" xml:lang="nl" rend="font-size: 8.5; line-height: 9.6pt" xmlns="http://www.tei-c.org/ns/1.0">Dispatch (Eng.) 369<lb/></p><p xml:id="INT_2c94685c-409c-3906-a27b-8b13882382b7.TEI.1.text.1.body.1.div.1.p.61" xml:lang="nl" rend="font-size: 8.5; line-height: 9.6pt" xmlns="http://www.tei-c.org/ns/1.0">Dolfijn 359, 469, 465, 747, 760, 931<lb/></p><p xml:id="INT_2c94685c-409c-3906-a27b-8b13882382b7.TEI.1.text.1.body.1.div.1.p.62" xml:lang="nl" rend="font-size: 8.5; line-height: 9.6pt" xmlns="http://www.tei-c.org/ns/1.0">Dolphin (Eng.) 216<lb/></p><p xml:id="INT_2c94685c-409c-3906-a27b-8b13882382b7.TEI.1.text.1.body.1.div.1.p.63" xml:lang="nl" rend="font-size: 8.5; line-height: 9.6pt" xmlns="http://www.tei-c.org/ns/1.0">Domburg 4, 93, 195, 567<lb/></p><p xml:id="INT_2c94685c-409c-3906-a27b-8b13882382b7.TEI.1.text.1.body.1.div.1.p.64" xml:lang="nl" rend="font-size: 8.5; line-height: 9.6pt" xmlns="http://www.tei-c.org/ns/1.0">Dorcas (Eng.) 545, 547, 551<lb/></p><p xml:id="INT_2c94685c-409c-3906-a27b-8b13882382b7.TEI.1.text.1.body.1.div.1.p.65" xml:lang="nl" rend="font-size: 8.5; line-height: 9.6pt" xmlns="http://www.tei-c.org/ns/1.0">Dordrecht 107, 146, 210, 372, 874, 908<lb/></p><p xml:id="INT_2c94685c-409c-3906-a27b-8b13882382b7.TEI.1.text.1.body.1.div.1.p.66" xml:lang="nl" rend="font-size: 8.5; line-height: 9.6pt" xmlns="http://www.tei-c.org/ns/1.0">Draak, Vergulde 79, 85, 211, 212, 248, 375<lb/></p><p xml:id="INT_2c94685c-409c-3906-a27b-8b13882382b7.TEI.1.text.1.body.1.div.1.p.67" xml:lang="nl" rend="font-size: 8.5; line-height: 9.6pt" xmlns="http://www.tei-c.org/ns/1.0">Dragon (Eng.) 288, 310<lb/></p><p xml:id="INT_2c94685c-409c-3906-a27b-8b13882382b7.TEI.1.text.1.body.1.div.1.p.68" xml:lang="nl" rend="font-size: 8.5; line-height: 9.6pt" xmlns="http://www.tei-c.org/ns/1.0">Dromedaris 12, 13, 192, 219, 255<lb/></p><p xml:id="INT_2c94685c-409c-3906-a27b-8b13882382b7.TEI.1.text.1.body.1.div.1.p.69" xml:lang="nl" rend="font-size: 8.5; line-height: 9.6pt" xmlns="http://www.tei-c.org/ns/1.0">Duif 170<lb/></p><p xml:id="INT_2c94685c-409c-3906-a27b-8b13882382b7.TEI.1.text.1.body.1.div.1.p.70" xml:lang="nl" rend="font-size: 8.5; line-height: 9.6pt" xmlns="http://www.tei-c.org/ns/1.0">Duinvliet 671<lb/></p><p xml:id="INT_2c94685c-409c-3906-a27b-8b13882382b7.TEI.1.text.1.body.1.div.1.p.71" xml:lang="nl" rend="font-size: 8.5; line-height: 21.9pt; margin-left: 8400; text-indent: -84.0pt" xmlns="http://www.tei-c.org/ns/1.0">Durgerdam 466, 588, 606, 661, 951<lb/> E<lb/></p><p xml:id="INT_2c94685c-409c-3906-a27b-8b13882382b7.TEI.1.text.1.body.1.div.1.p.72" xml:lang="nl" rend="font-size: 8.5; line-height: 9.6pt" xmlns="http://www.tei-c.org/ns/1.0">Eagle (Eng.) 274, 823, 919<lb/> Eendracht 482, 483, 686, 835<lb/> Elburg 210, 211, 827, 883, 931<lb/> Elsenburg 472, 489<lb/> Emmeloord 211, 321, 355<lb/> Emmenhoom 248, 346, 388<lb/> Ems 359<lb/></p><p xml:id="INT_2c94685c-409c-3906-a27b-8b13882382b7.TEI.1.text.1.body.1.div.1.p.73" xml:lang="nl" rend="font-size: 8.5; line-height: 9.6pt" xmlns="http://www.tei-c.org/ns/1.0">Endymion (Eng.) 137, 158, 282, 285<lb/> Enkhuizen 3, 45, 54, 60, 78, 147, 208, 314, 359<lb/> Erasmus 162, 193, 210, 247, 287, 292, 314,<lb/> 372, 504, 512, 516, 578<lb/> Esperance (Frans) 789, 915<lb/> Europa 893<lb/> Europe (Eng.) 811, 948<lb/> Expedition (Eng.) 233<lb/> Experiment (Eng.) 902, 909<lb/></p><p xml:id="INT_2c94685c-409c-3906-a27b-8b13882382b7.TEI.1.text.1.body.1.div.1.p.74" xml:lang="nl" rend="font-size: 8.5; text-align: center; line-height: 9.4pt; margin-right: 100" xmlns="http://www.tei-c.org/ns/1.0">F<lb/></p><p xml:id="INT_2c94685c-409c-3906-a27b-8b13882382b7.TEI.1.text.1.body.1.div.1.p.75" xml:lang="nl" rend="font-size: 8.5; line-height: 9.3pt" xmlns="http://www.tei-c.org/ns/1.0">Fero (Deens) 713, 715, 721<lb/></p><p xml:id="INT_2c94685c-409c-3906-a27b-8b13882382b7.TEI.1.text.1.body.1.div.1.p.76" xml:lang="nl" rend="font-size: 8.5; line-height: 9.3pt" xmlns="http://www.tei-c.org/ns/1.0">Flamand (Frans) 874, 883, 884, 888, 906, 944<lb/></p><p xml:id="INT_2c94685c-409c-3906-a27b-8b13882382b7.TEI.1.text.1.body.1.div.1.p.77" xml:lang="nl" rend="font-size: 8.5; line-height: 9.3pt" xmlns="http://www.tei-c.org/ns/1.0">Flora 1<lb/></p><p xml:id="INT_2c94685c-409c-3906-a27b-8b13882382b7.TEI.1.text.1.body.1.div.1.p.78" xml:lang="nl" rend="font-size: 8.5; line-height: 9.3pt" xmlns="http://www.tei-c.org/ns/1.0">Fortuin 665, 720, 732<lb/> Fortuin (Deens) 686, 823, 833<lb/> Fredericus (Deens) 1, 29, 51, 52, 82, 100, 163,<lb/> 233, 263, 297, 311, 337, 339, 356, 414, 427,<lb/> 467<lb/></p><p xml:id="INT_2c94685c-409c-3906-a27b-8b13882382b7.TEI.1.text.1.body.1.div.1.p.79" xml:lang="nl" rend="font-size: 8.5; line-height: 22.8pt; margin-left: 8400; text-indent: -84.0pt" xmlns="http://www.tei-c.org/ns/1.0">Frederik Hendrik (Deens) 706<lb/> G<lb/></p><p xml:id="INT_2c94685c-409c-3906-a27b-8b13882382b7.TEI.1.text.1.body.1.div.1.p.80" xml:lang="nl" rend="font-size: 8.5; line-height: 9.4pt" xmlns="http://www.tei-c.org/ns/1.0">Galle 697<lb/></p><p xml:id="INT_2c94685c-409c-3906-a27b-8b13882382b7.TEI.1.text.1.body.1.div.1.p.81" xml:lang="nl" rend="font-size: 8.5; line-height: 9.3pt" xmlns="http://www.tei-c.org/ns/1.0">Ganges 259, 399, 476, 821<lb/> Gapinge 93<lb/></p><p xml:id="INT_2c94685c-409c-3906-a27b-8b13882382b7.TEI.1.text.1.body.1.div.1.p.82" xml:lang="nl" rend="font-size: 8.5; line-height: 9.3pt" xmlns="http://www.tei-c.org/ns/1.0">Geelmuiden 62, 210, 280<lb/> Geit 881, 939<lb/></p><p xml:id="INT_2c94685c-409c-3906-a27b-8b13882382b7.TEI.1.text.1.body.1.div.1.p.83" xml:lang="nl" rend="font-size: 8.5; line-height: 9.3pt" xmlns="http://www.tei-c.org/ns/1.0">Geldria 30, 101, 212, 215, 754, 951<lb/> Gerechtigheid 604<lb/> Goed begin 945<lb/></p><p xml:id="INT_2c94685c-409c-3906-a27b-8b13882382b7.TEI.1.text.1.body.1.div.1.p.84" xml:lang="nl" rend="font-size: 8.5; line-height: 9.3pt" xmlns="http://www.tei-c.org/ns/1.0">Goeree 210, 276, 335, 406, 440, 622<lb/> Goes 359, 388, 399<lb/></p><p xml:id="INT_2c94685c-409c-3906-a27b-8b13882382b7.TEI.1.text.1.body.1.div.1.p.85" xml:lang="nl" rend="font-size: 8.5; line-height: 9.6pt" xmlns="http://www.tei-c.org/ns/1.0">Gorkum 873<lb/></p><p xml:id="INT_2c94685c-409c-3906-a27b-8b13882382b7.TEI.1.text.1.body.1.div.1.p.86" xml:lang="nl" rend="font-size: 8.5; line-height: 9.6pt" xmlns="http://www.tei-c.org/ns/1.0">Goudsbloem 161, 274, 436, 470<lb/> ’s-Graveland 314, 359, 462, 467, 473<lb/> Greyhound (Eng.) 671<lb/></p><p xml:id="INT_2c94685c-409c-3906-a27b-8b13882382b7.TEI.1.text.1.body.1.div.1.p.87" xml:lang="nl" rend="font-size: 8.5; line-height: 9.6pt" xmlns="http://www.tei-c.org/ns/1.0">Griffioen 1, 32, 39, 52, 85, 144, 190, 201, 312<lb/></p><p xml:id="INT_2c94685c-409c-3906-a27b-8b13882382b7.TEI.1.text.1.body.1.div.1.p.88" xml:lang="nl" rend="font-size: 8.5; font-weight: bold; text-align: center; line-height: 9.3pt" xmlns="http://www.tei-c.org/ns/1.0">II<lb/></p><p xml:id="INT_2c94685c-409c-3906-a27b-8b13882382b7.TEI.1.text.1.body.1.div.1.p.89" xml:lang="nl" rend="font-size: 8.5; line-height: 9.3pt" xmlns="http://www.tei-c.org/ns/1.0">Haan 470<lb/></p><p xml:id="INT_2c94685c-409c-3906-a27b-8b13882382b7.TEI.1.text.1.body.1.div.1.p.90" xml:lang="nl" rend="font-size: 8.5; line-height: 9.3pt" xmlns="http://www.tei-c.org/ns/1.0">Haan (Eng.) 18, 82<lb/></p><p xml:id="INT_2c94685c-409c-3906-a27b-8b13882382b7.TEI.1.text.1.body.1.div.1.p.91" xml:lang="nl" rend="font-size: 8.5; line-height: 9.3pt" xmlns="http://www.tei-c.org/ns/1.0">Haas 127, 328<lb/></p><p xml:id="INT_2c94685c-409c-3906-a27b-8b13882382b7.TEI.1.text.1.body.1.div.1.p.92" xml:lang="nl" rend="font-size: 8.5; line-height: 9.3pt" xmlns="http://www.tei-c.org/ns/1.0">Hammenhiel 397, 864<lb/></p><p xml:id="INT_2c94685c-409c-3906-a27b-8b13882382b7.TEI.1.text.1.body.1.div.1.p.93" xml:lang="nl" rend="font-size: 8.5; line-height: 9.3pt" xmlns="http://www.tei-c.org/ns/1.0">Handelaar 654, 655<lb/></p><p xml:id="INT_2c94685c-409c-3906-a27b-8b13882382b7.TEI.1.text.1.body.1.div.1.p.94" xml:lang="nl" rend="font-size: 8.5; line-height: 9.3pt" xmlns="http://www.tei-c.org/ns/1.0">Handzaam Fregat (Eng.) 588<lb/></p><p xml:id="INT_2c94685c-409c-3906-a27b-8b13882382b7.TEI.1.text.1.body.1.div.1.p.95" xml:lang="nl" rend="font-size: 8.5; line-height: 9.3pt" xmlns="http://www.tei-c.org/ns/1.0">Hannibal (Eng.) 823<lb/></p><p xml:id="INT_2c94685c-409c-3906-a27b-8b13882382b7.TEI.1.text.1.body.1.div.1.p.96" xml:lang="nl" rend="font-size: 8.5; line-height: 9.3pt" xmlns="http://www.tei-c.org/ns/1.0">Haring 89, 931<lb/></p><p xml:id="INT_2c94685c-409c-3906-a27b-8b13882382b7.TEI.1.text.1.body.1.div.1.p.97" xml:lang="nl" rend="font-size: 8.5; line-height: 9.3pt" xmlns="http://www.tei-c.org/ns/1.0">Harp 246, 248, 327, 344<lb/></p><p xml:id="INT_2c94685c-409c-3906-a27b-8b13882382b7.TEI.1.text.1.body.1.div.1.p.98" xml:lang="nl" rend="font-size: 8.5; line-height: 9.3pt" xmlns="http://www.tei-c.org/ns/1.0">Hasselt 253, 394, 496, 523<lb/></p><p xml:id="INT_2c94685c-409c-3906-a27b-8b13882382b7.TEI.1.text.1.body.1.div.1.p.99" xml:lang="nl" rend="font-size: 8.5; line-height: 9.3pt" xmlns="http://www.tei-c.org/ns/1.0">Hazenberg 579, 906<lb/></p><p xml:id="INT_2c94685c-409c-3906-a27b-8b13882382b7.TEI.1.text.1.body.1.div.1.p.100" xml:lang="nl" rend="font-size: 8.5; line-height: 9.3pt" xmlns="http://www.tei-c.org/ns/1.0">Hector 191, 208, 359, 373, 388<lb/></p><p xml:id="INT_2c94685c-409c-3906-a27b-8b13882382b7.TEI.1.text.1.body.1.div.1.p.101" xml:lang="nl" rend="font-size: 8.5; line-height: 9.3pt" xmlns="http://www.tei-c.org/ns/1.0">Hellevoetsluis 909<lb/></p><p xml:id="INT_2c94685c-409c-3906-a27b-8b13882382b7.TEI.1.text.1.body.1.div.1.p.102" xml:lang="nl" rend="font-size: 8.5; line-height: 9.3pt" xmlns="http://www.tei-c.org/ns/1.0">Hen 446<lb/></p><p xml:id="INT_2c94685c-409c-3906-a27b-8b13882382b7.TEI.1.text.1.body.1.div.1.p.103" xml:lang="nl" rend="font-size: 8.5; line-height: 9.3pt" xmlns="http://www.tei-c.org/ns/1.0">Hengelaar 884<lb/></p><p xml:id="INT_2c94685c-409c-3906-a27b-8b13882382b7.TEI.1.text.1.body.1.div.1.p.104" xml:lang="nl" rend="font-size: 8.5; line-height: 9.3pt" xmlns="http://www.tei-c.org/ns/1.0">Henriëtte Louise 144, 146, 147, 210, 395, 454<lb/></p><p xml:id="INT_2c94685c-409c-3906-a27b-8b13882382b7.TEI.1.text.1.body.1.div.1.p.105" xml:lang="nl" rend="font-size: 8.5; line-height: 9.3pt" xmlns="http://www.tei-c.org/ns/1.0">Hercules 108, 161, 192, 378<lb/></p><p xml:id="INT_2c94685c-409c-3906-a27b-8b13882382b7.TEI.1.text.1.body.1.div.1.p.106" xml:lang="nl" rend="font-size: 8.5; line-height: 9.3pt" xmlns="http://www.tei-c.org/ns/1.0">Hert, Rode 347, 446, 494<lb/></p><p xml:id="INT_2c94685c-409c-3906-a27b-8b13882382b7.TEI.1.text.1.body.1.div.1.p.107" xml:lang="nl" rend="font-size: 8.5; line-height: 9.3pt" xmlns="http://www.tei-c.org/ns/1.0">Hert, Vliegend 210, 250<lb/></p><p xml:id="INT_2c94685c-409c-3906-a27b-8b13882382b7.TEI.1.text.1.body.1.div.1.p.108" xml:lang="nl" rend="font-size: 8.5; line-height: 9.3pt" xmlns="http://www.tei-c.org/ns/1.0">Hillegersberg 137<lb/></p><p xml:id="INT_2c94685c-409c-3906-a27b-8b13882382b7.TEI.1.text.1.body.1.div.1.p.109" xml:lang="nl" rend="font-size: 8.5; line-height: 9.3pt; margin-left: 1200; text-indent: -12.0pt" xmlns="http://www.tei-c.org/ns/1.0">Hilversum 147, 221, 277, 311, 403, 485, 486,<lb/> 786<lb/></p><p xml:id="INT_2c94685c-409c-3906-a27b-8b13882382b7.TEI.1.text.1.body.1.div.1.p.110" xml:lang="nl" rend="font-size: 8.5; line-height: 9.3pt" xmlns="http://www.tei-c.org/ns/1.0">Hof van Breda 640, 661, 702<lb/> Hof van Zeeland 15, 78, 147, 208, 248, 316,<lb/> 404, 547<lb/></p><p xml:id="INT_2c94685c-409c-3906-a27b-8b13882382b7.TEI.1.text.1.body.1.div.1.p.111" xml:lang="nl" rend="font-size: 8.5; line-height: 9.3pt" xmlns="http://www.tei-c.org/ns/1.0">Hogelanden 248, 680, 816<lb/> Holland 107<lb/></p><p xml:id="INT_2c94685c-409c-3906-a27b-8b13882382b7.TEI.1.text.1.body.1.div.1.p.112" xml:lang="nl" rend="font-size: 8.5; line-height: 9.3pt" xmlns="http://www.tei-c.org/ns/1.0">Hoogcarspel 472, 741, 812<lb/> Hoop 512<lb/></p><p xml:id="INT_2c94685c-409c-3906-a27b-8b13882382b7.TEI.1.text.1.body.1.div.1.p.113" xml:lang="nl" rend="font-size: 8.5; line-height: 9.3pt; margin-left: 1200; text-indent: -12.0pt" xmlns="http://www.tei-c.org/ns/1.0">Hoorn 3, 14, 15, 193, 220, 325, 385, 425, 507,<lb/> 534, 682<lb/></p><p xml:id="INT_2c94685c-409c-3906-a27b-8b13882382b7.TEI.1.text.1.body.1.div.1.p.114" xml:lang="nl" rend="font-size: 8.5; line-height: 9.3pt" xmlns="http://www.tei-c.org/ns/1.0">Hopewell (Eng.) 168, 421, 425<lb/> Houtkoper, Javaanse 529<lb/> Hugly 730, 824, 951<lb/> Hulst 89<lb/></p><p xml:id="INT_2c94685c-409c-3906-a27b-8b13882382b7.TEI.1.text.1.body.1.div.1.p.115" xml:lang="nl" rend="font-size: 8.5; font-weight: bold; text-align: center; line-height: 9.4pt" xmlns="http://www.tei-c.org/ns/1.0">I<lb/></p><p xml:id="INT_2c94685c-409c-3906-a27b-8b13882382b7.TEI.1.text.1.body.1.div.1.p.116" xml:lang="nl" rend="font-size: 8.5; line-height: 9.6pt" xmlns="http://www.tei-c.org/ns/1.0">Ilha (Moors) 219<lb/> Hpendam 811<lb/> Indian Merchant (Eng.) 1<lb/> Indien (Frans) 948<lb/> Inkhoom 497, 659<lb/></p><p xml:id="INT_2c94685c-409c-3906-a27b-8b13882382b7.TEI.1.text.1.body.1.div.1.p.117" xml:lang="nl" rend="font-size: 8; font-weight: bold; text-align: center; line-height: 8.9pt" xmlns="http://www.tei-c.org/ns/1.0">J<lb/></p><p xml:id="INT_2c94685c-409c-3906-a27b-8b13882382b7.TEI.1.text.1.body.1.div.1.p.118" xml:lang="nl" rend="font-size: 8.5; line-height: 9.6pt" xmlns="http://www.tei-c.org/ns/1.0">Jacatra 215, 621, 655<lb/> Jager 32, 33, 257<lb/></p><p xml:id="INT_2c94685c-409c-3906-a27b-8b13882382b7.TEI.1.text.1.body.1.div.1.p.119" xml:lang="nl" rend="font-size: 8.5; line-height: 9.6pt" xmlns="http://www.tei-c.org/ns/1.0">James and Henry, Royal (Eng.) 446<lb/> Jane Margaret (Eng.) 709<lb/> Jane Martha (Eng.) 739<lb/> Japara 153<lb/></p><pb xml:id="INT_2c94685c-409c-3906-a27b-8b13882382b7.TEI.1.text.1.body.1.div.1.pb.3" n="989" facs="http://resources.huygens.knaw.nl/retroapp/service_generalemissiven/gm_03/images/gm_3_125_0989.tif"/><fw xml:id="INT_2c94685c-409c-3906-a27b-8b13882382b7.TEI.1.text.1.body.1.div.1.fw.3" place="top" type="head" facs="#zone.6606451" xmlns="http://www.tei-c.org/ns/1.0">INDEX VAN SCHEEPSNAMEN</fw><fw xml:id="INT_2c94685c-409c-3906-a27b-8b13882382b7.TEI.1.text.1.body.1.div.1.fw.4" place="top" type="page-number" facs="#zone.6606457" xmlns="http://www.tei-c.org/ns/1.0">989</fw><p xml:id="INT_2c94685c-409c-3906-a27b-8b13882382b7.TEI.1.text.1.body.1.div.1.p.120" xml:lang="nl" rend="font-size: 8.5; line-height: 9.9pt; margin-right: 2000" xmlns="http://www.tei-c.org/ns/1.0">Joao Baptista (Port.) 8, 252<lb/> Jonker 307, 479, 584<lb/></p><p xml:id="INT_2c94685c-409c-3906-a27b-8b13882382b7.TEI.1.text.1.body.1.div.1.p.121" xml:lang="nl" rend="font-size: 7.5; font-weight: bold; text-align: center; line-height: 8.3pt" xmlns="http://www.tei-c.org/ns/1.0">K<lb/></p><p xml:id="INT_2c94685c-409c-3906-a27b-8b13882382b7.TEI.1.text.1.body.1.div.1.p.122" xml:lang="nl" rend="font-size: 8.5; line-height: 9.6pt; margin-right: 2000" xmlns="http://www.tei-c.org/ns/1.0">Kaapvogel 161<lb/> Kaasjager 605<lb/> Kabeljauw 50, 101, 294, 534<lb/> Kalf 21, 91, 235, 293, 358, 404<lb/> Kalkoen 845, 938<lb/> Kampen 73<lb/></p><p xml:id="INT_2c94685c-409c-3906-a27b-8b13882382b7.TEI.1.text.1.body.1.div.1.p.123" xml:lang="nl" rend="font-size: 8.5; line-height: 9.6pt; margin-right: 2000" xmlns="http://www.tei-c.org/ns/1.0">Kaneelboom 479, 523, 638, 744, 812<lb/> Kaneelschiller 170<lb/> Karper 782, 846, 940<lb/> Kat 504, 516<lb/></p><p xml:id="INT_2c94685c-409c-3906-a27b-8b13882382b7.TEI.1.text.1.body.1.div.1.p.124" xml:lang="nl" rend="font-size: 8.5; line-height: 9.6pt; margin-right: 2000" xmlns="http://www.tei-c.org/ns/1.0">Kattenburg 500, 536, 681, 766<lb/> Kauw 602<lb/> Kedah 942<lb/> Kennemerland 522<lb/> King Ferdinand (Eng.) 275<lb/> Klaverskerk 400, 644, 730, 786, 853<lb/> Kogge 474, 853, 874, 944<lb/> Kokmeeuw 875<lb/> Koning David 150, 244, 425<lb/> Koning van Djambi 918<lb/> Koning van Polen 147, 381<lb/> Korte nh oef 388<lb/></p><p xml:id="INT_2c94685c-409c-3906-a27b-8b13882382b7.TEI.1.text.1.body.1.div.1.p.125" xml:lang="nl" rend="font-size: 8.5; line-height: 9.6pt; margin-right: 2000" xmlns="http://www.tei-c.org/ns/1.0">Koudekerke 182, 184, 185, 287, 388<lb/> Kranestein 910<lb/> Kreeft 216, 408, 409<lb/> Kuilenburg 876, 904<lb/> Kwikstaart 530, 620<lb/></p><p xml:id="INT_2c94685c-409c-3906-a27b-8b13882382b7.TEI.1.text.1.body.1.div.1.p.126" xml:lang="nl" rend="font-size: 8; text-align: center; line-height: 8.9pt" xmlns="http://www.tei-c.org/ns/1.0">L<lb/></p><p xml:id="INT_2c94685c-409c-3906-a27b-8b13882382b7.TEI.1.text.1.body.1.div.1.p.127" xml:lang="nl" rend="font-size: 8.5; line-height: 9.6pt" xmlns="http://www.tei-c.org/ns/1.0">Landsmeer 500, 516, 587<lb/> Leerdam 210, 260, 359, 440, 504, 611, 649, 811<lb/> Leeuw, Gekroonde 3, 78, 147, 191, 208, 314,<lb/> 332<lb/></p><p xml:id="INT_2c94685c-409c-3906-a27b-8b13882382b7.TEI.1.text.1.body.1.div.1.p.128" xml:lang="nl" rend="font-size: 8.5; line-height: 9.6pt" xmlns="http://www.tei-c.org/ns/1.0">Leeuw, Gouden 924<lb/> Leeuw, Rode 33, 326, 339<lb/> Leeuw, Witte 744<lb/> Leeuw, Zwarte 645, 812, 921<lb/> Leeuwin 4, 227, 335, 339, 372, 397, 411, 485,<lb/> 488, 523<lb/></p><p xml:id="INT_2c94685c-409c-3906-a27b-8b13882382b7.TEI.1.text.1.body.1.div.1.p.129" xml:lang="nl" rend="font-size: 8.5; line-height: 9.6pt; margin-right: 9700" xmlns="http://www.tei-c.org/ns/1.0">Leopard (Eng.) 403<lb/> Liefde 647<lb/> Lillo 18<lb/> Lion (Eng.) 54<lb/></p><p xml:id="INT_2c94685c-409c-3906-a27b-8b13882382b7.TEI.1.text.1.body.1.div.1.p.130" xml:lang="nl" rend="font-size: 8.5; line-height: 9.6pt" xmlns="http://www.tei-c.org/ns/1.0">Loenen 248, 281, 292, 335, 346, 484, 619<lb/> London (Eng.) 383, 401, 407, 790<lb/> Loosduinen 366, 372, 517, 825, 853, 876<lb/></p><p xml:id="INT_2c94685c-409c-3906-a27b-8b13882382b7.TEI.1.text.1.body.1.div.1.p.131" xml:lang="nl" rend="font-size: 7.5; text-align: center; line-height: 8.3pt" xmlns="http://www.tei-c.org/ns/1.0">M<lb/></p><p xml:id="INT_2c94685c-409c-3906-a27b-8b13882382b7.TEI.1.text.1.body.1.div.1.p.132" xml:lang="nl" rend="font-size: 8.5; line-height: 9.6pt; margin-right: 2000" xmlns="http://www.tei-c.org/ns/1.0">Maagd van Dordrecht 2, 38, 298, 445<lb/> Maagd van Enkhuizen 83<lb/> Maan, Wassende 433, 504, 675<lb/> Maarssen 117<lb/></p><p xml:id="INT_2c94685c-409c-3906-a27b-8b13882382b7.TEI.1.text.1.body.1.div.1.p.133" xml:lang="nl" rend="font-size: 8.5; line-height: 9.6pt" xmlns="http://www.tei-c.org/ns/1.0">Madras 403<lb/> Makreel 18<lb/></p><p xml:id="INT_2c94685c-409c-3906-a27b-8b13882382b7.TEI.1.text.1.body.1.div.1.p.134" xml:lang="nl" rend="font-size: 8.5; line-height: 9.6pt" xmlns="http://www.tei-c.org/ns/1.0">Malakka 3, 78, 147, 191, 208, 292, 321, 404<lb/></p><p xml:id="INT_2c94685c-409c-3906-a27b-8b13882382b7.TEI.1.text.1.body.1.div.1.p.135" xml:lang="nl" rend="font-size: 8.5; line-height: 9.6pt" xmlns="http://www.tei-c.org/ns/1.0">Mangusboom 845, 938, 940<lb/></p><p xml:id="INT_2c94685c-409c-3906-a27b-8b13882382b7.TEI.1.text.1.body.1.div.1.p.136" xml:lang="nl" rend="font-size: 8.5; line-height: 9.6pt" xmlns="http://www.tei-c.org/ns/1.0">Maréchal (Frans) 314, 348, 366<lb/></p><p xml:id="INT_2c94685c-409c-3906-a27b-8b13882382b7.TEI.1.text.1.body.1.div.1.p.137" xml:lang="nl" rend="font-size: 8.5; line-height: 9.6pt" xmlns="http://www.tei-c.org/ns/1.0">Maria 208, 328, 359, 700<lb/></p><p xml:id="INT_2c94685c-409c-3906-a27b-8b13882382b7.TEI.1.text.1.body.1.div.1.p.138" xml:lang="nl" rend="font-size: 8.5; line-height: 9.6pt" xmlns="http://www.tei-c.org/ns/1.0">Marigold (Eng.) 137, 253, 259, 282, 299<lb/></p><p xml:id="INT_2c94685c-409c-3906-a27b-8b13882382b7.TEI.1.text.1.body.1.div.1.p.139" xml:lang="nl" rend="font-size: 8.5; line-height: 9.6pt" xmlns="http://www.tei-c.org/ns/1.0">Marken 883<lb/></p><p xml:id="INT_2c94685c-409c-3906-a27b-8b13882382b7.TEI.1.text.1.body.1.div.1.p.140" xml:lang="nl" rend="font-size: 8.5; line-height: 9.6pt" xmlns="http://www.tei-c.org/ns/1.0">Mars 167, 168, 286, 350, 404<lb/> Mayflower (Eng.) 256, 264<lb/> Mazarin (Frans) 731<lb/> Medemblik, Kasteel van 676, 815<lb/> Meerkat 570<lb/> Meerman 492, 680, 857<lb/> Mees 210, 397, 416, 447, 693, 845<lb/> Meiboom 406, 410, 546, 585, 686, 713, 747,<lb/> 765, 867, 874, 891, 909<lb/> Meliskerke 277, 281, 342, 495, 618<lb/> Merchant, Adventure (Eng.) 82, 105, 228<lb/> Merchant, Aleppo (Eng.) 105<lb/> Merchant, American (Eng.) 600<lb/> Merchant, Assade (Eng.) 143<lb/> Merchant, Barbade (Eng.) 230<lb/> Merchant, Constantinople (Eng.) 105, 483,<lb/> 545, 550, 551<lb/></p><p xml:id="INT_2c94685c-409c-3906-a27b-8b13882382b7.TEI.1.text.1.body.1.div.1.p.141" xml:lang="nl" rend="font-size: 8.5; line-height: 9.6pt" xmlns="http://www.tei-c.org/ns/1.0">Merchant, East Indian (Eng.) 216<lb/> Merchant, Madras 670<lb/> Merchant, Smyrna 274<lb/> Middelburg 522, 835, 931<lb/> Molen, Groene 147, 218<lb/> Morgenster (Deens) 414<lb/> Muiden 168, 353, 500, 603, 680, 816<lb/> Muscaatboom 353<lb/></p><p xml:id="INT_2c94685c-409c-3906-a27b-8b13882382b7.TEI.1.text.1.body.1.div.1.p.142" xml:lang="nl" rend="font-size: 8; text-align: center; line-height: 8.9pt" xmlns="http://www.tei-c.org/ns/1.0">N<lb/></p><p xml:id="INT_2c94685c-409c-3906-a27b-8b13882382b7.TEI.1.text.1.body.1.div.1.p.143" xml:lang="nl" rend="font-size: 8.5; line-height: 9.6pt; margin-left: 1100; text-indent: -11.0pt" xmlns="http://www.tei-c.org/ns/1.0">Naarden 2, 35, 168, 171, 210, 247, 314, 504,<lb/> 565<lb/></p><p xml:id="INT_2c94685c-409c-3906-a27b-8b13882382b7.TEI.1.text.1.body.1.div.1.p.144" xml:lang="nl" rend="font-size: 8.5; line-height: 9.6pt" xmlns="http://www.tei-c.org/ns/1.0">Nachtglas 46, 226<lb/> Nagelboom 314, 366, 404, 456, 938<lb/> Narsapur 264, 298<lb/> Nasar eth Sahy (Hindustans) 50<lb/> Navarre (Frans) 874, 888<lb/> Nazaré (Port.) 565<lb/> Newcastle (Eng.) 372<lb/> Nieuwendam 479, 488, 680, 757<lb/> Nieuwenhoven 397, 438, 444, 474, 588, 606,<lb/> 744, 922<lb/></p><p xml:id="INT_2c94685c-409c-3906-a27b-8b13882382b7.TEI.1.text.1.body.1.div.1.p.145" xml:lang="nl" rend="font-size: 8.5; line-height: 9.6pt" xmlns="http://www.tei-c.org/ns/1.0">Nieuwpoort 210, 334, 442, 443, 710, 951<lb/> Noordwijk 744, 748, 749<lb/> Noorman 582, 844, 845, 938<lb/> Noot (Eng.) 574<lb/></p><p xml:id="INT_2c94685c-409c-3906-a27b-8b13882382b7.TEI.1.text.1.body.1.div.1.p.146" xml:lang="nl" rend="font-size: 8.5; line-height: 9.6pt; margin-left: 1100; text-indent: -11.0pt" xmlns="http://www.tei-c.org/ns/1.0">Nossa Senhora da Ajuda Sao António (Port.)<lb/> 923<lb/></p><p xml:id="INT_2c94685c-409c-3906-a27b-8b13882382b7.TEI.1.text.1.body.1.div.1.p.147" xml:lang="nl" rend="font-size: 8.5; line-height: 9.6pt" xmlns="http://www.tei-c.org/ns/1.0">Nossa Senhora da Guia Sao Joao (Port.) 565<lb/> Nossa Senhora de Cardais (Port.) 923<lb/> Nossa Senhora do Rosório (Port.) 72<lb/> Nossa Senhora dos Remódios (Port.) 565<lb/></p><pb xml:id="INT_2c94685c-409c-3906-a27b-8b13882382b7.TEI.1.text.1.body.1.div.1.pb.4" n="990" facs="http://resources.huygens.knaw.nl/retroapp/service_generalemissiven/gm_03/images/gm_3_125_0990.tif"/><fw xml:id="INT_2c94685c-409c-3906-a27b-8b13882382b7.TEI.1.text.1.body.1.div.1.fw.5" place="top" type="page-number" facs="#zone.6609529" xmlns="http://www.tei-c.org/ns/1.0">990</fw><fw xml:id="INT_2c94685c-409c-3906-a27b-8b13882382b7.TEI.1.text.1.body.1.div.1.fw.6" place="top" type="head" facs="#zone.6609533" xmlns="http://www.tei-c.org/ns/1.0">INDEX VAN SCHEEPSNAMEN</fw><p xml:id="INT_2c94685c-409c-3906-a27b-8b13882382b7.TEI.1.text.1.body.1.div.1.p.148" xml:lang="nl" rend="font-size: 8.5; line-height: 9.9pt" xmlns="http://www.tei-c.org/ns/1.0">Noteboom 432, 484<lb/> Nuisenborg 636, 786<lb/></p><p xml:id="INT_2c94685c-409c-3906-a27b-8b13882382b7.TEI.1.text.1.body.1.div.1.p.149" xml:lang="nl" rend="font-size: 7.5; text-align: center; line-height: 8.3pt" xmlns="http://www.tei-c.org/ns/1.0">O<lb/></p><p xml:id="INT_2c94685c-409c-3906-a27b-8b13882382b7.TEI.1.text.1.body.1.div.1.p.150" xml:lang="nl" rend="font-size: 8.5; line-height: 9.6pt" xmlns="http://www.tei-c.org/ns/1.0">Oak, Royal (Eng.) 466<lb/> Oldenburg (Deens) 877, 893, 917, 918<lb/> Olifant 3, 49, 78, 210, 218, 219, 372, 383, 406<lb/> Olifant, Witte (Siamees) 258<lb/> Olijftak (Eng.) 137<lb/></p><p xml:id="INT_2c94685c-409c-3906-a27b-8b13882382b7.TEI.1.text.1.body.1.div.1.p.151" xml:lang="nl" rend="font-size: 8.5; line-height: 9.6pt; margin-left: 1200; text-indent: -12.0pt" xmlns="http://www.tei-c.org/ns/1.0">Ooievaar 147, 173, 229, 244, 265, 275, 383,<lb/> 393, 736<lb/></p><p xml:id="INT_2c94685c-409c-3906-a27b-8b13882382b7.TEI.1.text.1.body.1.div.1.p.152" xml:lang="nl" rend="font-size: 8.5; line-height: 9.6pt" xmlns="http://www.tei-c.org/ns/1.0">Oostenburg 655, 920<lb/></p><p xml:id="INT_2c94685c-409c-3906-a27b-8b13882382b7.TEI.1.text.1.body.1.div.1.p.153" xml:lang="nl" rend="font-size: 8.5; line-height: 9.6pt" xmlns="http://www.tei-c.org/ns/1.0">Oranje 4, 78, 147, 191, 208, 248, 321, 322<lb/> Oranjeboom 162<lb/> Orel (Russisch) 776<lb/> Os 17<lb/></p><p xml:id="INT_2c94685c-409c-3906-a27b-8b13882382b7.TEI.1.text.1.body.1.div.1.p.154" xml:lang="nl" rend="font-size: 8.5; line-height: 9.6pt" xmlns="http://www.tei-c.org/ns/1.0">Osdorp 790, 874, 907<lb/> Oudshoom 693<lb/> O verveen 614, 624<lb/></p><p xml:id="INT_2c94685c-409c-3906-a27b-8b13882382b7.TEI.1.text.1.body.1.div.1.p.155" xml:lang="nl" rend="font-size: 7; text-align: center; line-height: 7.7pt" xmlns="http://www.tei-c.org/ns/1.0">1»<lb/></p><p xml:id="INT_2c94685c-409c-3906-a27b-8b13882382b7.TEI.1.text.1.body.1.div.1.p.156" xml:lang="nl" rend="font-size: 8.5; line-height: 9.6pt" xmlns="http://www.tei-c.org/ns/1.0">Paard, Witte 49, 52, 92, 127, 147<lb/> Padang 785<lb/></p><p xml:id="INT_2c94685c-409c-3906-a27b-8b13882382b7.TEI.1.text.1.body.1.div.1.p.157" xml:lang="nl" rend="font-size: 8.5; line-height: 9.6pt" xmlns="http://www.tei-c.org/ns/1.0">Paleacatte 97, 128, 264, 299, 338, 425<lb/> Parel 191, 208, 248, 404, 529, 938<lb/> Parkiet 557<lb/></p><p xml:id="INT_2c94685c-409c-3906-a27b-8b13882382b7.TEI.1.text.1.body.1.div.1.p.158" xml:lang="nl" rend="font-size: 8.5; line-height: 9.6pt" xmlns="http://www.tei-c.org/ns/1.0">Patiëntie 54, 101, 106, 209<lb/> Pauw 500, 611, 624, 717, 882<lb/> Pegu 233, 234, 264, 265, 299, 335, 432, 444,<lb/> 446, 456, 551<lb/> Pelikaan 63, 69, 96<lb/> Peperbaal 404, 465<lb/></p><p xml:id="INT_2c94685c-409c-3906-a27b-8b13882382b7.TEI.1.text.1.body.1.div.1.p.159" xml:lang="nl" rend="font-size: 8.5; line-height: 9.6pt" xmlns="http://www.tei-c.org/ns/1.0">Phoenix 78, 147, 210, 314, 334, 344, 544, 561<lb/></p><p xml:id="INT_2c94685c-409c-3906-a27b-8b13882382b7.TEI.1.text.1.body.1.div.1.p.160" xml:lang="nl" rend="font-size: 8.5; line-height: 9.6pt" xmlns="http://www.tei-c.org/ns/1.0">Phoenix (Eng.) 811, 814<lb/></p><p xml:id="INT_2c94685c-409c-3906-a27b-8b13882382b7.TEI.1.text.1.body.1.div.1.p.161" xml:lang="nl" rend="font-size: 8.5; line-height: 9.6pt" xmlns="http://www.tei-c.org/ns/1.0">Phoenix (Frans) 948<lb/></p><p xml:id="INT_2c94685c-409c-3906-a27b-8b13882382b7.TEI.1.text.1.body.1.div.1.p.162" xml:lang="nl" rend="font-size: 8.5; line-height: 9.6pt" xmlns="http://www.tei-c.org/ns/1.0">Phoenix, Gulden (Deens) 893<lb/></p><p xml:id="INT_2c94685c-409c-3906-a27b-8b13882382b7.TEI.1.text.1.body.1.div.1.p.163" xml:lang="nl" rend="font-size: 8.5; line-height: 9.6pt" xmlns="http://www.tei-c.org/ns/1.0">Pimpel 873<lb/></p><p xml:id="INT_2c94685c-409c-3906-a27b-8b13882382b7.TEI.1.text.1.body.1.div.1.p.164" xml:lang="nl" rend="font-size: 8.5; line-height: 9.6pt" xmlns="http://www.tei-c.org/ns/1.0">Pipoli 340, 551<lb/></p><p xml:id="INT_2c94685c-409c-3906-a27b-8b13882382b7.TEI.1.text.1.body.1.div.1.p.165" xml:lang="nl" rend="font-size: 8.5; line-height: 9.6pt" xmlns="http://www.tei-c.org/ns/1.0">Planter (Eng.) 482, 486<lb/></p><p xml:id="INT_2c94685c-409c-3906-a27b-8b13882382b7.TEI.1.text.1.body.1.div.1.p.166" xml:lang="nl" rend="font-size: 8.5; line-height: 9.6pt" xmlns="http://www.tei-c.org/ns/1.0">Poelsnip 772, 830<lb/></p><p xml:id="INT_2c94685c-409c-3906-a27b-8b13882382b7.TEI.1.text.1.body.1.div.1.p.167" xml:lang="nl" rend="font-size: 8.5; line-height: 9.6pt" xmlns="http://www.tei-c.org/ns/1.0">Popkensburg 127<lb/></p><p xml:id="INT_2c94685c-409c-3906-a27b-8b13882382b7.TEI.1.text.1.body.1.div.1.p.168" xml:lang="nl" rend="font-size: 8.5; line-height: 9.6pt" xmlns="http://www.tei-c.org/ns/1.0">Postiljon 250, 321, 349, 417<lb/></p><p xml:id="INT_2c94685c-409c-3906-a27b-8b13882382b7.TEI.1.text.1.body.1.div.1.p.169" xml:lang="nl" rend="font-size: 8.5; line-height: 9.6pt" xmlns="http://www.tei-c.org/ns/1.0">Prins, Jonge 18, 78, 404, 417, 442, 476<lb/></p><p xml:id="INT_2c94685c-409c-3906-a27b-8b13882382b7.TEI.1.text.1.body.1.div.1.p.170" xml:lang="nl" rend="font-size: 8.5; line-height: 9.6pt" xmlns="http://www.tei-c.org/ns/1.0">Prins Willem 3, 91, 107, 146, 210, 240<lb/></p><p xml:id="INT_2c94685c-409c-3906-a27b-8b13882382b7.TEI.1.text.1.body.1.div.1.p.171" xml:lang="nl" rend="font-size: 8.5; line-height: 9.6pt" xmlns="http://www.tei-c.org/ns/1.0">Prinses Royale 159, 207, 208, 248, 458, 578<lb/></p><p xml:id="INT_2c94685c-409c-3906-a27b-8b13882382b7.TEI.1.text.1.body.1.div.1.p.172" xml:lang="nl" rend="font-size: 8.5; line-height: 9.6pt" xmlns="http://www.tei-c.org/ns/1.0">Prosperity (Eng.) 168<lb/></p><p xml:id="INT_2c94685c-409c-3906-a27b-8b13882382b7.TEI.1.text.1.body.1.div.1.p.173" xml:lang="nl" rend="font-size: 8.5; line-height: 9.6pt" xmlns="http://www.tei-c.org/ns/1.0">Provinciën 78, 147, 210, 314<lb/></p><p xml:id="INT_2c94685c-409c-3906-a27b-8b13882382b7.TEI.1.text.1.body.1.div.1.p.174" xml:lang="nl" rend="font-size: 8.5; line-height: 9.6pt" xmlns="http://www.tei-c.org/ns/1.0">Purmerland 587, 588<lb/></p><p xml:id="INT_2c94685c-409c-3906-a27b-8b13882382b7.TEI.1.text.1.body.1.div.1.p.175" xml:lang="nl" rend="font-size: 8.5; line-height: 9.6pt" xmlns="http://www.tei-c.org/ns/1.0">Pijl 909, 910, 922<lb/></p><p xml:id="INT_2c94685c-409c-3906-a27b-8b13882382b7.TEI.1.text.1.body.1.div.1.p.176" xml:lang="nl" rend="font-size: 8.5; text-align: center; line-height: 9.4pt" xmlns="http://www.tei-c.org/ns/1.0">R<lb/></p><p xml:id="INT_2c94685c-409c-3906-a27b-8b13882382b7.TEI.1.text.1.body.1.div.1.p.177" xml:lang="nl" rend="font-size: 8.5; line-height: 9.6pt" xmlns="http://www.tei-c.org/ns/1.0">Rammekens 922, 947<lb/> Rembang 845<lb/> Remedie, Hollandse 421<lb/> Renoster 240<lb/> Rhenen 910, 922<lb/></p><p xml:id="INT_2c94685c-409c-3906-a27b-8b13882382b7.TEI.1.text.1.body.1.div.1.p.178" xml:lang="nl" rend="font-size: 8.5; line-height: 9.4pt" xmlns="http://www.tei-c.org/ns/1.0">Richard (Eng.) 482<lb/></p><p xml:id="INT_2c94685c-409c-3906-a27b-8b13882382b7.TEI.1.text.1.body.1.div.1.p.179" xml:lang="nl" rend="font-size: 8.5; line-height: 9.4pt" xmlns="http://www.tei-c.org/ns/1.0">Richard and Martha (Eng.) 275<lb/></p><p xml:id="INT_2c94685c-409c-3906-a27b-8b13882382b7.TEI.1.text.1.body.1.div.1.p.180" xml:lang="nl" rend="font-size: 8.5; line-height: 9.6pt" xmlns="http://www.tei-c.org/ns/1.0">Romein 298<lb/></p><p xml:id="INT_2c94685c-409c-3906-a27b-8b13882382b7.TEI.1.text.1.body.1.div.1.p.181" xml:lang="nl" rend="font-size: 8.5; line-height: 9.6pt" xmlns="http://www.tei-c.org/ns/1.0">Rosé, Golden (Eng.) 82<lb/></p><p xml:id="INT_2c94685c-409c-3906-a27b-8b13882382b7.TEI.1.text.1.body.1.div.1.p.182" xml:lang="nl" rend="font-size: 8.5; line-height: 9.6pt" xmlns="http://www.tei-c.org/ns/1.0">Rotgans 938<lb/></p><p xml:id="INT_2c94685c-409c-3906-a27b-8b13882382b7.TEI.1.text.1.body.1.div.1.p.183" xml:lang="nl" rend="font-size: 8.5; line-height: 9.4pt" xmlns="http://www.tei-c.org/ns/1.0">Rotterdam 4, 78, 147, 212, 294, 381<lb/></p><p xml:id="INT_2c94685c-409c-3906-a27b-8b13882382b7.TEI.1.text.1.body.1.div.1.p.184" xml:lang="nl" rend="font-size: 8.5; line-height: 9.6pt" xmlns="http://www.tei-c.org/ns/1.0">Rotterdam, Kasteel 938<lb/></p><p xml:id="INT_2c94685c-409c-3906-a27b-8b13882382b7.TEI.1.text.1.body.1.div.1.p.185" xml:lang="nl" rend="font-size: 8.5; line-height: 9.6pt" xmlns="http://www.tei-c.org/ns/1.0">Rozenkrans 845, 938<lb/></p><p xml:id="INT_2c94685c-409c-3906-a27b-8b13882382b7.TEI.1.text.1.body.1.div.1.p.186" xml:lang="nl" rend="font-size: 8.5; line-height: 9.6pt" xmlns="http://www.tei-c.org/ns/1.0">Rozenobel 641<lb/></p><p xml:id="INT_2c94685c-409c-3906-a27b-8b13882382b7.TEI.1.text.1.body.1.div.1.p.187" xml:lang="nl" rend="font-size: 8.5; line-height: 9.6pt" xmlns="http://www.tei-c.org/ns/1.0">Ruby (Eng.) 233, 828<lb/></p><p xml:id="INT_2c94685c-409c-3906-a27b-8b13882382b7.TEI.1.text.1.body.1.div.1.p.188" xml:lang="nl" rend="font-size: 8.5; line-height: 9.6pt" xmlns="http://www.tei-c.org/ns/1.0">Run, Pulau 790, 819<lb/></p><p xml:id="INT_2c94685c-409c-3906-a27b-8b13882382b7.TEI.1.text.1.body.1.div.1.p.189" xml:lang="nl" rend="font-size: 8.5; line-height: 9.6pt" xmlns="http://www.tei-c.org/ns/1.0">Rijnland 526<lb/></p><p xml:id="INT_2c94685c-409c-3906-a27b-8b13882382b7.TEI.1.text.1.body.1.div.1.p.190" xml:lang="nl" rend="font-size: 8.5; text-align: center; line-height: 9.4pt; margin-right: 400" xmlns="http://www.tei-c.org/ns/1.0">S<lb/></p><p xml:id="INT_2c94685c-409c-3906-a27b-8b13882382b7.TEI.1.text.1.body.1.div.1.p.191" xml:lang="nl" rend="font-size: 8.5; line-height: 9.6pt" xmlns="http://www.tei-c.org/ns/1.0">Saffier 93, 126, 164<lb/> Sagoboom 487<lb/> Saint (Eng.) 915<lb/> Saint Charles (Frans) 733<lb/> Saint Esprit (Frans) 832<lb/> Saint Jacques (Frans) 731<lb/> Saint Jean (Frans) 628, 636, 702, 749, 827,<lb/> 887, 888, 906, 910, 948<lb/> Saint Jean, Petit (Frans) 731<lb/> Saint Louis 829, 948<lb/> Saint Paul (Frans) 915<lb/> Salamander 234, 381<lb/> Salamat (Hindustans) 171, 333<lb/> Samaritan (Eng.) 256<lb/> Samson (Eng.) 948<lb/> San Diego (Spaans) 9<lb/> Sandijk 48<lb/></p><p xml:id="INT_2c94685c-409c-3906-a27b-8b13882382b7.TEI.1.text.1.body.1.div.1.p.192" xml:lang="nl" rend="font-size: 8.5; line-height: 9.6pt" xmlns="http://www.tei-c.org/ns/1.0">Santa Teresa (Port.) 634, 672<lb/> Santo Sacramento (Port.) 72<lb/> Sao Bento (Port.) 634<lb/> SS.o Francisco (Port.) 72<lb/> Sak» Joao de Ribeiro (Port.) 809, 819, 923<lb/> SSo Pedro (Port.) 565, 566<lb/> Sao Pedro de Rates (Port.) 923<lb/> Satisfaction (Eng.) 710, 738<lb/> Saxenburg 867, 919<lb/> Schelvis 18, 191, 192, 208<lb/> Schermer 741, 812<lb/> Schol 91<lb/> Schollevaar 640<lb/> Schout 720<lb/> Seaflower (Eng.) 481<lb/> Seahorse (Eng.) 42, 106, 107<lb/> Sint George (Eng.) 911, 948<lb/> Sint John and Thomas (Eng.) 82<lb/> Slot van Honingen 144, 146, 147, 400, 404,<lb/> 561<lb/></p><p xml:id="INT_2c94685c-409c-3906-a27b-8b13882382b7.TEI.1.text.1.body.1.div.1.p.193" xml:lang="nl" rend="font-size: 8.5; line-height: 9.6pt" xmlns="http://www.tei-c.org/ns/1.0">Sluis 2, 172, 206, 234, 239, 339, 433<lb/> Smient 62<lb/></p><p xml:id="INT_2c94685c-409c-3906-a27b-8b13882382b7.TEI.1.text.1.body.1.div.1.p.194" xml:lang="nl" rend="font-size: 8.5; line-height: 9.6pt" xmlns="http://www.tei-c.org/ns/1.0">Society (Eng.) 242, 274<lb/> Soleil (Frans) 749<lb/> Soleil d’Orient (Frans) 914<lb/> Spaarendam 647, 786, 788<lb/> Spanbroek 766<lb/></p><pb xml:id="INT_2c94685c-409c-3906-a27b-8b13882382b7.TEI.1.text.1.body.1.div.1.pb.5" n="991" facs="http://resources.huygens.knaw.nl/retroapp/service_generalemissiven/gm_03/images/gm_3_125_0991.tif"/><fw xml:id="INT_2c94685c-409c-3906-a27b-8b13882382b7.TEI.1.text.1.body.1.div.1.fw.7" place="top" type="head" facs="#zone.6611364" xmlns="http://www.tei-c.org/ns/1.0">INDEX VAN SCHEEPSNAMEN</fw><fw xml:id="INT_2c94685c-409c-3906-a27b-8b13882382b7.TEI.1.text.1.body.1.div.1.fw.8" place="top" type="page-number" facs="#zone.6611370" xmlns="http://www.tei-c.org/ns/1.0">991</fw><p xml:id="INT_2c94685c-409c-3906-a27b-8b13882382b7.TEI.1.text.1.body.1.div.1.p.195" xml:lang="nl" rend="font-size: 8.5; line-height: 9.6pt" xmlns="http://www.tei-c.org/ns/1.0">Spreeuw 307, 328, 354, 359, 393, 400, 402,<lb/> 546, 617, 929<lb/> Ster 609<lb/> Stokvis 708<lb/></p><p xml:id="INT_2c94685c-409c-3906-a27b-8b13882382b7.TEI.1.text.1.body.1.div.1.p.196" xml:lang="nl" rend="font-size: 8.5; line-height: 9.6pt" xmlns="http://www.tei-c.org/ns/1.0">Stompneus 708, 754, 892<lb/> Sulthane (Frans) 789<lb/> Suratte (Eng.) 574, 821, 822<lb/></p><p xml:id="INT_2c94685c-409c-3906-a27b-8b13882382b7.TEI.1.text.1.body.1.div.1.p.197" xml:lang="nl" rend="font-size: 8; text-align: center; line-height: 8.9pt; margin-right: 100" xmlns="http://www.tei-c.org/ns/1.0">T<lb/></p><p xml:id="INT_2c94685c-409c-3906-a27b-8b13882382b7.TEI.1.text.1.body.1.div.1.p.198" xml:lang="nl" rend="font-size: 8.5; line-height: 9.6pt" xmlns="http://www.tei-c.org/ns/1.0">Tagulandang 487<lb/></p><p xml:id="INT_2c94685c-409c-3906-a27b-8b13882382b7.TEI.1.text.1.body.1.div.1.p.199" xml:lang="nl" rend="font-size: 8.5; line-height: 9.6pt" xmlns="http://www.tei-c.org/ns/1.0">Terboede 248, 479, 543, 573, 586, 604<lb/> Terschelling 395, 426<lb/> Thaiwan 444<lb/></p><p xml:id="INT_2c94685c-409c-3906-a27b-8b13882382b7.TEI.1.text.1.body.1.div.1.p.200" xml:lang="nl" rend="font-size: 8.5; line-height: 9.6pt" xmlns="http://www.tei-c.org/ns/1.0">Thomas William (Eng.) 234, 288<lb/> Tliree Brothers (Eng.) 79, 82, 83<lb/> Timor 846<lb/> Tonijn 644, 754<lb/></p><p xml:id="INT_2c94685c-409c-3906-a27b-8b13882382b7.TEI.1.text.1.body.1.div.1.p.201" xml:lang="nl" rend="font-size: 8.5; line-height: 9.6pt; margin-left: 1100; text-indent: -11.0pt" xmlns="http://www.tei-c.org/ns/1.0">Tortelduif 37, 73, 80, 106, 108, 143, 156, 397,<lb/> 415, 416<lb/></p><p xml:id="INT_2c94685c-409c-3906-a27b-8b13882382b7.TEI.1.text.1.body.1.div.1.p.202" xml:lang="nl" rend="font-size: 8.5; line-height: 9.6pt" xmlns="http://www.tei-c.org/ns/1.0">Triomphe (Frans) 817, 829<lb/> Trouw 1, 24, 45, 61, 127, 248<lb/> Tulp 46, 714<lb/> Tulpenburg 689<lb/> Turk (Eng.), zie Dorcas<lb/> Tijger 525, 579, 602<lb/> Tijger (Eng.) 165<lb/></p><p xml:id="INT_2c94685c-409c-3906-a27b-8b13882382b7.TEI.1.text.1.body.1.div.1.p.203" xml:lang="nl" rend="font-size: 8; text-align: center; line-height: 8.9pt; margin-right: 100" xmlns="http://www.tei-c.org/ns/1.0">U<lb/></p><p xml:id="INT_2c94685c-409c-3906-a27b-8b13882382b7.TEI.1.text.1.body.1.div.1.p.204" xml:lang="nl" rend="font-size: 8.5; line-height: 9.6pt" xmlns="http://www.tei-c.org/ns/1.0">Ulysses 192, 208, 355, 383, 397, 489<lb/> Unicom (Eng.) 748<lb/> Urk 193, 388<lb/> Utrecht 415, 416<lb/></p><p xml:id="INT_2c94685c-409c-3906-a27b-8b13882382b7.TEI.1.text.1.body.1.div.1.p.205" xml:lang="nl" rend="font-size: 8; text-align: center; line-height: 8.9pt; margin-right: 100" xmlns="http://www.tei-c.org/ns/1.0">V<lb/></p><p xml:id="INT_2c94685c-409c-3906-a27b-8b13882382b7.TEI.1.text.1.body.1.div.1.p.206" xml:lang="nl" rend="font-size: 8.5; line-height: 9.6pt" xmlns="http://www.tei-c.org/ns/1.0">Valk 91<lb/></p><p xml:id="INT_2c94685c-409c-3906-a27b-8b13882382b7.TEI.1.text.1.body.1.div.1.p.207" xml:lang="nl" rend="font-size: 8.5; line-height: 9.6pt" xmlns="http://www.tei-c.org/ns/1.0">Valk (Zweeds) 515, 565, 568<lb/> Veere 359<lb/> Veldhoen 496<lb/> Velzen 766<lb/> Velzen, Huis te 947<lb/></p><p xml:id="INT_2c94685c-409c-3906-a27b-8b13882382b7.TEI.1.text.1.body.1.div.1.p.208" xml:lang="nl" rend="font-size: 8.5; line-height: 9.6pt; margin-left: 1100; text-indent: -11.0pt" xmlns="http://www.tei-c.org/ns/1.0">Venenburg 147, 172, 290, 328, 344, 354, 404,<lb/> 557, 640<lb/></p><p xml:id="INT_2c94685c-409c-3906-a27b-8b13882382b7.TEI.1.text.1.body.1.div.1.p.209" xml:lang="nl" rend="font-size: 8.5; line-height: 9.6pt" xmlns="http://www.tei-c.org/ns/1.0">Verloren Zoon 357<lb/> Victoria 652, 702, 775<lb/> Vink 147, 250, 359, 628, 720<lb/> Vintage (Eng.) 398<lb/> Virgin (Eng.) 161, 166, 230<lb/> Visser, Blauwe 951<lb/> Vlaardingen 479<lb/></p><p xml:id="INT_2c94685c-409c-3906-a27b-8b13882382b7.TEI.1.text.1.body.1.div.1.p.210" xml:lang="nl" rend="font-size: 8.5; line-height: 9.6pt" xmlns="http://www.tei-c.org/ns/1.0">Vleermuis 2, 45, 54, 61, 69, 70, 124<lb/> Vlieger 786<lb/></p><p xml:id="INT_2c94685c-409c-3906-a27b-8b13882382b7.TEI.1.text.1.body.1.div.1.p.211" xml:lang="nl" rend="font-size: 8.5; line-height: 9.6pt" xmlns="http://www.tei-c.org/ns/1.0">Vlieland 105, 170, 227-229, 273, 503, 504, 640<lb/> Vlissingen 102, 168, 210, 215, 314, 504<lb/></p><p xml:id="INT_2c94685c-409c-3906-a27b-8b13882382b7.TEI.1.text.1.body.1.div.1.p.212" xml:lang="nl" rend="font-size: 8.5; line-height: 9.6pt; margin-left: 900" xmlns="http://www.tei-c.org/ns/1.0">Vogelenzang 147, 190, 201, 289, 311, 372, 512<lb/> Vollenhoven 366, 399, 422, 456, 473<lb/> Voorn 853<lb/></p><p xml:id="INT_2c94685c-409c-3906-a27b-8b13882382b7.TEI.1.text.1.body.1.div.1.p.213" xml:lang="nl" rend="font-size: 8.5; line-height: 9.6pt; margin-left: 900" xmlns="http://www.tei-c.org/ns/1.0">Voorzichtigheid 746, 772<lb/></p><p xml:id="INT_2c94685c-409c-3906-a27b-8b13882382b7.TEI.1.text.1.body.1.div.1.p.214" xml:lang="nl" rend="font-size: 8.5; line-height: 9.6pt; margin-left: 900" xmlns="http://www.tei-c.org/ns/1.0">Vos, Rode 47, 54, 115, 193, 359, 386<lb/></p><p xml:id="INT_2c94685c-409c-3906-a27b-8b13882382b7.TEI.1.text.1.body.1.div.1.p.215" xml:lang="nl" rend="font-size: 8.5; line-height: 9.6pt; margin-left: 900" xmlns="http://www.tei-c.org/ns/1.0">Vos, Zwarte 55, 108, 115<lb/></p><p xml:id="INT_2c94685c-409c-3906-a27b-8b13882382b7.TEI.1.text.1.body.1.div.1.p.216" xml:lang="nl" rend="font-size: 8.5; line-height: 9.6pt; margin-left: 900" xmlns="http://www.tei-c.org/ns/1.0">Vrede, Gekroonde 678<lb/></p><p xml:id="INT_2c94685c-409c-3906-a27b-8b13882382b7.TEI.1.text.1.body.1.div.1.p.217" xml:lang="nl" rend="font-size: 8.5; line-height: 9.6pt; margin-left: 900" xmlns="http://www.tei-c.org/ns/1.0">Vrede, Inlandse 612, 649<lb/></p><p xml:id="INT_2c94685c-409c-3906-a27b-8b13882382b7.TEI.1.text.1.body.1.div.1.p.218" xml:lang="nl" rend="font-size: 8.5; line-height: 9.6pt; margin-left: 900" xmlns="http://www.tei-c.org/ns/1.0">Vrijheid 614<lb/></p><p xml:id="INT_2c94685c-409c-3906-a27b-8b13882382b7.TEI.1.text.1.body.1.div.1.p.219" xml:lang="nl" rend="font-size: 8; text-align: center; line-height: 8.9pt; margin-right: 800" xmlns="http://www.tei-c.org/ns/1.0">W<lb/></p><p xml:id="INT_2c94685c-409c-3906-a27b-8b13882382b7.TEI.1.text.1.body.1.div.1.p.220" xml:lang="nl" rend="font-size: 8.5; line-height: 9.6pt; margin-left: 900" xmlns="http://www.tei-c.org/ns/1.0">Wachter 147, 218<lb/> Wakende Boei 184, 185, 211, 578<lb/> Walcheren 404, 579<lb/> Walingen 619<lb/></p><p xml:id="INT_2c94685c-409c-3906-a27b-8b13882382b7.TEI.1.text.1.body.1.div.1.p.221" xml:lang="nl" rend="font-size: 8.5; line-height: 9.6pt; margin-left: 900" xmlns="http://www.tei-c.org/ns/1.0">Walvis 24-26, 78, 210, 314, 335, 355, 383, 411<lb/></p><p xml:id="INT_2c94685c-409c-3906-a27b-8b13882382b7.TEI.1.text.1.body.1.div.1.p.222" xml:lang="nl" rend="font-size: 8.5; line-height: 9.6pt; margin-left: 900" xmlns="http://www.tei-c.org/ns/1.0">Wapen van Amsterdam 146, 210, 314, 404<lb/></p><p xml:id="INT_2c94685c-409c-3906-a27b-8b13882382b7.TEI.1.text.1.body.1.div.1.p.223" xml:lang="nl" rend="font-size: 8.5; line-height: 9.6pt; margin-left: 900" xmlns="http://www.tei-c.org/ns/1.0">Wapen van Goes 909<lb/></p><p xml:id="INT_2c94685c-409c-3906-a27b-8b13882382b7.TEI.1.text.1.body.1.div.1.p.224" xml:lang="nl" rend="font-size: 8.5; line-height: 9.6pt; margin-left: 900" xmlns="http://www.tei-c.org/ns/1.0">Wapen van Gouda 888<lb/></p><p xml:id="INT_2c94685c-409c-3906-a27b-8b13882382b7.TEI.1.text.1.body.1.div.1.p.225" xml:lang="nl" rend="font-size: 8.5; line-height: 9.6pt; margin-left: 900" xmlns="http://www.tei-c.org/ns/1.0">Wapen van Holland 3, 146, 210<lb/></p><p xml:id="INT_2c94685c-409c-3906-a27b-8b13882382b7.TEI.1.text.1.body.1.div.1.p.226" xml:lang="nl" rend="font-size: 8.5; line-height: 9.6pt; margin-left: 900" xmlns="http://www.tei-c.org/ns/1.0">Wapen van Hoorn 693, 722, 916<lb/></p><p xml:id="INT_2c94685c-409c-3906-a27b-8b13882382b7.TEI.1.text.1.body.1.div.1.p.227" xml:lang="nl" rend="font-size: 8.5; line-height: 9.6pt; margin-left: 900" xmlns="http://www.tei-c.org/ns/1.0">Waterhoen 534, 822<lb/></p><p xml:id="INT_2c94685c-409c-3906-a27b-8b13882382b7.TEI.1.text.1.body.1.div.1.p.228" xml:lang="nl" rend="font-size: 8.5; line-height: 9.6pt; margin-left: 900" xmlns="http://www.tei-c.org/ns/1.0">Weesp 108, 158, 227, 229, 265, 266, 276, 312,<lb/> 339, 340, 395<lb/> Welcome (Eng.) 274, 482<lb/> Westfriesland 107, 146, 246, 248, 404, 422<lb/> Westwoud 491<lb/></p><p xml:id="INT_2c94685c-409c-3906-a27b-8b13882382b7.TEI.1.text.1.body.1.div.1.p.229" xml:lang="nl" rend="font-size: 8.5; line-height: 9.6pt; margin-left: 900" xmlns="http://www.tei-c.org/ns/1.0">Wilgenburg 479, 567, 740, 754, 918<lb/> William (Eng.) 161, 237<lb/> Windhond 47, 127, 212, 240<lb/> Workum 359, 360, 388<lb/> Wijngaard 951<lb/></p><p xml:id="INT_2c94685c-409c-3906-a27b-8b13882382b7.TEI.1.text.1.body.1.div.1.p.230" xml:lang="nl" rend="font-size: 8; text-align: center; line-height: 8.9pt; margin-right: 800" xmlns="http://www.tei-c.org/ns/1.0">Y<lb/></p><p xml:id="INT_2c94685c-409c-3906-a27b-8b13882382b7.TEI.1.text.1.body.1.div.1.p.231" xml:lang="nl" rend="font-size: 8.5; line-height: 9.4pt; margin-left: 900" xmlns="http://www.tei-c.org/ns/1.0">Ysselstein 790, 819<lb/></p><p xml:id="INT_2c94685c-409c-3906-a27b-8b13882382b7.TEI.1.text.1.body.1.div.1.p.232" xml:lang="nl" rend="font-size: 8; text-align: center; line-height: 8.9pt; margin-right: 800" xmlns="http://www.tei-c.org/ns/1.0">Z<lb/></p><p xml:id="INT_2c94685c-409c-3906-a27b-8b13882382b7.TEI.1.text.1.body.1.div.1.p.233" xml:lang="nl" rend="font-size: 8.5; line-height: 9.4pt; margin-left: 900" xmlns="http://www.tei-c.org/ns/1.0">Zalm 3, 938<lb/></p><p xml:id="INT_2c94685c-409c-3906-a27b-8b13882382b7.TEI.1.text.1.body.1.div.1.p.234" xml:lang="nl" rend="font-size: 8.5; line-height: 9.6pt; margin-left: 900" xmlns="http://www.tei-c.org/ns/1.0">Zandloper 483, 670, 778, 951<lb/></p><p xml:id="INT_2c94685c-409c-3906-a27b-8b13882382b7.TEI.1.text.1.body.1.div.1.p.235" xml:lang="nl" rend="font-size: 8.5; line-height: 9.6pt; margin-left: 900" xmlns="http://www.tei-c.org/ns/1.0">Zeebloem 446<lb/></p><p xml:id="INT_2c94685c-409c-3906-a27b-8b13882382b7.TEI.1.text.1.body.1.div.1.p.236" xml:lang="nl" rend="font-size: 8.5; line-height: 9.6pt; margin-left: 900" xmlns="http://www.tei-c.org/ns/1.0">Zeehond 121<lb/></p><p xml:id="INT_2c94685c-409c-3906-a27b-8b13882382b7.TEI.1.text.1.body.1.div.1.p.237" xml:lang="nl" rend="font-size: 8.5; line-height: 9.6pt; margin-left: 900" xmlns="http://www.tei-c.org/ns/1.0">Zeelandia 70, 113<lb/></p><p xml:id="INT_2c94685c-409c-3906-a27b-8b13882382b7.TEI.1.text.1.body.1.div.1.p.238" xml:lang="nl" rend="font-size: 8.5; line-height: 9.6pt; margin-left: 900" xmlns="http://www.tei-c.org/ns/1.0">Zeepaard 165, 200, 433<lb/></p><p xml:id="INT_2c94685c-409c-3906-a27b-8b13882382b7.TEI.1.text.1.body.1.div.1.p.239" xml:lang="nl" rend="font-size: 8.5; line-height: 9.6pt; margin-left: 900" xmlns="http://www.tei-c.org/ns/1.0">Zeeridder 184, 198, 199, 222, 307, 347<lb/></p><p xml:id="INT_2c94685c-409c-3906-a27b-8b13882382b7.TEI.1.text.1.body.1.div.1.p.240" xml:lang="nl" rend="font-size: 8.5; line-height: 9.6pt; margin-left: 900" xmlns="http://www.tei-c.org/ns/1.0">Zeerob 21, 29, 30<lb/></p><p xml:id="INT_2c94685c-409c-3906-a27b-8b13882382b7.TEI.1.text.1.body.1.div.1.p.241" xml:lang="nl" rend="font-size: 8.5; line-height: 9.6pt; margin-left: 900" xmlns="http://www.tei-c.org/ns/1.0">Zierikzee 2, 35, 106, 210, 314, 516<lb/></p><p xml:id="INT_2c94685c-409c-3906-a27b-8b13882382b7.TEI.1.text.1.body.1.div.1.p.242" xml:lang="nl" rend="font-size: 8.5; line-height: 9.6pt; margin-left: 900" xmlns="http://www.tei-c.org/ns/1.0">Zoetendaal 766<lb/></p><p xml:id="INT_2c94685c-409c-3906-a27b-8b13882382b7.TEI.1.text.1.body.1.div.1.p.243" xml:lang="nl" rend="font-size: 8.5; line-height: 9.6pt; margin-left: 900" xmlns="http://www.tei-c.org/ns/1.0">Zoutelande 212, 250<lb/></p><p xml:id="INT_2c94685c-409c-3906-a27b-8b13882382b7.TEI.1.text.1.body.1.div.1.p.244" xml:lang="nl" rend="font-size: 8.5; line-height: 9.6pt; margin-left: 900" xmlns="http://www.tei-c.org/ns/1.0">Zuidpolsbroek 640<lb/></p><p xml:id="INT_2c94685c-409c-3906-a27b-8b13882382b7.TEI.1.text.1.body.1.div.1.p.245" xml:lang="nl" rend="font-size: 8.5; line-height: 9.6pt; margin-left: 900" xmlns="http://www.tei-c.org/ns/1.0">Zuilen 247, 248, 432, 588, 811<lb/></p><p xml:id="INT_2c94685c-409c-3906-a27b-8b13882382b7.TEI.1.text.1.body.1.div.1.p.246" xml:lang="nl" rend="font-size: 8.5; line-height: 9.6pt; margin-left: 900" xmlns="http://www.tei-c.org/ns/1.0">Zwaan, Vliegende 877<lb/></p><p xml:id="INT_2c94685c-409c-3906-a27b-8b13882382b7.TEI.1.text.1.body.1.div.1.p.247" xml:lang="nl" rend="font-size: 8.5; line-height: 9.6pt; margin-left: 900" xmlns="http://www.tei-c.org/ns/1.0">Zwaluw 409<lb/></p><p xml:id="INT_2c94685c-409c-3906-a27b-8b13882382b7.TEI.1.text.1.body.1.div.1.p.248" xml:lang="nl" rend="font-size: 8.5; line-height: 9.6pt; margin-left: 900" xmlns="http://www.tei-c.org/ns/1.0">Zwanenburg 748. 788<lb/></p>
            
      </div>
                  </body>
                </text>
              </TEI>