<TEI xml:id="INT_0db21dad-72de-369c-8f7d-d595c00ce018" xmlns="http://www.tei-c.org/ns/1.0">
                <teiHeader>
      <fileDesc>
        <titleStmt>
          <title>Maetsuyker, Hartsinck, Verburch, Steur, Pit, Overtwater, Thijsz., Van der Meyde en van Hoorn, 21 dec. 1663</title>
        </titleStmt>
        <publicationStmt>
          <p>
            <date>21 dec. 1663</date>
            <idno type="sourceID">missiven:vol3</idno>
            <idno type="pid">INT_0db21dad-72de-369c-8f7d-d595c00ce018</idno>
          </p>
        </publicationStmt>
        <notesStmt>
          <note/>
        </notesStmt>
        <sourceDesc>
          <listBibl xml:id="inlMetadata">
            <bibl type="missive">
        <interpGrp type="page"><interp>453</interp></interpGrp>
        
      <interpGrp type="titleLevel1"><interp>Maetsuyker, Hartsinck, Verburch, Steur, Pit, Overtwater, Thijsz., Van der Meyde en van Hoorn, 21 dec. 1663</interp></interpGrp>
      <interpGrp type="dateLevel1"><interp>21 dec. 1663</interp></interpGrp>
        <interpGrp type="tocLevel"><interp>1</interp></interpGrp>
      <interpGrp type="volume"><interp>3</interp></interpGrp>
        <interpGrp type="n"><interp>XXIX</interp></interpGrp>
      
      <interpGrp type="witnessYearLevel1_from"><interp>1663</interp></interpGrp>
      <interpGrp type="witnessYearLevel1_to"><interp>1663</interp></interpGrp>
      <interpGrp type="witnessMonthLevel1_to"><interp>12</interp></interpGrp>
      <interpGrp type="witnessMonthLevel1_from"><interp>12</interp></interpGrp>
      <interpGrp type="witnessDayLevel1_to"><interp>21</interp></interpGrp>
      <interpGrp type="witnessDayLevel1_from"><interp>21</interp></interpGrp>
      <interpGrp type="authorLevel1"><interp>Maetsuyker</interp><interp>Hartsinck</interp><interp>Verburch</interp><interp>Steur</interp><interp>Pit</interp><interp>Overtwater</interp><interp>Thijsz.</interp><interp>Van der Meyde</interp><interp>van Hoorn</interp></interpGrp>
      <interpGrp type="pid"><interp>INT_0db21dad-72de-369c-8f7d-d595c00ce018</interp></interpGrp>
    </bibl>
          </listBibl>
        </sourceDesc>
      </fileDesc>
    </teiHeader>
                <text xml:id="INT_0db21dad-72de-369c-8f7d-d595c00ce018.TEI.1.text.1">
                  <body xml:id="INT_0db21dad-72de-369c-8f7d-d595c00ce018.TEI.1.text.1.body.1">
                    <div xml:id="INT_0db21dad-72de-369c-8f7d-d595c00ce018.TEI.1.text.1.body.1.div.1"><div xml:id="INT_0db21dad-72de-369c-8f7d-d595c00ce018.TEI.1.text.1.body.1.div.1.div.1" type="subdivision_for_sake_of_validation">
        
              <pb xml:id="INT_0db21dad-72de-369c-8f7d-d595c00ce018.TEI.1.text.1.body.1.div.1.div.1.pb.1" n="453" facs="http://resources.huygens.knaw.nl/retroapp/service_generalemissiven/gm_03/images/gm_3_125_0453.tif"/><fw xml:id="INT_0db21dad-72de-369c-8f7d-d595c00ce018.TEI.1.text.1.body.1.div.1.div.1.fw.1" place="top" type="head" facs="#zone.5202617" xmlns="http://www.tei-c.org/ns/1.0">Moetsuyker, Hartsinck, Verburch, Steur, Pit, Overtwater, enz. XXIX, 21 dec. 1663 453</fw><head xml:id="INT_0db21dad-72de-369c-8f7d-d595c00ce018.TEI.1.text.1.body.1.div.1.div.1.head.1" xml:lang="nl" rend="font-size: 10; text-align: justify; line-height: 11.7pt" xmlns="http://www.tei-c.org/ns/1.0">XXIX. JOAN MAETSUYKER, CAREL HARTSINCK, NICOLAES VERBURCH,<lb/> DIRCK JANSZ. STEUR, LAURENS PIT, PIETER ANTHONISZ.<lb/> OVERTWATER, JOAN THIJSZ., ADRIAEN VAN DER MEYDE EN<lb/> PIETER VAN HOORN, BATAVIA 21 dec. 1663.<lb/></head><p xml:id="INT_0db21dad-72de-369c-8f7d-d595c00ce018.TEI.1.text.1.body.1.div.1.div.1.p.1" xml:lang="nl" rend="font-size: 8; text-align: justify; line-height: 11.7pt" xmlns="http://www.tei-c.org/ns/1.0">Kol. Arch. 1131, Pag. 1-287.<lb/></p><note xml:id="INT_0db21dad-72de-369c-8f7d-d595c00ce018.TEI.1.text.1.body.1.div.1.div.1.note.1" xml:lang="nl" place="inline" type="editorial-summary" resp="editor" rend="font-style: italic; line-height: 11.7pt; text-indent: 22.0pt; text-align: justify; font-size: 10" xmlns="http://www.tei-c.org/ns/1.0">( In het algemeen komt de inhoud overeen met die van <hi rend="font-size:10; font-family:Liberation Serif" xml:lang="nl">Daghregisters</hi> 1663, vanaf<lb/> 1 sept., dus p. 418-719; verder valt hel volgende te vermelden: verwijzing naar een<lb/> gen. miss. van 5 sept., die met een Engels schip via Bantam werd verzonden, t.a.p.p.<lb/> 436 <hi rend="font-size:10; font-family:Liberation Serif; font-style:italic; vertical-align:super" xml:lang="nl">l);</hi> uit palria kwamen 3728 Compagniesdienaren, waaronder 1606 militairen; de<lb/> schepen hadden 490 doden).<lb/></note><p xml:id="INT_0db21dad-72de-369c-8f7d-d595c00ce018.TEI.1.text.1.body.1.div.1.div.1.p.2" resp="int_paragraph_joining" rend="">
              Mette bovengen, schepen hebben wij van de onder genoemde Cameren aen<lb xmlns="http://www.tei-c.org/ns/1.0"/> contanten soo silvere als goude speciën ontfangen, als volght:<lb xmlns="http://www.tei-c.org/ns/1.0"/>van de Camer Amsterdam . /. 456928.12. 8<lb xmlns="http://www.tei-c.org/ns/1.0"/>van Zelandt . . 249667. 5. —<lb xmlns="http://www.tei-c.org/ns/1.0"/>van Delft . 125143.12. 8<lb xmlns="http://www.tei-c.org/ns/1.0"/>van Rotterdam . 25000.19. —<lb xmlns="http://www.tei-c.org/ns/1.0"/>van Hoorn . . 79565.12. —<lb xmlns="http://www.tei-c.org/ns/1.0"/>Somma . . . /. 936306. 1. —<lb xmlns="http://www.tei-c.org/ns/1.0"/>
            </p><note xml:id="INT_0db21dad-72de-369c-8f7d-d595c00ce018.TEI.1.text.1.body.1.div.1.div.1.note.2" xml:lang="nl" place="inline" type="editorial-summary" resp="editor" rend="font-style: italic; line-height: 12.0pt; text-indent: 22.0pt; text-align: justify; font-size: 10" xmlns="http://www.tei-c.org/ns/1.0">(Van Amboina is slechts 49013 kruidnagelen ontvangen, waarmee slechts <hi rend="font-size:10; font-family:Liberation Serif" xml:lang="nl">§</hi> van<lb/> de handel in Azië gedekt is ) .<lb/></note><p xml:id="INT_0db21dad-72de-369c-8f7d-d595c00ce018.TEI.1.text.1.body.1.div.1.div.1.p.3" resp="int_paragraph_joining" rend="">
              Uyt desen kienen oegst sou men eenigsints mogen conjectureren, datter noch<lb xmlns="http://www.tei-c.org/ns/1.0"/> weynigh vruchts van de nieuwe plantagie getrokken werdt, des aen de bevorderinge<lb xmlns="http://www.tei-c.org/ns/1.0"/> en de voortsettinge van dien ten hoogsten gelegen leydt. Nae wij het insien,<lb xmlns="http://www.tei-c.org/ns/1.0"/> sullen der nochal eenige jaren vereysen, eer men terdege de vermenighvuldingh<lb xmlns="http://www.tei-c.org/ns/1.0"/> der nagelen van den nieuwen aenqueek sal gewaer worden, maer evenwel stellen<lb xmlns="http://www.tei-c.org/ns/1.0"/> wij vast, dat indertijd <hi rend="font-size:10; font-family:Liberation Serif; vertical-align:super" xml:lang="nl" xmlns="http://www.tei-c.org/ns/1.0">2)</hi> het aen al sulken quantiteyt, als de wereldt vertieren kan,<lb xmlns="http://www.tei-c.org/ns/1.0"/> niet gebreeken sal. Alsoo de jongste ordre, die in Amboina op de plantagie is gesteldt,<lb xmlns="http://www.tei-c.org/ns/1.0"/> gewisselijk den rechten regel sal sijn om het oogmerk eyntelijk te bereyken,<lb xmlns="http://www.tei-c.org/ns/1.0"/> hebbende wij den gouverneur ende den raed wel serieuselijk gerecommandeert<lb xmlns="http://www.tei-c.org/ns/1.0"/> hun dese saeke vooral wel ter herten te laten gaen, alsoo daeraen een groot deel<lb xmlns="http://www.tei-c.org/ns/1.0"/> van Comp.8 welvaert is hangende.<lb xmlns="http://www.tei-c.org/ns/1.0"/>P. 9.<lb xmlns="http://www.tei-c.org/ns/1.0"/>
            </p><note xml:id="INT_0db21dad-72de-369c-8f7d-d595c00ce018.TEI.1.text.1.body.1.div.1.div.1.note.3" xml:lang="nl" place="inline" type="editorial-summary" resp="editor" rend="font-style: italic; line-height: 11.1pt; text-indent: 22.0pt; text-align: justify; font-size: 10" xmlns="http://www.tei-c.org/ns/1.0">( Redenen van afschaffing van de landraad van Ilitu).<lb/></note><p xml:id="INT_0db21dad-72de-369c-8f7d-d595c00ce018.TEI.1.text.1.body.1.div.1.div.1.p.4" resp="int_paragraph_joining" rend="">
              Dat den Hitoesen landtraedt, bestaende in de overste des volks, de saeken<lb xmlns="http://www.tei-c.org/ns/1.0"/> van justitie soowel in ’t crimineel als civil eenige jaren herwaerts sij aenbevolen<lb xmlns="http://www.tei-c.org/ns/1.0"/> geweest onder de presidie van het Nederlandse hooft, op de kuste van Hitoe residerende,<lb xmlns="http://www.tei-c.org/ns/1.0"/> op welke hoge ampten en bedieninge sijlieden mettertijdt vrij stout en<lb xmlns="http://www.tei-c.org/ns/1.0"/> hoogmoedig geworden sijn en reets sooverre gecomen waren, dat se in den raedt<lb xmlns="http://www.tei-c.org/ns/1.0"/><note xml:id="INT_0db21dad-72de-369c-8f7d-d595c00ce018.TEI.1.text.1.body.1.div.1.div.1.p.4.note.1" xml:lang="nl" rend="font-size: 8; text-align: justify; line-height: 9.6pt; text-indent: 23.0pt" xmlns="http://www.tei-c.org/ns/1.0">1 ) Noch op hot Algemeen Rijksarchief, noch op het Public Record Office en bij de Indian<lb/> Office Records te Londen is deze brief bewaard gebleven, ofschoon op 21 dec. een duplicaat<lb/> werd meegezonden.<lb/></note><note xml:id="INT_0db21dad-72de-369c-8f7d-d595c00ce018.TEI.1.text.1.body.1.div.1.div.1.p.4.note.2" xml:lang="nl" rend="font-size: 8; text-align: justify; line-height: 9.6pt; margin-left: 2300" xmlns="http://www.tei-c.org/ns/1.0">2) Indertijd, mettertijd.<lb/></note><pb xml:id="INT_0db21dad-72de-369c-8f7d-d595c00ce018.TEI.1.text.1.body.1.div.1.div.1.p.4.pb.1" n="454" facs="http://resources.huygens.knaw.nl/retroapp/service_generalemissiven/gm_03/images/gm_3_125_0454.tif"/><fw xml:id="INT_0db21dad-72de-369c-8f7d-d595c00ce018.TEI.1.text.1.body.1.div.1.div.1.p.4.fw.1" place="top" type="head" xml:lang="nl" rend="text-align:justify; line-height:11.1pt" facs="#zone.5205054" xmlns="http://www.tei-c.org/ns/1.0">454 Maetsuyker, Hartsinck, Verburch, Steur, Pit, Overtwater, enz. XXIX, 21 dec. 1663</fw>alles nae haren wille wisten te dirigeren, vorderende dikwils tot straffe den onschuldigen<lb xmlns="http://www.tei-c.org/ns/1.0"/> ende den schuldigen vrijsprekende, naedat sij dan tot desel ve wel of qualijk<lb xmlns="http://www.tei-c.org/ns/1.0"/> waren gesint, sonderdat den Nederlandsen resident hare passieuse driften conde<lb xmlns="http://www.tei-c.org/ns/1.0"/> beletten, waerdoor sij bijnae in souvraine achtinge ende bijsonder den oppervooght<lb xmlns="http://www.tei-c.org/ns/1.0"/> Intie Thay onder den landsaet begonden te comen somtij ts selver met voorgeven,<lb xmlns="http://www.tei-c.org/ns/1.0"/> dat se geen onderdanen maer bondtgenoten van de Comp.e waren.<lb xmlns="http://www.tei-c.org/ns/1.0"/>
            </p></div><div xml:id="INT_0db21dad-72de-369c-8f7d-d595c00ce018.TEI.1.text.1.body.1.div.1.div.2" type="subdivision_for_sake_of_validation"><head xml:id="INT_0db21dad-72de-369c-8f7d-d595c00ce018.TEI.1.text.1.body.1.div.1.div.2.head.1" xml:lang="nl" rend="font-size: 8; text-align: justify; line-height: 11.7pt" xmlns="http://www.tei-c.org/ns/1.0">P. 10-11.<lb/></head><note xml:id="INT_0db21dad-72de-369c-8f7d-d595c00ce018.TEI.1.text.1.body.1.div.1.div.2.note.1" xml:lang="nl" place="inline" type="editorial-summary" resp="editor" rend="font-style: italic; line-height: 11.7pt; text-indent: 23.0pt; text-align: justify; font-size: 10" xmlns="http://www.tei-c.org/ns/1.0">( De rijstbouw op Buru betekent weinig; in Amboina was 28 febr. in een jaar<lb/> uitgegeven f. 196043.14.2 en ontvangen f. 86500.15.11; op Nila zijn 3000, op Damar<lb/> 1000 notenbomen geveld, voor élk waarvan de bevolking twee vadem lijnwaad ontving).<lb/></note><p xml:id="INT_0db21dad-72de-369c-8f7d-d595c00ce018.TEI.1.text.1.body.1.div.1.div.2.p.1" xml:lang="nl" rend="font-size: 10; text-align: justify; line-height: 11.7pt" xmlns="http://www.tei-c.org/ns/1.0"><hi rend="font-size:10; font-family:Liberation Serif; letter-spacing:4.5pt" xml:lang="nl">....</hi> werdende echter gerucht, datter nochal groter quantiteyt op gemelte<lb/> twee eylanden ende specialijk op Nile in valeyen, die se d’onse niet ontdekt hebben,<lb/> souden in wesen sijn ende daer moet al wat aen wesen, gemerkt voor de aenkomste<lb/> van onse cruyssers wel 17 &amp; 18 Macassaerse jonken op voorsz. Nile in handelinge<lb/> souden hebben gelegen.<lb/></p><p xml:id="INT_0db21dad-72de-369c-8f7d-d595c00ce018.TEI.1.text.1.body.1.div.1.div.2.p.2" xml:lang="nl" rend="font-size: 8; text-align: justify; line-height: 11.7pt" xmlns="http://www.tei-c.org/ns/1.0">P. 21-22.<lb/></p><note xml:id="INT_0db21dad-72de-369c-8f7d-d595c00ce018.TEI.1.text.1.body.1.div.1.div.2.note.2" xml:lang="nl" place="inline" type="editorial-summary" resp="editor" rend="font-style: italic; line-height: 11.7pt; text-indent: 23.0pt; text-align: justify; font-size: 10" xmlns="http://www.tei-c.org/ns/1.0">(De Henriette Louise brengt 17 nov. cargasoen van f. 74702.11.2 naar Banda,<lb/> w.o. 319 last rijst; er is in een jaar uitgegeven f. 184567.10.7 en ontvangen<lb/> f. 60652.6.4; in de Mólukken liggen 189 man; de <hi rend="font-size:10; font-family:Liberation Serif" xml:lang="nl">Daghregisters,</hi> p. 533 genoemde<lb/> boekhouder Geel was ook . . . .)<lb/></note><p xml:id="INT_0db21dad-72de-369c-8f7d-d595c00ce018.TEI.1.text.1.body.1.div.1.div.2.p.3" xml:lang="nl" rend="font-size: 10; text-align: justify; line-height: 11.7pt" xmlns="http://www.tei-c.org/ns/1.0"><hi rend="font-size:10; font-family:Liberation Serif; letter-spacing:4.5pt" xml:lang="nl">....</hi> gelast met eene Tagelando ende Cheau aen te lopen ende te vernemen nae<lb/> de nagelboomen, die daer souden mogen worden gevonden om die te exstirperen,<lb/> mitsgaders ook te onderstaen, hoe de Taroeners <hi rend="font-size:10; font-family:Liberation Serif; font-style:italic; vertical-align:super" xml:lang="nl">l),</hi> sijnde een volck, dat jongst<lb/> onder de Spangarden heeft gestaen, genegen mogen sijn ende of se gedisponeert<lb/> sullen connen worden haer nu onder ons te stellen.<lb/></p><p xml:id="INT_0db21dad-72de-369c-8f7d-d595c00ce018.TEI.1.text.1.body.1.div.1.div.2.p.4" xml:lang="nl" rend="font-size: 8; text-align: justify; line-height: 11.7pt" xmlns="http://www.tei-c.org/ns/1.0">P. 36.<lb/></p><note xml:id="INT_0db21dad-72de-369c-8f7d-d595c00ce018.TEI.1.text.1.body.1.div.1.div.2.note.3" xml:lang="nl" place="inline" type="editorial-summary" resp="editor" rend="font-style: italic; line-height: 11.1pt; text-indent: 23.0pt; text-align: justify; font-size: 10" xmlns="http://www.tei-c.org/ns/1.0">( De Koning van Temate legt zijn volk zware lasten op, o.a <hi rend="font-size:10; font-family:Liberation Serif" xml:lang="nl">.</hi> )<lb/></note><p xml:id="INT_0db21dad-72de-369c-8f7d-d595c00ce018.TEI.1.text.1.body.1.div.1.div.2.p.5" xml:lang="nl" rend="font-size: 10; text-align: justify; line-height: 11.7pt" xmlns="http://www.tei-c.org/ns/1.0"><hi rend="font-size:10; font-family:Liberation Serif; letter-spacing:4.5pt" xml:lang="nl">....</hi> het opsetten ende maeken van vaerthuj’gen, die <hi rend="font-size:10; font-family:Liberation Serif; letter-spacing:4.5pt" xml:lang="nl">....</hi> al van redel. goedt<lb/> fa£oen souden wesen ende van dewelke de Comp.e haer bij gelegentheyt sal connen<lb/> dienen. De Ternataense grooten hadden voorgeslagen, of se, nu de Castellanen verhuyst<lb/> sijn <hi rend="font-size:10; font-family:Liberation Serif; vertical-align:super" xml:lang="nl">2),</hi> niet weder souden vermogen nagelboomen te planten ende aen te<lb/> queeken, hetwelk haer in geender maniere sal mogen worden toegelaten, aengesien<lb/> de provincie Amboina in aenstaende de Comp.e genoegsaem van nagelen sal konnen<lb/> dienen ende aen welke provincie sij ook meer dan teveel te beschermen heeft,<lb/> sonderdat Temate daer behoeft bij te comen ende en geloven ook niet, dat Mandarsaha<lb/> dat versoek veel poucheren sal, als hij maer mach blijven genieten de<lb/> jaerlijkse recognitie, die hem is toegeleyt.<lb/></p><p xml:id="INT_0db21dad-72de-369c-8f7d-d595c00ce018.TEI.1.text.1.body.1.div.1.div.2.p.6" xml:lang="nl" rend="font-size: 8; text-align: justify; line-height: 11.7pt" xmlns="http://www.tei-c.org/ns/1.0">P. 37-38.<lb/></p><note xml:id="INT_0db21dad-72de-369c-8f7d-d595c00ce018.TEI.1.text.1.body.1.div.1.div.2.note.4" xml:lang="nl" place="inline" type="editorial-summary" resp="editor" rend="font-style: italic; line-height: 11.7pt; text-indent: 23.0pt; text-align: justify; font-size: 10" xmlns="http://www.tei-c.org/ns/1.0">(Een handelsreis in mei, evt. door vrijburgers, van Temate naar Manilla te<lb/> maken; de Buginese Radja Patudju komt met 130 onderdanen te Batavia, Radja<lb/></note><note xml:id="INT_0db21dad-72de-369c-8f7d-d595c00ce018.TEI.1.text.1.body.1.div.1.div.2.note.5" xml:lang="nl" rend="font-size: 8; text-align: justify; line-height: 8.9pt; margin-left: 2400" xmlns="http://www.tei-c.org/ns/1.0">1) Taruna of Tahuna, de hoofdplaats van Sangihe, op ongeveer 3$° N.B. en 125°40' O.L.<lb/></note><note xml:id="INT_0db21dad-72de-369c-8f7d-d595c00ce018.TEI.1.text.1.body.1.div.1.div.2.note.6" xml:lang="nl" rend="font-size: 8; text-align: justify; line-height: 8.9pt; margin-left: 2400" xmlns="http://www.tei-c.org/ns/1.0">2) In de loop van 1663 hadden de Spanjaarden Temate en Tidore verlaten.<lb/></note><pb xml:id="INT_0db21dad-72de-369c-8f7d-d595c00ce018.TEI.1.text.1.body.1.div.1.div.2.pb.1" n="455" facs="http://resources.huygens.knaw.nl/retroapp/service_generalemissiven/gm_03/images/gm_3_125_0455.tif"/><fw xml:id="INT_0db21dad-72de-369c-8f7d-d595c00ce018.TEI.1.text.1.body.1.div.1.div.2.fw.1" place="top" type="head" facs="#zone.5207376" xmlns="http://www.tei-c.org/ns/1.0">Maetsuyker, Hartsinck, Verburch, Steur, Pit, Overtwater, enz. XXIX, 21 dec. 1663 455</fw><note xml:id="INT_0db21dad-72de-369c-8f7d-d595c00ce018.TEI.1.text.1.body.1.div.1.div.2.note.7" xml:lang="nl" place="inline" type="editorial-summary" resp="editor" rend="font-size: 10; font-style: italic; text-align: justify; line-height: 11.7pt" xmlns="http://www.tei-c.org/ns/1.0">Palakka mei 180; in de Molukken ivas 28 febr. in een jaar uitgegeven f. 70004 en<lb/> gewonnen f. 59116; er blijft een kapitaal van f. 126463; in Makassar is 125 % op de<lb/> goederen gewonnen <hi rend="font-size:10; font-family:Liberation Serif" xml:lang="nl">,</hi> zodat er f. 97535 ontvangen is; de Portugezen zijn niet van<lb/> Larantuka naar Timor verhuisd).<lb/></note><p xml:id="INT_0db21dad-72de-369c-8f7d-d595c00ce018.TEI.1.text.1.body.1.div.1.div.2.p.7" xml:lang="nl" rend="font-size: 10; text-align: justify; line-height: 11.7pt; text-indent: 23.0pt" xmlns="http://www.tei-c.org/ns/1.0">Dat in ’t gebergt van Tymor goudt gevonden wordt, is allang kennel, geweest,<lb/> maer de rechte gelegentheyt ende of de quantiteyt de moeyte en de onkosten<lb/> sal connen op wegen, en weten wij noch niet. Maer van het koper schijnt<lb/> genoegsame seekerheyt te wesen, dat het daer in abondantie sij vallende.<lb/></p></div><div xml:id="INT_0db21dad-72de-369c-8f7d-d595c00ce018.TEI.1.text.1.body.1.div.1.div.3" type="subdivision_for_sake_of_validation"><head xml:id="INT_0db21dad-72de-369c-8f7d-d595c00ce018.TEI.1.text.1.body.1.div.1.div.3.head.1" xml:lang="nl" rend="font-size: 9; text-align: justify; line-height: 10.0pt" xmlns="http://www.tei-c.org/ns/1.0">P. 50.<lb/></head><note xml:id="INT_0db21dad-72de-369c-8f7d-d595c00ce018.TEI.1.text.1.body.1.div.1.div.3.note.1" xml:lang="nl" place="inline" type="editorial-summary" resp="editor" rend="font-style: italic; line-height: 11.7pt; text-indent: 23.0pt; text-align: justify; font-size: 10" xmlns="http://www.tei-c.org/ns/1.0">(Nabij Kupang was veel ziekte en sterfte geweest; 30 apr. was in Timor in een<lb/> jaar uitgegeven f. 16909 en gewonnen f. 4179; in Bima <hi rend="font-size:10; font-family:Liberation Serif" xml:lang="nl">is</hi> f. 3420 - winst gemaakt;<lb/> de kosten bedroegen er f. 1891; in Bandjermasin <hi rend="font-size:10; font-family:Liberation Serif" xml:lang="nl">. . .</hi> .)<lb/></note><p xml:id="INT_0db21dad-72de-369c-8f7d-d595c00ce018.TEI.1.text.1.body.1.div.1.div.3.p.1" xml:lang="nl" rend="font-size: 10; text-align: justify; line-height: 11.7pt" xmlns="http://www.tei-c.org/ns/1.0"><hi rend="font-size:10; font-family:Liberation Serif; letter-spacing:5.0pt" xml:lang="nl">....</hi> schijnt het afcomen van den peper ook seer verhindert te worden, doordien<lb/> de Pangeran cael ende behoeftig sijnde, die door sijn volk, dat tot dien eynde afgesonden<lb/> wordt, in ’t gebergte laet opcopen ende de arme luyden tot een seer lagen<lb/> prijs afnemen om die dan met sooveel advance aen de Comp.e te leveren, hetwelk<lb/> oorsaek is, dat de luyden haer peper achterhouden ende niet te voorschijn brengen,<lb/> een lelijke schrobberij van die Vorst sijnde, doch hetselve en is de Comp.e evenwel<lb/> soo nadeeligh niet, dan dat de peper nae andere plaetsen soude worden vervoert.<lb/></p><p xml:id="INT_0db21dad-72de-369c-8f7d-d595c00ce018.TEI.1.text.1.body.1.div.1.div.3.p.2" resp="int_paragraph_joining" rend="">
              In de lijwaten is daer mede seer soberen aftrek, hetwelk veroorsaekt word door<lb xmlns="http://www.tei-c.org/ns/1.0"/> de handelaers, soo van Macassar, Patani als andere plaetsen daer aengecomen, die<lb xmlns="http://www.tei-c.org/ns/1.0"/> ’t landt met allerhande sorteringen kleden vervuldt hebben ende die ook oorsaek<lb xmlns="http://www.tei-c.org/ns/1.0"/> sijn, dat het goudt daer tot seer hogen prijs gesteygert sij.<lb xmlns="http://www.tei-c.org/ns/1.0"/>P. 57-58.<lb xmlns="http://www.tei-c.org/ns/1.0"/>
            </p><note xml:id="INT_0db21dad-72de-369c-8f7d-d595c00ce018.TEI.1.text.1.body.1.div.1.div.3.note.2" xml:lang="nl" place="inline" type="editorial-summary" resp="editor" rend="font-style: italic; line-height: 12.0pt; text-indent: 23.0pt; text-align: justify; font-size: 10" xmlns="http://www.tei-c.org/ns/1.0">( De peperhandel’ aldaar ware liever door vrijburgers uit te oefenen; de koopman<lb/> heeft er op eigen risico kleedjes uitgegeven terug te betalen met peper).<lb/></note><p xml:id="INT_0db21dad-72de-369c-8f7d-d595c00ce018.TEI.1.text.1.body.1.div.1.div.3.p.3" resp="int_paragraph_joining" rend="">
              De ... . twee Pangerans tot Jamby <hi rend="font-size:10; font-family:Liberation Serif; font-style:italic; vertical-align:super" xml:lang="nl" xmlns="http://www.tei-c.org/ns/1.0">l)</hi> schijnen met een groote vrese bevangen<lb xmlns="http://www.tei-c.org/ns/1.0"/> te sijn voor de Sousouhounang Mataram, dat desel ve haer wel eens mogte<lb xmlns="http://www.tei-c.org/ns/1.0"/> comen besoeken, maer en sijn van geen een gevoelen met malcander, hoedanigh<lb xmlns="http://www.tei-c.org/ns/1.0"/> haer omtrent denselve sullen dragen. De vader inclineert tot submissie ende dat<lb xmlns="http://www.tei-c.org/ns/1.0"/> sij hem homagie behoren te doen, maer de Pangeran Adepati Anum wil daer niet<lb xmlns="http://www.tei-c.org/ns/1.0"/> van horen, maer is gesint hem ter defentie te prepareren onder groote hope, dat<lb xmlns="http://www.tei-c.org/ns/1.0"/> de Comp.e hem, als ’t nodigh sal worden, adsistentie bieden ende niet gedogen sal,<lb xmlns="http://www.tei-c.org/ns/1.0"/> dat hij van de Mataram te onder gebracht sal worden, gelijk wij ook van gevoelen<lb xmlns="http://www.tei-c.org/ns/1.0"/> sijn, dat hetselve niet en dient te geschieden, omdat deselve Vorst al meer dan te<lb xmlns="http://www.tei-c.org/ns/1.0"/> groot is ende omdat het ook bij het landt van Jamby niet en soude blijven, maer<lb xmlns="http://www.tei-c.org/ns/1.0"/> dat Palembang, Indragiri, Martapoura, Borneo ende andere plaetsen aen dese cant<lb xmlns="http://www.tei-c.org/ns/1.0"/> dan nootwendig souden moeten volgen. Maer wij en connen niet geloven, dat hij<lb xmlns="http://www.tei-c.org/ns/1.0"/> tot dien eynde oji; eenige macht uytsetten sal, soo maer de voorsz. Vorsten door<lb xmlns="http://www.tei-c.org/ns/1.0"/> een al te groote schrik voor desselfs vermogen haer slechs van selfs niet comen<lb xmlns="http://www.tei-c.org/ns/1.0"/> onderwerpen.<lb xmlns="http://www.tei-c.org/ns/1.0"/>P. 62.<lb xmlns="http://www.tei-c.org/ns/1.0"/><note xml:id="INT_0db21dad-72de-369c-8f7d-d595c00ce018.TEI.1.text.1.body.1.div.1.div.3.p.3.note.1" xml:lang="nl" rend="font-size: 9; line-height: 10.0pt; margin-left: 2600" xmlns="http://www.tei-c.org/ns/1.0">1) NI. vader en zoon.<lb/></note><pb xml:id="INT_0db21dad-72de-369c-8f7d-d595c00ce018.TEI.1.text.1.body.1.div.1.div.3.p.3.pb.1" n="456" facs="http://resources.huygens.knaw.nl/retroapp/service_generalemissiven/gm_03/images/gm_3_125_0456.tif"/><fw xml:id="INT_0db21dad-72de-369c-8f7d-d595c00ce018.TEI.1.text.1.body.1.div.1.div.3.p.3.fw.1" place="top" type="head" xml:lang="nl" rend="text-align:justify; line-height:9.4pt" facs="#zone.5209717" xmlns="http://www.tei-c.org/ns/1.0">456 Maetsuyker, Hartsinck, Verburch, Steur, Pit, Overtwater, enz. XXIX, 21 dec. 1663</fw>
            </p><note xml:id="INT_0db21dad-72de-369c-8f7d-d595c00ce018.TEI.1.text.1.body.1.div.1.div.3.note.3" xml:lang="nl" place="inline" type="editorial-summary" resp="editor" rend="font-style: italic; line-height: 11.7pt; text-indent: 22.0pt; text-align: justify; font-size: 9" xmlns="http://www.tei-c.org/ns/1.0">(31 mei was te Palembang in 11 maanden gewonnen f. 19120 en uitgegeven<lb/> f. 9148; er bleef kapitaal van f. 65188; het cargasoen, 28 juli naar de Westkust gezonden,<lb/> <hi rend="font-size:10; font-family:Liberation Serif" xml:lang="nl">Daghregisters,</hi> p. 361, bedroeg f. 76192; er is 496000 <hi rend="font-size:10; font-family:Liberation Serif" xml:lang="nl">&lt;0?</hi> tin te Malakka, ruim<lb/> voldoende voor de W esterkwartieren; de Nagelboom, ibid. p. 632, brengt 5 dec. 3800<lb/> picol a 125 <hi rend="font-size:10; font-family:Liberation Serif" xml:lang="nl">®</hi> peper van Malakka, waar men dit jaar f. 96513.12.9 meer uitgegeven<lb/> dan ontvangen heeft; volgens commandeur Van Riebeeck zal de verkleining van het<lb/> kasteel er f. 200000 kosten; uit Batavia is hem een model van was hiervoor gezonden<lb/> om tot een vijfhoek te komen, wat maar f. 100000 kost; zijn mening daarover is nog<lb/> niet bekend; er zullen dan maar 130 man tegen nu 350 nodig zijn, wat jaarlijks<lb/> f. 42000 besparing geeft; Ligor heeft 600 bdhar tin a 375 opgeleverd; de VoUenhove<lb/> brengt 23 mei, ibid. p. 215, cargasoen van f. 84922 naar Siam; de lichting van het<lb/> kantoor aldaar kan o.a. geschieden, omdat te Batavia nog voor 2 5 3 jaar rijst is).<lb/></note><p xml:id="INT_0db21dad-72de-369c-8f7d-d595c00ce018.TEI.1.text.1.body.1.div.1.div.3.p.4" xml:lang="nl" rend="font-size: 10; text-align: justify; line-height: 12.0pt; text-indent: 22.0pt" xmlns="http://www.tei-c.org/ns/1.0">Lang met Siam in oorlogh te blijven, en sal (onses oordeels) gansch niet geraden<lb/> wesen, omdat andere daer haer voordeel met souden weten te doen.<lb/></p></div><div xml:id="INT_0db21dad-72de-369c-8f7d-d595c00ce018.TEI.1.text.1.body.1.div.1.div.4" type="subdivision_for_sake_of_validation"><head xml:id="INT_0db21dad-72de-369c-8f7d-d595c00ce018.TEI.1.text.1.body.1.div.1.div.4.head.1" xml:lang="nl" rend="font-size: 8.5; text-align: justify; line-height: 12.0pt" xmlns="http://www.tei-c.org/ns/1.0">P. 97.<lb/></head><note xml:id="INT_0db21dad-72de-369c-8f7d-d595c00ce018.TEI.1.text.1.body.1.div.1.div.4.note.1" xml:lang="nl" place="inline" type="editorial-summary" resp="editor" rend="font-style: italic; line-height: 11.7pt; text-indent: 22.0pt; text-align: justify; font-size: 9" xmlns="http://www.tei-c.org/ns/1.0">(Wegens de oorlog met Coxinga komen geen Chinese jonken meer in Tonkin,<lb/> waar de zijdeteelt af- en die van rijst toeneemt; er is van 10 nov. 1661 tot 31 jan. 1663<lb/> gewonnen f. 62667.18.15 en uitgegeven f. 25872.11.-; er bleef toen voor f. 71590.7.-,<lb/> wat sedert de laatste zending derwaarts f. 465860 - is geworden; van mei tot juli is<lb/> voor f. 852300 naar Japan gezonden; volgens Indijck, het opperhoofd aldaar . . . .)<lb/></note><p xml:id="INT_0db21dad-72de-369c-8f7d-d595c00ce018.TEI.1.text.1.body.1.div.1.div.4.p.1" xml:lang="nl" rend="font-size: 10; text-align: justify; line-height: 11.7pt" xmlns="http://www.tei-c.org/ns/1.0"><hi rend="font-size:10; font-family:Liberation Serif; letter-spacing:5.0pt" xml:lang="nl">....</hi> souden de rijksraden door den Portugesen tolk van den gewesen commissaris<lb/> Sikkingod.0, daer d’onse sulks ende meer andere discours wij se aen hadden te<lb/> kennen gegeven, ter ooren gecomen sijn, dat den Nangasaksen gouverneur Joffioed.0<lb/> de Comp.® ’t voorleden jaer tot voldoeninge van de Johoorse Chineese<lb/> jonk, onder ’t noorderrif van Tayoan gebleven, tot betaelinge van de beschadigde<lb/> Chinesen 27 kisten silver tot dien eynde af genomen had <hi rend="font-size:10; font-family:Liberation Serif; vertical-align:super" xml:lang="nl">1),</hi> ’twelk de rijksraden<lb/> seer qualijk souden opgenomen ende gemelte Joffiod.0 daerover bestraft hebben,<lb/> dat de gouverneur van Nangasacky niet en competeerde diergelijke saeken wegens<lb/> het nemen van j oneken, tusschen de Chineesen en de Hollanders voorvallende, te<lb/> decideren ende af te doen, maer dat ’tselve de rijksraden toequam, oversulks na<lb/> desen sodanige questiën van importe te hof souden gebracht worden om aldaer af te<lb/> doen. Inmiddens is de Comp.® de voorn. 27 kisten silver quijt, sonderdat de rijksraden<lb/> aen Joffiod.0 ordonneerde die wederom aen de Comp.® (als wel behoordt<lb/> had) uyt te keren.<lb/></p><p xml:id="INT_0db21dad-72de-369c-8f7d-d595c00ce018.TEI.1.text.1.body.1.div.1.div.4.p.2" xml:lang="nl" rend="font-size: 8.5; text-align: justify; line-height: 11.7pt" xmlns="http://www.tei-c.org/ns/1.0">P. 115-116.<lb/></p><note xml:id="INT_0db21dad-72de-369c-8f7d-d595c00ce018.TEI.1.text.1.body.1.div.1.div.4.note.2" xml:lang="nl" place="inline" type="editorial-summary" resp="editor" rend="font-style: italic; line-height: 11.1pt; text-indent: 22.0pt; text-align: justify; font-size: 9" xmlns="http://www.tei-c.org/ns/1.0">(Handelswinst in Japan, vgl. <hi rend="font-size:10; font-family:Liberation Serif" xml:lang="nl">Beschrijvinge</hi> II, I, p. 427).<lb/></note><p xml:id="INT_0db21dad-72de-369c-8f7d-d595c00ce018.TEI.1.text.1.body.1.div.1.div.4.p.3" resp="int_paragraph_joining" rend="">
              Met wat voor een valschen en bedriegelijken aert van menschen wij in dat<lb xmlns="http://www.tei-c.org/ns/1.0"/> gewest <hi rend="font-size:10; font-family:Liberation Serif; vertical-align:super" xml:lang="nl" xmlns="http://www.tei-c.org/ns/1.0">2)</hi> hebben te doen, houdende bijnae voor onmogelijk daer te lande, schoon<lb xmlns="http://www.tei-c.org/ns/1.0"/> ons den handel vergunt werdt, die onbekommert te sullen cunnen drijven, maer<lb xmlns="http://www.tei-c.org/ns/1.0"/> sullen de grootste extorsiën van de wereldt moeten lijden, gelijk we daervan voor<lb xmlns="http://www.tei-c.org/ns/1.0"/> desen in Canton al preuven hebben gehadt en uyt dien hoofde in ’t eynde ginder<lb xmlns="http://www.tei-c.org/ns/1.0"/> vandaen gebleven sijn. Een plaetse, daer wij selver het meesterschap en gebiedt<lb xmlns="http://www.tei-c.org/ns/1.0"/><note xml:id="INT_0db21dad-72de-369c-8f7d-d595c00ce018.TEI.1.text.1.body.1.div.1.div.4.p.3.note.1" xml:lang="nl" rend="font-size: 8.5; text-align: justify; line-height: 9.4pt; margin-left: 2200" xmlns="http://www.tei-c.org/ns/1.0">1) Vgl. <hi rend="font-size:8.5; font-family:Liberation Serif; font-style:italic" xml:lang="nl">Beschrijvinge</hi> II, I, p. 426 en <hi rend="font-size:8.5; font-family:Liberation Serif; font-style:italic" xml:lang="nl">Japan,</hi> S. 344-345.<lb/></note><note xml:id="INT_0db21dad-72de-369c-8f7d-d595c00ce018.TEI.1.text.1.body.1.div.1.div.4.p.3.note.2" xml:lang="nl" rend="font-size: 8.5; text-align: justify; line-height: 9.4pt; margin-left: 2100" xmlns="http://www.tei-c.org/ns/1.0">2) China in het algemeen, Canton in het bijzonder.<lb/></note><pb xml:id="INT_0db21dad-72de-369c-8f7d-d595c00ce018.TEI.1.text.1.body.1.div.1.div.4.p.3.pb.1" n="457" facs="http://resources.huygens.knaw.nl/retroapp/service_generalemissiven/gm_03/images/gm_3_125_0457.tif"/><fw xml:id="INT_0db21dad-72de-369c-8f7d-d595c00ce018.TEI.1.text.1.body.1.div.1.div.4.p.3.fw.1" place="top" type="head" facs="#zone.5212069" xmlns="http://www.tei-c.org/ns/1.0">Maetsuykor, Hartsinck, Verburch, Steur, Pit, Overtwater, enz. XXIX, 21 dec. 1663 457</fw>hebben, sal der vooral van noden wesen, daer den command.r ende den raed van<lb xmlns="http://www.tei-c.org/ns/1.0"/> de oorlogsvloote bij haere instructie gelast is bij non-recuperatie van Tayoan specialijk<lb xmlns="http://www.tei-c.org/ns/1.0"/> nae uyt te sien, alsoo het om de noord anders niet wel en sal te stellen sijn.<lb xmlns="http://www.tei-c.org/ns/1.0"/> Nu wij in dese ongelegentheyt steeken, werdt de smerte van Tayoans en Formosas<lb xmlns="http://www.tei-c.org/ns/1.0"/> verlies eerst recht gevoelt, geen clenen last voor de Comp® sijnde soo sware uytsettingen<lb xmlns="http://www.tei-c.org/ns/1.0"/> met sulke grote periculen steets te moeten doen, dat sij op die wijse niet<lb xmlns="http://www.tei-c.org/ns/1.0"/> gande houden can.<lb xmlns="http://www.tei-c.org/ns/1.0"/>
            </p></div><div xml:id="INT_0db21dad-72de-369c-8f7d-d595c00ce018.TEI.1.text.1.body.1.div.1.div.5" type="subdivision_for_sake_of_validation"><head xml:id="INT_0db21dad-72de-369c-8f7d-d595c00ce018.TEI.1.text.1.body.1.div.1.div.5.head.1" xml:lang="nl" rend="font-size: 8.5; text-align: justify; line-height: 11.7pt" xmlns="http://www.tei-c.org/ns/1.0">P. 144.<lb/></head><note xml:id="INT_0db21dad-72de-369c-8f7d-d595c00ce018.TEI.1.text.1.body.1.div.1.div.5.note.1" xml:lang="nl" place="inline" type="editorial-summary" resp="editor" rend="font-style: italic; line-height: 12.0pt; text-indent: 22.0pt; text-align: justify; font-size: 10" xmlns="http://www.tei-c.org/ns/1.0">( De brieven , die pater Couplet verzocht heeft naar Nederland te mogen zenden,<lb/> vgl. <hi rend="font-size:10; font-family:Liberation Serif" xml:lang="nl">Daghregisters,</hi> p. 59, <hi rend="font-size:10; font-family:Liberation Serif" xml:lang="nl">. . .</hi> .)<lb/></note><p xml:id="INT_0db21dad-72de-369c-8f7d-d595c00ce018.TEI.1.text.1.body.1.div.1.div.5.p.1" xml:lang="nl" rend="font-size: 10; text-align: justify; line-height: 11.7pt" xmlns="http://www.tei-c.org/ns/1.0"><hi rend="font-size:10; font-family:Liberation Serif; letter-spacing:4.5pt" xml:lang="nl">....</hi> van geen anderen inhoudt bevonden sijn als de verhandelinge van saeken,<lb/> die den dienst der kerke ende de bekeringe der heydenen aengaen, werdende gemelte<lb/> brieven bij desen tot U Ed. overgesonden omme daermede nae welgevallen<lb/> te handelen, sijnde waerdigh om gelesen te werden ten opsichte van den groten<lb/> ijver, die men in de bevorderaers van dat heylige werk is bespeurende, daer onse<lb/> leraers hier te lande voor moeten beschaemt staen.<lb/></p><p xml:id="INT_0db21dad-72de-369c-8f7d-d595c00ce018.TEI.1.text.1.body.1.div.1.div.5.p.2" xml:lang="nl" rend="font-size: 8.5; text-align: justify; line-height: 11.7pt" xmlns="http://www.tei-c.org/ns/1.0">P. 144.<lb/></p><note xml:id="INT_0db21dad-72de-369c-8f7d-d595c00ce018.TEI.1.text.1.body.1.div.1.div.5.note.2" xml:lang="nl" place="inline" type="editorial-summary" resp="editor" rend="font-style: italic; line-height: 11.7pt; text-indent: 22.0pt; text-align: justify; font-size: 10" xmlns="http://www.tei-c.org/ns/1.0">(De zes schepen uit Coromandel hebben cargasoen van f. 682052.6.1 te Batavia<lb/> gebracht; de uit Suratte ontvangen diamanten zijn zuiverder dan die van Oolconda,<lb/> maar veel duurder, . <hi rend="font-size:10; font-family:Liberation Serif" xml:lang="nl">. .</hi> .)<lb/></note><p xml:id="INT_0db21dad-72de-369c-8f7d-d595c00ce018.TEI.1.text.1.body.1.div.1.div.5.p.3" xml:lang="nl" rend="font-size: 10; text-align: justify; line-height: 11.7pt" xmlns="http://www.tei-c.org/ns/1.0"><hi rend="font-size:10; font-family:Liberation Serif; letter-spacing:4.5pt" xml:lang="nl">....</hi> sijnde onder voorsz. Palliacatse partij e 5 stuks sware, doch wat ongefatsoeneerde<lb/> steenen, tesamen wegende 47 <hi rend="font-size:10; font-family:Liberation Serif; font-style:italic; vertical-align:super" xml:lang="nl">lfn</hi> caraet ende kosten /. 2268, eenige tot<lb/> bloksteenen ende andere om te dieven.<lb/></p><p xml:id="INT_0db21dad-72de-369c-8f7d-d595c00ce018.TEI.1.text.1.body.1.div.1.div.5.p.4" xml:lang="nl" rend="font-size: 8.5; text-align: justify; line-height: 11.7pt" xmlns="http://www.tei-c.org/ns/1.0">P. 147.<lb/></p><note xml:id="INT_0db21dad-72de-369c-8f7d-d595c00ce018.TEI.1.text.1.body.1.div.1.div.5.note.3" xml:lang="nl" place="inline" type="editorial-summary" resp="editor" rend="font-style: italic; line-height: 11.7pt; text-indent: 22.0pt; text-align: justify; font-size: 10" xmlns="http://www.tei-c.org/ns/1.0">( Daar de eis uit Coromandel zeer groot is, moet daarheen een groot kapitaal worden<lb/> gezonden; de datum van vertrek van de Pegu naar Siriang is volgens onze brief 18 sept.,<lb/> vgl. <hi rend="font-size:10; font-family:Liberation Serif" xml:lang="nl">Daghregisters</hi> p. 552, de waarde van hei cargasoen f. 40000).<lb/></note><p xml:id="INT_0db21dad-72de-369c-8f7d-d595c00ce018.TEI.1.text.1.body.1.div.1.div.5.p.5" resp="int_paragraph_joining" rend="">
              Alle de ducaten, die we ’t voorleden ende dit jaer van U Ed. hebben ontfangen,<lb xmlns="http://www.tei-c.org/ns/1.0"/> sijn nae Cormandel gesonden, aldaer se tot vervolg van den handel gansch noodigh<lb xmlns="http://www.tei-c.org/ns/1.0"/> sijn geweest. Maer naedien het aldaer geen gangbaere munt is, hebben se alle tot<lb xmlns="http://www.tei-c.org/ns/1.0"/> pagoden moeten vermunt worden, sulks daerop 5 p.r c.t0 verloren is, sijnde deselve<lb xmlns="http://www.tei-c.org/ns/1.0"/> echter niet alleene tot den handel gereder maer ook profitabelder als de rijksdaelders,<lb xmlns="http://www.tei-c.org/ns/1.0"/> dewelke nae de reductie van 84 stuyvers voor ij der pagoot, sooalse in<lb xmlns="http://www.tei-c.org/ns/1.0"/> de Cormandelse boeken gereduceert worden, geen meer als schaers 45 stuyvers<lb xmlns="http://www.tei-c.org/ns/1.0"/> contant hebben connen haelen. Daertegens heeft het Tonkinse goud in de munte<lb xmlns="http://www.tei-c.org/ns/1.0"/> tot Palliacatta 23 <hi rend="font-size:10; font-family:Liberation Serif; font-style:italic" xml:lang="nl" xmlns="http://www.tei-c.org/ns/1.0">\</hi> p.r c10. winst gerendeert.<lb xmlns="http://www.tei-c.org/ns/1.0"/>P. 154-155.<lb xmlns="http://www.tei-c.org/ns/1.0"/>
            </p><note xml:id="INT_0db21dad-72de-369c-8f7d-d595c00ce018.TEI.1.text.1.body.1.div.1.div.5.note.4" xml:lang="nl" place="inline" type="editorial-summary" resp="editor" rend="font-style: italic; line-height: 11.7pt; text-indent: 22.0pt; text-align: justify; font-size: 10" xmlns="http://www.tei-c.org/ns/1.0">( Slechts twee stuurlieden zijn aan Aziaten uitgeleend, nl. aan wijlen Moondas<lb/> Nan en dat wél in verband met de vordering op hem).<lb/></note><p xml:id="INT_0db21dad-72de-369c-8f7d-d595c00ce018.TEI.1.text.1.body.1.div.1.div.5.p.6" resp="int_paragraph_joining" rend="">
              Hebbende eenige der voomaemste Moorse equippeerders van Masulipatnam<lb xmlns="http://www.tei-c.org/ns/1.0"/> wel voorgegeven besendinge naer Macassar te doen, waertoe se ook met voorschrijvens<lb xmlns="http://www.tei-c.org/ns/1.0"/> van den Coningh ende vorder rijksgroten om passen ende stuyrluyden hadden<lb xmlns="http://www.tei-c.org/ns/1.0"/> versocht, maer geene van beyden hebbende konnen obtineren, soo hebben se tot<lb xmlns="http://www.tei-c.org/ns/1.0"/><pb xml:id="INT_0db21dad-72de-369c-8f7d-d595c00ce018.TEI.1.text.1.body.1.div.1.div.5.p.6.pb.1" n="458" facs="http://resources.huygens.knaw.nl/retroapp/service_generalemissiven/gm_03/images/gm_3_125_0458.tif"/><fw xml:id="INT_0db21dad-72de-369c-8f7d-d595c00ce018.TEI.1.text.1.body.1.div.1.div.5.p.6.fw.1" place="top" type="head" xml:lang="nl" rend="text-align:justify; line-height:9.4pt" facs="#zone.5215174" xmlns="http://www.tei-c.org/ns/1.0">458 Maetsuyker, Hartsinck, Verburch, Steur, Pit, Overtwater, enz. XXIX, 21 dec. 1663</fw>noch toe van die eygen vaert wel gedesisteert, maer evenwel al eenige haerder<lb xmlns="http://www.tei-c.org/ns/1.0"/> goederen met d’ Engelse schepen op vracht derwaerts doen vervoeren, ’t welke<lb xmlns="http://www.tei-c.org/ns/1.0"/> haer <hi rend="font-size:10; font-family:Liberation Serif; vertical-align:super" xml:lang="nl" xmlns="http://www.tei-c.org/ns/1.0">J)</hi> anders te beletten is dan Macassar doorgaens met Comp.e8 kleeden wel voorsien<lb xmlns="http://www.tei-c.org/ns/1.0"/> te houden ende, als d’Engelsen daer staen te verschijnen, de hand wat te lichten<lb xmlns="http://www.tei-c.org/ns/1.0"/> met soodanige doeken, als sij soo voor eygen als op vracht daer dan comen aen<lb xmlns="http://www.tei-c.org/ns/1.0"/> te brengen.<lb xmlns="http://www.tei-c.org/ns/1.0"/>
            </p></div><div xml:id="INT_0db21dad-72de-369c-8f7d-d595c00ce018.TEI.1.text.1.body.1.div.1.div.6" type="subdivision_for_sake_of_validation"><head xml:id="INT_0db21dad-72de-369c-8f7d-d595c00ce018.TEI.1.text.1.body.1.div.1.div.6.head.1" xml:lang="nl" rend="font-size: 8.5; text-align: justify; line-height: 11.7pt" xmlns="http://www.tei-c.org/ns/1.0">P. 157-158.<lb/></head><p xml:id="INT_0db21dad-72de-369c-8f7d-d595c00ce018.TEI.1.text.1.body.1.div.1.div.6.p.1" xml:lang="nl" rend="font-size: 10; text-align: justify; line-height: 11.7pt; text-indent: 22.0pt" xmlns="http://www.tei-c.org/ns/1.0">Tot het slaen van touwen souden wij wel ijveriger doen voort varen, soo het<lb/> ons aen den hennip niet quam te manqueren, waerdoor ook geen genoegsame<lb/> cording <hi rend="font-size:10; font-family:Liberation Serif; vertical-align:super" xml:lang="nl">2)</hi> can worden geslagen. Het beste garen uyt de af gelegde cabeltouwen<lb/> wert hier tot het slaen van trossen etc.a soo veel georbert ende gemesnageert, als<lb/> het practicabel sij, wordende de schepen en de mindere vaertuygen op Seylon<lb/> ende de Cust meest met ka}^ertouwen ge voert; anders soude het ons beswaerlijk<lb/> vallen derwaerts sooveel Hollands cabeltouwen ende lopent want te konnen bestellen,<lb/> sijnde de cayertouwen van geen minder deught als den vijger ende andere<lb/> ongeteerde touwen, waermede de landen van Turkijen ende Italiën etc.a in de<lb/> schipvaert haer weten te behelpen, sulks wij ook vooreerst 20 è- 25 cabeltouwen van<lb/> 10 tot 14 duym dik van Cormandel hebben ontboden, die vertrout worden, van<lb/> daer buyten hare eygen benodigh.1 <hi rend="font-size:10; font-family:Liberation Serif; vertical-align:super" xml:lang="nl">2</hi> wel sullen connen gemaekt ende afgesteeken<lb/> worden.<lb/></p><p xml:id="INT_0db21dad-72de-369c-8f7d-d595c00ce018.TEI.1.text.1.body.1.div.1.div.6.p.2" resp="int_paragraph_joining" rend="">
              Tot het versamelen van harpuys hebben wij naer verscheyde plaetsen ordre<lb xmlns="http://www.tei-c.org/ns/1.0"/> gegeven, waervan wij eerstdaegs het gallot Charlois volladen van Malacca tegemoet<lb xmlns="http://www.tei-c.org/ns/1.0"/> sien, sijnde die gomme op Palembangh ook in redelijke quantiteyt te becomen,<lb xmlns="http://www.tei-c.org/ns/1.0"/> sullende hier dan gesuyvert ende met olij, waervan ’t schip de Princesse<lb xmlns="http://www.tei-c.org/ns/1.0"/> Royale ons nu ruym 6000 Siamse potten vol heeft toegebracht, tot pik ende teer<lb xmlns="http://www.tei-c.org/ns/1.0"/> gecookt worden, waertoe ’tselve dan ook volcomen bequaem is ende waermede den<lb xmlns="http://www.tei-c.org/ns/1.0"/> eysch van pik al voor een goedt gedeelte sal connen geëxcuseert worden, sijnde het<lb xmlns="http://www.tei-c.org/ns/1.0"/> teer, van harpuys gecookt, wel bequaem om ’t houtwerk ende de schepen tot een<lb xmlns="http://www.tei-c.org/ns/1.0"/> behulp te konnen teeren, maer op het touwerk wil het niet wel vatten ende indringen.<lb xmlns="http://www.tei-c.org/ns/1.0"/><lb xmlns="http://www.tei-c.org/ns/1.0"/>P. 162-163.<lb xmlns="http://www.tei-c.org/ns/1.0"/>
            </p><note xml:id="INT_0db21dad-72de-369c-8f7d-d595c00ce018.TEI.1.text.1.body.1.div.1.div.6.note.1" xml:lang="nl" place="inline" type="editorial-summary" resp="editor" rend="font-style: italic; line-height: 11.7pt; text-indent: 22.0pt; text-align: justify; font-size: 10" xmlns="http://www.tei-c.org/ns/1.0">(Het woord <hi rend="font-size:10; font-family:Liberation Serif" xml:lang="nl">„</hi> verzoek <hi rend="font-size:10; font-family:Liberation Serif" xml:lang="nl">”</hi> in het meegedeelde in <hi rend="font-size:10; font-family:Liberation Serif" xml:lang="nl">Daghregisters</hi> van 1 mei 1663, p.<lb/> 165 en p. 584, is een vergissing van den secretaris; in Ceylon is in een jaar uitgegeven<lb/><hi rend="font-size:10; font-family:Liberation Serif" xml:lang="nl">/.</hi> 866356 en ontvangen f. 641044).<lb/></note><p xml:id="INT_0db21dad-72de-369c-8f7d-d595c00ce018.TEI.1.text.1.body.1.div.1.div.6.p.3" resp="int_paragraph_joining" rend="">
              ’t Waer te wenschen, dat de Comp.e soo gelukkigh konde worden, dat se<lb xmlns="http://www.tei-c.org/ns/1.0"/> haer geconquesteerde plaetsen conde beset houden met burgers ende vrije luyden,<lb xmlns="http://www.tei-c.org/ns/1.0"/> gelijk de Portugesen in haer tijd meest overal hebben gedaen, maer wij sien daer de<lb xmlns="http://www.tei-c.org/ns/1.0"/> eerste jaren noch seer cleyne cans toe, omdat onse volk, soo het schijnt, soo niet<lb xmlns="http://www.tei-c.org/ns/1.0"/> gehumeurt en sijn ende haer soo kleyn niet connen behelpen als deselve, doch sijn<lb xmlns="http://www.tei-c.org/ns/1.0"/> echter van gevoelen, dat U Ed. wel sullen doen toe te staen, dat haer tot dien eynde<lb xmlns="http://www.tei-c.org/ns/1.0"/> ende op hope, dat se mettertijd beter op haer voordeelen letten sullen, te weten<lb xmlns="http://www.tei-c.org/ns/1.0"/> degene, die haer op ’t eyland Seylon buyten den dienst van de Comp.e willen erneren,<lb xmlns="http://www.tei-c.org/ns/1.0"/> liberteyt ende vrijigheyt werde gegeven te varen ende te negotiëren op alle<lb xmlns="http://www.tei-c.org/ns/1.0"/><note xml:id="INT_0db21dad-72de-369c-8f7d-d595c00ce018.TEI.1.text.1.body.1.div.1.div.6.p.3.note.1" xml:lang="nl" rend="font-size: 8.5; text-align: justify; line-height: 9.4pt; margin-left: 2300" xmlns="http://www.tei-c.org/ns/1.0">1) Hier is uitgevallen : niet.<lb/></note><note xml:id="INT_0db21dad-72de-369c-8f7d-d595c00ce018.TEI.1.text.1.body.1.div.1.div.6.p.3.note.2" xml:lang="nl" rend="font-size: 8.5; text-align: justify; line-height: 9.4pt; margin-left: 2200" xmlns="http://www.tei-c.org/ns/1.0">2) Cording, gording, lopend touw tot opkorting van een zeil.<lb/></note><pb xml:id="INT_0db21dad-72de-369c-8f7d-d595c00ce018.TEI.1.text.1.body.1.div.1.div.6.p.3.pb.1" n="459" facs="http://resources.huygens.knaw.nl/retroapp/service_generalemissiven/gm_03/images/gm_3_125_0459.tif"/><fw xml:id="INT_0db21dad-72de-369c-8f7d-d595c00ce018.TEI.1.text.1.body.1.div.1.div.6.p.3.fw.1" place="top" type="head" facs="#zone.5217664" xmlns="http://www.tei-c.org/ns/1.0">Maetsuyker, Hartsinck, Verburch, Steur, Pit, Overtwater, enz. XXIX, 21 dec. 1663 459</fw>plaetsen, daer wij de Moren ende andere onso onderdanen niet connen vandaen<lb xmlns="http://www.tei-c.org/ns/1.0"/> houden, gel. U Ed. rede daer op Cormandel ende Bengale al consent toe gedragen<lb xmlns="http://www.tei-c.org/ns/1.0"/> hebben.<lb xmlns="http://www.tei-c.org/ns/1.0"/>
            </p></div><div xml:id="INT_0db21dad-72de-369c-8f7d-d595c00ce018.TEI.1.text.1.body.1.div.1.div.7" type="subdivision_for_sake_of_validation"><head xml:id="INT_0db21dad-72de-369c-8f7d-d595c00ce018.TEI.1.text.1.body.1.div.1.div.7.head.1" xml:lang="nl" rend="font-size: 8.5; text-align: justify; line-height: 12.0pt" xmlns="http://www.tei-c.org/ns/1.0">P. 183-184.<lb/></head><note xml:id="INT_0db21dad-72de-369c-8f7d-d595c00ce018.TEI.1.text.1.body.1.div.1.div.7.note.1" xml:lang="nl" place="inline" type="editorial-summary" resp="editor" rend="font-style: italic; line-height: 10.0pt; text-indent: 22.0pt; text-align: justify; font-size: 9" xmlns="http://www.tei-c.org/ns/1.0">(Veel wordt hiervan echter niet verwacht).<lb/></note><p xml:id="INT_0db21dad-72de-369c-8f7d-d595c00ce018.TEI.1.text.1.body.1.div.1.div.7.p.1" resp="int_paragraph_joining" rend="">
              ’t Is een groot gebrek in ons volk, dat se in haer doen te costelijk sijn ende<lb xmlns="http://www.tei-c.org/ns/1.0"/> overal, waer se komen, groote capiteyns willen wesen, dat haer sobere capitalen<lb xmlns="http://www.tei-c.org/ns/1.0"/> niet opwerpen connen, behalven dat se tot noch toe ook doorgaens ter zee seer<lb xmlns="http://www.tei-c.org/ns/1.0"/> ongelukkigh sijn geweest uyt oorsaek, soo wij meenen, dat se van alle nootlijkheden<lb xmlns="http://www.tei-c.org/ns/1.0"/> soo wel niet voorsien en sijn als de schepen van de Compag.e ende veel tijt<lb xmlns="http://www.tei-c.org/ns/1.0"/> ook het beste volk niet en hebben, nadien geschikte luyden ende die wat kennis van<lb xmlns="http://www.tei-c.org/ns/1.0"/> de navigatie hebben, haer fortuyn liever soeken bij den dienst van de Compagnie<lb xmlns="http://www.tei-c.org/ns/1.0"/> dan met vrije luyden te varen, schoon se bij deselve al wat hoger gagie connen bedingen.<lb xmlns="http://www.tei-c.org/ns/1.0"/> In allen gevalle is onse gevoelen, dat wel vastgestelt mach worden, dat de<lb xmlns="http://www.tei-c.org/ns/1.0"/> onse noyt tegen de Moren, Chinesen ende andere sullen connen varen ofte bestaen,<lb xmlns="http://www.tei-c.org/ns/1.0"/> omdat deselve veel oncostelijker weten te varen ende haer saeken ook beter weten<lb xmlns="http://www.tei-c.org/ns/1.0"/> aen te leggen, doch mogen verhopen, dat sij , al doende, leren ende door de quade<lb xmlns="http://www.tei-c.org/ns/1.0"/> successen wijser sullen worden.<lb xmlns="http://www.tei-c.org/ns/1.0"/>P. 185.<lb xmlns="http://www.tei-c.org/ns/1.0"/>
            </p><note xml:id="INT_0db21dad-72de-369c-8f7d-d595c00ce018.TEI.1.text.1.body.1.div.1.div.7.note.2" xml:lang="nl" place="inline" type="editorial-summary" resp="editor" rend="font-style: italic; line-height: 11.7pt; text-indent: 22.0pt; text-align: justify; font-size: 9" xmlns="http://www.tei-c.org/ns/1.0">(In Wingurla is in een jaar uitgegeven f. 14505, waarvan f. 8373 voor de schepen<lb/> voor Goa; de er gemaaide handelswinst is niet bekend; bij het vergaan van de Dolphijn ,<lb/> uit Suratte komend, op 14 mei -vgl. <hi rend="font-size:10; font-family:Liberation Serif" xml:lang="nl">Daghregisters,</hi> p. 331-333 - ging een cargasoen<lb/> van f. 430170 - verloren, zijnde de winst van een jaar in Suratte, waar door twee<lb/> schepen een carg. van f. 300000 was aangebracht en door twee schepen w.o. de Dolphijn<lb/> voor f. 882174.17 .- was uitgevoerd; hof reis van Van Adrichem, vgl. <hi rend="font-size:10; font-family:Liberation Serif" xml:lang="nl">Hofreis;</hi> de<lb/> Engelsen hebben met vrachtvaart op Mokka goed verdiend).<lb/></note><p xml:id="INT_0db21dad-72de-369c-8f7d-d595c00ce018.TEI.1.text.1.body.1.div.1.div.7.p.2" resp="int_paragraph_joining" rend="">
              Ende nadien sich een France rover in ’t Roode Meir heeft vertoont met weghslepingh<lb xmlns="http://www.tei-c.org/ns/1.0"/> van een goeden buyt, sullen de koopluyden door de vrese, die hun hiermede<lb xmlns="http://www.tei-c.org/ns/1.0"/> aengejaegt is, meer inclineren om hunne goederen met Europiaense als Moorse<lb xmlns="http://www.tei-c.org/ns/1.0"/> schepen over te voeren, alsoo se meynen, gelijk de waerheyt is, dat hare coopmanschappen<lb xmlns="http://www.tei-c.org/ns/1.0"/> daerinne beter verseekert sijn, ’twelk dan ook avantagieus voor ons te<lb xmlns="http://www.tei-c.org/ns/1.0"/> wesen schijnt, hebbende wij den directeur Van Adrichem gerecommandeert, dewijle<lb xmlns="http://www.tei-c.org/ns/1.0"/> het doch metten kledenhandel op Mocha, Bassura noch Persiën niet voort en wil,<lb xmlns="http://www.tei-c.org/ns/1.0"/> het op een vrachtwinninge nae de gelegentheyt van den tijdt aen te leggen ende, soo<lb xmlns="http://www.tei-c.org/ns/1.0"/> het de voordelen mogen opwerpen, souden wij ginder wel wat meer scheepsruymte,<lb xmlns="http://www.tei-c.org/ns/1.0"/> als eygentlijk tot den handel van Suratta noodig sij, connen bestellen.<lb xmlns="http://www.tei-c.org/ns/1.0"/>P. 201.<lb xmlns="http://www.tei-c.org/ns/1.0"/>
            </p><note xml:id="INT_0db21dad-72de-369c-8f7d-d595c00ce018.TEI.1.text.1.body.1.div.1.div.7.note.3" xml:lang="nl" place="inline" type="editorial-summary" resp="editor" rend="font-style: italic; line-height: 11.7pt; text-indent: 22.0pt; text-align: justify; font-size: 9" xmlns="http://www.tei-c.org/ns/1.0">(Te Suratte brachten de kruidnagelen 83} st. het pond op, -meer dan ooit te voren;<lb/> in Bengalen is in een jaar gewonnen f. 219598.10.3 en uitgegeven f. 84383.4.12, in<lb/> Djambi id. per 30 sept. f. 105202 en f. 24170; het is niet nodig een apart schip met<lb/> levensmiddelen naar de Kaap te zenden; gegevens Mataram, afgedrukt <hi rend="font-size:10; font-family:Liberation Serif" xml:lang="nl">Opkomst</hi> VI,<lb/> p. 98-99; de uit Mataram te Batavia aangevoerde rijst had nog goedkoper kunnen worden<lb/> ingekocht, echter zouden de verkopers de aanvoer dan wellicht gestaakt hebben; ook<lb/> het vele aangebrachte hout komt goed te pas, <hi rend="font-size:10; font-family:Liberation Serif" xml:lang="nl">Opkomst</hi> VI, p. 99-101; brief van den<lb/> Engelsen Koning aan dien van Bantam).<lb/></note><pb xml:id="INT_0db21dad-72de-369c-8f7d-d595c00ce018.TEI.1.text.1.body.1.div.1.div.7.pb.1" n="460" facs="http://resources.huygens.knaw.nl/retroapp/service_generalemissiven/gm_03/images/gm_3_125_0460.tif"/><fw xml:id="INT_0db21dad-72de-369c-8f7d-d595c00ce018.TEI.1.text.1.body.1.div.1.div.7.fw.1" place="top" type="head" facs="#zone.5223705" xmlns="http://www.tei-c.org/ns/1.0">460 Maetsuyker, Hartsinck, Verburch, Steur, Pit, Ovortwater, enz. XXIX, 21 dec. 1663</fw><p xml:id="INT_0db21dad-72de-369c-8f7d-d595c00ce018.TEI.1.text.1.body.1.div.1.div.7.p.3" xml:lang="nl" rend="font-size: 10; text-align: justify; line-height: 11.7pt; text-indent: 22.0pt" xmlns="http://www.tei-c.org/ns/1.0">Maer als de brief gelesen was, vraeghde Sijn Hoogh.1, hoe het bijquam, dat<lb/> in desel ve geen vermaen en wierd gedaen van de schepen, die sij hem hadden<lb/> toegeseyt, dat uyt Engelandt souden comen om met een gecombineerde macht,<lb/> sij ter zee ende hij te lande, Batavia te belegeren ende in te nemen, waeruyt men<lb/> can besluyten, wat haer concepten moeten sijn geweest, ingevalle ’t aen de macht<lb/> niet en hadde ontbrooken.<lb/></p></div><div xml:id="INT_0db21dad-72de-369c-8f7d-d595c00ce018.TEI.1.text.1.body.1.div.1.div.8" type="subdivision_for_sake_of_validation"><head xml:id="INT_0db21dad-72de-369c-8f7d-d595c00ce018.TEI.1.text.1.body.1.div.1.div.8.head.1" xml:lang="nl" rend="font-size: 8.5; text-align: justify; line-height: 11.7pt" xmlns="http://www.tei-c.org/ns/1.0">P. 253.<lb/></head><note xml:id="INT_0db21dad-72de-369c-8f7d-d595c00ce018.TEI.1.text.1.body.1.div.1.div.8.note.1" xml:lang="nl" place="inline" type="editorial-summary" resp="editor" rend="font-style: italic; line-height: 10.5pt; text-indent: 22.0pt; text-align: justify; font-size: 9.5" xmlns="http://www.tei-c.org/ns/1.0">(Wegens de grote eis aan suiker voor Perzië <hi rend="font-size:9; font-family:Liberation Serif; letter-spacing:5.0pt" xml:lang="nl">. . .</hi> .)<lb/></note><p xml:id="INT_0db21dad-72de-369c-8f7d-d595c00ce018.TEI.1.text.1.body.1.div.1.div.8.p.1" xml:lang="nl" rend="font-size: 10; text-align: justify; line-height: 11.7pt" xmlns="http://www.tei-c.org/ns/1.0"><hi rend="font-size:10; font-family:Liberation Serif; letter-spacing:5.0pt" xml:lang="nl">....</hi> hebben wij tot Bantam doen incopen 33500 ponden tot 4| realen de picol<lb/> ende voor het vaderlandt van den sabandar Caitsoe 117072 geconfijte gengber<lb/> tot 7 realen.<lb/></p><p xml:id="INT_0db21dad-72de-369c-8f7d-d595c00ce018.TEI.1.text.1.body.1.div.1.div.8.p.2" xml:lang="nl" rend="font-size: 8.5; text-align: justify; line-height: 11.7pt" xmlns="http://www.tei-c.org/ns/1.0">P. 254.<lb/></p><p xml:id="INT_0db21dad-72de-369c-8f7d-d595c00ce018.TEI.1.text.1.body.1.div.1.div.8.p.3" resp="int_paragraph_joining" rend="">
              (Er is nabij Batavia aan rijst <hi rend="font-size:9; font-family:Liberation Serif; letter-spacing:5.0pt" xml:lang="nl" xmlns="http://www.tei-c.org/ns/1.0">. . .</hi> .)<lb xmlns="http://www.tei-c.org/ns/1.0"/><hi rend="font-size:10; font-family:Liberation Serif; letter-spacing:5.0pt" xml:lang="nl" xmlns="http://www.tei-c.org/ns/1.0">....</hi> tamelijke quantiteyt gewonnen ende is het ongedierte, daer wij verleden<lb xmlns="http://www.tei-c.org/ns/1.0"/> jaer van hebben geschreven, naderhandt niet meer in de landen vernomen. Het<lb xmlns="http://www.tei-c.org/ns/1.0"/> planten van suykerriet en neemt sooveel niet toe, als wij wel wenschten, maer en<lb xmlns="http://www.tei-c.org/ns/1.0"/> neemt evenwel niet af.<lb xmlns="http://www.tei-c.org/ns/1.0"/>P. 256.<lb xmlns="http://www.tei-c.org/ns/1.0"/>
            </p><note xml:id="INT_0db21dad-72de-369c-8f7d-d595c00ce018.TEI.1.text.1.body.1.div.1.div.8.note.2" xml:lang="nl" place="inline" type="editorial-summary" resp="editor" rend="font-style: italic; line-height: 10.5pt; text-indent: 22.0pt; text-align: justify; font-size: 9.5" xmlns="http://www.tei-c.org/ns/1.0">( De kwaliteit van die suiker wordt beter; de suikermolenaar Pittavin is <hi rend="font-size:9; font-family:Liberation Serif; letter-spacing:5.0pt" xml:lang="nl">...</hi> .)<lb/></note><p xml:id="INT_0db21dad-72de-369c-8f7d-d595c00ce018.TEI.1.text.1.body.1.div.1.div.8.p.4" xml:lang="nl" rend="font-size: 10; text-align: justify; line-height: 11.7pt" xmlns="http://www.tei-c.org/ns/1.0"><hi rend="font-size:10; font-family:Liberation Serif; letter-spacing:5.0pt" xml:lang="nl">....</hi> een man, die een grooten ommeslach heeft ende mette selve veel monden<lb/> de cost is gevende, hoedanige in de coloniën van de Comp.e ten hoogsten nodig sijn<lb/> ende daerom wel wat faveur meriteren.<lb/></p><p xml:id="INT_0db21dad-72de-369c-8f7d-d595c00ce018.TEI.1.text.1.body.1.div.1.div.8.p.5" xml:lang="nl" rend="font-size: 8.5; text-align: justify; line-height: 11.7pt" xmlns="http://www.tei-c.org/ns/1.0">P. 257.<lb/></p><note xml:id="INT_0db21dad-72de-369c-8f7d-d595c00ce018.TEI.1.text.1.body.1.div.1.div.8.note.3" xml:lang="nl" place="inline" type="editorial-summary" resp="editor" rend="font-style: italic; line-height: 10.5pt; text-indent: 22.0pt; text-align: justify; font-size: 9.5" xmlns="http://www.tei-c.org/ns/1.0">( De meeste vrijburgers zijn lui).<lb/></note><p xml:id="INT_0db21dad-72de-369c-8f7d-d595c00ce018.TEI.1.text.1.body.1.div.1.div.8.p.6" resp="int_paragraph_joining" rend="">
              De zeevaert en de commercie op alle plaetsen hieromtrent ende in alle coopmanschappen,<lb xmlns="http://www.tei-c.org/ns/1.0"/> de specerijen alleen uytgesondert, heeft haer al over vele jaren<lb xmlns="http://www.tei-c.org/ns/1.0"/> open- ende vrijgestaen buyten eenige limitatie, maer men heeft tot noch toe niet<lb xmlns="http://www.tei-c.org/ns/1.0"/> konnen bevinden, dat vele daerbij wel gevaren sijn, omdat se haer dingen selden<lb xmlns="http://www.tei-c.org/ns/1.0"/> wel aenleggen ende in allen gevalle tegen de Chinesen ende andere niet connen<lb xmlns="http://www.tei-c.org/ns/1.0"/> bestaen, te costelijk ende te prodigael sijnde; die ’t hier op Batavia waernemen,<lb xmlns="http://www.tei-c.org/ns/1.0"/> is tot noch toe gesien, dat best beclijven; hebben se soo grote voordeelen niet, als<lb xmlns="http://www.tei-c.org/ns/1.0"/> die haer coophandel ter zee drijven, se sijn ook weder de ongelukken ende verliesen<lb xmlns="http://www.tei-c.org/ns/1.0"/> niet onderworpen, die de andere <hi rend="font-size:10; font-family:Liberation Serif; vertical-align:super" xml:lang="nl" xmlns="http://www.tei-c.org/ns/1.0">1).</hi><lb xmlns="http://www.tei-c.org/ns/1.0"/>P. 258.<lb xmlns="http://www.tei-c.org/ns/1.0"/>
            </p><note xml:id="INT_0db21dad-72de-369c-8f7d-d595c00ce018.TEI.1.text.1.body.1.div.1.div.8.note.4" xml:lang="nl" place="inline" type="editorial-summary" resp="editor" rend="font-style: italic; line-height: 11.7pt; text-indent: 22.0pt; text-align: justify; font-size: 9.5" xmlns="http://www.tei-c.org/ns/1.0">(Toenarm van stenen huizen te Batavia; een stenen 'pakhuis zal aan de zeekant<lb/> nabij het bolwerk Zeeburg worden gebouwd; tijdelijk is 2100 last rijst opgeslagen<lb/> in de Maleise kerk-in-aanbouw; er zijn te weinig timmerlieden <hi rend="font-size:9; font-family:Liberation Serif; letter-spacing:5.0pt" xml:lang="nl">,</hi> waarom de papiermolen<lb/> in steen wordt opgetrokken; het valt gemakkelijker blauw dan wit papier te<lb/> maken; de korenmolen is van twee waterlopen voorzien; voorstel Joan Thijsz. tot gewoon<lb/> raad van Indiè te benoemen; in Batavia is van 1 sept. 1662 tot 31 aug. 1663 uit-<lb/></note><note xml:id="INT_0db21dad-72de-369c-8f7d-d595c00ce018.TEI.1.text.1.body.1.div.1.div.8.note.5" xml:lang="nl" rend="font-size: 8.5; line-height: 9.4pt; margin-left: 2200" xmlns="http://www.tei-c.org/ns/1.0">1) Hier is „lijden” of iets dergelijks uitgevallen.<lb/></note><pb xml:id="INT_0db21dad-72de-369c-8f7d-d595c00ce018.TEI.1.text.1.body.1.div.1.div.8.pb.1" n="461" facs="http://resources.huygens.knaw.nl/retroapp/service_generalemissiven/gm_03/images/gm_3_125_0461.tif"/><fw xml:id="INT_0db21dad-72de-369c-8f7d-d595c00ce018.TEI.1.text.1.body.1.div.1.div.8.fw.1" place="top" type="head" facs="#zone.5225351" xmlns="http://www.tei-c.org/ns/1.0">Maetsuyker, Hartsinck, Verburch, Steur, Pit, Overtwater, enz. XXIX, 21 dec. 1663 461</fw><note xml:id="INT_0db21dad-72de-369c-8f7d-d595c00ce018.TEI.1.text.1.body.1.div.1.div.8.note.6" xml:lang="nl" place="inline" type="editorial-summary" resp="editor" rend="font-size: 9; font-style: italic; text-align: justify; line-height: 11.7pt" xmlns="http://www.tei-c.org/ns/1.0">gegeven f. 1933333.14.5, waaronder voor de schepen f. 1165451, terwijl er in de handel<lb/> is gewonnen f. 1190318.7 .4 en aan landsinkomsten is ontvangen f. 343285.2.8; de<lb/> Compagnie heeft er f. 2285466.11.1 op interest geleend, waarvoor f. 120000 aan rente<lb/> is betaald; 112 gevangen Portugezen , vnl. uit Cochin, gaan met de retourvloot mee;<lb/> er zijn wissels op patria getrokken voor 17 040 \ rijksdaalders a 60 stuivers; in Tonkin<lb/> kan wel voor 150 a 200000 gulden aan zijden stukgoederen voor patria worden gekocht;<lb/> de retourvloot neemt vnl. textiel, foelie (f. 87578), salpeter (f. 111529), zijde<lb/> (f. 328000), kaneel (f. 155040), peper (f. 569013) mee).<lb/></note>
            
      </div></div>
                  </body>
                </text>
              </TEI>