<TEI xml:id="INT_79030ed1-5772-32f0-80e2-7f6b51170d02" xmlns="http://www.tei-c.org/ns/1.0">
                <teiHeader>
      <fileDesc>
        <titleStmt>
          <title>Maetsuyker, Hulft, Hartzinck, Cunaeus, Verburch, Steur en Van den Bogaerde, 12 juli 1655</title>
        </titleStmt>
        <publicationStmt>
          <p>
            <date>12 juli 1655</date>
            <idno type="sourceID">missiven:vol3</idno>
            <idno type="pid">INT_79030ed1-5772-32f0-80e2-7f6b51170d02</idno>
          </p>
        </publicationStmt>
        <notesStmt>
          <note/>
        </notesStmt>
        <sourceDesc>
          <listBibl xml:id="inlMetadata">
            <bibl type="missive">
        <interpGrp type="page"><interp>1</interp></interpGrp>
        
      <interpGrp type="titleLevel1"><interp>Maetsuyker, Hulft, Hartzinck, Cunaeus, Verburch, Steur en Van den Bogaerde, 12 juli 1655</interp></interpGrp>
      <interpGrp type="dateLevel1"><interp>12 juli 1655</interp></interpGrp>
        <interpGrp type="tocLevel"><interp>1</interp></interpGrp>
      <interpGrp type="volume"><interp>3</interp></interpGrp>
        <interpGrp type="n"><interp>VII</interp></interpGrp>
      
      <interpGrp type="witnessYearLevel1_from"><interp>1655</interp></interpGrp>
      <interpGrp type="witnessYearLevel1_to"><interp>1655</interp></interpGrp>
      <interpGrp type="witnessMonthLevel1_to"><interp>7</interp></interpGrp>
      <interpGrp type="witnessMonthLevel1_from"><interp>7</interp></interpGrp>
      <interpGrp type="witnessDayLevel1_to"><interp>12</interp></interpGrp>
      <interpGrp type="witnessDayLevel1_from"><interp>12</interp></interpGrp>
      <interpGrp type="authorLevel1"><interp>Maetsuyker</interp><interp>Hulft</interp><interp>Hartzinck</interp><interp>Cunaeus</interp><interp>Verburch</interp><interp>Steur</interp><interp>Van den Bogaerde</interp></interpGrp>
      <interpGrp type="pid"><interp>INT_79030ed1-5772-32f0-80e2-7f6b51170d02</interp></interpGrp>
    </bibl>
          </listBibl>
        </sourceDesc>
      </fileDesc>
    </teiHeader>
                <text xml:id="INT_79030ed1-5772-32f0-80e2-7f6b51170d02.TEI.1.text.1">
                  <body xml:id="INT_79030ed1-5772-32f0-80e2-7f6b51170d02.TEI.1.text.1.body.1">
                    <div xml:id="INT_79030ed1-5772-32f0-80e2-7f6b51170d02.TEI.1.text.1.body.1.div.1">
        
              <pb xml:id="INT_79030ed1-5772-32f0-80e2-7f6b51170d02.TEI.1.text.1.body.1.div.1.pb.1" n="1" facs="http://resources.huygens.knaw.nl/retroapp/service_generalemissiven/gm_03/images/gm_3_125_0001.tif"/><head xml:id="INT_79030ed1-5772-32f0-80e2-7f6b51170d02.TEI.1.text.1.body.1.div.1.head.1" xml:lang="nl" rend="font-size: 10; text-align: justify; line-height: 12.0pt" xmlns="http://www.tei-c.org/ns/1.0">VII. JOAN MAETSUYKER, GEKARD HULFT, CAREL HARTZINCK,<lb/> JOAN CUNAEUS, NICOLAES VERBURCH, DIRCK STEUR EN GASPAR<lb/> VAN DEN BOGAERDE, BATAVIA 12 juli 1655.<lb/></head><p xml:id="INT_79030ed1-5772-32f0-80e2-7f6b51170d02.TEI.1.text.1.body.1.div.1.p.1" xml:lang="nl" rend="font-size: 8; text-align: justify; line-height: 12.0pt" xmlns="http://www.tei-c.org/ns/1.0">1099, fol. 538-549.<lb/></p><note xml:id="INT_79030ed1-5772-32f0-80e2-7f6b51170d02.TEI.1.text.1.body.1.div.1.note.1" xml:lang="nl" place="inline" type="editorial-summary" resp="editor" rend="font-style: italic; line-height: 11.7pt; text-indent: 22.0pt; text-align: justify; font-size: 9" xmlns="http://www.tei-c.org/ns/1.0">( 25 april is de Indian M erchant te Bantam gekomen , vnl. met lood en - bedorven -<lb/> bier; deze brief gaat mei dat schip naar Europa; de jonk Flora is 18 maart op een rif<lb/> voor Japara vergaan; hout van daar aangebrachi; Reynier Serooskercken vervangt<lb/> Dirck Fransz. als resident te Bantam).<lb/></note><p xml:id="INT_79030ed1-5772-32f0-80e2-7f6b51170d02.TEI.1.text.1.body.1.div.1.p.2" xml:lang="nl" rend="font-size: 10; text-align: justify; line-height: 11.7pt; text-indent: 22.0pt" xmlns="http://www.tei-c.org/ns/1.0">Het Deens jachje de Fredericus is op 7 april schielijck ende, sooder geseckt<lb/> wort, sonder verlof van den Sulthan genomen te hebben, na Cormandel vertrocken,<lb/> hebbende haeren coopman ofte schrijver met 11 000 realen aen uytstaende schulden<lb/> onder de Sulthan ende de grooten tot Bantam laeten staen, soodat haer<lb/> cargasoen niet seer groot en can sijn.<lb/></p><note xml:id="INT_79030ed1-5772-32f0-80e2-7f6b51170d02.TEI.1.text.1.body.1.div.1.note.2" xml:lang="nl" place="inline" type="editorial-summary" resp="editor" rend="font-style: italic; line-height: 11.7pt; text-indent: 22.0pt; text-align: justify; font-size: 9" xmlns="http://www.tei-c.org/ns/1.0">(Vertrek van twee schepen op 9 en 12 april naar Palembang; 20 april van Schouten<lb/> mei twee jachten naar Atjeh; 27 mei komen twee schepen van Bengalen , cargasoen<lb/> f. 393758, w.o. 647 pakken zijde; 17 april vertrekt de Griffioen naar Coromandel,<lb/> cargasoen <hi rend="font-size:9; font-family:Liberation Serif; font-weight:bold; letter-spacing:1.0pt" xml:lang="nl">/.</hi> 186530, vnl. goud en schuitzilver voor Bengalen; 18 en 24 mei komen<lb/> een fluit en een nieuw jacht van Siam; 10 mei de Trouw met cargasoen van f. 90153.15.<lb/> 10, vnl. Bengaalse zijde, naar Desjima vertrokken; hei opperhoofd Jan Boucheljon<lb/> zal mei twee jachten volgen; 4 vaartuigen, cargasoen <hi rend="font-size:9; font-family:Liberation Serif; font-weight:bold; letter-spacing:1.0pt" xml:lang="nl">/.</hi> 242900.18.6, gaan 14 mei<lb/> naar Thaiwan, waar weinig handel is en geen goud komt, . . . .)<lb/></note><p xml:id="INT_79030ed1-5772-32f0-80e2-7f6b51170d02.TEI.1.text.1.body.1.div.1.p.3" xml:lang="nl" rend="font-size: 10; text-align: justify; line-height: 11.7pt" xmlns="http://www.tei-c.org/ns/1.0"><hi rend="font-size:10; font-family:Liberation Serif; letter-spacing:2.5pt" xml:lang="nl">....</hi> vermits den mandorijn Cocxinja lietselve overal liet opcoopen om tot sijn<lb/> eygen negotie na andere plaetsen te gebruycken ende de winsten, soo hij self<lb/> schrijft, te dienen tot betalinge van sijn crijgsvolck, daer hij al veel toe van doen<lb/> sal hebben. Bovendien soo wierden de wegen door de Tartaren op veele plaetsen<lb/> in China onveyl ende geslooten gehouden tot veracliteringe van den coophandel,<lb/> waerom den . . . gouverneur sijnen eysch van peper ende eenige andere coopmanschappen<lb/> al vrij heeft vermindert.<lb/></p><p xml:id="INT_79030ed1-5772-32f0-80e2-7f6b51170d02.TEI.1.text.1.body.1.div.1.p.4" resp="int_paragraph_joining" rend="">
              De landtocht om de zuyd <hi rend="font-size:10; font-family:Liberation Serif; letter-spacing:2.5pt" xml:lang="nl" xmlns="http://www.tei-c.org/ns/1.0">....</hi> was door den drost Frederick Schedel ende<lb xmlns="http://www.tei-c.org/ns/1.0"/> cap.tn Thomas Pedel gedaen ende de oproerige dorpen met straffe van eenige<lb xmlns="http://www.tei-c.org/ns/1.0"/> quaetdoenders in vrede gestelt. De suyckerplantagie stond op Formosa seer schoon,<lb xmlns="http://www.tei-c.org/ns/1.0"/> die men meende, dat tegen julio aenstaende niet min dan 12 of 13 000 picol soude<lb xmlns="http://www.tei-c.org/ns/1.0"/> uytle veren boven de 7457 p.1, van het voorige jaer overgebleven ende was wederom<lb xmlns="http://www.tei-c.org/ns/1.0"/> 15 000 t.1 aen coopmanschappen aen de Chinesen hoofden op leverantie van<lb xmlns="http://www.tei-c.org/ns/1.0"/> suycker geadvanceert. Ende vermits het gesay door de plage der sprinckhanen<lb xmlns="http://www.tei-c.org/ns/1.0"/><hi rend="font-size:10; font-family:Liberation Serif; letter-spacing:2.5pt" xml:lang="nl" xmlns="http://www.tei-c.org/ns/1.0">....</hi> op eenige plaetsen veel bedorven was, waerdoor in ettelijcke dorpen hongersnoot<lb xmlns="http://www.tei-c.org/ns/1.0"/> was ontstaen, soo had den gouverneur ende raedt om de arme menschen de<lb xmlns="http://www.tei-c.org/ns/1.0"/> mondt open te houden uyt Comp.8 packhuys 28 lasten rijs tot een aelmoesse uytgereyckt.<lb xmlns="http://www.tei-c.org/ns/1.0"/><lb xmlns="http://www.tei-c.org/ns/1.0"/>I<lb xmlns="http://www.tei-c.org/ns/1.0"/><pb xml:id="INT_79030ed1-5772-32f0-80e2-7f6b51170d02.TEI.1.text.1.body.1.div.1.p.4.pb.1" n="2" facs="http://resources.huygens.knaw.nl/retroapp/service_generalemissiven/gm_03/images/gm_3_125_0002.tif"/><fw xml:id="INT_79030ed1-5772-32f0-80e2-7f6b51170d02.TEI.1.text.1.body.1.div.1.p.4.fw.1" place="top" type="page-number" facs="#zone.4742212" xmlns="http://www.tei-c.org/ns/1.0">2</fw><fw xml:id="INT_79030ed1-5772-32f0-80e2-7f6b51170d02.TEI.1.text.1.body.1.div.1.p.4.fw.2" place="top" type="head" facs="#zone.4742216" xmlns="http://www.tei-c.org/ns/1.0">Maetsuyker, Huift, Hartzinck, Cunaeua, Verburch, enz. VII, 12 juli 1655</fw>
            </p><note xml:id="INT_79030ed1-5772-32f0-80e2-7f6b51170d02.TEI.1.text.1.body.1.div.1.note.3" xml:lang="nl" place="inline" type="editorial-summary" resp="editor" rend="font-style: italic; line-height: 11.7pt; text-indent: 23.0pt; text-align: justify; font-size: 10" xmlns="http://www.tei-c.org/ns/1.0">(In Tonkin zal geen zijde voor Japan worden gekocht; de Vleermuys met cargasoen<lb/> van f. 25773.2-, vnl. zilver, naar Tonkin en Thaiwan gezonden; schepen 20-25<lb/> mei van de Specerij eilanden gekomen; bij Birma is niet gevochten, daar de M akassaarse<lb/> vaartuigen al waren vertrokken; gebeurtenissen op Buton en op Ceram, vgl. <hi rend="font-size:10; font-family:Liberation Serif" xml:lang="nl">Ambonse</hi><lb/><hi rend="font-size:10; font-family:Liberation Serif" xml:lang="nl">Historie,</hi> p. 83-85, <hi rend="font-size:10; font-family:Liberation Serif" xml:lang="nl">Valentijn</hi> II, Ambonsche Zaaken, p. 198-199; 29 juni komt<lb/> directeur Pelgrom met twee jachten uit Suratte, cargasoen f. 318306, vnl. kleden).<lb/></note><p xml:id="INT_79030ed1-5772-32f0-80e2-7f6b51170d02.TEI.1.text.1.body.1.div.1.p.5" xml:lang="nl" rend="font-size: 10; text-align: justify; line-height: 11.7pt; text-indent: 23.0pt" xmlns="http://www.tei-c.org/ns/1.0">De Vice-Rey in Goa heeft de chaloup de Maecht van Dordrecht, voorleden<lb/> jaer in Sualys Chom genomen, eyndelijck op 6e decemb.r weder gelargeert ende<lb/> vrijgegeven met 12 gevangens, daeronder oock de luytenant Christoffel Egger <hi rend="font-size:10; font-family:Liberation Serif; vertical-align:super" xml:lang="nl">!)</hi><lb/>ende vendrich Harmen Broer <hi rend="font-size:10; font-family:Liberation Serif; vertical-align:super" xml:lang="nl">1 2),</hi> over 2 jaaren op Zeylon aen Angruatotte gecregen,<lb/> waerjegens den e. van Gendt, <hi rend="font-size:10; font-family:Liberation Serif; letter-spacing:2.5pt" xml:lang="nl">....</hi> en passant op Wingurla sijnde, haer weder<lb/> vrijgestelt hadde eenige papen ende andere, van Zeylon medegenomen.<lb/></p><note xml:id="INT_79030ed1-5772-32f0-80e2-7f6b51170d02.TEI.1.text.1.body.1.div.1.note.4" xml:lang="nl" place="inline" type="editorial-summary" resp="editor" rend="font-style: italic; line-height: 11.7pt; text-indent: 23.0pt; text-align: justify; font-size: 10" xmlns="http://www.tei-c.org/ns/1.0">( Berckhout gaat 13 jebr. met 2 jachten van Suratte via Sindh naar Perzië om<lb/> Sarcerius te vervangen; 4 maart zijn in Suratte de 3 schepen uit Thaiwan gekomen<lb/> en doorgezonden naar Perzië; een jacht van Suratte naar Mokka gezonden; bericht<lb/> van den koopman in Wingurla:)<lb/></note><p xml:id="INT_79030ed1-5772-32f0-80e2-7f6b51170d02.TEI.1.text.1.body.1.div.1.p.6" xml:lang="nl" rend="font-size: 10; text-align: justify; line-height: 11.7pt" xmlns="http://www.tei-c.org/ns/1.0">. . . .sijn 2 october verleden jaers voor Goa uyt Poortugael aengecomen twee galloens<lb/> ende een hurke met 12 of 13 hondert coppen ende gelaaden met weynich<lb/> coopmansz. als corael, eliphantstanden, snuyf toeback, wijn, olye, papier ende<lb/> partij e comtanten, maer het grootste van desel ve galloens was <hi rend="font-size:10; font-family:Liberation Serif; font-style:italic" xml:lang="nl">5</hi> daagen daemae<lb/> door storm van ancker gesmeten ende vergaen, doch het volck ende de meeste<lb/> coopmanschappen geberght, het tweede galloen bleef onder het casteel d’Aguada<lb/> ten ancker leggen, sonderdat van desselfs versendinge gewaecht wierd ende de<lb/> hurke was de rivier opgecort tot voor het cruythuys, weynich beneden de stadt.<lb/> Maer in february verleden had de Vice-Rey een carveel <hi rend="font-size:10; font-family:Liberation Serif; vertical-align:super" xml:lang="nl">3),</hi> particuliere coopluyden<lb/> toebehoorende, na Portugael afgeveerdicht, doch hetselve was, nadat 5 dagen in<lb/> zee was geweest, vermits quade afladinge onbequaem geoordeelt de reyse te<lb/> volbrengen ende weder binnengecomen <hi rend="font-size:10; font-family:Liberation Serif; letter-spacing:2.5pt" xml:lang="nl">....</hi> Die van gen. stadt waren eyndelijck<lb/> mette Coninck van Visiapour verdragen ende desselfs veldleger ingetrocken <hi rend="font-size:10; font-family:Liberation Serif; vertical-align:super" xml:lang="nl">4).</hi><lb/>De Sivapaneyck <hi rend="font-size:10; font-family:Liberation Serif; letter-spacing:2.5pt" xml:lang="nl">....</hi> heeft d’fortresse Onor ten lesten geëmporteert ende den<lb/> Portugeesen gouverneur gedwongen sich mettet guamisoen ende den ommeslach<lb/> te waater naer Goa te salveeren. Na Zeylon wierd gerucht, dat 500 man tot secours<lb/> soude worden gesonden, maer dewijl de Vice-Rey en de andere grooten seer<lb/> oneenich tegen malkander waaren ende het mousson ten eynde liep, soo twijffelde<lb/> men, of de besendinge al zoude voortgaen.<lb/></p><note xml:id="INT_79030ed1-5772-32f0-80e2-7f6b51170d02.TEI.1.text.1.body.1.div.1.note.5" xml:lang="nl" place="inline" type="editorial-summary" resp="editor" rend="font-style: italic; line-height: 11.1pt; text-indent: 23.0pt; text-align: justify; font-size: 10" xmlns="http://www.tei-c.org/ns/1.0">( Weinig nieuws uit Ceylon).<lb/></note><p xml:id="INT_79030ed1-5772-32f0-80e2-7f6b51170d02.TEI.1.text.1.body.1.div.1.p.7" xml:lang="nl" rend="font-size: 10; text-align: justify; line-height: 12.0pt" xmlns="http://www.tei-c.org/ns/1.0"><hi rend="font-size:10; font-family:Liberation Serif; letter-spacing:5.0pt" xml:lang="nl">....</hi> hebbende in de maendt decembr. bij occasie van de aencomste van den<lb/> e. Van Gendt <hi rend="font-size:10; font-family:Liberation Serif; letter-spacing:5.0pt" xml:lang="nl">....</hi> mette jachten Naerden, Sluys, Zirckzee ende Avenhorn<lb/></p><note xml:id="INT_79030ed1-5772-32f0-80e2-7f6b51170d02.TEI.1.text.1.body.1.div.1.note.6" xml:lang="nl" rend="font-size: 7.5; text-align: justify; line-height: 8.3pt; margin-left: 2200" xmlns="http://www.tei-c.org/ns/1.0">1) Christoffel Egger was zeker in 1649 reeds als vendrig op Ceylon.<lb/></note><note xml:id="INT_79030ed1-5772-32f0-80e2-7f6b51170d02.TEI.1.text.1.body.1.div.1.note.7" xml:lang="nl" rend="font-size: 7.5; text-align: justify; line-height: 9.6pt; margin-left: 2100" xmlns="http://www.tei-c.org/ns/1.0">2) Harmen Broer, mij verder niet bekend.<lb/></note><note xml:id="INT_79030ed1-5772-32f0-80e2-7f6b51170d02.TEI.1.text.1.body.1.div.1.note.8" xml:lang="nl" rend="font-size: 7.5; text-align: justify; line-height: 9.6pt; margin-left: 2100" xmlns="http://www.tei-c.org/ns/1.0">3) Carveel, port. caravela, snelzeilend scheepje met smalle boeg en breed achtereinde.<lb/></note><note xml:id="INT_79030ed1-5772-32f0-80e2-7f6b51170d02.TEI.1.text.1.body.1.div.1.note.9" xml:lang="nl" rend="font-size: 7.5; text-align: justify; line-height: 9.6pt; margin-left: 2100" xmlns="http://www.tei-c.org/ns/1.0">4) Vgl. hiervoor <hi rend="font-size:7.5; font-family:Liberation Serif; font-style:italic" xml:lang="nl">Portugiiese</hi> II, p. 309.<lb/></note><pb xml:id="INT_79030ed1-5772-32f0-80e2-7f6b51170d02.TEI.1.text.1.body.1.div.1.pb.2" n="3" facs="http://resources.huygens.knaw.nl/retroapp/service_generalemissiven/gm_03/images/gm_3_125_0003.tif"/><fw xml:id="INT_79030ed1-5772-32f0-80e2-7f6b51170d02.TEI.1.text.1.body.1.div.1.fw.1" place="top" type="head" facs="#zone.5029547" xmlns="http://www.tei-c.org/ns/1.0">Maetsuyker, Huift, Hartzinck, Cunaeus, Verburch, enz. VII, 12 juli 1655</fw><fw xml:id="INT_79030ed1-5772-32f0-80e2-7f6b51170d02.TEI.1.text.1.body.1.div.1.fw.2" place="top" type="page-number" facs="#zone.5029560" xmlns="http://www.tei-c.org/ns/1.0">3</fw><p xml:id="INT_79030ed1-5772-32f0-80e2-7f6b51170d02.TEI.1.text.1.body.1.div.1.p.8" xml:lang="nl" rend="font-size: 10; text-align: justify; line-height: 11.7pt" xmlns="http://www.tei-c.org/ns/1.0">den vijandt sijn fortificatie aen de rivier van Alican na een hevigh gevecht stormenderhandt<lb/> ingenomen ende 54 Portugesen afgeslaagen.<lb/></p><note xml:id="INT_79030ed1-5772-32f0-80e2-7f6b51170d02.TEI.1.text.1.body.1.div.1.note.10" xml:lang="nl" place="inline" type="editorial-summary" resp="editor" rend="font-style: italic; line-height: 11.7pt; text-indent: 22.0pt; text-align: justify; font-size: 9.5" xmlns="http://www.tei-c.org/ns/1.0">(12 mei komt de Gecroonde Leeuw uit patria , 17 mei de Oliphant en van de<lb/> nieuwe equipage Malakka en Wapen van Hoüandt, in juni en op 1 juli nog 8 andere;<lb/> alleen de Gecroonde Leeuw had vele , nl. 50, doden; Huift zal met 12 a 14 schepen naar<lb/> Ceylon gaan voor het beleg van Colombo; 19 juni vaart de Enckhuysen, cargasoen<lb/> f. 149276.-A, naar Thaiwan en 7 juli twee jachten met f. 597603.2.6 <hi rend="font-size:9; font-family:Liberation Serif; font-style:italic" xml:lang="nl">Tiaar</hi> Japan;<lb/> 2 jachten zullen naar Canton gaan voor een ambassade naar Peking; 28 juni komt<lb/> Terhorst uit Solor, die is opgevolgd door Jacob Verheyden).<lb/></note><p xml:id="INT_79030ed1-5772-32f0-80e2-7f6b51170d02.TEI.1.text.1.body.1.div.1.p.9" xml:lang="nl" rend="font-size: 10; text-align: justify; line-height: 11.7pt; text-indent: 22.0pt" xmlns="http://www.tei-c.org/ns/1.0">Tusschen de Portugesen ende ons en is in ketselve quartier dit jaer niet<lb/> sonders voorgevallen, maer deselve is in de maendt april jongstleeden een grooten<lb/> afbreuck geschiet door het af vallen van den Sonnebayer op Timor met sijne adherenten,<lb/> sijnde voor desen een van haere getrouste ende vermogenste bondtgenoten<lb/> geweest, hebbende alle de Portugesen, die in sijn landt gevonden wierden, dootgeslaagen,<lb/> haere goederen gerooft ende de kercken ende huysen in den brandt<lb/> gesteken ende vernielt, mitsgaders ons voort tot sijn adsistentie ende bescherminge<lb/> versocht, die haer na vermogen soude worden verleent, tot welcken eynde het<lb/> jacht Hoorn daer noch overgebleven is.<lb/></p><note xml:id="INT_79030ed1-5772-32f0-80e2-7f6b51170d02.TEI.1.text.1.body.1.div.1.note.11" xml:lang="nl" place="inline" type="editorial-summary" resp="editor" rend="font-style: italic; line-height: 11.7pt; text-indent: 22.0pt; text-align: justify; font-size: 9.5" xmlns="http://www.tei-c.org/ns/1.0">(9 juli komt een der drie Quinamse jonken van Palembang met Nederlandse<lb/> bemanning; gegevens Palembang , uitvoeriger in brief VIII; 11 juli komt de fluit<lb/> Salm uit Banda met 543 picol notemuskaat; einde van hel jaar zullen 4 schepen naar<lb/> Amsterdam, 2 naar Zeeland, 1 naar Delft, Rotterdam, Enkhuizen elk, worden<lb/> gezonden; 10 juli is de Prins Willem uit patria voor Anjer gekomen).<lb/></note>
            
      </div>
                  </body>
                </text>
              </TEI>