<TEI xml:id="INT_df7059d0-e9e6-3ab1-a0a6-81e6be9caa67" xmlns="http://www.tei-c.org/ns/1.0">
                <teiHeader>
      <fileDesc>
        <titleStmt>
          <title>Maetsuyker, Verburch, Pit, Overtwater, Speelman en Van Hoorn, 11 dec. 1672</title>
        </titleStmt>
        <publicationStmt>
          <p>
            <date>11 dec. 1672</date>
            <idno type="sourceID">missiven:vol3</idno>
            <idno type="pid">INT_df7059d0-e9e6-3ab1-a0a6-81e6be9caa67</idno>
          </p>
        </publicationStmt>
        <notesStmt>
          <note/>
        </notesStmt>
        <sourceDesc>
          <listBibl xml:id="inlMetadata">
            <bibl type="missive">
        <interpGrp type="page"><interp>823</interp></interpGrp>
        
      <interpGrp type="titleLevel1"><interp>Maetsuyker, Verburch, Pit, Overtwater, Speelman en Van Hoorn, 11 dec. 1672</interp></interpGrp>
      <interpGrp type="dateLevel1"><interp>11 dec. 1672</interp></interpGrp>
        <interpGrp type="tocLevel"><interp>1</interp></interpGrp>
      <interpGrp type="volume"><interp>3</interp></interpGrp>
        <interpGrp type="n"><interp>LXIII</interp></interpGrp>
      
      <interpGrp type="witnessYearLevel1_from"><interp>1672</interp></interpGrp>
      <interpGrp type="witnessYearLevel1_to"><interp>1672</interp></interpGrp>
      <interpGrp type="witnessMonthLevel1_to"><interp>12</interp></interpGrp>
      <interpGrp type="witnessMonthLevel1_from"><interp>12</interp></interpGrp>
      <interpGrp type="witnessDayLevel1_to"><interp>11</interp></interpGrp>
      <interpGrp type="witnessDayLevel1_from"><interp>11</interp></interpGrp>
      <interpGrp type="authorLevel1"><interp>Maetsuyker</interp><interp>Verburch</interp><interp>Pit</interp><interp>Overtwater</interp><interp>Speelman</interp><interp>Van Hoorn</interp></interpGrp>
      <interpGrp type="pid"><interp>INT_df7059d0-e9e6-3ab1-a0a6-81e6be9caa67</interp></interpGrp>
    </bibl>
          </listBibl>
        </sourceDesc>
      </fileDesc>
    </teiHeader>
                <text xml:id="INT_df7059d0-e9e6-3ab1-a0a6-81e6be9caa67.TEI.1.text.1">
                  <body xml:id="INT_df7059d0-e9e6-3ab1-a0a6-81e6be9caa67.TEI.1.text.1.body.1">
                    <div xml:id="INT_df7059d0-e9e6-3ab1-a0a6-81e6be9caa67.TEI.1.text.1.body.1.div.1">
        
              <pb xml:id="INT_df7059d0-e9e6-3ab1-a0a6-81e6be9caa67.TEI.1.text.1.body.1.div.1.pb.1" n="823" facs="http://resources.huygens.knaw.nl/retroapp/service_generalemissiven/gm_03/images/gm_3_125_0823.tif"/><fw xml:id="INT_df7059d0-e9e6-3ab1-a0a6-81e6be9caa67.TEI.1.text.1.body.1.div.1.fw.1" place="top" type="head" xml:lang="nl" rend="text-align:justify; line-height:11.1pt" facs="#zone.6189637" xmlns="http://www.tei-c.org/ns/1.0">Maetsuyker, Verburch, Pit, Overtwater, Speelman en Van Hoorn LXIII, 11 dec. 1672 823</fw><head xml:id="INT_df7059d0-e9e6-3ab1-a0a6-81e6be9caa67.TEI.1.text.1.body.1.div.1.head.1" xml:lang="nl" rend="font-size: 10; text-align: justify; line-height: 11.7pt" xmlns="http://www.tei-c.org/ns/1.0">LXIII. JOAN MAETSUYKER, NICOLAES VERBURCH, LAURENS PIT,<lb/> PIETER OVERTWATER, CORNELIS SPEELMAN EN PIETER VAN<lb/> HOORN, BATAVIA 11 dec. 1672.<lb/></head><p xml:id="INT_df7059d0-e9e6-3ab1-a0a6-81e6be9caa67.TEI.1.text.1.body.1.div.1.p.1" xml:lang="nl" rend="font-size: 8; text-align: justify; line-height: 11.7pt" xmlns="http://www.tei-c.org/ns/1.0">1175, fol. 36-64.<lb/></p><note xml:id="INT_df7059d0-e9e6-3ab1-a0a6-81e6be9caa67.TEI.1.text.1.body.1.div.1.note.1" xml:lang="nl" place="inline" type="editorial-summary" resp="editor" rend="font-style: italic; line-height: 11.7pt; text-indent: 22.0pt; text-align: justify; font-size: 9" xmlns="http://www.tei-c.org/ns/1.0">(Twijfel of de voorafgaande drie brieven wel zullen zijn bezorgd; copieën en deze<lb/> brief verzonden met de Deense Gulden Fortuyn; vgl. voor de inhoud <hi rend="font-size:10; font-family:Liberation Serif" xml:lang="nl">Daghregisters</hi><lb/>1672 <hi rend="font-size:10; font-family:Liberation Serif" xml:lang="nl">,</hi> p. 250-348; betreurd wordt, vooral met het oog op Ceylon, dat het uitbreken van<lb/> de oorlog eerst 29 oct. bekend werd, <hi rend="font-size:10; font-family:Liberation Serif" xml:lang="nl">. . .</hi> .)<lb/></note><p xml:id="INT_df7059d0-e9e6-3ab1-a0a6-81e6be9caa67.TEI.1.text.1.body.1.div.1.p.2" xml:lang="nl" rend="font-size: 10; text-align: justify; line-height: 11.7pt" xmlns="http://www.tei-c.org/ns/1.0"><hi rend="font-size:10; font-family:Liberation Serif; letter-spacing:5.0pt" xml:lang="nl">....</hi> nadien ons daer anders geen occagie ofte macht en soude zijn ontbroken<lb/> haer grooten afbreuck te doen ende de geheele vloot onder den admirael La Haye<lb/> te ruïneren ofte afhandigh te maken. Hoedanigh goede gelegenth. nu wellicht<lb/> niet weder voorcomen zal.<lb/></p><note xml:id="INT_df7059d0-e9e6-3ab1-a0a6-81e6be9caa67.TEI.1.text.1.body.1.div.1.note.2" xml:lang="nl" place="inline" type="editorial-summary" resp="editor" rend="font-style: italic; line-height: 11.7pt; text-indent: 22.0pt; text-align: justify; font-size: 9" xmlns="http://www.tei-c.org/ns/1.0">( De 8 nov. naar Straat Banka gezonden schepen moeten kruisen op de uit het<lb/> Noorden verwachte Engelse schepen; de - vgl. <hi rend="font-size:10; font-family:Liberation Serif" xml:lang="nl">Daghregisters,</hi> p. 333 - genomen<lb/> Engelse Hannibal is <hi rend="font-size:10; font-family:Liberation Serif" xml:lang="nl">...</hi> .)<lb/></note><p xml:id="INT_df7059d0-e9e6-3ab1-a0a6-81e6be9caa67.TEI.1.text.1.body.1.div.1.p.3" xml:lang="nl" rend="font-size: 10; text-align: justify; line-height: 12.0pt" xmlns="http://www.tei-c.org/ns/1.0"><hi rend="font-size:10; font-family:Liberation Serif; letter-spacing:5.0pt" xml:lang="nl">....</hi> een nieuw schoon gebouw van ontrent 200 lasten, gemonteert met 26<lb/> gotelingen ende gemant met omtrent 70 coppen.<lb/></p><note xml:id="INT_df7059d0-e9e6-3ab1-a0a6-81e6be9caa67.TEI.1.text.1.body.1.div.1.note.3" xml:lang="nl" place="inline" type="editorial-summary" resp="editor" rend="font-style: italic; line-height: 11.7pt; text-indent: 22.0pt; text-align: justify; font-size: 9" xmlns="http://www.tei-c.org/ns/1.0">( 9 schepen kruisen bij de baai van Bantam; wegens de oorlog inlanders in militaire<lb/> dienst genomen d 4 rsd. p.m.; de aanstaande kruidnageloogst op maar 160 a<lb/> 180000 <hi rend="font-size:10; font-family:Liberation Serif" xml:lang="nl">®</hi> hoogstens begroot; veel regens en ziekten in Amboina; hoop, dat men tochten<lb/> van de Engelsen naar het Oosten zal kunnen beletten; 3 Engelse vaartuigen <hi rend="font-size:10; font-family:Liberation Serif" xml:lang="nl">. . .</hi> .)<lb/></note><p xml:id="INT_df7059d0-e9e6-3ab1-a0a6-81e6be9caa67.TEI.1.text.1.body.1.div.1.p.4" xml:lang="nl" rend="font-size: 10; text-align: justify; line-height: 11.7pt" xmlns="http://www.tei-c.org/ns/1.0"><hi rend="font-size:10; font-family:Liberation Serif; letter-spacing:5.0pt" xml:lang="nl">....</hi> waren geweest aan de eylanden Babber, Nilo ende Leety, dogh dat se van<lb/> de inwoonders waren afgewesen, dan eenelijck dat die van Nilo aen deselve toeganck<lb/> hadden verleent, maer van den orangkaey oock een vlagge van deselve<lb/> soude hebben geaccepteert, dat egter bij denselven wert ontkent. Onderwijlen<lb/> hadden se met ernst naer notebomen gevraegt ende belooft ’t aenstaende jaer<lb/> met meer macht weder te comen. Zijnde voorsz. Engelsen ook ontrent het eylant<lb/> Damma geweest, dogh ’tselve niet aengedaen, omdat se eene haerer chialoepen<lb/> aldaer verloren hadden.<lb/></p><note xml:id="INT_df7059d0-e9e6-3ab1-a0a6-81e6be9caa67.TEI.1.text.1.body.1.div.1.note.4" xml:lang="nl" place="inline" type="editorial-summary" resp="editor" rend="font-style: italic; line-height: 10.0pt; text-indent: 22.0pt; text-align: justify; font-size: 9" xmlns="http://www.tei-c.org/ns/1.0">(Op Babar en Nila zijn enige soldaten geplaatst).<lb/></note><p xml:id="INT_df7059d0-e9e6-3ab1-a0a6-81e6be9caa67.TEI.1.text.1.body.1.div.1.p.5" xml:lang="nl" rend="font-size: 10; text-align: justify; line-height: 11.7pt; text-indent: 22.0pt" xmlns="http://www.tei-c.org/ns/1.0">’t Christendom was op Manado en Tarroema, oen der plaetsen op ’t eylant<lb/> Sangy, in goeden stant en aenwas tot stuytinge van ’t Moordom, waertoe door<lb/> ons en de Castil janen van beyder zijden op die eylanden gearbeyt wort.<lb/></p><p xml:id="INT_df7059d0-e9e6-3ab1-a0a6-81e6be9caa67.TEI.1.text.1.body.1.div.1.p.6" resp="int_paragraph_joining" rend="">
              De Engelsen met haren Egel en 2 chialoepen, vooren van gesprooken, oock<lb xmlns="http://www.tei-c.org/ns/1.0"/> aldaer <hi rend="font-size:10; font-family:Liberation Serif; vertical-align:super" xml:lang="nl" xmlns="http://www.tei-c.org/ns/1.0">1)</hi> en in de eylanden van de Toucabesjes waeren aengeweest, allerwegen<lb xmlns="http://www.tei-c.org/ns/1.0"/> seer naeuw inquirerende naer speceryen sonder ergens yets op te doen. Zijnde op<lb xmlns="http://www.tei-c.org/ns/1.0"/><note xml:id="INT_df7059d0-e9e6-3ab1-a0a6-81e6be9caa67.TEI.1.text.1.body.1.div.1.p.6.note.1" xml:lang="nl" rend="font-size: 8; line-height: 8.9pt; margin-left: 2300" xmlns="http://www.tei-c.org/ns/1.0">1) Op Buton.<lb/></note><pb xml:id="INT_df7059d0-e9e6-3ab1-a0a6-81e6be9caa67.TEI.1.text.1.body.1.div.1.p.6.pb.1" n="824" facs="http://resources.huygens.knaw.nl/retroapp/service_generalemissiven/gm_03/images/gm_3_125_0824.tif"/><fw xml:id="INT_df7059d0-e9e6-3ab1-a0a6-81e6be9caa67.TEI.1.text.1.body.1.div.1.p.6.fw.1" place="top" type="head" xml:lang="nl" rend="text-align:justify; line-height:11.1pt" facs="#zone.6192036" xmlns="http://www.tei-c.org/ns/1.0">824 Maetsuyker, Verburch, Pit, Overtwater, Speelman en Van Hoorn LXIII, 11 dec. 1672</fw>Boeton door den Coningh ende de regeringe niettegenstaende aonsienelijke presentatien<lb xmlns="http://www.tei-c.org/ns/1.0"/> en mede in de voorsz. eylanden niet geadmitteert, maer afgewesen gewerden.<lb xmlns="http://www.tei-c.org/ns/1.0"/><hi rend="font-size:8; font-family:Liberation Serif" xml:lang="nl" xmlns="http://www.tei-c.org/ns/1.0">Fol. 39v.</hi><lb xmlns="http://www.tei-c.org/ns/1.0"/>
            </p><p xml:id="INT_df7059d0-e9e6-3ab1-a0a6-81e6be9caa67.TEI.1.text.1.body.1.div.1.p.7" xml:lang="nl" rend="font-size: 10; text-align: justify; line-height: 11.7pt; text-indent: 23.0pt" xmlns="http://www.tei-c.org/ns/1.0">Zij <hi rend="font-size:10; font-family:Liberation Serif; vertical-align:super" xml:lang="nl">x)</hi> hebben haren Coninck met gemene raetspleginge desen jaer weder<lb/> gedegradeert en een ander op onse approbatie in plaets gecooren, die ons voor een<lb/> welgenege vrint van de Comp.e bekent is. Schijnende de Coningen in dat rijcq<lb/> sodanige veranderingen somwijlen subject te wesen.<lb/></p><note xml:id="INT_df7059d0-e9e6-3ab1-a0a6-81e6be9caa67.TEI.1.text.1.body.1.div.1.note.5" xml:lang="nl" place="inline" type="editorial-summary" resp="editor" rend="font-size: 10; text-align: justify; line-height: 11.1pt; text-indent: 23.0pt" xmlns="http://www.tei-c.org/ns/1.0"><hi rend="font-size:10; font-family:Liberation Serif; font-style:italic" xml:lang="nl">( David Harthouwer is ivaarnemend president te MaJcassar</hi> ) .<lb/></note><p xml:id="INT_df7059d0-e9e6-3ab1-a0a6-81e6be9caa67.TEI.1.text.1.body.1.div.1.p.8" xml:lang="nl" rend="font-size: 10; text-align: justify; line-height: 12.0pt; text-indent: 23.0pt" xmlns="http://www.tei-c.org/ns/1.0">De ziecte en sterfte was nu niet naemwaerdigh en ’t hospitael genogsaem<lb/> ledigh, beginnende de quaede dampen teenemael te verdwijnen.<lb/></p><note xml:id="INT_df7059d0-e9e6-3ab1-a0a6-81e6be9caa67.TEI.1.text.1.body.1.div.1.note.6" xml:lang="nl" place="inline" type="editorial-summary" resp="editor" rend="font-style: italic; line-height: 11.7pt; text-indent: 23.0pt; text-align: justify; font-size: 10" xmlns="http://www.tei-c.org/ns/1.0">( De Ougly - <hi rend="font-size:10; font-family:Liberation Serif; font-style:italic; font-weight:bold" xml:lang="nl">vgl.</hi> <hi rend="font-size:10; font-family:Liberation Serif" xml:lang="nl">Daghregisters,</hi> p. 315 - heeft geen 1000 maar 1800 picol<lb/> sapanhout van Bima meegebracht; daar ligt nog 2000 picol; er is goede winst op te<lb/> maken).<lb/></note><p xml:id="INT_df7059d0-e9e6-3ab1-a0a6-81e6be9caa67.TEI.1.text.1.body.1.div.1.p.9" xml:lang="nl" rend="font-size: 10; text-align: justify; line-height: 11.7pt; text-indent: 23.0pt" xmlns="http://www.tei-c.org/ns/1.0">Radja Tello is daer nogh, vervallende langs soo meer in gebreck en armoede,<lb/> meest van al sijn volcq verlaten wesende, omdat se benoodsaect zijn gewerden<lb/> hier en daer haer nootdruft te gaen zoeken. Sijn Hoogheyt gevoelt dudanigh wel<lb/> sijn begaene misslagh, maer is beschaemt om nu weder ongeroepen naer huys te<lb/> keeren. Sulcx zullen wij misschien denselven door den een off den anderen daertoe<lb/> laten aenporren.<lb/></p><note xml:id="INT_df7059d0-e9e6-3ab1-a0a6-81e6be9caa67.TEI.1.text.1.body.1.div.1.note.7" xml:lang="nl" place="inline" type="editorial-summary" resp="editor" rend="font-style: italic; line-height: 11.1pt; text-indent: 23.0pt; text-align: justify; font-size: 10" xmlns="http://www.tei-c.org/ns/1.0">( De Pangeran van Palembang heeft bepaald, <hi rend="font-size:10; font-family:Liberation Serif" xml:lang="nl">. . .</hi> .)<lb/></note><p xml:id="INT_df7059d0-e9e6-3ab1-a0a6-81e6be9caa67.TEI.1.text.1.body.1.div.1.p.10" xml:lang="nl" rend="font-size: 10; text-align: justify; line-height: 11.7pt" xmlns="http://www.tei-c.org/ns/1.0"><hi rend="font-size:10; font-family:Liberation Serif; letter-spacing:4.5pt" xml:lang="nl">....</hi> dat hetselve grain <hi rend="font-size:10; font-family:Liberation Serif; vertical-align:super" xml:lang="nl">2)</hi> daer nu niet meer bij de gantang magh ontfangen<lb/> worden, maer met geen minder maet dan een picol ende waerdoor se dan een<lb/> achstc real p.r ’t picol dierder comt te staen ende soude zijn Hoogh.1, na gepresumeert<lb/> wiert, bovendien de cledenhandel mede voornemens zijn onder sijn monopolie<lb/> te brengen.<lb/></p><note xml:id="INT_df7059d0-e9e6-3ab1-a0a6-81e6be9caa67.TEI.1.text.1.body.1.div.1.note.8" xml:lang="nl" place="inline" type="editorial-summary" resp="editor" rend="font-style: italic; line-height: 11.7pt; text-indent: 23.0pt; text-align: justify; font-size: 10" xmlns="http://www.tei-c.org/ns/1.0">( Er wordt daar door concurrenten veel textiel aangevoerd, waarom de resident<lb/> geen bestelling deed).<lb/></note><p xml:id="INT_df7059d0-e9e6-3ab1-a0a6-81e6be9caa67.TEI.1.text.1.body.1.div.1.p.11" xml:lang="nl" rend="font-size: 10; text-align: justify; line-height: 11.7pt; text-indent: 23.0pt" xmlns="http://www.tei-c.org/ns/1.0">Hethuwelijcktusschendenprince van Jambij en de dochter van Palembang<lb/> bleef noghal trotteren, daer wel verwijderingh tusschen beyde uyt soude connen<lb/> ontstaen, maer de Sulthan scheen nu voornemens te zijn self in persoon met de<lb/> bruydegom nae Palembangh te gaen om ongenuchten voor te komen.<lb/></p><note xml:id="INT_df7059d0-e9e6-3ab1-a0a6-81e6be9caa67.TEI.1.text.1.body.1.div.1.note.9" xml:lang="nl" place="inline" type="editorial-summary" resp="editor" rend="font-style: italic; line-height: 11.7pt; text-indent: 23.0pt; text-align: justify; font-size: 10" xmlns="http://www.tei-c.org/ns/1.0">( Boven verwachting was in Malakka ultimo juli 1672 in een jaar gewonnen<lb/><hi rend="font-size:10; font-family:Liberation Serif" xml:lang="nl">/.</hi> 251011. -.5, waarvan <hi rend="font-size:10; font-family:Liberation Serif" xml:lang="nl">/.</hi> 114025.11 aan tolrecht; er is uitgegeven <hi rend="font-size:10; font-family:Liberation Serif" xml:lang="nl">/.</hi> 171671.12.14; er<lb/> was 31 oct. 1000 bahar tin in voorraad; Singkel is in het verbond ter Westkust opge-<lb/></note><note xml:id="INT_df7059d0-e9e6-3ab1-a0a6-81e6be9caa67.TEI.1.text.1.body.1.div.1.note.10" xml:lang="nl" rend="font-size: 8; text-align: justify; line-height: 8.9pt; margin-left: 2200" xmlns="http://www.tei-c.org/ns/1.0">1) Die van Buton.<lb/></note><note xml:id="INT_df7059d0-e9e6-3ab1-a0a6-81e6be9caa67.TEI.1.text.1.body.1.div.1.note.11" xml:lang="nl" rend="font-size: 8; text-align: justify; line-height: 8.9pt; margin-left: 2100" xmlns="http://www.tei-c.org/ns/1.0">2) De peper.<lb/></note><pb xml:id="INT_df7059d0-e9e6-3ab1-a0a6-81e6be9caa67.TEI.1.text.1.body.1.div.1.pb.2" n="825" facs="http://resources.huygens.knaw.nl/retroapp/service_generalemissiven/gm_03/images/gm_3_125_0825.tif"/><fw xml:id="INT_df7059d0-e9e6-3ab1-a0a6-81e6be9caa67.TEI.1.text.1.body.1.div.1.fw.2" place="top" type="head" xml:lang="nl" rend="text-align:justify; line-height:9.4pt" facs="#zone.6194344" xmlns="http://www.tei-c.org/ns/1.0">Maetsuyker, Verburch, Pit, Overtwater, Speelman en Van Hoorn LXIÏÏ, 11 dec. 1672 825</fw><note xml:id="INT_df7059d0-e9e6-3ab1-a0a6-81e6be9caa67.TEI.1.text.1.body.1.div.1.note.12" xml:lang="nl" place="inline" type="editorial-summary" resp="editor" rend="font-size: 10; font-style: italic; text-align: justify; line-height: 11.7pt" xmlns="http://www.tei-c.org/ns/1.0">nomen, vgl. <hi rend="font-size:10; font-family:Liberation Serif" xml:lang="nl">Westkust,</hi> p. 154 en <hi rend="font-size:10; font-family:Liberation Serif" xml:lang="nl">Corpus</hi> II, nr. CCCXXXVII; ter Kust zoals gewoonlijk<lb/> vele sterfgevallen; er lcwam daardoor weinig goud binnen; de naar Salida gezonden<lb/> mardijkers zullen worden teruggeroepen; uit Atjeh vernamen, . <hi rend="font-size:10; font-family:Liberation Serif" xml:lang="nl">. .</hi> .)<lb/></note><p xml:id="INT_df7059d0-e9e6-3ab1-a0a6-81e6be9caa67.TEI.1.text.1.body.1.div.1.p.12" xml:lang="nl" rend="font-size: 10; text-align: justify; line-height: 11.7pt" xmlns="http://www.tei-c.org/ns/1.0"><hi rend="font-size:10; font-family:Liberation Serif; letter-spacing:4.5pt" xml:lang="nl">....</hi> datter tusschen de Vorstin ende de rijxraden en onder de rijcxraden oock<lb/> sware oneenigheden waren, sulcx dat het heele hof in verwarringe lach, maer ten<lb/> is soo seker niet, dat men daervan heel veel behoeft te geloven.<lb/></p><note xml:id="INT_df7059d0-e9e6-3ab1-a0a6-81e6be9caa67.TEI.1.text.1.body.1.div.1.note.13" xml:lang="nl" place="inline" type="editorial-summary" resp="editor" rend="font-style: italic; line-height: 11.7pt; text-indent: 22.0pt; text-align: justify; font-size: 10" xmlns="http://www.tei-c.org/ns/1.0">(De Loosduynen met lading van f. 204468.13 is door stormweer bij de Oangesmond<lb/> opgehouden; in Bengalen kwamen vijf Engelse schepen; een zesde kwam 3<lb/> sept. voor Madras, de Bernardiston, die begin april uit Engeland voer, toen misschien<lb/> de oorlog al verklaard was).<lb/></note><p xml:id="INT_df7059d0-e9e6-3ab1-a0a6-81e6be9caa67.TEI.1.text.1.body.1.div.1.p.13" xml:lang="nl" rend="font-size: 10; text-align: justify; line-height: 11.7pt; text-indent: 22.0pt" xmlns="http://www.tei-c.org/ns/1.0">Hebbende voorsz. Engelsen dien oorlogh ontrent de onse weten te verbloemen,<lb/> alsoff er maer tusschen 5 van de Staetenschepen ende 5 van de hare enige canonschoten<lb/> waren ge wisselt <hi rend="font-size:10; font-family:Liberation Serif; vertical-align:super" xml:lang="nl">1),</hi> om d’onse also daervan oncundigh te houden ende<lb/> zoude ’tselve schip aenstonts mede nogh naer Bengalen zijn voortgesonden.<lb/></p><note xml:id="INT_df7059d0-e9e6-3ab1-a0a6-81e6be9caa67.TEI.1.text.1.body.1.div.1.note.14" xml:lang="nl" place="inline" type="editorial-summary" resp="editor" rend="font-style: italic; line-height: 12.0pt; text-indent: 22.0pt; text-align: justify; font-size: 10" xmlns="http://www.tei-c.org/ns/1.0">(Vrees, dat de Nederlanders in Bengalen, niet van de oorlog wetend, de rijkgeladen<lb/> schepen in goed vertrouwen wegzonden; de handel aldaar heeft . . . .)<lb/></note><p xml:id="INT_df7059d0-e9e6-3ab1-a0a6-81e6be9caa67.TEI.1.text.1.body.1.div.1.p.14" xml:lang="nl" rend="font-size: 10; text-align: justify; line-height: 11.7pt" xmlns="http://www.tei-c.org/ns/1.0"><hi rend="font-size:10; font-family:Liberation Serif; letter-spacing:4.5pt" xml:lang="nl">....</hi> seer verwart gestaen, zijnde ontsprooten door ’t overlijden van Comp.8<lb/> gewesen tolck, genaempt Bolleram. Bij welckers overlijden denzelven nogh ruym<lb/> 35 <hi rend="font-size:10; font-family:Liberation Serif; font-style:italic" xml:lang="nl">k</hi> 40000 ropia ten agteren stont, waerbij d’onse door den Ouglysen gouverneur<lb/> Melck Cassim <hi rend="font-size:10; font-family:Liberation Serif; vertical-align:super" xml:lang="nl">2)</hi> nogh geweidelijk zijn afgedrongen een gelijke somma van 35000<lb/> ropia met voorgeven desel ve op den naem van de Comp.e aen Bolleram op intrest<lb/> te hebben geleent, villende sigh alsoo in dien boedel en de geschriften steeken,<lb/> daerinne ontwijffelijk dan zoude zijn gevonden aentekeninge van Comp.8 gros des<lb/> handels ende ook voomamentlijck wat tollen datter tzedert twintigh jaeren<lb/> herwaerts zijn geslooken geworden, ’twelcke den heer direct.1- ende den raet dan<lb/> bewogen hadde naer geleden gewelt ende veele affronten aengetogen Bolleram<lb/> schuit voornoempt aan den gouverneur Melck Cassim te betalen, met hoope uyt<lb/> desselfs naerlatenschap Comp® guarant wel te zullen vinden. Dogh ’tzedert alles<lb/> opgenomen ende zoo veele doenelijck naege vorst wesende, bevont men, datter<lb/> niet allene vrij veele zoude tecort comen, maer oock dat desselfs boeken ende<lb/> gehouden aenteekeningen wierden gemist, zulcx dan eerst des overledens outste<lb/> zoon ende daernae oock desselfs moeder, Bollerams weduwe, dogh met consent van<lb/> Melck Cassim uyt den huyse gehaelt ende <hi rend="font-size:10; font-family:Liberation Serif; letter-spacing:4.5pt" xml:lang="nl">....</hi> in de logie sachtelijck getortureert<lb/> om alsoo agter de waerheyt te comen, waer de middelen en de boeken waren<lb/> verschoolen, daerop egter ’t regte effect niet was te voorschijn gecomen. Zijnde<lb/> hier nogh argste van allen toegeslagen, dat aengetogen vrouw 2 è, 3 dagen daernae<lb/> bij nacht is doot gevonden niet door het tortureren, maer dat se, soo alsser van de<lb/> vrunden ende selfs van den zoon getuygt wert, voor ende aleer dat se uyt het huys<lb/></p><note xml:id="INT_df7059d0-e9e6-3ab1-a0a6-81e6be9caa67.TEI.1.text.1.body.1.div.1.note.15" xml:lang="nl" rend="font-size: 7.5; line-height: 9.6pt; text-indent: 23.0pt" xmlns="http://www.tei-c.org/ns/1.0">1) Dit zal slaan op de mislukte aanslag op 23 maart van Holmes nabij Wight op de door<lb/> oorlogsschepen geconvoyeerde vloot uit Smyma.<lb/></note><note xml:id="INT_df7059d0-e9e6-3ab1-a0a6-81e6be9caa67.TEI.1.text.1.body.1.div.1.note.16" xml:lang="nl" rend="font-size: 7.5; text-align: justify; line-height: 9.6pt; margin-left: 2200" xmlns="http://www.tei-c.org/ns/1.0">2) Malik Kasim.<lb/></note><pb xml:id="INT_df7059d0-e9e6-3ab1-a0a6-81e6be9caa67.TEI.1.text.1.body.1.div.1.pb.3" n="826" facs="http://resources.huygens.knaw.nl/retroapp/service_generalemissiven/gm_03/images/gm_3_125_0826.tif"/><fw xml:id="INT_df7059d0-e9e6-3ab1-a0a6-81e6be9caa67.TEI.1.text.1.body.1.div.1.fw.3" place="top" type="head" facs="#zone.6197999" xmlns="http://www.tei-c.org/ns/1.0">826 Maetsuyker, Verburch, Pit, Overtwater, Speelman en Van Hoorn LXIII, 11 dec. 1672</fw><p xml:id="INT_df7059d0-e9e6-3ab1-a0a6-81e6be9caa67.TEI.1.text.1.body.1.div.1.p.15" xml:lang="nl" rend="font-size: 10; text-align: justify; line-height: 11.7pt" xmlns="http://www.tei-c.org/ns/1.0">wiert gehaelt, (dat bij de benjanen voor een groote schande ende verlies van hare<lb/> caste wert gehouden) amphioen zoude hebben genutticht. Twelck dan bij aenget-ogen<lb/> gouverneur Melck Cassim verstaen zijnde, heeft hij het doode lichaem van de<lb/> vrouw uyt den huyse laten halen ende op d’ordinare plaetse ofte derbaer *) voor<lb/> een ider ten thoon gelecht. Willende daerdoor d’heer directeur beschuldigen ende<lb/> aenvrijven, dat dito vrouw door zijn e. was dootgepij nicht ende dat zulcx voor den<lb/> nabab Chia Estachan niet conde ofte mogte verswegen worden. Hebbende dat<lb/> werck soo een ontsteltheyt ende ongenegentheyt tysschen den heer directeur<lb/> Ranst ende Melck Cassim verweet, dat men terstont getragt ende int werck gestelt<lb/> heeft over Melck Cassims boose handelinghe, valsche beschuldinge ende affronten,<lb/> aen Comp.8 oude respect bewesen, ten hove aen geci teerden nabab tot Decca te<lb/> dagen ende ’t vereyste redres te versoeken, oock met alle craghten te bewereken,<lb/> denselven uyt de regeringe van Ougly mogte worden geseth. Tot welcken eynde<lb/> dan naar Decca af is gesonden geworden den coopman s.r Pieter Hofmeester <hi rend="font-size:10; font-family:Liberation Serif; vertical-align:super" xml:lang="nl">1 2).</hi><lb/>Maar aldaer zijn onse zaeke soo qualijck opgenomen ende verkeert geduyt geworden,<lb/> dat de onse (door ’t valsche bedrijff ende ’t gehoor, dat hij, Cassim, ontrent<lb/> den duan Veynandiael heeft gevonden! zijn gecondemneert tot een boete uyt te<lb/> moeten keeren een importante somma van 150000 ropia ofte naer de jegenwoordige<lb/> reductie 210000 gl., dat oock aenstonts heeft moeten te berde worden gebragt.<lb/><hi rend="font-size:7.5; font-family:Liberation Serif" xml:lang="nl">Fol. 45v—</hi> <hi rend="font-size:7.5; font-family:Liberation Serif" xml:lang="nl">46v.</hi><lb/></p><note xml:id="INT_df7059d0-e9e6-3ab1-a0a6-81e6be9caa67.TEI.1.text.1.body.1.div.1.note.17" xml:lang="nl" place="inline" type="editorial-summary" resp="editor" rend="font-style: italic; line-height: 11.7pt; text-indent: 23.0pt; text-align: justify; font-size: 10" xmlns="http://www.tei-c.org/ns/1.0">(Echter is de Compagnie onschuldig verklaard aan de dood van die vrouw ;<lb/> nadere bijzonderheden zijn niet bekend; er ligt daar 14 a 1500 baal zijde gereed voor<lb/> Japan; vier fluiten van Trincomale Tiaar Bengalen gezonden voor het af halen van<lb/> waren; de Alphen - vgl. <hi rend="font-size:10; font-family:Liberation Serif" xml:lang="nl">Daghregisters,</hi> p. 326 - had 1278 pak textiel en 70 balen<lb/> indigo aan boord; voor drie andere schepen was het te laat nog van Masulipatam naar<lb/> Batavia te vertrekken; de Batavia - ibid. p. 341 - bracht 1000 zak salpeter en 1000<lb/> stuks calaturshout ; de Koning van Golconda overleed <hi rend="font-size:10; font-family:Liberation Serif" xml:lang="nl">. . .</hi> .)<lb/></note><p xml:id="INT_df7059d0-e9e6-3ab1-a0a6-81e6be9caa67.TEI.1.text.1.body.1.div.1.p.16" xml:lang="nl" rend="font-size: 10; text-align: justify; line-height: 11.7pt" xmlns="http://www.tei-c.org/ns/1.0">. . . . sonder mannelijck oor nae te laten3). Sijnde een maent tevooren oock<lb/> overleden den zeer ouden velto versten Nichnamchan, waervan de Majesteyt nogh<lb/> bij zijn leven ende gesondheyt een schat heeft geërft van tsestigh hondertduysent<lb/> oude pagoden. Zijnde terstond weder voor opperveltheer vercooren den heer<lb/> Assemchan ende daerbij vereert met den tij tul van ganganna superselaer <hi rend="font-size:10; font-family:Liberation Serif; vertical-align:super" xml:lang="nl">4),</hi><lb/>waeronder dan oock was gestelt het gebiet van’t verheerde Camatische rijck,<lb/> sooals het voorheen bij den overleden Nichnamchan was becleet. Twelcke dan<lb/> genoegsaem een appart conincklijck gebiet is, waeronder ook Palliacatta ende ’t<lb/> comptoir Sadrempatam sorteert ende was door desen nieuwen veltheer met behulp<lb/> van den rijcxcanselier Seyd Moesjaffer corts naer ’t overlijden des ouden Coningh<lb/> weder vreedigh ende sonder eenige do minste bloetstortinge op den throon geseth<lb/></p><note xml:id="INT_df7059d0-e9e6-3ab1-a0a6-81e6be9caa67.TEI.1.text.1.body.1.div.1.note.18" xml:lang="nl" rend="font-size: 7.5; line-height: 9.6pt; text-indent: 22.0pt" xmlns="http://www.tei-c.org/ns/1.0">1) Darbar of durbar, gewoonlijk: huldigingsplaats, hier: plaats, waar men iemand of<lb/> iets tentoonstelt.<lb/></note><note xml:id="INT_df7059d0-e9e6-3ab1-a0a6-81e6be9caa67.TEI.1.text.1.body.1.div.1.note.19" xml:lang="nl" rend="font-size: 7.5; text-align: justify; line-height: 9.6pt; text-indent: 21.0pt" xmlns="http://www.tei-c.org/ns/1.0">2) Pieter Hofmeester, koopman in Bengalen sedert 1668; na het vertrek van Ranst was<lb/> hij een der twee personen, die daar voorlopig aan het hoofd van de directie werden gesteld.<lb/> Hij stierf in mei 1673.<lb/></note><note xml:id="INT_df7059d0-e9e6-3ab1-a0a6-81e6be9caa67.TEI.1.text.1.body.1.div.1.note.20" xml:lang="nl" rend="font-size: 7.5; line-height: 9.6pt; text-indent: 21.0pt" xmlns="http://www.tei-c.org/ns/1.0">3) Abdullah Qutbsjah zou volgens <hi rend="font-size:7.5; font-family:Liberation Serif; font-style:italic; font-weight:bold" xml:lang="nl">Cambr. India</hi> , IV, p. 273 reeds 24 febr. 1667 zijn<lb/> gestorven, ibid. III, p. 706 laat evenals onze tekst zijn opvolger pas in 1672 op de troon komen.<lb/></note><note xml:id="INT_df7059d0-e9e6-3ab1-a0a6-81e6be9caa67.TEI.1.text.1.body.1.div.1.note.21" xml:lang="nl" rend="font-size: 7.5; line-height: 9.6pt; text-indent: 21.0pt" xmlns="http://www.tei-c.org/ns/1.0">4) Khan-khanan sipah-salar; welke laatste woorden in het perzisch betekenen: legeraanvoerder.<lb/><lb/></note><pb xml:id="INT_df7059d0-e9e6-3ab1-a0a6-81e6be9caa67.TEI.1.text.1.body.1.div.1.pb.4" n="827" facs="http://resources.huygens.knaw.nl/retroapp/service_generalemissiven/gm_03/images/gm_3_125_0827.tif"/><fw xml:id="INT_df7059d0-e9e6-3ab1-a0a6-81e6be9caa67.TEI.1.text.1.body.1.div.1.fw.4" place="top" type="head" facs="#zone.6200195" xmlns="http://www.tei-c.org/ns/1.0">Maetsuyker, Verburch, Pit, Overtwater, Speelman en Van Hoorn LXIII, 11 dec. 1672 82</fw><p xml:id="INT_df7059d0-e9e6-3ab1-a0a6-81e6be9caa67.TEI.1.text.1.body.1.div.1.p.17" xml:lang="nl" rend="font-size: 10; text-align: justify; line-height: 11.7pt" xmlns="http://www.tei-c.org/ns/1.0">ende tot Coning erweelt *) des Majesteyts jongste schoonzoon, genaempt Mirsia<lb/> Abdulhassara. Die dan oock terstont [den] rijcxcanselier Seyd Mousjaffer heeft<lb/> toegevoegt den eertijtul van mirsumela ende weder uyt ’s Mayesteyts dienst<lb/> afgeseth ende verstooten d’heer Chiamirsia <hi rend="font-size:10; font-family:Liberation Serif; vertical-align:super" xml:lang="nl">1 2 3),</hi> die bij den ouden Coning in groot<lb/> gesagh ende achtinge is geweest ende daermede de onse ende den commissaris<lb/> Pieter Smith8), afgesonden wesende om de schenckagie aen den ouden Coningh<lb/> over te leveren, vrij verre zijn geingagieert geweest.<lb/></p><note xml:id="INT_df7059d0-e9e6-3ab1-a0a6-81e6be9caa67.TEI.1.text.1.body.1.div.1.note.22" xml:lang="nl" place="inline" type="editorial-summary" resp="editor" rend="font-style: italic; line-height: 12.0pt; text-indent: 22.0pt; text-align: justify; font-size: 9" xmlns="http://www.tei-c.org/ns/1.0">( De schenkage van f. 44044 aan den ouden Koning had dus geen nut; de Elburg<lb/> moet textiel van Coromandel naar Oamron en Geylon brengen <hi rend="font-size:9; font-family:Liberation Serif; letter-spacing:0.5pt" xml:lang="nl">) .</hi><lb/></note><p xml:id="INT_df7059d0-e9e6-3ab1-a0a6-81e6be9caa67.TEI.1.text.1.body.1.div.1.p.18" resp="int_paragraph_joining" rend="">
              Denheere Van Goens met UEd. vloote binnen de bhay gecort en tot voor ’t<lb xmlns="http://www.tei-c.org/ns/1.0"/> eylant <hi rend="font-size:10; font-family:Liberation Serif; vertical-align:super" xml:lang="nl" xmlns="http://www.tei-c.org/ns/1.0">4 5)</hi> genadert zijnde, is eerst de genoemde St. Jan door entreprinse verovert<lb xmlns="http://www.tei-c.org/ns/1.0"/> op den 18en derselver maent <hi rend="font-size:10; font-family:Liberation Serif; vertical-align:super" xml:lang="nl" xmlns="http://www.tei-c.org/ns/1.0">B)</hi> en daegs daeraen oock het eylant onder capitulatie<lb xmlns="http://www.tei-c.org/ns/1.0"/> met de 30 stucken canon, meest ijsseren 2 ponders, aen sijn e. overgegeven6).<lb xmlns="http://www.tei-c.org/ns/1.0"/> Waermet, de Here zij geprezen, die schadelijcke doorne nu weder uyt onsen voet<lb xmlns="http://www.tei-c.org/ns/1.0"/> getrocken was. Volgens het schrijven niet meer als 2 FranQoisen en een haerder<lb xmlns="http://www.tei-c.org/ns/1.0"/> swarten in dit ambarras, maer niemant van de onse, gesneuvelt ofte doot gebleven<lb xmlns="http://www.tei-c.org/ns/1.0"/> wesende.<lb xmlns="http://www.tei-c.org/ns/1.0"/>Fol 50v.<lb xmlns="http://www.tei-c.org/ns/1.0"/>
            </p><p xml:id="INT_df7059d0-e9e6-3ab1-a0a6-81e6be9caa67.TEI.1.text.1.body.1.div.1.p.19" resp="int_paragraph_joining" rend="">
              ( De Fransen verklaarden <hi rend="font-size:9; font-family:Liberation Serif; letter-spacing:0.5pt" xml:lang="nl" xmlns="http://www.tei-c.org/ns/1.0">, . . .</hi> .)<lb xmlns="http://www.tei-c.org/ns/1.0"/><hi rend="font-size:10; font-family:Liberation Serif; letter-spacing:4.5pt" xml:lang="nl" xmlns="http://www.tei-c.org/ns/1.0">....</hi> dat deselve op Cheylon ofte op Banca hadden gesien <hi rend="font-size:10; font-family:Liberation Serif; vertical-align:super" xml:lang="nl" xmlns="http://www.tei-c.org/ns/1.0">7)</hi> en dat des Vicereys<lb xmlns="http://www.tei-c.org/ns/1.0"/> absolute last ware volgens verscheyde verleende getuygenissen, ’tsij op dit eylant<lb xmlns="http://www.tei-c.org/ns/1.0"/> ofte op andere plaetsen, soodanige posten te mogen beslaen, als hem goet dogte,<lb xmlns="http://www.tei-c.org/ns/1.0"/> al was ’t maer even buyten canonschoot Uwer Ed. forten en fortificatiën. Het<lb xmlns="http://www.tei-c.org/ns/1.0"/> hoogste commando had hij boven den commandant mons.r de Baury over het eylant<lb xmlns="http://www.tei-c.org/ns/1.0"/> etc. gelaten aen den monnicq Maurice <hi rend="font-size:10; font-family:Liberation Serif; vertical-align:super" xml:lang="nl" xmlns="http://www.tei-c.org/ns/1.0">8),</hi> . . . . onder titul van intendent, op<lb xmlns="http://www.tei-c.org/ns/1.0"/> wiens name de poincten van accort gemaect zijn. In dewelcke de restitutie van<lb xmlns="http://www.tei-c.org/ns/1.0"/> hare gearresteerde schoepen en volck, ontrent 350 coppen sterck, was verbleven<lb xmlns="http://www.tei-c.org/ns/1.0"/> aan ons ofte de Heeren onse Souvereynen.<lb xmlns="http://www.tei-c.org/ns/1.0"/>
            </p><note xml:id="INT_df7059d0-e9e6-3ab1-a0a6-81e6be9caa67.TEI.1.text.1.body.1.div.1.note.23" xml:lang="nl" place="inline" type="editorial-summary" resp="editor" rend="font-style: italic; line-height: 12.0pt; text-indent: 22.0pt; text-align: justify; font-size: 9" xmlns="http://www.tei-c.org/ns/1.0">(Van Goens liet hen niet vrij <hi rend="font-size:9; font-family:Liberation Serif; letter-spacing:0.5pt" xml:lang="nl">,</hi> omdat ze een tweede vloot verwachtten; hij beloofde<lb/> hen naar Europa te zullen zenden; de Hoge Regering vreest, <hi rend="font-size:9; font-family:Liberation Serif; letter-spacing:0.5pt" xml:lang="nl">. . .</hi> .)<lb/></note><note xml:id="INT_df7059d0-e9e6-3ab1-a0a6-81e6be9caa67.TEI.1.text.1.body.1.div.1.note.24" xml:lang="nl" rend="font-size: 7.5; text-align: justify; line-height: 9.6pt; margin-left: 2300" xmlns="http://www.tei-c.org/ns/1.0">1) Erwahlt, gekozen.<lb/></note><note xml:id="INT_df7059d0-e9e6-3ab1-a0a6-81e6be9caa67.TEI.1.text.1.body.1.div.1.note.25" xml:lang="nl" rend="font-size: 7.5; text-align: justify; line-height: 9.6pt; margin-left: 2200" xmlns="http://www.tei-c.org/ns/1.0">2) Sjah Mirza.<lb/></note><note xml:id="INT_df7059d0-e9e6-3ab1-a0a6-81e6be9caa67.TEI.1.text.1.body.1.div.1.note.26" xml:lang="nl" rend="font-size: 7.5; text-align: justify; line-height: 9.6pt; text-indent: 22.0pt" xmlns="http://www.tei-c.org/ns/1.0">3) Pieter Smith kwam 1652 als assistent uit, diende aanvankelijk in Bengalen en klom<lb/> geleidelijk tot opperkoopman op, 1663 secunde te Kasimbazar, 1666 maakte hij een reis naar<lb/> Mokka, 1666 secunde te Masulipatam, hij maakte 1671-72 een hofreis naar Golconda, juli<lb/> 1676 secunde ter Kust en opperhoofd te Masulipatam, waar hij maart 1677 stierf.<lb/></note><note xml:id="INT_df7059d0-e9e6-3ab1-a0a6-81e6be9caa67.TEI.1.text.1.body.1.div.1.note.27" xml:lang="nl" rend="font-size: 7.5; text-align: justify; line-height: 9.6pt; margin-left: 2300" xmlns="http://www.tei-c.org/ns/1.0">4) Het eiland „Dwars in de Wegh” in de baai van Trincomale.<lb/></note><note xml:id="INT_df7059d0-e9e6-3ab1-a0a6-81e6be9caa67.TEI.1.text.1.body.1.div.1.note.28" xml:lang="nl" rend="font-size: 7.5; text-align: justify; line-height: 9.6pt; margin-left: 2300" xmlns="http://www.tei-c.org/ns/1.0">5) NI. in juli, vgl. <hi rend="font-size:7.5; font-family:Liberation Serif; font-style:italic" xml:lang="nl">Beschrijvinge</hi> II, II, p. 367.<lb/></note><note xml:id="INT_df7059d0-e9e6-3ab1-a0a6-81e6be9caa67.TEI.1.text.1.body.1.div.1.note.29" xml:lang="nl" rend="font-size: 7.5; text-align: justify; line-height: 9.6pt; margin-left: 2300" xmlns="http://www.tei-c.org/ns/1.0">6) Zie voor deze overeenkomst <hi rend="font-size:7.5; font-family:Liberation Serif; font-style:italic" xml:lang="nl">Corpus</hi> II, nr. CCCXL.<lb/></note><note xml:id="INT_df7059d0-e9e6-3ab1-a0a6-81e6be9caa67.TEI.1.text.1.body.1.div.1.note.30" xml:lang="nl" rend="font-size: 7.5; text-align: justify; line-height: 9.6pt; margin-left: 2300" xmlns="http://www.tei-c.org/ns/1.0">7) De Fransen hadden het op die eilanden voorzien.<lb/></note><note xml:id="INT_df7059d0-e9e6-3ab1-a0a6-81e6be9caa67.TEI.1.text.1.body.1.div.1.note.31" xml:lang="nl" rend="font-size: 7.5; text-align: justify; line-height: 9.6pt; text-indent: 23.0pt" xmlns="http://www.tei-c.org/ns/1.0">8) Père Maurice, een minderbroeder. Uit <hi rend="font-size:7.5; font-family:Liberation Serif; font-style:italic" xml:lang="nl">Corpus</hi> II, nr. CCCXL krijgt men de indruk,<lb/> dat hij met Baury samen optrad. Wat <hi rend="font-size:7.5; font-family:Liberation Serif; font-style:italic" xml:lang="nl">Histoire,</hi> V, p. 31 over de capitulatie geeft, is in strijd met<lb/> de bewoordingen van de overeenkomst.<lb/></note><pb xml:id="INT_df7059d0-e9e6-3ab1-a0a6-81e6be9caa67.TEI.1.text.1.body.1.div.1.pb.5" n="828" facs="http://resources.huygens.knaw.nl/retroapp/service_generalemissiven/gm_03/images/gm_3_125_0828.tif"/><fw xml:id="INT_df7059d0-e9e6-3ab1-a0a6-81e6be9caa67.TEI.1.text.1.body.1.div.1.fw.5" place="top" type="head" facs="#zone.6202904" xmlns="http://www.tei-c.org/ns/1.0">828 Maetsuyker, Verburch, Pit, Overtwater, Speelman en Van Hoorn LXIII, 11 dec. 1672</fw><p xml:id="INT_df7059d0-e9e6-3ab1-a0a6-81e6be9caa67.TEI.1.text.1.body.1.div.1.p.20" xml:lang="nl" rend="font-size: 10; text-align: justify; line-height: 11.7pt" xmlns="http://www.tei-c.org/ns/1.0"><hi rend="font-size:10; font-family:Liberation Serif; letter-spacing:5.0pt" xml:lang="nl">....</hi> dat de croone Portugal, schoon nogh hun niet hadden verclaert, sigh daerbij<lb/> <hi rend="font-size:10; font-family:Liberation Serif; vertical-align:super" xml:lang="nl">x)</hi> sal comen te voegen, als gelijkende met haer intrest voomementlijck hier in<lb/> India naest over een te comen.<lb/></p><note xml:id="INT_df7059d0-e9e6-3ab1-a0a6-81e6be9caa67.TEI.1.text.1.body.1.div.1.note.32" xml:lang="nl" place="inline" type="editorial-summary" resp="editor" rend="font-size: 9; font-style: italic; line-height: 10.0pt; margin-left: 2200" xmlns="http://www.tei-c.org/ns/1.0">( Wegens het sedertdien bekend geworden uitbreken van de oorlog . <hi rend="font-size:9; font-family:Liberation Serif; font-weight:bold" xml:lang="nl">. .</hi> .)<lb/></note><p xml:id="INT_df7059d0-e9e6-3ab1-a0a6-81e6be9caa67.TEI.1.text.1.body.1.div.1.p.21" xml:lang="nl" rend="font-size: 10; text-align: justify; line-height: 11.7pt" xmlns="http://www.tei-c.org/ns/1.0">. ... is dan voor eerststonts (aen) den monnucq Maurice en ’t bijhebbende<lb/> volck in sekerder bewaringe genomen en dien inpertinenten ende niet min doortrapten<lb/> paep sijne papieren en anders meer afgenomen onder perfecte aenteekeninge<lb/> van alles. Menende, dat men die natie nu niet meer voor simpele gearresteerde<lb/> volgens het gemaect accort, maer voor effective gevangenen, hadde aen te zien,<lb/> vervallen van de bedonge prerogativen.<lb/></p><note xml:id="INT_df7059d0-e9e6-3ab1-a0a6-81e6be9caa67.TEI.1.text.1.body.1.div.1.note.33" xml:lang="nl" place="inline" type="editorial-summary" resp="editor" rend="font-size: 9; font-style: italic; line-height: 10.0pt; margin-left: 2200" xmlns="http://www.tei-c.org/ns/1.0">(19 nov. was het uitbreken van de oorlog nog niet bekend <hi rend="font-size:9; font-family:Liberation Serif; font-weight:bold" xml:lang="nl">, . . .</hi> .)<lb/></note><p xml:id="INT_df7059d0-e9e6-3ab1-a0a6-81e6be9caa67.TEI.1.text.1.body.1.div.1.p.22" xml:lang="nl" rend="font-size: 10; text-align: justify; line-height: 11.7pt" xmlns="http://www.tei-c.org/ns/1.0">. . . . schijnendenaer alle uytterlijke omstandigheden, alsof de France door desel -<lb/> ve daervan oock niet eens souden berigt zijn geweest, dat zijn opmerckinge<lb/> meriteert, tzij dan dat zij haer zoodanigh hebben willen gelaten, dan ofte het<lb/> inderdaet de waerh.1 zij. Want den Vice-rey De Lahaye sigh niet ontsien hadde<lb/> zeeker Engels schepjen, de Robijn, toebehoorende m.r Sjersey, onder sich te slaen,<lb/> maer oock, gereclameert werdende, de restitutie te weygeren.<lb/></p><p xml:id="INT_df7059d0-e9e6-3ab1-a0a6-81e6be9caa67.TEI.1.text.1.body.1.div.1.p.23" xml:lang="nl" rend="font-size: 9; font-style: italic; line-height: 10.0pt; margin-left: 2200" xmlns="http://www.tei-c.org/ns/1.0">( La Haye <hi rend="font-size:9; font-family:Liberation Serif; font-weight:bold" xml:lang="nl">. . .</hi> .)<lb/></p><p xml:id="INT_df7059d0-e9e6-3ab1-a0a6-81e6be9caa67.TEI.1.text.1.body.1.div.1.p.24" xml:lang="nl" rend="font-size: 10; text-align: justify; line-height: 11.7pt" xmlns="http://www.tei-c.org/ns/1.0"><hi rend="font-size:10; font-family:Liberation Serif; letter-spacing:5.0pt" xml:lang="nl">....</hi> passerende de stad Nagapatnam in volle sicht tot voor Trancquebare.<lb/> Alwaer en oock tot Porto Novo haer groot behoeff niet connende erlangen, voortspoeyden<lb/> langs de Custe en op den 19en juli verbij Tegenepatam, comende den<lb/> 21en d.° voor Sl. Thomé, den Conink van Golconda toebehoortigh, daer sijne<lb/> gecommitteerde, om de noodwendigheden voor de vloote aen lant gesonden, door<lb/> den bevelhebber uytgestelt vierden, totdat hij daervan aen sijnen overste, eenige<lb/> mijlen te landewaert in gelegen, eerst advertentie soude hebbe gedaen ende<lb/> waerover Lahaye sich soo gebelcht heeft gevonden, dat hij op den 23e de stad<lb/> eerst uyt de schepen furieus met canon deed beschieten en vervolgens te lande<lb/> geweldigh aengrijpen, die hij dan (de besettelingen nergens minder op verdagt<lb/> zijnde) gemackelijk vercragt en ingenomen heeft2).<lb/></p><p xml:id="INT_df7059d0-e9e6-3ab1-a0a6-81e6be9caa67.TEI.1.text.1.body.1.div.1.p.25" xml:lang="nl" rend="font-size: 9; font-style: italic; line-height: 10.0pt; margin-left: 2200" xmlns="http://www.tei-c.org/ns/1.0">( Paviljoen meldt, <hi rend="font-size:9; font-family:Liberation Serif; font-weight:bold" xml:lang="nl">. . .</hi> .)<lb/></p><p xml:id="INT_df7059d0-e9e6-3ab1-a0a6-81e6be9caa67.TEI.1.text.1.body.1.div.1.p.26" xml:lang="nl" rend="font-size: 10; text-align: justify; line-height: 11.7pt" xmlns="http://www.tei-c.org/ns/1.0"><hi rend="font-size:10; font-family:Liberation Serif; letter-spacing:5.0pt" xml:lang="nl">....</hi> dat wel de Mooren, die te lande met 10000 voetknegten ende 500 ruyters<lb/> weder hebben doen belegeren, maer de Fransen hadden in een maent, die der<lb/> tusschenbeyde was geloopen, occagie genoech gehad om haer wel voor een jaer<lb/> van binnen van alles te besorgen. Schijnende het allenthalven daer op aen te<lb/></p><note xml:id="INT_df7059d0-e9e6-3ab1-a0a6-81e6be9caa67.TEI.1.text.1.body.1.div.1.note.34" xml:lang="nl" rend="font-size: 8; text-align: justify; line-height: 9.6pt; margin-left: 2300" xmlns="http://www.tei-c.org/ns/1.0">1) Bij de vijanden van Nederland.<lb/></note><note xml:id="INT_df7059d0-e9e6-3ab1-a0a6-81e6be9caa67.TEI.1.text.1.body.1.div.1.note.35" xml:lang="nl" rend="font-size: 8; line-height: 9.6pt; text-indent: 23.0pt" xmlns="http://www.tei-c.org/ns/1.0">2) Vgl. <hi rend="font-size:8; font-family:Liberation Serif; font-style:italic" xml:lang="nl">Besckrijvinge</hi> H, II, p. 367 <hi rend="font-size:8; font-family:Liberation Serif; font-style:italic" xml:lang="nl">;</hi> de Franse lezing vindt men o.a. in <hi rend="font-size:8; font-family:Liberation Serif; font-style:italic" xml:lang="nl">Histoire,</hi> V, p. 32<lb/> vlg., de Engelse <hi rend="font-size:8; font-family:Liberation Serif; font-style:italic" xml:lang="nl">Cambr. India,</hi> V, p. 69.<lb/></note><pb xml:id="INT_df7059d0-e9e6-3ab1-a0a6-81e6be9caa67.TEI.1.text.1.body.1.div.1.pb.6" n="829" facs="http://resources.huygens.knaw.nl/retroapp/service_generalemissiven/gm_03/images/gm_3_125_0829.tif"/><fw xml:id="INT_df7059d0-e9e6-3ab1-a0a6-81e6be9caa67.TEI.1.text.1.body.1.div.1.fw.6" place="top" type="head" xml:lang="nl" rend="text-align:justify; line-height:11.1pt" facs="#zone.6204747" xmlns="http://www.tei-c.org/ns/1.0">Maetsuyker, Verburch, Pit, Overtwater, Speelman en Van Hoorn LXIH, 11 dec. 1672 829</fw><p xml:id="INT_df7059d0-e9e6-3ab1-a0a6-81e6be9caa67.TEI.1.text.1.body.1.div.1.p.27" xml:lang="nl" rend="font-size: 10; text-align: justify; line-height: 12.0pt" xmlns="http://www.tei-c.org/ns/1.0">leggen om desel ve te blijven in possessie houden en tenwelcken eynde sij haer met<lb/> eenige Portugese toepassen op Trancquebare, Porto Novo en daeromher in dienst<lb/> te nemen nogh poogden sooveel doenelijk te verstercken. Doende aldaer insgelijcx<lb/> nogh sooveel levensmiddelen voor haer procureren, als te crijgen waren, verbeterende<lb/> de fortificatie naer vermogen.<lb/></p><note xml:id="INT_df7059d0-e9e6-3ab1-a0a6-81e6be9caa67.TEI.1.text.1.body.1.div.1.note.36" xml:lang="nl" place="inline" type="editorial-summary" resp="editor" rend="font-style: italic; line-height: 11.1pt; text-indent: 24.0pt; text-align: justify; font-size: 10" xmlns="http://www.tei-c.org/ns/1.0">( De Moren zullen de stad niet kunnen hernemen; Van Ooens meent , dat <hi rend="font-size:10; font-family:Liberation Serif" xml:lang="nl">. . .</hi> .)<lb/></note><p xml:id="INT_df7059d0-e9e6-3ab1-a0a6-81e6be9caa67.TEI.1.text.1.body.1.div.1.p.28" xml:lang="nl" rend="font-size: 10; text-align: justify; line-height: 11.7pt" xmlns="http://www.tei-c.org/ns/1.0"><hi rend="font-size:10; font-family:Liberation Serif; letter-spacing:4.5pt" xml:lang="nl">....</hi> de Francenniet bequaem waren om de stad en de schepen tevens te bewaren.<lb/> Zijnde zijn e. berigt gewerden, dat wanneer hij met het gros der vloote voor<lb/> Nagapatnam bovenswints lagh, de Francen altoos haer volck, dat bij dagh aen<lb/> lant gebruyct wiert, sa vont s weder naer boort bestelden uyt vreese van door de<lb/> onse aengerant en besprongen te zulle werden.<lb/></p><note xml:id="INT_df7059d0-e9e6-3ab1-a0a6-81e6be9caa67.TEI.1.text.1.body.1.div.1.note.37" xml:lang="nl" place="inline" type="editorial-summary" resp="editor" rend="font-style: italic; line-height: 11.1pt; text-indent: 24.0pt; text-align: justify; font-size: 10" xmlns="http://www.tei-c.org/ns/1.0">(Van Goens kon niet aanvallen , daar de oorlog hem nog niet bekend was).<lb/></note><p xml:id="INT_df7059d0-e9e6-3ab1-a0a6-81e6be9caa67.TEI.1.text.1.body.1.div.1.p.29" xml:lang="nl" rend="font-size: 10; text-align: justify; line-height: 11.7pt; text-indent: 24.0pt" xmlns="http://www.tei-c.org/ns/1.0">Niettemin is het fleuytjen de Louys nogh mede in sijne handen gevallen.<lb/> Zijnde datselve in’t voorste van september van voor S.1 Thomé, sonderdat men<lb/> op Chormandel weten conde waerhenen, versonden gewerden. Twelck tusschen<lb/> Mature ende Gale int gesigt swervende en, door ’t schip Amersfoort den . .en *)<lb/> october gedaen aenhaelen, bevonden is naer Zouratta gedemitteert te wesen met<lb/> brieven aen de directeurs aldaer, dogh hadde sijn e. tot nader sekerheyt de France<lb/> daerop binnen Gales bhay laten verblijven en de brieven niet geopent.<lb/></p><note xml:id="INT_df7059d0-e9e6-3ab1-a0a6-81e6be9caa67.TEI.1.text.1.body.1.div.1.note.38" xml:lang="nl" place="inline" type="editorial-summary" resp="editor" rend="font-size: 10; text-align: justify; line-height: 14.4pt; text-indent: 24.0pt" xmlns="http://www.tei-c.org/ns/1.0"><hi rend="font-size:10; font-family:Liberation Serif; font-style:italic" xml:lang="nl">(Het grootste Franse schip, de Triomphe, is bij St. Thomé gesloopt; zeker is,</hi><lb/>- ;<lb/></note><p xml:id="INT_df7059d0-e9e6-3ab1-a0a6-81e6be9caa67.TEI.1.text.1.body.1.div.1.p.30" xml:lang="nl" rend="font-size: 10; text-align: justify; line-height: 11.7pt" xmlns="http://www.tei-c.org/ns/1.0"><hi rend="font-size:10; font-family:Liberation Serif; letter-spacing:4.5pt" xml:lang="nl">....</hi> dat dees redoutabele scheepsmacht van den Vice-Rey Lahaye in allen<lb/> gevalle seer is gedevaliseert <hi rend="font-size:10; font-family:Liberation Serif; vertical-align:super" xml:lang="nl">2)</hi> ende bijnaer teniet gewerden. Zijnde volgens ’t<lb/> bericht der gevangenen, aen d’ heer Van Goens gedaen, wel 500 van de hare op<lb/> ’t land van Trinquenemale begraven, ruym 350 in ons gewelt gebleven, 300 souden<lb/> der in Zouratta en niet veel min op Canara en andere plaetsen verloopen zijn,<lb/> twee hondert waren der in ’t fort Dauphijn <hi rend="font-size:10; font-family:Liberation Serif; vertical-align:super" xml:lang="nl">3)</hi> op Madagascar gelaten, behalven<lb/> niet veel <hi rend="font-size:10; font-family:Liberation Serif; text-decoration:underline" xml:lang="nl">min</hi> als 400 in een landtocht aldaer gesneuvelt en alhoewel der volgens<lb/> dese beschrijvinge van 4300 coppen, die se ginder hadden voorgegeven <hi rend="font-size:10; font-family:Liberation Serif; font-style:italic" xml:lang="nl">uyt</hi> Vranckrijck<lb/> ongeveer af ge voert te hebben, nogh ruym 2000 souden moeten resteren <hi rend="font-size:10; font-family:Liberation Serif; vertical-align:super" xml:lang="nl">4),</hi> soo<lb/> schijnt sijn e. nogtans voor seker te houden, datter niet boven uytterl. 800 mannen<lb/> met de schepen voor S.1 Thomé waren gekomen, over alle hetwelcke wij ons niet<lb/> en behoeven te bedroeven.<lb/></p><note xml:id="INT_df7059d0-e9e6-3ab1-a0a6-81e6be9caa67.TEI.1.text.1.body.1.div.1.note.39" xml:lang="nl" place="inline" type="editorial-summary" resp="editor" rend="font-style: italic; line-height: 11.1pt; text-indent: 24.0pt; text-align: justify; font-size: 10" xmlns="http://www.tei-c.org/ns/1.0">(Van de Engelsen en de Denen in Coromandel is vernomen, <hi rend="font-size:10; font-family:Liberation Serif" xml:lang="nl">. . .</hi> .)<lb/></note><note xml:id="INT_df7059d0-e9e6-3ab1-a0a6-81e6be9caa67.TEI.1.text.1.body.1.div.1.note.40" xml:lang="nl" rend="font-size: 8; text-align: justify; line-height: 9.9pt; margin-left: 2600" xmlns="http://www.tei-c.org/ns/1.0">1) Niet ingevuld.<lb/></note><note xml:id="INT_df7059d0-e9e6-3ab1-a0a6-81e6be9caa67.TEI.1.text.1.body.1.div.1.note.41" xml:lang="nl" rend="font-size: 8; text-align: justify; line-height: 9.9pt; margin-left: 2600" xmlns="http://www.tei-c.org/ns/1.0">2) Gedevaliseert, bedoeld: gedevaloriseert, in waarde gedaald.<lb/></note><note xml:id="INT_df7059d0-e9e6-3ab1-a0a6-81e6be9caa67.TEI.1.text.1.body.1.div.1.note.42" xml:lang="nl" rend="font-size: 8; line-height: 9.9pt; text-indent: 26.0pt" xmlns="http://www.tei-c.org/ns/1.0">3) Fort Dauphin, de in 1644 door de Fransen gestichte versterking aan de zuidoosthoek<lb/> van Madagascar.<lb/></note><note xml:id="INT_df7059d0-e9e6-3ab1-a0a6-81e6be9caa67.TEI.1.text.1.body.1.div.1.note.43" xml:lang="nl" rend="font-size: 8; text-align: justify; line-height: 9.9pt; margin-left: 2600" xmlns="http://www.tei-c.org/ns/1.0">4) Al deze cijfers zijn maar een slag in de lucht, vgl. ook p. 789 noot 1.<lb/></note><pb xml:id="INT_df7059d0-e9e6-3ab1-a0a6-81e6be9caa67.TEI.1.text.1.body.1.div.1.pb.7" n="830" facs="http://resources.huygens.knaw.nl/retroapp/service_generalemissiven/gm_03/images/gm_3_125_0830.tif"/><fw xml:id="INT_df7059d0-e9e6-3ab1-a0a6-81e6be9caa67.TEI.1.text.1.body.1.div.1.fw.7" place="top" type="head" facs="#zone.6210175" xmlns="http://www.tei-c.org/ns/1.0">830 Maetsuyker, Verburch, Pit, Overtwater, Speelman en Van Hoorn LXTEI, 11 dec. 1672</fw><p xml:id="INT_df7059d0-e9e6-3ab1-a0a6-81e6be9caa67.TEI.1.text.1.body.1.div.1.p.31" xml:lang="nl" rend="font-size: 10; text-align: justify; line-height: 11.7pt" xmlns="http://www.tei-c.org/ns/1.0"><hi rend="font-size:10; font-family:Liberation Serif; letter-spacing:5.0pt" xml:lang="nl">....</hi> dat d’eerste aen’t eylant Asuany <hi rend="font-size:10; font-family:Liberation Serif; vertical-align:super" xml:lang="nl">x)</hi> bij vijff oorlogschepen van 40 tot 50<lb/> stucken canon hadden geanckert gelegen en d’andere souden in zee nogh een<lb/> grooter schip versprooken hebben. Beyde voorgevende, dat se van meerder macht<lb/> gevolgt wierden.<lb/></p><note xml:id="INT_df7059d0-e9e6-3ab1-a0a6-81e6be9caa67.TEI.1.text.1.body.1.div.1.note.44" xml:lang="nl" place="inline" type="editorial-summary" resp="editor" rend="font-style: italic; line-height: 10.5pt; text-indent: 22.0pt; text-align: justify; font-size: 9.5" xmlns="http://www.tei-c.org/ns/1.0">( De resident te Wingurla meldt , <hi rend="font-size:9; font-family:Liberation Serif; font-weight:bold; letter-spacing:5.5pt" xml:lang="nl">. . .</hi> .)<lb/></note><p xml:id="INT_df7059d0-e9e6-3ab1-a0a6-81e6be9caa67.TEI.1.text.1.body.1.div.1.p.32" xml:lang="nl" rend="font-size: 10; text-align: justify; line-height: 11.7pt" xmlns="http://www.tei-c.org/ns/1.0"><hi rend="font-size:10; font-family:Liberation Serif; letter-spacing:5.0pt" xml:lang="nl">....</hi> dat se in Goa een France vloot van 20 schepen tegemoet zagen, dog wij<lb/> hopen, dat het soo breet niet sal zijn.<lb/></p><p xml:id="INT_df7059d0-e9e6-3ab1-a0a6-81e6be9caa67.TEI.1.text.1.body.1.div.1.p.33" xml:lang="nl" rend="font-size: 10; text-align: justify; line-height: 11.7pt; text-indent: 22.0pt" xmlns="http://www.tei-c.org/ns/1.0">De Francen, tot Masulipatam resideerende, hadden haer ten eersten naer de<lb/> tijdinge van S.1 Thomées veroveringe naer de rhee op een schepjen van m.r<lb/> Fledwood <hi rend="font-size:10; font-family:Liberation Serif; vertical-align:super" xml:lang="nl">2)</hi> begeven en tselve van hem gecogt. Wesende naderhant op ’t Deense<lb/> eylant in de revier van Masulipatam weder aen lant gegaen, daer se het schepjen<lb/> thunner meerder versekeringe oock tegenaan gelegt hebben, waertegens d’onse<lb/> de hoeker Poelsnip mede hadden binnegecort, blijvende binnen de logie op hoede,<lb/> off se daerop yets mogten comen te attenteren.<lb/></p><note xml:id="INT_df7059d0-e9e6-3ab1-a0a6-81e6be9caa67.TEI.1.text.1.body.1.div.1.note.45" xml:lang="nl" place="inline" type="editorial-summary" resp="editor" rend="font-style: italic; line-height: 11.7pt; text-indent: 22.0pt; text-align: justify; font-size: 9.5" xmlns="http://www.tei-c.org/ns/1.0">(Het garnizoen te Paleacatte is mei 50 man versterkt; van Van Goens zijn alle<lb/> bescheiden nodig ter rechtvaardiging van het optreden bij Trincomale opgevraagd; de<lb/> zes hem toegezonden schepen brengen minder troepen mee , dan hij wenste; hij liet vijf<lb/> schepen aldaar en vertrok 28 juli met 16 andere naar Negapalam en Tegenapatam;<lb/> van daar zond hij twee fluiten naar Bengalen, waarna hij terugkeerde naar de noordpunt<lb/> van Ceylon; hij kivam 12 oct. met 15 schepen voor Gale; bekommernis over Volger,<lb/> die met twee rijk geladen schepen op weg is naar Suratte; meer soldaten uit pair ia<lb/> aangevraagd).<lb/></note><p xml:id="INT_df7059d0-e9e6-3ab1-a0a6-81e6be9caa67.TEI.1.text.1.body.1.div.1.p.34" xml:lang="nl" rend="font-size: 10; text-align: justify; line-height: 11.7pt; text-indent: 22.0pt" xmlns="http://www.tei-c.org/ns/1.0">Tot Mescatta hadde den Sindischen gesandt den oppercoopman Padbrugge<lb/> gepresenteert een partij e soldaten voor soldij te versorgen om in dienst van de<lb/> Comp.e gevoert en gebruyct te werden, daer men self se begeerde.<lb/></p><note xml:id="INT_df7059d0-e9e6-3ab1-a0a6-81e6be9caa67.TEI.1.text.1.body.1.div.1.note.46" xml:lang="nl" place="inline" type="editorial-summary" resp="editor" rend="font-style: italic; line-height: 11.7pt; text-indent: 22.0pt; text-align: justify; font-size: 9.5" xmlns="http://www.tei-c.org/ns/1.0">( Dit dient nader onderzocht; kapitein de Saint Martin, die Fransman is, is op<lb/> zijn verzoek naar Batavia overgeplaatst; de houding van Radja Singa ten opzichte<lb/> der Fransen is niet duidelijk; het laatste bericht is, <hi rend="font-size:9; font-family:Liberation Serif; font-weight:bold; letter-spacing:5.5pt" xml:lang="nl">...</hi> .)<lb/></note><p xml:id="INT_df7059d0-e9e6-3ab1-a0a6-81e6be9caa67.TEI.1.text.1.body.1.div.1.p.35" xml:lang="nl" rend="font-size: 10; text-align: justify; line-height: 11.7pt" xmlns="http://www.tei-c.org/ns/1.0">. . . . dat den laest opgesonden briefdrager3), ongeveer een jaer geleden, nu<lb/> weder door Sijn May.1 seer aengetrocken ende dagelijx met nieuwe cleederen<lb/> g’eert wiert, waertegens den Fransen envoyé, daar nogh te hoove zijnde, in een<lb/> apard huys gegijselt ende onder bewaringhe gestelt was <hi rend="font-size:10; font-family:Liberation Serif; vertical-align:super" xml:lang="nl">4).</hi><lb/></p><note xml:id="INT_df7059d0-e9e6-3ab1-a0a6-81e6be9caa67.TEI.1.text.1.body.1.div.1.note.47" xml:lang="nl" rend="font-size: 8; text-align: justify; line-height: 9.6pt; margin-left: 2200" xmlns="http://www.tei-c.org/ns/1.0">1) Anjouan.<lb/></note><note xml:id="INT_df7059d0-e9e6-3ab1-a0a6-81e6be9caa67.TEI.1.text.1.body.1.div.1.note.48" xml:lang="nl" rend="font-size: 8; line-height: 9.6pt; text-indent: 22.0pt" xmlns="http://www.tei-c.org/ns/1.0">2) Robert Fleetwood kwam 1662 uit in dienst van de Engelse Compagnie, 1664 ge<lb/> plaatst te Petapuli, 1666 te Masulipatam, 1669 hoofd te Madapolam, vervolgens vrijkoopmai.<lb/> te Masulipatam, van 1674 tot sept. 1676 hoofd van het kantoor te Madapolam, gestorven<lb/> sept. 1676.<lb/></note><note xml:id="INT_df7059d0-e9e6-3ab1-a0a6-81e6be9caa67.TEI.1.text.1.body.1.div.1.note.49" xml:lang="nl" rend="font-size: 8; text-align: justify; line-height: 9.6pt; margin-left: 2100" xmlns="http://www.tei-c.org/ns/1.0">3) Vgl. p. 796.<lb/></note><note xml:id="INT_df7059d0-e9e6-3ab1-a0a6-81e6be9caa67.TEI.1.text.1.body.1.div.1.note.50" xml:lang="nl" rend="font-size: 8; text-align: justify; line-height: 9.6pt; margin-left: 2100" xmlns="http://www.tei-c.org/ns/1.0">4) Vgl. <hi rend="font-size:8; font-family:Liberation Serif; font-style:italic" xml:lang="nl">Power,</hi> p. 66.<lb/></note><pb xml:id="INT_df7059d0-e9e6-3ab1-a0a6-81e6be9caa67.TEI.1.text.1.body.1.div.1.pb.8" n="831" facs="http://resources.huygens.knaw.nl/retroapp/service_generalemissiven/gm_03/images/gm_3_125_0831.tif"/><fw xml:id="INT_df7059d0-e9e6-3ab1-a0a6-81e6be9caa67.TEI.1.text.1.body.1.div.1.fw.8" place="top" type="head" xml:lang="nl" rend="text-align:justify; line-height:25.5pt" facs="#zone.6212020" xmlns="http://www.tei-c.org/ns/1.0">Maetsuyker, Verburch, Pit, Overtwater, Speelman en Van Hoorn LXIII, 11 dec. 1672 831</fw><note xml:id="INT_df7059d0-e9e6-3ab1-a0a6-81e6be9caa67.TEI.1.text.1.body.1.div.1.note.51" xml:lang="nl" place="inline" type="editorial-summary" resp="editor" rend="font-style: italic; line-height: 25.5pt; text-indent: 22.0pt; text-align: justify; font-size: 9.5" xmlns="http://www.tei-c.org/ns/1.0">( Aan Van Goens is aangeraden . <hi rend="font-size:9; font-family:Liberation Serif; font-weight:bold" xml:lang="nl">. .</hi> .)<lb/></note><p xml:id="INT_df7059d0-e9e6-3ab1-a0a6-81e6be9caa67.TEI.1.text.1.body.1.div.1.p.36" xml:lang="nl" rend="font-size: 9.5; text-align: justify; line-height: 11.7pt" xmlns="http://www.tei-c.org/ns/1.0"><hi rend="font-size:9.5; font-family:Liberation Serif; letter-spacing:5.0pt" xml:lang="nl">....</hi> voor jegenwoordig hem *) wel voor onschuldigh te mogen houden en alle<lb/> het quaet sijn quaede raetsluyden off schelmse hovelingen te wijten sonder hem<lb/> daerom yets goets toe te vertrouwen om niet vercloect <hi rend="font-size:9.5; font-family:Liberation Serif; vertical-align:super" xml:lang="nl">2)</hi> te werden.<lb/></p><note xml:id="INT_df7059d0-e9e6-3ab1-a0a6-81e6be9caa67.TEI.1.text.1.body.1.div.1.note.52" xml:lang="nl" place="inline" type="editorial-summary" resp="editor" rend="font-style: italic; line-height: 10.5pt; text-indent: 22.0pt; text-align: justify; font-size: 9.5" xmlns="http://www.tei-c.org/ns/1.0">(In de Compagnieslanden zijn geen benden uit het binnenland meer).<lb/></note><p xml:id="INT_df7059d0-e9e6-3ab1-a0a6-81e6be9caa67.TEI.1.text.1.body.1.div.1.p.37" xml:lang="nl" rend="font-size: 9.5; text-align: justify; line-height: 11.7pt; text-indent: 22.0pt" xmlns="http://www.tei-c.org/ns/1.0">Den grooten Cayla Wanny ontrent de landen van Jaffenapatnam had sig in<lb/> dit gewoel seer getrouw gedragen en adsistentie van volcq onder den dessave<lb/> Huysman en Don Gaspar verschaft, ook daerenboven aan d’h.r admir.1 doen<lb/> overhandigen de ole, die hem door Radja was gesonden.<lb/></p><note xml:id="INT_df7059d0-e9e6-3ab1-a0a6-81e6be9caa67.TEI.1.text.1.body.1.div.1.note.53" xml:lang="nl" place="inline" type="editorial-summary" resp="editor" rend="font-style: italic; line-height: 10.5pt; text-indent: 22.0pt; text-align: justify; font-size: 9.5" xmlns="http://www.tei-c.org/ns/1.0">( Ook de Teuver biedt hulp aan, . . <hi rend="font-size:9; font-family:Liberation Serif; font-weight:bold" xml:lang="nl">.</hi> .)<lb/></note><p xml:id="INT_df7059d0-e9e6-3ab1-a0a6-81e6be9caa67.TEI.1.text.1.body.1.div.1.p.38" xml:lang="nl" rend="font-size: 9.5; text-align: justify; line-height: 11.7pt" xmlns="http://www.tei-c.org/ns/1.0"><hi rend="font-size:9.5; font-family:Liberation Serif; letter-spacing:5.0pt" xml:lang="nl">....</hi> hebbende zedert onse brieven van verleden jaer tegen de Nayken van<lb/> Madure en Tansjouwer in de wapenen soo voorspoedig niet geweest en de laetste<lb/> landen ten principale moeten ruymen.<lb/></p><p xml:id="INT_df7059d0-e9e6-3ab1-a0a6-81e6be9caa67.TEI.1.text.1.body.1.div.1.p.39" resp="int_paragraph_joining" rend="">
              (In Madura schijnt <hi rend="font-size:9; font-family:Liberation Serif; font-weight:bold" xml:lang="nl" xmlns="http://www.tei-c.org/ns/1.0">. . .</hi> .)<lb xmlns="http://www.tei-c.org/ns/1.0"/><hi rend="font-size:9.5; font-family:Liberation Serif; letter-spacing:5.0pt" xml:lang="nl" xmlns="http://www.tei-c.org/ns/1.0">....</hi> door de herstellinge van den ouden Barmiliappe Pulle in de landregeringe<lb xmlns="http://www.tei-c.org/ns/1.0"/> de zaeken daer weder ten goede te neygen en de vrindschap met de Comp.® vrij<lb xmlns="http://www.tei-c.org/ns/1.0"/> wat te verbeteren.<lb xmlns="http://www.tei-c.org/ns/1.0"/>
            </p><note xml:id="INT_df7059d0-e9e6-3ab1-a0a6-81e6be9caa67.TEI.1.text.1.body.1.div.1.note.54" xml:lang="nl" place="inline" type="editorial-summary" resp="editor" rend="font-style: italic; line-height: 10.5pt; text-indent: 22.0pt; text-align: justify; font-size: 9.5" xmlns="http://www.tei-c.org/ns/1.0">(Commandeur Pijl heeft daar invloed).<lb/></note><p xml:id="INT_df7059d0-e9e6-3ab1-a0a6-81e6be9caa67.TEI.1.text.1.body.1.div.1.p.40" xml:lang="nl" rend="font-size: 9.5; text-align: justify; line-height: 11.7pt; text-indent: 22.0pt" xmlns="http://www.tei-c.org/ns/1.0">De rover Sivasy hout ons <hi rend="font-size:9.5; font-family:Liberation Serif; letter-spacing:5.0pt" xml:lang="nl">....</hi> nogh in gestadige onrust, hebbende op de<lb/> wegh nae boven 200 kisten Japans koper van de Comp® doen aanhouden ende<lb/> daamae nogh grooter quantiteyt geeyscht om het dan quansuys tsamen te betalen,<lb/> daer de resident niet toe heeft connen verstaen.<lb/></p><note xml:id="INT_df7059d0-e9e6-3ab1-a0a6-81e6be9caa67.TEI.1.text.1.body.1.div.1.note.55" xml:lang="nl" place="inline" type="editorial-summary" resp="editor" rend="font-style: italic; line-height: 12.0pt; text-indent: 22.0pt; text-align: justify; font-size: 9.5" xmlns="http://www.tei-c.org/ns/1.0">(De handel staat daardoor vrijwel stil; vrees, dat hij de loge in Canara zal<lb/> beroven ) .<lb/></note><p xml:id="INT_df7059d0-e9e6-3ab1-a0a6-81e6be9caa67.TEI.1.text.1.body.1.div.1.p.41" xml:lang="nl" rend="font-size: 9.5; text-align: justify; line-height: 11.7pt; text-indent: 22.0pt" xmlns="http://www.tei-c.org/ns/1.0">Van de drie schepen, die UEd. schrijven, dat uyt Portugal waren gelopen,<lb/> sijn 30®n augusto twee voor Goa behouden aengelant, maer het grootste had<lb/> omtrent de Caep de Bonne Esperance door een sware storm sijn masten verloren,<lb/> dat sij menen, wederom gekecrt sal wesen, soo’t niet gebleven sij. Daertegen hadden<lb/> sij weder een cleyn schepie gereet om geretoemeert te worden, geladen met<lb/> salpeter, ebbenhout ende peper.<lb/></p><note xml:id="INT_df7059d0-e9e6-3ab1-a0a6-81e6be9caa67.TEI.1.text.1.body.1.div.1.note.56" xml:lang="nl" place="inline" type="editorial-summary" resp="editor" rend="font-style: italic; line-height: 11.4pt; text-indent: 22.0pt; text-align: justify; font-size: 9.5" xmlns="http://www.tei-c.org/ns/1.0">(31 mei was te Suratte in een jaar netto f. 569907 .8.10 gewonnen; er blijft voor<lb/> f. 458765.17 onverkocht; vernomen is, ... .)<lb/></note><note xml:id="INT_df7059d0-e9e6-3ab1-a0a6-81e6be9caa67.TEI.1.text.1.body.1.div.1.note.57" xml:lang="nl" rend="font-size: 7.5; text-align: justify; line-height: 8.3pt; margin-left: 2200" xmlns="http://www.tei-c.org/ns/1.0">1) Radja Singa.<lb/></note><note xml:id="INT_df7059d0-e9e6-3ab1-a0a6-81e6be9caa67.TEI.1.text.1.body.1.div.1.note.58" xml:lang="nl" rend="font-size: 7.5; text-align: justify; line-height: 8.3pt; margin-left: 2100" xmlns="http://www.tei-c.org/ns/1.0">2) Vercloect, bedrogen, voor de gek gehouden.<lb/></note><pb xml:id="INT_df7059d0-e9e6-3ab1-a0a6-81e6be9caa67.TEI.1.text.1.body.1.div.1.pb.9" n="832" facs="http://resources.huygens.knaw.nl/retroapp/service_generalemissiven/gm_03/images/gm_3_125_0832.tif"/><fw xml:id="INT_df7059d0-e9e6-3ab1-a0a6-81e6be9caa67.TEI.1.text.1.body.1.div.1.fw.9" place="top" type="head" xml:lang="nl" rend="text-align:justify; line-height:10.0pt" facs="#zone.6214307" xmlns="http://www.tei-c.org/ns/1.0">832 Maetsuyker, Verburch, Pit, Overtwater, Speelman en Van Hoorn LXIII, 11 dec. 1672</fw><p xml:id="INT_df7059d0-e9e6-3ab1-a0a6-81e6be9caa67.TEI.1.text.1.body.1.div.1.p.42" xml:lang="nl" rend="font-size: 10; text-align: justify; line-height: 11.7pt" xmlns="http://www.tei-c.org/ns/1.0"><hi rend="font-size:10; font-family:Liberation Serif; letter-spacing:5.0pt" xml:lang="nl">....</hi> dat de tijden ginder door de vrese van den woedende rebel Sywagie seer<lb/> verslimden en door sulcx gants groote swarigheyt wiert gemaeckt om niet alleen<lb/> gemelte restanten te beneficeren, maer oock de verwachte nieuwe cargasoenen<lb/> aen de man te connen helpen, vermits veele voomeme coopl.n geprepareert waren<lb/> bij wedercompste van Sywagie met haren gantschen ommeslagh uyt Zouratta te<lb/> verhuysen.<lb/></p><note xml:id="INT_df7059d0-e9e6-3ab1-a0a6-81e6be9caa67.TEI.1.text.1.body.1.div.1.note.59" xml:lang="nl" place="inline" type="editorial-summary" resp="editor" rend="font-style: italic; line-height: 10.5pt; text-indent: 22.0pt; text-align: justify; font-size: 9.5" xmlns="http://www.tei-c.org/ns/1.0">( De Compagnie moet dan haar koopwaar naar Ahmadabad zenden).<lb/></note><p xml:id="INT_df7059d0-e9e6-3ab1-a0a6-81e6be9caa67.TEI.1.text.1.body.1.div.1.p.43" xml:lang="nl" rend="font-size: 10; text-align: justify; line-height: 12.0pt; text-indent: 22.0pt" xmlns="http://www.tei-c.org/ns/1.0">Het France schip de St. Esperit in de mont van de Zouratse reviere met<lb/> hoogspringh op een droogte geraekt ende daer sonder de minste apparentie van<lb/> afcomen blijven zitten is.<lb/></p><note xml:id="INT_df7059d0-e9e6-3ab1-a0a6-81e6be9caa67.TEI.1.text.1.body.1.div.1.note.60" xml:lang="nl" place="inline" type="editorial-summary" resp="editor" rend="font-style: italic; line-height: 10.5pt; text-indent: 22.0pt; text-align: justify; font-size: 9.5" xmlns="http://www.tei-c.org/ns/1.0">( De handel in Perzië ligt vrijwel stil).<lb/></note><p xml:id="INT_df7059d0-e9e6-3ab1-a0a6-81e6be9caa67.TEI.1.text.1.body.1.div.1.p.44" xml:lang="nl" rend="font-size: 10; text-align: justify; line-height: 11.7pt; text-indent: 22.0pt" xmlns="http://www.tei-c.org/ns/1.0">Den ouden achtumaeldouleth was door den Conincq van sijn bedieninge<lb/> afgeseth ende den hartogh Mirsia Sadeck <hi rend="font-size:10; font-family:Liberation Serif; vertical-align:super" xml:lang="nl">1),</hi> voor desen gouv.r in Syraes geweest<lb/> hebbende, dat ampt opgedragen, ’twelck onse zaeken aen ’t hoff niet en heeft<lb/> verslimpt, hoewel dien successeur de beste vrund van d’E. Comp.e mede niet is,<lb/> maer men sal dat altemet met een schenckagie misschien wel konnen weghnemen<lb/> en hem door zulcx aen de hand crijgen, daer desselfs voorsaet noyt toe en is te<lb/> bewegen geweest.<lb/></p><p xml:id="INT_df7059d0-e9e6-3ab1-a0a6-81e6be9caa67.TEI.1.text.1.body.1.div.1.p.45" resp="int_paragraph_joining" rend="">
              Door een gedane besendinge naer Mascatta is ’t soo verre gebragt, dat den<lb xmlns="http://www.tei-c.org/ns/1.0"/> Iman ofte Vrijvorst aldaer op sijn woort d’E. Comp.e vergundt en toegestaen<lb xmlns="http://www.tei-c.org/ns/1.0"/> heeft residentie in desselfs lant te mogen hebben met exemtie van den thol, die<lb xmlns="http://www.tei-c.org/ns/1.0"/> gunder geheven wert, mits daervoor jaerlijx een vereering tot erkentenisse aen<lb xmlns="http://www.tei-c.org/ns/1.0"/>den Iman doende . Zijnde de onderhoudinge van vnmtschap met deselve<lb xmlns="http://www.tei-c.org/ns/1.0"/>Vorst in dese conjuncture des tijts voor heel nodig te agten om ons voordeel<lb xmlns="http://www.tei-c.org/ns/1.0"/> daermede te doen en bijsonderlijk door dat middel te bewercken, de France en<lb xmlns="http://www.tei-c.org/ns/1.0"/> Engelse vijanden de frequentatie van de Mascatse haevens wierden onzeyt, ’twelck<lb xmlns="http://www.tei-c.org/ns/1.0"/> misschien wel sal connen vercregen werden, omdat die beyde natiën bij den Iman<lb xmlns="http://www.tei-c.org/ns/1.0"/> reets suspect geworden zijn mette Portugesen te conjungeren.<lb xmlns="http://www.tei-c.org/ns/1.0"/>
            </p><note xml:id="INT_df7059d0-e9e6-3ab1-a0a6-81e6be9caa67.TEI.1.text.1.body.1.div.1.note.61" xml:lang="nl" place="inline" type="editorial-summary" resp="editor" rend="font-style: italic; line-height: 11.7pt; text-indent: 22.0pt; text-align: justify; font-size: 9.5" xmlns="http://www.tei-c.org/ns/1.0">(Naar Basra is met een inheems vaartuig cargasoen van f. 26388.4.8 gezonden;<lb/> een proef met opvoer van koopwaar naar Ispahan wordt genomen ) .<lb/></note><p xml:id="INT_df7059d0-e9e6-3ab1-a0a6-81e6be9caa67.TEI.1.text.1.body.1.div.1.p.46" xml:lang="nl" rend="font-size: 10; text-align: justify; line-height: 11.7pt; text-indent: 22.0pt" xmlns="http://www.tei-c.org/ns/1.0">Schijnt de Sulthan tot Bantam uytterlijck aen te zien int werck van den<lb/> oorlogh ons alsoo veel toegedaen te zijn dan de Engelsen ofte Francen; immer<lb/> hem te willen neuterael houden ende hem geen saken aen te trecken, die buyten<lb/> zijn land ende rede sullen geschieden.<lb/></p><note xml:id="INT_df7059d0-e9e6-3ab1-a0a6-81e6be9caa67.TEI.1.text.1.body.1.div.1.note.62" xml:lang="nl" place="inline" type="editorial-summary" resp="editor" rend="font-style: italic; line-height: 12.0pt; text-indent: 22.0pt; text-align: justify; font-size: 9.5" xmlns="http://www.tei-c.org/ns/1.0">(Veel pokkenlijders te Batavia; voor de officieren onder de 250 gevangen Fransen<lb/> en Engelsen heeft men . . . .)<lb/></note><note xml:id="INT_df7059d0-e9e6-3ab1-a0a6-81e6be9caa67.TEI.1.text.1.body.1.div.1.note.63" xml:lang="nl" rend="font-size: 8; line-height: 8.9pt; margin-left: 2300" xmlns="http://www.tei-c.org/ns/1.0">1) Mirza Sadik<lb/></note><pb xml:id="INT_df7059d0-e9e6-3ab1-a0a6-81e6be9caa67.TEI.1.text.1.body.1.div.1.pb.10" n="833" facs="http://resources.huygens.knaw.nl/retroapp/service_generalemissiven/gm_03/images/gm_3_125_0833.tif"/><fw xml:id="INT_df7059d0-e9e6-3ab1-a0a6-81e6be9caa67.TEI.1.text.1.body.1.div.1.fw.10" place="top" type="head" xml:lang="nl" rend="text-align:justify; line-height:11.1pt" facs="#zone.6215441" xmlns="http://www.tei-c.org/ns/1.0">Maetsuyker, Verburch, Pit, Overtwater, Speelman en Van Hoorn LXIII, 11 dec. 1672 833</fw><p xml:id="INT_df7059d0-e9e6-3ab1-a0a6-81e6be9caa67.TEI.1.text.1.body.1.div.1.p.47" xml:lang="nl" rend="font-size: 10; text-align: justify; line-height: 12.0pt" xmlns="http://www.tei-c.org/ns/1.0"><hi rend="font-size:10; font-family:Liberation Serif; letter-spacing:4.5pt" xml:lang="nl">....</hi> opt binnenpleyn van hospitael een ruyme bamboese loots op te slaen, daar<lb/> se bequaem in gelogeert ende versekert sullen connen worden ende zullen haer<lb/> ondertusschen alle eerlijck tractem.1 laten genieten ende ’t gemene volck, op de<lb/> schepen verdeelt, laten arbeyden voor de cost, daer in absentie van haer officieren<lb/> oock te gewilliger toe zullen wesen.<lb/></p><note xml:id="INT_df7059d0-e9e6-3ab1-a0a6-81e6be9caa67.TEI.1.text.1.body.1.div.1.note.64" xml:lang="nl" place="inline" type="editorial-summary" resp="editor" rend="font-style: italic; line-height: 11.7pt; text-indent: 23.0pt; text-align: justify; font-size: 9" xmlns="http://www.tei-c.org/ns/1.0">(Wegens de oorlog zal de retourvloot niet uit de eerst aangewezen negen grote<lb/> schepen bestaan, maar uit zes of zeven fluiten, die half januari zullen vertrekken,<lb/> benevens uit Ceylon twee hoekers, vooral met brieven; de Deense Gulden Fortuyn is<lb/> geladen met Javaanse poedersuiker, peper en textiel).<lb/></note><fw xml:id="INT_df7059d0-e9e6-3ab1-a0a6-81e6be9caa67.TEI.1.text.1.body.1.div.1.fw.11" type="bottom-page-number">53</fw>
            
      </div>
                  </body>
                </text>
              </TEI>