<TEI xml:id="INT_78e89099-09f5-3fff-8970-f5993c0603b9" xmlns="http://www.tei-c.org/ns/1.0">
                <teiHeader>
      <fileDesc>
        <titleStmt>
          <title>Maetsuyker, Verburch, Pit, Overtwater, Van den Brouck en Thijsz., 6 dec. 1667</title>
        </titleStmt>
        <publicationStmt>
          <p>
            <date>6 dec. 1667</date>
            <idno type="sourceID">missiven:vol3</idno>
            <idno type="pid">INT_78e89099-09f5-3fff-8970-f5993c0603b9</idno>
          </p>
        </publicationStmt>
        <notesStmt>
          <note/>
        </notesStmt>
        <sourceDesc>
          <listBibl xml:id="inlMetadata">
            <bibl type="missive">
        <interpGrp type="page"><interp>601</interp></interpGrp>
        
      <interpGrp type="titleLevel1"><interp>Maetsuyker, Verburch, Pit, Overtwater, Van den Brouck en Thijsz., 6 dec. 1667</interp></interpGrp>
      <interpGrp type="dateLevel1"><interp>6 dec. 1667</interp></interpGrp>
        <interpGrp type="tocLevel"><interp>1</interp></interpGrp>
      <interpGrp type="volume"><interp>3</interp></interpGrp>
        <interpGrp type="n"><interp>XXXVIII</interp></interpGrp>
      
      <interpGrp type="witnessYearLevel1_from"><interp>1667</interp></interpGrp>
      <interpGrp type="witnessYearLevel1_to"><interp>1667</interp></interpGrp>
      <interpGrp type="witnessMonthLevel1_to"><interp>12</interp></interpGrp>
      <interpGrp type="witnessMonthLevel1_from"><interp>12</interp></interpGrp>
      <interpGrp type="witnessDayLevel1_to"><interp>6</interp></interpGrp>
      <interpGrp type="witnessDayLevel1_from"><interp>6</interp></interpGrp>
      <interpGrp type="authorLevel1"><interp>Maetsuyker</interp><interp>Verburch</interp><interp>Pit</interp><interp>Overtwater</interp><interp>Van den Brouck</interp><interp>Thijsz.</interp></interpGrp>
      <interpGrp type="pid"><interp>INT_78e89099-09f5-3fff-8970-f5993c0603b9</interp></interpGrp>
    </bibl>
          </listBibl>
        </sourceDesc>
      </fileDesc>
    </teiHeader>
                <text xml:id="INT_78e89099-09f5-3fff-8970-f5993c0603b9.TEI.1.text.1">
                  <body xml:id="INT_78e89099-09f5-3fff-8970-f5993c0603b9.TEI.1.text.1.body.1">
                    <div xml:id="INT_78e89099-09f5-3fff-8970-f5993c0603b9.TEI.1.text.1.body.1.div.1">
        
              <pb xml:id="INT_78e89099-09f5-3fff-8970-f5993c0603b9.TEI.1.text.1.body.1.div.1.pb.1" n="601" facs="http://resources.huygens.knaw.nl/retroapp/service_generalemissiven/gm_03/images/gm_3_125_0601.tif"/><fw xml:id="INT_78e89099-09f5-3fff-8970-f5993c0603b9.TEI.1.text.1.body.1.div.1.fw.1" place="top" type="head" facs="#zone.5623959" xmlns="http://www.tei-c.org/ns/1.0">Maetsuyker, Verburch, Pit, Overtwater, enz. XXXVIII, 6 december 1667</fw><fw xml:id="INT_78e89099-09f5-3fff-8970-f5993c0603b9.TEI.1.text.1.body.1.div.1.fw.2" place="top" type="page-number" facs="#zone.5624142" xmlns="http://www.tei-c.org/ns/1.0">601</fw><head xml:id="INT_78e89099-09f5-3fff-8970-f5993c0603b9.TEI.1.text.1.body.1.div.1.head.1" xml:lang="nl" rend="font-size: 10; text-align: justify; line-height: 12.0pt" xmlns="http://www.tei-c.org/ns/1.0">XXXVIII. JOAN MAETSUYKER, NICOLAES VERBURCH, LAURENS<lb/> PIT, PIETER OVERTWATER, MATTHEUS VAK DEN BROUCK EN<lb/> JOAN THIJSEN, BATAVIA 6 dec. 1667.<lb/></head><p xml:id="INT_78e89099-09f5-3fff-8970-f5993c0603b9.TEI.1.text.1.body.1.div.1.p.1" xml:lang="nl" rend="font-size: 8; text-align: justify; line-height: 8.9pt" xmlns="http://www.tei-c.org/ns/1.0">K.A. 1152, fol. 115-174.<lb/></p><note xml:id="INT_78e89099-09f5-3fff-8970-f5993c0603b9.TEI.1.text.1.body.1.div.1.note.1" xml:lang="nl" place="inline" type="editorial-summary" resp="editor" rend="font-style: italic; line-height: 11.7pt; text-indent: 22.0pt; text-align: justify; font-size: 10" xmlns="http://www.tei-c.org/ns/1.0">(Vgl. <hi rend="font-size:10; font-family:Liberation Serif" xml:lang="nl">Daghregisters</hi> 1667, p. 349-396; daar rijst te veel plaats inneemt, worden<lb/> keistenen als ballast gebruikt, ook 2000 vloerstenen uit Coromandel; 6 retourschepen<lb/> zijn zeilree, aan de drie resterende wordt nog een jacht toegevoegd; vanaf de Kaap<lb/> moeten die 10 schepen samen varen; Speelman liet de bevolking van Amboina tellen).<lb/></note><p xml:id="INT_78e89099-09f5-3fff-8970-f5993c0603b9.TEI.1.text.1.body.1.div.1.p.2" resp="int_paragraph_joining" rend="">
              Leytimor, soo mannen, vrouwen, kinderen, slaven, slavinnen<lb xmlns="http://www.tei-c.org/ns/1.0"/>etc.a . coppen 8567<lb xmlns="http://www.tei-c.org/ns/1.0"/>Honiinoa . 11846<lb xmlns="http://www.tei-c.org/ns/1.0"/>Hila . 5899<lb xmlns="http://www.tei-c.org/ns/1.0"/>Larique . 1769<lb xmlns="http://www.tei-c.org/ns/1.0"/>Manipa . 2357<lb xmlns="http://www.tei-c.org/ns/1.0"/>Bouro . 3439<lb xmlns="http://www.tei-c.org/ns/1.0"/>Oma, eenl. de mans opgenomen . 604<lb xmlns="http://www.tei-c.org/ns/1.0"/>
            </p><p xml:id="INT_78e89099-09f5-3fff-8970-f5993c0603b9.TEI.1.text.1.body.1.div.1.p.3" xml:lang="nl" rend="font-size: 10; text-align: justify; line-height: 11.1pt; text-indent: 22.0pt" xmlns="http://www.tei-c.org/ns/1.0"><hi rend="font-size:10; font-family:Liberation Serif; vertical-align:sub" xml:lang="nl">llgv</hi> Somma in alles coppen 34481<lb/></p><note xml:id="INT_78e89099-09f5-3fff-8970-f5993c0603b9.TEI.1.text.1.body.1.div.1.note.2" xml:lang="nl" place="inline" type="editorial-summary" resp="editor" rend="font-style: italic; line-height: 11.7pt; text-indent: 22.0pt; text-align: justify; font-size: 10" xmlns="http://www.tei-c.org/ns/1.0">( Radja Sahulau geconcilieerd, vgl. <hi rend="font-size:10; font-family:Liberation Serif" xml:lang="nl">Valentijn</hi> II, Ambonsche Zaaken , p. 225-226;<lb/> de Koning van Tidore heeft . . . .)<lb/></note><p xml:id="INT_78e89099-09f5-3fff-8970-f5993c0603b9.TEI.1.text.1.body.1.div.1.p.4" xml:lang="nl" rend="font-size: 10; text-align: justify; line-height: 11.7pt" xmlns="http://www.tei-c.org/ns/1.0"><hi rend="font-size:10; font-family:Liberation Serif; letter-spacing:5.0pt" xml:lang="nl">....</hi> ons de novo noch toegesonden vier mans- ende twee vrouwspersoonen, van<lb/> Manipa en Bonoa *) verleden jaere gerooft <hi rend="font-size:10; font-family:Liberation Serif; letter-spacing:5.0pt" xml:lang="nl">....</hi><lb/></p><note xml:id="INT_78e89099-09f5-3fff-8970-f5993c0603b9.TEI.1.text.1.body.1.div.1.note.3" xml:lang="nl" place="inline" type="editorial-summary" resp="editor" rend="font-style: italic; line-height: 11.7pt; text-indent: 22.0pt; text-align: justify; font-size: 10" xmlns="http://www.tei-c.org/ns/1.0"><hi rend="font-size:10; font-family:Liberation Serif; font-style:italic; letter-spacing:3.5pt" xml:lang="nl">( ...</hi> . door Papuas; nog 50 soldaten zijn van Amboina naar Celebes gezonden;<lb/> er blijven er maar 432, w.v. 29 in het hospitaal; sobere nageloogst verwacht; er . . . .)<lb/></note><p xml:id="INT_78e89099-09f5-3fff-8970-f5993c0603b9.TEI.1.text.1.body.1.div.1.p.5" xml:lang="nl" rend="font-size: 10; text-align: justify; line-height: 11.7pt" xmlns="http://www.tei-c.org/ns/1.0"><hi rend="font-size:10; font-family:Liberation Serif; letter-spacing:5.0pt" xml:lang="nl">....</hi> bleven in Amboina bij cassa resteren 51362;J rsd. ende werden wij betrocken<lb/> met rsd. 15308 <hi rend="font-size:10; font-family:Liberation Serif; vertical-align:super" xml:lang="nl">1 2),</hi> dat tottet betalen van nagelen etc.a al een moye somme maeckt,<lb/> sijnde bovendien (besijden d’andere behouften en nootlijckheden) noch geëyst<lb/> 30000 rsd. contant.<lb/></p><note xml:id="INT_78e89099-09f5-3fff-8970-f5993c0603b9.TEI.1.text.1.body.1.div.1.note.4" xml:lang="nl" place="inline" type="editorial-summary" resp="editor" rend="font-size: 10; text-align: justify; line-height: 11.1pt; text-indent: 22.0pt" xmlns="http://www.tei-c.org/ns/1.0"><hi rend="font-size:10; font-family:Liberation Serif; font-style:italic" xml:lang="nl">( Dat zal worden gezonden</hi> ) .<lb/></note><p xml:id="INT_78e89099-09f5-3fff-8970-f5993c0603b9.TEI.1.text.1.body.1.div.1.p.6" xml:lang="nl" rend="font-size: 10; text-align: justify; line-height: 11.7pt" xmlns="http://www.tei-c.org/ns/1.0"><hi rend="font-size:10; font-family:Liberation Serif; letter-spacing:5.0pt" xml:lang="nl">....</hi> sijnde den opperkoopman Hui’t met den raedt in Amboina van eenparigh<lb/> gevoelen, dat de ... . Franse natie, aldaer verschijnende, geensints het ooge<lb/> soude hebben op Ceramlaut, maer veeleer op eenige andere ey landen van meerder<lb/> avantagio ende om welcke redenen sijn e. hadde voorgenomen mettet retourneren<lb/> van de Ambonse militie (van voor Macassar) op Bonoa, Kelangh en Amblau<lb/> (maer in bamboesen woningen) te logeren 6 &amp; 7 soldaten tot overvloedigh bewijs<lb/> van onse wettige possessie ende twelck wij meenen niet omiodigh te sullen wesen<lb/> besonderlij ck geduyrende den tijt van ’t westermousson.<lb/></p><note xml:id="INT_78e89099-09f5-3fff-8970-f5993c0603b9.TEI.1.text.1.body.1.div.1.note.5" xml:lang="nl" rend="font-size: 8; line-height: 9.6pt; text-indent: 24.0pt" xmlns="http://www.tei-c.org/ns/1.0">1) Bonoa, ten rechte Boano, eiland ten westen van de noord westhoek van Ceram, op<lb/> 3° Z.B. en bijna 128° O.L.<lb/></note><note xml:id="INT_78e89099-09f5-3fff-8970-f5993c0603b9.TEI.1.text.1.body.1.div.1.note.6" xml:lang="nl" rend="font-size: 8; line-height: 9.6pt; text-indent: 24.0pt" xmlns="http://www.tei-c.org/ns/1.0">2) Bedoeld wordt, dat voor dit bedrag, dat te Amboina in de kas werd gestort, wissels<lb/> op Batavia werden getrokken.<lb/></note><pb xml:id="INT_78e89099-09f5-3fff-8970-f5993c0603b9.TEI.1.text.1.body.1.div.1.pb.2" n="602" facs="http://resources.huygens.knaw.nl/retroapp/service_generalemissiven/gm_03/images/gm_3_125_0602.tif"/><fw xml:id="INT_78e89099-09f5-3fff-8970-f5993c0603b9.TEI.1.text.1.body.1.div.1.fw.3" place="top" type="page-number" facs="#zone.5626400" xmlns="http://www.tei-c.org/ns/1.0">602</fw><fw xml:id="INT_78e89099-09f5-3fff-8970-f5993c0603b9.TEI.1.text.1.body.1.div.1.fw.4" place="top" type="head" facs="#zone.5626404" xmlns="http://www.tei-c.org/ns/1.0">Maetsuyker, Verburch, Pit, Overtwater, enz. XXXV3XT, 6 december 1667</fw><note xml:id="INT_78e89099-09f5-3fff-8970-f5993c0603b9.TEI.1.text.1.body.1.div.1.note.7" xml:lang="nl" place="inline" type="editorial-summary" resp="editor" rend="font-style: italic; line-height: 11.7pt; text-indent: 22.0pt; text-align: justify; font-size: 9.5" xmlns="http://www.tei-c.org/ns/1.0">(In Amboina zijn nog 1 a 2 predikanten nodig; 28 febr. 1667 was er in een jaar<lb/> uitgegeven f. 190014.16.12 en gewonnen f. 94082.17.12; reis naar het eiland Adi voor<lb/> de zuidkust van Nieuw-Ouinea , dat men houdt voor „Ony Couveyay <hi rend="font-size:10; font-family:Liberation Serif" xml:lang="nl">”,</hi> vgl. <hi rend="font-size:10; font-family:Liberation Serif" xml:lang="nl">Nieuw-</hi><lb/><hi rend="font-size:10; font-family:Liberation Serif" xml:lang="nl">Guinea</hi> I, p. 91-92).<lb/></note><p xml:id="INT_78e89099-09f5-3fff-8970-f5993c0603b9.TEI.1.text.1.body.1.div.1.p.7" xml:lang="nl" rend="font-size: 10; text-align: justify; line-height: 11.7pt; text-indent: 22.0pt" xmlns="http://www.tei-c.org/ns/1.0">Inmiddels heeft seecker nachoda van Gooram (die wel meer op voorsz.<lb/> Ony Couvejay <hi rend="font-size:9.5; font-family:Liberation Serif; font-style:italic; vertical-align:super" xml:lang="nl">l)</hi> is geweest ende segt met d’inwoonders te hebben gehandelt,<lb/> oock aldaer taelcundigh te sijn) sich aengeboden met eene der Comp.8 chialoupen<lb/> derwaerts te willen gaen, daermede dan nader preuve stont te worden genomen.<lb/> Aengetogen Cauw <hi rend="font-size:10; font-family:Liberation Serif; vertical-align:super" xml:lang="nl">2)</hi> nevens de chialoupen voomoemt3), hadden oock aen den<lb/> oosthoeck van Tymor ende de eylanden van Sexumatta <hi rend="font-size:10; font-family:Liberation Serif; vertical-align:super" xml:lang="nl">4 *),</hi> Laccaer <hi rend="font-size:10; font-family:Liberation Serif; vertical-align:super" xml:lang="nl">6)</hi> ende<lb/> Rewelan <hi rend="font-size:10; font-family:Liberation Serif; vertical-align:super" xml:lang="nl">6)</hi> aengeweest ende aldaer 3 mans, 10 vrouwen ende 20 kinderen tot<lb/> redelijcken civilen prijs geruylt, behalven noch 5 slaven, die gemelte eylanders de<lb/> onse hadden geschoncken, gelijck sigh den orangkaya van ’t eylandt Kisser oock<lb/> hadde aengeboden jaerlijcx partije slaven, wasch ende sandelhout voor de Comp.®<lb/> te gaen handelen, daervan insgelijcx met een matelijck vooruytverstreckinge<lb/> preuve soude worden genomen, hebbende d’ onse in gemelte visite specialijck op<lb/> ’t eylandt Mattabelle <hi rend="font-size:10; font-family:Liberation Serif; vertical-align:super" xml:lang="nl">7)</hi> dichte aen de zeekant 65 notebomen omgevelt doch<lb/> daeronder maer 5 stucx, die vruchten droegen. Met welcke omvellinge de in woon -<lb/> ders seer te onvreden waeren, wes gepresumeert wiert, landtwaert in noch vele<lb/> dier bomen moeten staen, daemaer met meer macht van volck nader ondersoeck<lb/> zoude worden gedaen.<lb/></p><note xml:id="INT_78e89099-09f5-3fff-8970-f5993c0603b9.TEI.1.text.1.body.1.div.1.note.8" xml:lang="nl" place="inline" type="editorial-summary" resp="editor" rend="font-style: italic; line-height: 11.7pt; text-indent: 22.0pt; text-align: justify; font-size: 9.5" xmlns="http://www.tei-c.org/ns/1.0">(Tweederde van de noten zijn op Banda door de regens onrijp afgevallen; de<lb/> voorraad te Batavia is nog zeer groot; )<lb/></note><p xml:id="INT_78e89099-09f5-3fff-8970-f5993c0603b9.TEI.1.text.1.body.1.div.1.p.8" xml:lang="nl" rend="font-size: 10; text-align: justify; line-height: 11.7pt" xmlns="http://www.tei-c.org/ns/1.0"><hi rend="font-size:10; font-family:Liberation Serif; letter-spacing:4.5pt" xml:lang="nl">....</hi> hebben haer de burgerij e gansch ongenegen getoont de rompen op onsen<lb/> voorslagh wegh te werpen, als se noch groen sijn, voorgevende, dat daeronder al<lb/> veele noten souden geraken, hoewel wij meenen, zulcx buyten hare merckelijcke<lb/> schade wel soude connen geschieden.<lb/></p><note xml:id="INT_78e89099-09f5-3fff-8970-f5993c0603b9.TEI.1.text.1.body.1.div.1.note.9" xml:lang="nl" place="inline" type="editorial-summary" resp="editor" rend="font-style: italic; line-height: 11.4pt; text-indent: 22.0pt; text-align: justify; font-size: 9.5" xmlns="http://www.tei-c.org/ns/1.0">(In Banda is in een jaar <hi rend="font-size:10; font-family:Liberation Serif" xml:lang="nl">/.</hi> 185829.1.6 uitgegeven, <hi rend="font-size:10; font-family:Liberation Serif" xml:lang="nl">/.</hi> 69365.1.5 gewonnen; de<lb/> burgerij heeft voor 22500 rsd. wissels op Batavia getrokken; gouv. Cops van Banda<lb/> wil aftreden , maar is bereid gouverneur van Amboina te worden; gegevens over<lb/> Menado, afgedr. <hi rend="font-size:10; font-family:Liberation Serif" xml:lang="nl">Minahassa,</hi> p. 26-27; er is nog getwist tussen Temalanen en Tidorezen<lb/> ter oostkust van Halmaheira; het kasteel Oranje kan het best in zijn huidige<lb/> staat blijven; er is in de Molukken in een jaar uitgegeven <hi rend="font-size:10; font-family:Liberation Serif" xml:lang="nl">/.</hi> 72033 en gewonnen<lb/> f. 56225; te Batavia kwamen 240 a 250 zieke en gewonde militairen uit Celebes ,<lb/> waarvan bijna de helft sedert is gestorven; strijd voor Makassar, vgl. <hi rend="font-size:10; font-family:Liberation Serif" xml:lang="nl">Speelman,</hi> p.<lb/> 42-43, <hi rend="font-size:10; font-family:Liberation Serif" xml:lang="nl">Bongaais Verdrag,</hi> p. 134^150).<lb/></note><note xml:id="INT_78e89099-09f5-3fff-8970-f5993c0603b9.TEI.1.text.1.body.1.div.1.note.10" xml:lang="nl" rend="font-size: 8; line-height: 9.6pt; text-indent: 22.0pt" xmlns="http://www.tei-c.org/ns/1.0">1) Ony Couvejay, niet meer bestaande plaats ter zuidkust van het schiereiland Onin,<lb/> waarvan de ligging niet meer te bepalen valt.<lb/></note><note xml:id="INT_78e89099-09f5-3fff-8970-f5993c0603b9.TEI.1.text.1.body.1.div.1.note.11" xml:lang="nl" rend="font-size: 8; text-align: justify; line-height: 9.6pt; margin-left: 2200" xmlns="http://www.tei-c.org/ns/1.0">2) Een galjoot.<lb/></note><note xml:id="INT_78e89099-09f5-3fff-8970-f5993c0603b9.TEI.1.text.1.body.1.div.1.note.12" xml:lang="nl" rend="font-size: 8; text-align: justify; line-height: 9.6pt; margin-left: 2200" xmlns="http://www.tei-c.org/ns/1.0">3) De Tijger en de Diamant.<lb/></note><note xml:id="INT_78e89099-09f5-3fff-8970-f5993c0603b9.TEI.1.text.1.body.1.div.1.note.13" xml:lang="nl" rend="font-size: 8; text-align: justify; line-height: 9.6pt; margin-left: 2100" xmlns="http://www.tei-c.org/ns/1.0">4) Bedoeld is „Cerammatte”, Sermata, op 8° Z.B. en 129° O.L.<lb/></note><note xml:id="INT_78e89099-09f5-3fff-8970-f5993c0603b9.TEI.1.text.1.body.1.div.1.note.14" xml:lang="nl" rend="font-size: 8; line-height: 9.6pt; margin-left: 2200" xmlns="http://www.tei-c.org/ns/1.0">6) Lakor, eüand op 8°10' Z.B. en 128° 10' O.L.<lb/></note><note xml:id="INT_78e89099-09f5-3fff-8970-f5993c0603b9.TEI.1.text.1.body.1.div.1.note.15" xml:lang="nl" rend="font-size: 8; text-align: justify; line-height: 9.6pt; margin-left: 2200" xmlns="http://www.tei-c.org/ns/1.0">6) Arwala, plaats ter oostkust van het eiland Wetar op 7°40' Z.B. en 126°50' O.L.<lb/></note><note xml:id="INT_78e89099-09f5-3fff-8970-f5993c0603b9.TEI.1.text.1.body.1.div.1.note.16" xml:lang="nl" rend="font-size: 8; text-align: justify; line-height: 9.6pt; margin-left: 2200" xmlns="http://www.tei-c.org/ns/1.0">7) Watubela, eüand op 4° 27' Z.B. en 131°35' O.L.<lb/></note><pb xml:id="INT_78e89099-09f5-3fff-8970-f5993c0603b9.TEI.1.text.1.body.1.div.1.pb.3" n="603" facs="http://resources.huygens.knaw.nl/retroapp/service_generalemissiven/gm_03/images/gm_3_125_0603.tif"/><fw xml:id="INT_78e89099-09f5-3fff-8970-f5993c0603b9.TEI.1.text.1.body.1.div.1.fw.5" place="top" type="head" facs="#zone.5629773" xmlns="http://www.tei-c.org/ns/1.0">Maetsuyker, Verburch, Pit, Overtwater, enz. XXXV 111, 6 december 1667</fw><fw xml:id="INT_78e89099-09f5-3fff-8970-f5993c0603b9.TEI.1.text.1.body.1.div.1.fw.6" place="top" type="page-number" facs="#zone.5629786" xmlns="http://www.tei-c.org/ns/1.0">603</fw><p xml:id="INT_78e89099-09f5-3fff-8970-f5993c0603b9.TEI.1.text.1.body.1.div.1.p.9" xml:lang="nl" rend="font-size: 10; text-align: justify; line-height: 11.7pt; text-indent: 22.0pt" xmlns="http://www.tei-c.org/ns/1.0">Inmiddels hebben die van de regeringe tot Macassaer aen den Coninck van<lb/> Bantam afgesonden eenige van hare groten om van den Coninck te versoeken<lb/> adsistentie van cruyt ende loot ende dat het dien Koninck oock vilde believen<lb/> dese stadt <hi rend="font-size:10; font-family:Liberation Serif; vertical-align:super" xml:lang="nl">1)</hi> te lande te benouwen, ten eynde geen meerder macht van hier<lb/> derwaerts conde worden afgesteecken.<lb/></p><note xml:id="INT_78e89099-09f5-3fff-8970-f5993c0603b9.TEI.1.text.1.body.1.div.1.note.17" xml:lang="nl" place="inline" type="editorial-summary" resp="editor" rend="font-style: italic; line-height: 12.0pt; text-indent: 22.0pt; text-align: justify; font-size: 10" xmlns="http://www.tei-c.org/ns/1.0">(3000 buskruit is naar Speelman gezonden ; er zijn 20, meest kleine, schapen<lb/> voor Makassar ; hel cargasoen van de Muiden, <hi rend="font-size:10; font-family:Liberation Serif" xml:lang="nl">Daghregisters,</hi> p. 371, is volgens<lb/> onze bron f. 52926).<lb/></note><p xml:id="INT_78e89099-09f5-3fff-8970-f5993c0603b9.TEI.1.text.1.body.1.div.1.p.10" xml:lang="nl" rend="font-size: 10; text-align: justify; line-height: 11.7pt; text-indent: 22.0pt" xmlns="http://www.tei-c.org/ns/1.0">De ijsere stucken en vordere ammunitie van oorlogh, op het versoeck van den<lb/> Pangeran <hi rend="font-size:10; font-family:Liberation Serif; vertical-align:super" xml:lang="nl">2)</hi> gesonden, had Sijn HooghJ aengenaem ontfangen doch niet in<lb/> betaling der pepertollen, gelijck wij verhoopt hadden om de schaersheyt van onse<lb/> geltcassa, maer heeft ons deselve liever eenigen tijt willen fiëren ofte schuldich<lb/> laten blijven om, soo het schijnt, daer geen inbreuck in te gedogen.<lb/></p><note xml:id="INT_78e89099-09f5-3fff-8970-f5993c0603b9.TEI.1.text.1.body.1.div.1.note.18" xml:lang="nl" place="inline" type="editorial-summary" resp="editor" rend="font-style: italic; line-height: 12.0pt; text-indent: 22.0pt; text-align: justify; font-size: 10" xmlns="http://www.tei-c.org/ns/1.0">(Hij zond 450 picol peper als halve afbetaling van het geschut; 30 april was da<lb/> winst te Palembang over een jaar f. 69044; er werd f. 8733 uitgegeven; volgens bericht<lb/> uit Djambi <hi rend="font-size:10; font-family:Liberation Serif" xml:lang="nl">. . .</hi> .)<lb/></note><p xml:id="INT_78e89099-09f5-3fff-8970-f5993c0603b9.TEI.1.text.1.body.1.div.1.p.11" xml:lang="nl" rend="font-size: 10; text-align: justify; line-height: 11.7pt" xmlns="http://www.tei-c.org/ns/1.0"><hi rend="font-size:10; font-family:Liberation Serif; letter-spacing:5.0pt" xml:lang="nl">....</hi> was de laxamana van Johor met eenige vaertuygen aen ’t ey landt Lingen<lb/> gecomen om te handelen van een accomodement der geschillen, maer door moetwillicheyt<lb/> van ’t volck van de Pangeran Depati waren wedersijts weder nieuwe<lb/> acten van vijantschap voorgevallen, waerdoor dat goede werck geen begin hadde<lb/> genomen en schenen oock die van Jambj^ het niet recht te meenen, maer hadden<lb/> den gem.tn laxamana geern met goede woorden binnen de rivier gehad om hem<lb/> dan onvoorsiens op ’t lijf te vallen. Deselve bleef hem noch aen het voorsz. eylandt<lb/> verhouden, maer en deed de gaende ende comende vaertuygen geen hinder.<lb/><hi rend="font-size:8; font-family:Liberation Serif" xml:lang="nl">Fol. 129r.</hi><lb/></p><note xml:id="INT_78e89099-09f5-3fff-8970-f5993c0603b9.TEI.1.text.1.body.1.div.1.note.19" xml:lang="nl" place="inline" type="editorial-summary" resp="editor" rend="font-style: italic; line-height: 12.0pt; text-indent: 22.0pt; text-align: justify; font-size: 10" xmlns="http://www.tei-c.org/ns/1.0">(In Djambi is geen goud ontvangen; 31 juli was er in tien maandan gewonnen<lb/><hi rend="font-size:10; font-family:Liberation Serif" xml:lang="nl">/.</hi> 74782 en uitgegeven f. 25991; 28 nov. is iets vernomen <hi rend="font-size:10; font-family:Liberation Serif" xml:lang="nl">. . .</hi> .)<lb/></note><p xml:id="INT_78e89099-09f5-3fff-8970-f5993c0603b9.TEI.1.text.1.body.1.div.1.p.12" xml:lang="nl" rend="font-size: 10; text-align: justify; line-height: 11.7pt" xmlns="http://www.tei-c.org/ns/1.0"><hi rend="font-size:10; font-family:Liberation Serif; letter-spacing:5.0pt" xml:lang="nl">....</hi> over een onseker gerucht van 80 Johorse vaertuygen, omtrent off binnen<lb/> de gem. rivier <hi rend="font-size:10; font-family:Liberation Serif; vertical-align:super" xml:lang="nl">3)</hi> gesien, tegen dewelcke de Pangerans met grooten ernst hadden<lb/> versocht, dat wij ende die van de Engelse natie haer elck met een chaloup tot<lb/> adsistentie wilden volgen, dat de onse haer toeseyden, als haer genoegsaem versekert<lb/> houdende, datter niet op soude volgen, maer de Engelsen afsloegen, totdat<lb/> alvoren daertoe ordre van haer opperhooft tot Bantam souden hebben becomen,<lb/> daer de Pangeran Ratou soo hevich om wiert, dat hij den Engelsman tot tweemalen<lb/> met een stuck hout na de cop wierp ende met veele schelt woorden Jamby deed<lb/> ontseggen, maer dat is daerbij gebleven, alsoo wel als de voorgenomen uyttocht<lb/> tegen die van Johor.<lb/></p><note xml:id="INT_78e89099-09f5-3fff-8970-f5993c0603b9.TEI.1.text.1.body.1.div.1.note.20" xml:lang="nl" rend="font-size: 8; text-align: justify; line-height: 8.9pt; margin-left: 2400" xmlns="http://www.tei-c.org/ns/1.0">1) Batavia is bedoeld.<lb/></note><note xml:id="INT_78e89099-09f5-3fff-8970-f5993c0603b9.TEI.1.text.1.body.1.div.1.note.21" xml:lang="nl" rend="font-size: 8; text-align: justify; line-height: 9.6pt; margin-left: 2300" xmlns="http://www.tei-c.org/ns/1.0">2) Die van Palembang.<lb/></note><note xml:id="INT_78e89099-09f5-3fff-8970-f5993c0603b9.TEI.1.text.1.body.1.div.1.note.22" xml:lang="nl" rend="font-size: 8; text-align: justify; line-height: 9.6pt; margin-left: 2300" xmlns="http://www.tei-c.org/ns/1.0">3) Die van Djambi.<lb/></note><pb xml:id="INT_78e89099-09f5-3fff-8970-f5993c0603b9.TEI.1.text.1.body.1.div.1.pb.4" n="604" facs="http://resources.huygens.knaw.nl/retroapp/service_generalemissiven/gm_03/images/gm_3_125_0604.tif"/><fw xml:id="INT_78e89099-09f5-3fff-8970-f5993c0603b9.TEI.1.text.1.body.1.div.1.fw.7" place="top" type="page-number" facs="#zone.5631737" xmlns="http://www.tei-c.org/ns/1.0">604</fw><fw xml:id="INT_78e89099-09f5-3fff-8970-f5993c0603b9.TEI.1.text.1.body.1.div.1.fw.8" place="top" type="head" facs="#zone.5631741" xmlns="http://www.tei-c.org/ns/1.0">Maetsuyker, Verburch, Pit, Overtwater, enz. XXXVTII, 6 december 1667</fw><note xml:id="INT_78e89099-09f5-3fff-8970-f5993c0603b9.TEI.1.text.1.body.1.div.1.note.23" xml:lang="nl" place="inline" type="editorial-summary" resp="editor" rend="font-style: italic; line-height: 11.7pt; text-indent: 22.0pt; text-align: justify; font-size: 9" xmlns="http://www.tei-c.org/ns/1.0">(De Gerechticlieyt is 30 juni met cargasoen van f. 49272 , vnl. sapanhout en<lb/> huiden, van Siam naar Japan gezonden; Siam <hi rend="font-size:10; font-family:Liberation Serif; letter-spacing:5.0pt" xml:lang="nl">.</hi> . . .)<lb/></note><p xml:id="INT_78e89099-09f5-3fff-8970-f5993c0603b9.TEI.1.text.1.body.1.div.1.p.13" xml:lang="nl" rend="font-size: 10; text-align: justify; line-height: 12.0pt" xmlns="http://www.tei-c.org/ns/1.0"><hi rend="font-size:10; font-family:Liberation Serif; letter-spacing:5.0pt" xml:lang="nl">....</hi> door oorlogh en sterfte seer van manvolck ontbloot is ende dat de Coningh<lb/> ondertusschen oock veel duysenden menschen geoccupeert hout mettet maecken<lb/> van diverse sware wercken. Daer waren weder 3 Chinese joncken geweest, maer en<lb/> hadden door het verbot van de Coningh geen vellen na Japan mogen voeren.<lb/><hi rend="font-size:8.5; font-family:Liberation Serif" xml:lang="nl">Fol. 131r.</hi><lb/></p><note xml:id="INT_78e89099-09f5-3fff-8970-f5993c0603b9.TEI.1.text.1.body.1.div.1.note.24" xml:lang="nl" place="inline" type="editorial-summary" resp="editor" rend="font-style: italic; line-height: 11.7pt; text-indent: 22.0pt; text-align: justify; font-size: 9" xmlns="http://www.tei-c.org/ns/1.0">(Ondanks vroegere mislukkingen wil de Koning weer een scheepje naar Perzië<lb/> en een naar Suratte zenden ; er kwamen geen schepen uit Macao; over <hi rend="font-size:10; font-family:Liberation Serif" xml:lang="nl">. . .</hi> . )<lb/></note><p xml:id="INT_78e89099-09f5-3fff-8970-f5993c0603b9.TEI.1.text.1.body.1.div.1.p.14" xml:lang="nl" rend="font-size: 10; text-align: justify; line-height: 11.7pt" xmlns="http://www.tei-c.org/ns/1.0"><hi rend="font-size:10; font-family:Liberation Serif; letter-spacing:5.0pt" xml:lang="nl">....</hi> Cochin-China was tijdingh gecomen, dat de Portugesen daer <hi rend="font-size:10; font-family:Liberation Serif; vertical-align:super" xml:lang="nl">x)</hi> genoechsaem<lb/> als gevangen wierden gehouden. Van Manilha en waren mede in 2 jaren herwaerts<lb/> geen schepen tot Siam verschenen, gelijck oock weder geen de minste besendinge<lb/> derwaerts gedaen was.<lb/></p><note xml:id="INT_78e89099-09f5-3fff-8970-f5993c0603b9.TEI.1.text.1.body.1.div.1.note.25" xml:lang="nl" place="inline" type="editorial-summary" resp="editor" rend="font-style: italic; line-height: 11.7pt; text-indent: 22.0pt; text-align: justify; font-size: 9" xmlns="http://www.tei-c.org/ns/1.0">( Er behoefde door de goede verkoop van textiel geen geld d 2% p.m. te worden<lb/> geleend; er was 31 juli in een jaar gewonnen f. 53997 en uitgegeven f. 21774; gegevens<lb/> over Cambodja, afgedr. <hi rend="font-size:10; font-family:Liberation Serif" xml:lang="nl">Cambodja,</hi> p. 450, met foutieve datum 23 dec. 1667; uit<lb/> Tonkin is voor f. 298679 aan cargasoen naar Japan gezonden, waarop 100% winst<lb/> werd gemaakt ; voor 1668 heeft men voor 60000 taël of f. 210000 geëist).<lb/></note><p xml:id="INT_78e89099-09f5-3fff-8970-f5993c0603b9.TEI.1.text.1.body.1.div.1.p.15" xml:lang="nl" rend="font-size: 10; text-align: justify; line-height: 11.7pt; text-indent: 22.0pt" xmlns="http://www.tei-c.org/ns/1.0">Daer waer meerder en beterkoop zijde en andere Tonquinse coopmanschap<lb/> voor Japan ingecocht, zoo den grooten handelaer Couquan daer niet gecomen<lb/> was met noch twee andere jonckjens, in Tonquin thuys horende.<lb/></p><note xml:id="INT_78e89099-09f5-3fff-8970-f5993c0603b9.TEI.1.text.1.body.1.div.1.note.26" xml:lang="nl" place="inline" type="editorial-summary" resp="editor" rend="font-style: italic; line-height: 11.7pt; text-indent: 22.0pt; text-align: justify; font-size: 9" xmlns="http://www.tei-c.org/ns/1.0">(Vermoedelijk is er f. 160000 gewonnen, wat veel is en <hi rend="font-size:10; font-family:Liberation Serif" xml:lang="nl">/.</hi> 25000 uitgegeven;<lb/> er blijft kapitaal van f. 250000; gunstige handel in Japan, vgl. <hi rend="font-size:10; font-family:Liberation Serif" xml:lang="nl">Beschrijvinge</hi> II, I,<lb/> p. 435-436, deels letterlijk gelijk; er zal 10000 picol koper kunnen worden gekocht,<lb/> onvoldoende voor de behoefte in Azië; uit Coromandel is voor f. 80465.9 aan textiel<lb/> naar Malakka gebracht; hoop op winst aldaar).<lb/></note><p xml:id="INT_78e89099-09f5-3fff-8970-f5993c0603b9.TEI.1.text.1.body.1.div.1.p.16" xml:lang="nl" rend="font-size: 10; text-align: justify; line-height: 11.7pt; text-indent: 22.0pt" xmlns="http://www.tei-c.org/ns/1.0">Ten ware sulcx door seecker Portugees alsmede een Moor, gins op 18 en 19en<lb/> octob.r met hun schepen beneffens 450 packen cleeden van Cormandel aengecomen,<lb/> verhindert wiert, in welcken geval de schade, die deselve in geseyden handel<lb/> veroorsaecken mochten, door den thol met het heffen van ’t thiende cleet weder<lb/> vergoet sal moeten worden.<lb/></p><note xml:id="INT_78e89099-09f5-3fff-8970-f5993c0603b9.TEI.1.text.1.body.1.div.1.note.27" xml:lang="nl" place="inline" type="editorial-summary" resp="editor" rend="font-size: 9; font-style: italic; line-height: 10.0pt; margin-left: 3200" xmlns="http://www.tei-c.org/ns/1.0">(Hulp van het fluitje Terboede aan Deli).<lb/></note><p xml:id="INT_78e89099-09f5-3fff-8970-f5993c0603b9.TEI.1.text.1.body.1.div.1.p.17" resp="int_paragraph_joining" rend="">
              Die op 4 augusty voor gemelte Dilly aengecomen was en aldaer de Aetchynsche<lb xmlns="http://www.tei-c.org/ns/1.0"/> armade, waer van den panglima geschreven had, wesende omtrent 50 vaertuygen<lb xmlns="http://www.tei-c.org/ns/1.0"/> sterck, in de rivier vant leggen, die hun gins met 1600 man der meyning de<lb xmlns="http://www.tei-c.org/ns/1.0"/> Dilliërs daermede te dwingen gefortificeert hadden, maer wierden van de landtsaten<lb xmlns="http://www.tei-c.org/ns/1.0"/> dapper geresisteert. Doch de Aetchynders, de comst van gemelte ter Boede<lb xmlns="http://www.tei-c.org/ns/1.0"/> vernomen hebbende, bestonden haer vastigheyt te verlaten en hun nae twee<lb xmlns="http://www.tei-c.org/ns/1.0"/><note xml:id="INT_78e89099-09f5-3fff-8970-f5993c0603b9.TEI.1.text.1.body.1.div.1.p.17.note.1" xml:lang="nl" rend="font-size: 8.5; text-align: justify; line-height: 9.4pt; text-indent: 22.0pt" xmlns="http://www.tei-c.org/ns/1.0">1) Macao.<lb/></note><pb xml:id="INT_78e89099-09f5-3fff-8970-f5993c0603b9.TEI.1.text.1.body.1.div.1.p.17.pb.1" n="605" facs="http://resources.huygens.knaw.nl/retroapp/service_generalemissiven/gm_03/images/gm_3_125_0605.tif"/><fw xml:id="INT_78e89099-09f5-3fff-8970-f5993c0603b9.TEI.1.text.1.body.1.div.1.p.17.fw.1" place="top" type="head" facs="#zone.5634260" xmlns="http://www.tei-c.org/ns/1.0">Maetsuyker, Verburch, Pit, Overtwater, enz. XXXVIII, 6 december 1667</fw><fw xml:id="INT_78e89099-09f5-3fff-8970-f5993c0603b9.TEI.1.text.1.body.1.div.1.p.17.fw.2" place="top" type="page-number" facs="#zone.5634272" xmlns="http://www.tei-c.org/ns/1.0">605</fw>dagen vertoevens bij nacht sonder d’onse eens te spraeck te willen staen op de<lb xmlns="http://www.tei-c.org/ns/1.0"/> vlucht te begeven, dat ons van die hoogmoedige natie, die wij diergelijcke bloohartigheyt<lb xmlns="http://www.tei-c.org/ns/1.0"/> noyt souden hebben toevertrouwt, al wat vreempt voorgecomen is.<lb xmlns="http://www.tei-c.org/ns/1.0"/> Door deser luyden vertreck dan, soo had . . . .[den] ondercoopman gelegentheyt<lb xmlns="http://www.tei-c.org/ns/1.0"/> becomen sich in persoon binnen de rivier en wijders 10 mijlen opwaerts tot in de<lb xmlns="http://www.tei-c.org/ns/1.0"/> negerij Dilly te begeven, daer hij door 8 eliphanten en 20 paerden als een groot<lb xmlns="http://www.tei-c.org/ns/1.0"/> aental voetvolcx seer feestlijck ontfangen en voor den panglima gebracht was, die<lb xmlns="http://www.tei-c.org/ns/1.0"/> sich benoffens d’ander gebieders over desselfs daer verschijning seer verheugt<lb xmlns="http://www.tei-c.org/ns/1.0"/> hielden.<lb xmlns="http://www.tei-c.org/ns/1.0"/>
            </p><note xml:id="INT_78e89099-09f5-3fff-8970-f5993c0603b9.TEI.1.text.1.body.1.div.1.note.28" xml:lang="nl" place="inline" type="editorial-summary" resp="editor" rend="font-style: italic; line-height: 12.0pt; text-indent: 24.0pt; text-align: justify; font-size: 10" xmlns="http://www.tei-c.org/ns/1.0">( Hun verzoek er 'permanent een scheepje ter beveiliging te laten <hi rend="font-size:10; font-family:Liberation Serif" xml:lang="nl">,</hi> kon niet worden<lb/> ingewilligd; wel zal Deli van uit Malakka bekruist worden).<lb/></note><p xml:id="INT_78e89099-09f5-3fff-8970-f5993c0603b9.TEI.1.text.1.body.1.div.1.p.18" xml:lang="nl" rend="font-size: 10; text-align: justify; line-height: 11.7pt; text-indent: 24.0pt" xmlns="http://www.tei-c.org/ns/1.0">Hebbende verhaelden panglima wijders aenbieding gedaen van sich te willen<lb/> verbinden, dat alle de goederen, daer te lande vallende, die jaerlijcks in 3 <hi rend="font-size:10; font-family:Liberation Serif; font-style:italic" xml:lang="nl">k</hi> 4<lb/> scheepsladingh rijs, goede partij wasch, slaven als eliphanten en derselver tanden<lb/> souden bestaen, met exclusie van alle andere volckeren aen d’E. Comp.e te willen<lb/> leveren en sich oock verders onder derselver gehoorsaemheyt te submitteren.<lb/><hi rend="font-size:9; font-family:Liberation Serif" xml:lang="nl">Fol. 137r.</hi><lb/></p><note xml:id="INT_78e89099-09f5-3fff-8970-f5993c0603b9.TEI.1.text.1.body.1.div.1.note.29" xml:lang="nl" place="inline" type="editorial-summary" resp="editor" rend="font-style: italic; line-height: 11.7pt; text-indent: 24.0pt; text-align: justify; font-size: 10" xmlns="http://www.tei-c.org/ns/1.0">(Het is de vraag, of hij zich hieraan zal houden; geen gezant uit Kedah is te<lb/> Malakka gekomen; de kwestie van den datuk bandar van Perak, die <hi rend="font-size:10; font-family:Liberation Serif" xml:lang="nl">. . .</hi> .)<lb/></note><p xml:id="INT_78e89099-09f5-3fff-8970-f5993c0603b9.TEI.1.text.1.body.1.div.1.p.19" xml:lang="nl" rend="font-size: 10; text-align: justify; line-height: 11.7pt" xmlns="http://www.tei-c.org/ns/1.0"><hi rend="font-size:10; font-family:Liberation Serif; letter-spacing:5.0pt" xml:lang="nl">....</hi> uyt het thingebercht was afgecomen, t’eenemael bijgelecht, sulcx den toevoer<lb/> des gedachten mineraels van daer naer Malacca, die door geseyde tweedracht<lb/> al eenigsints begon te stuyten, nu weder sijn vorige voortgangh nam.<lb/></p><note xml:id="INT_78e89099-09f5-3fff-8970-f5993c0603b9.TEI.1.text.1.body.1.div.1.note.30" xml:lang="nl" place="inline" type="editorial-summary" resp="editor" rend="font-style: italic; line-height: 12.0pt; text-indent: 24.0pt; text-align: justify; font-size: 10" xmlns="http://www.tei-c.org/ns/1.0">(Voor Bengalen is 150000 <hi rend="font-size:10; font-family:Liberation Serif" xml:lang="nl">'ffi</hi> tin geëist, voor Coromandel 49970 voor Suratte<lb/> 200000 <hi rend="font-size:10; font-family:Liberation Serif" xml:lang="nl">{£,</hi> voor Perzië 150000 er is reeds 461000 in voorraad).<lb/></note><p xml:id="INT_78e89099-09f5-3fff-8970-f5993c0603b9.TEI.1.text.1.body.1.div.1.p.20" xml:lang="nl" rend="font-size: 10; text-align: justify; line-height: 11.7pt; text-indent: 24.0pt" xmlns="http://www.tei-c.org/ns/1.0">Met den Johorschen Vorst wiert de vruntschap noch naer ouder gewoonte<lb/> gecontinueert. Eenichl. had desselfs sabandaer in Bencalis d’onse een affront<lb/> gespeelt en de chaloep den Kaesjager twee Javaensche vaertuygen, die denselven<lb/> nae Malacca meynden op te brengen, door 30 cloecke praeuwen af doen nemen, doch<lb/> dit bij den commandeur Bort verstaen wesende, soo had denselven den Malacksen<lb/> sabandaer om geseyde Javaensche vaertuygen weder te eyschen met een brief ken<lb/> nae Bencalis overgesonden om den sabandaer gins ter plaetse sijn onbedacht<lb/> onderstaen voor oogen te stellen, die oock ter eerster aenmaning gedachte vaertuygen<lb/> sonder eenich tegenspreecken weder largeerden.<lb/></p><note xml:id="INT_78e89099-09f5-3fff-8970-f5993c0603b9.TEI.1.text.1.body.1.div.1.note.31" xml:lang="nl" place="inline" type="editorial-summary" resp="editor" rend="font-style: italic; line-height: 11.7pt; text-indent: 24.0pt; text-align: justify; font-size: 10" xmlns="http://www.tei-c.org/ns/1.0">(In Malakka was 31 juli in een jaar gewonnen f. 201013.9, maar uitgegeven<lb/> f. 187033.14.1; Van Heyst is 25 aug. te Indragiri gestorven; er is 1600 taël goud<lb/> gekocht; het kantoor is onder Malakka gesteld).<lb/></note><p xml:id="INT_78e89099-09f5-3fff-8970-f5993c0603b9.TEI.1.text.1.body.1.div.1.p.21" xml:lang="nl" rend="font-size: 10; text-align: justify; line-height: 11.7pt; text-indent: 24.0pt" xmlns="http://www.tei-c.org/ns/1.0">De verschillen, tusschen de Coningen en berchluyden aldaer laetst voorgevallen,<lb/> waren nu t’eenemael bijgelecht en bevredicht, uyt hetwelck, soo het scheen,<lb/> den opulenten toevloey des gouts sijn oorspronck nam.<lb/></p><pb xml:id="INT_78e89099-09f5-3fff-8970-f5993c0603b9.TEI.1.text.1.body.1.div.1.pb.5" n="606" facs="http://resources.huygens.knaw.nl/retroapp/service_generalemissiven/gm_03/images/gm_3_125_0606.tif"/><fw xml:id="INT_78e89099-09f5-3fff-8970-f5993c0603b9.TEI.1.text.1.body.1.div.1.fw.9" place="top" type="page-number" facs="#zone.5636277" xmlns="http://www.tei-c.org/ns/1.0">606</fw><fw xml:id="INT_78e89099-09f5-3fff-8970-f5993c0603b9.TEI.1.text.1.body.1.div.1.fw.10" place="top" type="head" facs="#zone.5636281" xmlns="http://www.tei-c.org/ns/1.0">Maetsuyker, Verburch, Pit, Overtwater, enz. XXXVIII, 6 december 1667</fw><note xml:id="INT_78e89099-09f5-3fff-8970-f5993c0603b9.TEI.1.text.1.body.1.div.1.note.32" xml:lang="nl" place="inline" type="editorial-summary" resp="editor" rend="font-style: italic; line-height: 11.7pt; text-indent: 24.0pt; text-align: justify; font-size: 9.5" xmlns="http://www.tei-c.org/ns/1.0">( Gebeurtenissen ter Westkust , vgl. <hi rend="font-size:10; font-family:Liberation Serif" xml:lang="nl">Westkust,</hi> p. 124^127; van eind mei tot eind<lb/> sept. kwam daar 1172 taël goud binnen; er is daar 3600 picol peper in voorraad; er<lb/> is nu ondervonden , <hi rend="font-size:10; font-family:Liberation Serif" xml:lang="nl">. . .</hi> .)<lb/></note><p xml:id="INT_78e89099-09f5-3fff-8970-f5993c0603b9.TEI.1.text.1.body.1.div.1.p.22" xml:lang="nl" rend="font-size: 10; text-align: justify; line-height: 11.7pt" xmlns="http://www.tei-c.org/ns/1.0"><hi rend="font-size:10; font-family:Liberation Serif; letter-spacing:4.5pt" xml:lang="nl">....</hi> dat men tweemael ’s jaers naer Bengale gaen en keeren kan, daertoe noch<lb/> te meer sal favoriseren het ontdeckte nieuwe diep in ’t uytlopen van de Ganges,<lb/> welck sigh soodanigh heeft opgedaen, dat niet meer genootsaeckt sullen wesen de<lb/> dangereuse baneken te passeren ofte vlodtgaende schepen tot de frequentatie van<lb/> de Ganges uyt te soucken, dewijl door ’t voorsz. nieuwe diep selfs geladene retourschepen<lb/> connen werden uyt- en ingebracht.<lb/></p><note xml:id="INT_78e89099-09f5-3fff-8970-f5993c0603b9.TEI.1.text.1.body.1.div.1.note.33" xml:lang="nl" place="inline" type="editorial-summary" resp="editor" rend="font-style: italic; line-height: 11.7pt; text-indent: 24.0pt; text-align: justify; font-size: 9.5" xmlns="http://www.tei-c.org/ns/1.0">( De inkoop van salpeter ging er beier , dan verwacht was; eind mei was te Patna<lb/> 1904000 <hi rend="font-size:10; font-family:Liberation Serif" xml:lang="nl">IC,</hi> 5 sept. 1108400 te Hugly; daar men te Kasimbazar 5% tol op de zijde<lb/> wil leggen, wat 26000 ropia per jaar zou betekenen , wordt de inkoop stop gezet; men<lb/> was <hi rend="font-size:10; font-family:Liberation Serif" xml:lang="nl">. . .</hi> .)<lb/></note><p xml:id="INT_78e89099-09f5-3fff-8970-f5993c0603b9.TEI.1.text.1.body.1.div.1.p.23" xml:lang="nl" rend="font-size: 10; text-align: justify; line-height: 11.7pt" xmlns="http://www.tei-c.org/ns/1.0"><hi rend="font-size:10; font-family:Liberation Serif; letter-spacing:4.5pt" xml:lang="nl">....</hi> genootsaeckt geworden met ’s nababs duwan den hr. Boelsjent tot Moxudabath<lb/> (in wiens handen dese saké schijnt te wesen gestelt) in accoort te treeden<lb/> ende hem voor ’t presente jaer te vereeren met 2500 rop., dat lastigh valt en wij<lb/> echter soo aensien en ons getroosten moeten.<lb/></p><note xml:id="INT_78e89099-09f5-3fff-8970-f5993c0603b9.TEI.1.text.1.body.1.div.1.note.34" xml:lang="nl" place="inline" type="editorial-summary" resp="editor" rend="font-style: italic; line-height: 11.7pt; text-indent: 24.0pt; text-align: justify; font-size: 9.5" xmlns="http://www.tei-c.org/ns/1.0">( Bij den Groot-Mogol zal over deze last, die in strijd met de firmans is, geklaagd<lb/> worden; 2500 a 3000 pak suiker zal in Bengalen worden gekocht als ballast voor<lb/> patria ; 1000 a 1500 voor Japan; in Perzië is er 167 <hi rend="font-size:10; font-family:Liberation Serif" xml:lang="nl">f %</hi> op gewonnen, waarom ook<lb/> voor Gamron wordt ingekocht; er is 2000 te Hugly in voorraad, terwijl nog 2000 op<lb/> weg daarheen is; de twee Engelse schepen liggen nog machteloos te Bellasore).<lb/></note><p xml:id="INT_78e89099-09f5-3fff-8970-f5993c0603b9.TEI.1.text.1.body.1.div.1.p.24" xml:lang="nl" rend="font-size: 10; text-align: justify; line-height: 11.7pt; text-indent: 24.0pt" xmlns="http://www.tei-c.org/ns/1.0">Van d’overige *) 39 man noch 8 a 9 personen gestorven waren, jae dat oock<lb/> (om geit tot dagelijexe ongelden te mogen vinden) ’t canon van ’t eene schip aen<lb/> seecker inlants coopman voor 2000 ropia hadden verpant, soo sullen de jachten<lb/> Nieuwenhoven en Durckerdam (tot besettinge van de bhare van Bellezoor en ’t<lb/> inhouden der voorsz. vijandige schepen geordonneert) aldaer onnodigh sijn.<lb/></p><note xml:id="INT_78e89099-09f5-3fff-8970-f5993c0603b9.TEI.1.text.1.body.1.div.1.note.35" xml:lang="nl" place="inline" type="editorial-summary" resp="editor" rend="font-style: italic; line-height: 10.5pt; text-indent: 24.0pt; text-align: justify; font-size: 9.5" xmlns="http://www.tei-c.org/ns/1.0">(Ze zullen elders gebruikt worden).<lb/></note><p xml:id="INT_78e89099-09f5-3fff-8970-f5993c0603b9.TEI.1.text.1.body.1.div.1.p.25" xml:lang="nl" rend="font-size: 10; line-height: 11.7pt; text-indent: 24.0pt" xmlns="http://www.tei-c.org/ns/1.0">Een van de Franse gesanten, mons.r Lagouche <hi rend="font-size:10; font-family:Liberation Serif; vertical-align:super" xml:lang="nl">1 2)</hi> genaemt, van Dilly ofte<lb/> Agra tot Decca in Bengale afgecomen wesende, sigh aldaer als een Frans vrij<lb/> coopman gedragen en al vrij wat pover huys gehouden heeft, totdat, eyndelijck<lb/> weder naer Pattena op gereyst sijnde, aldaer niet te voorschijn is gekomen.<lb/><hi rend="font-size:8; font-family:Liberation Serif" xml:lang="nl">Fol. 147r.</hi><lb/></p><note xml:id="INT_78e89099-09f5-3fff-8970-f5993c0603b9.TEI.1.text.1.body.1.div.1.note.36" xml:lang="nl" place="inline" type="editorial-summary" resp="editor" rend="font-style: italic; line-height: 11.7pt; text-indent: 24.0pt; text-align: justify; font-size: 9.5" xmlns="http://www.tei-c.org/ns/1.0">(1 juli was in Bengalen in een jaar gewonnen f. 205798.8.11 en uitgegeven<lb/><hi rend="font-size:10; font-family:Liberation Serif" xml:lang="nl">/.</hi> 81633.16.3 ; Coromandel voerde uit voor f. 966742, men is er f. 590338 schuldig,<lb/> terwijl er een kapitaal van f. 973282 netto overblijft; daarvan is: )<lb/></note><note xml:id="INT_78e89099-09f5-3fff-8970-f5993c0603b9.TEI.1.text.1.body.1.div.1.note.37" xml:lang="nl" rend="font-size: 8; text-align: justify; line-height: 9.6pt; margin-left: 2200" xmlns="http://www.tei-c.org/ns/1.0">1) In de zin van: de nog resterende, de nog over zijnde.<lb/></note><note xml:id="INT_78e89099-09f5-3fff-8970-f5993c0603b9.TEI.1.text.1.body.1.div.1.note.38" xml:lang="nl" rend="font-size: 8; text-align: justify; line-height: 9.6pt; text-indent: 21.0pt" xmlns="http://www.tei-c.org/ns/1.0">2) De la Boullaye le Gouz werd in oct. 1664, nadat hij reeds eerder Perzië en de westkust<lb/> van India had bezocht, door de Franse Compagnie naar Perzië en Agra gezonden, waar hij een<lb/> firman voor de handel van den Groot-Mogol verwierf. Hij was een agent van Colbert.<lb/></note><pb xml:id="INT_78e89099-09f5-3fff-8970-f5993c0603b9.TEI.1.text.1.body.1.div.1.pb.6" n="607" facs="http://resources.huygens.knaw.nl/retroapp/service_generalemissiven/gm_03/images/gm_3_125_0607.tif"/><fw xml:id="INT_78e89099-09f5-3fff-8970-f5993c0603b9.TEI.1.text.1.body.1.div.1.fw.11" place="top" type="head" facs="#zone.5639174" xmlns="http://www.tei-c.org/ns/1.0">Maetsuyker, Verburch, Pit, Overtwater, enz. XXXVIII, 6 december 1667</fw><fw xml:id="INT_78e89099-09f5-3fff-8970-f5993c0603b9.TEI.1.text.1.body.1.div.1.fw.12" place="top" type="page-number" facs="#zone.5639201" xmlns="http://www.tei-c.org/ns/1.0">607</fw><p xml:id="INT_78e89099-09f5-3fff-8970-f5993c0603b9.TEI.1.text.1.body.1.div.1.p.26" resp="int_paragraph_joining" rend="">
              aen quade ende stilstaeude schulden ongevaer . / 125 000<lb xmlns="http://www.tei-c.org/ns/1.0"/>aen ammonitiën ende vordere dingen, tot de negotie niet dienende . „ 125 000<lb xmlns="http://www.tei-c.org/ns/1.0"/>aen generale ongelden voor een jaer . . 250 000<lb xmlns="http://www.tei-c.org/ns/1.0"/>tot vervolg van den inlantsen *) Pegusen handel . „ 300 000<lb xmlns="http://www.tei-c.org/ns/1.0"/>ƒ 800 000<lb xmlns="http://www.tei-c.org/ns/1.0"/>Soodatter ultimo october noch maer tot vervolch van den handel<lb xmlns="http://www.tei-c.org/ns/1.0"/>soude overschieten . . 173 282<lb xmlns="http://www.tei-c.org/ns/1.0"/>comt als boven ƒ 973 282<lb xmlns="http://www.tei-c.org/ns/1.0"/>Bij voorsz. slodt der Cormandelse negotieboecken wert het verstreecken<lb xmlns="http://www.tei-c.org/ns/1.0"/> jaer bevonden aen winst op de coopmanschappen, afgetrocken<lb xmlns="http://www.tei-c.org/ns/1.0"/> de onderwicht ende eenige verliesen, <hi rend="font-size:10; font-family:Liberation Serif; letter-spacing:4.5pt" xml:lang="nl" xmlns="http://www.tei-c.org/ns/1.0">....</hi> behaelt te sijn ƒ 828 532<lb xmlns="http://www.tei-c.org/ns/1.0"/> Item voor Cormandelse incompsten ende vrachtlonen . . 70 915<lb xmlns="http://www.tei-c.org/ns/1.0"/>Somma ƒ 899 448<lb xmlns="http://www.tei-c.org/ns/1.0"/>Daertegen hebben de gesamentlijcke ongelden ende equipagie belopen „ 229 571<lb xmlns="http://www.tei-c.org/ns/1.0"/>Sulcx dat de suyvere winsten bedragen . ƒ 669 571<lb xmlns="http://www.tei-c.org/ns/1.0"/>
            </p><note xml:id="INT_78e89099-09f5-3fff-8970-f5993c0603b9.TEI.1.text.1.body.1.div.1.note.39" xml:lang="nl" place="inline" type="editorial-summary" resp="editor" rend="font-size: 9; font-style: italic; text-align: right; line-height: 12.0pt" xmlns="http://www.tei-c.org/ns/1.0">(Van Pegu werd er geen afrekening ontvangen; vermoedelijk is daar <hi rend="font-size:9; font-family:Liberation Serif; font-weight:bold" xml:lang="nl">/.</hi> 80000<lb/> gewonnen; van het komende jaar wordt van Coromandel minder verwacht , <hi rend="font-size:9; font-family:Liberation Serif; font-weight:bold" xml:lang="nl">. . .</hi> .)<lb/></note><p xml:id="INT_78e89099-09f5-3fff-8970-f5993c0603b9.TEI.1.text.1.body.1.div.1.p.27" xml:lang="nl" rend="font-size: 10; text-align: justify; line-height: 11.7pt" xmlns="http://www.tei-c.org/ns/1.0"><hi rend="font-size:10; font-family:Liberation Serif; letter-spacing:4.5pt" xml:lang="nl">....</hi> doordien de oude pagoden, waermede den handel in ’t Golcondaetse ofte<lb/> Masulipatamse district soowel in ver- als incoop moet worden gedaen ende met<lb/> welcke munte den Koninck enckel wil des lants incompsten betaelt hebben, van<lb/> 142 tot 182 nieuwe pagoden voor hondert oude waren gesteygert; zijnde gemelte<lb/> pagoot een seer oude munte, daervan wel in 50 &amp; 60 jaren herwaerts geen meer<lb/> hebben mogen gemunt worden, connende op 1 è, 1 J p.r c.10 na den alloy van Palliacatse<lb/> pagoden niet halen. Door welcke ketterij e ende schendige monopolij den<lb/> handel in Golconda genoechsaem stille stont ende een groote verachteringe in de<lb/> leverantie der lijwaten veroorsaecte, gemerct nu al vele jaren in gebruyck is<lb/> gehouden de leveranciers met 125 nieuwe voor 100 oude pagoden te betalen,<lb/> daermede deselve met de gestadige verhoginge der oude pagoden niet connen<lb/> bestaen, vermits, als gesegt, zijluyden met oude pagoot moeten ter merct gaen.<lb/> Waeromme den gouverneur Pavilioen voorstelt, of niet best ware den incoop<lb/> weder gelijck voorheen met oude pagoden te doen ofte tenminsten, zoo lange<lb/> deselve pagoden niet weder op 140 è- 150 nieuwe voor 100 oude daelden, de<lb/> leveranciers in plaetse van 125 met 137J pagoden voor 100 oude te betalen, dat<lb/> dan de doecken alweder 10 p.r c.t0 souden verduyren.<lb/></p><note xml:id="INT_78e89099-09f5-3fff-8970-f5993c0603b9.TEI.1.text.1.body.1.div.1.note.40" xml:lang="nl" place="inline" type="editorial-summary" resp="editor" rend="font-style: italic; line-height: 11.7pt; text-indent: 22.0pt; text-align: justify; font-size: 9" xmlns="http://www.tei-c.org/ns/1.0">(Hierover wordt beraadslaagd; de koers van de nieuwe pagoden is nu op 170 gedaald;<lb/> de zuidelijke kantoren alleen kunnen niet voldoende textiel leveren, hoewel nu<lb/> van daar voor 6\ ton gouds wordt verworven ;Tegenapatam gaf f. 76198 u/inst, Sadraspatam<lb/> <hi rend="font-size:9; font-family:Liberation Serif; font-weight:bold" xml:lang="nl">/.</hi> 70533; de onkosten van beide waren <hi rend="font-size:9; font-family:Liberation Serif; font-weight:bold" xml:lang="nl">/.</hi> 12346, terwijl in Negapalam in<lb/> totaal <hi rend="font-size:9; font-family:Liberation Serif; font-weight:bold" xml:lang="nl">/.</hi> 16445 werd verloren, doordat het koper er geen aftrek vond).<lb/></note><note xml:id="INT_78e89099-09f5-3fff-8970-f5993c0603b9.TEI.1.text.1.body.1.div.1.note.41" xml:lang="nl" rend="font-size: 9; text-align: justify; line-height: 10.0pt; text-indent: 22.0pt" xmlns="http://www.tei-c.org/ns/1.0">1) Vermoedelijk is na „inlantsen” „en” uitgevallen.<lb/></note><pb xml:id="INT_78e89099-09f5-3fff-8970-f5993c0603b9.TEI.1.text.1.body.1.div.1.pb.7" n="608" facs="http://resources.huygens.knaw.nl/retroapp/service_generalemissiven/gm_03/images/gm_3_125_0608.tif"/><fw xml:id="INT_78e89099-09f5-3fff-8970-f5993c0603b9.TEI.1.text.1.body.1.div.1.fw.13" place="top" type="page-number" facs="#zone.5641155" xmlns="http://www.tei-c.org/ns/1.0">608</fw><fw xml:id="INT_78e89099-09f5-3fff-8970-f5993c0603b9.TEI.1.text.1.body.1.div.1.fw.14" place="top" type="head" facs="#zone.5641159" xmlns="http://www.tei-c.org/ns/1.0">Maetsuyker, Verburch, Pit, Overtwater, enz. XXXYIII, 6 december 1667</fw><p xml:id="INT_78e89099-09f5-3fff-8970-f5993c0603b9.TEI.1.text.1.body.1.div.1.p.28" xml:lang="nl" rend="font-size: 10; text-align: justify; line-height: 11.7pt; text-indent: 22.0pt" xmlns="http://www.tei-c.org/ns/1.0">Nu preuve was genomen eenige coopmanschappen door de landen van Tansjouwer<lb/> naer de oude mercktplaetse Manitsienalour *) (sorterende onder den<lb/> Neycq ofte Vorst van Madure, die 2 jaron voorleden de Comp.e oock met de halve<lb/> tolsvrijhe}^ heeft gebenificeert) op te voeren ende die aldaer oock met redelijcke<lb/> winste waren vercocht, soo hebben d’opperhoofden weder eysch van coper ende<lb/> andere waren gedaen.<lb/></p><note xml:id="INT_78e89099-09f5-3fff-8970-f5993c0603b9.TEI.1.text.1.body.1.div.1.note.42" xml:lang="nl" place="inline" type="editorial-summary" resp="editor" rend="font-style: italic; line-height: 11.7pt; text-indent: 22.0pt; text-align: justify; font-size: 9.5" xmlns="http://www.tei-c.org/ns/1.0">( Proef le kwaliteit indigo en zeildoek uit Tegenapatam naar patria gezonden;<lb/> vernomen werd <hi rend="font-size:8; font-family:Liberation Serif; font-weight:bold; letter-spacing:0.5pt" xml:lang="nl">,</hi> dat . . . .)<lb/></note><p xml:id="INT_78e89099-09f5-3fff-8970-f5993c0603b9.TEI.1.text.1.body.1.div.1.p.29" xml:lang="nl" rend="font-size: 10; text-align: justify; line-height: 11.7pt" xmlns="http://www.tei-c.org/ns/1.0"><hi rend="font-size:10; font-family:Liberation Serif; letter-spacing:5.0pt" xml:lang="nl">....</hi> den Grooten Mogol eenige eerkleden, een paert ende eenige standaers per<lb/> gesant aen den Coninck van Golconda hadde gesonden met expres bevel, dien<lb/> Coninck niet meer zijne eygen standaers maer des Mogols soude voeren, sigh van<lb/> den Visiapoursen Conincq afsonderen ende 5000 ruyters in ’t Mogolse leger op<lb/> eygen besoldinge te houden, soo niet, dat gedachten Coninck het daemevens<lb/> gesonden swaert tot teecken des oor logs zoude aenvaerden, daertoe dien cleenhartigen<lb/> Vorst, geen moet hebbende, de eercleden etc.a aengenomen, doch sich<lb/> echter geëxcuseert hadde, ’t gevorderde getal ruyters niet conde contribueren.<lb/> Ende soude gelijcke geschencken ende gebodt aen den Conincq van Visiapoer<lb/> wesen gedaen, welcken jongen Vorst de gulde vrijheyt ende ’t swaert geaenvaert<lb/> hebbende, soo was ’t Mogolse leger ordre gegeven op ’t Visiapoerse rijck voort te<lb/> marseren.<lb/></p><note xml:id="INT_78e89099-09f5-3fff-8970-f5993c0603b9.TEI.1.text.1.body.1.div.1.note.43" xml:lang="nl" place="inline" type="editorial-summary" resp="editor" rend="font-style: italic; line-height: 11.7pt; text-indent: 22.0pt; text-align: justify; font-size: 9.5" xmlns="http://www.tei-c.org/ns/1.0">( De Beurs is 18 sept. met cargasoen van <hi rend="font-size:8; font-family:Liberation Serif; font-weight:bold; letter-spacing:0.5pt" xml:lang="nl">/.</hi> 145787 van Masulipatam naar Pegu<lb/> gezonden; te Batavia is in 1667 uit Masulipatam 492000 <hi rend="font-size:8; font-family:Liberation Serif; font-weight:bold; letter-spacing:0.5pt" xml:lang="nl">ffi</hi> ijzerwaren ontvangen; ter<lb/> Kuste zijn in 1667 geen Engelse schepen gekomen).<lb/></note><p xml:id="INT_78e89099-09f5-3fff-8970-f5993c0603b9.TEI.1.text.1.body.1.div.1.p.30" xml:lang="nl" rend="font-size: 10; text-align: justify; line-height: 11.7pt; text-indent: 22.0pt" xmlns="http://www.tei-c.org/ns/1.0">Houdende het Engels opperhooft met de meeste supposten noch op Narsapour<lb/> huys ende den agent Winter verwerpt alle ordres van de Engelse Bewinthebberen<lb/> om ’t fort Madrespatnam aen meester Sgiersey in te ruymen zonder<lb/> expresse Conincx last ende handtteecken, soodat den ouden agent Focxkroft <hi rend="font-size:10; font-family:Liberation Serif; vertical-align:super" xml:lang="nl">1 2)</hi><lb/>noch gedetineert wert gehouden. Hebbende het den Coninck van Golconda alweder<lb/> belieft in het Masulipatamse gouvernement ende de landen, daeromher gelegen,<lb/> een ander gouv.r te stellen, dat de Comp.e alweder 5 è, 6000 gl. uytcoops aen<lb/> schenckagie sal moeten costen, dat naer ’s lants oude gebruyck niet geëxcuseert<lb/> sal cormen worden.<lb/></p><p xml:id="INT_78e89099-09f5-3fff-8970-f5993c0603b9.TEI.1.text.1.body.1.div.1.p.31" xml:lang="nl" rend="font-size: 10; text-align: justify; line-height: 11.7pt; text-indent: 22.0pt" xmlns="http://www.tei-c.org/ns/1.0">Het Deense scheep jen, dat in ’t voorjaer van Trankebare op Japare is geweest<lb/> ende aldaer tegens een wat grooter slag verwisselt, was niet alleene behouden<lb/> weder op de Cust geretourneert, maer tselve is rede alweder met een redelijcke<lb/> quantiteyt deden voor haer eygen reeckeninge als op vracht op Bantam verschenen,<lb/> behalven dat se voornemens sijn noch een tweede jachtje, dat in de Nagapatamse<lb/> riviere in ’t vertimmeren lagh, in january ofte february te laten volgen, dat<lb/> Comp.es aftreek al wat verhindert.<lb/></p><note xml:id="INT_78e89099-09f5-3fff-8970-f5993c0603b9.TEI.1.text.1.body.1.div.1.note.44" xml:lang="nl" rend="font-size: 7.5; text-align: justify; line-height: 9.6pt; margin-left: 2400" xmlns="http://www.tei-c.org/ns/1.0">1) Manitsienalour, mij niet bekend.<lb/></note><note xml:id="INT_78e89099-09f5-3fff-8970-f5993c0603b9.TEI.1.text.1.body.1.div.1.note.45" xml:lang="nl" rend="font-size: 7.5; text-align: justify; line-height: 9.6pt; text-indent: 23.0pt" xmlns="http://www.tei-c.org/ns/1.0">2) George Foxcroft werd 1665 hoofd van de Engelse vestiging te Madras, maar zijn<lb/> voorganger. Winter, beschuldigde hem van verraad en hield hem gevangen, tot hij in aug.<lb/> 1668 op last van den Koning in het ambt werd bevestigd; hij bleef tot 1672 in functie.<lb/></note><pb xml:id="INT_78e89099-09f5-3fff-8970-f5993c0603b9.TEI.1.text.1.body.1.div.1.pb.8" n="609" facs="http://resources.huygens.knaw.nl/retroapp/service_generalemissiven/gm_03/images/gm_3_125_0609.tif"/><fw xml:id="INT_78e89099-09f5-3fff-8970-f5993c0603b9.TEI.1.text.1.body.1.div.1.fw.15" place="top" type="head" facs="#zone.5643315" xmlns="http://www.tei-c.org/ns/1.0">Maetsuyker, Verburch, Pit, Overtwater, enz. XXXVIlI, 6 december 1667</fw><fw xml:id="INT_78e89099-09f5-3fff-8970-f5993c0603b9.TEI.1.text.1.body.1.div.1.fw.16" place="top" type="page-number" facs="#zone.5643379" xmlns="http://www.tei-c.org/ns/1.0">609</fw><p xml:id="INT_78e89099-09f5-3fff-8970-f5993c0603b9.TEI.1.text.1.body.1.div.1.p.32" xml:lang="nl" rend="font-size: 10; text-align: justify; line-height: 12.0pt; text-indent: 22.0pt" xmlns="http://www.tei-c.org/ns/1.0">De Franse gecommitteerdens ofte gesanten, over lant gecomen, hadden<lb/> pr. hunne brieven uyt Suratta aen den Coninck van Golconda te kennen gegeven,<lb/> datter eerlange eenige van hare schepen met conincklicke brieven op de Cust<lb/> stonden te comen, wes daemevens versochten, deselve aldaer in de negotie mochten<lb/> worden geadmitteert, doch tot den 22en october waren aldaer noch gene dier<lb/> schepen vernomen.<lb/></p><note xml:id="INT_78e89099-09f5-3fff-8970-f5993c0603b9.TEI.1.text.1.body.1.div.1.note.46" xml:lang="nl" place="inline" type="editorial-summary" resp="editor" rend="font-style: italic; vertical-align: sub; line-height: 10.5pt; text-indent: 22.0pt; text-align: justify; font-size: 9.5" xmlns="http://www.tei-c.org/ns/1.0"><hi rend="font-size:9.5; font-family:Liberation Serif; font-style:italic" xml:lang="nl">(Toename van de landbouw op Ceylon</hi> t)<lb/></note><p xml:id="INT_78e89099-09f5-3fff-8970-f5993c0603b9.TEI.1.text.1.body.1.div.1.p.33" xml:lang="nl" rend="font-size: 10; text-align: justify; line-height: 11.7pt" xmlns="http://www.tei-c.org/ns/1.0">. . . . tot welckers bevorderinge wel 1800 ossen vreedsaem van Jaffenapatnam<lb/> en Manaer tot Colombo waren aengebracht ende quamen oock honderden buffels<lb/> in ’t district van Gale uyt de landen, over de riviere van Waluwe gelegen, dat<lb/> dat werck seer sal favoriseren.<lb/></p><note xml:id="INT_78e89099-09f5-3fff-8970-f5993c0603b9.TEI.1.text.1.body.1.div.1.note.47" xml:lang="nl" place="inline" type="editorial-summary" resp="editor" rend="font-style: italic; line-height: 11.7pt; text-indent: 22.0pt; text-align: justify; font-size: 9.5" xmlns="http://www.tei-c.org/ns/1.0">( Zwakke staat van Radja Singa; het vestigen van militaire posten in het binnenland<lb/> maakt 1000 militairen meer nodig <hi rend="font-size:9.5; font-family:Liberation Serif; font-weight:bold" xml:lang="nl">,</hi> die niet beschikbaar zijn; de bouw van een<lb/> kasteel met 5 punten te Jafnapatam kost 12000 rsd., waarboven nog kosten voor<lb/> woon- en pakhuizen komen; beslissing van Heren XVII gevraagd; meer predikanten<lb/> op CeyUm nodig; Heren X VII zullen rechtstreeks twee schepen naar Ceylon zenden;<lb/> er is daar veel peper uit Malabar voor patria voorradig; munten uit Perzië te Tuticorin<lb/> aangebracht; beslissing der Heren over de bouw van een kasteel aldaar wordt ajgewacht).<lb/><lb/></note><p xml:id="INT_78e89099-09f5-3fff-8970-f5993c0603b9.TEI.1.text.1.body.1.div.1.p.34" xml:lang="nl" rend="font-size: 10; text-align: justify; line-height: 11.7pt; text-indent: 22.0pt" xmlns="http://www.tei-c.org/ns/1.0">Wel verstaende, soo Sijne Hoogh.* <hi rend="font-size:10; font-family:Liberation Serif; vertical-align:super" xml:lang="nl">x)</hi> daertoe gelieven mogt te verleenen<lb/> eenigh consent; in allen gevalle meenen wij, dat sulcx in weerwil van denselven<lb/> niet behoort te werden onderleyt om de verwijderinge, die tselve naer sich soude<lb/> connen slepen.<lb/></p><note xml:id="INT_78e89099-09f5-3fff-8970-f5993c0603b9.TEI.1.text.1.body.1.div.1.note.48" xml:lang="nl" place="inline" type="editorial-summary" resp="editor" rend="font-style: italic; line-height: 12.0pt; text-indent: 22.0pt; text-align: justify; font-size: 9.5" xmlns="http://www.tei-c.org/ns/1.0">( De opkoop van peper ter kust van Malabar te matigen; specerijen uit de SpecerijEilanden<lb/> er in prijs te verhogen; de rust hangt er af van den <hi rend="font-size:9.5; font-family:Liberation Serif; font-weight:bold" xml:lang="nl">. . .</hi> .)<lb/></note><p xml:id="INT_78e89099-09f5-3fff-8970-f5993c0603b9.TEI.1.text.1.body.1.div.1.p.35" xml:lang="nl" rend="font-size: 10; text-align: justify; line-height: 11.7pt" xmlns="http://www.tei-c.org/ns/1.0"><hi rend="font-size:10; font-family:Liberation Serif; letter-spacing:5.0pt" xml:lang="nl">....</hi> Sammorijn, die ons niet alleen omtrent de stadt Coutchin, maer selfs op<lb/> de zuydercomptoiren en langs de geheele cust bij naer gestadigh hout in vreese en<lb/> allarm. Jae, denselven wort soo vermeten en stoudt, dat met 8 è» 10 vaertuygen<lb/> tevens <hi rend="font-size:10; font-family:Liberation Serif; vertical-align:super" xml:lang="nl">1 2)</hi> ons voor de stadt comt tarten en braveren, dan of wij schoon tselve<lb/> naer onsen wensch niet en connen beletten, soo heeft echter den commandeur<lb/> Godske, 3 &amp; 4 chaloupen daerop uytsendende, 2 van ’s vijants voorsz. vaertuygen<lb/> verovert ende is oock een van sijne fregats, met copera <hi rend="font-size:10; font-family:Liberation Serif; vertical-align:super" xml:lang="nl">3)</hi> of oude clappesen<lb/> geladen, door ’t jacht jen de Star tot Coutchin opgebragt ende vermits de Canaresen<lb/> tot noch toe sonder passen de Sammorijnse havenen hebben bevaren, soo<lb/> hebben wij op de propositie van gem.te commandeur Godske goetge vonden te<lb/> ordonneren sulcx niet meer te laten geschieden, maer de Cannaresen soodanig te<lb/> wennen, dat deselve sonder onse expresse passen niet in zee gaen mogen, immers<lb/></p><note xml:id="INT_78e89099-09f5-3fff-8970-f5993c0603b9.TEI.1.text.1.body.1.div.1.note.49" xml:lang="nl" rend="font-size: 8.5; text-align: justify; line-height: 9.4pt; margin-left: 2300" xmlns="http://www.tei-c.org/ns/1.0">1) De Naik van Madura.<lb/></note><note xml:id="INT_78e89099-09f5-3fff-8970-f5993c0603b9.TEI.1.text.1.body.1.div.1.note.50" xml:lang="nl" rend="font-size: 8.5; text-align: justify; line-height: 9.3pt; margin-left: 2300" xmlns="http://www.tei-c.org/ns/1.0">2) Tegelijk.<lb/></note><note xml:id="INT_78e89099-09f5-3fff-8970-f5993c0603b9.TEI.1.text.1.body.1.div.1.note.51" xml:lang="nl" rend="font-size: 8.5; text-align: justify; line-height: 9.3pt; margin-left: 2300" xmlns="http://www.tei-c.org/ns/1.0">3) Copra, gedroogd vlees van do cocosnoot.<lb/></note><fw xml:id="INT_78e89099-09f5-3fff-8970-f5993c0603b9.TEI.1.text.1.body.1.div.1.fw.17" type="bottom-page-number">39</fw><pb xml:id="INT_78e89099-09f5-3fff-8970-f5993c0603b9.TEI.1.text.1.body.1.div.1.pb.9" n="610" facs="http://resources.huygens.knaw.nl/retroapp/service_generalemissiven/gm_03/images/gm_3_125_0610.tif"/><fw xml:id="INT_78e89099-09f5-3fff-8970-f5993c0603b9.TEI.1.text.1.body.1.div.1.fw.18" place="top" type="page-number" facs="#zone.5648887" xmlns="http://www.tei-c.org/ns/1.0">610</fw><fw xml:id="INT_78e89099-09f5-3fff-8970-f5993c0603b9.TEI.1.text.1.body.1.div.1.fw.19" place="top" type="head" facs="#zone.5648891" xmlns="http://www.tei-c.org/ns/1.0">Maetsuyker, Verburoh, Pit, Overtwater, enz. XXXVIII, 6 december 166 7</fw><p xml:id="INT_78e89099-09f5-3fff-8970-f5993c0603b9.TEI.1.text.1.body.1.div.1.p.36" xml:lang="nl" rend="font-size: 10; text-align: justify; line-height: 11.7pt" xmlns="http://www.tei-c.org/ns/1.0">niet besuyden Cannanor om alsoo de vaert op de Sammorijnse havenen sooveel<lb/> mogelijck te verhinderen, twelck hem wel wat sal incommoderen, maer evenwel<lb/> soodanig niet, dat hij ons daeromme te vóllen wesen ofte inclineren soude tot<lb/> reden of bescheyt, dewijl doch om sulcx te vercrijgen geapphceert sal moeten<lb/> werden klinckklaer gewelt ende dat al met een aensienlijcke macht van niet min<lb/> dan 6 <hi rend="font-size:10; font-family:Liberation Serif; font-style:italic" xml:lang="nl">k</hi> 800 militaire coppen om, gecombineert met de bondtgenoten, niet alleen<lb/> te recupereren de landen en forten, den Ragia van Coutchin (door sijn verwijfde<lb/> cleynhartigheyt en quade directie) onlangs afgenomen, maer oock om (onder<lb/> Godes zegen) den vijandt eens terdegen te castigeren en hem alsoo tot beter<lb/> verstant te disponeren.<lb/></p><note xml:id="INT_78e89099-09f5-3fff-8970-f5993c0603b9.TEI.1.text.1.body.1.div.1.note.52" xml:lang="nl" place="inline" type="editorial-summary" resp="editor" rend="font-style: italic; line-height: 12.0pt; text-indent: 22.0pt; text-align: justify; font-size: 10" xmlns="http://www.tei-c.org/ns/1.0">( De toestand laat het door Van Qoens geloenste bezoek aan Batavia niet toe; wil<lb/> hij aftreden, dan kan Qodske hem opvolgen; niet tijdig afgeloste soldaten . . . .)<lb/></note><p xml:id="INT_78e89099-09f5-3fff-8970-f5993c0603b9.TEI.1.text.1.body.1.div.1.p.37" xml:lang="nl" rend="font-size: 10; text-align: justify; line-height: 11.7pt" xmlns="http://www.tei-c.org/ns/1.0"><hi rend="font-size:10; font-family:Liberation Serif; letter-spacing:4.5pt" xml:lang="nl">....</hi> hun niet en hebben ontsien op de publycque straten voor de voeten van<lb/> d’hr. Van Goens derselver zijtgeweer neder te smijten ende dat met seer onaengename<lb/> protestatiën, begerende expressel. te wesen verlost, maer haer sal echter<lb/> sulcx niet mogen gebeuren, voor ende aleer U Ed.e magtig sullen sijn ons naer<lb/> vereysch te adsisteren.<lb/></p><note xml:id="INT_78e89099-09f5-3fff-8970-f5993c0603b9.TEI.1.text.1.body.1.div.1.note.53" xml:lang="nl" place="inline" type="editorial-summary" resp="editor" rend="font-style: italic; line-height: 12.6pt; text-indent: 22.0pt; text-align: justify; font-size: 10" xmlns="http://www.tei-c.org/ns/1.0">( Op Ceylon is voor twee jaar rijst in voorraad; er zijn weer 50 olifanten gevangen;<lb/> de ... .)<lb/></note><p xml:id="INT_78e89099-09f5-3fff-8970-f5993c0603b9.TEI.1.text.1.body.1.div.1.p.38" xml:lang="nl" rend="font-size: 10; text-align: justify; line-height: 12.0pt" xmlns="http://www.tei-c.org/ns/1.0"><hi rend="font-size:10; font-family:Liberation Serif; letter-spacing:4.5pt" xml:lang="nl">....</hi> Vicerey, die naer de gerugten weder doende was metten oorlogh te equipperen<lb/> ende soude tot secours in augo. uyt Portugal tot Goa hebben binnen gekregen<lb/> 3 schepen.<lb/></p><note xml:id="INT_78e89099-09f5-3fff-8970-f5993c0603b9.TEI.1.text.1.body.1.div.1.note.54" xml:lang="nl" place="inline" type="editorial-summary" resp="editor" rend="font-style: italic; line-height: 11.7pt; text-indent: 22.0pt; text-align: justify; font-size: 10" xmlns="http://www.tei-c.org/ns/1.0">(Zonder Engelse hulp zal hij ons niet aanvallen; in Perzië lopende geruchten<lb/> over vrede met Engeland; de 2 schepen uit patria zijn nog niet bij Ceylon aangekomen;<lb/> Van Goens heeft de kerk te Tuticorin laten versterken en er 13 soldaten extra gelegd,<lb/> daar er goederen ter waarde van een ton zijn; er is ook geplaatst <hi rend="font-size:10; font-family:Liberation Serif" xml:lang="nl">. . .</hi> .)<lb/></note><p xml:id="INT_78e89099-09f5-3fff-8970-f5993c0603b9.TEI.1.text.1.body.1.div.1.p.39" xml:lang="nl" rend="font-size: 10; text-align: justify; line-height: 12.0pt" xmlns="http://www.tei-c.org/ns/1.0"><hi rend="font-size:10; font-family:Liberation Serif; letter-spacing:4.5pt" xml:lang="nl">....</hi> een jacht van 18 è. 20 stucken om geen affronten onderhavig te wesen,<lb/> alsoo de chaloupen te swack werden geoordeelt om de lorrendrayers en peper -<lb/> sluyckers ’t hooft te bieden.<lb/></p><note xml:id="INT_78e89099-09f5-3fff-8970-f5993c0603b9.TEI.1.text.1.body.1.div.1.note.55" xml:lang="nl" place="inline" type="editorial-summary" resp="editor" rend="font-style: italic; line-height: 11.1pt; text-indent: 22.0pt; text-align: justify; font-size: 10" xmlns="http://www.tei-c.org/ns/1.0">(Hoop, dat de Naik een groter kasteel zal toestaan; oorlog met den Samorijn).<lb/></note><p xml:id="INT_78e89099-09f5-3fff-8970-f5993c0603b9.TEI.1.text.1.body.1.div.1.p.40" xml:lang="nl" rend="font-size: 10; text-align: justify; line-height: 11.7pt; text-indent: 22.0pt" xmlns="http://www.tei-c.org/ns/1.0">Vermits de jachten en chaloupen tot besettinge van de Sammorijnse cust alle<lb/> met soldaten gemant en wel sijn voorsien, soo noteert d’hr. Van Goens, dattet<lb/> guarnisoen van de stadt Coutchin (anders wel gefortificeert en in goet postuyr van<lb/> defentie wesende) soodanich is verswackt, dat de behoorlijcke schiltwachten<lb/> nauwelijcx connen werden waergenomen, twelck dan wel verre is van met onse<lb/> militie te lande iets te connen attenteren.<lb/></p><note xml:id="INT_78e89099-09f5-3fff-8970-f5993c0603b9.TEI.1.text.1.body.1.div.1.note.56" xml:lang="nl" place="inline" type="editorial-summary" resp="editor" rend="font-style: italic; line-height: 12.3pt; text-indent: 22.0pt; text-align: justify; font-size: 10" xmlns="http://www.tei-c.org/ns/1.0">( Cochin dient met geld tot inhuur van nairos gesteund , de peperhandel te Cannanore<lb/> herleeft).<lb/></note><pb xml:id="INT_78e89099-09f5-3fff-8970-f5993c0603b9.TEI.1.text.1.body.1.div.1.pb.10" n="611" facs="http://resources.huygens.knaw.nl/retroapp/service_generalemissiven/gm_03/images/gm_3_125_0611.tif"/><fw xml:id="INT_78e89099-09f5-3fff-8970-f5993c0603b9.TEI.1.text.1.body.1.div.1.fw.20" place="top" type="head" facs="#zone.5650766" xmlns="http://www.tei-c.org/ns/1.0">Maetsuyker, Verburch, Pit, Overtwater, enz. XXXYIII, 6 december 1667</fw><fw xml:id="INT_78e89099-09f5-3fff-8970-f5993c0603b9.TEI.1.text.1.body.1.div.1.fw.21" place="top" type="page-number" facs="#zone.5650778" xmlns="http://www.tei-c.org/ns/1.0">611</fw><p xml:id="INT_78e89099-09f5-3fff-8970-f5993c0603b9.TEI.1.text.1.body.1.div.1.p.41" xml:lang="nl" rend="font-size: 10; text-align: justify; line-height: 11.7pt; text-indent: 22.0pt" xmlns="http://www.tei-c.org/ns/1.0">Sijnde ons geschil met den Ragia van Trevancor (over het bedrijf van de<lb/> Sammorijnse rovers mettet spoliëren van onse logie tot Tengenepatnam) door<lb/> cap.1 Van Rheede genougsaem bijgeleyt, sulcx dat ons ten principalen satisfactie<lb/> geschieden ende alsoo buyten verwijderinge blijven soude, dat voor onsen presenten<lb/> staet verre het beste is.<lb/></p><note xml:id="INT_78e89099-09f5-3fff-8970-f5993c0603b9.TEI.1.text.1.body.1.div.1.note.57" xml:lang="nl" place="inline" type="editorial-summary" resp="editor" rend="font-style: italic; line-height: 12.0pt; text-indent: 22.0pt; text-align: justify; font-size: 9" xmlns="http://www.tei-c.org/ns/1.0">(In Malabar is van 1 maart 1666 tot 28 febr. 1667 f. 135086.13.14 aan fortificatie<lb/> uitgegeven).<lb/></note><p xml:id="INT_78e89099-09f5-3fff-8970-f5993c0603b9.TEI.1.text.1.body.1.div.1.p.42" xml:lang="nl" rend="font-size: 10; line-height: 11.1pt" xmlns="http://www.tei-c.org/ns/1.0">De generale lasten van<lb/></p><p xml:id="INT_78e89099-09f5-3fff-8970-f5993c0603b9.TEI.1.text.1.body.1.div.1.p.43" xml:lang="nl" rend="font-size: 10; text-align: justify; line-height: 11.1pt" xmlns="http://www.tei-c.org/ns/1.0">Colombo . ƒ 363740. 4.15<lb/></p><p xml:id="INT_78e89099-09f5-3fff-8970-f5993c0603b9.TEI.1.text.1.body.1.div.1.p.44" xml:lang="nl" rend="font-size: 10; text-align: justify; line-height: 11.1pt" xmlns="http://www.tei-c.org/ns/1.0">Gale . . 172111.15.12<lb/></p><p xml:id="INT_78e89099-09f5-3fff-8970-f5993c0603b9.TEI.1.text.1.body.1.div.1.p.45" xml:lang="nl" rend="font-size: 10; text-align: justify; line-height: 11.1pt" xmlns="http://www.tei-c.org/ns/1.0">Jaffenap.m, Manaer en Trinquenemale . . . . „ 138205. 3.11<lb/></p><p xml:id="INT_78e89099-09f5-3fff-8970-f5993c0603b9.TEI.1.text.1.body.1.div.1.p.46" xml:lang="nl" rend="font-size: 11; font-weight: bold; text-align: right; line-height: 12.2pt" xmlns="http://www.tei-c.org/ns/1.0">/<lb/></p><p xml:id="INT_78e89099-09f5-3fff-8970-f5993c0603b9.TEI.1.text.1.body.1.div.1.p.47" xml:lang="nl" rend="font-size: 10; text-align: justify; line-height: 11.1pt" xmlns="http://www.tei-c.org/ns/1.0">Mallebaer . ,,<lb/></p><p xml:id="INT_78e89099-09f5-3fff-8970-f5993c0603b9.TEI.1.text.1.body.1.div.1.p.48" xml:lang="nl" rend="font-size: 10; text-align: justify; line-height: 11.7pt" xmlns="http://www.tei-c.org/ns/1.0">Tutucoryn . ,,<lb/></p><p xml:id="INT_78e89099-09f5-3fff-8970-f5993c0603b9.TEI.1.text.1.body.1.div.1.p.49" xml:lang="nl" rend="font-size: 10; text-align: justify; line-height: 11.7pt" xmlns="http://www.tei-c.org/ns/1.0">de vojagie naer Bassora . .<lb/></p><p xml:id="INT_78e89099-09f5-3fff-8970-f5993c0603b9.TEI.1.text.1.body.1.div.1.p.50" xml:lang="nl" rend="font-size: 10; text-align: right; line-height: 11.7pt" xmlns="http://www.tei-c.org/ns/1.0">674057. 4. 6<lb/> 345865. 3.14<lb/> 9433.10.—<lb/>9365.10.13<lb/></p><p xml:id="INT_78e89099-09f5-3fff-8970-f5993c0603b9.TEI.1.text.1.body.1.div.1.p.51" xml:lang="nl" rend="font-size: 10; text-align: right; line-height: 11.1pt" xmlns="http://www.tei-c.org/ns/1.0">bedragen d’ongelden ƒ 1038721. 9. 1<lb/></p><p xml:id="INT_78e89099-09f5-3fff-8970-f5993c0603b9.TEI.1.text.1.body.1.div.1.p.52" resp="int_paragraph_joining" rend="">
              Generale winsten van<lb xmlns="http://www.tei-c.org/ns/1.0"/>Colombo . ƒ 150259. 3.—<lb xmlns="http://www.tei-c.org/ns/1.0"/>Gale . . 146635.10.15<lb xmlns="http://www.tei-c.org/ns/1.0"/>Jaffen., Manaer en Trinquenemale<lb xmlns="http://www.tei-c.org/ns/1.0"/> . „ 290435.18. 3<lb xmlns="http://www.tei-c.org/ns/1.0"/>/ 587330.12. 2<lb xmlns="http://www.tei-c.org/ns/1.0"/>Mallebaer . . 148728. — . 6<lb xmlns="http://www.tei-c.org/ns/1.0"/>Tutucoryn . „ 43829. 1. 7<lb xmlns="http://www.tei-c.org/ns/1.0"/>Bassora . „ 48667.19. 1<lb xmlns="http://www.tei-c.org/ns/1.0"/>bedragen de winsten en incompsten ƒ 828555.13. —<lb xmlns="http://www.tei-c.org/ns/1.0"/> Somma comt ten achteren ƒ 210165.16. 1<lb xmlns="http://www.tei-c.org/ns/1.0"/>
            </p><note xml:id="INT_78e89099-09f5-3fff-8970-f5993c0603b9.TEI.1.text.1.body.1.div.1.note.58" xml:lang="nl" place="inline" type="editorial-summary" resp="editor" rend="font-style: italic; line-height: 11.7pt; text-indent: 22.0pt; text-align: justify; font-size: 9" xmlns="http://www.tei-c.org/ns/1.0">( Gunstige handel te Suratte , waar men nog maar f. 50000 aan opgenomen geld<lb/> heeft te betalen ; hoop op algehele afbetaling, daar er voor 1668 maar voor 2 ton behoeft<lb/> ingekocht; er was 31 mei in een jaar uitgegeven f. 76570.11.16 en gewonnen<lb/> f. 670021.3.4.; de 5 Compagniesschepen arriveerden in mei te Gamron met cargasoen<lb/> van f. 175416.17 .7; op vracht van Moorse goederen is f. 34093.10 verdiend; ondanks<lb/> de slappe markt is er vrij veel verkocht; op de Malabaarse peper is er 135\ en op de<lb/> Bengaalse suiker 167 <hi rend="font-size:10; font-family:Liberation Serif" xml:lang="nl">f %</hi> gewonnen; toch is er nog veel in de pakhuizen; de Pauw<lb/> vertrok van Gamron 8 juni met f. 119000 aan contanten voor Ceylon; gevreesd wordt,<lb/> dat 300 carga zijde van den Sjah gekocht moet worden).<lb/></note><p xml:id="INT_78e89099-09f5-3fff-8970-f5993c0603b9.TEI.1.text.1.body.1.div.1.p.53" xml:lang="nl" rend="font-size: 10; text-align: justify; line-height: 11.7pt; text-indent: 22.0pt" xmlns="http://www.tei-c.org/ns/1.0">By en omtrent het vaerwater van Mascatta is door die van de fluyt Leerdam<lb/> aengesnoert en tot Gamron opgebracht seecker vaertuygh, waervan het volck<lb/> door vreese van d’onse gevlugt was en ’twelcke voor een Mallebaerse rover<lb/> gehouden is, omdat daerinne niet anders dan oorloghswapenen gevonden zijn en,<lb/> alsoo een geruymen tijt geen vrage nae hetselve en was geweest of iemant sigh<lb/> als eygenaer openbaerde, is dat prijsken ten voordele van d’E. Comp.e voor 8000<lb/> mamoedijs ofte 3400 gl. vercocht.<lb/></p><pb xml:id="INT_78e89099-09f5-3fff-8970-f5993c0603b9.TEI.1.text.1.body.1.div.1.pb.11" n="612" facs="http://resources.huygens.knaw.nl/retroapp/service_generalemissiven/gm_03/images/gm_3_125_0612.tif"/><fw xml:id="INT_78e89099-09f5-3fff-8970-f5993c0603b9.TEI.1.text.1.body.1.div.1.fw.22" place="top" type="page-number" facs="#zone.5652817" xmlns="http://www.tei-c.org/ns/1.0">612</fw><fw xml:id="INT_78e89099-09f5-3fff-8970-f5993c0603b9.TEI.1.text.1.body.1.div.1.fw.23" place="top" type="head" facs="#zone.5652821" xmlns="http://www.tei-c.org/ns/1.0">Maetsuyker, Verburch, Pit, Overtwater, enz. XXXVIÜ, 6 december 1 667</fw><note xml:id="INT_78e89099-09f5-3fff-8970-f5993c0603b9.TEI.1.text.1.body.1.div.1.note.59" xml:lang="nl" place="inline" type="editorial-summary" resp="editor" rend="font-style: italic; line-height: 12.0pt; text-indent: 23.0pt; text-align: justify; font-size: 9.5" xmlns="http://www.tei-c.org/ns/1.0">(De Inlandse Vreede, van Ceylon naar Basra varend , kwam in juni voor<lb/> Gamron).<lb/></note><p xml:id="INT_78e89099-09f5-3fff-8970-f5993c0603b9.TEI.1.text.1.body.1.div.1.p.54" xml:lang="nl" rend="font-size: 10; text-align: justify; line-height: 12.0pt" xmlns="http://www.tei-c.org/ns/1.0"><hi rend="font-size:10; font-family:Liberation Serif; letter-spacing:4.5pt" xml:lang="nl">....</hi> in Persien seer stercke geruchten liepen, dat het Turckse leger weder in<lb/> aentocht was om die handelplaets <hi rend="font-size:10; font-family:Liberation Serif; vertical-align:super" xml:lang="nl">x)</hi> te benauwen.<lb/></p><note xml:id="INT_78e89099-09f5-3fff-8970-f5993c0603b9.TEI.1.text.1.body.1.div.1.note.60" xml:lang="nl" place="inline" type="editorial-summary" resp="editor" rend="font-style: italic; line-height: 11.7pt; text-indent: 23.0pt; text-align: justify; font-size: 9.5" xmlns="http://www.tei-c.org/ns/1.0">(Waarom men de lading van de Inlandse Vreede te Gamron verkocht; sedert is<lb/> vernomen <hi rend="font-size:10; font-family:Liberation Serif" xml:lang="nl">,</hi> dat de verkoop te Gamron vnl. op 6 of 10 maanden crediet plaats had; de<lb/> verplichte inkoop van Perzische zijde viel mee , 600 balen gaan naar patria , 254<lb/> naar Japan , waar ze laatstelijk 72% winst gaven).<lb/></note><p xml:id="INT_78e89099-09f5-3fff-8970-f5993c0603b9.TEI.1.text.1.body.1.div.1.p.55" xml:lang="nl" rend="font-size: 10; text-align: justify; line-height: 11.7pt" xmlns="http://www.tei-c.org/ns/1.0"><hi rend="font-size:10; font-family:Liberation Serif; letter-spacing:4.5pt" xml:lang="nl">....</hi> door de residerende padres in Congo en Spahan aen d’e. Wouter Roothals <hi rend="font-size:10; font-family:Liberation Serif; vertical-align:super" xml:lang="nl">1 2)</hi><lb/>geschreven was, dat den oorlogh met onsen staet en Engelandt in een aengename<lb/> vrede soude verandert wesen.<lb/></p><note xml:id="INT_78e89099-09f5-3fff-8970-f5993c0603b9.TEI.1.text.1.body.1.div.1.note.61" xml:lang="nl" place="inline" type="editorial-summary" resp="editor" rend="font-style: italic; line-height: 12.0pt; text-indent: 23.0pt; text-align: justify; font-size: 9.5" xmlns="http://www.tei-c.org/ns/1.0">(In Perzië is in een jaar gewonnen f. 240119.18.15 , de onkosten waren er<lb/> f. 39841.2.2 en f. 50313.4.1 voor de hojreis; veel rijst moest naar de Kaap gezonden<lb/> worden , o.a. omdat <hi rend="font-size:10; font-family:Liberation Serif" xml:lang="nl">. . .</hi> .)<lb/></note><p xml:id="INT_78e89099-09f5-3fff-8970-f5993c0603b9.TEI.1.text.1.body.1.div.1.p.56" xml:lang="nl" rend="font-size: 10; text-align: justify; line-height: 11.7pt" xmlns="http://www.tei-c.org/ns/1.0"><hi rend="font-size:10; font-family:Liberation Serif; letter-spacing:4.5pt" xml:lang="nl">....</hi> daer nochal vele boven het bij U Ed.e gelicentieerde getal sijn aengehouden<lb/> ende mette overgecomen schepen weynig meer sijn herwaerts afgesteecken <hi rend="font-size:10; font-family:Liberation Serif; vertical-align:super" xml:lang="nl">3),</hi><lb/>alsser doorgaens van deselve sieck sijn aen landt gebleven.<lb/></p><note xml:id="INT_78e89099-09f5-3fff-8970-f5993c0603b9.TEI.1.text.1.body.1.div.1.note.62" xml:lang="nl" place="inline" type="editorial-summary" resp="editor" rend="font-style: italic; line-height: 11.1pt; text-indent: 23.0pt; text-align: justify; font-size: 9.5" xmlns="http://www.tei-c.org/ns/1.0">(Wagenaer in Mataram , afgedr. <hi rend="font-size:10; font-family:Liberation Serif" xml:lang="nl">Opkomst</hi> VI, p. 108-109).<lb/></note><p xml:id="INT_78e89099-09f5-3fff-8970-f5993c0603b9.TEI.1.text.1.body.1.div.1.p.57" xml:lang="nl" rend="font-size: 10; text-align: justify; line-height: 11.7pt; text-indent: 23.0pt" xmlns="http://www.tei-c.org/ns/1.0">Achtervolgens U Ed.e ordre van 23en april 1665 gaen nu met dese besendinge<lb/> over partij e diamanten en andere juwelen, hier geruymen tijt van jaren bij het<lb/> packhuys gelegen hebbende, en dewelcke wij alsnoch niet en sien, hoe se hier te<lb/> lande gebeneficeert sullen connen worden tensij tot schade ofte met merckelijck<lb/> verlies, op hope dat se aldaer advantagieuser sullen connen worden omgeset.<lb/><hi rend="font-size:8; font-family:Liberation Serif" xml:lang="nl">Fol. 17(F-v.</hi><lb/></p><note xml:id="INT_78e89099-09f5-3fff-8970-f5993c0603b9.TEI.1.text.1.body.1.div.1.note.63" xml:lang="nl" place="inline" type="editorial-summary" resp="editor" rend="font-style: italic; line-height: 11.7pt; text-indent: 23.0pt; text-align: justify; font-size: 9.5" xmlns="http://www.tei-c.org/ns/1.0">(Ter waarde van f. 51923; meest zijn hel geschenken van Vorsten; Simon den<lb/> Dansser, equipagemeester, repatrieert op last van Heren XVII; wissels op patria<lb/> getrokken voor 59412 rsd.; 6 retourschepen onder Van der Laen hebben lading van<lb/> f. 1484183.1 , vnl. peper, textiel, Perzische zijde).<lb/></note><note xml:id="INT_78e89099-09f5-3fff-8970-f5993c0603b9.TEI.1.text.1.body.1.div.1.note.64" xml:lang="nl" rend="font-size: 8; text-align: justify; line-height: 9.6pt; margin-left: 2200" xmlns="http://www.tei-c.org/ns/1.0">1) Basra.<lb/></note><note xml:id="INT_78e89099-09f5-3fff-8970-f5993c0603b9.TEI.1.text.1.body.1.div.1.note.65" xml:lang="nl" rend="font-size: 8; text-align: justify; line-height: 9.6pt; text-indent: 21.0pt" xmlns="http://www.tei-c.org/ns/1.0">2) Wouter Roothals kwam 1650 uit en werd 1651 assistent te Batavia, vervolgens<lb/> onderkoopman en 1660 schepen, sept. 1660 negotieboekhouder te Gamron, 1667 opperhoofd<lb/> aldaar, 1668 waarnemend directeur in Perzië; naar Batavia opgezonden, stierf hij voor aankomst<lb/> van zijn schip in augustus van dat jaar.<lb/></note><note xml:id="INT_78e89099-09f5-3fff-8970-f5993c0603b9.TEI.1.text.1.body.1.div.1.note.66" xml:lang="nl" rend="font-size: 8; text-align: justify; line-height: 9.6pt; margin-left: 2200" xmlns="http://www.tei-c.org/ns/1.0">3) Overgezonden, opgezonden.<lb/></note>
            
      </div>
                  </body>
                </text>
              </TEI>