<TEI xml:id="INT_79431780-32b1-3e4a-8884-fda6c0bc7c20" xmlns="http://www.tei-c.org/ns/1.0">
                <teiHeader>
      <fileDesc>
        <titleStmt>
          <title>Valckenier, Schaghen, Thedens, De Haeze, Van Schinne, Van Suchtelen, Pasques de Chavonnes, Duquesne, Wouters en Sautijn, 25 januari 1738, geheim</title>
        </titleStmt>
        <publicationStmt>
          <p>
            <date>25 januari 1738</date>
            <idno type="sourceID">missiven:vol10</idno>
            <idno type="pid">INT_79431780-32b1-3e4a-8884-fda6c0bc7c20</idno>
          </p>
        </publicationStmt>
        <notesStmt>
          <note/>
        </notesStmt>
        <sourceDesc>
          <listBibl xml:id="inlMetadata">
            <bibl type="missive">
        <interpGrp type="page"><interp>81</interp></interpGrp>
        
      <interpGrp type="titleLevel1"><interp>Valckenier, Schaghen, Thedens, De Haeze, Van Schinne, Van Suchtelen, Pasques de Chavonnes, Duquesne, Wouters en Sautijn, 25 januari 1738, geheim</interp></interpGrp>
      <interpGrp type="dateLevel1"><interp>25 januari 1738</interp></interpGrp>
        <interpGrp type="tocLevel"><interp>1</interp></interpGrp>
      <interpGrp type="volume"><interp>10</interp></interpGrp>
        <interpGrp type="n"><interp>IIa.</interp></interpGrp>
      
      <interpGrp type="witnessYearLevel1_from"><interp>1738</interp></interpGrp>
      <interpGrp type="witnessYearLevel1_to"><interp>1738</interp></interpGrp>
      <interpGrp type="witnessMonthLevel1_to"><interp>1</interp></interpGrp>
      <interpGrp type="witnessMonthLevel1_from"><interp>1</interp></interpGrp>
      <interpGrp type="witnessDayLevel1_to"><interp>25</interp></interpGrp>
      <interpGrp type="witnessDayLevel1_from"><interp>25</interp></interpGrp>
      <interpGrp type="authorLevel1"><interp>Valckenier</interp><interp>Schaghen</interp><interp>Thedens</interp><interp>De Haeze</interp><interp>Van Schinne</interp><interp>Van Suchtelen</interp><interp>Pasques de Chavonnes</interp><interp>Duquesne</interp><interp>Wouters</interp><interp>Sautijn</interp></interpGrp>
      <interpGrp type="pid"><interp>INT_79431780-32b1-3e4a-8884-fda6c0bc7c20</interp></interpGrp>
    </bibl>
          </listBibl>
        </sourceDesc>
      </fileDesc>
    </teiHeader>
                <text xml:id="INT_79431780-32b1-3e4a-8884-fda6c0bc7c20.TEI.1.text.1">
                  <body xml:id="INT_79431780-32b1-3e4a-8884-fda6c0bc7c20.TEI.1.text.1.body.1">
                    <div xml:id="INT_79431780-32b1-3e4a-8884-fda6c0bc7c20.TEI.1.text.1.body.1.div.1">
        
              <pb xml:id="INT_79431780-32b1-3e4a-8884-fda6c0bc7c20.TEI.1.text.1.body.1.div.1.pb.1" n="81" facs="http://resources.huygens.knaw.nl/retroapp/service_generalemissiven/gm_10/images/generale_missiven_gs250_0081.tif"/><fw xml:id="INT_79431780-32b1-3e4a-8884-fda6c0bc7c20.TEI.1.text.1.body.1.div.1.fw.1" place="top" type="head" facs="#zone.3963828" xmlns="http://www.tei-c.org/ns/1.0">Ila. ADRIAAN VALCKENIER, JOAN PAUL SCHAGHEN, JOHANNES THE-DENS, ELIAS DE HAEZE, ISAAC VAN SCHINNE, HERMAN VAN SUCHTE-LEN, PIETER ROCHUS PASQUES DE CHAVONNES, PIETER DUQUESNE,GUALTERUS WOUTERS en JOHANNES SAUTIJN, BATAVIA 25 januari 1738,geheim.Kol. Arch. 2286, VOC 2394, fol. 1-49.</fw><note xml:id="INT_79431780-32b1-3e4a-8884-fda6c0bc7c20.TEI.1.text.1.body.1.div.1.note.1" xml:lang="nl" place="inline" type="editorial-summary" resp="editor" rend="font-style: italic; line-height: 14.4pt; text-indent: 30.0pt; text-align: justify; font-size: 11" xmlns="http://www.tei-c.org/ns/1.0">(Twee zaken uit de brief van Heren XVII d.d. 14 maart 1737 worden aan de orde<lb/> gesteld, te weten het plakkaat tegen het vervoer van grote partijen ducatons, en de regels<lb/> tegen verkoop van soldijrekeningen met het doel morshandel te voorkomen. Men voorziet<lb/> onder het hele personeel een ‘ generale opschudding ’ en ‘ongemeene lusteloosheyd en<lb/> verdriet in derselver dienst’ als zij niet over hun maandgelden kunnen beschikken,)<lb/></note><p xml:id="INT_79431780-32b1-3e4a-8884-fda6c0bc7c20.TEI.1.text.1.body.1.div.1.p.1" resp="int_paragraph_joining" rend="">
              - en zulcks om de wille eener parthij baatzuchtige menschen, wegens wien de<lb xmlns="http://www.tei-c.org/ns/1.0"/>paenaliteyten bij het 55e articul van het octroy gestatueert, als nog in vividi observantia<lb xmlns="http://www.tei-c.org/ns/1.0"/> zijn, en ook jaarlijks voor het vertrek der retourschepen bij publicatie en affixie van<lb xmlns="http://www.tei-c.org/ns/1.0"/> het daartegens g’emaneerde placcaat bij renovatie gesteld werden, dog met wien zig<lb xmlns="http://www.tei-c.org/ns/1.0"/> de goede althans niet alleen op een en dezelve manier moeten behandelen laten, maar<lb xmlns="http://www.tei-c.org/ns/1.0"/> met dewelke wij ons ook nevens alle verdere hooge beamptenaren, sonder onderscheyd,<lb xmlns="http://www.tei-c.org/ns/1.0"/> gelijkstandig hebben moeten gesteld zien, dewijl het zeker is dat in gevalle<lb xmlns="http://www.tei-c.org/ns/1.0"/> de voorschreven ordre soo algemeen moeste werden begrepen als deselve gegeven is,<lb xmlns="http://www.tei-c.org/ns/1.0"/> den gouvemeur-generaal, nogte wij alle selfs, niet vrij souden zijn van de geordonneerde<lb xmlns="http://www.tei-c.org/ns/1.0"/> examinatie van den advocaat-fiscaal, maar die, soowel als de secretarissen deser<lb xmlns="http://www.tei-c.org/ns/1.0"/> regering, met de leden van den Raad van Justitie, en alle verdere hoge gequalificeerde<lb xmlns="http://www.tei-c.org/ns/1.0"/> ministers, moeten ondergaan, en dus nevens alle andere dienaren in desen gevalle<lb xmlns="http://www.tei-c.org/ns/1.0"/> gelijkstandig gesteld zijn met de minste soldaat of mattroos, daar nogtans het eygentlijk<lb xmlns="http://www.tei-c.org/ns/1.0"/> oogmerk van U Wel Edele Hoogagtb. na het ons voorkomt, in desen eeniglijk is,<lb xmlns="http://www.tei-c.org/ns/1.0"/> om tegen te gaan en te beletten, alle zodanige vuyle morsserijen als van oudsher voor<lb xmlns="http://www.tei-c.org/ns/1.0"/> seer schadelijk aangezien wezende, gelijk voorzegt onder zekere paenaliteyten verboden,<lb xmlns="http://www.tei-c.org/ns/1.0"/> dog door ons noyt vernomen zijn, gedurende den tijd dat U Wel Edele Hoogagtb.<lb xmlns="http://www.tei-c.org/ns/1.0"/> gelieven te zeggen, dit quaad zozeer te wesen doorgebroken. Dog vermits daartoe<lb xmlns="http://www.tei-c.org/ns/1.0"/> na onse gedagten van veel meer uytwerking ten goede soude zijn geweest, indien men<lb xmlns="http://www.tei-c.org/ns/1.0"/> aan eenige sodanige eens een exempel hadde kunnen doen statueren, door dezelve<lb xmlns="http://www.tei-c.org/ns/1.0"/> aan den officier ter calangie over te geven, zo hadden wij gaarne immers veel liever<lb xmlns="http://www.tei-c.org/ns/1.0"/> gewenscht, dat U Wel Edele Hoogagtb. ons hadden gelieven toe te schicken sodanigen<lb xmlns="http://www.tei-c.org/ns/1.0"/> register, als deselve wel hebben gelieven te betuygen van de namen aller sodanige<lb xmlns="http://www.tei-c.org/ns/1.0"/> opkopers te kunnen suppediteren, alsoo dat na alle vermoeden vrij meerder afschrik<lb xmlns="http://www.tei-c.org/ns/1.0"/> soude gebaart hebben dan de voorsz. ordre, met hoe goeden intentie die ook gegeven<lb xmlns="http://www.tei-c.org/ns/1.0"/> is, dewijl die wel een groot misnoegen onder U Wel Edele Hoogagtb. dienaren veroorsaakt,<lb xmlns="http://www.tei-c.org/ns/1.0"/> omdat s’ alle equaliter als sodanige morshandelaars daardoor werden aangesien,<lb xmlns="http://www.tei-c.org/ns/1.0"/> dog alegter door de veelvuldige intrigues en finesses van sulke baatzugtige en<lb xmlns="http://www.tei-c.org/ns/1.0"/> vuyle gewinsoekers, soo wij vreesen, ook wel sullen werden illusoir gemaakt, op eene<lb xmlns="http://www.tei-c.org/ns/1.0"/> wijse die voor ons onmogelijk sal wesen na te gaan, dog voor haar veel veyliger, wanneer<lb xmlns="http://www.tei-c.org/ns/1.0"/> de eygenaars de examinatie van den advocaat-fiscaal sullen hebben weten door<lb xmlns="http://www.tei-c.org/ns/1.0"/> te staan en te beantwoorden, daar men integendeel buyten het straffen van sommige,<lb xmlns="http://www.tei-c.org/ns/1.0"/> door de oversending van dat register ook in staat soude geweest hebben het ooge te<lb xmlns="http://www.tei-c.org/ns/1.0"/> kunnen laten gaan over sodanige andere als daarbij bekend stonden, gelijk U Wel<lb xmlns="http://www.tei-c.org/ns/1.0"/><fw xml:id="INT_79431780-32b1-3e4a-8884-fda6c0bc7c20.TEI.1.text.1.body.1.div.1.p.1.fw.1" type="bottom-page-number">81</fw><pb xml:id="INT_79431780-32b1-3e4a-8884-fda6c0bc7c20.TEI.1.text.1.body.1.div.1.p.1.pb.1" n="82" facs="http://resources.huygens.knaw.nl/retroapp/service_generalemissiven/gm_10/images/generale_missiven_gs250_0082.tif"/><fw xml:id="INT_79431780-32b1-3e4a-8884-fda6c0bc7c20.TEI.1.text.1.body.1.div.1.p.1.fw.2" place="top" type="head" facs="#zone.3989376" xmlns="http://www.tei-c.org/ns/1.0">Valckenier Ila 25 januari 1738</fw>Edele Hoogagtb. ons dat gelieven aan te beveelen, en ook staat te werden geobserveert<lb xmlns="http://www.tei-c.org/ns/1.0"/> omtrend desulke, die van wijd en zijd gewoon zijn procuratiën te ontfangen, alhoewel<lb xmlns="http://www.tei-c.org/ns/1.0"/> het meerder presumtief dan een constant gevolg is, dat de zodanige opkopers moeten<lb xmlns="http://www.tei-c.org/ns/1.0"/> wesen, nademaal zulks al veeltijds zijn oorspronk heeft uyt de hoedanigheyt en reputatie<lb xmlns="http://www.tei-c.org/ns/1.0"/> van den persoon, die een goede naam hebbende en gerenomeert wesende voor<lb xmlns="http://www.tei-c.org/ns/1.0"/> bemiddelt te wesen, en bij wiens overlijden gevolgelijk op desselfs goederen verhaal te<lb xmlns="http://www.tei-c.org/ns/1.0"/> vinden is, al vrij veel aanstoot van diergelijke lastige versoeken moet ondergaan, sonder<lb xmlns="http://www.tei-c.org/ns/1.0"/> dat soo imand nogtans daar eenig profijt van heeft, soo als daarvan mogelijk in<lb xmlns="http://www.tei-c.org/ns/1.0"/> vroegere tijden wel voorbeelden souden te vinden wesen, schoon het ons onmogelijk<lb xmlns="http://www.tei-c.org/ns/1.0"/> is, die alhier op te noemen, doordien de vergunning tot licentie ter overmaking van<lb xmlns="http://www.tei-c.org/ns/1.0"/> zodanige zoldijreeckeningen altoos gedefereert is geweest aan de successive heeren<lb xmlns="http://www.tei-c.org/ns/1.0"/> directeurs-generaal, na bevinding der daartoe dienende documenten, door de opperhoofden<lb xmlns="http://www.tei-c.org/ns/1.0"/> van het generale soldijcomptoir g’examineert, sonder dat men oyt redenen<lb xmlns="http://www.tei-c.org/ns/1.0"/> gevonden heeft. Haar Eds. behandelingen daaromtrent te suspecteren en na te gaan,<lb xmlns="http://www.tei-c.org/ns/1.0"/> maar de rechergie dientwegen altoos aan den advocaat-fiscaal van India des onvermindert<lb xmlns="http://www.tei-c.org/ns/1.0"/> vrij gestaan heeft, en althans ook nog vrij staat, niet alleen door de geordonneerde<lb xmlns="http://www.tei-c.org/ns/1.0"/> examinatie van degeene die bij provisie verstaan zijn onder dese nieuwe<lb xmlns="http://www.tei-c.org/ns/1.0"/> ordre te doen begrijpen, maar ook omtrent die, welke daarvan g’eximeert zijn geworden;<lb xmlns="http://www.tei-c.org/ns/1.0"/> want de hiervoren geciteerde ordre in Rade van India op den 12e der jongst gepasseerde<lb xmlns="http://www.tei-c.org/ns/1.0"/> maand december in ernstige overweging zijnde genomen, heeft men ten dien<lb xmlns="http://www.tei-c.org/ns/1.0"/> dage na veele overleggingen en bedenkingen in hoedaniger voegen men deselve ten<lb xmlns="http://www.tei-c.org/ns/1.0"/> meesten genoege Uwer Wel Edele Hoogagtb. behandelen zoude, sonder nogtans den<lb xmlns="http://www.tei-c.org/ns/1.0"/> luyster en het aansien deser regering te krenken, ofte alle verdere hooge beamptens in<lb xmlns="http://www.tei-c.org/ns/1.0"/> het publicq te prostitueeren, eenpariglijk goed gevonden de meermelte beveelen bij<lb xmlns="http://www.tei-c.org/ns/1.0"/> provisie maar te laten stand grijpen, en beginnen met de respective capitains-militair<lb xmlns="http://www.tei-c.org/ns/1.0"/> tot op alle mindere dienaren inclusive, dog de verdere boven deselve in rang zijnde en<lb xmlns="http://www.tei-c.org/ns/1.0"/> uytmakende de hoogste gequalificeerde ministers daarvan te eximeren, dewijl wij niet<lb xmlns="http://www.tei-c.org/ns/1.0"/> konden denken U Wel Edele Hoogagtb. intentie te wesen, om ons lichaam van de<lb xmlns="http://www.tei-c.org/ns/1.0"/> regering, dat d’ eere heeft den souverain in dese landen te representeren, en dienvolgende<lb xmlns="http://www.tei-c.org/ns/1.0"/> in soo verre boven de magt ofte jurisdictie van den advocaat-fiscaal te wesen,<lb xmlns="http://www.tei-c.org/ns/1.0"/> dat dien officier zijne authoriteyt selve van ons moet afvloeyen, en ten allermeesten<lb xmlns="http://www.tei-c.org/ns/1.0"/> maar voor een minister van ons is te rekenen, daaronder te begrijpen, maar integendeel<lb xmlns="http://www.tei-c.org/ns/1.0"/> vermeenden deselve eenelijk gestatueert te wesen tot weering van alle sodanige<lb xmlns="http://www.tei-c.org/ns/1.0"/> morshandel, als waarvan hiervoren gesproken is, en dierhalven geensints betreckelijk<lb xmlns="http://www.tei-c.org/ns/1.0"/> te kunnen wesen op ons, nogte de hoge beamptenaren en leden uyt den Raad van<lb xmlns="http://www.tei-c.org/ns/1.0"/> Justitie, alsoo dien officier voor dese laatste het regt der hooge overigheyt moet waarnemen,<lb xmlns="http://www.tei-c.org/ns/1.0"/> en deselve dienvolgende soo min als andere brave dienaren en predikanten<lb xmlns="http://www.tei-c.org/ns/1.0"/> van sulken vuyle gewinsoeking te verdenken zijn, schoon het voor de verdere niet minder<lb xmlns="http://www.tei-c.org/ns/1.0"/> smertelijk moet wesen over hunne eygene gelden een examinatie van den officier<lb xmlns="http://www.tei-c.org/ns/1.0"/> te moeten ondergaan, die hun regt van eygendom en dispositie over deselve schijnt te<lb xmlns="http://www.tei-c.org/ns/1.0"/> benemen, en voornamentlijk voor alle goede dienaren dewelke hun noyt aan diergelijke<lb xmlns="http://www.tei-c.org/ns/1.0"/> slegte gedoentens hebben schuldig gemaakt soo hart moet vallen, dat wij (alhoewel<lb xmlns="http://www.tei-c.org/ns/1.0"/> niet dan seer ongaarne) genoodsaakt zijn rondborstig te verklaren, daaruyt niet<lb xmlns="http://www.tei-c.org/ns/1.0"/> anders tegemoet te kunnen sien dan een algemeen misnoegen, dat notoir van seer<lb xmlns="http://www.tei-c.org/ns/1.0"/> quade en schadelijke gevolgen sal moeten werden, buyten en behalven dat ook nog een<lb xmlns="http://www.tei-c.org/ns/1.0"/> groote confusie staat te werden veroorsaakt uyt het verder geordonneerde door U Wel<lb xmlns="http://www.tei-c.org/ns/1.0"/> Edele Hoogagtb., dat alle procuratiën voortaan direct sullen moeten houden van den<lb xmlns="http://www.tei-c.org/ns/1.0"/> constituant op den geconstitueerden, sonder dat eenige substitutie meer sal mogen<lb xmlns="http://www.tei-c.org/ns/1.0"/> werden geadmitteert, hetgeene wel in dese gewesten eenigermaten soude kunnen plaats<lb xmlns="http://www.tei-c.org/ns/1.0"/><fw xml:id="INT_79431780-32b1-3e4a-8884-fda6c0bc7c20.TEI.1.text.1.body.1.div.1.p.1.fw.3" type="bottom-page-number">82</fw><pb xml:id="INT_79431780-32b1-3e4a-8884-fda6c0bc7c20.TEI.1.text.1.body.1.div.1.p.1.pb.2" n="83" facs="http://resources.huygens.knaw.nl/retroapp/service_generalemissiven/gm_10/images/generale_missiven_gs250_0083.tif"/><fw xml:id="INT_79431780-32b1-3e4a-8884-fda6c0bc7c20.TEI.1.text.1.body.1.div.1.p.1.fw.4" place="top" type="head" facs="#zone.4015467" xmlns="http://www.tei-c.org/ns/1.0">Valckenier Ila 25 januari 1738</fw>vinden, dog ons (in eerbied gezegt) ten eene male in opsigte van het vaderland ondoenlijk<lb xmlns="http://www.tei-c.org/ns/1.0"/> te voren komt, nademaal een ider altijd geen vrinden ofte kennissen in de steden<lb xmlns="http://www.tei-c.org/ns/1.0"/> der respective kameren waarvoor hij uytgevaren is, ofte andere die hier in dese landen<lb xmlns="http://www.tei-c.org/ns/1.0"/> gebooren en in dienst aangenomen zijn, tot Amsterdam woonagtig heeft, om die<lb xmlns="http://www.tei-c.org/ns/1.0"/> tot gemagtigdens te kunnen aanstellen, en het ook sodanige gemagtigdens niet altoos<lb xmlns="http://www.tei-c.org/ns/1.0"/> gelegen komt, om de wille van een ander telkens op te staan en hare wooningen, plaetsen,<lb xmlns="http://www.tei-c.org/ns/1.0"/> ofte hanteringen te verlaten, om een anders maandgelden te gaan ontfangen, zo<lb xmlns="http://www.tei-c.org/ns/1.0"/> dat de clausule van substitutie (naar onse gedagten) voor veele van d’ uytterste noodsakelijkheyt<lb xmlns="http://www.tei-c.org/ns/1.0"/> zijnde, sulks ons de vrijheyt doed gebruyken U Wel Edele Hoogagtb. op<lb xmlns="http://www.tei-c.org/ns/1.0"/> het ootmoedigste en met de meeste nadruk te versoeken, het vorenstaande in consideratie<lb xmlns="http://www.tei-c.org/ns/1.0"/> te willen nemen, en ons desen aangaande met derselver nadere g’eerde bevelen<lb xmlns="http://www.tei-c.org/ns/1.0"/> te willen voorsien.<lb xmlns="http://www.tei-c.org/ns/1.0"/>
            </p><note xml:id="INT_79431780-32b1-3e4a-8884-fda6c0bc7c20.TEI.1.text.1.body.1.div.1.note.2" xml:lang="nl" place="inline" type="editorial-summary" resp="editor" rend="font-style: italic; margin-left: 3100; line-height: 14.4pt; text-align: justify; font-size: 11" xmlns="http://www.tei-c.org/ns/1.0">( Vraag hoe )<lb/></note><p xml:id="INT_79431780-32b1-3e4a-8884-fda6c0bc7c20.TEI.1.text.1.body.1.div.1.p.2" xml:lang="nl" rend="font-size: 12; text-align: justify; line-height: 14.4pt; margin-left: 3100" xmlns="http://www.tei-c.org/ns/1.0">- w’ ons in den aanstaande sullen mogen bedienen van de verleende gunstige<lb/></p><p xml:id="INT_79431780-32b1-3e4a-8884-fda6c0bc7c20.TEI.1.text.1.body.1.div.1.p.3" xml:lang="nl" rend="font-size: 12; text-align: justify; line-height: 14.4pt" xmlns="http://www.tei-c.org/ns/1.0">permissie, om aan luyden die haren verbonden tijd hebben uytgedient, en haar in een<lb/> nieuw verband willen engagieeren, hare gagiën te mogen afbetalen sonder te wagten<lb/> na d’ authorisatie uyt ’t vaderland; want nadat men op den voormelte 12e december<lb/> jongstleden almede beslooten hadde ons daarvan te bedienen omtrent degeene die<lb/> daartoe genegen waren (ter occasie van seker aan ons gedaan versoek) op den 24e<lb/> daaraan ter onser vergadering ingebragt zijnde seker berigt van het in dien dienst seer<lb/> ervaren opperhooft over het generale soldijcomptoir, den oppercoopman Thomas van<lb/> Spreekens, waarbij denselven aantoonde hoedanige swarigheden zig tegen dat versoek,<lb/> en ook tegen de voorschreven vergunning quamen op te doen, en dat men sig<lb/> daarvan niet konde bedienen, sonder intrecking van saldo’s te goed uyt boeken die<lb/> reets na Nederland versonden zijn, en gevolgelijk hazard te loopen, dat hetselve dubbelde<lb/> betaling soude kunnen veroorsaken; invoegen U Wel Edele Hoogagtb. uyt de<lb/> nevensleggende copia van het gedagte berigt breder sal komen te consteren, hebben<lb/> wij ten laastgemelten dage veel liever van ons bevorens genomen besluyt willen resiliëren,<lb/> dan ons daarvan bedienen, sonder U Wel Edele Hoogagtbare nadere beveelen<lb/> op dit stuk, te meer dewijl wij vermeenden in sodanigen afbetaling op de gewoone<lb/> wijse, ofte de helft in goed, en de wederhelft in kleeden, een sekere handigheyt te resideren,<lb/> dewelke wij niet kunnen denken met U Wel Edele Hoogagtb. oogmerk in desen<lb/> overeen te stemmen, aangesien aan alle Compagniesdienaren, sonder onderscheyd,<lb/> wanneer verstrecking op reeckening van soldij uyt ’s Compagnies kleedewinkel, ’tzij<lb/> op een goede maanderol, aparte ordonnantie, ofwel memorie van authorisatie komen<lb/> te genieten, en derselver te goed behoudene maandgelden bijvoorbeeld eens bedragen<lb/> 20 rijksdaalders, ofte effective 48 sware guldens, afgelangt werd 10 rijksdaelders in<lb/> contant, en 10 rds. in lijwaat, en ider rijksdaalder alsdan berekent tegens 64 stuyvers,<lb/> waarvoor die menschen op reeckening belast werdende met ƒ 64 te samen, sulks d’ E.<lb/> Compagnie al ten eersten doet profiteren ƒ 16, dog den dienaar op de voorsz. ƒ 48,-,verliesen<lb/> ƒ 28,16,-, ter zake hij bij verkoop der lijwaten, die hij voor 10 rds. ontfangt,<lb/> ten allerbesten niet meer kan maken dan 6 rds., en overzulks weder verliest rds. 4, ofte<lb/> ƒ 12,16,-, dewelke gevoegt bij de vorige ƒ 64,-,- uytmaken ƒ 76,16,-, waarvan afgetrocken<lb/> de vorenstaande ƒ 48,-,- aantonen, dat sodanigen bediende waarlijk als voorsegt<lb/> komt te verliesen de vorenstaande ƒ 28,16,-, daar integendeel d’ E. Compagnie<lb/> bij sodanigen verstrecking immediaat komt te profiteren op de contanten, gerekent in<lb/> maniere als voren de rijksdaelder van 48 sware stuyvers tot 64 stuyvers, 33j, op de verstrekte<lb/> goederen 50, mitsgaders op deselve voor Bataviase ongelden nog 2 en dus te<lb/></p><fw xml:id="INT_79431780-32b1-3e4a-8884-fda6c0bc7c20.TEI.1.text.1.body.1.div.1.fw.2" type="bottom-page-number">83</fw><pb xml:id="INT_79431780-32b1-3e4a-8884-fda6c0bc7c20.TEI.1.text.1.body.1.div.1.pb.2" n="84" facs="http://resources.huygens.knaw.nl/retroapp/service_generalemissiven/gm_10/images/generale_missiven_gs250_0084.tif"/><fw xml:id="INT_79431780-32b1-3e4a-8884-fda6c0bc7c20.TEI.1.text.1.body.1.div.1.fw.3" place="top" type="head" facs="#zone.4041847" xmlns="http://www.tei-c.org/ns/1.0">Valckenier Ila 25 januari 1738</fw><p xml:id="INT_79431780-32b1-3e4a-8884-fda6c0bc7c20.TEI.1.text.1.body.1.div.1.p.4" xml:lang="nl" rend="font-size: 12; text-align: justify; line-height: 14.4pt" xmlns="http://www.tei-c.org/ns/1.0">samen 85^ percento, gelijk dat nader blijkt bij het daarvan geformeert en hiernevens<lb/> gevoegt vergelijk, hetgeene genoegsaam zal aantonen, dat in gevalle alle dienaren,<lb/> dewelke hunne te goed behoudene gagie alhier al eens wilden ontfangen, gedrongen<lb/> mogten werden deselve in dier wijse als de gewoonte van d’ E. Compagnie medebrengt<lb/> te moeten aannemen, daaruyt niets goeds nog voor de belangen Uwer Wel Edele<lb/> Hoogachtb., en nog veel minder voor derselver dienaren te verwagten is, voomamentlijk<lb/> in dese sorgelijke tijden, dat dese laatste haar van nu af aan op eene ongemeene<lb/> armoedige wijse moeten behelpen, omdat s’ hunne lijwaten selve veelmalen niet voor<lb/> de helft van hetgeene haar daar voor op reeckening gesteld werd kunnen quijt raken,<lb/> sooals dat U Wel Edele Hoogagtb. bij onsen vorigen gemeenen van 28 november passado,<lb/> onder de materie van Malacca, reets voor een gedeelte is vertoond, en daarom<lb/> soude na onse geringe gedagten, indien het U Wel Edele Hoogachtb. mogte behagen<lb/> sonder de Compagnie eenig nadeel toe te brengen, sodanige verstreckingen niet alleen,<lb/> maar ook die van goede maanden, volgens de daarvan geformeerd werdende rollen,<lb/> kunnen werden gedaan in contant, voor soo verre de ontfangers geene lijwaten tot hare<lb/> lijfsgebruyk mogten nodig hebben om de schade, welke die menschen na het hiervoren<lb/> aangewesene anders op deselve moeten ondergaan voor te komen, ofte andersints<lb/> de voorsz. lijwaten kunnen verstrekt werden tegens sodanige prijsen, als waarvoor die<lb/> bij vendutie van de hand kunnen gezet werden.<lb/></p><note xml:id="INT_79431780-32b1-3e4a-8884-fda6c0bc7c20.TEI.1.text.1.body.1.div.1.note.3" xml:lang="nl" place="inline" type="editorial-summary" resp="editor" rend="font-style: italic; line-height: 14.4pt; text-indent: 30.0pt; text-align: justify; font-size: 11" xmlns="http://www.tei-c.org/ns/1.0">( Het overmaken van soldijrekeningen uit de buitenkantoren naar Nederland zal<lb/> overeenkomstig de regels moeten geschieden, zodra deze zijn bekendgemaakt. Voorlopig<lb/> wordt dit op de oude wijze af gehandeld. De dreigende onheilen )<lb/></note><p xml:id="INT_79431780-32b1-3e4a-8884-fda6c0bc7c20.TEI.1.text.1.body.1.div.1.p.5" resp="int_paragraph_joining" rend="">
              - ongemeen veel verswaart zijn geworden na de publicatie en afïixie van het<lb xmlns="http://www.tei-c.org/ns/1.0"/>hiervoren geciteerde placcaat, of waarschouwing tegens den vervoer van ducatons<lb xmlns="http://www.tei-c.org/ns/1.0"/> en andere particulieren handel, hetgeene alhier sodanigen ongemeene consternatie en<lb xmlns="http://www.tei-c.org/ns/1.0"/> opschudding onder d’ ingesetenen veroorsaakt heeft dat wij ditmaal dubbelde redenen<lb xmlns="http://www.tei-c.org/ns/1.0"/> hebben, den Almogenden meerder en kragtiger dan oyt te bidden, voor het<lb xmlns="http://www.tei-c.org/ns/1.0"/> behoude varen der thans vertreckende retourschepen, alsoo wij die van hier moeten<lb xmlns="http://www.tei-c.org/ns/1.0"/> depecheren met niet anders dan misnoegde manschap, die genoegsaam voor het<lb xmlns="http://www.tei-c.org/ns/1.0"/> merengedeelte desperaat van hier vertrekt, ter zake die menschen van niemand eenig<lb xmlns="http://www.tei-c.org/ns/1.0"/> geld ter leen hebbende kunnen krijgen, om haarselven uyt te rusten, en in soo verre<lb xmlns="http://www.tei-c.org/ns/1.0"/> zij voor het meerendeel deselve niet al wederom om maar geld te fourneren verkogt<lb xmlns="http://www.tei-c.org/ns/1.0"/> hebben, met ledige kisten de reyse moetende ondernemen, zo ongenegen zijn bevonden<lb xmlns="http://www.tei-c.org/ns/1.0"/> om te repatrieeren, dat daar men voormaals naulijks de sollicitanten om hunne<lb xmlns="http://www.tei-c.org/ns/1.0"/> verlossingen na Nederland konde afweeren, men althans buyten eenige weynige koppen,<lb xmlns="http://www.tei-c.org/ns/1.0"/> die om hare verlossing versogt hebben, alle d’ overige militairen, soo wel als de<lb xmlns="http://www.tei-c.org/ns/1.0"/> zeevarende, buyten alle exempelen heeft moeten commanderen, en deselve tegens wil<lb xmlns="http://www.tei-c.org/ns/1.0"/> en dank na ’t vaderland versenden, in een desolaten staat, en gevolgelijk ook niet<lb xmlns="http://www.tei-c.org/ns/1.0"/> sonder een beroyt hooft, dat ons niet weynige kommerlijke gedagten baart, te meer<lb xmlns="http://www.tei-c.org/ns/1.0"/> doordien men niet alleen van het gemurmureer, en de misnoegtheyd van alle en een<lb xmlns="http://www.tei-c.org/ns/1.0"/> ij gelijk genoegsaam versekert is, en nog dagelijks verneemt, maar men selve ook deser<lb xmlns="http://www.tei-c.org/ns/1.0"/> dage al soo een openbare blijk van de algemeene misnoegtheyt heeft ontwaard, dat<lb xmlns="http://www.tei-c.org/ns/1.0"/> sulks onse bekommering grotelijks moet doen vermeerderen, en ons ook gepermoveert<lb xmlns="http://www.tei-c.org/ns/1.0"/> heeft den schieman van het retourschip ’t Slot Kronenburg, Hendrik Stammel<lb xmlns="http://www.tei-c.org/ns/1.0"/> van Ceulen, op den 7e courant ten exempel van anderen te degraderen tot mattroos<lb xmlns="http://www.tei-c.org/ns/1.0"/> met ƒ 9 per maand, over zijne gedane en waarlijk niet anders dan seer nadenkelijke<lb xmlns="http://www.tei-c.org/ns/1.0"/> bedreyging, van bij desselfs komst in zee wel te sullen weten wat hem te doen stonde,<lb xmlns="http://www.tei-c.org/ns/1.0"/> indien hij niet in staat wierde gesteld sig uyt te rusten. Wij willen van harte hoopen<lb xmlns="http://www.tei-c.org/ns/1.0"/><fw xml:id="INT_79431780-32b1-3e4a-8884-fda6c0bc7c20.TEI.1.text.1.body.1.div.1.p.5.fw.1" type="bottom-page-number">84</fw><pb xml:id="INT_79431780-32b1-3e4a-8884-fda6c0bc7c20.TEI.1.text.1.body.1.div.1.p.5.pb.1" n="85" facs="http://resources.huygens.knaw.nl/retroapp/service_generalemissiven/gm_10/images/generale_missiven_gs250_0085.tif"/><fw xml:id="INT_79431780-32b1-3e4a-8884-fda6c0bc7c20.TEI.1.text.1.body.1.div.1.p.5.fw.2" place="top" type="head" facs="#zone.4068036" xmlns="http://www.tei-c.org/ns/1.0">Valckenier Ila 25 januari 1738</fw>en bidden ook God, dat dit gestatueerde voorbeeld andere van alle quade desseynen<lb xmlns="http://www.tei-c.org/ns/1.0"/> sal mogen diverteren, dog vresen met reden voor het tegendeel, en hoopen derhalven<lb xmlns="http://www.tei-c.org/ns/1.0"/> U Wel Edele Hoogagtbare wel in consideratie sullen willen nemen het groot geluk, dat<lb xmlns="http://www.tei-c.org/ns/1.0"/> wij door den zegen des Allerhoogsten nog hebben van alomme, soo w’ hier niet beter<lb xmlns="http://www.tei-c.org/ns/1.0"/> weten, met de vreemde mogentheden in Europa in eene bestendige vreede te zijn, dog<lb xmlns="http://www.tei-c.org/ns/1.0"/> in wat gevaar de schepen van de maatschappije boven het tegenwoordige pericul nog<lb xmlns="http://www.tei-c.org/ns/1.0"/> staan gebragt te werden, wanneer men eens in oorlog (dat God genadelijk verhoede)<lb xmlns="http://www.tei-c.org/ns/1.0"/> met eenige zeemogentheyt mogte komen te geraken, dewijl alsdan nog soldaat nog<lb xmlns="http://www.tei-c.org/ns/1.0"/> mattroos, als niet anders dan hun bloot lichaam te verweeren, en geen het minst part<lb xmlns="http://www.tei-c.org/ns/1.0"/> nog deel in haren bescheyden bodem hebbende, mitsgaders daarenboven gedwongen<lb xmlns="http://www.tei-c.org/ns/1.0"/> zijnde, geen hand nog vinger ter defensie zullen willen uytsteeken, maar bij ontmoeting<lb xmlns="http://www.tei-c.org/ns/1.0"/> van eenige vijandelijke schepen, alle die van de maatschappije gevaar lopen, van<lb xmlns="http://www.tei-c.org/ns/1.0"/> soo menig als die zijn, in handen van den vijand te vervallen, indien ondertusschen<lb xmlns="http://www.tei-c.org/ns/1.0"/> dat de vreede nog bestendig mogte blijven, deselve maar niet uyt desperatie van de<lb xmlns="http://www.tei-c.org/ns/1.0"/> manschap afgelopen, dan wel bij ontmoeting van d’ een of andere wal op deselve verzeylt,<lb xmlns="http://www.tei-c.org/ns/1.0"/> en door haar, na voorgaande spolie der goederen, verlaten werden, soo als wij<lb xmlns="http://www.tei-c.org/ns/1.0"/> daarvan in vorige dagen wel voorbeelden mogelijk souden hebben kunnen aantoonen,<lb xmlns="http://www.tei-c.org/ns/1.0"/> indien ons den tijdt in dese soo seer belemmerde dagen maar hadde toegelaten d’ oude<lb xmlns="http://www.tei-c.org/ns/1.0"/> chartres na te slaan, en sulks ook met soo veel secretesse hadde kunnen geschieden,<lb xmlns="http://www.tei-c.org/ns/1.0"/> als wij oordeelen nodig te wesen, ter verberging van dese onse regtmatige vreese, uyt<lb xmlns="http://www.tei-c.org/ns/1.0"/> welkers aanmerking bij U Wel Edele Hoogagtb. selve te meermalen de voorsz. swarigheden<lb xmlns="http://www.tei-c.org/ns/1.0"/> omtrent ’s Compagnies schepen en het daarop bescheydene volk in consideratie<lb xmlns="http://www.tei-c.org/ns/1.0"/> zijn genomen, want dat eed en pligt bij soo een ruwe en ongebonden hoop volks<lb xmlns="http://www.tei-c.org/ns/1.0"/> steeds in agt genomen en nagekomen werd, heeft de ervaring bij blijven van schepen<lb xmlns="http://www.tei-c.org/ns/1.0"/> als andersints te meermalen geheel anders geleert, en soude indien men eenige alhier<lb xmlns="http://www.tei-c.org/ns/1.0"/> gespargeerde gerugten geloof mag geven, mogelijk nog nader ondervonden wesen<lb xmlns="http://www.tei-c.org/ns/1.0"/> omtrent een der aan de Caab in den verledene jaere gestrande schepen, wanneer hun<lb xmlns="http://www.tei-c.org/ns/1.0"/> dat ongeluk niet ware overgekomen aldaar, dewijl alsdan de manschap van een derselver<lb xmlns="http://www.tei-c.org/ns/1.0"/> soude overeengekomen wesen, haar daarvan na hun vertrek van de Caab<lb xmlns="http://www.tei-c.org/ns/1.0"/> meester te maeken, en daarmede een goed heenkomen te soeken, sonder dat wij nogtans<lb xmlns="http://www.tei-c.org/ns/1.0"/> kunnen melden wat voor een schip hetzelve soude geweest zijn, dewijl ons sulks<lb xmlns="http://www.tei-c.org/ns/1.0"/> deser dagen maar eerst ter ooren is gekomen, en wij daarna, vermits tog deser voorslag<lb xmlns="http://www.tei-c.org/ns/1.0"/> verijdelt is geworden, geen verdere rechergie hebben derven laten doen, om sulks<lb xmlns="http://www.tei-c.org/ns/1.0"/> maar niet eens in de gedagten van den [een] of ander te brengen, en voor te komen al<lb xmlns="http://www.tei-c.org/ns/1.0"/> verdere quade gevolgen.<lb xmlns="http://www.tei-c.org/ns/1.0"/>
            </p><note xml:id="INT_79431780-32b1-3e4a-8884-fda6c0bc7c20.TEI.1.text.1.body.1.div.1.note.4" xml:lang="nl" place="inline" type="editorial-summary" resp="editor" rend="font-style: italic; margin-left: 3000; line-height: 14.4pt; text-align: justify; font-size: 12" xmlns="http://www.tei-c.org/ns/1.0">( Het lijkt alsof ‘de maatschappij’ )<lb/></note><p xml:id="INT_79431780-32b1-3e4a-8884-fda6c0bc7c20.TEI.1.text.1.body.1.div.1.p.6" xml:lang="nl" rend="font-size: 12; text-align: justify; line-height: 14.4pt; margin-left: 3000" xmlns="http://www.tei-c.org/ns/1.0">- tegens alle heylsame ordre aan, langs hoe meer agteruyt gaat, alsoo men<lb/></p><p xml:id="INT_79431780-32b1-3e4a-8884-fda6c0bc7c20.TEI.1.text.1.body.1.div.1.p.7" xml:lang="nl" rend="font-size: 12; text-align: justify; line-height: 14.4pt" xmlns="http://www.tei-c.org/ns/1.0">deselve in vorige dagen, dat er eenige conniventie gebruykt wierd, en den gemenen man<lb/> zijn uytrusting konde vinden, heeft sien floreren, en den handel alomme bloeyen in<lb/> soo een heugelijken staat, als men immers soude kunnen wenschen, en waardoor de<lb/> Compagnie tot hare grootheyt gestegen is, daar w’ integendeel moeten verklaren, dat<lb/> hoe meerdere restrictiën en nauwere bepalingen ’tsedert eenige jaren herwaarts door<lb/> U Wel Edele Hoogagtb., met hoe salutairen oogmerk ten nutte van de maatschappij<lb/> ook gestatueert, en dit heen gesonden zijn, hoe meerder wij d’ E. Compagnie ook<lb/> hebben sien agteruyt gaan, in soo verre, dat wij niet kunnen denken seer mis te tasten,<lb/> wanneer wij betuygen te vermeenen dat deselve genoegsaam aan het agoniseren is,<lb/> en noyt weder in dien florisante staat sal geraken, daar wij die voormaals in gekent<lb/> hebben, ten ware den hemel die meerder en beter met zijne zegeningen geliefde te<lb/></p><fw xml:id="INT_79431780-32b1-3e4a-8884-fda6c0bc7c20.TEI.1.text.1.body.1.div.1.fw.4" type="bottom-page-number">85</fw><pb xml:id="INT_79431780-32b1-3e4a-8884-fda6c0bc7c20.TEI.1.text.1.body.1.div.1.pb.3" n="86" facs="http://resources.huygens.knaw.nl/retroapp/service_generalemissiven/gm_10/images/generale_missiven_gs250_0086.tif"/><fw xml:id="INT_79431780-32b1-3e4a-8884-fda6c0bc7c20.TEI.1.text.1.body.1.div.1.fw.5" place="top" type="head" facs="#zone.4092949" xmlns="http://www.tei-c.org/ns/1.0">Valckenier Ila 25 januari 1738</fw><p xml:id="INT_79431780-32b1-3e4a-8884-fda6c0bc7c20.TEI.1.text.1.body.1.div.1.p.8" xml:lang="nl" rend="font-size: 12; text-align: justify; line-height: 14.4pt" xmlns="http://www.tei-c.org/ns/1.0">agtervolgen, dan sedert een geruymen tijdt, waarin men niet alleen dese colonie mede<lb/> in dier voegen heeft moeten sien vervallen, dat die geene schaduwe van gelijkenisse na<lb/> haren vorige gedaante meer overig heeft, maar ook den handel nog dagelijks siet verquijnen<lb/> en genoegsaam in ’t geheel stil staan, daar nogtans de negotie van d’ E. Compagnie<lb/> door den handel van particuliere en ingezetenen moet opluyken, en van het welvaren<lb/> der gemeente ook dat van de maatschappij onbetwistelijk afhangt, mitsgaders<lb/> dus die beyde sonder den anderen niet kunnen bestaan, veel min dese laatste staande<lb/> blijven in dien heerlijken staat, waartoe deselve door de zegeningen des Allerhoogsten<lb/> reets is opgeklommem geweest, dog van dewelke wij ook tegelijk moeten bekennen die<lb/> sedert eenige weynige jaeren ongemeen veel verloren heeft, sonder dat hetselve na<lb/> onse gedagten ligtelijk sal kunnen werden geredresseert, door de maatregulen bij U<lb/> Wel Edele Hoogachtb. nu jongst genomen, indien er niet eenige conniventie werde<lb/> plaats gegeven, hetgeene wij onder het g’eerd welduyden Uwer Wel Edele Hoogagtb.<lb/> absolut vermeenen noodsakelijk te wesen om den gemeenen en zeevarende man niet<lb/> alleen aan eene ordentelijke uytrustinge, geproportioneert na de respective placcaten<lb/> en reglementen, te helpen, en d’ uytschieters van de nodige penningen weder aan het<lb/> haare te doen geraken, maar ook veele andere menschen, die hunne soldij reeckeningen<lb/> na het vaderland overgemaakt hebbende, met verlangen wagten na de vrugten van<lb/> haren arbeyd, ofte uyt hoofde van erffenisse ofte bestervenissen eenige gelden uyt<lb/> Nederland verwagtende, daarvan niet te frustreeren, maar door de toelating van dit<lb/> een en ander voor te komen een universeel misnoegen, dat van soo sware en dangereuse<lb/> gevolgen voor ’s Compagnies staat soude kunnen zijn, dat dezelve de schade die<lb/> U Wel Edele Hoogachtb. mogten gelieven te berekenen, door de oversending van ducatons<lb/> na dese gewesten te lijden verre souden te boven gaan, doordien de clausule reservatoir,<lb/> die op het eynde van het gedagte placcaat te vinden is, en volgens hetwelke aan<lb/> een ijgelijk, die uyt wettige oorsaken genecessiteert mogte worden eenige gelden na<lb/> Indiën over te senden, vrij werd gelaten, zig deswegens te kunnen addresseren aan U<lb/> Wel Edele Hoogachtb., die daarop souden disponeren na bevinding van zaken, de<lb/> gemoederen niet schijnt aan het bedaren te hebben kunnen brengen, ofte te inspireren<lb/> een denkbeeld, dat aan hare versoeken soude voldaan werden.<lb/></p><fw xml:id="INT_79431780-32b1-3e4a-8884-fda6c0bc7c20.TEI.1.text.1.body.1.div.1.fw.6" type="bottom-page-number">86</fw>
            
      </div>
                  </body>
                </text>
              </TEI>