<TEI xml:id="INT_2ccb130b-b2d5-3760-82d5-75eabe5dccd6" xmlns="http://www.tei-c.org/ns/1.0">
                <teiHeader>
      <fileDesc>
        <titleStmt>
          <title>Toelichting bij de indices</title>
        </titleStmt>
        <publicationStmt>
          <p>
            <date></date>
            <idno type="sourceID">missiven:vol10</idno>
            <idno type="pid">INT_2ccb130b-b2d5-3760-82d5-75eabe5dccd6</idno>
          </p>
        </publicationStmt>
        <notesStmt>
          <note/>
        </notesStmt>
        <sourceDesc>
          <listBibl xml:id="inlMetadata">
            <bibl>
        <interpGrp type="page"><interp>1091</interp></interpGrp>
        <interpGrp type="tocLevel"><interp>0</interp></interpGrp>
        <interpGrp type="volume"><interp>10</interp></interpGrp>
        <interpGrp type="n"><interp></interp></interpGrp>
        <interpGrp type="pid"><interp>INT_2ccb130b-b2d5-3760-82d5-75eabe5dccd6</interp></interpGrp>
        <interpGrp type="titleLevel1"><interp>Toelichting bij de indices</interp></interpGrp>
      </bibl>
          </listBibl>
        </sourceDesc>
      </fileDesc>
    </teiHeader>
                <text xml:id="INT_2ccb130b-b2d5-3760-82d5-75eabe5dccd6.TEI.1.text.1">
                  <body xml:id="INT_2ccb130b-b2d5-3760-82d5-75eabe5dccd6.TEI.1.text.1.body.1">
                    <div xml:id="INT_2ccb130b-b2d5-3760-82d5-75eabe5dccd6.TEI.1.text.1.body.1.div.1">
        
              <pb xml:id="INT_2ccb130b-b2d5-3760-82d5-75eabe5dccd6.TEI.1.text.1.body.1.div.1.pb.1" n="1091" facs="http://resources.huygens.knaw.nl/retroapp/service_generalemissiven/gm_10/images/generale_missiven_gs250_1091.tif"/><fw xml:id="INT_2ccb130b-b2d5-3760-82d5-75eabe5dccd6.TEI.1.text.1.body.1.div.1.fw.1" place="top" type="head" facs="#zone.5233057" xmlns="http://www.tei-c.org/ns/1.0">Toelichting bij de indices</fw><p xml:id="INT_2ccb130b-b2d5-3760-82d5-75eabe5dccd6.TEI.1.text.1.body.1.div.1.p.1" xml:lang="nl" rend="font-size: 12; line-height: 14.7pt" xmlns="http://www.tei-c.org/ns/1.0">Spellingsvarianten zijn opgenomen waar onduidelijkheid zou kunnen ontstaan.<lb/> Waar niet verwezen is moet men bedacht zijn op de volgende varianten:<lb/></p><table xml:id="INT_2ccb130b-b2d5-3760-82d5-75eabe5dccd6.TEI.1.text.1.body.1.div.1.table.1" xmlns="http://www.tei-c.org/ns/1.0"><row xml:id="INT_2ccb130b-b2d5-3760-82d5-75eabe5dccd6.TEI.1.text.1.body.1.div.1.table.1.row.1"><cell xml:id="INT_2ccb130b-b2d5-3760-82d5-75eabe5dccd6.TEI.1.text.1.body.1.div.1.table.1.row.1.cell.1"><p xml:id="INT_2ccb130b-b2d5-3760-82d5-75eabe5dccd6.TEI.1.text.1.body.1.div.1.table.1.row.1.cell.1.p.1" xml:lang="nl" rend="font-size: 15; line-height: 16.6pt" xmlns="http://www.tei-c.org/ns/1.0">c<lb/></p></cell><cell xml:id="INT_2ccb130b-b2d5-3760-82d5-75eabe5dccd6.TEI.1.text.1.body.1.div.1.table.1.row.1.cell.2"><p xml:id="INT_2ccb130b-b2d5-3760-82d5-75eabe5dccd6.TEI.1.text.1.body.1.div.1.table.1.row.1.cell.2.p.1" xml:lang="nl" rend="font-size: 12; line-height: 13.3pt; margin-left: 900" xmlns="http://www.tei-c.org/ns/1.0">bij K en S<lb/></p></cell><cell xml:id="INT_2ccb130b-b2d5-3760-82d5-75eabe5dccd6.TEI.1.text.1.body.1.div.1.table.1.row.1.cell.3"><p xml:id="INT_2ccb130b-b2d5-3760-82d5-75eabe5dccd6.TEI.1.text.1.body.1.div.1.table.1.row.1.cell.3.p.1" xml:lang="nl" rend="font-size: 12; text-align: right; line-height: 13.3pt; margin-right: 900" xmlns="http://www.tei-c.org/ns/1.0">Ph<lb/></p></cell><cell xml:id="INT_2ccb130b-b2d5-3760-82d5-75eabe5dccd6.TEI.1.text.1.body.1.div.1.table.1.row.1.cell.4"><p xml:id="INT_2ccb130b-b2d5-3760-82d5-75eabe5dccd6.TEI.1.text.1.body.1.div.1.table.1.row.1.cell.4.p.1" xml:lang="nl" rend="font-size: 12; line-height: 13.3pt; margin-left: 1000" xmlns="http://www.tei-c.org/ns/1.0">bij F en V<lb/></p></cell></row><row xml:id="INT_2ccb130b-b2d5-3760-82d5-75eabe5dccd6.TEI.1.text.1.body.1.div.1.table.1.row.2"><cell xml:id="INT_2ccb130b-b2d5-3760-82d5-75eabe5dccd6.TEI.1.text.1.body.1.div.1.table.1.row.2.cell.1"><p xml:id="INT_2ccb130b-b2d5-3760-82d5-75eabe5dccd6.TEI.1.text.1.body.1.div.1.table.1.row.2.cell.1.p.1" xml:lang="nl" rend="font-size: 15; line-height: 16.6pt" xmlns="http://www.tei-c.org/ns/1.0">Ch<lb/></p></cell><cell xml:id="INT_2ccb130b-b2d5-3760-82d5-75eabe5dccd6.TEI.1.text.1.body.1.div.1.table.1.row.2.cell.2"><p xml:id="INT_2ccb130b-b2d5-3760-82d5-75eabe5dccd6.TEI.1.text.1.body.1.div.1.table.1.row.2.cell.2.p.1" xml:lang="nl" rend="font-size: 12; line-height: 13.3pt; margin-left: 900" xmlns="http://www.tei-c.org/ns/1.0">bij G, Ts en Tsj<lb/></p></cell><cell xml:id="INT_2ccb130b-b2d5-3760-82d5-75eabe5dccd6.TEI.1.text.1.body.1.div.1.table.1.row.2.cell.3"><p xml:id="INT_2ccb130b-b2d5-3760-82d5-75eabe5dccd6.TEI.1.text.1.body.1.div.1.table.1.row.2.cell.3.p.1" xml:lang="nl" rend="font-size: 12; text-align: right; line-height: 13.3pt; margin-right: 1400" xmlns="http://www.tei-c.org/ns/1.0">Q<lb/></p></cell><cell xml:id="INT_2ccb130b-b2d5-3760-82d5-75eabe5dccd6.TEI.1.text.1.body.1.div.1.table.1.row.2.cell.4"><p xml:id="INT_2ccb130b-b2d5-3760-82d5-75eabe5dccd6.TEI.1.text.1.body.1.div.1.table.1.row.2.cell.4.p.1" xml:lang="nl" rend="font-size: 12; line-height: 13.3pt; margin-left: 1000" xmlns="http://www.tei-c.org/ns/1.0">bij K<lb/></p></cell></row><row xml:id="INT_2ccb130b-b2d5-3760-82d5-75eabe5dccd6.TEI.1.text.1.body.1.div.1.table.1.row.3"><cell xml:id="INT_2ccb130b-b2d5-3760-82d5-75eabe5dccd6.TEI.1.text.1.body.1.div.1.table.1.row.3.cell.1"><p xml:id="INT_2ccb130b-b2d5-3760-82d5-75eabe5dccd6.TEI.1.text.1.body.1.div.1.table.1.row.3.cell.1.p.1" xml:lang="nl" rend="font-size: 12; line-height: 13.3pt" xmlns="http://www.tei-c.org/ns/1.0">Dj<lb/></p></cell><cell xml:id="INT_2ccb130b-b2d5-3760-82d5-75eabe5dccd6.TEI.1.text.1.body.1.div.1.table.1.row.3.cell.2"><p xml:id="INT_2ccb130b-b2d5-3760-82d5-75eabe5dccd6.TEI.1.text.1.body.1.div.1.table.1.row.3.cell.2.p.1" xml:lang="nl" rend="font-size: 12; line-height: 13.3pt; margin-left: 900" xmlns="http://www.tei-c.org/ns/1.0">bij J<lb/></p></cell><cell xml:id="INT_2ccb130b-b2d5-3760-82d5-75eabe5dccd6.TEI.1.text.1.body.1.div.1.table.1.row.3.cell.3"><p xml:id="INT_2ccb130b-b2d5-3760-82d5-75eabe5dccd6.TEI.1.text.1.body.1.div.1.table.1.row.3.cell.3.p.1" xml:lang="nl" rend="font-size: 15; text-align: right; line-height: 16.6pt; margin-right: 1400" xmlns="http://www.tei-c.org/ns/1.0">s<lb/></p></cell><cell xml:id="INT_2ccb130b-b2d5-3760-82d5-75eabe5dccd6.TEI.1.text.1.body.1.div.1.table.1.row.3.cell.4"><p xml:id="INT_2ccb130b-b2d5-3760-82d5-75eabe5dccd6.TEI.1.text.1.body.1.div.1.table.1.row.3.cell.4.p.1" xml:lang="nl" rend="font-size: 12; line-height: 13.3pt; margin-left: 1000" xmlns="http://www.tei-c.org/ns/1.0">bij C en Z<lb/></p></cell></row><row xml:id="INT_2ccb130b-b2d5-3760-82d5-75eabe5dccd6.TEI.1.text.1.body.1.div.1.table.1.row.4"><cell xml:id="INT_2ccb130b-b2d5-3760-82d5-75eabe5dccd6.TEI.1.text.1.body.1.div.1.table.1.row.4.cell.1"><p xml:id="INT_2ccb130b-b2d5-3760-82d5-75eabe5dccd6.TEI.1.text.1.body.1.div.1.table.1.row.4.cell.1.p.1" xml:lang="nl" rend="font-size: 12; line-height: 13.3pt" xmlns="http://www.tei-c.org/ns/1.0">F<lb/></p></cell><cell xml:id="INT_2ccb130b-b2d5-3760-82d5-75eabe5dccd6.TEI.1.text.1.body.1.div.1.table.1.row.4.cell.2"><p xml:id="INT_2ccb130b-b2d5-3760-82d5-75eabe5dccd6.TEI.1.text.1.body.1.div.1.table.1.row.4.cell.2.p.1" xml:lang="nl" rend="font-size: 12; line-height: 13.3pt; margin-left: 900" xmlns="http://www.tei-c.org/ns/1.0">bij Ph en V<lb/></p></cell><cell xml:id="INT_2ccb130b-b2d5-3760-82d5-75eabe5dccd6.TEI.1.text.1.body.1.div.1.table.1.row.4.cell.3"><p xml:id="INT_2ccb130b-b2d5-3760-82d5-75eabe5dccd6.TEI.1.text.1.body.1.div.1.table.1.row.4.cell.3.p.1" xml:lang="nl" rend="font-size: 12; text-align: right; line-height: 13.3pt; margin-right: 900" xmlns="http://www.tei-c.org/ns/1.0">Ts<lb/></p></cell><cell xml:id="INT_2ccb130b-b2d5-3760-82d5-75eabe5dccd6.TEI.1.text.1.body.1.div.1.table.1.row.4.cell.4"><p xml:id="INT_2ccb130b-b2d5-3760-82d5-75eabe5dccd6.TEI.1.text.1.body.1.div.1.table.1.row.4.cell.4.p.1" xml:lang="nl" rend="font-size: 12; line-height: 13.3pt; margin-left: 1000" xmlns="http://www.tei-c.org/ns/1.0">bij Ch en Tsj<lb/></p></cell></row><row xml:id="INT_2ccb130b-b2d5-3760-82d5-75eabe5dccd6.TEI.1.text.1.body.1.div.1.table.1.row.5"><cell xml:id="INT_2ccb130b-b2d5-3760-82d5-75eabe5dccd6.TEI.1.text.1.body.1.div.1.table.1.row.5.cell.1"><p xml:id="INT_2ccb130b-b2d5-3760-82d5-75eabe5dccd6.TEI.1.text.1.body.1.div.1.table.1.row.5.cell.1.p.1" xml:lang="nl" rend="font-size: 12; line-height: 13.3pt" xmlns="http://www.tei-c.org/ns/1.0">G<lb/></p></cell><cell xml:id="INT_2ccb130b-b2d5-3760-82d5-75eabe5dccd6.TEI.1.text.1.body.1.div.1.table.1.row.5.cell.2"><p xml:id="INT_2ccb130b-b2d5-3760-82d5-75eabe5dccd6.TEI.1.text.1.body.1.div.1.table.1.row.5.cell.2.p.1" xml:lang="nl" rend="font-size: 12; line-height: 13.3pt; margin-left: 900" xmlns="http://www.tei-c.org/ns/1.0">bij Ch en K<lb/></p></cell><cell xml:id="INT_2ccb130b-b2d5-3760-82d5-75eabe5dccd6.TEI.1.text.1.body.1.div.1.table.1.row.5.cell.3"><p xml:id="INT_2ccb130b-b2d5-3760-82d5-75eabe5dccd6.TEI.1.text.1.body.1.div.1.table.1.row.5.cell.3.p.1" xml:lang="nl" rend="font-size: 12; text-align: right; line-height: 13.3pt; margin-right: 900" xmlns="http://www.tei-c.org/ns/1.0">Tsj<lb/></p></cell><cell xml:id="INT_2ccb130b-b2d5-3760-82d5-75eabe5dccd6.TEI.1.text.1.body.1.div.1.table.1.row.5.cell.4"><p xml:id="INT_2ccb130b-b2d5-3760-82d5-75eabe5dccd6.TEI.1.text.1.body.1.div.1.table.1.row.5.cell.4.p.1" xml:lang="nl" rend="font-size: 12; line-height: 13.3pt; margin-left: 1000" xmlns="http://www.tei-c.org/ns/1.0">bij Ch en Ts<lb/></p></cell></row><row xml:id="INT_2ccb130b-b2d5-3760-82d5-75eabe5dccd6.TEI.1.text.1.body.1.div.1.table.1.row.6"><cell xml:id="INT_2ccb130b-b2d5-3760-82d5-75eabe5dccd6.TEI.1.text.1.body.1.div.1.table.1.row.6.cell.1"><p xml:id="INT_2ccb130b-b2d5-3760-82d5-75eabe5dccd6.TEI.1.text.1.body.1.div.1.table.1.row.6.cell.1.p.1" xml:lang="nl" rend="font-size: 12; line-height: 13.3pt" xmlns="http://www.tei-c.org/ns/1.0">J<lb/></p></cell><cell xml:id="INT_2ccb130b-b2d5-3760-82d5-75eabe5dccd6.TEI.1.text.1.body.1.div.1.table.1.row.6.cell.2"><p xml:id="INT_2ccb130b-b2d5-3760-82d5-75eabe5dccd6.TEI.1.text.1.body.1.div.1.table.1.row.6.cell.2.p.1" xml:lang="nl" rend="font-size: 12; line-height: 13.3pt; margin-left: 900" xmlns="http://www.tei-c.org/ns/1.0">bij Dj<lb/></p></cell><cell xml:id="INT_2ccb130b-b2d5-3760-82d5-75eabe5dccd6.TEI.1.text.1.body.1.div.1.table.1.row.6.cell.3"><p xml:id="INT_2ccb130b-b2d5-3760-82d5-75eabe5dccd6.TEI.1.text.1.body.1.div.1.table.1.row.6.cell.3.p.1" xml:lang="nl" rend="font-size: 12; text-align: right; line-height: 13.3pt; margin-right: 1400" xmlns="http://www.tei-c.org/ns/1.0">V<lb/></p></cell><cell xml:id="INT_2ccb130b-b2d5-3760-82d5-75eabe5dccd6.TEI.1.text.1.body.1.div.1.table.1.row.6.cell.4"><p xml:id="INT_2ccb130b-b2d5-3760-82d5-75eabe5dccd6.TEI.1.text.1.body.1.div.1.table.1.row.6.cell.4.p.1" xml:lang="nl" rend="font-size: 12; line-height: 13.3pt; margin-left: 1000" xmlns="http://www.tei-c.org/ns/1.0">bij F en Ph<lb/></p></cell></row><row xml:id="INT_2ccb130b-b2d5-3760-82d5-75eabe5dccd6.TEI.1.text.1.body.1.div.1.table.1.row.7"><cell xml:id="INT_2ccb130b-b2d5-3760-82d5-75eabe5dccd6.TEI.1.text.1.body.1.div.1.table.1.row.7.cell.1"><p xml:id="INT_2ccb130b-b2d5-3760-82d5-75eabe5dccd6.TEI.1.text.1.body.1.div.1.table.1.row.7.cell.1.p.1" xml:lang="nl" rend="font-size: 12; line-height: 13.3pt" xmlns="http://www.tei-c.org/ns/1.0">K<lb/></p></cell><cell xml:id="INT_2ccb130b-b2d5-3760-82d5-75eabe5dccd6.TEI.1.text.1.body.1.div.1.table.1.row.7.cell.2"><p xml:id="INT_2ccb130b-b2d5-3760-82d5-75eabe5dccd6.TEI.1.text.1.body.1.div.1.table.1.row.7.cell.2.p.1" xml:lang="nl" rend="font-size: 12; line-height: 13.3pt; margin-left: 900" xmlns="http://www.tei-c.org/ns/1.0">bij C en Q<lb/></p></cell><cell xml:id="INT_2ccb130b-b2d5-3760-82d5-75eabe5dccd6.TEI.1.text.1.body.1.div.1.table.1.row.7.cell.3"><p xml:id="INT_2ccb130b-b2d5-3760-82d5-75eabe5dccd6.TEI.1.text.1.body.1.div.1.table.1.row.7.cell.3.p.1" xml:lang="nl" rend="font-size: 12; text-align: right; line-height: 13.3pt; margin-right: 1400" xmlns="http://www.tei-c.org/ns/1.0">X<lb/></p></cell><cell xml:id="INT_2ccb130b-b2d5-3760-82d5-75eabe5dccd6.TEI.1.text.1.body.1.div.1.table.1.row.7.cell.4"><p xml:id="INT_2ccb130b-b2d5-3760-82d5-75eabe5dccd6.TEI.1.text.1.body.1.div.1.table.1.row.7.cell.4.p.1" xml:lang="nl" rend="font-size: 12; line-height: 13.3pt; margin-left: 1000" xmlns="http://www.tei-c.org/ns/1.0">bij S<lb/></p></cell></row><row xml:id="INT_2ccb130b-b2d5-3760-82d5-75eabe5dccd6.TEI.1.text.1.body.1.div.1.table.1.row.8"><cell xml:id="INT_2ccb130b-b2d5-3760-82d5-75eabe5dccd6.TEI.1.text.1.body.1.div.1.table.1.row.8.cell.1"><p xml:id="INT_2ccb130b-b2d5-3760-82d5-75eabe5dccd6.TEI.1.text.1.body.1.div.1.table.1.row.8.cell.1.p.1" xml:lang="nl" rend="font-size: 12; line-height: 13.3pt" xmlns="http://www.tei-c.org/ns/1.0">Oe<lb/></p></cell><cell xml:id="INT_2ccb130b-b2d5-3760-82d5-75eabe5dccd6.TEI.1.text.1.body.1.div.1.table.1.row.8.cell.2"><p xml:id="INT_2ccb130b-b2d5-3760-82d5-75eabe5dccd6.TEI.1.text.1.body.1.div.1.table.1.row.8.cell.2.p.1" xml:lang="nl" rend="font-size: 12; line-height: 13.3pt; margin-left: 900" xmlns="http://www.tei-c.org/ns/1.0">bij U<lb/></p></cell><cell xml:id="INT_2ccb130b-b2d5-3760-82d5-75eabe5dccd6.TEI.1.text.1.body.1.div.1.table.1.row.8.cell.3"><p xml:id="INT_2ccb130b-b2d5-3760-82d5-75eabe5dccd6.TEI.1.text.1.body.1.div.1.table.1.row.8.cell.3.p.1" xml:lang="nl" rend="font-size: 15; text-align: right; line-height: 16.6pt; margin-right: 1400" xmlns="http://www.tei-c.org/ns/1.0">z<lb/></p></cell><cell xml:id="INT_2ccb130b-b2d5-3760-82d5-75eabe5dccd6.TEI.1.text.1.body.1.div.1.table.1.row.8.cell.4"><p xml:id="INT_2ccb130b-b2d5-3760-82d5-75eabe5dccd6.TEI.1.text.1.body.1.div.1.table.1.row.8.cell.4.p.1" xml:lang="nl" rend="font-size: 12; line-height: 13.3pt; margin-left: 1000" xmlns="http://www.tei-c.org/ns/1.0">bij C en S<lb/></p></cell></row><row xml:id="INT_2ccb130b-b2d5-3760-82d5-75eabe5dccd6.TEI.1.text.1.body.1.div.1.table.1.row.9"><cell xml:id="INT_2ccb130b-b2d5-3760-82d5-75eabe5dccd6.TEI.1.text.1.body.1.div.1.table.1.row.9.cell.1"><p xml:id="INT_2ccb130b-b2d5-3760-82d5-75eabe5dccd6.TEI.1.text.1.body.1.div.1.table.1.row.9.cell.1.p.1" xml:lang="nl" rend="font-size: 12; line-height: 13.3pt" xmlns="http://www.tei-c.org/ns/1.0">Ou<lb/></p></cell><cell xml:id="INT_2ccb130b-b2d5-3760-82d5-75eabe5dccd6.TEI.1.text.1.body.1.div.1.table.1.row.9.cell.2"><p xml:id="INT_2ccb130b-b2d5-3760-82d5-75eabe5dccd6.TEI.1.text.1.body.1.div.1.table.1.row.9.cell.2.p.1" xml:lang="nl" rend="font-size: 12; line-height: 13.3pt; margin-left: 900" xmlns="http://www.tei-c.org/ns/1.0">bij U<lb/></p></cell><cell xml:id="INT_2ccb130b-b2d5-3760-82d5-75eabe5dccd6.TEI.1.text.1.body.1.div.1.table.1.row.9.cell.3"><p xml:id="INT_2ccb130b-b2d5-3760-82d5-75eabe5dccd6.TEI.1.text.1.body.1.div.1.table.1.row.9.cell.3.p.1" rend="line-height:-0.01pt; margin-left:5300" xmlns="http://www.tei-c.org/ns/1.0"/></cell><cell xml:id="INT_2ccb130b-b2d5-3760-82d5-75eabe5dccd6.TEI.1.text.1.body.1.div.1.table.1.row.9.cell.4"><p xml:id="INT_2ccb130b-b2d5-3760-82d5-75eabe5dccd6.TEI.1.text.1.body.1.div.1.table.1.row.9.cell.4.p.1" rend="line-height:-0.01pt; margin-left:1000" xmlns="http://www.tei-c.org/ns/1.0"/></cell></row></table><p xml:id="INT_2ccb130b-b2d5-3760-82d5-75eabe5dccd6.TEI.1.text.1.body.1.div.1.p.2" xml:lang="nl" rend="font-size: 12; text-align: justify; line-height: 13.3pt" xmlns="http://www.tei-c.org/ns/1.0">Algemeen:<lb/></p><p xml:id="INT_2ccb130b-b2d5-3760-82d5-75eabe5dccd6.TEI.1.text.1.body.1.div.1.p.3" xml:lang="nl" rend="font-size: 12; line-height: 29.1pt" xmlns="http://www.tei-c.org/ns/1.0">De paginanummers zijn gecursiveerd waar de term in een noot wordt uitgelegd.<lb/> Index van persoonsnamen:<lb/></p><p xml:id="INT_2ccb130b-b2d5-3760-82d5-75eabe5dccd6.TEI.1.text.1.body.1.div.1.p.4" xml:lang="nl" rend="font-size: 12; text-align: justify; line-height: 14.4pt" xmlns="http://www.tei-c.org/ns/1.0">Als er staat [zie ook: ....] betekent het dat de betreffende persoon ook onder een<lb/> andere naam bekend is. Deze naam krijgt hij/zij soms bij een wisseling van functie of<lb/> bijvoorbeeld als rebellenleider.<lb/></p><p xml:id="INT_2ccb130b-b2d5-3760-82d5-75eabe5dccd6.TEI.1.text.1.body.1.div.1.p.5" xml:lang="nl" rend="font-size: 12; text-align: justify; line-height: 14.4pt" xmlns="http://www.tei-c.org/ns/1.0">Index van geografische namen:<lb/></p><p xml:id="INT_2ccb130b-b2d5-3760-82d5-75eabe5dccd6.TEI.1.text.1.body.1.div.1.p.6" xml:lang="nl" rend="font-size: 12; text-align: justify; line-height: 14.4pt" xmlns="http://www.tei-c.org/ns/1.0">Geografische namen zijn, waar mogelijk, opgenomen in de moderne schrijfwijze.<lb/></p><p xml:id="INT_2ccb130b-b2d5-3760-82d5-75eabe5dccd6.TEI.1.text.1.body.1.div.1.p.7" xml:lang="nl" rend="font-size: 12; line-height: 14.4pt" xmlns="http://www.tei-c.org/ns/1.0">De paginanummers van de beschrijving van een hoofdkantoor zijn gecursiveerd.<lb/> Indien een vorstentitel verbonden is aan een bepaald gebied is deze ondergebracht bij<lb/> de index van geografische namen, bijvoorbeeld Calicut, zamorin van.<lb/></p><p xml:id="INT_2ccb130b-b2d5-3760-82d5-75eabe5dccd6.TEI.1.text.1.body.1.div.1.p.8" xml:lang="nl" rend="font-size: 12; text-align: justify; line-height: 14.4pt" xmlns="http://www.tei-c.org/ns/1.0">Woorden als Buginezen, Chinezen of Engelsen zijn bij de geografische index te vinden.<lb/></p><p xml:id="INT_2ccb130b-b2d5-3760-82d5-75eabe5dccd6.TEI.1.text.1.body.1.div.1.p.9" xml:lang="nl" rend="font-size: 12; text-align: justify; line-height: 13.3pt" xmlns="http://www.tei-c.org/ns/1.0">Index van scheepsnamen:<lb/></p><p xml:id="INT_2ccb130b-b2d5-3760-82d5-75eabe5dccd6.TEI.1.text.1.body.1.div.1.p.10" xml:lang="nl" rend="font-size: 12; text-align: justify; line-height: 14.7pt" xmlns="http://www.tei-c.org/ns/1.0">Voor scheepsnamen is de schrijfwijze in <hi rend="font-size:12; font-family:Liberation Serif; font-style:italic" xml:lang="nl">DAS</hi> gevolgd.<lb/></p><p xml:id="INT_2ccb130b-b2d5-3760-82d5-75eabe5dccd6.TEI.1.text.1.body.1.div.1.p.11" xml:lang="nl" rend="font-size: 12; text-align: justify; line-height: 14.7pt" xmlns="http://www.tei-c.org/ns/1.0">Bij buitenlandse schepen is zoveel mogelijk de nationaliteit van het schip vermeld.<lb/></p><fw xml:id="INT_2ccb130b-b2d5-3760-82d5-75eabe5dccd6.TEI.1.text.1.body.1.div.1.fw.2" type="bottom-page-number">1091</fw>
            
      </div>
                  </body>
                </text>
              </TEI>