<TEI xml:id="INT_f5d0c5f4-a841-33ff-b7e6-49a37e6101d3" xmlns="http://www.tei-c.org/ns/1.0">
                <teiHeader>
      <fileDesc>
        <titleStmt>
          <title>Mossel, Cluysenaar, Van Broyel, Van der Waeyen, Van der Parra, Van der Spar, Steijn van Gollenesse, Van de Velde, Van Rheede, De Nijs en Van Bazel, 10 oktober 1752</title>
        </titleStmt>
        <publicationStmt>
          <p>
            <date>10 oktober 1752</date>
            <idno type="sourceID">missiven:vol12</idno>
            <idno type="pid">INT_f5d0c5f4-a841-33ff-b7e6-49a37e6101d3</idno>
          </p>
        </publicationStmt>
        <notesStmt>
          <note/>
        </notesStmt>
        <sourceDesc>
          <listBibl xml:id="inlMetadata">
            <bibl type="missive">
        <interpGrp type="page"><interp>196</interp></interpGrp>
        
      <interpGrp type="titleLevel1"><interp>Mossel, Cluysenaar, Van Broyel, Van der Waeyen, Van der Parra, Van der Spar, Steijn van Gollenesse, Van de Velde, Van Rheede, De Nijs en Van Bazel, 10 oktober 1752</interp></interpGrp>
      <interpGrp type="dateLevel1"><interp>10 oktober 1752</interp></interpGrp>
        <interpGrp type="tocLevel"><interp>1</interp></interpGrp>
      <interpGrp type="volume"><interp>12</interp></interpGrp>
        <interpGrp type="n"><interp>XIII</interp></interpGrp>
      
      <interpGrp type="witnessYearLevel1_from"><interp>1752</interp></interpGrp>
      <interpGrp type="witnessYearLevel1_to"><interp>1752</interp></interpGrp>
      <interpGrp type="witnessMonthLevel1_to"><interp>10</interp></interpGrp>
      <interpGrp type="witnessMonthLevel1_from"><interp>10</interp></interpGrp>
      <interpGrp type="witnessDayLevel1_to"><interp>10</interp></interpGrp>
      <interpGrp type="witnessDayLevel1_from"><interp>10</interp></interpGrp>
      <interpGrp type="authorLevel1"><interp>Mossel</interp><interp>Cluysenaar</interp><interp>Van Broyel</interp><interp>Van der Waeyen</interp><interp>Van der Parra</interp><interp>Van der Spar</interp><interp>Steijn van Gollenesse</interp><interp>Van de Velde</interp><interp>Van Rheede</interp><interp>De Nijs</interp><interp>Van Bazel</interp></interpGrp>
      <interpGrp type="pid"><interp>INT_f5d0c5f4-a841-33ff-b7e6-49a37e6101d3</interp></interpGrp>
    </bibl>
          </listBibl>
        </sourceDesc>
      </fileDesc>
    </teiHeader>
                <text xml:id="INT_f5d0c5f4-a841-33ff-b7e6-49a37e6101d3.TEI.1.text.1">
                  <body xml:id="INT_f5d0c5f4-a841-33ff-b7e6-49a37e6101d3.TEI.1.text.1.body.1">
                    <div xml:id="INT_f5d0c5f4-a841-33ff-b7e6-49a37e6101d3.TEI.1.text.1.body.1.div.1">
        
              <pb xml:id="INT_f5d0c5f4-a841-33ff-b7e6-49a37e6101d3.TEI.1.text.1.body.1.div.1.pb.1" n="196" facs="http://resources.huygens.knaw.nl/retroapp/service_generalemissiven/gm_12/images/generale_missiven_gs257_196.tif"/><fw xml:id="INT_f5d0c5f4-a841-33ff-b7e6-49a37e6101d3.TEI.1.text.1.body.1.div.1.fw.1" place="top" type="head" facs="#zone.1953772" xmlns="http://www.tei-c.org/ns/1.0">XIII. JACOB MOSSEL, JOHANNES MATTHEUS CLUYSENAAR, AREND VANBROYEL, JACOB VAN DER WAEYEN, PETRUS ALBERTUS VAN DER PARRA,JURGEN VAN DER SPAR, JULIUS VALENTIJN STEIJN VAN GOLLENESSE, PIE-TER VAN DE VELDE, DITHARD VAN RHEEDE, ADRIAAN DE NIJS en HUIJBERTWILLEM VAN BAZEL, BATAVIA 10 oktober 1752.Kol. Arch. 2682, VOC 2790, fol. 43-86.'</fw><note xml:id="INT_f5d0c5f4-a841-33ff-b7e6-49a37e6101d3.TEI.1.text.1.body.1.div.1.note.1" xml:lang="nl" place="inline" type="editorial-summary" resp="editor" rend="font-style: italic; line-height: 14.4pt; text-indent: 16.0pt; text-align: justify; font-size: 12" xmlns="http://www.tei-c.org/ns/1.0">(Batavia verwijst naar de aparte brief van 31 december 1751 over de vijftigste penning<lb/> en naar de resoluties hierover van 7, 11, 18 en 25 januari, 1 en 5 februari en<lb/> 13 juni 1752. Nu de heffing in Batavia genoegzaam haar beslag heeft gekregen hebben<lb/> de daartoe benoemde commissarissen de Hoge Regering de volgende stukken overgegeven:<lb/> )<lb/></note><p xml:id="INT_f5d0c5f4-a841-33ff-b7e6-49a37e6101d3.TEI.1.text.1.body.1.div.1.p.1" xml:lang="nl" rend="font-size: 12; text-align: justify; line-height: 14.4pt; text-indent: 16.0pt" xmlns="http://www.tei-c.org/ns/1.0">Vier secreete notitiën, in dorso gemerkt Lra A no. 1, 2, 3 en 4, aanwijsende waarinne<lb/> alle de foumissementen bestaan hebben.<lb/></p><p xml:id="INT_f5d0c5f4-a841-33ff-b7e6-49a37e6101d3.TEI.1.text.1.body.1.div.1.p.2" xml:lang="nl" rend="font-size: 12; text-align: justify; line-height: 14.4pt; text-indent: 16.0pt" xmlns="http://www.tei-c.org/ns/1.0">Een notitie of lijst van de alhier aanwesende personen, die, om redenen daarbij gementioneerd,<lb/> nog niet aan hunne verpligting voldaan hebben, in dorso gecoteerd Lra B.<lb/></p><p xml:id="INT_f5d0c5f4-a841-33ff-b7e6-49a37e6101d3.TEI.1.text.1.body.1.div.1.p.3" xml:lang="nl" rend="font-size: 12; text-align: justify; line-height: 14.4pt; text-indent: 16.0pt" xmlns="http://www.tei-c.org/ns/1.0">Een notitie of aanwijsing van eenige personen van de commercie, op Japan, China,<lb/> Cochim China en Mocha af en aan varende, die mede nog niet voldaan hebben, gemerkt<lb/> Lra C.<lb/></p><p xml:id="INT_f5d0c5f4-a841-33ff-b7e6-49a37e6101d3.TEI.1.text.1.body.1.div.1.p.4" xml:lang="nl" rend="font-size: 12; text-align: justify; line-height: 14.4pt; text-indent: 16.0pt" xmlns="http://www.tei-c.org/ns/1.0">Een notitie of lijst van de zeevarende personen, welke sedert de publicatie van het<lb/> placcaat van hier naar eenige gewesten vertrocken zijn, sonder den vijftigsten penning te<lb/> contribueeren en geteekent Lra D.<lb/></p><p xml:id="INT_f5d0c5f4-a841-33ff-b7e6-49a37e6101d3.TEI.1.text.1.body.1.div.1.p.5" xml:lang="nl" rend="font-size: 12; text-align: justify; line-height: 14.4pt; text-indent: 16.0pt" xmlns="http://www.tei-c.org/ns/1.0">Een notitie of aantoning van sodanige politique en militaire personen als sedert voorsz.<lb/> tijd mede sonder de voldoening der liberale gifte van hier naar verscheide buytencomptoiren<lb/> vertrocken sijn, gemerkt Lra E.<lb/></p><p xml:id="INT_f5d0c5f4-a841-33ff-b7e6-49a37e6101d3.TEI.1.text.1.body.1.div.1.p.6" xml:lang="nl" rend="font-size: 12; text-align: justify; line-height: 14.4pt; text-indent: 16.0pt" xmlns="http://www.tei-c.org/ns/1.0">Een notitie of lijste van degeene die om redenen hunne volmagtschappen en diverse<lb/> andere kosten, van de voldoening van de liberale gifte ’tzij vooreerst ofte in ’t geheel<lb/> gesecludeert hebben, gecoteerd Lra F.<lb/></p><p xml:id="INT_f5d0c5f4-a841-33ff-b7e6-49a37e6101d3.TEI.1.text.1.body.1.div.1.p.7" xml:lang="nl" rend="font-size: 12; text-align: justify; line-height: 14.4pt; text-indent: 16.0pt" xmlns="http://www.tei-c.org/ns/1.0">Een notitie of aanwijsing van degeene die sedert de publicatie van het placcaat wegens<lb/> de liberale gifte, sonder dies voldoening van hier naar Nederland vertrocken zijn, op de<lb/> rugge gemerkt Lra G en<lb/></p><p xml:id="INT_f5d0c5f4-a841-33ff-b7e6-49a37e6101d3.TEI.1.text.1.body.1.div.1.p.8" xml:lang="nl" rend="font-size: 12; text-align: justify; line-height: 14.4pt; text-indent: 16.0pt" xmlns="http://www.tei-c.org/ns/1.0">Een notitie of aantoning van sodanige personen als aan commissarissen onder presentatie<lb/> van eede verklaart hebben, dat in de Vereenigde Provintiën de liberale gifte voldaan<lb/> hadden of door den souverain daarvan g’excuseerd waren, sonder egter alhier eenige blijken<lb/> deswegen te kunnen produceeren, geteekent Lra H.<lb/></p><note xml:id="INT_f5d0c5f4-a841-33ff-b7e6-49a37e6101d3.TEI.1.text.1.body.1.div.1.note.2" xml:lang="nl" place="inline" type="editorial-summary" resp="editor" rend="font-style: italic; line-height: 14.7pt; text-indent: 16.0pt; text-align: justify; font-size: 12" xmlns="http://www.tei-c.org/ns/1.0">(Batavia stuurt Heren XVII kopieën ervan,)<lb/></note><p xml:id="INT_f5d0c5f4-a841-33ff-b7e6-49a37e6101d3.TEI.1.text.1.body.1.div.1.p.9" resp="int_paragraph_joining" rend="">
              - om daarvan oftewel principaal van Lra G en H sodanigen gebruyk te maken als<lb xmlns="http://www.tei-c.org/ns/1.0"/>U Wel Edele Hoogagtb. sullen oordeelen te behooren, en van de notitiën Lra B, C, D, F<lb xmlns="http://www.tei-c.org/ns/1.0"/> en G aan twee van de gevaceerd hebbende commissarissen, d’ ontfanger-generaal van<lb xmlns="http://www.tei-c.org/ns/1.0"/> ’s Compagnies domainen Van der Feltz en d’ oud-scheepen Harris, g’authentiseerde<lb xmlns="http://www.tei-c.org/ns/1.0"/> afschriften te laten afgeven, om d’ invordering soverre mogelijk nu of indertijd te besor-<lb xmlns="http://www.tei-c.org/ns/1.0"/><note xml:id="INT_f5d0c5f4-a841-33ff-b7e6-49a37e6101d3.TEI.1.text.1.body.1.div.1.p.9.note.1" xml:lang="nl" rend="font-size: 10.5; line-height: 11.7pt; margin-left: 1600; text-indent: -16.0pt" xmlns="http://www.tei-c.org/ns/1.0"><hi rend="font-size:10.5; font-family:Liberation Serif; vertical-align:super" xml:lang="nl">1</hi> De bijlagen (fol. 48-86) zijn aan Hunne Hoogmogenden gegeven en bevinden zich niet meer in<lb/> VOC 2770.<lb/></note><fw xml:id="INT_f5d0c5f4-a841-33ff-b7e6-49a37e6101d3.TEI.1.text.1.body.1.div.1.p.9.fw.1" type="bottom-page-number">196</fw><pb xml:id="INT_f5d0c5f4-a841-33ff-b7e6-49a37e6101d3.TEI.1.text.1.body.1.div.1.p.9.pb.1" n="197" facs="http://resources.huygens.knaw.nl/retroapp/service_generalemissiven/gm_12/images/generale_missiven_gs257_197.tif"/><fw xml:id="INT_f5d0c5f4-a841-33ff-b7e6-49a37e6101d3.TEI.1.text.1.body.1.div.1.p.9.fw.2" place="top" type="head" facs="#zone.1955674" xmlns="http://www.tei-c.org/ns/1.0">Mossel XIII 10 oktober 1752</fw>gen, Lra E bij eerste occasie naar Amboina, Banda, Tematen, Macasser, Java’s Oostcust,<lb xmlns="http://www.tei-c.org/ns/1.0"/> Cormandel en Bengale mitsgaders Lra F ook naar alle comptoiren van India te senden,<lb xmlns="http://www.tei-c.org/ns/1.0"/> ter narigt van de aldaar fungeerende commissarissen.<lb xmlns="http://www.tei-c.org/ns/1.0"/>
            </p><note xml:id="INT_f5d0c5f4-a841-33ff-b7e6-49a37e6101d3.TEI.1.text.1.body.1.div.1.note.3" xml:lang="nl" place="inline" type="editorial-summary" resp="editor" rend="font-style: italic; line-height: 14.4pt; text-indent: 17.0pt; text-align: justify; font-size: 12" xmlns="http://www.tei-c.org/ns/1.0">(Batavia stuurt tevens een)<lb/></note><p xml:id="INT_f5d0c5f4-a841-33ff-b7e6-49a37e6101d3.TEI.1.text.1.body.1.div.1.p.10" resp="int_paragraph_joining" rend="">
              - samentrecking van alle de penningen die sedert ses jaren ofte tot uit. december<lb xmlns="http://www.tei-c.org/ns/1.0"/>anno 1751 inclusive door de weeskamer deser stad na Nederland geremitteert zijn en<lb xmlns="http://www.tei-c.org/ns/1.0"/> waarvan gevolglijk alhier den 50sten pennink niet is of sal werden voldaan, item een<lb xmlns="http://www.tei-c.org/ns/1.0"/> extract-resolutie van commissarissen van de Bank van Leening wegens de door desel ve<lb xmlns="http://www.tei-c.org/ns/1.0"/> g’ administreerde volmagtschappen en een notitie van alle de personen sedert uit. december<lb xmlns="http://www.tei-c.org/ns/1.0"/> 1746 van hier gerepatrieerd.<lb xmlns="http://www.tei-c.org/ns/1.0"/>
            </p><p xml:id="INT_f5d0c5f4-a841-33ff-b7e6-49a37e6101d3.TEI.1.text.1.body.1.div.1.p.11" xml:lang="nl" rend="font-size: 12; text-align: justify; line-height: 14.4pt; text-indent: 17.0pt" xmlns="http://www.tei-c.org/ns/1.0">Van Banda, Bantam, Cheribon en Timor heeft men berigt bekomen dat de heffinge<lb/> aldaar insgelijx reets behoorlijk is g’effectueerd, blijkens vier brieven van de bediendens<lb/> op de drie laastgenoemde comptoiren, ged. 23 may, 18 junij, uit. aug. en 10 september<lb/> jongstleden, in dorso gemerkt Lra I en K no. 1, Lra L en M no. 1, nevens vijff daartoe<lb/> gehorende secreete memoriën geteekent Lra I en K no. 2, en Lra M no. 2, 3 en 4, item<lb/> een copia van een sonder bijlagen ontfangen duplicaat missive van den gouverneur en<lb/> raad in Banda, waarvan het origineel ons nog niet is geworden, gemerkt Lra N no. 1 desen<lb/> alle versellende. En hoeverre men daarmede in Amboina is gevordert volgens de laast<lb/> ontfangene berigten sal U Wel Edele Hoogagtb. consteeren uyt het nevensgaande copia<lb/> briefje van den gouverneur Cluysenaer van uit. may jongstleden, sijnde van de verdere<lb/> comptoiren nog geene advisen deswegen ingekomen.<lb/></p><fw xml:id="INT_f5d0c5f4-a841-33ff-b7e6-49a37e6101d3.TEI.1.text.1.body.1.div.1.fw.2" type="bottom-page-number">197</fw>
            
      </div>
                  </body>
                </text>
              </TEI>