<TEI xml:id="INT_9859bbe7-d2e3-3e0c-b5bf-134aca6bc5f5" xmlns="http://www.tei-c.org/ns/1.0">
                <teiHeader>
      <fileDesc>
        <titleStmt>
          <title>Mossel, Cluysenaar, Van Broyel, Van der Waeyen, Van der Parra, Van der Spar, Loten en Steijn van Gollenesse, 24 september 1751</title>
        </titleStmt>
        <publicationStmt>
          <p>
            <date>24 september 1751</date>
            <idno type="sourceID">missiven:vol12</idno>
            <idno type="pid">INT_9859bbe7-d2e3-3e0c-b5bf-134aca6bc5f5</idno>
          </p>
        </publicationStmt>
        <notesStmt>
          <note/>
        </notesStmt>
        <sourceDesc>
          <listBibl xml:id="inlMetadata">
            <bibl type="missive">
        <interpGrp type="page"><interp>89</interp></interpGrp>
        
      <interpGrp type="titleLevel1"><interp>Mossel, Cluysenaar, Van Broyel, Van der Waeyen, Van der Parra, Van der Spar, Loten en Steijn van Gollenesse, 24 september 1751</interp></interpGrp>
      <interpGrp type="dateLevel1"><interp>24 september 1751</interp></interpGrp>
        <interpGrp type="tocLevel"><interp>1</interp></interpGrp>
      <interpGrp type="volume"><interp>12</interp></interpGrp>
        <interpGrp type="n"><interp>VI</interp></interpGrp>
      
      <interpGrp type="witnessYearLevel1_from"><interp>1751</interp></interpGrp>
      <interpGrp type="witnessYearLevel1_to"><interp>1751</interp></interpGrp>
      <interpGrp type="witnessMonthLevel1_to"><interp>9</interp></interpGrp>
      <interpGrp type="witnessMonthLevel1_from"><interp>9</interp></interpGrp>
      <interpGrp type="witnessDayLevel1_to"><interp>24</interp></interpGrp>
      <interpGrp type="witnessDayLevel1_from"><interp>24</interp></interpGrp>
      <interpGrp type="authorLevel1"><interp>Mossel</interp><interp>Cluysenaar</interp><interp>Van Broyel</interp><interp>Van der Waeyen</interp><interp>Van der Parra</interp><interp>Van der Spar</interp><interp>Loten</interp><interp>Steijn van Gollenesse</interp></interpGrp>
      <interpGrp type="pid"><interp>INT_9859bbe7-d2e3-3e0c-b5bf-134aca6bc5f5</interp></interpGrp>
    </bibl>
          </listBibl>
        </sourceDesc>
      </fileDesc>
    </teiHeader>
                <text xml:id="INT_9859bbe7-d2e3-3e0c-b5bf-134aca6bc5f5.TEI.1.text.1">
                  <body xml:id="INT_9859bbe7-d2e3-3e0c-b5bf-134aca6bc5f5.TEI.1.text.1.body.1">
                    <div xml:id="INT_9859bbe7-d2e3-3e0c-b5bf-134aca6bc5f5.TEI.1.text.1.body.1.div.1"><div xml:id="INT_9859bbe7-d2e3-3e0c-b5bf-134aca6bc5f5.TEI.1.text.1.body.1.div.1.div.1" type="subdivision_for_sake_of_validation">
        
              <pb xml:id="INT_9859bbe7-d2e3-3e0c-b5bf-134aca6bc5f5.TEI.1.text.1.body.1.div.1.div.1.pb.1" n="89" facs="http://resources.huygens.knaw.nl/retroapp/service_generalemissiven/gm_12/images/generale_missiven_gs257_089.tif"/><fw xml:id="INT_9859bbe7-d2e3-3e0c-b5bf-134aca6bc5f5.TEI.1.text.1.body.1.div.1.div.1.fw.1" place="top" type="head" facs="#zone.1858949" xmlns="http://www.tei-c.org/ns/1.0">VI. JACOB MOSSEL, JOHANNES MATTHEUS CLUYSENAAR, AREND VANBROYEL, JACOB VAN DER WAEYEN, PETRUS ALBERTUS VAN DER PARRA,JURGEN VAN DER SPAR, JOAN GIDEON LOTEN en JULIUS VALENTIJN STEUNVAN GOLLENESSE, BATAVIA 24 september 1751.Kol. Arch. 2660, VOC 2768, fol. 5-23.</fw><note xml:id="INT_9859bbe7-d2e3-3e0c-b5bf-134aca6bc5f5.TEI.1.text.1.body.1.div.1.div.1.note.1" xml:lang="nl" place="inline" type="editorial-summary" resp="editor" rend="font-style: italic; line-height: 14.4pt; text-indent: 16.0pt; text-align: justify; font-size: 12" xmlns="http://www.tei-c.org/ns/1.0">(Op 20 mei en <hi rend="font-size:12; font-family:Liberation Serif" xml:lang="nl">22</hi> juli heeft Batavia brieven ontvangen van Heren XVII van 18 september<lb/> en 21 november 1750,)<lb/></note><p xml:id="INT_9859bbe7-d2e3-3e0c-b5bf-134aca6bc5f5.TEI.1.text.1.body.1.div.1.div.1.p.1" resp="int_paragraph_joining" rend="">
              - in welker eerbiedige rescriptie conform gehoude besoignes den <hi rend="font-size:12; font-family:Liberation Serif; font-style:italic" xml:lang="nl" xmlns="http://www.tei-c.org/ns/1.0">T</hi> en 10e junij,<lb xmlns="http://www.tei-c.org/ns/1.0"/>le julij, 6e en 27e augustus dienen, dat het hok tusschendeks ter berging van fijne thee op<lb xmlns="http://www.tei-c.org/ns/1.0"/> de schepen die uyt China thuys varen, aldaar thans gemaakt en g’employeert werd sonder<lb xmlns="http://www.tei-c.org/ns/1.0"/> eenig tegenspreken.<lb xmlns="http://www.tei-c.org/ns/1.0"/>
            </p><p xml:id="INT_9859bbe7-d2e3-3e0c-b5bf-134aca6bc5f5.TEI.1.text.1.body.1.div.1.div.1.p.2" xml:lang="nl" rend="font-size: 12; text-align: justify; line-height: 14.4pt; text-indent: 16.0pt" xmlns="http://www.tei-c.org/ns/1.0">Dat de ducaeten ter custe Madure wesentlijk uytgegeven zijn, tegen 26 schellingen ’t<lb/> pees off ƒ7,16 Hollands, en dat deselve zijn geweest Venetiaanse en Hollandse en ook<lb/> in de eerste jaren althoos wel tusschen de ses en seven guldens zullen kunnen uytgegeven<lb/> werden, so te dier custe als langs Mallabaar, indien U Ed. Hoogagtb. de goedheyd<lb/> gelieven te hebben per de Ceylonse scheepen 20.000 voor Ceylon en 20.000 voor Mallabaar<lb/> jaarlijx te laten afschepen.<lb/></p><p xml:id="INT_9859bbe7-d2e3-3e0c-b5bf-134aca6bc5f5.TEI.1.text.1.body.1.div.1.div.1.p.3" xml:lang="nl" rend="font-size: 12; text-align: justify; line-height: 14.4pt; text-indent: 16.0pt" xmlns="http://www.tei-c.org/ns/1.0">Dat men de bediendens ten zoldijcomptoire gewaarschouwt heeft beter te letten op ’t<lb/> tijdig afsenden van de zoldijreecquenings der gemeene, opdat zulx niet strecke tot vermeerdering<lb/> van de desertie, gelijk omtrent Mallabaar was voorgewend, hoewel ’t opperhoofd<lb/> van de logie bij nevensgaand berigt aanthoond dat onder de weglopers in anno<lb/> 1747/48 eenelijk vijff stux op schuldreecquening gelopen hebben en welke ontstentenis<lb/> door haastig vertrek bijgekomen is, anders zoude men dier agterstallen hebben doen vergoeden,<lb/> gelijk in ’t vervolg des weder voorkomende staat te geschieden.<lb/></p><p xml:id="INT_9859bbe7-d2e3-3e0c-b5bf-134aca6bc5f5.TEI.1.text.1.body.1.div.1.div.1.p.4" xml:lang="nl" rend="font-size: 12; text-align: justify; line-height: 14.4pt; text-indent: 16.0pt" xmlns="http://www.tei-c.org/ns/1.0">Dat men d’ interdictie tegen den aanbreng van ongepermitteerde goederen met de uytkomende<lb/> schepen ter uytvoering aanbevolen heeft aan den water- en landfiscaal niet<lb/> alleen, maar ook aan alle de officiers en andere die tegen verboden handel mogen en moeten<lb/> waken - .<lb/></p><p xml:id="INT_9859bbe7-d2e3-3e0c-b5bf-134aca6bc5f5.TEI.1.text.1.body.1.div.1.div.1.p.5" xml:lang="nl" rend="font-size: 12; text-align: justify; line-height: 14.4pt; text-indent: 16.0pt" xmlns="http://www.tei-c.org/ns/1.0">Dat weesmeesteren telkens hun ledig leggend geld bij de Compagnie gebragt hebben<lb/> sonder sig nog te bedienen van de verleende qualificatie tot ’t inkopen van actiën in de<lb/> Bank van Leening, schoon ook dese getelde capitaaltjes niets hebben konnen toebrengen<lb/> tot stoppingh van Compagnies behoef, maar men nog al voortgaan moet om geld tegen<lb/> 6 percent op te nemen en op Ceylon en om de verdere west wel tegen twaalf percent.<lb/></p><p xml:id="INT_9859bbe7-d2e3-3e0c-b5bf-134aca6bc5f5.TEI.1.text.1.body.1.div.1.div.1.p.6" xml:lang="nl" rend="font-size: 12; text-align: justify; line-height: 14.4pt; text-indent: 16.0pt" xmlns="http://www.tei-c.org/ns/1.0">Dat men het land Buytensorg, mits d’ erven van Zijn Excellentie baron Van Imhoff<lb/> (L.M.) niet in staat waren dat te beheeren nog te laten beheeren, per taxatie tegen 5500<lb/> rds. afgestaan heeft aan den gouvemeur-generaal Jacob Mossel, die ook wegens de verbetering<lb/> met de weeskamer, als dien boedel onder sig hebbende, overeengekomen is in<lb/> verwagtinge van Uw Edele Hoogagtb. goedkeurend welbehagen, als zijnde gereguleert<lb/> na Uw Edele Hoogagtb. bevel en voorschrift ten meesten voordeele van de Compagnie.<lb/></p><p xml:id="INT_9859bbe7-d2e3-3e0c-b5bf-134aca6bc5f5.TEI.1.text.1.body.1.div.1.div.1.p.7" xml:lang="nl" rend="font-size: 12; text-align: justify; line-height: 14.4pt; text-indent: 16.0pt" xmlns="http://www.tei-c.org/ns/1.0">Dat de tegenwoordige manier in ’t versenden der soldijboeken is herkomstig uyt een<lb/> genomen besluyt in ’t jaar 1740, dog dat als een beter ordre voortaan ingevolge Uw Edele<lb/> Hoogagtb. aanschrijvens alle de boeken, so origineele als duplicaate, zover mogelijk in<lb/> een jaar zullen versonden werden, en so ook de uytreysboeken van de scheepen ten allereersten.<lb/> Dat men het gemaakt reglement nopens de bagagie der thuysvaarders heeft laten<lb/> publiceeren en dies naakoming, daar het vereyscht, g’ ordonneert.<lb/></p><fw xml:id="INT_9859bbe7-d2e3-3e0c-b5bf-134aca6bc5f5.TEI.1.text.1.body.1.div.1.div.1.fw.2" type="bottom-page-number">89</fw><pb xml:id="INT_9859bbe7-d2e3-3e0c-b5bf-134aca6bc5f5.TEI.1.text.1.body.1.div.1.div.1.pb.2" n="90" facs="http://resources.huygens.knaw.nl/retroapp/service_generalemissiven/gm_12/images/generale_missiven_gs257_090.tif"/><fw xml:id="INT_9859bbe7-d2e3-3e0c-b5bf-134aca6bc5f5.TEI.1.text.1.body.1.div.1.div.1.fw.3" place="top" type="head" xml:lang="nl" rend="text-align:justify; line-height:13.3pt" facs="#zone.1863519" xmlns="http://www.tei-c.org/ns/1.0">Mossel VI 24 september 1751</fw><p xml:id="INT_9859bbe7-d2e3-3e0c-b5bf-134aca6bc5f5.TEI.1.text.1.body.1.div.1.div.1.p.8" xml:lang="nl" rend="font-size: 12; text-align: justify; line-height: 14.4pt; text-indent: 17.0pt" xmlns="http://www.tei-c.org/ns/1.0">Dat men omtrent de journalen sowel als omtrent de kaarten het nodige gereguleert<lb/> heeft, en bij meerder tijd dat werk voltooyen sal na Uw Edele Hoogagtb. prijselijke intentie.<lb/> Dat men omtrent de versending van the op vragt, ingevolge Uw Edele Hoogagtb.<lb/> g’eerde qualificatie, dienstig g’oordeelt heeft deselve nog te laten continueren in goede<lb/> soorten en onder de conditiën sedert twee jaren in treyn, om ieder coopman van zijn parthij<lb/> door den anderen te laten betalen de vragt van 8 of uyt 20 stuyvers per pond, totdat<lb/> Uw Edele Hoogagtb. ons nader ordre gelieven te laten toekomen, nevens de middelen<lb/> sufficiënt tot dien aparten handeltak, om dese en andere redenen ter besoigne van 1 julij<lb/> voormelt, waarbij ook besloten is het tekortkomende aan agt stuyvers per pond alhier te<lb/> doen invorderen, sover het de Bataviase ingesetenen aangaat.<lb/></p><p xml:id="INT_9859bbe7-d2e3-3e0c-b5bf-134aca6bc5f5.TEI.1.text.1.body.1.div.1.div.1.p.9" xml:lang="nl" rend="font-size: 12; text-align: justify; line-height: 14.4pt; text-indent: 17.0pt" xmlns="http://www.tei-c.org/ns/1.0">Dat men in stede van wissels voortaan assignatiën sal verleenen, hoewel dat voor de<lb/> reets op vorige conditie getelde gelden niet heeft konnen geschieden en er de telders vrij<lb/> wat tegen hebben, sodat het onses dunkens also goed was bij het vorige gebruyk te continueren,<lb/> om gerust en willig te blijven gauderen van een schelling per ducaton agio, dat<lb/> bij ruyme telling nogal een goede som bijbrengt aan Compagnies uytdelingen en waarop<lb/> wij derhalven U Edele Hoogagtb. nadere en gunstige dispositie implorere, terwijl den 14e<lb/> junij en 10e augustus aan schipper La Forcade toegestaan zijn diverse ontheffingen van<lb/> hetgene hem oneygen op reeckening gestelt was of onder passabele afschrijvingen konde<lb/> gerekent werden, waarmede dan weesmeesteren zullen wesen in staat gesteld dien boedel<lb/> te sluyten en ’t zaldo over te maken.<lb/></p><p xml:id="INT_9859bbe7-d2e3-3e0c-b5bf-134aca6bc5f5.TEI.1.text.1.body.1.div.1.div.1.p.10" xml:lang="nl" rend="font-size: 12; text-align: justify; line-height: 14.4pt; text-indent: 17.0pt" xmlns="http://www.tei-c.org/ns/1.0">De sware onderwigten op de in anno 1749 in Nederland ontfangene soekels foelij, of<lb/> een deel derselve, is volgens berigt der opperkooplieden deses casteels ontstaan door ’t<lb/> afscheepen van oude en nieuwe onder den anderen, om welke abuysen voor te komen,<lb/> heeft men geresolveert voortaan gene soeckels te laten afschepen die minder als 150 lb.<lb/> bruto wegen, sullende desulcke gehouden werden voor de jaarlijxe verbrandinge, dewijl<lb/> het een bekende saak is dat die specerij e bij lang overleggen in India sterk vermijterd.<lb/></p><p xml:id="INT_9859bbe7-d2e3-3e0c-b5bf-134aca6bc5f5.TEI.1.text.1.body.1.div.1.div.1.p.11" xml:lang="nl" rend="font-size: 12; text-align: justify; line-height: 14.4pt; text-indent: 17.0pt" xmlns="http://www.tei-c.org/ns/1.0">Omtrent de in Europa overgebragte canneelolij hebben d’ administrateurs van de medicinalen<lb/> winkel sodanigen verantwoording ingedient als hiernevens d’ eere hebben aan te<lb/> bieden, en daarop nog sodanige nadere praecautiën genomen als bij resolutie van<lb/> 27 augustus blijken, en wijders nae Ceylon de nodige enqueste aanbevolen, dewijl den<lb/> contanten verkoop in Bengalen enz. tegen ƒ 15,-,- de once geen gelegentheyd openlaat<lb/> die op hope van winst na Europa te vervoeren.<lb/></p><note xml:id="INT_9859bbe7-d2e3-3e0c-b5bf-134aca6bc5f5.TEI.1.text.1.body.1.div.1.div.1.note.2" xml:lang="nl" place="inline" type="editorial-summary" resp="editor" rend="font-style: italic; line-height: 13.3pt; text-indent: 17.0pt; text-align: justify; font-size: 12" xmlns="http://www.tei-c.org/ns/1.0">(Tot zover de beantwoording van de brieven van Heren XVII.<lb/></note><p xml:id="INT_9859bbe7-d2e3-3e0c-b5bf-134aca6bc5f5.TEI.1.text.1.body.1.div.1.div.1.p.12" xml:lang="nl" rend="font-size: 10.5; font-variant: small-caps; text-align: justify; line-height: 14.4pt" xmlns="http://www.tei-c.org/ns/1.0">Amboina<lb/></p><note xml:id="INT_9859bbe7-d2e3-3e0c-b5bf-134aca6bc5f5.TEI.1.text.1.body.1.div.1.div.1.note.3" xml:lang="nl" place="inline" type="editorial-summary" resp="editor" rend="font-style: italic; line-height: 14.4pt; text-indent: 17.0pt; text-align: justify; font-size: 12" xmlns="http://www.tei-c.org/ns/1.0">Amboina heeft dit jaar slechts 120.000 lb kruidnagels geleverd. Nederland krijgt hiervan<lb/> toch de helft)<lb/></note><p xml:id="INT_9859bbe7-d2e3-3e0c-b5bf-134aca6bc5f5.TEI.1.text.1.body.1.div.1.div.1.p.13" resp="int_paragraph_joining" rend="">
              - omdat men India in het volgende jaar nog met de ordinaire besending rijkelijk<lb xmlns="http://www.tei-c.org/ns/1.0"/>sal konnen voorsien, nadien ons hope gegeven werd op eene oegst van agt a tien maal<lb xmlns="http://www.tei-c.org/ns/1.0"/> hondertduysent ponden, eene quantiteyt waarmede w’ het verwaarloost articul van ’t<lb xmlns="http://www.tei-c.org/ns/1.0"/> nagelgewasch weder zouden te boven weesen, also de presente quantiteyt boomen hoop<lb xmlns="http://www.tei-c.org/ns/1.0"/> genoeg geeft op ten minsten mediocre inzamen in er tijd die toerey kende zullen zijn voor<lb xmlns="http://www.tei-c.org/ns/1.0"/> den eysch van Nederland en India.<lb xmlns="http://www.tei-c.org/ns/1.0"/>Ternate<lb xmlns="http://www.tei-c.org/ns/1.0"/>
            </p><note xml:id="INT_9859bbe7-d2e3-3e0c-b5bf-134aca6bc5f5.TEI.1.text.1.body.1.div.1.div.1.note.4" xml:lang="nl" place="inline" type="editorial-summary" resp="editor" rend="font-style: italic; line-height: 13.3pt; text-indent: 17.0pt; text-align: justify; font-size: 12" xmlns="http://www.tei-c.org/ns/1.0">(Vandaar een ‘ mooij parthijtje goud’ ontvangen.<lb/></note><fw xml:id="INT_9859bbe7-d2e3-3e0c-b5bf-134aca6bc5f5.TEI.1.text.1.body.1.div.1.div.1.fw.4" type="bottom-page-number">90</fw><pb xml:id="INT_9859bbe7-d2e3-3e0c-b5bf-134aca6bc5f5.TEI.1.text.1.body.1.div.1.div.1.pb.3" n="91" facs="http://resources.huygens.knaw.nl/retroapp/service_generalemissiven/gm_12/images/generale_missiven_gs257_091.tif"/><fw xml:id="INT_9859bbe7-d2e3-3e0c-b5bf-134aca6bc5f5.TEI.1.text.1.body.1.div.1.div.1.fw.5" place="top" type="head" facs="#zone.1866040" xmlns="http://www.tei-c.org/ns/1.0">Mossel VI 24 september 1751</fw><p xml:id="INT_9859bbe7-d2e3-3e0c-b5bf-134aca6bc5f5.TEI.1.text.1.body.1.div.1.div.1.p.14" xml:lang="nl" rend="font-size: 10.5; font-variant: small-caps; line-height: 14.7pt" xmlns="http://www.tei-c.org/ns/1.0">Makassar<lb/></p><note xml:id="INT_9859bbe7-d2e3-3e0c-b5bf-134aca6bc5f5.TEI.1.text.1.body.1.div.1.div.1.note.5" xml:lang="nl" place="inline" type="editorial-summary" resp="editor" rend="font-style: italic; line-height: 14.7pt; text-indent: 16.0pt; text-align: justify; font-size: 12" xmlns="http://www.tei-c.org/ns/1.0">Gouverneur Cornelis Rooseboom is overleden. De bondgenoten hebben besloten hulptroepen<lb/> ‘ tegen Bantams rebellen ’ naar Batavia te sturen.<lb/></note><p xml:id="INT_9859bbe7-d2e3-3e0c-b5bf-134aca6bc5f5.TEI.1.text.1.body.1.div.1.div.1.p.15" xml:lang="nl" rend="font-size: 10.5; font-variant: small-caps; line-height: 14.7pt" xmlns="http://www.tei-c.org/ns/1.0">Bandjarmasin<lb/></p><note xml:id="INT_9859bbe7-d2e3-3e0c-b5bf-134aca6bc5f5.TEI.1.text.1.body.1.div.1.div.1.note.6" xml:lang="nl" place="inline" type="editorial-summary" resp="editor" rend="font-style: italic; line-height: 14.7pt; text-indent: 16.0pt; text-align: justify; font-size: 12" xmlns="http://www.tei-c.org/ns/1.0">Door een slechte oogst en inlandse onlusten is slechts 70.000 Ib peper geleverd, af gezien<lb/> van de gebruikelijke voor de Chinese jonken besproken 500.000 Ib.<lb/></note><p xml:id="INT_9859bbe7-d2e3-3e0c-b5bf-134aca6bc5f5.TEI.1.text.1.body.1.div.1.div.1.p.16" xml:lang="nl" rend="font-size: 10.5; font-variant: small-caps; line-height: 14.4pt" xmlns="http://www.tei-c.org/ns/1.0">Siam<lb/></p><note xml:id="INT_9859bbe7-d2e3-3e0c-b5bf-134aca6bc5f5.TEI.1.text.1.body.1.div.1.div.1.note.7" xml:lang="nl" place="inline" type="editorial-summary" resp="editor" rend="font-style: italic; line-height: 14.4pt; text-indent: 16.0pt; text-align: justify; font-size: 12" xmlns="http://www.tei-c.org/ns/1.0">Van het in januari vandaar vertrokken schip heeft men nog niets vernomen. Batavia<lb/> heeft daarom weer een schip gestuurd om o.a. sapanhout te halen.<lb/></note><p xml:id="INT_9859bbe7-d2e3-3e0c-b5bf-134aca6bc5f5.TEI.1.text.1.body.1.div.1.div.1.p.17" xml:lang="nl" rend="font-size: 10.5; font-variant: small-caps; line-height: 11.6pt" xmlns="http://www.tei-c.org/ns/1.0">Palembang<lb/></p><note xml:id="INT_9859bbe7-d2e3-3e0c-b5bf-134aca6bc5f5.TEI.1.text.1.body.1.div.1.div.1.note.8" xml:lang="nl" place="inline" type="editorial-summary" resp="editor" rend="font-style: italic; margin-left: 1600; line-height: 13.3pt; text-align: justify; font-size: 12" xmlns="http://www.tei-c.org/ns/1.0">Dit kantoor heeft weinig peper maar veel tin geleverd.<lb/></note><p xml:id="INT_9859bbe7-d2e3-3e0c-b5bf-134aca6bc5f5.TEI.1.text.1.body.1.div.1.div.1.p.18" xml:lang="nl" rend="font-size: 10.5; font-variant: small-caps; line-height: 14.4pt" xmlns="http://www.tei-c.org/ns/1.0">China<lb/></p><note xml:id="INT_9859bbe7-d2e3-3e0c-b5bf-134aca6bc5f5.TEI.1.text.1.body.1.div.1.div.1.note.9" xml:lang="nl" place="inline" type="editorial-summary" resp="editor" rend="font-style: italic; line-height: 14.4pt; text-indent: 16.0pt; text-align: justify; font-size: 12" xmlns="http://www.tei-c.org/ns/1.0">Er zijn 3 schepen naar China vertrokken, met de supercargo voor China, Gaylard Rob-<lb/><hi rend="font-size:12; font-family:Liberation Serif; font-style:italic; letter-spacing:1.5pt" xml:lang="nl">bertsz en</hi> de supercargo voor Surat, Abraham Loofs. Twee schepen waren ‘ wat wanladen<lb/> ' door gebrek aan peper.<lb/></note><p xml:id="INT_9859bbe7-d2e3-3e0c-b5bf-134aca6bc5f5.TEI.1.text.1.body.1.div.1.div.1.p.19" xml:lang="nl" rend="font-size: 10.5; font-variant: small-caps; line-height: 11.6pt" xmlns="http://www.tei-c.org/ns/1.0">Japan<lb/></p><note xml:id="INT_9859bbe7-d2e3-3e0c-b5bf-134aca6bc5f5.TEI.1.text.1.body.1.div.1.div.1.note.10" xml:lang="nl" place="inline" type="editorial-summary" resp="editor" rend="font-style: italic; margin-left: 1600; line-height: 13.3pt; text-align: justify; font-size: 12" xmlns="http://www.tei-c.org/ns/1.0">Daarheen zijn 3 schepen vertrokken.)<lb/></note><p xml:id="INT_9859bbe7-d2e3-3e0c-b5bf-134aca6bc5f5.TEI.1.text.1.body.1.div.1.div.1.p.20" xml:lang="nl" rend="font-size: 10.5; font-variant: small-caps; line-height: 14.4pt" xmlns="http://www.tei-c.org/ns/1.0">Bengalen<lb/></p><p xml:id="INT_9859bbe7-d2e3-3e0c-b5bf-134aca6bc5f5.TEI.1.text.1.body.1.div.1.div.1.p.21" xml:lang="nl" rend="font-size: 11; text-align: justify; line-height: 14.4pt; text-indent: 16.0pt" xmlns="http://www.tei-c.org/ns/1.0">Bengale heeft 1000 kisten Patnase amfioen besorgt, en daar waren nog 200 kisten Baggerpoerse<lb/> opgekogt, die al spoedig moeten opdagen so men daar niet om verlegen geraken<lb/> sal, dat niet hopen also de Compagnie daarbij te veel lijd en daarbij niet in comparatie<lb/> komt ’tgeene op andere retouren kan geprofiteerd werden, hetwelk w’ denken dat<lb/> bij de bediendens in goede consideratie sal komen in het nog duurend geldgebrek.<lb/></p></div><div xml:id="INT_9859bbe7-d2e3-3e0c-b5bf-134aca6bc5f5.TEI.1.text.1.body.1.div.1.div.2" type="subdivision_for_sake_of_validation"><head xml:id="INT_9859bbe7-d2e3-3e0c-b5bf-134aca6bc5f5.TEI.1.text.1.body.1.div.1.div.2.head.1" xml:lang="nl" rend="font-size: 10.5; line-height: 14.4pt" xmlns="http://www.tei-c.org/ns/1.0">COROMANDEL<lb/></head><p xml:id="INT_9859bbe7-d2e3-3e0c-b5bf-134aca6bc5f5.TEI.1.text.1.body.1.div.1.div.2.p.1" resp="int_paragraph_joining" rend="">
              Chormandel is in een gansch verwarden staat omtrent de moorse regering, en de Fransen<lb xmlns="http://www.tei-c.org/ns/1.0"/> hebben desel ve als onder ’t sim1, bedrijvende tegelijk so tegen d’ Engelse als de<lb xmlns="http://www.tei-c.org/ns/1.0"/> Nederlandse Compagnie veele verregaande hostiliteyten, insonderheyt te Masulipatnam,<lb xmlns="http://www.tei-c.org/ns/1.0"/> daar z’ overwinnaars zijnde van geen privelegiën willen weeten maar d’ onse als onderdanen<lb xmlns="http://www.tei-c.org/ns/1.0"/> tracteren, en waarom men goedgevonden heeft op de propositie van den gouvemeurgeneraal,<lb xmlns="http://www.tei-c.org/ns/1.0"/> ingelijst ter resolutie van 28 may, dat comptoir in ’t geheel te abandonneren en<lb xmlns="http://www.tei-c.org/ns/1.0"/> dies opperhoofden en omslag te menageren, mitsgaders van het bijgelege comptoir Palicol<lb xmlns="http://www.tei-c.org/ns/1.0"/> den insaam en verkoop zoals z’ op Masulipatnam plag te geschieden, te laten waarnemen<lb xmlns="http://www.tei-c.org/ns/1.0"/> en meteenen de kopermunt die de Compagnie daar vanwegen den mogol heeft.<lb xmlns="http://www.tei-c.org/ns/1.0"/>Ceylon<lb xmlns="http://www.tei-c.org/ns/1.0"/>
            </p><p xml:id="INT_9859bbe7-d2e3-3e0c-b5bf-134aca6bc5f5.TEI.1.text.1.body.1.div.1.div.2.p.2" resp="int_paragraph_joining" rend="">
              Ceylon bekomt een redelijke som aan goud en silver tot den insaam, dog het ware te<lb xmlns="http://www.tei-c.org/ns/1.0"/> wenschen dat Uw Edele Hoogagtb. haren eysch van ducaten hadden gelieven te voldoen,<lb xmlns="http://www.tei-c.org/ns/1.0"/> alzo w’ in verre na niet in staat zijn de goudeyssen der westerse comptoiren te besorgen,<lb xmlns="http://www.tei-c.org/ns/1.0"/><note xml:id="INT_9859bbe7-d2e3-3e0c-b5bf-134aca6bc5f5.TEI.1.text.1.body.1.div.1.div.2.p.2.note.1" xml:lang="nl" rend="font-size: 10.5; text-align: justify; line-height: 11.4pt; margin-left: 1600" xmlns="http://www.tei-c.org/ns/1.0">Sim: snoer, touw. Iemand onder het sim hebben: iemand onder de duim hebben, gezag over<lb/> iemand hebben.<lb/></note><fw xml:id="INT_9859bbe7-d2e3-3e0c-b5bf-134aca6bc5f5.TEI.1.text.1.body.1.div.1.div.2.p.2.fw.1" type="bottom-page-number">91</fw><pb xml:id="INT_9859bbe7-d2e3-3e0c-b5bf-134aca6bc5f5.TEI.1.text.1.body.1.div.1.div.2.p.2.pb.1" n="92" facs="http://resources.huygens.knaw.nl/retroapp/service_generalemissiven/gm_12/images/generale_missiven_gs257_092.tif"/><fw xml:id="INT_9859bbe7-d2e3-3e0c-b5bf-134aca6bc5f5.TEI.1.text.1.body.1.div.1.div.2.p.2.fw.2" place="top" type="head" xml:lang="nl" rend="text-align:justify; line-height:13.3pt" facs="#zone.1868588" xmlns="http://www.tei-c.org/ns/1.0">Mossel VI 24 september 1751</fw>versoekende derhalven eerbiedig per de jaarlijkse na Ceylon uytlopende scheepen, 20.000<lb xmlns="http://www.tei-c.org/ns/1.0"/> ducaten voor Ceylon en gelijk getal voor Mallabaar te willen laten voldoen. Dit gouvernement<lb xmlns="http://www.tei-c.org/ns/1.0"/> heeft ook drie scheepsladingen met rijst gekreegen en is mits ruymen voorraad<lb xmlns="http://www.tei-c.org/ns/1.0"/> nog een vierde na Nagapatnam gezonden om, daar onbenodigt zijnde, mede na Ceylon<lb xmlns="http://www.tei-c.org/ns/1.0"/> te stevenen.<lb xmlns="http://www.tei-c.org/ns/1.0"/>Malabar<lb xmlns="http://www.tei-c.org/ns/1.0"/>
            </p><p xml:id="INT_9859bbe7-d2e3-3e0c-b5bf-134aca6bc5f5.TEI.1.text.1.body.1.div.1.div.2.p.3" resp="int_paragraph_joining" rend="">
              Ter custe Mallabaar blijft het nog sonder vredebreuk schoon den sammorijn ons met<lb xmlns="http://www.tei-c.org/ns/1.0"/> zijne geweldplegingen schijnt te tergen om daartoe te komen, egter zal ’t secours van<lb xmlns="http://www.tei-c.org/ns/1.0"/> manschap maar sober konnen vallen, en is het schip Padmos, anno passato na Cochim<lb xmlns="http://www.tei-c.org/ns/1.0"/> gedepecheerd en waarop den predikant Grise was, niet teregtgekomen.<lb xmlns="http://www.tei-c.org/ns/1.0"/>Mokka<lb xmlns="http://www.tei-c.org/ns/1.0"/>
            </p><note xml:id="INT_9859bbe7-d2e3-3e0c-b5bf-134aca6bc5f5.TEI.1.text.1.body.1.div.1.div.2.note.1" xml:lang="nl" place="inline" type="editorial-summary" resp="editor" rend="font-style: italic; line-height: 13.3pt; text-indent: 16.0pt; text-align: justify; font-size: 12" xmlns="http://www.tei-c.org/ns/1.0">(Daarheen is de Sparenrijk vertrokken via Coromandel en Bengalen.<lb/></note><p xml:id="INT_9859bbe7-d2e3-3e0c-b5bf-134aca6bc5f5.TEI.1.text.1.body.1.div.1.div.2.p.4" xml:lang="nl" rend="font-size: 11; font-variant: small-caps; text-align: justify; line-height: 12.2pt" xmlns="http://www.tei-c.org/ns/1.0">Basra<lb/></p><note xml:id="INT_9859bbe7-d2e3-3e0c-b5bf-134aca6bc5f5.TEI.1.text.1.body.1.div.1.div.2.note.2" xml:lang="nl" place="inline" type="editorial-summary" resp="editor" rend="font-style: italic; line-height: 13.3pt; text-indent: 16.0pt; text-align: justify; font-size: 12" xmlns="http://www.tei-c.org/ns/1.0">Daarheen zijn 3 schepen gezonden. Met de handel gaat het vrij goed.)<lb/></note><p xml:id="INT_9859bbe7-d2e3-3e0c-b5bf-134aca6bc5f5.TEI.1.text.1.body.1.div.1.div.2.p.5" xml:lang="nl" rend="font-size: 11; font-variant: small-caps; text-align: justify; line-height: 14.7pt" xmlns="http://www.tei-c.org/ns/1.0">Gamron<lb/></p><p xml:id="INT_9859bbe7-d2e3-3e0c-b5bf-134aca6bc5f5.TEI.1.text.1.body.1.div.1.div.2.p.6" resp="int_paragraph_joining" rend="">
              Gamron is door den resident Schoonderwoert wat schielijk verlaten om de Persise<lb xmlns="http://www.tei-c.org/ns/1.0"/> rijksonlusten, en daarom probeert men het met een scheepje na Masquette.<lb xmlns="http://www.tei-c.org/ns/1.0"/>Java<lb xmlns="http://www.tei-c.org/ns/1.0"/>
            </p><p xml:id="INT_9859bbe7-d2e3-3e0c-b5bf-134aca6bc5f5.TEI.1.text.1.body.1.div.1.div.2.p.7" resp="int_paragraph_joining" rend="">
              Java’s twede rijksbestierder gestorven zijnde, heeft men daartoe gedespicieert den Pranaragas<lb xmlns="http://www.tei-c.org/ns/1.0"/> regent, mits aannemende zijn bestier beoosten Soeracarta van rebellen gesuyverd<lb xmlns="http://www.tei-c.org/ns/1.0"/> te houden als de Compagnie daartoe vooreerst nog eenige bijstand verleend, gelijk den<lb xmlns="http://www.tei-c.org/ns/1.0"/> eersten rijksbestierder, in gezandschap alhier geweest zijnde, besworen heeft omtrent de<lb xmlns="http://www.tei-c.org/ns/1.0"/> west te zullen doen, en waartoe de hope te gegronder is door de dood van den gevaarlijksten<lb xmlns="http://www.tei-c.org/ns/1.0"/> rebel Maas Saïd, alias Mancoenagara.<lb xmlns="http://www.tei-c.org/ns/1.0"/>Bantam<lb xmlns="http://www.tei-c.org/ns/1.0"/>
            </p><p xml:id="INT_9859bbe7-d2e3-3e0c-b5bf-134aca6bc5f5.TEI.1.text.1.body.1.div.1.div.2.p.8" resp="int_paragraph_joining" rend="">
              Bantam heeft wat lugt gekregen door ’t opslaan der rebellen van voor die plaats, nadat<lb xmlns="http://www.tei-c.org/ns/1.0"/> een deel derselve onder Kee Tappa in de Jaccatrase landen gevallen veele verwoestingen<lb xmlns="http://www.tei-c.org/ns/1.0"/> aangeregt en vier suykermolens afgebrand, door alle weerbare manschap tegengegaan, t’<lb xmlns="http://www.tei-c.org/ns/1.0"/> een- en andermaal geslagen, daaruyt gedreven waren. Sedert zijn z’ boven Bantam nog<lb xmlns="http://www.tei-c.org/ns/1.0"/> eens gevoelig gehavend en daarop te samen na de berg Monara geweken, alwaar onse<lb xmlns="http://www.tei-c.org/ns/1.0"/> manschap haar tot nog tevergeefs uytlokt, konnende de berg qualijk beklommen werden<lb xmlns="http://www.tei-c.org/ns/1.0"/> zo er eenige defensie van boven geschied, zulx de daar leggende 400 rebellen het nogal<lb xmlns="http://www.tei-c.org/ns/1.0"/> wat konnen uythouden, dat te quader sal komen nadien de ophanden zijnde regentijd derselver<lb xmlns="http://www.tei-c.org/ns/1.0"/> vervolging beswaarlijk maken sal en ons hoopje volk weder seer doen smelten, en<lb xmlns="http://www.tei-c.org/ns/1.0"/> van de rust dependeert ook geheel den afbreng van peper, so uyt ’t Bantamse als Lamponse,<lb xmlns="http://www.tei-c.org/ns/1.0"/> blijvende ’t dus alsnog bij beloften. Intussen sijn al de notenboomen ten getalle<lb xmlns="http://www.tei-c.org/ns/1.0"/> van 88 vrugtdragende en diverse kleene door ’s prinsen en Compagnies volk uytgeroeyt<lb xmlns="http://www.tei-c.org/ns/1.0"/> en sal men daarop jaarlijks doen letten.<lb xmlns="http://www.tei-c.org/ns/1.0"/><fw xml:id="INT_9859bbe7-d2e3-3e0c-b5bf-134aca6bc5f5.TEI.1.text.1.body.1.div.1.div.2.p.8.fw.1" type="bottom-page-number">92</fw><pb xml:id="INT_9859bbe7-d2e3-3e0c-b5bf-134aca6bc5f5.TEI.1.text.1.body.1.div.1.div.2.p.8.pb.1" n="93" facs="http://resources.huygens.knaw.nl/retroapp/service_generalemissiven/gm_12/images/generale_missiven_gs257_093.tif"/><fw xml:id="INT_9859bbe7-d2e3-3e0c-b5bf-134aca6bc5f5.TEI.1.text.1.body.1.div.1.div.2.p.8.fw.2" place="top" type="head" facs="#zone.1870981" xmlns="http://www.tei-c.org/ns/1.0">Mossel VI 24 september 1751</fw>Batavia<lb xmlns="http://www.tei-c.org/ns/1.0"/>
            </p><note xml:id="INT_9859bbe7-d2e3-3e0c-b5bf-134aca6bc5f5.TEI.1.text.1.body.1.div.1.div.2.note.3" xml:lang="nl" place="inline" type="editorial-summary" resp="editor" rend="font-style: italic; line-height: 14.4pt; text-indent: 16.0pt; text-align: justify; font-size: 12" xmlns="http://www.tei-c.org/ns/1.0">(Ordinaris raad Daniël Overbeek is op 9 juli overleden. In juni is oud- gouverneur -<lb/> generaal Adriaan Valckenier overleden.)<lb/></note><p xml:id="INT_9859bbe7-d2e3-3e0c-b5bf-134aca6bc5f5.TEI.1.text.1.body.1.div.1.div.2.p.9" xml:lang="nl" rend="font-size: 12; text-align: justify; line-height: 14.4pt; text-indent: 16.0pt" xmlns="http://www.tei-c.org/ns/1.0">De ropij-munt is om de onvoordeligheyd ingetrocken, sodat men buyten de ducatons<lb/> wel eenig kleendergeld sal nodig hebben, hetzij de versogte ropia’s of een ton aan gekartelde<lb/> guldens, daalders, rijxdaalders en drie-gulden-stucken ter preuve, item half en quart<lb/> gekarteld Spaans, welke alle met gelijk voordeel als ducatons zullen uyt te geven zijn.<lb/></p><p xml:id="INT_9859bbe7-d2e3-3e0c-b5bf-134aca6bc5f5.TEI.1.text.1.body.1.div.1.div.2.p.10" xml:lang="nl" rend="font-size: 12; text-align: justify; line-height: 14.4pt; text-indent: 16.0pt" xmlns="http://www.tei-c.org/ns/1.0">In may jongstleden heeft men weder moeten resolveren een negotiatie van 2 a 300.000<lb/> rds. a 6 percent, en in augustus aan de crediteuren van de negotiatie d’ anno 1748 accorderen<lb/> het genegotieerde te laten voortlopen tegen gelijke intrest, dat alweder de schulden<lb/> vermeerdert en tot welker aflossing geen apparentie is voor ’t bekomen van een dubbelt<lb/> ontzet, dat nu te eer mogen verwagten, daar de jongst gedane besending volgens formeele<lb/> liquidatie een ongehoorde som van ƒ9.630.682,3,8 komt te belopen, want daar sulke<lb/> bressen komen kan een kleen India’s winstje niets stoppen, anders maakt het nog een<lb/> articul van genoegen Batavia’s negotieboeken van anno 1750/51 geslooten te zien met<lb/> een advans van ƒ 301.588,4,-.<lb/></p><p xml:id="INT_9859bbe7-d2e3-3e0c-b5bf-134aca6bc5f5.TEI.1.text.1.body.1.div.1.div.2.p.11" resp="int_paragraph_joining" rend="">
              Het Engels koningsscheepje The Swalouw met zijn medegevoerde 190 kisten amfioen<lb xmlns="http://www.tei-c.org/ns/1.0"/>- is op 21 november in de mond der Banjermassingse rivier gearriveerd, en eerst den<lb xmlns="http://www.tei-c.org/ns/1.0"/>20e jann. en door contrarie wind weder teruggekomen zijnde, andermaal den 22e maart na<lb xmlns="http://www.tei-c.org/ns/1.0"/> de Straat van Malacca voortgestevend sonder dat ’t hem gelukt is enigen handel van naam<lb xmlns="http://www.tei-c.org/ns/1.0"/> te drijven. Alles omstandig te beogen bij Banjermassingse aparte brieff van 10 mey en<lb xmlns="http://www.tei-c.org/ns/1.0"/> een bijgevoegd briefje van capt. Henry Speke.<lb xmlns="http://www.tei-c.org/ns/1.0"/>
            </p><note xml:id="INT_9859bbe7-d2e3-3e0c-b5bf-134aca6bc5f5.TEI.1.text.1.body.1.div.1.div.2.note.4" xml:lang="nl" place="inline" type="editorial-summary" resp="editor" rend="font-style: italic; line-height: 14.4pt; text-indent: 16.0pt; text-align: justify; font-size: 12" xmlns="http://www.tei-c.org/ns/1.0">(In de nacht van 16 op 17 augustus heeft een zware brand gewoed)<lb/></note><p xml:id="INT_9859bbe7-d2e3-3e0c-b5bf-134aca6bc5f5.TEI.1.text.1.body.1.div.1.div.2.p.12" resp="int_paragraph_joining" rend="">
              - in een deel der westzijdse pakhuysen, in de morgenstond ontdekt, welke wel na<lb xmlns="http://www.tei-c.org/ns/1.0"/>wijnige uuren gestut en vervolgens gebluscht is door de bijgebragte hulpmiddelen van<lb xmlns="http://www.tei-c.org/ns/1.0"/> brandspuyten als anders, dog dewijl de brand al seer woede en ’t dak uytsloeg alvorens<lb xmlns="http://www.tei-c.org/ns/1.0"/> ontdekt wierd, heeft ’t vuur alles vernielt wat er in dat deel geborgen lag, waarvan de<lb xmlns="http://www.tei-c.org/ns/1.0"/> calculative memorie het bedragen begroot tot ruym vijf ton, konnende de oorsake van<lb xmlns="http://www.tei-c.org/ns/1.0"/> dien nog niet werden nagespeurt, nietjegenstaande men bij bij sittinge van den 17e den<lb xmlns="http://www.tei-c.org/ns/1.0"/> advocaat-fiscaal gelast heeft daar na alle mogelijke enqueste te doen, wesende de pakhuysen<lb xmlns="http://www.tei-c.org/ns/1.0"/> al aanstonts door de opperkooplieden des casteels versegeld en vervolgens door<lb xmlns="http://www.tei-c.org/ns/1.0"/> een expresse commissie geopend en onder handen genomen tot een generalen opneem<lb xmlns="http://www.tei-c.org/ns/1.0"/> onder eede, om dus het verlorene specificq te konnen nagaan en daarover de nodige dispositie<lb xmlns="http://www.tei-c.org/ns/1.0"/> nemen.<lb xmlns="http://www.tei-c.org/ns/1.0"/>
            </p><p xml:id="INT_9859bbe7-d2e3-3e0c-b5bf-134aca6bc5f5.TEI.1.text.1.body.1.div.1.div.2.p.13" resp="int_paragraph_joining" rend="">
              De uytkomende schepen sijn dit jaer - tamelijk tijdig aangeland, excepto Oost-<lb xmlns="http://www.tei-c.org/ns/1.0"/>huyzen dat nog mancqueerd, daarvan:<lb xmlns="http://www.tei-c.org/ns/1.0"/><table xml:id="INT_9859bbe7-d2e3-3e0c-b5bf-134aca6bc5f5.TEI.1.text.1.body.1.div.1.div.2.p.13.table.1" xmlns="http://www.tei-c.org/ns/1.0"><row xml:id="INT_9859bbe7-d2e3-3e0c-b5bf-134aca6bc5f5.TEI.1.text.1.body.1.div.1.div.2.p.13.table.1.row.1"><cell xml:id="INT_9859bbe7-d2e3-3e0c-b5bf-134aca6bc5f5.TEI.1.text.1.body.1.div.1.div.2.p.13.table.1.row.1.cell.1"><p xml:id="INT_9859bbe7-d2e3-3e0c-b5bf-134aca6bc5f5.TEI.1.text.1.body.1.div.1.div.2.p.13.table.1.row.1.cell.1.p.1" xml:lang="nl" rend="font-size: 12; line-height: 13.3pt" xmlns="http://www.tei-c.org/ns/1.0">den<lb/></p></cell><cell xml:id="INT_9859bbe7-d2e3-3e0c-b5bf-134aca6bc5f5.TEI.1.text.1.body.1.div.1.div.2.p.13.table.1.row.1.cell.2"><p xml:id="INT_9859bbe7-d2e3-3e0c-b5bf-134aca6bc5f5.TEI.1.text.1.body.1.div.1.div.2.p.13.table.1.row.1.cell.2.p.1" xml:lang="nl" rend="font-size: 12; line-height: 13.3pt; margin-left: 1000" xmlns="http://www.tei-c.org/ns/1.0">18<lb/></p></cell><cell xml:id="INT_9859bbe7-d2e3-3e0c-b5bf-134aca6bc5f5.TEI.1.text.1.body.1.div.1.div.2.p.13.table.1.row.1.cell.3"><p xml:id="INT_9859bbe7-d2e3-3e0c-b5bf-134aca6bc5f5.TEI.1.text.1.body.1.div.1.div.2.p.13.table.1.row.1.cell.3.p.1" xml:lang="nl" rend="font-size: 12; line-height: 13.3pt; margin-left: 1200" xmlns="http://www.tei-c.org/ns/1.0">may<lb/></p></cell><cell xml:id="INT_9859bbe7-d2e3-3e0c-b5bf-134aca6bc5f5.TEI.1.text.1.body.1.div.1.div.2.p.13.table.1.row.1.cell.4"><p xml:id="INT_9859bbe7-d2e3-3e0c-b5bf-134aca6bc5f5.TEI.1.text.1.body.1.div.1.div.2.p.13.table.1.row.1.cell.4.p.1" xml:lang="nl" rend="font-size: 12; line-height: 13.3pt; margin-left: 2600" xmlns="http://www.tei-c.org/ns/1.0">de Standvastigheyt<lb/></p></cell><cell xml:id="INT_9859bbe7-d2e3-3e0c-b5bf-134aca6bc5f5.TEI.1.text.1.body.1.div.1.div.2.p.13.table.1.row.1.cell.5"><p xml:id="INT_9859bbe7-d2e3-3e0c-b5bf-134aca6bc5f5.TEI.1.text.1.body.1.div.1.div.2.p.13.table.1.row.1.cell.5.p.1" xml:lang="nl" rend="font-size: 12; text-align: justify; line-height: 13.3pt; margin-left: 2200" xmlns="http://www.tei-c.org/ns/1.0">van Delft<lb/></p></cell></row><row xml:id="INT_9859bbe7-d2e3-3e0c-b5bf-134aca6bc5f5.TEI.1.text.1.body.1.div.1.div.2.p.13.table.1.row.2"><cell xml:id="INT_9859bbe7-d2e3-3e0c-b5bf-134aca6bc5f5.TEI.1.text.1.body.1.div.1.div.2.p.13.table.1.row.2.cell.1"><p xml:id="INT_9859bbe7-d2e3-3e0c-b5bf-134aca6bc5f5.TEI.1.text.1.body.1.div.1.div.2.p.13.table.1.row.2.cell.1.p.1" xml:lang="nl" rend="font-size: 12; line-height: 13.3pt" xmlns="http://www.tei-c.org/ns/1.0">»»<lb/></p></cell><cell xml:id="INT_9859bbe7-d2e3-3e0c-b5bf-134aca6bc5f5.TEI.1.text.1.body.1.div.1.div.2.p.13.table.1.row.2.cell.2"><p xml:id="INT_9859bbe7-d2e3-3e0c-b5bf-134aca6bc5f5.TEI.1.text.1.body.1.div.1.div.2.p.13.table.1.row.2.cell.2.p.1" xml:lang="nl" rend="font-size: 4; letter-spacing: 0.5pt; line-height: 4.4pt; margin-left: 1000" xmlns="http://www.tei-c.org/ns/1.0">**<lb/></p></cell><cell xml:id="INT_9859bbe7-d2e3-3e0c-b5bf-134aca6bc5f5.TEI.1.text.1.body.1.div.1.div.2.p.13.table.1.row.2.cell.3"><p xml:id="INT_9859bbe7-d2e3-3e0c-b5bf-134aca6bc5f5.TEI.1.text.1.body.1.div.1.div.2.p.13.table.1.row.2.cell.3.p.1" xml:lang="nl" rend="font-size: 4; letter-spacing: 0.5pt; line-height: 4.4pt; margin-left: 1200" xmlns="http://www.tei-c.org/ns/1.0">»»<lb/></p></cell><cell xml:id="INT_9859bbe7-d2e3-3e0c-b5bf-134aca6bc5f5.TEI.1.text.1.body.1.div.1.div.2.p.13.table.1.row.2.cell.4"><p xml:id="INT_9859bbe7-d2e3-3e0c-b5bf-134aca6bc5f5.TEI.1.text.1.body.1.div.1.div.2.p.13.table.1.row.2.cell.4.p.1" xml:lang="nl" rend="font-size: 12; line-height: 13.3pt; margin-left: 2600" xmlns="http://www.tei-c.org/ns/1.0">Sloten<lb/></p></cell><cell xml:id="INT_9859bbe7-d2e3-3e0c-b5bf-134aca6bc5f5.TEI.1.text.1.body.1.div.1.div.2.p.13.table.1.row.2.cell.5"><p xml:id="INT_9859bbe7-d2e3-3e0c-b5bf-134aca6bc5f5.TEI.1.text.1.body.1.div.1.div.2.p.13.table.1.row.2.cell.5.p.1" xml:lang="nl" rend="font-size: 12; text-align: justify; line-height: 13.3pt; margin-left: 2200" xmlns="http://www.tei-c.org/ns/1.0">„ Amsterdam<lb/></p></cell></row><row xml:id="INT_9859bbe7-d2e3-3e0c-b5bf-134aca6bc5f5.TEI.1.text.1.body.1.div.1.div.2.p.13.table.1.row.3"><cell xml:id="INT_9859bbe7-d2e3-3e0c-b5bf-134aca6bc5f5.TEI.1.text.1.body.1.div.1.div.2.p.13.table.1.row.3.cell.1"><p xml:id="INT_9859bbe7-d2e3-3e0c-b5bf-134aca6bc5f5.TEI.1.text.1.body.1.div.1.div.2.p.13.table.1.row.3.cell.1.p.1" xml:lang="nl" rend="font-size: 4; letter-spacing: 0.5pt; line-height: 4.4pt" xmlns="http://www.tei-c.org/ns/1.0">»»<lb/></p></cell><cell xml:id="INT_9859bbe7-d2e3-3e0c-b5bf-134aca6bc5f5.TEI.1.text.1.body.1.div.1.div.2.p.13.table.1.row.3.cell.2"><note xml:id="INT_9859bbe7-d2e3-3e0c-b5bf-134aca6bc5f5.TEI.1.text.1.body.1.div.1.div.2.p.13.table.1.row.3.cell.2.note.1" xml:lang="nl" place="inline" type="editorial-summary" resp="editor" rend="font-style: italic; margin-left: 1000; line-height: 4.4pt; letter-spacing: 1.0pt; font-size: 4" xmlns="http://www.tei-c.org/ns/1.0">ii<lb/></note></cell><cell xml:id="INT_9859bbe7-d2e3-3e0c-b5bf-134aca6bc5f5.TEI.1.text.1.body.1.div.1.div.2.p.13.table.1.row.3.cell.3"><p xml:id="INT_9859bbe7-d2e3-3e0c-b5bf-134aca6bc5f5.TEI.1.text.1.body.1.div.1.div.2.p.13.table.1.row.3.cell.3.p.1" xml:lang="nl" rend="font-size: 4; letter-spacing: 0.5pt; line-height: 4.4pt; margin-left: 1200" xmlns="http://www.tei-c.org/ns/1.0">»»<lb/></p></cell><cell xml:id="INT_9859bbe7-d2e3-3e0c-b5bf-134aca6bc5f5.TEI.1.text.1.body.1.div.1.div.2.p.13.table.1.row.3.cell.4"><p xml:id="INT_9859bbe7-d2e3-3e0c-b5bf-134aca6bc5f5.TEI.1.text.1.body.1.div.1.div.2.p.13.table.1.row.3.cell.4.p.1" xml:lang="nl" rend="font-size: 12; line-height: 13.3pt; margin-left: 2600" xmlns="http://www.tei-c.org/ns/1.0">Osdorp<lb/></p></cell><cell xml:id="INT_9859bbe7-d2e3-3e0c-b5bf-134aca6bc5f5.TEI.1.text.1.body.1.div.1.div.2.p.13.table.1.row.3.cell.5"><p xml:id="INT_9859bbe7-d2e3-3e0c-b5bf-134aca6bc5f5.TEI.1.text.1.body.1.div.1.div.2.p.13.table.1.row.3.cell.5.p.1" xml:lang="nl" rend="font-size: 12; text-align: justify; line-height: 13.3pt; margin-left: 2200" xmlns="http://www.tei-c.org/ns/1.0">„ Enkhuyzen<lb/></p></cell></row><row xml:id="INT_9859bbe7-d2e3-3e0c-b5bf-134aca6bc5f5.TEI.1.text.1.body.1.div.1.div.2.p.13.table.1.row.4"><cell xml:id="INT_9859bbe7-d2e3-3e0c-b5bf-134aca6bc5f5.TEI.1.text.1.body.1.div.1.div.2.p.13.table.1.row.4.cell.1"><p xml:id="INT_9859bbe7-d2e3-3e0c-b5bf-134aca6bc5f5.TEI.1.text.1.body.1.div.1.div.2.p.13.table.1.row.4.cell.1.p.1" xml:lang="nl" rend="font-size: 6.5; letter-spacing: 0.5pt; line-height: 7.2pt" xmlns="http://www.tei-c.org/ns/1.0">»»<lb/></p></cell><cell xml:id="INT_9859bbe7-d2e3-3e0c-b5bf-134aca6bc5f5.TEI.1.text.1.body.1.div.1.div.2.p.13.table.1.row.4.cell.2"><note xml:id="INT_9859bbe7-d2e3-3e0c-b5bf-134aca6bc5f5.TEI.1.text.1.body.1.div.1.div.2.p.13.table.1.row.4.cell.2.note.1" xml:lang="nl" place="inline" type="editorial-summary" resp="editor" rend="font-style: italic; margin-left: 1000; line-height: 4.4pt; letter-spacing: 1.0pt; font-size: 4" xmlns="http://www.tei-c.org/ns/1.0">ii<lb/></note></cell><cell xml:id="INT_9859bbe7-d2e3-3e0c-b5bf-134aca6bc5f5.TEI.1.text.1.body.1.div.1.div.2.p.13.table.1.row.4.cell.3"><p xml:id="INT_9859bbe7-d2e3-3e0c-b5bf-134aca6bc5f5.TEI.1.text.1.body.1.div.1.div.2.p.13.table.1.row.4.cell.3.p.1" xml:lang="nl" rend="font-size: 4; letter-spacing: 0.5pt; line-height: 4.4pt; margin-left: 1200" xmlns="http://www.tei-c.org/ns/1.0">»»<lb/></p></cell><cell xml:id="INT_9859bbe7-d2e3-3e0c-b5bf-134aca6bc5f5.TEI.1.text.1.body.1.div.1.div.2.p.13.table.1.row.4.cell.4"><p xml:id="INT_9859bbe7-d2e3-3e0c-b5bf-134aca6bc5f5.TEI.1.text.1.body.1.div.1.div.2.p.13.table.1.row.4.cell.4.p.1" xml:lang="nl" rend="font-size: 12; line-height: 13.3pt; margin-left: 2600" xmlns="http://www.tei-c.org/ns/1.0">Pasgeld<lb/></p></cell><cell xml:id="INT_9859bbe7-d2e3-3e0c-b5bf-134aca6bc5f5.TEI.1.text.1.body.1.div.1.div.2.p.13.table.1.row.4.cell.5"><p xml:id="INT_9859bbe7-d2e3-3e0c-b5bf-134aca6bc5f5.TEI.1.text.1.body.1.div.1.div.2.p.13.table.1.row.4.cell.5.p.1" xml:lang="nl" rend="font-size: 12; text-align: justify; line-height: 13.3pt; margin-left: 2200" xmlns="http://www.tei-c.org/ns/1.0">„ Delft<lb/></p></cell></row><row xml:id="INT_9859bbe7-d2e3-3e0c-b5bf-134aca6bc5f5.TEI.1.text.1.body.1.div.1.div.2.p.13.table.1.row.5"><cell xml:id="INT_9859bbe7-d2e3-3e0c-b5bf-134aca6bc5f5.TEI.1.text.1.body.1.div.1.div.2.p.13.table.1.row.5.cell.1"><p xml:id="INT_9859bbe7-d2e3-3e0c-b5bf-134aca6bc5f5.TEI.1.text.1.body.1.div.1.div.2.p.13.table.1.row.5.cell.1.p.1" rend="line-height:-0.01pt" xmlns="http://www.tei-c.org/ns/1.0"/></cell><cell xml:id="INT_9859bbe7-d2e3-3e0c-b5bf-134aca6bc5f5.TEI.1.text.1.body.1.div.1.div.2.p.13.table.1.row.5.cell.2"><note xml:id="INT_9859bbe7-d2e3-3e0c-b5bf-134aca6bc5f5.TEI.1.text.1.body.1.div.1.div.2.p.13.table.1.row.5.cell.2.note.1" xml:lang="nl" place="inline" type="editorial-summary" resp="editor" rend="font-style: italic; margin-left: 1000; line-height: 4.4pt; letter-spacing: 1.0pt; font-size: 4" xmlns="http://www.tei-c.org/ns/1.0">ii<lb/></note></cell><cell xml:id="INT_9859bbe7-d2e3-3e0c-b5bf-134aca6bc5f5.TEI.1.text.1.body.1.div.1.div.2.p.13.table.1.row.5.cell.3"><p xml:id="INT_9859bbe7-d2e3-3e0c-b5bf-134aca6bc5f5.TEI.1.text.1.body.1.div.1.div.2.p.13.table.1.row.5.cell.3.p.1" rend="line-height:-0.01pt; margin-left:1200" xmlns="http://www.tei-c.org/ns/1.0"/></cell><cell xml:id="INT_9859bbe7-d2e3-3e0c-b5bf-134aca6bc5f5.TEI.1.text.1.body.1.div.1.div.2.p.13.table.1.row.5.cell.4"><p xml:id="INT_9859bbe7-d2e3-3e0c-b5bf-134aca6bc5f5.TEI.1.text.1.body.1.div.1.div.2.p.13.table.1.row.5.cell.4.p.1" xml:lang="nl" rend="font-size: 12; line-height: 13.3pt; margin-left: 2600" xmlns="http://www.tei-c.org/ns/1.0">Leckerland<lb/></p></cell><cell xml:id="INT_9859bbe7-d2e3-3e0c-b5bf-134aca6bc5f5.TEI.1.text.1.body.1.div.1.div.2.p.13.table.1.row.5.cell.5"><p xml:id="INT_9859bbe7-d2e3-3e0c-b5bf-134aca6bc5f5.TEI.1.text.1.body.1.div.1.div.2.p.13.table.1.row.5.cell.5.p.1" xml:lang="nl" rend="font-size: 12; text-align: justify; line-height: 13.3pt; margin-left: 2200" xmlns="http://www.tei-c.org/ns/1.0">„ Zeeland<lb/></p></cell></row><row xml:id="INT_9859bbe7-d2e3-3e0c-b5bf-134aca6bc5f5.TEI.1.text.1.body.1.div.1.div.2.p.13.table.1.row.6"><cell xml:id="INT_9859bbe7-d2e3-3e0c-b5bf-134aca6bc5f5.TEI.1.text.1.body.1.div.1.div.2.p.13.table.1.row.6.cell.1"><p xml:id="INT_9859bbe7-d2e3-3e0c-b5bf-134aca6bc5f5.TEI.1.text.1.body.1.div.1.div.2.p.13.table.1.row.6.cell.1.p.1" xml:lang="nl" rend="font-size: 12; line-height: 13.3pt" xmlns="http://www.tei-c.org/ns/1.0">»»<lb/></p></cell><cell xml:id="INT_9859bbe7-d2e3-3e0c-b5bf-134aca6bc5f5.TEI.1.text.1.body.1.div.1.div.2.p.13.table.1.row.6.cell.2"><note xml:id="INT_9859bbe7-d2e3-3e0c-b5bf-134aca6bc5f5.TEI.1.text.1.body.1.div.1.div.2.p.13.table.1.row.6.cell.2.note.1" xml:lang="nl" place="inline" type="editorial-summary" resp="editor" rend="font-style: italic; margin-left: 1000; line-height: 4.4pt; letter-spacing: 1.0pt; font-size: 4" xmlns="http://www.tei-c.org/ns/1.0">ii<lb/></note></cell><cell xml:id="INT_9859bbe7-d2e3-3e0c-b5bf-134aca6bc5f5.TEI.1.text.1.body.1.div.1.div.2.p.13.table.1.row.6.cell.3"><p xml:id="INT_9859bbe7-d2e3-3e0c-b5bf-134aca6bc5f5.TEI.1.text.1.body.1.div.1.div.2.p.13.table.1.row.6.cell.3.p.1" rend="line-height:-0.01pt; margin-left:1200" xmlns="http://www.tei-c.org/ns/1.0"/></cell><cell xml:id="INT_9859bbe7-d2e3-3e0c-b5bf-134aca6bc5f5.TEI.1.text.1.body.1.div.1.div.2.p.13.table.1.row.6.cell.4"><p xml:id="INT_9859bbe7-d2e3-3e0c-b5bf-134aca6bc5f5.TEI.1.text.1.body.1.div.1.div.2.p.13.table.1.row.6.cell.4.p.1" xml:lang="nl" rend="font-size: 12; line-height: 13.3pt; margin-left: 2600" xmlns="http://www.tei-c.org/ns/1.0">Elswout<lb/></p></cell><cell xml:id="INT_9859bbe7-d2e3-3e0c-b5bf-134aca6bc5f5.TEI.1.text.1.body.1.div.1.div.2.p.13.table.1.row.6.cell.5"><p xml:id="INT_9859bbe7-d2e3-3e0c-b5bf-134aca6bc5f5.TEI.1.text.1.body.1.div.1.div.2.p.13.table.1.row.6.cell.5.p.1" xml:lang="nl" rend="font-size: 12; text-align: justify; line-height: 13.3pt; margin-left: 2200" xmlns="http://www.tei-c.org/ns/1.0">„ Amsterdam<lb/></p></cell></row><row xml:id="INT_9859bbe7-d2e3-3e0c-b5bf-134aca6bc5f5.TEI.1.text.1.body.1.div.1.div.2.p.13.table.1.row.7"><cell xml:id="INT_9859bbe7-d2e3-3e0c-b5bf-134aca6bc5f5.TEI.1.text.1.body.1.div.1.div.2.p.13.table.1.row.7.cell.1"><p xml:id="INT_9859bbe7-d2e3-3e0c-b5bf-134aca6bc5f5.TEI.1.text.1.body.1.div.1.div.2.p.13.table.1.row.7.cell.1.p.1" xml:lang="nl" rend="font-size: 6.5; letter-spacing: 0.5pt; line-height: 7.2pt" xmlns="http://www.tei-c.org/ns/1.0">»»<lb/></p></cell><cell xml:id="INT_9859bbe7-d2e3-3e0c-b5bf-134aca6bc5f5.TEI.1.text.1.body.1.div.1.div.2.p.13.table.1.row.7.cell.2"><p xml:id="INT_9859bbe7-d2e3-3e0c-b5bf-134aca6bc5f5.TEI.1.text.1.body.1.div.1.div.2.p.13.table.1.row.7.cell.2.p.1" xml:lang="nl" rend="font-size: 12; line-height: 13.3pt; margin-left: 1000" xmlns="http://www.tei-c.org/ns/1.0">24<lb/></p></cell><cell xml:id="INT_9859bbe7-d2e3-3e0c-b5bf-134aca6bc5f5.TEI.1.text.1.body.1.div.1.div.2.p.13.table.1.row.7.cell.3"><p xml:id="INT_9859bbe7-d2e3-3e0c-b5bf-134aca6bc5f5.TEI.1.text.1.body.1.div.1.div.2.p.13.table.1.row.7.cell.3.p.1" rend="line-height:-0.01pt; margin-left:1200" xmlns="http://www.tei-c.org/ns/1.0"/></cell><cell xml:id="INT_9859bbe7-d2e3-3e0c-b5bf-134aca6bc5f5.TEI.1.text.1.body.1.div.1.div.2.p.13.table.1.row.7.cell.4"><p xml:id="INT_9859bbe7-d2e3-3e0c-b5bf-134aca6bc5f5.TEI.1.text.1.body.1.div.1.div.2.p.13.table.1.row.7.cell.4.p.1" xml:lang="nl" rend="font-size: 12; line-height: 13.3pt; margin-left: 2600" xmlns="http://www.tei-c.org/ns/1.0">Saamslag<lb/></p></cell><cell xml:id="INT_9859bbe7-d2e3-3e0c-b5bf-134aca6bc5f5.TEI.1.text.1.body.1.div.1.div.2.p.13.table.1.row.7.cell.5"><p xml:id="INT_9859bbe7-d2e3-3e0c-b5bf-134aca6bc5f5.TEI.1.text.1.body.1.div.1.div.2.p.13.table.1.row.7.cell.5.p.1" xml:lang="nl" rend="font-size: 12; text-align: justify; line-height: 13.3pt; margin-left: 2200" xmlns="http://www.tei-c.org/ns/1.0">„ Zeeland<lb/></p></cell></row><row xml:id="INT_9859bbe7-d2e3-3e0c-b5bf-134aca6bc5f5.TEI.1.text.1.body.1.div.1.div.2.p.13.table.1.row.8"><cell xml:id="INT_9859bbe7-d2e3-3e0c-b5bf-134aca6bc5f5.TEI.1.text.1.body.1.div.1.div.2.p.13.table.1.row.8.cell.1"><p xml:id="INT_9859bbe7-d2e3-3e0c-b5bf-134aca6bc5f5.TEI.1.text.1.body.1.div.1.div.2.p.13.table.1.row.8.cell.1.p.1" rend="line-height:-0.01pt" xmlns="http://www.tei-c.org/ns/1.0"/></cell><cell xml:id="INT_9859bbe7-d2e3-3e0c-b5bf-134aca6bc5f5.TEI.1.text.1.body.1.div.1.div.2.p.13.table.1.row.8.cell.2"><p xml:id="INT_9859bbe7-d2e3-3e0c-b5bf-134aca6bc5f5.TEI.1.text.1.body.1.div.1.div.2.p.13.table.1.row.8.cell.2.p.1" xml:lang="nl" rend="font-size: 12; line-height: 13.3pt; margin-left: 1000" xmlns="http://www.tei-c.org/ns/1.0">25<lb/></p></cell><cell xml:id="INT_9859bbe7-d2e3-3e0c-b5bf-134aca6bc5f5.TEI.1.text.1.body.1.div.1.div.2.p.13.table.1.row.8.cell.3"><p xml:id="INT_9859bbe7-d2e3-3e0c-b5bf-134aca6bc5f5.TEI.1.text.1.body.1.div.1.div.2.p.13.table.1.row.8.cell.3.p.1" rend="line-height:-0.01pt; margin-left:1200" xmlns="http://www.tei-c.org/ns/1.0"/></cell><cell xml:id="INT_9859bbe7-d2e3-3e0c-b5bf-134aca6bc5f5.TEI.1.text.1.body.1.div.1.div.2.p.13.table.1.row.8.cell.4"><p xml:id="INT_9859bbe7-d2e3-3e0c-b5bf-134aca6bc5f5.TEI.1.text.1.body.1.div.1.div.2.p.13.table.1.row.8.cell.4.p.1" xml:lang="nl" rend="font-size: 12; line-height: 13.3pt; margin-left: 2600" xmlns="http://www.tei-c.org/ns/1.0">Sparenrijk<lb/></p></cell><cell xml:id="INT_9859bbe7-d2e3-3e0c-b5bf-134aca6bc5f5.TEI.1.text.1.body.1.div.1.div.2.p.13.table.1.row.8.cell.5"><p xml:id="INT_9859bbe7-d2e3-3e0c-b5bf-134aca6bc5f5.TEI.1.text.1.body.1.div.1.div.2.p.13.table.1.row.8.cell.5.p.1" xml:lang="nl" rend="font-size: 12; text-align: justify; line-height: 13.3pt; margin-left: 2200" xmlns="http://www.tei-c.org/ns/1.0">„ Amsterdam<lb/></p></cell></row><row xml:id="INT_9859bbe7-d2e3-3e0c-b5bf-134aca6bc5f5.TEI.1.text.1.body.1.div.1.div.2.p.13.table.1.row.9"><cell xml:id="INT_9859bbe7-d2e3-3e0c-b5bf-134aca6bc5f5.TEI.1.text.1.body.1.div.1.div.2.p.13.table.1.row.9.cell.1"><p xml:id="INT_9859bbe7-d2e3-3e0c-b5bf-134aca6bc5f5.TEI.1.text.1.body.1.div.1.div.2.p.13.table.1.row.9.cell.1.p.1" xml:lang="nl" rend="font-size: 4; letter-spacing: 0.5pt; line-height: 4.4pt" xmlns="http://www.tei-c.org/ns/1.0">»»<lb/></p></cell><cell xml:id="INT_9859bbe7-d2e3-3e0c-b5bf-134aca6bc5f5.TEI.1.text.1.body.1.div.1.div.2.p.13.table.1.row.9.cell.2"><p xml:id="INT_9859bbe7-d2e3-3e0c-b5bf-134aca6bc5f5.TEI.1.text.1.body.1.div.1.div.2.p.13.table.1.row.9.cell.2.p.1" xml:lang="nl" rend="font-size: 12; line-height: 13.3pt; margin-left: 1000" xmlns="http://www.tei-c.org/ns/1.0">26<lb/></p></cell><cell xml:id="INT_9859bbe7-d2e3-3e0c-b5bf-134aca6bc5f5.TEI.1.text.1.body.1.div.1.div.2.p.13.table.1.row.9.cell.3"><p xml:id="INT_9859bbe7-d2e3-3e0c-b5bf-134aca6bc5f5.TEI.1.text.1.body.1.div.1.div.2.p.13.table.1.row.9.cell.3.p.1" rend="line-height:-0.01pt; margin-left:1200" xmlns="http://www.tei-c.org/ns/1.0"/></cell><cell xml:id="INT_9859bbe7-d2e3-3e0c-b5bf-134aca6bc5f5.TEI.1.text.1.body.1.div.1.div.2.p.13.table.1.row.9.cell.4"><p xml:id="INT_9859bbe7-d2e3-3e0c-b5bf-134aca6bc5f5.TEI.1.text.1.body.1.div.1.div.2.p.13.table.1.row.9.cell.4.p.1" xml:lang="nl" rend="font-size: 12; line-height: 13.3pt; margin-left: 2600" xmlns="http://www.tei-c.org/ns/1.0">Noord Nieuwland<lb/></p></cell><cell xml:id="INT_9859bbe7-d2e3-3e0c-b5bf-134aca6bc5f5.TEI.1.text.1.body.1.div.1.div.2.p.13.table.1.row.9.cell.5"><p xml:id="INT_9859bbe7-d2e3-3e0c-b5bf-134aca6bc5f5.TEI.1.text.1.body.1.div.1.div.2.p.13.table.1.row.9.cell.5.p.1" xml:lang="nl" rend="font-size: 12; text-align: justify; line-height: 13.3pt; margin-left: 2200" xmlns="http://www.tei-c.org/ns/1.0">„ Rotterdam<lb/></p></cell></row><row xml:id="INT_9859bbe7-d2e3-3e0c-b5bf-134aca6bc5f5.TEI.1.text.1.body.1.div.1.div.2.p.13.table.1.row.10"><cell xml:id="INT_9859bbe7-d2e3-3e0c-b5bf-134aca6bc5f5.TEI.1.text.1.body.1.div.1.div.2.p.13.table.1.row.10.cell.1"><p xml:id="INT_9859bbe7-d2e3-3e0c-b5bf-134aca6bc5f5.TEI.1.text.1.body.1.div.1.div.2.p.13.table.1.row.10.cell.1.p.1" xml:lang="nl" rend="font-size: 5.5; letter-spacing: 0.5pt; line-height: 6.1pt" xmlns="http://www.tei-c.org/ns/1.0">»»<lb/></p></cell><cell xml:id="INT_9859bbe7-d2e3-3e0c-b5bf-134aca6bc5f5.TEI.1.text.1.body.1.div.1.div.2.p.13.table.1.row.10.cell.2"><p xml:id="INT_9859bbe7-d2e3-3e0c-b5bf-134aca6bc5f5.TEI.1.text.1.body.1.div.1.div.2.p.13.table.1.row.10.cell.2.p.1" xml:lang="nl" rend="font-size: 12; line-height: 13.3pt; margin-left: 1000" xmlns="http://www.tei-c.org/ns/1.0">4<lb/></p></cell><cell xml:id="INT_9859bbe7-d2e3-3e0c-b5bf-134aca6bc5f5.TEI.1.text.1.body.1.div.1.div.2.p.13.table.1.row.10.cell.3"><p xml:id="INT_9859bbe7-d2e3-3e0c-b5bf-134aca6bc5f5.TEI.1.text.1.body.1.div.1.div.2.p.13.table.1.row.10.cell.3.p.1" xml:lang="nl" rend="font-size: 12; line-height: 13.3pt; margin-left: 1200" xmlns="http://www.tei-c.org/ns/1.0">junij<lb/></p></cell><cell xml:id="INT_9859bbe7-d2e3-3e0c-b5bf-134aca6bc5f5.TEI.1.text.1.body.1.div.1.div.2.p.13.table.1.row.10.cell.4"><p xml:id="INT_9859bbe7-d2e3-3e0c-b5bf-134aca6bc5f5.TEI.1.text.1.body.1.div.1.div.2.p.13.table.1.row.10.cell.4.p.1" xml:lang="nl" rend="font-size: 12; line-height: 13.3pt; margin-left: 2600" xmlns="http://www.tei-c.org/ns/1.0">’t Slot van Cappelle<lb/></p></cell><cell xml:id="INT_9859bbe7-d2e3-3e0c-b5bf-134aca6bc5f5.TEI.1.text.1.body.1.div.1.div.2.p.13.table.1.row.10.cell.5"><p xml:id="INT_9859bbe7-d2e3-3e0c-b5bf-134aca6bc5f5.TEI.1.text.1.body.1.div.1.div.2.p.13.table.1.row.10.cell.5.p.1" xml:lang="nl" rend="font-size: 12; text-align: justify; line-height: 13.3pt; margin-left: 2200" xmlns="http://www.tei-c.org/ns/1.0">„ Amsterdam<lb/></p></cell></row><row xml:id="INT_9859bbe7-d2e3-3e0c-b5bf-134aca6bc5f5.TEI.1.text.1.body.1.div.1.div.2.p.13.table.1.row.11"><cell xml:id="INT_9859bbe7-d2e3-3e0c-b5bf-134aca6bc5f5.TEI.1.text.1.body.1.div.1.div.2.p.13.table.1.row.11.cell.1"><p xml:id="INT_9859bbe7-d2e3-3e0c-b5bf-134aca6bc5f5.TEI.1.text.1.body.1.div.1.div.2.p.13.table.1.row.11.cell.1.p.1" xml:lang="nl" rend="font-size: 6.5; line-height: 7.2pt" xmlns="http://www.tei-c.org/ns/1.0">»»<lb/></p></cell><cell xml:id="INT_9859bbe7-d2e3-3e0c-b5bf-134aca6bc5f5.TEI.1.text.1.body.1.div.1.div.2.p.13.table.1.row.11.cell.2"><p xml:id="INT_9859bbe7-d2e3-3e0c-b5bf-134aca6bc5f5.TEI.1.text.1.body.1.div.1.div.2.p.13.table.1.row.11.cell.2.p.1" xml:lang="nl" rend="font-size: 12; line-height: 13.3pt; margin-left: 1000" xmlns="http://www.tei-c.org/ns/1.0">20<lb/></p></cell><cell xml:id="INT_9859bbe7-d2e3-3e0c-b5bf-134aca6bc5f5.TEI.1.text.1.body.1.div.1.div.2.p.13.table.1.row.11.cell.3"><note xml:id="INT_9859bbe7-d2e3-3e0c-b5bf-134aca6bc5f5.TEI.1.text.1.body.1.div.1.div.2.p.13.table.1.row.11.cell.3.note.1" xml:lang="nl" place="inline" type="editorial-summary" resp="editor" rend="font-style: italic; margin-left: 1200; line-height: 4.4pt; letter-spacing: 1.0pt; font-size: 4" xmlns="http://www.tei-c.org/ns/1.0">ii<lb/></note></cell><cell xml:id="INT_9859bbe7-d2e3-3e0c-b5bf-134aca6bc5f5.TEI.1.text.1.body.1.div.1.div.2.p.13.table.1.row.11.cell.4"><p xml:id="INT_9859bbe7-d2e3-3e0c-b5bf-134aca6bc5f5.TEI.1.text.1.body.1.div.1.div.2.p.13.table.1.row.11.cell.4.p.1" xml:lang="nl" rend="font-size: 12; line-height: 13.3pt; margin-left: 2600" xmlns="http://www.tei-c.org/ns/1.0">Hartekamp<lb/></p></cell><cell xml:id="INT_9859bbe7-d2e3-3e0c-b5bf-134aca6bc5f5.TEI.1.text.1.body.1.div.1.div.2.p.13.table.1.row.11.cell.5"><p xml:id="INT_9859bbe7-d2e3-3e0c-b5bf-134aca6bc5f5.TEI.1.text.1.body.1.div.1.div.2.p.13.table.1.row.11.cell.5.p.1" xml:lang="nl" rend="font-size: 12; text-align: justify; line-height: 13.3pt; margin-left: 2200" xmlns="http://www.tei-c.org/ns/1.0">„ Hoorn<lb/></p></cell></row></table><fw xml:id="INT_9859bbe7-d2e3-3e0c-b5bf-134aca6bc5f5.TEI.1.text.1.body.1.div.1.div.2.p.13.fw.1" type="bottom-page-number">93</fw><pb xml:id="INT_9859bbe7-d2e3-3e0c-b5bf-134aca6bc5f5.TEI.1.text.1.body.1.div.1.div.2.p.13.pb.1" n="94" facs="http://resources.huygens.knaw.nl/retroapp/service_generalemissiven/gm_12/images/generale_missiven_gs257_094.tif"/><table xml:id="INT_9859bbe7-d2e3-3e0c-b5bf-134aca6bc5f5.TEI.1.text.1.body.1.div.1.div.2.p.13.table.2" xmlns="http://www.tei-c.org/ns/1.0"><row xml:id="INT_9859bbe7-d2e3-3e0c-b5bf-134aca6bc5f5.TEI.1.text.1.body.1.div.1.div.2.p.13.table.2.row.1"><cell xml:id="INT_9859bbe7-d2e3-3e0c-b5bf-134aca6bc5f5.TEI.1.text.1.body.1.div.1.div.2.p.13.table.2.row.1.cell.1"><fw xml:id="INT_9859bbe7-d2e3-3e0c-b5bf-134aca6bc5f5.TEI.1.text.1.body.1.div.1.div.2.p.13.table.2.row.1.cell.1.fw.1" place="top" type="head" xml:lang="nl" rend="line-height:13.3pt" facs="#zone.1873529">Mossel VI</fw></cell><cell xml:id="INT_9859bbe7-d2e3-3e0c-b5bf-134aca6bc5f5.TEI.1.text.1.body.1.div.1.div.2.p.13.table.2.row.1.cell.2"><fw xml:id="INT_9859bbe7-d2e3-3e0c-b5bf-134aca6bc5f5.TEI.1.text.1.body.1.div.1.div.2.p.13.table.2.row.1.cell.2.fw.1" place="top" type="head" xml:lang="nl" rend="line-height:13.3pt" facs="#zone.1873535">24 september 1751</fw></cell><cell xml:id="INT_9859bbe7-d2e3-3e0c-b5bf-134aca6bc5f5.TEI.1.text.1.body.1.div.1.div.2.p.13.table.2.row.1.cell.3"><p xml:id="INT_9859bbe7-d2e3-3e0c-b5bf-134aca6bc5f5.TEI.1.text.1.body.1.div.1.div.2.p.13.table.2.row.1.cell.3.p.1" rend="line-height:-0.01pt; margin-left:3300" xmlns="http://www.tei-c.org/ns/1.0"/></cell><cell xml:id="INT_9859bbe7-d2e3-3e0c-b5bf-134aca6bc5f5.TEI.1.text.1.body.1.div.1.div.2.p.13.table.2.row.1.cell.4"><p xml:id="INT_9859bbe7-d2e3-3e0c-b5bf-134aca6bc5f5.TEI.1.text.1.body.1.div.1.div.2.p.13.table.2.row.1.cell.4.p.1" rend="line-height:-0.01pt" xmlns="http://www.tei-c.org/ns/1.0"/></cell></row><row xml:id="INT_9859bbe7-d2e3-3e0c-b5bf-134aca6bc5f5.TEI.1.text.1.body.1.div.1.div.2.p.13.table.2.row.2"><cell xml:id="INT_9859bbe7-d2e3-3e0c-b5bf-134aca6bc5f5.TEI.1.text.1.body.1.div.1.div.2.p.13.table.2.row.2.cell.1"><p xml:id="INT_9859bbe7-d2e3-3e0c-b5bf-134aca6bc5f5.TEI.1.text.1.body.1.div.1.div.2.p.13.table.2.row.2.cell.1.p.1" xml:lang="nl" rend="font-size: 12; text-align: right; line-height: 13.3pt; margin-right: 1800" xmlns="http://www.tei-c.org/ns/1.0">den 26<lb/></p></cell><cell xml:id="INT_9859bbe7-d2e3-3e0c-b5bf-134aca6bc5f5.TEI.1.text.1.body.1.div.1.div.2.p.13.table.2.row.2.cell.2"><p xml:id="INT_9859bbe7-d2e3-3e0c-b5bf-134aca6bc5f5.TEI.1.text.1.body.1.div.1.div.2.p.13.table.2.row.2.cell.2.p.1" xml:lang="nl" rend="font-size: 12; line-height: 13.3pt" xmlns="http://www.tei-c.org/ns/1.0">junij<lb/></p></cell><cell xml:id="INT_9859bbe7-d2e3-3e0c-b5bf-134aca6bc5f5.TEI.1.text.1.body.1.div.1.div.2.p.13.table.2.row.2.cell.3"><p xml:id="INT_9859bbe7-d2e3-3e0c-b5bf-134aca6bc5f5.TEI.1.text.1.body.1.div.1.div.2.p.13.table.2.row.2.cell.3.p.1" xml:lang="nl" rend="font-size: 12; line-height: 13.3pt; margin-left: 2400" xmlns="http://www.tei-c.org/ns/1.0">Bredeholf<lb/></p></cell><cell xml:id="INT_9859bbe7-d2e3-3e0c-b5bf-134aca6bc5f5.TEI.1.text.1.body.1.div.1.div.2.p.13.table.2.row.2.cell.4"><p xml:id="INT_9859bbe7-d2e3-3e0c-b5bf-134aca6bc5f5.TEI.1.text.1.body.1.div.1.div.2.p.13.table.2.row.2.cell.4.p.1" xml:lang="nl" rend="font-size: 12; line-height: 13.3pt; margin-left: 3300" xmlns="http://www.tei-c.org/ns/1.0">van<lb/></p></cell><cell xml:id="INT_9859bbe7-d2e3-3e0c-b5bf-134aca6bc5f5.TEI.1.text.1.body.1.div.1.div.2.p.13.table.2.row.2.cell.5"><p xml:id="INT_9859bbe7-d2e3-3e0c-b5bf-134aca6bc5f5.TEI.1.text.1.body.1.div.1.div.2.p.13.table.2.row.2.cell.5.p.1" xml:lang="nl" rend="font-size: 12; line-height: 13.3pt" xmlns="http://www.tei-c.org/ns/1.0">Enkhuysen<lb/></p></cell></row><row xml:id="INT_9859bbe7-d2e3-3e0c-b5bf-134aca6bc5f5.TEI.1.text.1.body.1.div.1.div.2.p.13.table.2.row.3"><cell xml:id="INT_9859bbe7-d2e3-3e0c-b5bf-134aca6bc5f5.TEI.1.text.1.body.1.div.1.div.2.p.13.table.2.row.3.cell.1"><p xml:id="INT_9859bbe7-d2e3-3e0c-b5bf-134aca6bc5f5.TEI.1.text.1.body.1.div.1.div.2.p.13.table.2.row.3.cell.1.p.1" xml:lang="nl" rend="font-size: 12; text-align: right; line-height: 13.3pt; margin-right: 1800" xmlns="http://www.tei-c.org/ns/1.0">10<lb/></p></cell><cell xml:id="INT_9859bbe7-d2e3-3e0c-b5bf-134aca6bc5f5.TEI.1.text.1.body.1.div.1.div.2.p.13.table.2.row.3.cell.2"><p xml:id="INT_9859bbe7-d2e3-3e0c-b5bf-134aca6bc5f5.TEI.1.text.1.body.1.div.1.div.2.p.13.table.2.row.3.cell.2.p.1" xml:lang="nl" rend="font-size: 12; line-height: 13.3pt" xmlns="http://www.tei-c.org/ns/1.0">julij<lb/></p></cell><cell xml:id="INT_9859bbe7-d2e3-3e0c-b5bf-134aca6bc5f5.TEI.1.text.1.body.1.div.1.div.2.p.13.table.2.row.3.cell.3"><p xml:id="INT_9859bbe7-d2e3-3e0c-b5bf-134aca6bc5f5.TEI.1.text.1.body.1.div.1.div.2.p.13.table.2.row.3.cell.3.p.1" xml:lang="nl" rend="font-size: 12; line-height: 13.3pt; margin-left: 2400" xmlns="http://www.tei-c.org/ns/1.0">Middelburg<lb/></p></cell><cell xml:id="INT_9859bbe7-d2e3-3e0c-b5bf-134aca6bc5f5.TEI.1.text.1.body.1.div.1.div.2.p.13.table.2.row.3.cell.4"><p xml:id="INT_9859bbe7-d2e3-3e0c-b5bf-134aca6bc5f5.TEI.1.text.1.body.1.div.1.div.2.p.13.table.2.row.3.cell.4.p.1" rend="line-height:-0.01pt; margin-left:3300" xmlns="http://www.tei-c.org/ns/1.0"/></cell><cell xml:id="INT_9859bbe7-d2e3-3e0c-b5bf-134aca6bc5f5.TEI.1.text.1.body.1.div.1.div.2.p.13.table.2.row.3.cell.5"><p xml:id="INT_9859bbe7-d2e3-3e0c-b5bf-134aca6bc5f5.TEI.1.text.1.body.1.div.1.div.2.p.13.table.2.row.3.cell.5.p.1" xml:lang="nl" rend="font-size: 12; line-height: 13.3pt" xmlns="http://www.tei-c.org/ns/1.0">Zeeland<lb/></p></cell></row><row xml:id="INT_9859bbe7-d2e3-3e0c-b5bf-134aca6bc5f5.TEI.1.text.1.body.1.div.1.div.2.p.13.table.2.row.4"><cell xml:id="INT_9859bbe7-d2e3-3e0c-b5bf-134aca6bc5f5.TEI.1.text.1.body.1.div.1.div.2.p.13.table.2.row.4.cell.1"><p xml:id="INT_9859bbe7-d2e3-3e0c-b5bf-134aca6bc5f5.TEI.1.text.1.body.1.div.1.div.2.p.13.table.2.row.4.cell.1.p.1" rend="line-height:-0.01pt" xmlns="http://www.tei-c.org/ns/1.0"/></cell><cell xml:id="INT_9859bbe7-d2e3-3e0c-b5bf-134aca6bc5f5.TEI.1.text.1.body.1.div.1.div.2.p.13.table.2.row.4.cell.2"><p xml:id="INT_9859bbe7-d2e3-3e0c-b5bf-134aca6bc5f5.TEI.1.text.1.body.1.div.1.div.2.p.13.table.2.row.4.cell.2.p.1" rend="line-height:-0.01pt" xmlns="http://www.tei-c.org/ns/1.0"/></cell><cell xml:id="INT_9859bbe7-d2e3-3e0c-b5bf-134aca6bc5f5.TEI.1.text.1.body.1.div.1.div.2.p.13.table.2.row.4.cell.3"><p xml:id="INT_9859bbe7-d2e3-3e0c-b5bf-134aca6bc5f5.TEI.1.text.1.body.1.div.1.div.2.p.13.table.2.row.4.cell.3.p.1" xml:lang="nl" rend="font-size: 12; line-height: 13.3pt; margin-left: 2400" xmlns="http://www.tei-c.org/ns/1.0">Giesenburg<lb/></p></cell><cell xml:id="INT_9859bbe7-d2e3-3e0c-b5bf-134aca6bc5f5.TEI.1.text.1.body.1.div.1.div.2.p.13.table.2.row.4.cell.4"><p xml:id="INT_9859bbe7-d2e3-3e0c-b5bf-134aca6bc5f5.TEI.1.text.1.body.1.div.1.div.2.p.13.table.2.row.4.cell.4.p.1" rend="line-height:-0.01pt; margin-left:3300" xmlns="http://www.tei-c.org/ns/1.0"/></cell><cell xml:id="INT_9859bbe7-d2e3-3e0c-b5bf-134aca6bc5f5.TEI.1.text.1.body.1.div.1.div.2.p.13.table.2.row.4.cell.5"><p xml:id="INT_9859bbe7-d2e3-3e0c-b5bf-134aca6bc5f5.TEI.1.text.1.body.1.div.1.div.2.p.13.table.2.row.4.cell.5.p.1" xml:lang="nl" rend="font-size: 12; line-height: 13.3pt" xmlns="http://www.tei-c.org/ns/1.0">Amsterdam<lb/></p></cell></row><row xml:id="INT_9859bbe7-d2e3-3e0c-b5bf-134aca6bc5f5.TEI.1.text.1.body.1.div.1.div.2.p.13.table.2.row.5"><cell xml:id="INT_9859bbe7-d2e3-3e0c-b5bf-134aca6bc5f5.TEI.1.text.1.body.1.div.1.div.2.p.13.table.2.row.5.cell.1"><p xml:id="INT_9859bbe7-d2e3-3e0c-b5bf-134aca6bc5f5.TEI.1.text.1.body.1.div.1.div.2.p.13.table.2.row.5.cell.1.p.1" xml:lang="nl" rend="font-size: 5; letter-spacing: 0.5pt; line-height: 5.5pt" xmlns="http://www.tei-c.org/ns/1.0">»» »»<lb/></p></cell><cell xml:id="INT_9859bbe7-d2e3-3e0c-b5bf-134aca6bc5f5.TEI.1.text.1.body.1.div.1.div.2.p.13.table.2.row.5.cell.2"><p xml:id="INT_9859bbe7-d2e3-3e0c-b5bf-134aca6bc5f5.TEI.1.text.1.body.1.div.1.div.2.p.13.table.2.row.5.cell.2.p.1" rend="line-height:-0.01pt" xmlns="http://www.tei-c.org/ns/1.0"/></cell><cell xml:id="INT_9859bbe7-d2e3-3e0c-b5bf-134aca6bc5f5.TEI.1.text.1.body.1.div.1.div.2.p.13.table.2.row.5.cell.3"><p xml:id="INT_9859bbe7-d2e3-3e0c-b5bf-134aca6bc5f5.TEI.1.text.1.body.1.div.1.div.2.p.13.table.2.row.5.cell.3.p.1" xml:lang="nl" rend="font-size: 12; line-height: 13.3pt; margin-left: 2400" xmlns="http://www.tei-c.org/ns/1.0">Rosenburg<lb/></p></cell><cell xml:id="INT_9859bbe7-d2e3-3e0c-b5bf-134aca6bc5f5.TEI.1.text.1.body.1.div.1.div.2.p.13.table.2.row.5.cell.4"><p xml:id="INT_9859bbe7-d2e3-3e0c-b5bf-134aca6bc5f5.TEI.1.text.1.body.1.div.1.div.2.p.13.table.2.row.5.cell.4.p.1" rend="line-height:-0.01pt; margin-left:3300" xmlns="http://www.tei-c.org/ns/1.0"/></cell><cell xml:id="INT_9859bbe7-d2e3-3e0c-b5bf-134aca6bc5f5.TEI.1.text.1.body.1.div.1.div.2.p.13.table.2.row.5.cell.5"><p xml:id="INT_9859bbe7-d2e3-3e0c-b5bf-134aca6bc5f5.TEI.1.text.1.body.1.div.1.div.2.p.13.table.2.row.5.cell.5.p.1" xml:lang="nl" rend="font-size: 12; line-height: 13.3pt" xmlns="http://www.tei-c.org/ns/1.0">Amsterdam<lb/></p></cell></row><row xml:id="INT_9859bbe7-d2e3-3e0c-b5bf-134aca6bc5f5.TEI.1.text.1.body.1.div.1.div.2.p.13.table.2.row.6"><cell xml:id="INT_9859bbe7-d2e3-3e0c-b5bf-134aca6bc5f5.TEI.1.text.1.body.1.div.1.div.2.p.13.table.2.row.6.cell.1"><p xml:id="INT_9859bbe7-d2e3-3e0c-b5bf-134aca6bc5f5.TEI.1.text.1.body.1.div.1.div.2.p.13.table.2.row.6.cell.1.p.1" xml:lang="nl" rend="font-size: 12; text-align: right; line-height: 13.3pt; margin-right: 1800" xmlns="http://www.tei-c.org/ns/1.0">20<lb/></p></cell><cell xml:id="INT_9859bbe7-d2e3-3e0c-b5bf-134aca6bc5f5.TEI.1.text.1.body.1.div.1.div.2.p.13.table.2.row.6.cell.2"><p xml:id="INT_9859bbe7-d2e3-3e0c-b5bf-134aca6bc5f5.TEI.1.text.1.body.1.div.1.div.2.p.13.table.2.row.6.cell.2.p.1" rend="line-height:-0.01pt" xmlns="http://www.tei-c.org/ns/1.0"/></cell><cell xml:id="INT_9859bbe7-d2e3-3e0c-b5bf-134aca6bc5f5.TEI.1.text.1.body.1.div.1.div.2.p.13.table.2.row.6.cell.3"><p xml:id="INT_9859bbe7-d2e3-3e0c-b5bf-134aca6bc5f5.TEI.1.text.1.body.1.div.1.div.2.p.13.table.2.row.6.cell.3.p.1" xml:lang="nl" rend="font-size: 12; line-height: 13.3pt; margin-left: 2400" xmlns="http://www.tei-c.org/ns/1.0">Lijcochton<lb/></p></cell><cell xml:id="INT_9859bbe7-d2e3-3e0c-b5bf-134aca6bc5f5.TEI.1.text.1.body.1.div.1.div.2.p.13.table.2.row.6.cell.4"><p xml:id="INT_9859bbe7-d2e3-3e0c-b5bf-134aca6bc5f5.TEI.1.text.1.body.1.div.1.div.2.p.13.table.2.row.6.cell.4.p.1" rend="line-height:-0.01pt; margin-left:3300" xmlns="http://www.tei-c.org/ns/1.0"/></cell><cell xml:id="INT_9859bbe7-d2e3-3e0c-b5bf-134aca6bc5f5.TEI.1.text.1.body.1.div.1.div.2.p.13.table.2.row.6.cell.5"><p xml:id="INT_9859bbe7-d2e3-3e0c-b5bf-134aca6bc5f5.TEI.1.text.1.body.1.div.1.div.2.p.13.table.2.row.6.cell.5.p.1" xml:lang="nl" rend="font-size: 12; line-height: 13.3pt" xmlns="http://www.tei-c.org/ns/1.0">Enkhuysen<lb/></p></cell></row><row xml:id="INT_9859bbe7-d2e3-3e0c-b5bf-134aca6bc5f5.TEI.1.text.1.body.1.div.1.div.2.p.13.table.2.row.7"><cell xml:id="INT_9859bbe7-d2e3-3e0c-b5bf-134aca6bc5f5.TEI.1.text.1.body.1.div.1.div.2.p.13.table.2.row.7.cell.1"><p xml:id="INT_9859bbe7-d2e3-3e0c-b5bf-134aca6bc5f5.TEI.1.text.1.body.1.div.1.div.2.p.13.table.2.row.7.cell.1.p.1" xml:lang="nl" rend="font-size: 12; text-align: right; line-height: 13.3pt; margin-right: 1800" xmlns="http://www.tei-c.org/ns/1.0">26<lb/></p></cell><cell xml:id="INT_9859bbe7-d2e3-3e0c-b5bf-134aca6bc5f5.TEI.1.text.1.body.1.div.1.div.2.p.13.table.2.row.7.cell.2"><p xml:id="INT_9859bbe7-d2e3-3e0c-b5bf-134aca6bc5f5.TEI.1.text.1.body.1.div.1.div.2.p.13.table.2.row.7.cell.2.p.1" rend="line-height:-0.01pt" xmlns="http://www.tei-c.org/ns/1.0"/></cell><cell xml:id="INT_9859bbe7-d2e3-3e0c-b5bf-134aca6bc5f5.TEI.1.text.1.body.1.div.1.div.2.p.13.table.2.row.7.cell.3"><p xml:id="INT_9859bbe7-d2e3-3e0c-b5bf-134aca6bc5f5.TEI.1.text.1.body.1.div.1.div.2.p.13.table.2.row.7.cell.3.p.1" xml:lang="nl" rend="font-size: 12; line-height: 13.3pt; margin-left: 2400" xmlns="http://www.tei-c.org/ns/1.0">Nieuwstad<lb/></p></cell><cell xml:id="INT_9859bbe7-d2e3-3e0c-b5bf-134aca6bc5f5.TEI.1.text.1.body.1.div.1.div.2.p.13.table.2.row.7.cell.4"><p xml:id="INT_9859bbe7-d2e3-3e0c-b5bf-134aca6bc5f5.TEI.1.text.1.body.1.div.1.div.2.p.13.table.2.row.7.cell.4.p.1" xml:lang="nl" rend="font-size: 5; letter-spacing: 0.5pt; line-height: 5.5pt; margin-left: 3300" xmlns="http://www.tei-c.org/ns/1.0">&gt;&gt;<lb/></p></cell><cell xml:id="INT_9859bbe7-d2e3-3e0c-b5bf-134aca6bc5f5.TEI.1.text.1.body.1.div.1.div.2.p.13.table.2.row.7.cell.5"><p xml:id="INT_9859bbe7-d2e3-3e0c-b5bf-134aca6bc5f5.TEI.1.text.1.body.1.div.1.div.2.p.13.table.2.row.7.cell.5.p.1" xml:lang="nl" rend="font-size: 12; line-height: 13.3pt" xmlns="http://www.tei-c.org/ns/1.0">Hoorn<lb/></p></cell></row><row xml:id="INT_9859bbe7-d2e3-3e0c-b5bf-134aca6bc5f5.TEI.1.text.1.body.1.div.1.div.2.p.13.table.2.row.8"><cell xml:id="INT_9859bbe7-d2e3-3e0c-b5bf-134aca6bc5f5.TEI.1.text.1.body.1.div.1.div.2.p.13.table.2.row.8.cell.1"><p xml:id="INT_9859bbe7-d2e3-3e0c-b5bf-134aca6bc5f5.TEI.1.text.1.body.1.div.1.div.2.p.13.table.2.row.8.cell.1.p.1" rend="line-height:-0.01pt" xmlns="http://www.tei-c.org/ns/1.0"/></cell><cell xml:id="INT_9859bbe7-d2e3-3e0c-b5bf-134aca6bc5f5.TEI.1.text.1.body.1.div.1.div.2.p.13.table.2.row.8.cell.2"><p xml:id="INT_9859bbe7-d2e3-3e0c-b5bf-134aca6bc5f5.TEI.1.text.1.body.1.div.1.div.2.p.13.table.2.row.8.cell.2.p.1" rend="line-height:-0.01pt" xmlns="http://www.tei-c.org/ns/1.0"/></cell><cell xml:id="INT_9859bbe7-d2e3-3e0c-b5bf-134aca6bc5f5.TEI.1.text.1.body.1.div.1.div.2.p.13.table.2.row.8.cell.3"><p xml:id="INT_9859bbe7-d2e3-3e0c-b5bf-134aca6bc5f5.TEI.1.text.1.body.1.div.1.div.2.p.13.table.2.row.8.cell.3.p.1" xml:lang="nl" rend="font-size: 12; line-height: 13.3pt; margin-left: 2400" xmlns="http://www.tei-c.org/ns/1.0">Gustaaf Willem<lb/></p></cell><cell xml:id="INT_9859bbe7-d2e3-3e0c-b5bf-134aca6bc5f5.TEI.1.text.1.body.1.div.1.div.2.p.13.table.2.row.8.cell.4"><p xml:id="INT_9859bbe7-d2e3-3e0c-b5bf-134aca6bc5f5.TEI.1.text.1.body.1.div.1.div.2.p.13.table.2.row.8.cell.4.p.1" rend="line-height:-0.01pt; margin-left:3300" xmlns="http://www.tei-c.org/ns/1.0"/></cell><cell xml:id="INT_9859bbe7-d2e3-3e0c-b5bf-134aca6bc5f5.TEI.1.text.1.body.1.div.1.div.2.p.13.table.2.row.8.cell.5"><p xml:id="INT_9859bbe7-d2e3-3e0c-b5bf-134aca6bc5f5.TEI.1.text.1.body.1.div.1.div.2.p.13.table.2.row.8.cell.5.p.1" xml:lang="nl" rend="font-size: 12; line-height: 13.3pt" xmlns="http://www.tei-c.org/ns/1.0">Amsterdam<lb/></p></cell></row><row xml:id="INT_9859bbe7-d2e3-3e0c-b5bf-134aca6bc5f5.TEI.1.text.1.body.1.div.1.div.2.p.13.table.2.row.9"><cell xml:id="INT_9859bbe7-d2e3-3e0c-b5bf-134aca6bc5f5.TEI.1.text.1.body.1.div.1.div.2.p.13.table.2.row.9.cell.1"><p xml:id="INT_9859bbe7-d2e3-3e0c-b5bf-134aca6bc5f5.TEI.1.text.1.body.1.div.1.div.2.p.13.table.2.row.9.cell.1.p.1" xml:lang="nl" rend="font-size: 12; text-align: right; line-height: 13.3pt; margin-right: 1800" xmlns="http://www.tei-c.org/ns/1.0">12<lb/></p></cell><cell xml:id="INT_9859bbe7-d2e3-3e0c-b5bf-134aca6bc5f5.TEI.1.text.1.body.1.div.1.div.2.p.13.table.2.row.9.cell.2"><p xml:id="INT_9859bbe7-d2e3-3e0c-b5bf-134aca6bc5f5.TEI.1.text.1.body.1.div.1.div.2.p.13.table.2.row.9.cell.2.p.1" xml:lang="nl" rend="font-size: 12; line-height: 13.3pt" xmlns="http://www.tei-c.org/ns/1.0">augustus<lb/></p></cell><cell xml:id="INT_9859bbe7-d2e3-3e0c-b5bf-134aca6bc5f5.TEI.1.text.1.body.1.div.1.div.2.p.13.table.2.row.9.cell.3"><p xml:id="INT_9859bbe7-d2e3-3e0c-b5bf-134aca6bc5f5.TEI.1.text.1.body.1.div.1.div.2.p.13.table.2.row.9.cell.3.p.1" xml:lang="nl" rend="font-size: 12; line-height: 13.3pt; margin-left: 2400" xmlns="http://www.tei-c.org/ns/1.0">Ruyskensteyn<lb/></p></cell><cell xml:id="INT_9859bbe7-d2e3-3e0c-b5bf-134aca6bc5f5.TEI.1.text.1.body.1.div.1.div.2.p.13.table.2.row.9.cell.4"><p xml:id="INT_9859bbe7-d2e3-3e0c-b5bf-134aca6bc5f5.TEI.1.text.1.body.1.div.1.div.2.p.13.table.2.row.9.cell.4.p.1" rend="line-height:-0.01pt; margin-left:3300" xmlns="http://www.tei-c.org/ns/1.0"/></cell><cell xml:id="INT_9859bbe7-d2e3-3e0c-b5bf-134aca6bc5f5.TEI.1.text.1.body.1.div.1.div.2.p.13.table.2.row.9.cell.5"><p xml:id="INT_9859bbe7-d2e3-3e0c-b5bf-134aca6bc5f5.TEI.1.text.1.body.1.div.1.div.2.p.13.table.2.row.9.cell.5.p.1" xml:lang="nl" rend="font-size: 12; line-height: 13.3pt" xmlns="http://www.tei-c.org/ns/1.0">Amsterdam<lb/></p></cell></row><row xml:id="INT_9859bbe7-d2e3-3e0c-b5bf-134aca6bc5f5.TEI.1.text.1.body.1.div.1.div.2.p.13.table.2.row.10"><cell xml:id="INT_9859bbe7-d2e3-3e0c-b5bf-134aca6bc5f5.TEI.1.text.1.body.1.div.1.div.2.p.13.table.2.row.10.cell.1"><p xml:id="INT_9859bbe7-d2e3-3e0c-b5bf-134aca6bc5f5.TEI.1.text.1.body.1.div.1.div.2.p.13.table.2.row.10.cell.1.p.1" xml:lang="nl" rend="font-size: 12; text-align: right; line-height: 13.3pt" xmlns="http://www.tei-c.org/ns/1.0">Uyt welke<lb/></p></cell><cell xml:id="INT_9859bbe7-d2e3-3e0c-b5bf-134aca6bc5f5.TEI.1.text.1.body.1.div.1.div.2.p.13.table.2.row.10.cell.2"><p xml:id="INT_9859bbe7-d2e3-3e0c-b5bf-134aca6bc5f5.TEI.1.text.1.body.1.div.1.div.2.p.13.table.2.row.10.cell.2.p.1" xml:lang="nl" rend="font-size: 12; line-height: 13.3pt" xmlns="http://www.tei-c.org/ns/1.0">en de aan<lb/></p></cell><cell xml:id="INT_9859bbe7-d2e3-3e0c-b5bf-134aca6bc5f5.TEI.1.text.1.body.1.div.1.div.2.p.13.table.2.row.10.cell.3"><p xml:id="INT_9859bbe7-d2e3-3e0c-b5bf-134aca6bc5f5.TEI.1.text.1.body.1.div.1.div.2.p.13.table.2.row.10.cell.3.p.1" xml:lang="nl" rend="font-size: 12; line-height: 13.3pt" xmlns="http://www.tei-c.org/ns/1.0">handen zijnde schepen de besendingen<lb/></p></cell><cell xml:id="INT_9859bbe7-d2e3-3e0c-b5bf-134aca6bc5f5.TEI.1.text.1.body.1.div.1.div.2.p.13.table.2.row.10.cell.4"><p xml:id="INT_9859bbe7-d2e3-3e0c-b5bf-134aca6bc5f5.TEI.1.text.1.body.1.div.1.div.2.p.13.table.2.row.10.cell.4.p.1" xml:lang="nl" rend="font-size: 12; line-height: 13.3pt" xmlns="http://www.tei-c.org/ns/1.0">in India behoorlijk heb-<lb/></p></cell></row></table>ben konnen geschieden en wijders de vroege retourschepen werden aangelegt, zodat U<lb xmlns="http://www.tei-c.org/ns/1.0"/> Edele Hoogagtb. buyten brenger deses ’t schip de Getrouwigheyt, dat tot een advijsjagt<lb xmlns="http://www.tei-c.org/ns/1.0"/> met coffij en thee vooraf en regtdoor gaat geconsigneert aan de kamer Amsterdam, in de<lb xmlns="http://www.tei-c.org/ns/1.0"/> aanstaande maand te wagten hebben:<lb xmlns="http://www.tei-c.org/ns/1.0"/>Haarlem met coffij en thee voor Amsterdam<lb xmlns="http://www.tei-c.org/ns/1.0"/>’t Casteel van Tilburg met packen „ Amsterdam<lb xmlns="http://www.tei-c.org/ns/1.0"/>Tolsduyn met coffij en the „ Zeeland<lb xmlns="http://www.tei-c.org/ns/1.0"/>’t Huys te Manpad met packen „ Hoorn<lb xmlns="http://www.tei-c.org/ns/1.0"/>de Vrede met coffij en thee ,, Enkhuysen<lb xmlns="http://www.tei-c.org/ns/1.0"/>
            </p><p xml:id="INT_9859bbe7-d2e3-3e0c-b5bf-134aca6bc5f5.TEI.1.text.1.body.1.div.1.div.2.p.14" resp="int_paragraph_joining" rend="">
              En in januarij apparent nog vier naschepen, mitsgaders uyt Bengale:<lb xmlns="http://www.tei-c.org/ns/1.0"/>Diemen voor Amsterdam<lb xmlns="http://www.tei-c.org/ns/1.0"/>Noord Nieuwland „<lb xmlns="http://www.tei-c.org/ns/1.0"/>Osdorp<lb xmlns="http://www.tei-c.org/ns/1.0"/>Amsterdam<lb xmlns="http://www.tei-c.org/ns/1.0"/>Zeeland<lb xmlns="http://www.tei-c.org/ns/1.0"/>Enkhuysen<lb xmlns="http://www.tei-c.org/ns/1.0"/>Voorsigtigheyt<lb xmlns="http://www.tei-c.org/ns/1.0"/>
            </p><p xml:id="INT_9859bbe7-d2e3-3e0c-b5bf-134aca6bc5f5.TEI.1.text.1.body.1.div.1.div.2.p.15" resp="int_paragraph_joining" rend="">
              Uyt China:<lb xmlns="http://www.tei-c.org/ns/1.0"/>Amstelveen voor Amsterdam<lb xmlns="http://www.tei-c.org/ns/1.0"/>Geldermalsen „ Zeeland<lb xmlns="http://www.tei-c.org/ns/1.0"/>
            </p><p xml:id="INT_9859bbe7-d2e3-3e0c-b5bf-134aca6bc5f5.TEI.1.text.1.body.1.div.1.div.2.p.16" resp="int_paragraph_joining" rend="">
              Van Ceylon:<lb xmlns="http://www.tei-c.org/ns/1.0"/>Zuyderburg<lb xmlns="http://www.tei-c.org/ns/1.0"/>Bloemendaal<lb xmlns="http://www.tei-c.org/ns/1.0"/>Zaamslag en een der uytkomende<lb xmlns="http://www.tei-c.org/ns/1.0"/>
            </p><p xml:id="INT_9859bbe7-d2e3-3e0c-b5bf-134aca6bc5f5.TEI.1.text.1.body.1.div.1.div.2.p.17" xml:lang="nl" rend="font-size: 12; text-align: justify; line-height: 14.4pt; text-indent: 17.0pt" xmlns="http://www.tei-c.org/ns/1.0">De retouren zullen bestaan in de gewone articulen, behalven dat de peper schraal<lb/> omkomen sal en de zuyker in de coffijschepen sal moeten werden g’ excuseert, dewijl den<lb/> inval der Bantamse rebellen in de Jaccatrase landen het zuykermalen teruggeset heeft,<lb/> zodat wij selfs genoodsaakt zijn geweest, tot voortgang der Indiase besendingen, den particulieren<lb/> uytvoer so hier als op Java te verbieden en al de zuyker alleen voor de Compagnie<lb/> te houden.<lb/></p><p xml:id="INT_9859bbe7-d2e3-3e0c-b5bf-134aca6bc5f5.TEI.1.text.1.body.1.div.1.div.2.p.18" xml:lang="nl" rend="font-size: 12; text-align: justify; line-height: 14.4pt; text-indent: 17.0pt" xmlns="http://www.tei-c.org/ns/1.0">De thee sal ruym een millioen ponden bedragen, zijnde de vragtconditiën gelaten op<lb/> den vorigen voet en het verder versoek der versenders ingelijst ter resolutie van 13 julij,<lb/> om van de thee die minder als 20 stuyvers sal haelen 50 percent vragt te mogen betalen,<lb/> gelaten aan de gunstige dispositie van U Edele Hoogagtb., die w’ hopen welgevallig te<lb/> zullen voorkomen het ten dienselven dage toegestane aan de requestranten ter versending<lb/> van monsterkassen met thee, item benzuin op vragt tegen ƒ 25 de 100 lb. netto en<lb/> handrottings tot ƒ 20 de 100 pees, te betalen bij afhalingen door de volmagten van de<lb/> respective kameren, en so ook de bij nadere van 17 aug. alleen dese maal g’ accordeerde<lb/> versending van porcelijn tegen ƒ 480 de 3000 lb. bruto.<lb/></p><note xml:id="INT_9859bbe7-d2e3-3e0c-b5bf-134aca6bc5f5.TEI.1.text.1.body.1.div.1.div.2.note.5" xml:lang="nl" place="inline" type="editorial-summary" resp="editor" rend="font-style: italic; line-height: 14.1pt; text-indent: 17.0pt; text-align: justify; font-size: 12" xmlns="http://www.tei-c.org/ns/1.0">(Uit de brief van Heren XVII van 18 september 1750 heeft Batavia vernomen dat Leendert<lb/> Bomme gekozen is tot ‘mede-representant van Zijne Doorlugtige Hoogheyd onsen<lb/> oppergouvemeur-generaaV <hi rend="font-size:12; font-family:Liberation Serif" xml:lang="nl">.</hi> Men feliciteert hem hiermee. Batavia meldt verheugd)<lb/></note><fw xml:id="INT_9859bbe7-d2e3-3e0c-b5bf-134aca6bc5f5.TEI.1.text.1.body.1.div.1.div.2.fw.1" type="bottom-page-number">94</fw><pb xml:id="INT_9859bbe7-d2e3-3e0c-b5bf-134aca6bc5f5.TEI.1.text.1.body.1.div.1.div.2.pb.1" n="95" facs="http://resources.huygens.knaw.nl/retroapp/service_generalemissiven/gm_12/images/generale_missiven_gs257_095.tif"/><fw xml:id="INT_9859bbe7-d2e3-3e0c-b5bf-134aca6bc5f5.TEI.1.text.1.body.1.div.1.div.2.fw.2" place="top" type="head" facs="#zone.1875357" xmlns="http://www.tei-c.org/ns/1.0">Mossel VI 24 september 1751</fw><p xml:id="INT_9859bbe7-d2e3-3e0c-b5bf-134aca6bc5f5.TEI.1.text.1.body.1.div.1.div.2.p.19" xml:lang="nl" rend="font-size: 12; text-align: justify; line-height: 14.7pt; margin-left: 1500" xmlns="http://www.tei-c.org/ns/1.0">- dat d’ onse den 22e deser de berg Monarra van twee zijden en de wel<lb/></p><p xml:id="INT_9859bbe7-d2e3-3e0c-b5bf-134aca6bc5f5.TEI.1.text.1.body.1.div.1.div.2.p.20" xml:lang="nl" rend="font-size: 12; text-align: justify; line-height: 14.7pt" xmlns="http://www.tei-c.org/ns/1.0">g’intentioneerde Bantammers desel ve van een derde kant teffens bestormt en na eene heevige<lb/> resistentie ingenomen hebben met verlies van maar één man en twaalf gequesten,<lb/> hebbende de vijand langs eene vierde kant de wijk genomen met agterlating van sijn<lb/> geschut, nevens drie vendels en een parthij snaphanen en ander geweir, dog in de retraite<lb/> de passage so met gekapte boomen als andersints sodanig weeten te belemmeren, dat het<lb/> voor d’ onse niet mogelijk is geweest haer op de hielen te volgen. Van de dooden en<lb/> gequesten aan ’s vijands zijde heeft men tot nog geen berigt, waaruyt men kan opmaken<lb/> dat deselve, of ten minsten d’ eerste mede niet veel in getal zullen wesen. W’ hopen dat<lb/> dit goed succes onser wapenen den aanhang van Kiaij Tappa t’ eenemaal sal doen smelten,<lb/> en om deselve te beletten van die berg weder een versamelplaats te maken en aldaar<lb/> te nestelen, heeft men er 60 Europeesche infanteristen onder twee goede officieren,<lb/> nevens 300 Oosterlingen en 200 Bantammers in besetting gelaten.<lb/></p><note xml:id="INT_9859bbe7-d2e3-3e0c-b5bf-134aca6bc5f5.TEI.1.text.1.body.1.div.1.div.2.note.6" xml:lang="nl" place="inline" type="editorial-summary" resp="editor" rend="font-style: italic; line-height: 14.4pt; text-indent: 15.0pt; text-align: justify; font-size: 12" xmlns="http://www.tei-c.org/ns/1.0">(De Getrouwigheid vervoert voor <hi rend="font-size:12; font-family:Liberation Serif" xml:lang="nl">ƒ</hi> 43.617 aan tin, hout, koffie en parelmoerschelpen<lb/> en voor <hi rend="font-size:12; font-family:Liberation Serif" xml:lang="nl">ƒ</hi> 123.653 aan thee op vracht, samen <hi rend="font-size:12; font-family:Liberation Serif" xml:lang="nl">ƒ</hi> 167.270.)<lb/></note><fw xml:id="INT_9859bbe7-d2e3-3e0c-b5bf-134aca6bc5f5.TEI.1.text.1.body.1.div.1.div.2.fw.3" type="bottom-page-number">95</fw>
            
      </div></div>
                  </body>
                </text>
              </TEI>