<TEI xml:id="INT_7593cfe5-bb39-3c1a-9196-4d54e40a4e3c" xmlns="http://www.tei-c.org/ns/1.0">
                <teiHeader>
      <fileDesc>
        <titleStmt>
          <title>Mossel, Cluysenaar, Van Broyel, Van der Waeyen, Van der Parra, Van der Spar, Steijn van Gollenesse, Van de Velde, Van Rheede, De Nijs en Van Bazel, 31 december 1752</title>
        </titleStmt>
        <publicationStmt>
          <p>
            <date>31 december 1752</date>
            <idno type="sourceID">missiven:vol12</idno>
            <idno type="pid">INT_7593cfe5-bb39-3c1a-9196-4d54e40a4e3c</idno>
          </p>
        </publicationStmt>
        <notesStmt>
          <note/>
        </notesStmt>
        <sourceDesc>
          <listBibl xml:id="inlMetadata">
            <bibl type="missive">
        <interpGrp type="page"><interp>276</interp></interpGrp>
        
      <interpGrp type="titleLevel1"><interp>Mossel, Cluysenaar, Van Broyel, Van der Waeyen, Van der Parra, Van der Spar, Steijn van Gollenesse, Van de Velde, Van Rheede, De Nijs en Van Bazel, 31 december 1752</interp></interpGrp>
      <interpGrp type="dateLevel1"><interp>31 december 1752</interp></interpGrp>
        <interpGrp type="tocLevel"><interp>1</interp></interpGrp>
      <interpGrp type="volume"><interp>12</interp></interpGrp>
        <interpGrp type="n"><interp>XV</interp></interpGrp>
      
      <interpGrp type="witnessYearLevel1_from"><interp>1752</interp></interpGrp>
      <interpGrp type="witnessYearLevel1_to"><interp>1752</interp></interpGrp>
      <interpGrp type="witnessMonthLevel1_to"><interp>12</interp></interpGrp>
      <interpGrp type="witnessMonthLevel1_from"><interp>12</interp></interpGrp>
      <interpGrp type="witnessDayLevel1_to"><interp>31</interp></interpGrp>
      <interpGrp type="witnessDayLevel1_from"><interp>31</interp></interpGrp>
      <interpGrp type="authorLevel1"><interp>Mossel</interp><interp>Cluysenaar</interp><interp>Van Broyel</interp><interp>Van der Waeyen</interp><interp>Van der Parra</interp><interp>Van der Spar</interp><interp>Steijn van Gollenesse</interp><interp>Van de Velde</interp><interp>Van Rheede</interp><interp>De Nijs</interp><interp>Van Bazel</interp></interpGrp>
      <interpGrp type="pid"><interp>INT_7593cfe5-bb39-3c1a-9196-4d54e40a4e3c</interp></interpGrp>
    </bibl>
          </listBibl>
        </sourceDesc>
      </fileDesc>
    </teiHeader>
                <text xml:id="INT_7593cfe5-bb39-3c1a-9196-4d54e40a4e3c.TEI.1.text.1">
                  <body xml:id="INT_7593cfe5-bb39-3c1a-9196-4d54e40a4e3c.TEI.1.text.1.body.1">
                    <div xml:id="INT_7593cfe5-bb39-3c1a-9196-4d54e40a4e3c.TEI.1.text.1.body.1.div.1">
        
              <pb xml:id="INT_7593cfe5-bb39-3c1a-9196-4d54e40a4e3c.TEI.1.text.1.body.1.div.1.pb.1" n="276" facs="http://resources.huygens.knaw.nl/retroapp/service_generalemissiven/gm_12/images/generale_missiven_gs257_276.tif"/><fw xml:id="INT_7593cfe5-bb39-3c1a-9196-4d54e40a4e3c.TEI.1.text.1.body.1.div.1.fw.1" place="top" type="head" facs="#zone.2182278" xmlns="http://www.tei-c.org/ns/1.0">XV. JACOB MOSSEL, JOHANNES MATTHEUS CLUYSENAAR, AREND VANBROYEL, JACOB VAN DER WAEYEN, PETRUS ALBERTUS VAN DER PARRA,JURGEN VAN DER SPAR, JULIUS VALENTIJN STEIJN VAN GOLLENESSE, PIE-TER VAN DE VELDE, DITHARD VAN RHEEDE, ADRIAAN DE NIJS en HUIJBERTWILLEM VAN BAZEL, BATAVIA 31 december 1752.Kol. Arch. 2685, VOC 2793, fol. 791-851.1</fw><note xml:id="INT_7593cfe5-bb39-3c1a-9196-4d54e40a4e3c.TEI.1.text.1.body.1.div.1.note.1" xml:lang="nl" place="inline" type="editorial-summary" resp="editor" rend="font-style: italic; line-height: 14.7pt; text-indent: 17.0pt; text-align: justify; font-size: 12" xmlns="http://www.tei-c.org/ns/1.0">(Batavia meldt wat men sinds de laatste brief over de vijftigste penning van 10 oktober<lb/> 1752 aan berichten hierover van diverse kantoren heeft ontvangen. Van Lampong<lb/> heeft Batavia een brief d.d. 30 september 1752 ontvangen waarin vermeld staat dat het<lb/> personeel aan zijn verplichtingen heeft voldaan. Van Banda heeft men een brief van gouverneur<lb/> Reynier de Klerk en raad d.d. 5 juni 1752 gekregen met de volgende bijlagen :)<lb/></note><p xml:id="INT_7593cfe5-bb39-3c1a-9196-4d54e40a4e3c.TEI.1.text.1.body.1.div.1.p.1" xml:lang="nl" rend="font-size: 12; text-align: justify; line-height: 14.7pt; text-indent: 17.0pt" xmlns="http://www.tei-c.org/ns/1.0">Eene instructie voor de commissarissen tot de heffing van de voorschreve liberale gifte<lb/> aldaar g’arresteerd die gemerkt is La N no. 3.<lb/></p><p xml:id="INT_7593cfe5-bb39-3c1a-9196-4d54e40a4e3c.TEI.1.text.1.body.1.div.1.p.2" xml:lang="nl" rend="font-size: 12; text-align: justify; line-height: 14.7pt; text-indent: 17.0pt" xmlns="http://www.tei-c.org/ns/1.0">Eene specificatie van hetgeene door de Bandase weeskamer voor reekening van haare<lb/> pupillen is gefoumeert gemerkt Lra N no. 4.<lb/></p><p xml:id="INT_7593cfe5-bb39-3c1a-9196-4d54e40a4e3c.TEI.1.text.1.body.1.div.1.p.3" xml:lang="nl" rend="font-size: 12; text-align: justify; line-height: 14.7pt; text-indent: 17.0pt" xmlns="http://www.tei-c.org/ns/1.0">Een origineel transport off acte van cessie van een obligatie ten voordeele van Stephanus<lb/> van der Loeff en ten lasten van de provintie van Holland getekend Ltra N no. 5.<lb/></p><p xml:id="INT_7593cfe5-bb39-3c1a-9196-4d54e40a4e3c.TEI.1.text.1.body.1.div.1.p.4" xml:lang="nl" rend="font-size: 12; text-align: justify; line-height: 14.7pt; text-indent: 17.0pt" xmlns="http://www.tei-c.org/ns/1.0">Twee extract brieven door de Bataviase weeskamer aan die in Banda over de voorsz.<lb/> obligatie geschreven gemerkt Ltra N no. 6.<lb/></p><note xml:id="INT_7593cfe5-bb39-3c1a-9196-4d54e40a4e3c.TEI.1.text.1.body.1.div.1.note.2" xml:lang="nl" place="inline" type="editorial-summary" resp="editor" rend="font-style: italic; line-height: 14.4pt; text-indent: 17.0pt; text-align: justify; font-size: 12" xmlns="http://www.tei-c.org/ns/1.0">(Vervolgens heeft Batavia een brief van het bestuur van 5 september ontvangen met<lb/> bijlagen waarvan de volgende bij deze missive gevoegd zijn:)<lb/></note><p xml:id="INT_7593cfe5-bb39-3c1a-9196-4d54e40a4e3c.TEI.1.text.1.body.1.div.1.p.5" xml:lang="nl" rend="font-size: 12; text-align: justify; line-height: 14.4pt; text-indent: 17.0pt" xmlns="http://www.tei-c.org/ns/1.0">Eene resolutie genomen in Politicquen Rade te Neira (Banda’s hoofdplaats) op den 27e<lb/> may deses jaars, concernerende de voorsz. obligatie gemerkt Ltra N no. 7.<lb/></p><p xml:id="INT_7593cfe5-bb39-3c1a-9196-4d54e40a4e3c.TEI.1.text.1.body.1.div.1.p.6" xml:lang="nl" rend="font-size: 12; text-align: justify; line-height: 14.4pt; text-indent: 17.0pt" xmlns="http://www.tei-c.org/ns/1.0">Eene notitie der gedane foumissementen in het eerste, tweede en derde termijn, gecoteerd<lb/> Lra N no. 8.<lb/></p><p xml:id="INT_7593cfe5-bb39-3c1a-9196-4d54e40a4e3c.TEI.1.text.1.body.1.div.1.p.7" xml:lang="nl" rend="font-size: 12; text-align: justify; line-height: 14.4pt; text-indent: 17.0pt" xmlns="http://www.tei-c.org/ns/1.0">Uyt Amboina berigt den gouverneur Cluijsenaer bij sijne onder de bijlagen deses te<lb/> vindene missive van den 26e september laastleeden, gemerkt Ltra O no. 2, dat de heffing<lb/> van dien b’hoorlijk is geabsol veert, zijnde daarnevens onder anderen ontfangen:<lb/></p><p xml:id="INT_7593cfe5-bb39-3c1a-9196-4d54e40a4e3c.TEI.1.text.1.body.1.div.1.p.8" xml:lang="nl" rend="font-size: 12; text-align: justify; line-height: 14.4pt; text-indent: 17.0pt" xmlns="http://www.tei-c.org/ns/1.0">Eene notitie van het g’foumeerde, gecoteerd Lra O no. 3, die mede hiernevens gaat in<lb/> geselschap van: Een extract uyt onse resolutiën van den 27e october jongstleden concerneerende<lb/> de van Amboina ontfangene juweelen.<lb/></p><p xml:id="INT_7593cfe5-bb39-3c1a-9196-4d54e40a4e3c.TEI.1.text.1.body.1.div.1.p.9" xml:lang="nl" rend="font-size: 12; text-align: justify; line-height: 14.4pt; text-indent: 17.0pt" xmlns="http://www.tei-c.org/ns/1.0">In de Molucco’s is mede de contributie behoorlijk geschied, uytwijsens nevensgaande<lb/> missive van den gouverneur en raad in Tematen van den 8e september laastleden, getekent<lb/> Lra Q no. 1 - .<lb/></p><p xml:id="INT_7593cfe5-bb39-3c1a-9196-4d54e40a4e3c.TEI.1.text.1.body.1.div.1.p.10" resp="int_paragraph_joining" rend="">
              Ook heeft hetselve behoorlijk gevolg genomen op Macasser volgens een ontfangen<lb xmlns="http://www.tei-c.org/ns/1.0"/> briefje van den tegenwoordigen gouverneur Van Clootwijk van den 8e october laastleden,<lb xmlns="http://www.tei-c.org/ns/1.0"/> waarvan een extract in dorso gecoteerd Lra R no. 1, desen accompagneert met en benevens<lb xmlns="http://www.tei-c.org/ns/1.0"/> een copia rapport van de aldaar gestelde commissarissen, gemerkt Lra R no. 2, waarbij<lb xmlns="http://www.tei-c.org/ns/1.0"/> men nog gevoegt heeft drie extracten uyt onse resolutiën van den 14e november, 8e<lb xmlns="http://www.tei-c.org/ns/1.0"/> en 29e december deses jaars, gemerkt Lra R no. 3, 4 en 5, waarbij blijkt het alhier ont-<lb xmlns="http://www.tei-c.org/ns/1.0"/><note xml:id="INT_7593cfe5-bb39-3c1a-9196-4d54e40a4e3c.TEI.1.text.1.body.1.div.1.p.10.note.1" xml:lang="nl" rend="font-size: 10.5; line-height: 12.0pt; margin-left: 1700; text-indent: -17.0pt" xmlns="http://www.tei-c.org/ns/1.0"><hi rend="font-size:10.5; font-family:Liberation Serif; vertical-align:super" xml:lang="nl">1</hi> De bijlagen (fol. 796-851) zijn aan Hunne Hoogmogenden gegeven en bevinden zich niet meer<lb/> in VOC 2793.<lb/></note><fw xml:id="INT_7593cfe5-bb39-3c1a-9196-4d54e40a4e3c.TEI.1.text.1.body.1.div.1.p.10.fw.1" type="bottom-page-number">276</fw><pb xml:id="INT_7593cfe5-bb39-3c1a-9196-4d54e40a4e3c.TEI.1.text.1.body.1.div.1.p.10.pb.1" n="277" facs="http://resources.huygens.knaw.nl/retroapp/service_generalemissiven/gm_12/images/generale_missiven_gs257_277.tif"/><fw xml:id="INT_7593cfe5-bb39-3c1a-9196-4d54e40a4e3c.TEI.1.text.1.body.1.div.1.p.10.fw.2" place="top" type="head" facs="#zone.2183495" xmlns="http://www.tei-c.org/ns/1.0">Mossel XV 31 december 1752</fw>waarde minwigt op het goud en silver in dit gouvernement en ten comptoire Timor voor<lb xmlns="http://www.tei-c.org/ns/1.0"/> den 50 pennink ontfangen en dat hetselve aldaar sekerlijk moet gewoogen sijn met balancen<lb xmlns="http://www.tei-c.org/ns/1.0"/> off gewigt, daar iets aan haperde, dewijl de balancen en gewigten te deser hoofdplaatse<lb xmlns="http://www.tei-c.org/ns/1.0"/> gebruykt werdende, zijn g’ examineert en wel bevonden en er geene mogelijkheyd<lb xmlns="http://www.tei-c.org/ns/1.0"/> is dat daaraan eenige mindering zoude gekomen zijn, maar men integendeel vast moet<lb xmlns="http://www.tei-c.org/ns/1.0"/> stellen, dat de aldaar gecontribueerde quantiteyt goud en silver alhier wesentlijk aangebragt<lb xmlns="http://www.tei-c.org/ns/1.0"/> is.<lb xmlns="http://www.tei-c.org/ns/1.0"/>
            </p><p xml:id="INT_7593cfe5-bb39-3c1a-9196-4d54e40a4e3c.TEI.1.text.1.body.1.div.1.p.11" xml:lang="nl" rend="font-size: 12; text-align: justify; line-height: 14.4pt; text-indent: 16.0pt" xmlns="http://www.tei-c.org/ns/1.0">In hoeverre de contributie deser gifte ter custe Chormandel mede reets heeft effect<lb/> g’sorteerd, zal U Ed. Hoogagtb. des gelievende omstandig consteeren bij een brieff van<lb/> den heere gouverneur en raad te Nagapatnam gedateerd den 15e october jongstleeden,<lb/> getekent Lra S no. 1, vier extracten uyt haare resolutiën van den 9e en 16e junij, lle aug.<lb/> en 15e october jongstleden, gemerkt Lra S no. 2, 3, 4 en 5, een brieff van de bediendens<lb/> ten comptoire Palliacatta, getekent Lra S no. 6, en eene tot dese laaste gehorende memoriën<lb/> der aldaar gedaane foumissementen, gemerkt Lra S no. 7.<lb/></p><p xml:id="INT_7593cfe5-bb39-3c1a-9196-4d54e40a4e3c.TEI.1.text.1.body.1.div.1.p.12" xml:lang="nl" rend="font-size: 12; text-align: justify; line-height: 14.4pt; text-indent: 16.0pt" xmlns="http://www.tei-c.org/ns/1.0">Zijnde voor ’t overige op Palembang het nodige daaromtrend préparatoir gereguleerd,<lb/> blijkens een extract resolutie der bediendens aldaar van den 22e aug. laastleeden, gecoteerd<lb/> Lra T no. 1 .<lb/></p><p xml:id="INT_7593cfe5-bb39-3c1a-9196-4d54e40a4e3c.TEI.1.text.1.body.1.div.1.p.13" xml:lang="nl" rend="font-size: 12; text-align: justify; line-height: 14.4pt; text-indent: 16.0pt" xmlns="http://www.tei-c.org/ns/1.0">En van Bengale tot nog toe maar eenlijk ontfangen eene notitie van eenige zeevarende,<lb/> die herwaarts sijn vertrocken sonder de liberale gifte te doen, dewelke de te deser hoofdplaatse<lb/> nog vaceerende twee commissarissen is in handen gesteld om daaromtrend het<lb/> nodige te besorgen.<lb/></p><note xml:id="INT_7593cfe5-bb39-3c1a-9196-4d54e40a4e3c.TEI.1.text.1.body.1.div.1.note.3" xml:lang="nl" place="inline" type="editorial-summary" resp="editor" rend="font-style: italic; line-height: 14.7pt; text-indent: 16.0pt; text-align: justify; font-size: 12" xmlns="http://www.tei-c.org/ns/1.0">(Wat betreft Batavia verwijst men naar de bij gevoegde resoluties van 29 september<lb/> over 1 gouden en 2 zilveren horloges en van 1 <hi rend="font-size:12; font-family:Liberation Serif" xml:lang="nl">7</hi> oktober over de juwelen ‘ alhier voor den<lb/> 5(fn pennink ontfangen ’.)<lb/></note><fw xml:id="INT_7593cfe5-bb39-3c1a-9196-4d54e40a4e3c.TEI.1.text.1.body.1.div.1.fw.2" type="bottom-page-number">277</fw>
            
      </div>
                  </body>
                </text>
              </TEI>