<TEI xml:id="INT_69391e5f-1985-305d-b111-119f17287400" xmlns="http://www.tei-c.org/ns/1.0">
                <teiHeader>
      <fileDesc>
        <titleStmt>
          <title>Mossel, Van Broyel, Van der Waeyen, Van der Parra, Van der Spar, Steijn van Gollenesse, Van de Velde, Van Rheede, De Nijs en Van Bazel, 13 augustus 1753</title>
        </titleStmt>
        <publicationStmt>
          <p>
            <date>13 augustus 1753</date>
            <idno type="sourceID">missiven:vol12</idno>
            <idno type="pid">INT_69391e5f-1985-305d-b111-119f17287400</idno>
          </p>
        </publicationStmt>
        <notesStmt>
          <note/>
        </notesStmt>
        <sourceDesc>
          <listBibl xml:id="inlMetadata">
            <bibl type="missive">
        <interpGrp type="page"><interp>278</interp></interpGrp>
        
      <interpGrp type="titleLevel1"><interp>Mossel, Van Broyel, Van der Waeyen, Van der Parra, Van der Spar, Steijn van Gollenesse, Van de Velde, Van Rheede, De Nijs en Van Bazel, 13 augustus 1753</interp></interpGrp>
      <interpGrp type="dateLevel1"><interp>13 augustus 1753</interp></interpGrp>
        <interpGrp type="tocLevel"><interp>1</interp></interpGrp>
      <interpGrp type="volume"><interp>12</interp></interpGrp>
        <interpGrp type="n"><interp>XVI</interp></interpGrp>
      
      <interpGrp type="witnessYearLevel1_from"><interp>1753</interp></interpGrp>
      <interpGrp type="witnessYearLevel1_to"><interp>1753</interp></interpGrp>
      <interpGrp type="witnessMonthLevel1_to"><interp>8</interp></interpGrp>
      <interpGrp type="witnessMonthLevel1_from"><interp>8</interp></interpGrp>
      <interpGrp type="witnessDayLevel1_to"><interp>13</interp></interpGrp>
      <interpGrp type="witnessDayLevel1_from"><interp>13</interp></interpGrp>
      <interpGrp type="authorLevel1"><interp>Mossel</interp><interp>Van Broyel</interp><interp>Van der Waeyen</interp><interp>Van der Parra</interp><interp>Van der Spar</interp><interp>Steijn van Gollenesse</interp><interp>Van de Velde</interp><interp>Van Rheede</interp><interp>De Nijs</interp><interp>Van Bazel</interp></interpGrp>
      <interpGrp type="pid"><interp>INT_69391e5f-1985-305d-b111-119f17287400</interp></interpGrp>
    </bibl>
          </listBibl>
        </sourceDesc>
      </fileDesc>
    </teiHeader>
                <text xml:id="INT_69391e5f-1985-305d-b111-119f17287400.TEI.1.text.1">
                  <body xml:id="INT_69391e5f-1985-305d-b111-119f17287400.TEI.1.text.1.body.1">
                    <div xml:id="INT_69391e5f-1985-305d-b111-119f17287400.TEI.1.text.1.body.1.div.1">
        
              <pb xml:id="INT_69391e5f-1985-305d-b111-119f17287400.TEI.1.text.1.body.1.div.1.pb.1" n="278" facs="http://resources.huygens.knaw.nl/retroapp/service_generalemissiven/gm_12/images/generale_missiven_gs257_278.tif"/><fw xml:id="INT_69391e5f-1985-305d-b111-119f17287400.TEI.1.text.1.body.1.div.1.fw.1" place="top" type="head" facs="#zone.2185934" xmlns="http://www.tei-c.org/ns/1.0">XVI. JACOB MOSSEL, AREND VAN BROYEL, JACOB VAN DER WAEYEN,PETRUS ALBERTUS VAN DER PARRA, JURGEN VAN DER SPAR, JULIUSVALENTIJN STEIJN VAN GOLLENESSE, PIETER VAN DE VELDE, DITHARDVAN RHEEDE, ADRIAAN DE NIJS en HUIJBERT WILLEM VAN BAZEL, BATAVIA13 augustus 1753.Kol. Arch. 2699, VOC 2807, fol. 33-36.</fw><note xml:id="INT_69391e5f-1985-305d-b111-119f17287400.TEI.1.text.1.body.1.div.1.note.1" xml:lang="nl" place="inline" type="editorial-summary" resp="editor" rend="font-style: italic; line-height: 14.4pt; text-indent: 16.0pt; text-align: justify; font-size: 12" xmlns="http://www.tei-c.org/ns/1.0">( Deze missive wordt verstuurd met het Engelse compagniesschip Godolphin. Amboina<lb/> heeft dit jaar slechts 157.557 Ib. kruidnagels geleverd. Batavia kan dus geen 400.000 Ib<lb/> sturen zoals vorig jaar. )<lb/></note><p xml:id="INT_69391e5f-1985-305d-b111-119f17287400.TEI.1.text.1.body.1.div.1.p.1" xml:lang="nl" rend="font-size: 11; text-align: justify; line-height: 14.4pt; text-indent: 16.0pt" xmlns="http://www.tei-c.org/ns/1.0">Daarenteegen zullen de noten in een goede quantiteyt vette en middelbare tot 500.000<lb/> lb. overgaan. Banjer heeft weynig peper uytgeleverd, dog Palembang een redelijke quantiteyt,<lb/> nevens een goede partij tin. Na Siam heeft men bezending gedaan om rijst voor<lb/> Ceylon, zo ook na Macasser uyt precautie of Java’s inzaam mogte tegenvallen, dog na<lb/> het zig laat aansien zal zulx overbodig weesen. Te Japan is de negotie tamelijk geslaagt<lb/> meest op den ouden voet, dog continueren onse ordres die w’ het vorig jaar derwaarts<lb/> lieten afgaan. Na Cochin China heeft men ’t schip Toorenvliet met een gesorteerd cargasoen<lb/> gezonden, teneynde met goud, suyker etc. vandaar na Ceylon en Soeratta te steevenen.<lb/> Bengale heeft met ’t direct uyt Nederland gezondene bereets omtrent 50 ton aan<lb/> contanten en zilver ontfangen, met ordre daaruyt 12 ton tot aflegging van genegotieerde<lb/> gelden te employeren, ten welken eynde na ons project nog een ton of drie derwaart sal<lb/> afgestoken werden. Maar Chormandel heeft men na rato zo wel niet konnen voorzien bij<lb/> gebrek van goud, woelende de Fransen en Engelsen aldaar nog teegen den anderen met<lb/> differente uytkomsten. Mallabaar leeverd tamelijke quantiteit peeper en te Souratta is den<lb/> handel florisant, maar te Bassora heeft den gouverneur ƒ 162.500,- van Compagnies<lb/> bediendens afgedwongen, ter welker restitutie de nodige middelen genomen zijn waarvan<lb/> U Edele Hoogagtb. over den landweg spoedig tijding sullen konnen bekomen.<lb/></p><p xml:id="INT_69391e5f-1985-305d-b111-119f17287400.TEI.1.text.1.body.1.div.1.p.2" resp="int_paragraph_joining" rend="">
              Den rover Frans Fransz. - is in zijn opgeworpe bentink op Cabina door de onse<lb xmlns="http://www.tei-c.org/ns/1.0"/>aangetast en gesneuveld, en heeft koning van Boeton sig verbonden het geroofde door<lb xmlns="http://www.tei-c.org/ns/1.0"/> denzelven bij payen te zullen vergoeden.<lb xmlns="http://www.tei-c.org/ns/1.0"/>
            </p><p xml:id="INT_69391e5f-1985-305d-b111-119f17287400.TEI.1.text.1.body.1.div.1.p.3" xml:lang="nl" rend="font-size: 11; text-align: justify; line-height: 14.4pt; text-indent: 16.0pt" xmlns="http://www.tei-c.org/ns/1.0">D’ Javase rebellen zijn oneenig onder den anderen geworden, sodat Mancoeboemie en<lb/> Mancoenagara offensief teegen den anderen geageert hebben en den laasten door ’t zenden<lb/> van piek, krits en vendel zig aan de Compagnie gesubmitteerd heeft en op welkers<lb/> versoek om assistentie teegen sijn schoonvader, ten eersten den gouverneur van Hohendorff<lb/> den 22e junij met een matig leeger opgetrocken is, teneynde meteenen een abouchement<lb/> tusschen beyde te faciliteeren en aldus tot een formeel accoord te komen, om daarna<lb/> met vereende magt en de Madureesen welke den gouverneur van Grissee heeft doen<lb/> oprucken, Mancoboemie op te soeken en aan te tasten, waartoe d’ inlandse troupen<lb/> bequamer zullen zijn als de Europese, hetwelk mits de verswacking van Mancoeboemie<lb/> dewijl veele zijn partij verlaten, ons met reeden de hoope doet scheppen van een goed<lb/> succes en eyndelijke rust van Java.<lb/></p><p xml:id="INT_69391e5f-1985-305d-b111-119f17287400.TEI.1.text.1.body.1.div.1.p.4" xml:lang="nl" rend="font-size: 11; text-align: justify; line-height: 14.4pt; text-indent: 16.0pt" xmlns="http://www.tei-c.org/ns/1.0">Te Bantam staat verandering in de regering te komen, alzo w’ op de iterative instantiën<lb/> van den vorst genoodzaakt geweest zijn te bewilligen in desselfs afstand van den<lb/> troon en weder tot sultan te benoemen den kroonprins Gustij, welkers kroning eerstdaags<lb/> staat te geschieden.<lb/></p><fw xml:id="INT_69391e5f-1985-305d-b111-119f17287400.TEI.1.text.1.body.1.div.1.fw.2" type="bottom-page-number">278</fw><pb xml:id="INT_69391e5f-1985-305d-b111-119f17287400.TEI.1.text.1.body.1.div.1.pb.2" n="279" facs="http://resources.huygens.knaw.nl/retroapp/service_generalemissiven/gm_12/images/generale_missiven_gs257_279.tif"/><fw xml:id="INT_69391e5f-1985-305d-b111-119f17287400.TEI.1.text.1.body.1.div.1.fw.3" place="top" type="head" facs="#zone.2187136" xmlns="http://www.tei-c.org/ns/1.0">Mossel XVI 13 augustus 1753</fw><fw xml:id="INT_69391e5f-1985-305d-b111-119f17287400.TEI.1.text.1.body.1.div.1.fw.4" place="top" type="head" facs="#zone.2187144" xmlns="http://www.tei-c.org/ns/1.0">(Af gezien van de Torenvliet hebben de uitkomende schepen weinig doden gehad. Devolgende schepen zijn in Batavia gearriveerd:)</fw><table xml:id="INT_69391e5f-1985-305d-b111-119f17287400.TEI.1.text.1.body.1.div.1.table.1" xmlns="http://www.tei-c.org/ns/1.0"><row xml:id="INT_69391e5f-1985-305d-b111-119f17287400.TEI.1.text.1.body.1.div.1.table.1.row.1"><cell xml:id="INT_69391e5f-1985-305d-b111-119f17287400.TEI.1.text.1.body.1.div.1.table.1.row.1.cell.1"><p xml:id="INT_69391e5f-1985-305d-b111-119f17287400.TEI.1.text.1.body.1.div.1.table.1.row.1.cell.1.p.1" xml:lang="nl" rend="font-size: 11; line-height: 12.2pt" xmlns="http://www.tei-c.org/ns/1.0">den Gouvemeur-Generaal<lb/></p></cell><cell xml:id="INT_69391e5f-1985-305d-b111-119f17287400.TEI.1.text.1.body.1.div.1.table.1.row.1.cell.2"><p xml:id="INT_69391e5f-1985-305d-b111-119f17287400.TEI.1.text.1.body.1.div.1.table.1.row.1.cell.2.p.1" xml:lang="nl" rend="font-size: 11; line-height: 12.2pt; margin-left: 2700" xmlns="http://www.tei-c.org/ns/1.0">den<lb/></p></cell><cell xml:id="INT_69391e5f-1985-305d-b111-119f17287400.TEI.1.text.1.body.1.div.1.table.1.row.1.cell.3"><p xml:id="INT_69391e5f-1985-305d-b111-119f17287400.TEI.1.text.1.body.1.div.1.table.1.row.1.cell.3.p.1" xml:lang="nl" rend="font-size: 11; text-align: justify; line-height: 12.2pt; margin-left: 1700" xmlns="http://www.tei-c.org/ns/1.0">17' januarij<lb/></p></cell></row><row xml:id="INT_69391e5f-1985-305d-b111-119f17287400.TEI.1.text.1.body.1.div.1.table.1.row.2"><cell xml:id="INT_69391e5f-1985-305d-b111-119f17287400.TEI.1.text.1.body.1.div.1.table.1.row.2.cell.1"><p xml:id="INT_69391e5f-1985-305d-b111-119f17287400.TEI.1.text.1.body.1.div.1.table.1.row.2.cell.1.p.1" xml:lang="nl" rend="font-size: 11; line-height: 12.2pt" xmlns="http://www.tei-c.org/ns/1.0">d’ Oranjezaal<lb/></p></cell><cell xml:id="INT_69391e5f-1985-305d-b111-119f17287400.TEI.1.text.1.body.1.div.1.table.1.row.2.cell.2"><p xml:id="INT_69391e5f-1985-305d-b111-119f17287400.TEI.1.text.1.body.1.div.1.table.1.row.2.cell.2.p.1" rend="line-height:-0.01pt; margin-left:2700" xmlns="http://www.tei-c.org/ns/1.0"/></cell><cell xml:id="INT_69391e5f-1985-305d-b111-119f17287400.TEI.1.text.1.body.1.div.1.table.1.row.2.cell.3"><p xml:id="INT_69391e5f-1985-305d-b111-119f17287400.TEI.1.text.1.body.1.div.1.table.1.row.2.cell.3.p.1" xml:lang="nl" rend="font-size: 11; text-align: justify; line-height: 12.2pt; margin-left: 1700" xmlns="http://www.tei-c.org/ns/1.0">23'<lb/></p></cell></row><row xml:id="INT_69391e5f-1985-305d-b111-119f17287400.TEI.1.text.1.body.1.div.1.table.1.row.3"><cell xml:id="INT_69391e5f-1985-305d-b111-119f17287400.TEI.1.text.1.body.1.div.1.table.1.row.3.cell.1"><p xml:id="INT_69391e5f-1985-305d-b111-119f17287400.TEI.1.text.1.body.1.div.1.table.1.row.3.cell.1.p.1" xml:lang="nl" rend="font-size: 11; line-height: 12.2pt" xmlns="http://www.tei-c.org/ns/1.0">Woitkensdorp<lb/></p></cell><cell xml:id="INT_69391e5f-1985-305d-b111-119f17287400.TEI.1.text.1.body.1.div.1.table.1.row.3.cell.2"><note xml:id="INT_69391e5f-1985-305d-b111-119f17287400.TEI.1.text.1.body.1.div.1.table.1.row.3.cell.2.note.1" xml:lang="nl" place="inline" type="editorial-summary" resp="editor" rend="font-size: 5.5; font-style: italic; line-height: 6.1pt; margin-left: 2700" xmlns="http://www.tei-c.org/ns/1.0">n<lb/></note></cell><cell xml:id="INT_69391e5f-1985-305d-b111-119f17287400.TEI.1.text.1.body.1.div.1.table.1.row.3.cell.3"><p xml:id="INT_69391e5f-1985-305d-b111-119f17287400.TEI.1.text.1.body.1.div.1.table.1.row.3.cell.3.p.1" xml:lang="nl" rend="font-size: 11; text-align: justify; line-height: 12.2pt; margin-left: 1700" xmlns="http://www.tei-c.org/ns/1.0">30e<lb/></p></cell></row><row xml:id="INT_69391e5f-1985-305d-b111-119f17287400.TEI.1.text.1.body.1.div.1.table.1.row.4"><cell xml:id="INT_69391e5f-1985-305d-b111-119f17287400.TEI.1.text.1.body.1.div.1.table.1.row.4.cell.1"><p xml:id="INT_69391e5f-1985-305d-b111-119f17287400.TEI.1.text.1.body.1.div.1.table.1.row.4.cell.1.p.1" xml:lang="nl" rend="font-size: 11; line-height: 12.2pt" xmlns="http://www.tei-c.org/ns/1.0">Batavier<lb/></p></cell><cell xml:id="INT_69391e5f-1985-305d-b111-119f17287400.TEI.1.text.1.body.1.div.1.table.1.row.4.cell.2"><p xml:id="INT_69391e5f-1985-305d-b111-119f17287400.TEI.1.text.1.body.1.div.1.table.1.row.4.cell.2.p.1" xml:lang="nl" rend="font-size: 6.5; line-height: 7.2pt; margin-left: 2700" xmlns="http://www.tei-c.org/ns/1.0">»»<lb/></p></cell><cell xml:id="INT_69391e5f-1985-305d-b111-119f17287400.TEI.1.text.1.body.1.div.1.table.1.row.4.cell.3"><p xml:id="INT_69391e5f-1985-305d-b111-119f17287400.TEI.1.text.1.body.1.div.1.table.1.row.4.cell.3.p.1" xml:lang="nl" rend="font-size: 11; text-align: justify; line-height: 12.2pt; margin-left: 1700" xmlns="http://www.tei-c.org/ns/1.0">11' maart<lb/></p></cell></row><row xml:id="INT_69391e5f-1985-305d-b111-119f17287400.TEI.1.text.1.body.1.div.1.table.1.row.5"><cell xml:id="INT_69391e5f-1985-305d-b111-119f17287400.TEI.1.text.1.body.1.div.1.table.1.row.5.cell.1"><p xml:id="INT_69391e5f-1985-305d-b111-119f17287400.TEI.1.text.1.body.1.div.1.table.1.row.5.cell.1.p.1" xml:lang="nl" rend="font-size: 11; line-height: 12.2pt" xmlns="http://www.tei-c.org/ns/1.0">Toornvliet<lb/></p></cell><cell xml:id="INT_69391e5f-1985-305d-b111-119f17287400.TEI.1.text.1.body.1.div.1.table.1.row.5.cell.2"><note xml:id="INT_69391e5f-1985-305d-b111-119f17287400.TEI.1.text.1.body.1.div.1.table.1.row.5.cell.2.note.1" xml:lang="nl" place="inline" type="editorial-summary" resp="editor" rend="font-size: 5.5; font-style: italic; line-height: 6.1pt; margin-left: 2700" xmlns="http://www.tei-c.org/ns/1.0">n<lb/></note></cell><cell xml:id="INT_69391e5f-1985-305d-b111-119f17287400.TEI.1.text.1.body.1.div.1.table.1.row.5.cell.3"><p xml:id="INT_69391e5f-1985-305d-b111-119f17287400.TEI.1.text.1.body.1.div.1.table.1.row.5.cell.3.p.1" xml:lang="nl" rend="font-size: 11; text-align: justify; line-height: 12.2pt; margin-left: 1700" xmlns="http://www.tei-c.org/ns/1.0">31'<lb/></p></cell></row><row xml:id="INT_69391e5f-1985-305d-b111-119f17287400.TEI.1.text.1.body.1.div.1.table.1.row.6"><cell xml:id="INT_69391e5f-1985-305d-b111-119f17287400.TEI.1.text.1.body.1.div.1.table.1.row.6.cell.1"><p xml:id="INT_69391e5f-1985-305d-b111-119f17287400.TEI.1.text.1.body.1.div.1.table.1.row.6.cell.1.p.1" xml:lang="nl" rend="font-size: 11; line-height: 12.2pt" xmlns="http://www.tei-c.org/ns/1.0">Witsburg<lb/></p></cell><cell xml:id="INT_69391e5f-1985-305d-b111-119f17287400.TEI.1.text.1.body.1.div.1.table.1.row.6.cell.2"><note xml:id="INT_69391e5f-1985-305d-b111-119f17287400.TEI.1.text.1.body.1.div.1.table.1.row.6.cell.2.note.1" xml:lang="nl" place="inline" type="editorial-summary" resp="editor" rend="font-size: 5.5; font-style: italic; line-height: 6.1pt; margin-left: 2700" xmlns="http://www.tei-c.org/ns/1.0">n<lb/></note></cell><cell xml:id="INT_69391e5f-1985-305d-b111-119f17287400.TEI.1.text.1.body.1.div.1.table.1.row.6.cell.3"><p xml:id="INT_69391e5f-1985-305d-b111-119f17287400.TEI.1.text.1.body.1.div.1.table.1.row.6.cell.3.p.1" xml:lang="nl" rend="font-size: 11; text-align: justify; line-height: 12.2pt; margin-left: 2200" xmlns="http://www.tei-c.org/ns/1.0">7' april<lb/></p></cell></row><row xml:id="INT_69391e5f-1985-305d-b111-119f17287400.TEI.1.text.1.body.1.div.1.table.1.row.7"><cell xml:id="INT_69391e5f-1985-305d-b111-119f17287400.TEI.1.text.1.body.1.div.1.table.1.row.7.cell.1"><p xml:id="INT_69391e5f-1985-305d-b111-119f17287400.TEI.1.text.1.body.1.div.1.table.1.row.7.cell.1.p.1" xml:lang="nl" rend="font-size: 11; line-height: 12.2pt" xmlns="http://www.tei-c.org/ns/1.0">Vlietlust<lb/></p></cell><cell xml:id="INT_69391e5f-1985-305d-b111-119f17287400.TEI.1.text.1.body.1.div.1.table.1.row.7.cell.2"><note xml:id="INT_69391e5f-1985-305d-b111-119f17287400.TEI.1.text.1.body.1.div.1.table.1.row.7.cell.2.note.1" xml:lang="nl" place="inline" type="editorial-summary" resp="editor" rend="font-size: 5.5; font-style: italic; line-height: 6.1pt; margin-left: 2700" xmlns="http://www.tei-c.org/ns/1.0">n<lb/></note></cell><cell xml:id="INT_69391e5f-1985-305d-b111-119f17287400.TEI.1.text.1.body.1.div.1.table.1.row.7.cell.3"><p xml:id="INT_69391e5f-1985-305d-b111-119f17287400.TEI.1.text.1.body.1.div.1.table.1.row.7.cell.3.p.1" xml:lang="nl" rend="font-size: 11; text-align: justify; line-height: 12.2pt; margin-left: 2200" xmlns="http://www.tei-c.org/ns/1.0">7e junij<lb/></p></cell></row><row xml:id="INT_69391e5f-1985-305d-b111-119f17287400.TEI.1.text.1.body.1.div.1.table.1.row.8"><cell xml:id="INT_69391e5f-1985-305d-b111-119f17287400.TEI.1.text.1.body.1.div.1.table.1.row.8.cell.1"><p xml:id="INT_69391e5f-1985-305d-b111-119f17287400.TEI.1.text.1.body.1.div.1.table.1.row.8.cell.1.p.1" xml:lang="nl" rend="font-size: 11; line-height: 12.2pt" xmlns="http://www.tei-c.org/ns/1.0">Bloemendaal<lb/></p></cell><cell xml:id="INT_69391e5f-1985-305d-b111-119f17287400.TEI.1.text.1.body.1.div.1.table.1.row.8.cell.2"><note xml:id="INT_69391e5f-1985-305d-b111-119f17287400.TEI.1.text.1.body.1.div.1.table.1.row.8.cell.2.note.1" xml:lang="nl" place="inline" type="editorial-summary" resp="editor" rend="font-size: 5.5; font-style: italic; line-height: 6.1pt; margin-left: 2700" xmlns="http://www.tei-c.org/ns/1.0">n<lb/></note></cell><cell xml:id="INT_69391e5f-1985-305d-b111-119f17287400.TEI.1.text.1.body.1.div.1.table.1.row.8.cell.3"><p xml:id="INT_69391e5f-1985-305d-b111-119f17287400.TEI.1.text.1.body.1.div.1.table.1.row.8.cell.3.p.1" xml:lang="nl" rend="font-size: 11; text-align: justify; line-height: 12.2pt; margin-left: 1700" xmlns="http://www.tei-c.org/ns/1.0">14'<lb/></p></cell></row><row xml:id="INT_69391e5f-1985-305d-b111-119f17287400.TEI.1.text.1.body.1.div.1.table.1.row.9"><cell xml:id="INT_69391e5f-1985-305d-b111-119f17287400.TEI.1.text.1.body.1.div.1.table.1.row.9.cell.1"><p xml:id="INT_69391e5f-1985-305d-b111-119f17287400.TEI.1.text.1.body.1.div.1.table.1.row.9.cell.1.p.1" xml:lang="nl" rend="font-size: 11; line-height: 12.2pt" xmlns="http://www.tei-c.org/ns/1.0">Drie Papegaayen<lb/></p></cell><cell xml:id="INT_69391e5f-1985-305d-b111-119f17287400.TEI.1.text.1.body.1.div.1.table.1.row.9.cell.2"><note xml:id="INT_69391e5f-1985-305d-b111-119f17287400.TEI.1.text.1.body.1.div.1.table.1.row.9.cell.2.note.1" xml:lang="nl" place="inline" type="editorial-summary" resp="editor" rend="font-size: 5.5; font-style: italic; line-height: 6.1pt; margin-left: 2700" xmlns="http://www.tei-c.org/ns/1.0">ii<lb/></note></cell><cell xml:id="INT_69391e5f-1985-305d-b111-119f17287400.TEI.1.text.1.body.1.div.1.table.1.row.9.cell.3"><p xml:id="INT_69391e5f-1985-305d-b111-119f17287400.TEI.1.text.1.body.1.div.1.table.1.row.9.cell.3.p.1" xml:lang="nl" rend="font-size: 11; text-align: justify; line-height: 12.2pt; margin-left: 1700" xmlns="http://www.tei-c.org/ns/1.0">14'<lb/></p></cell></row><row xml:id="INT_69391e5f-1985-305d-b111-119f17287400.TEI.1.text.1.body.1.div.1.table.1.row.10"><cell xml:id="INT_69391e5f-1985-305d-b111-119f17287400.TEI.1.text.1.body.1.div.1.table.1.row.10.cell.1"><p xml:id="INT_69391e5f-1985-305d-b111-119f17287400.TEI.1.text.1.body.1.div.1.table.1.row.10.cell.1.p.1" xml:lang="nl" rend="font-size: 11; line-height: 12.2pt" xmlns="http://www.tei-c.org/ns/1.0">Delft<lb/></p></cell><cell xml:id="INT_69391e5f-1985-305d-b111-119f17287400.TEI.1.text.1.body.1.div.1.table.1.row.10.cell.2"><note xml:id="INT_69391e5f-1985-305d-b111-119f17287400.TEI.1.text.1.body.1.div.1.table.1.row.10.cell.2.note.1" xml:lang="nl" place="inline" type="editorial-summary" resp="editor" rend="font-size: 5.5; font-style: italic; line-height: 6.1pt; margin-left: 2700" xmlns="http://www.tei-c.org/ns/1.0">n<lb/></note></cell><cell xml:id="INT_69391e5f-1985-305d-b111-119f17287400.TEI.1.text.1.body.1.div.1.table.1.row.10.cell.3"><p xml:id="INT_69391e5f-1985-305d-b111-119f17287400.TEI.1.text.1.body.1.div.1.table.1.row.10.cell.3.p.1" xml:lang="nl" rend="font-size: 11; text-align: justify; line-height: 12.2pt; margin-left: 1700" xmlns="http://www.tei-c.org/ns/1.0">16'<lb/></p></cell></row><row xml:id="INT_69391e5f-1985-305d-b111-119f17287400.TEI.1.text.1.body.1.div.1.table.1.row.11"><cell xml:id="INT_69391e5f-1985-305d-b111-119f17287400.TEI.1.text.1.body.1.div.1.table.1.row.11.cell.1"><p xml:id="INT_69391e5f-1985-305d-b111-119f17287400.TEI.1.text.1.body.1.div.1.table.1.row.11.cell.1.p.1" xml:lang="nl" rend="font-size: 11; line-height: 12.2pt" xmlns="http://www.tei-c.org/ns/1.0">Getrouwigheyd<lb/></p></cell><cell xml:id="INT_69391e5f-1985-305d-b111-119f17287400.TEI.1.text.1.body.1.div.1.table.1.row.11.cell.2"><note xml:id="INT_69391e5f-1985-305d-b111-119f17287400.TEI.1.text.1.body.1.div.1.table.1.row.11.cell.2.note.1" xml:lang="nl" place="inline" type="editorial-summary" resp="editor" rend="font-size: 5.5; font-style: italic; line-height: 6.1pt; margin-left: 2700" xmlns="http://www.tei-c.org/ns/1.0">n<lb/></note></cell><cell xml:id="INT_69391e5f-1985-305d-b111-119f17287400.TEI.1.text.1.body.1.div.1.table.1.row.11.cell.3"><p xml:id="INT_69391e5f-1985-305d-b111-119f17287400.TEI.1.text.1.body.1.div.1.table.1.row.11.cell.3.p.1" xml:lang="nl" rend="font-size: 11; text-align: justify; line-height: 12.2pt; margin-left: 1700" xmlns="http://www.tei-c.org/ns/1.0">21'<lb/></p></cell></row><row xml:id="INT_69391e5f-1985-305d-b111-119f17287400.TEI.1.text.1.body.1.div.1.table.1.row.12"><cell xml:id="INT_69391e5f-1985-305d-b111-119f17287400.TEI.1.text.1.body.1.div.1.table.1.row.12.cell.1"><p xml:id="INT_69391e5f-1985-305d-b111-119f17287400.TEI.1.text.1.body.1.div.1.table.1.row.12.cell.1.p.1" xml:lang="nl" rend="font-size: 11; line-height: 12.2pt" xmlns="http://www.tei-c.org/ns/1.0">Vreede<lb/></p></cell><cell xml:id="INT_69391e5f-1985-305d-b111-119f17287400.TEI.1.text.1.body.1.div.1.table.1.row.12.cell.2"><note xml:id="INT_69391e5f-1985-305d-b111-119f17287400.TEI.1.text.1.body.1.div.1.table.1.row.12.cell.2.note.1" xml:lang="nl" place="inline" type="editorial-summary" resp="editor" rend="font-size: 5.5; font-style: italic; line-height: 6.1pt; margin-left: 2700" xmlns="http://www.tei-c.org/ns/1.0">ii<lb/></note></cell><cell xml:id="INT_69391e5f-1985-305d-b111-119f17287400.TEI.1.text.1.body.1.div.1.table.1.row.12.cell.3"><p xml:id="INT_69391e5f-1985-305d-b111-119f17287400.TEI.1.text.1.body.1.div.1.table.1.row.12.cell.3.p.1" xml:lang="nl" rend="font-size: 11; text-align: justify; line-height: 12.2pt; margin-left: 2200" xmlns="http://www.tei-c.org/ns/1.0">2' julij<lb/></p></cell></row><row xml:id="INT_69391e5f-1985-305d-b111-119f17287400.TEI.1.text.1.body.1.div.1.table.1.row.13"><cell xml:id="INT_69391e5f-1985-305d-b111-119f17287400.TEI.1.text.1.body.1.div.1.table.1.row.13.cell.1"><p xml:id="INT_69391e5f-1985-305d-b111-119f17287400.TEI.1.text.1.body.1.div.1.table.1.row.13.cell.1.p.1" xml:lang="nl" rend="font-size: 11; line-height: 12.2pt" xmlns="http://www.tei-c.org/ns/1.0">Rotterdam<lb/></p></cell><cell xml:id="INT_69391e5f-1985-305d-b111-119f17287400.TEI.1.text.1.body.1.div.1.table.1.row.13.cell.2"><note xml:id="INT_69391e5f-1985-305d-b111-119f17287400.TEI.1.text.1.body.1.div.1.table.1.row.13.cell.2.note.1" xml:lang="nl" place="inline" type="editorial-summary" resp="editor" rend="font-size: 5.5; font-style: italic; line-height: 6.1pt; margin-left: 2700" xmlns="http://www.tei-c.org/ns/1.0">n<lb/></note></cell><cell xml:id="INT_69391e5f-1985-305d-b111-119f17287400.TEI.1.text.1.body.1.div.1.table.1.row.13.cell.3"><p xml:id="INT_69391e5f-1985-305d-b111-119f17287400.TEI.1.text.1.body.1.div.1.table.1.row.13.cell.3.p.1" xml:lang="nl" rend="font-size: 11; text-align: justify; line-height: 12.2pt; margin-left: 2200" xmlns="http://www.tei-c.org/ns/1.0">6'<lb/></p></cell></row><row xml:id="INT_69391e5f-1985-305d-b111-119f17287400.TEI.1.text.1.body.1.div.1.table.1.row.14"><cell xml:id="INT_69391e5f-1985-305d-b111-119f17287400.TEI.1.text.1.body.1.div.1.table.1.row.14.cell.1"><p xml:id="INT_69391e5f-1985-305d-b111-119f17287400.TEI.1.text.1.body.1.div.1.table.1.row.14.cell.1.p.1" xml:lang="nl" rend="font-size: 11; line-height: 12.2pt" xmlns="http://www.tei-c.org/ns/1.0">Diemen<lb/></p></cell><cell xml:id="INT_69391e5f-1985-305d-b111-119f17287400.TEI.1.text.1.body.1.div.1.table.1.row.14.cell.2"><note xml:id="INT_69391e5f-1985-305d-b111-119f17287400.TEI.1.text.1.body.1.div.1.table.1.row.14.cell.2.note.1" xml:lang="nl" place="inline" type="editorial-summary" resp="editor" rend="font-size: 5.5; font-style: italic; line-height: 6.1pt; margin-left: 2700" xmlns="http://www.tei-c.org/ns/1.0">n<lb/></note></cell><cell xml:id="INT_69391e5f-1985-305d-b111-119f17287400.TEI.1.text.1.body.1.div.1.table.1.row.14.cell.3"><p xml:id="INT_69391e5f-1985-305d-b111-119f17287400.TEI.1.text.1.body.1.div.1.table.1.row.14.cell.3.p.1" xml:lang="nl" rend="font-size: 11; text-align: justify; line-height: 12.2pt; margin-left: 2200" xmlns="http://www.tei-c.org/ns/1.0">6'<lb/></p></cell></row><row xml:id="INT_69391e5f-1985-305d-b111-119f17287400.TEI.1.text.1.body.1.div.1.table.1.row.15"><cell xml:id="INT_69391e5f-1985-305d-b111-119f17287400.TEI.1.text.1.body.1.div.1.table.1.row.15.cell.1"><p xml:id="INT_69391e5f-1985-305d-b111-119f17287400.TEI.1.text.1.body.1.div.1.table.1.row.15.cell.1.p.1" xml:lang="nl" rend="font-size: 11; line-height: 12.2pt" xmlns="http://www.tei-c.org/ns/1.0">Manpad<lb/></p></cell><cell xml:id="INT_69391e5f-1985-305d-b111-119f17287400.TEI.1.text.1.body.1.div.1.table.1.row.15.cell.2"><note xml:id="INT_69391e5f-1985-305d-b111-119f17287400.TEI.1.text.1.body.1.div.1.table.1.row.15.cell.2.note.1" xml:lang="nl" place="inline" type="editorial-summary" resp="editor" rend="font-size: 5.5; font-style: italic; line-height: 6.1pt; margin-left: 2700" xmlns="http://www.tei-c.org/ns/1.0">n<lb/></note></cell><cell xml:id="INT_69391e5f-1985-305d-b111-119f17287400.TEI.1.text.1.body.1.div.1.table.1.row.15.cell.3"><p xml:id="INT_69391e5f-1985-305d-b111-119f17287400.TEI.1.text.1.body.1.div.1.table.1.row.15.cell.3.p.1" xml:lang="nl" rend="font-size: 11; text-align: justify; line-height: 12.2pt; margin-left: 2200" xmlns="http://www.tei-c.org/ns/1.0">6'<lb/></p></cell></row><row xml:id="INT_69391e5f-1985-305d-b111-119f17287400.TEI.1.text.1.body.1.div.1.table.1.row.16"><cell xml:id="INT_69391e5f-1985-305d-b111-119f17287400.TEI.1.text.1.body.1.div.1.table.1.row.16.cell.1"><p xml:id="INT_69391e5f-1985-305d-b111-119f17287400.TEI.1.text.1.body.1.div.1.table.1.row.16.cell.1.p.1" xml:lang="nl" rend="font-size: 11; line-height: 12.2pt" xmlns="http://www.tei-c.org/ns/1.0">Cattendijke<lb/></p></cell><cell xml:id="INT_69391e5f-1985-305d-b111-119f17287400.TEI.1.text.1.body.1.div.1.table.1.row.16.cell.2"><note xml:id="INT_69391e5f-1985-305d-b111-119f17287400.TEI.1.text.1.body.1.div.1.table.1.row.16.cell.2.note.1" xml:lang="nl" place="inline" type="editorial-summary" resp="editor" rend="font-size: 5.5; font-style: italic; line-height: 6.1pt; margin-left: 2700" xmlns="http://www.tei-c.org/ns/1.0">n<lb/></note></cell><cell xml:id="INT_69391e5f-1985-305d-b111-119f17287400.TEI.1.text.1.body.1.div.1.table.1.row.16.cell.3"><p xml:id="INT_69391e5f-1985-305d-b111-119f17287400.TEI.1.text.1.body.1.div.1.table.1.row.16.cell.3.p.1" xml:lang="nl" rend="font-size: 11; text-align: justify; line-height: 12.2pt; margin-left: 2200" xmlns="http://www.tei-c.org/ns/1.0">8'<lb/></p></cell></row><row xml:id="INT_69391e5f-1985-305d-b111-119f17287400.TEI.1.text.1.body.1.div.1.table.1.row.17"><cell xml:id="INT_69391e5f-1985-305d-b111-119f17287400.TEI.1.text.1.body.1.div.1.table.1.row.17.cell.1"><p xml:id="INT_69391e5f-1985-305d-b111-119f17287400.TEI.1.text.1.body.1.div.1.table.1.row.17.cell.1.p.1" xml:lang="nl" rend="font-size: 11; line-height: 12.2pt" xmlns="http://www.tei-c.org/ns/1.0">Ouwerkerk<lb/></p></cell><cell xml:id="INT_69391e5f-1985-305d-b111-119f17287400.TEI.1.text.1.body.1.div.1.table.1.row.17.cell.2"><note xml:id="INT_69391e5f-1985-305d-b111-119f17287400.TEI.1.text.1.body.1.div.1.table.1.row.17.cell.2.note.1" xml:lang="nl" place="inline" type="editorial-summary" resp="editor" rend="font-size: 5.5; font-style: italic; line-height: 6.1pt; margin-left: 2700" xmlns="http://www.tei-c.org/ns/1.0">n<lb/></note></cell><cell xml:id="INT_69391e5f-1985-305d-b111-119f17287400.TEI.1.text.1.body.1.div.1.table.1.row.17.cell.3"><p xml:id="INT_69391e5f-1985-305d-b111-119f17287400.TEI.1.text.1.body.1.div.1.table.1.row.17.cell.3.p.1" xml:lang="nl" rend="font-size: 11; text-align: justify; line-height: 12.2pt; margin-left: 2200" xmlns="http://www.tei-c.org/ns/1.0">8'<lb/></p></cell></row><row xml:id="INT_69391e5f-1985-305d-b111-119f17287400.TEI.1.text.1.body.1.div.1.table.1.row.18"><cell xml:id="INT_69391e5f-1985-305d-b111-119f17287400.TEI.1.text.1.body.1.div.1.table.1.row.18.cell.1"><p xml:id="INT_69391e5f-1985-305d-b111-119f17287400.TEI.1.text.1.body.1.div.1.table.1.row.18.cell.1.p.1" xml:lang="nl" rend="font-size: 11; line-height: 12.2pt" xmlns="http://www.tei-c.org/ns/1.0">Wimmenum<lb/></p></cell><cell xml:id="INT_69391e5f-1985-305d-b111-119f17287400.TEI.1.text.1.body.1.div.1.table.1.row.18.cell.2"><note xml:id="INT_69391e5f-1985-305d-b111-119f17287400.TEI.1.text.1.body.1.div.1.table.1.row.18.cell.2.note.1" xml:lang="nl" place="inline" type="editorial-summary" resp="editor" rend="font-size: 5.5; font-style: italic; line-height: 6.1pt; margin-left: 2700" xmlns="http://www.tei-c.org/ns/1.0">n<lb/></note></cell><cell xml:id="INT_69391e5f-1985-305d-b111-119f17287400.TEI.1.text.1.body.1.div.1.table.1.row.18.cell.3"><p xml:id="INT_69391e5f-1985-305d-b111-119f17287400.TEI.1.text.1.body.1.div.1.table.1.row.18.cell.3.p.1" xml:lang="nl" rend="font-size: 11; text-align: justify; line-height: 12.2pt; margin-left: 1700" xmlns="http://www.tei-c.org/ns/1.0">18'<lb/></p></cell></row><row xml:id="INT_69391e5f-1985-305d-b111-119f17287400.TEI.1.text.1.body.1.div.1.table.1.row.19"><cell xml:id="INT_69391e5f-1985-305d-b111-119f17287400.TEI.1.text.1.body.1.div.1.table.1.row.19.cell.1"><p xml:id="INT_69391e5f-1985-305d-b111-119f17287400.TEI.1.text.1.body.1.div.1.table.1.row.19.cell.1.p.1" xml:lang="nl" rend="font-size: 11; line-height: 12.2pt" xmlns="http://www.tei-c.org/ns/1.0">Pij ls waard<lb/></p></cell><cell xml:id="INT_69391e5f-1985-305d-b111-119f17287400.TEI.1.text.1.body.1.div.1.table.1.row.19.cell.2"><note xml:id="INT_69391e5f-1985-305d-b111-119f17287400.TEI.1.text.1.body.1.div.1.table.1.row.19.cell.2.note.1" xml:lang="nl" place="inline" type="editorial-summary" resp="editor" rend="font-size: 5.5; font-style: italic; line-height: 6.1pt; margin-left: 2700" xmlns="http://www.tei-c.org/ns/1.0">n<lb/></note></cell><cell xml:id="INT_69391e5f-1985-305d-b111-119f17287400.TEI.1.text.1.body.1.div.1.table.1.row.19.cell.3"><p xml:id="INT_69391e5f-1985-305d-b111-119f17287400.TEI.1.text.1.body.1.div.1.table.1.row.19.cell.3.p.1" xml:lang="nl" rend="font-size: 11; text-align: justify; line-height: 12.2pt; margin-left: 1700" xmlns="http://www.tei-c.org/ns/1.0">20'<lb/></p></cell></row><row xml:id="INT_69391e5f-1985-305d-b111-119f17287400.TEI.1.text.1.body.1.div.1.table.1.row.20"><cell xml:id="INT_69391e5f-1985-305d-b111-119f17287400.TEI.1.text.1.body.1.div.1.table.1.row.20.cell.1"><p xml:id="INT_69391e5f-1985-305d-b111-119f17287400.TEI.1.text.1.body.1.div.1.table.1.row.20.cell.1.p.1" xml:lang="nl" rend="font-size: 11; text-align: center; line-height: 12.2pt; margin-left: 1500" xmlns="http://www.tei-c.org/ns/1.0">Tot retourscheepen zijn aangelegd,<lb/></p></cell><cell xml:id="INT_69391e5f-1985-305d-b111-119f17287400.TEI.1.text.1.body.1.div.1.table.1.row.20.cell.2"><p xml:id="INT_69391e5f-1985-305d-b111-119f17287400.TEI.1.text.1.body.1.div.1.table.1.row.20.cell.2.p.1" rend="line-height:-0.01pt; margin-left:1700" xmlns="http://www.tei-c.org/ns/1.0"/></cell></row><row xml:id="INT_69391e5f-1985-305d-b111-119f17287400.TEI.1.text.1.body.1.div.1.table.1.row.21"><cell xml:id="INT_69391e5f-1985-305d-b111-119f17287400.TEI.1.text.1.body.1.div.1.table.1.row.21.cell.1"><p xml:id="INT_69391e5f-1985-305d-b111-119f17287400.TEI.1.text.1.body.1.div.1.table.1.row.21.cell.1.p.1" xml:lang="nl" rend="font-size: 11; line-height: 12.2pt; margin-left: 1600" xmlns="http://www.tei-c.org/ns/1.0">Over Bengale:<lb/></p></cell></row><row xml:id="INT_69391e5f-1985-305d-b111-119f17287400.TEI.1.text.1.body.1.div.1.table.1.row.22"><cell xml:id="INT_69391e5f-1985-305d-b111-119f17287400.TEI.1.text.1.body.1.div.1.table.1.row.22.cell.1"><p xml:id="INT_69391e5f-1985-305d-b111-119f17287400.TEI.1.text.1.body.1.div.1.table.1.row.22.cell.1.p.1" xml:lang="nl" rend="font-size: 11; line-height: 12.2pt" xmlns="http://www.tei-c.org/ns/1.0">Osdorp<lb/></p></cell><cell xml:id="INT_69391e5f-1985-305d-b111-119f17287400.TEI.1.text.1.body.1.div.1.table.1.row.22.cell.2"><p xml:id="INT_69391e5f-1985-305d-b111-119f17287400.TEI.1.text.1.body.1.div.1.table.1.row.22.cell.2.p.1" xml:lang="nl" rend="font-size: 11; line-height: 12.2pt; margin-left: 2700" xmlns="http://www.tei-c.org/ns/1.0">voor<lb/></p></cell><cell xml:id="INT_69391e5f-1985-305d-b111-119f17287400.TEI.1.text.1.body.1.div.1.table.1.row.22.cell.3"><p xml:id="INT_69391e5f-1985-305d-b111-119f17287400.TEI.1.text.1.body.1.div.1.table.1.row.22.cell.3.p.1" xml:lang="nl" rend="font-size: 11; text-align: justify; line-height: 12.2pt; margin-left: 1700" xmlns="http://www.tei-c.org/ns/1.0">Amsterdam<lb/></p></cell></row><row xml:id="INT_69391e5f-1985-305d-b111-119f17287400.TEI.1.text.1.body.1.div.1.table.1.row.23"><cell xml:id="INT_69391e5f-1985-305d-b111-119f17287400.TEI.1.text.1.body.1.div.1.table.1.row.23.cell.1"><p xml:id="INT_69391e5f-1985-305d-b111-119f17287400.TEI.1.text.1.body.1.div.1.table.1.row.23.cell.1.p.1" xml:lang="nl" rend="font-size: 11; line-height: 12.2pt" xmlns="http://www.tei-c.org/ns/1.0">Sparenrijk<lb/></p></cell><cell xml:id="INT_69391e5f-1985-305d-b111-119f17287400.TEI.1.text.1.body.1.div.1.table.1.row.23.cell.2"><note xml:id="INT_69391e5f-1985-305d-b111-119f17287400.TEI.1.text.1.body.1.div.1.table.1.row.23.cell.2.note.1" xml:lang="nl" place="inline" type="editorial-summary" resp="editor" rend="font-size: 5.5; font-style: italic; line-height: 6.1pt; margin-left: 2700" xmlns="http://www.tei-c.org/ns/1.0">n<lb/></note></cell><cell xml:id="INT_69391e5f-1985-305d-b111-119f17287400.TEI.1.text.1.body.1.div.1.table.1.row.23.cell.3"><note xml:id="INT_69391e5f-1985-305d-b111-119f17287400.TEI.1.text.1.body.1.div.1.table.1.row.23.cell.3.note.1" xml:lang="nl" place="inline" type="editorial-summary" resp="editor" rend="font-style: italic; margin-left: 1700; line-height: 6.1pt; text-align: justify; font-size: 5.5" xmlns="http://www.tei-c.org/ns/1.0">n<lb/></note></cell></row><row xml:id="INT_69391e5f-1985-305d-b111-119f17287400.TEI.1.text.1.body.1.div.1.table.1.row.24"><cell xml:id="INT_69391e5f-1985-305d-b111-119f17287400.TEI.1.text.1.body.1.div.1.table.1.row.24.cell.1"><p xml:id="INT_69391e5f-1985-305d-b111-119f17287400.TEI.1.text.1.body.1.div.1.table.1.row.24.cell.1.p.1" xml:lang="nl" rend="font-size: 11; line-height: 12.2pt" xmlns="http://www.tei-c.org/ns/1.0">Oostcappelle<lb/></p></cell><cell xml:id="INT_69391e5f-1985-305d-b111-119f17287400.TEI.1.text.1.body.1.div.1.table.1.row.24.cell.2"><note xml:id="INT_69391e5f-1985-305d-b111-119f17287400.TEI.1.text.1.body.1.div.1.table.1.row.24.cell.2.note.1" xml:lang="nl" place="inline" type="editorial-summary" resp="editor" rend="font-size: 5.5; font-style: italic; line-height: 6.1pt; margin-left: 2700" xmlns="http://www.tei-c.org/ns/1.0">ii<lb/></note></cell><cell xml:id="INT_69391e5f-1985-305d-b111-119f17287400.TEI.1.text.1.body.1.div.1.table.1.row.24.cell.3"><p xml:id="INT_69391e5f-1985-305d-b111-119f17287400.TEI.1.text.1.body.1.div.1.table.1.row.24.cell.3.p.1" xml:lang="nl" rend="font-size: 11; text-align: justify; line-height: 12.2pt; margin-left: 1700" xmlns="http://www.tei-c.org/ns/1.0">Zeeland<lb/></p></cell></row><row xml:id="INT_69391e5f-1985-305d-b111-119f17287400.TEI.1.text.1.body.1.div.1.table.1.row.25"><cell xml:id="INT_69391e5f-1985-305d-b111-119f17287400.TEI.1.text.1.body.1.div.1.table.1.row.25.cell.1"><p xml:id="INT_69391e5f-1985-305d-b111-119f17287400.TEI.1.text.1.body.1.div.1.table.1.row.25.cell.1.p.1" xml:lang="nl" rend="font-size: 11; line-height: 12.2pt" xmlns="http://www.tei-c.org/ns/1.0">Brouwer<lb/></p></cell><cell xml:id="INT_69391e5f-1985-305d-b111-119f17287400.TEI.1.text.1.body.1.div.1.table.1.row.25.cell.2"><note xml:id="INT_69391e5f-1985-305d-b111-119f17287400.TEI.1.text.1.body.1.div.1.table.1.row.25.cell.2.note.1" xml:lang="nl" place="inline" type="editorial-summary" resp="editor" rend="font-size: 5.5; font-style: italic; line-height: 6.1pt; margin-left: 2700" xmlns="http://www.tei-c.org/ns/1.0">n<lb/></note></cell><cell xml:id="INT_69391e5f-1985-305d-b111-119f17287400.TEI.1.text.1.body.1.div.1.table.1.row.25.cell.3"><p xml:id="INT_69391e5f-1985-305d-b111-119f17287400.TEI.1.text.1.body.1.div.1.table.1.row.25.cell.3.p.1" xml:lang="nl" rend="font-size: 11; text-align: justify; line-height: 12.2pt; margin-left: 1700" xmlns="http://www.tei-c.org/ns/1.0">Hoorn<lb/></p></cell></row><row xml:id="INT_69391e5f-1985-305d-b111-119f17287400.TEI.1.text.1.body.1.div.1.table.1.row.26"><cell xml:id="INT_69391e5f-1985-305d-b111-119f17287400.TEI.1.text.1.body.1.div.1.table.1.row.26.cell.1"><p xml:id="INT_69391e5f-1985-305d-b111-119f17287400.TEI.1.text.1.body.1.div.1.table.1.row.26.cell.1.p.1" xml:lang="nl" rend="font-size: 11; line-height: 12.2pt; margin-left: 1700" xmlns="http://www.tei-c.org/ns/1.0">Over China:<lb/></p></cell></row><row xml:id="INT_69391e5f-1985-305d-b111-119f17287400.TEI.1.text.1.body.1.div.1.table.1.row.27"><cell xml:id="INT_69391e5f-1985-305d-b111-119f17287400.TEI.1.text.1.body.1.div.1.table.1.row.27.cell.1"><p xml:id="INT_69391e5f-1985-305d-b111-119f17287400.TEI.1.text.1.body.1.div.1.table.1.row.27.cell.1.p.1" xml:lang="nl" rend="font-size: 11; line-height: 12.2pt" xmlns="http://www.tei-c.org/ns/1.0">Rosenburg<lb/></p></cell><cell xml:id="INT_69391e5f-1985-305d-b111-119f17287400.TEI.1.text.1.body.1.div.1.table.1.row.27.cell.2"><p xml:id="INT_69391e5f-1985-305d-b111-119f17287400.TEI.1.text.1.body.1.div.1.table.1.row.27.cell.2.p.1" xml:lang="nl" rend="font-size: 11; line-height: 12.2pt; margin-left: 2700" xmlns="http://www.tei-c.org/ns/1.0">voor<lb/></p></cell><cell xml:id="INT_69391e5f-1985-305d-b111-119f17287400.TEI.1.text.1.body.1.div.1.table.1.row.27.cell.3"><p xml:id="INT_69391e5f-1985-305d-b111-119f17287400.TEI.1.text.1.body.1.div.1.table.1.row.27.cell.3.p.1" xml:lang="nl" rend="font-size: 11; text-align: justify; line-height: 12.2pt; margin-left: 1700" xmlns="http://www.tei-c.org/ns/1.0">Amsterdam<lb/></p></cell></row><row xml:id="INT_69391e5f-1985-305d-b111-119f17287400.TEI.1.text.1.body.1.div.1.table.1.row.28"><cell xml:id="INT_69391e5f-1985-305d-b111-119f17287400.TEI.1.text.1.body.1.div.1.table.1.row.28.cell.1"><p xml:id="INT_69391e5f-1985-305d-b111-119f17287400.TEI.1.text.1.body.1.div.1.table.1.row.28.cell.1.p.1" xml:lang="nl" rend="font-size: 11; line-height: 12.2pt" xmlns="http://www.tei-c.org/ns/1.0">Ovemes<lb/></p></cell><cell xml:id="INT_69391e5f-1985-305d-b111-119f17287400.TEI.1.text.1.body.1.div.1.table.1.row.28.cell.2"><note xml:id="INT_69391e5f-1985-305d-b111-119f17287400.TEI.1.text.1.body.1.div.1.table.1.row.28.cell.2.note.1" xml:lang="nl" place="inline" type="editorial-summary" resp="editor" rend="font-size: 5.5; font-style: italic; line-height: 6.1pt; margin-left: 2700" xmlns="http://www.tei-c.org/ns/1.0">n<lb/></note></cell><cell xml:id="INT_69391e5f-1985-305d-b111-119f17287400.TEI.1.text.1.body.1.div.1.table.1.row.28.cell.3"><note xml:id="INT_69391e5f-1985-305d-b111-119f17287400.TEI.1.text.1.body.1.div.1.table.1.row.28.cell.3.note.1" xml:lang="nl" place="inline" type="editorial-summary" resp="editor" rend="font-style: italic; margin-left: 1700; line-height: 6.1pt; text-align: justify; font-size: 5.5" xmlns="http://www.tei-c.org/ns/1.0">n<lb/></note></cell></row><row xml:id="INT_69391e5f-1985-305d-b111-119f17287400.TEI.1.text.1.body.1.div.1.table.1.row.29"><cell xml:id="INT_69391e5f-1985-305d-b111-119f17287400.TEI.1.text.1.body.1.div.1.table.1.row.29.cell.1"><p xml:id="INT_69391e5f-1985-305d-b111-119f17287400.TEI.1.text.1.body.1.div.1.table.1.row.29.cell.1.p.1" xml:lang="nl" rend="font-size: 11; line-height: 12.2pt" xmlns="http://www.tei-c.org/ns/1.0">Bosenhoven<lb/></p></cell><cell xml:id="INT_69391e5f-1985-305d-b111-119f17287400.TEI.1.text.1.body.1.div.1.table.1.row.29.cell.2"><note xml:id="INT_69391e5f-1985-305d-b111-119f17287400.TEI.1.text.1.body.1.div.1.table.1.row.29.cell.2.note.1" xml:lang="nl" place="inline" type="editorial-summary" resp="editor" rend="font-size: 5.5; font-style: italic; line-height: 6.1pt; margin-left: 2700" xmlns="http://www.tei-c.org/ns/1.0">n<lb/></note></cell><cell xml:id="INT_69391e5f-1985-305d-b111-119f17287400.TEI.1.text.1.body.1.div.1.table.1.row.29.cell.3"><note xml:id="INT_69391e5f-1985-305d-b111-119f17287400.TEI.1.text.1.body.1.div.1.table.1.row.29.cell.3.note.1" xml:lang="nl" place="inline" type="editorial-summary" resp="editor" rend="font-style: italic; margin-left: 1700; line-height: 6.1pt; text-align: justify; font-size: 5.5" xmlns="http://www.tei-c.org/ns/1.0">n<lb/></note></cell></row><row xml:id="INT_69391e5f-1985-305d-b111-119f17287400.TEI.1.text.1.body.1.div.1.table.1.row.30"><cell xml:id="INT_69391e5f-1985-305d-b111-119f17287400.TEI.1.text.1.body.1.div.1.table.1.row.30.cell.1"><p xml:id="INT_69391e5f-1985-305d-b111-119f17287400.TEI.1.text.1.body.1.div.1.table.1.row.30.cell.1.p.1" xml:lang="nl" rend="font-size: 11; line-height: 12.2pt" xmlns="http://www.tei-c.org/ns/1.0">Middelburg<lb/></p></cell><cell xml:id="INT_69391e5f-1985-305d-b111-119f17287400.TEI.1.text.1.body.1.div.1.table.1.row.30.cell.2"><note xml:id="INT_69391e5f-1985-305d-b111-119f17287400.TEI.1.text.1.body.1.div.1.table.1.row.30.cell.2.note.1" xml:lang="nl" place="inline" type="editorial-summary" resp="editor" rend="font-size: 5.5; font-style: italic; line-height: 6.1pt; margin-left: 2700" xmlns="http://www.tei-c.org/ns/1.0">n<lb/></note></cell><cell xml:id="INT_69391e5f-1985-305d-b111-119f17287400.TEI.1.text.1.body.1.div.1.table.1.row.30.cell.3"><p xml:id="INT_69391e5f-1985-305d-b111-119f17287400.TEI.1.text.1.body.1.div.1.table.1.row.30.cell.3.p.1" xml:lang="nl" rend="font-size: 11; text-align: justify; line-height: 12.2pt; margin-left: 1700" xmlns="http://www.tei-c.org/ns/1.0">Zeeland<lb/></p></cell></row><row xml:id="INT_69391e5f-1985-305d-b111-119f17287400.TEI.1.text.1.body.1.div.1.table.1.row.31"><cell xml:id="INT_69391e5f-1985-305d-b111-119f17287400.TEI.1.text.1.body.1.div.1.table.1.row.31.cell.1"><p xml:id="INT_69391e5f-1985-305d-b111-119f17287400.TEI.1.text.1.body.1.div.1.table.1.row.31.cell.1.p.1" xml:lang="nl" rend="font-size: 11; line-height: 12.2pt" xmlns="http://www.tei-c.org/ns/1.0">Vreedesteyn<lb/></p></cell><cell xml:id="INT_69391e5f-1985-305d-b111-119f17287400.TEI.1.text.1.body.1.div.1.table.1.row.31.cell.2"><note xml:id="INT_69391e5f-1985-305d-b111-119f17287400.TEI.1.text.1.body.1.div.1.table.1.row.31.cell.2.note.1" xml:lang="nl" place="inline" type="editorial-summary" resp="editor" rend="font-size: 5.5; font-style: italic; line-height: 6.1pt; margin-left: 2700" xmlns="http://www.tei-c.org/ns/1.0">n<lb/></note></cell><cell xml:id="INT_69391e5f-1985-305d-b111-119f17287400.TEI.1.text.1.body.1.div.1.table.1.row.31.cell.3"><p xml:id="INT_69391e5f-1985-305d-b111-119f17287400.TEI.1.text.1.body.1.div.1.table.1.row.31.cell.3.p.1" xml:lang="nl" rend="font-size: 11; text-align: justify; line-height: 12.2pt; margin-left: 1700" xmlns="http://www.tei-c.org/ns/1.0">Rotterdam<lb/></p></cell></row><row xml:id="INT_69391e5f-1985-305d-b111-119f17287400.TEI.1.text.1.body.1.div.1.table.1.row.32"><cell xml:id="INT_69391e5f-1985-305d-b111-119f17287400.TEI.1.text.1.body.1.div.1.table.1.row.32.cell.1"><p xml:id="INT_69391e5f-1985-305d-b111-119f17287400.TEI.1.text.1.body.1.div.1.table.1.row.32.cell.1.p.1" xml:lang="nl" rend="font-size: 11; line-height: 12.2pt; margin-left: 1700" xmlns="http://www.tei-c.org/ns/1.0">Over Ceylon:<lb/></p></cell></row><row xml:id="INT_69391e5f-1985-305d-b111-119f17287400.TEI.1.text.1.body.1.div.1.table.1.row.33"><cell xml:id="INT_69391e5f-1985-305d-b111-119f17287400.TEI.1.text.1.body.1.div.1.table.1.row.33.cell.1"><p xml:id="INT_69391e5f-1985-305d-b111-119f17287400.TEI.1.text.1.body.1.div.1.table.1.row.33.cell.1.p.1" xml:lang="nl" rend="font-size: 11; line-height: 12.2pt" xmlns="http://www.tei-c.org/ns/1.0">Akerendam<lb/></p></cell><cell xml:id="INT_69391e5f-1985-305d-b111-119f17287400.TEI.1.text.1.body.1.div.1.table.1.row.33.cell.2"><p xml:id="INT_69391e5f-1985-305d-b111-119f17287400.TEI.1.text.1.body.1.div.1.table.1.row.33.cell.2.p.1" xml:lang="nl" rend="font-size: 11; line-height: 12.2pt; margin-left: 2700" xmlns="http://www.tei-c.org/ns/1.0">voor<lb/></p></cell><cell xml:id="INT_69391e5f-1985-305d-b111-119f17287400.TEI.1.text.1.body.1.div.1.table.1.row.33.cell.3"><p xml:id="INT_69391e5f-1985-305d-b111-119f17287400.TEI.1.text.1.body.1.div.1.table.1.row.33.cell.3.p.1" xml:lang="nl" rend="font-size: 11; text-align: justify; line-height: 12.2pt; margin-left: 1700" xmlns="http://www.tei-c.org/ns/1.0">Amsterdam<lb/></p></cell></row><row xml:id="INT_69391e5f-1985-305d-b111-119f17287400.TEI.1.text.1.body.1.div.1.table.1.row.34"><cell xml:id="INT_69391e5f-1985-305d-b111-119f17287400.TEI.1.text.1.body.1.div.1.table.1.row.34.cell.1"><p xml:id="INT_69391e5f-1985-305d-b111-119f17287400.TEI.1.text.1.body.1.div.1.table.1.row.34.cell.1.p.1" xml:lang="nl" rend="font-size: 11; line-height: 12.2pt" xmlns="http://www.tei-c.org/ns/1.0">Slot van Cappelle<lb/></p></cell><cell xml:id="INT_69391e5f-1985-305d-b111-119f17287400.TEI.1.text.1.body.1.div.1.table.1.row.34.cell.2"><note xml:id="INT_69391e5f-1985-305d-b111-119f17287400.TEI.1.text.1.body.1.div.1.table.1.row.34.cell.2.note.1" xml:lang="nl" place="inline" type="editorial-summary" resp="editor" rend="font-size: 5.5; font-style: italic; line-height: 6.1pt; margin-left: 2700" xmlns="http://www.tei-c.org/ns/1.0">n<lb/></note></cell><cell xml:id="INT_69391e5f-1985-305d-b111-119f17287400.TEI.1.text.1.body.1.div.1.table.1.row.34.cell.3"><note xml:id="INT_69391e5f-1985-305d-b111-119f17287400.TEI.1.text.1.body.1.div.1.table.1.row.34.cell.3.note.1" xml:lang="nl" place="inline" type="editorial-summary" resp="editor" rend="font-style: italic; margin-left: 1700; line-height: 6.1pt; text-align: justify; font-size: 5.5" xmlns="http://www.tei-c.org/ns/1.0">n<lb/></note></cell></row><row xml:id="INT_69391e5f-1985-305d-b111-119f17287400.TEI.1.text.1.body.1.div.1.table.1.row.35"><cell xml:id="INT_69391e5f-1985-305d-b111-119f17287400.TEI.1.text.1.body.1.div.1.table.1.row.35.cell.1"><p xml:id="INT_69391e5f-1985-305d-b111-119f17287400.TEI.1.text.1.body.1.div.1.table.1.row.35.cell.1.p.1" xml:lang="nl" rend="font-size: 11; line-height: 12.2pt" xmlns="http://www.tei-c.org/ns/1.0">Vrijburg<lb/></p></cell><cell xml:id="INT_69391e5f-1985-305d-b111-119f17287400.TEI.1.text.1.body.1.div.1.table.1.row.35.cell.2"><note xml:id="INT_69391e5f-1985-305d-b111-119f17287400.TEI.1.text.1.body.1.div.1.table.1.row.35.cell.2.note.1" xml:lang="nl" place="inline" type="editorial-summary" resp="editor" rend="font-size: 5.5; font-style: italic; line-height: 6.1pt; margin-left: 2700" xmlns="http://www.tei-c.org/ns/1.0">n<lb/></note></cell><cell xml:id="INT_69391e5f-1985-305d-b111-119f17287400.TEI.1.text.1.body.1.div.1.table.1.row.35.cell.3"><note xml:id="INT_69391e5f-1985-305d-b111-119f17287400.TEI.1.text.1.body.1.div.1.table.1.row.35.cell.3.note.1" xml:lang="nl" place="inline" type="editorial-summary" resp="editor" rend="font-style: italic; margin-left: 1700; line-height: 6.1pt; text-align: justify; font-size: 5.5" xmlns="http://www.tei-c.org/ns/1.0">n<lb/></note></cell></row><row xml:id="INT_69391e5f-1985-305d-b111-119f17287400.TEI.1.text.1.body.1.div.1.table.1.row.36"><cell xml:id="INT_69391e5f-1985-305d-b111-119f17287400.TEI.1.text.1.body.1.div.1.table.1.row.36.cell.1"><p xml:id="INT_69391e5f-1985-305d-b111-119f17287400.TEI.1.text.1.body.1.div.1.table.1.row.36.cell.1.p.1" xml:lang="nl" rend="font-size: 11; line-height: 12.2pt" xmlns="http://www.tei-c.org/ns/1.0">een daar aanwesende<lb/></p></cell><cell xml:id="INT_69391e5f-1985-305d-b111-119f17287400.TEI.1.text.1.body.1.div.1.table.1.row.36.cell.2"><note xml:id="INT_69391e5f-1985-305d-b111-119f17287400.TEI.1.text.1.body.1.div.1.table.1.row.36.cell.2.note.1" xml:lang="nl" place="inline" type="editorial-summary" resp="editor" rend="font-size: 5.5; font-style: italic; line-height: 6.1pt; margin-left: 2700" xmlns="http://www.tei-c.org/ns/1.0">n<lb/></note></cell><cell xml:id="INT_69391e5f-1985-305d-b111-119f17287400.TEI.1.text.1.body.1.div.1.table.1.row.36.cell.3"><p xml:id="INT_69391e5f-1985-305d-b111-119f17287400.TEI.1.text.1.body.1.div.1.table.1.row.36.cell.3.p.1" xml:lang="nl" rend="font-size: 11; text-align: justify; line-height: 12.2pt; margin-left: 1700" xmlns="http://www.tei-c.org/ns/1.0">Zeeland<lb/></p></cell></row></table><fw xml:id="INT_69391e5f-1985-305d-b111-119f17287400.TEI.1.text.1.body.1.div.1.fw.5" type="bottom-page-number">279</fw><pb xml:id="INT_69391e5f-1985-305d-b111-119f17287400.TEI.1.text.1.body.1.div.1.pb.3" n="280" facs="http://resources.huygens.knaw.nl/retroapp/service_generalemissiven/gm_12/images/generale_missiven_gs257_280.tif"/><fw xml:id="INT_69391e5f-1985-305d-b111-119f17287400.TEI.1.text.1.body.1.div.1.fw.6" place="top" type="head" facs="#zone.2192876" xmlns="http://www.tei-c.org/ns/1.0">Mossel XVI 13 augustus 1753Direct van Batavia:</fw><table xml:id="INT_69391e5f-1985-305d-b111-119f17287400.TEI.1.text.1.body.1.div.1.table.2" xmlns="http://www.tei-c.org/ns/1.0"><row xml:id="INT_69391e5f-1985-305d-b111-119f17287400.TEI.1.text.1.body.1.div.1.table.2.row.1"><cell xml:id="INT_69391e5f-1985-305d-b111-119f17287400.TEI.1.text.1.body.1.div.1.table.2.row.1.cell.1"><p xml:id="INT_69391e5f-1985-305d-b111-119f17287400.TEI.1.text.1.body.1.div.1.table.2.row.1.cell.1.p.1" xml:lang="nl" rend="font-size: 12; line-height: 13.3pt" xmlns="http://www.tei-c.org/ns/1.0">Voorland de voorloper<lb/></p></cell><cell xml:id="INT_69391e5f-1985-305d-b111-119f17287400.TEI.1.text.1.body.1.div.1.table.2.row.1.cell.2"><p xml:id="INT_69391e5f-1985-305d-b111-119f17287400.TEI.1.text.1.body.1.div.1.table.2.row.1.cell.2.p.1" xml:lang="nl" rend="font-size: 12; line-height: 13.3pt; margin-left: 3500" xmlns="http://www.tei-c.org/ns/1.0">voor<lb/></p></cell><cell xml:id="INT_69391e5f-1985-305d-b111-119f17287400.TEI.1.text.1.body.1.div.1.table.2.row.1.cell.3"><p xml:id="INT_69391e5f-1985-305d-b111-119f17287400.TEI.1.text.1.body.1.div.1.table.2.row.1.cell.3.p.1" xml:lang="nl" rend="font-size: 12; line-height: 13.3pt; margin-left: 1700" xmlns="http://www.tei-c.org/ns/1.0">Amsterdam<lb/></p></cell></row><row xml:id="INT_69391e5f-1985-305d-b111-119f17287400.TEI.1.text.1.body.1.div.1.table.2.row.2"><cell xml:id="INT_69391e5f-1985-305d-b111-119f17287400.TEI.1.text.1.body.1.div.1.table.2.row.2.cell.1"><p xml:id="INT_69391e5f-1985-305d-b111-119f17287400.TEI.1.text.1.body.1.div.1.table.2.row.2.cell.1.p.1" xml:lang="nl" rend="font-size: 12; line-height: 13.3pt" xmlns="http://www.tei-c.org/ns/1.0">Leckerland<lb/></p></cell><cell xml:id="INT_69391e5f-1985-305d-b111-119f17287400.TEI.1.text.1.body.1.div.1.table.2.row.2.cell.2"><p xml:id="INT_69391e5f-1985-305d-b111-119f17287400.TEI.1.text.1.body.1.div.1.table.2.row.2.cell.2.p.1" rend="line-height:-0.01pt; margin-left:3500" xmlns="http://www.tei-c.org/ns/1.0"/></cell><cell xml:id="INT_69391e5f-1985-305d-b111-119f17287400.TEI.1.text.1.body.1.div.1.table.2.row.2.cell.3"><p xml:id="INT_69391e5f-1985-305d-b111-119f17287400.TEI.1.text.1.body.1.div.1.table.2.row.2.cell.3.p.1" rend="line-height:-0.01pt; margin-left:1700" xmlns="http://www.tei-c.org/ns/1.0"/></cell></row><row xml:id="INT_69391e5f-1985-305d-b111-119f17287400.TEI.1.text.1.body.1.div.1.table.2.row.3"><cell xml:id="INT_69391e5f-1985-305d-b111-119f17287400.TEI.1.text.1.body.1.div.1.table.2.row.3.cell.1"><p xml:id="INT_69391e5f-1985-305d-b111-119f17287400.TEI.1.text.1.body.1.div.1.table.2.row.3.cell.1.p.1" xml:lang="nl" rend="font-size: 12; line-height: 13.3pt" xmlns="http://www.tei-c.org/ns/1.0">Uno<lb/></p></cell><cell xml:id="INT_69391e5f-1985-305d-b111-119f17287400.TEI.1.text.1.body.1.div.1.table.2.row.3.cell.2"><p xml:id="INT_69391e5f-1985-305d-b111-119f17287400.TEI.1.text.1.body.1.div.1.table.2.row.3.cell.2.p.1" rend="line-height:-0.01pt; margin-left:3500" xmlns="http://www.tei-c.org/ns/1.0"/></cell><cell xml:id="INT_69391e5f-1985-305d-b111-119f17287400.TEI.1.text.1.body.1.div.1.table.2.row.3.cell.3"><p xml:id="INT_69391e5f-1985-305d-b111-119f17287400.TEI.1.text.1.body.1.div.1.table.2.row.3.cell.3.p.1" xml:lang="nl" rend="font-size: 12; line-height: 13.3pt; margin-left: 1700" xmlns="http://www.tei-c.org/ns/1.0">Zeeland<lb/></p></cell></row><row xml:id="INT_69391e5f-1985-305d-b111-119f17287400.TEI.1.text.1.body.1.div.1.table.2.row.4"><cell xml:id="INT_69391e5f-1985-305d-b111-119f17287400.TEI.1.text.1.body.1.div.1.table.2.row.4.cell.1"><p xml:id="INT_69391e5f-1985-305d-b111-119f17287400.TEI.1.text.1.body.1.div.1.table.2.row.4.cell.1.p.1" xml:lang="nl" rend="font-size: 12; line-height: 13.3pt" xmlns="http://www.tei-c.org/ns/1.0">Gustaaf Willem<lb/></p></cell><cell xml:id="INT_69391e5f-1985-305d-b111-119f17287400.TEI.1.text.1.body.1.div.1.table.2.row.4.cell.2"><p xml:id="INT_69391e5f-1985-305d-b111-119f17287400.TEI.1.text.1.body.1.div.1.table.2.row.4.cell.2.p.1" xml:lang="nl" rend="font-size: 12; line-height: 13.3pt; margin-left: 3500" xmlns="http://www.tei-c.org/ns/1.0">»»<lb/></p></cell><cell xml:id="INT_69391e5f-1985-305d-b111-119f17287400.TEI.1.text.1.body.1.div.1.table.2.row.4.cell.3"><p xml:id="INT_69391e5f-1985-305d-b111-119f17287400.TEI.1.text.1.body.1.div.1.table.2.row.4.cell.3.p.1" xml:lang="nl" rend="font-size: 4; letter-spacing: 0.5pt; line-height: 4.4pt; margin-left: 1700" xmlns="http://www.tei-c.org/ns/1.0">5 5<lb/></p></cell></row><row xml:id="INT_69391e5f-1985-305d-b111-119f17287400.TEI.1.text.1.body.1.div.1.table.2.row.5"><cell xml:id="INT_69391e5f-1985-305d-b111-119f17287400.TEI.1.text.1.body.1.div.1.table.2.row.5.cell.1"><p xml:id="INT_69391e5f-1985-305d-b111-119f17287400.TEI.1.text.1.body.1.div.1.table.2.row.5.cell.1.p.1" xml:lang="nl" rend="font-size: 12; line-height: 13.3pt" xmlns="http://www.tei-c.org/ns/1.0">Deunisvelt<lb/></p></cell><cell xml:id="INT_69391e5f-1985-305d-b111-119f17287400.TEI.1.text.1.body.1.div.1.table.2.row.5.cell.2"><p xml:id="INT_69391e5f-1985-305d-b111-119f17287400.TEI.1.text.1.body.1.div.1.table.2.row.5.cell.2.p.1" rend="line-height:-0.01pt; margin-left:3500" xmlns="http://www.tei-c.org/ns/1.0"/></cell><cell xml:id="INT_69391e5f-1985-305d-b111-119f17287400.TEI.1.text.1.body.1.div.1.table.2.row.5.cell.3"><p xml:id="INT_69391e5f-1985-305d-b111-119f17287400.TEI.1.text.1.body.1.div.1.table.2.row.5.cell.3.p.1" xml:lang="nl" rend="font-size: 12; line-height: 13.3pt; margin-left: 1700" xmlns="http://www.tei-c.org/ns/1.0">Delft<lb/></p></cell></row><row xml:id="INT_69391e5f-1985-305d-b111-119f17287400.TEI.1.text.1.body.1.div.1.table.2.row.6"><cell xml:id="INT_69391e5f-1985-305d-b111-119f17287400.TEI.1.text.1.body.1.div.1.table.2.row.6.cell.1"><p xml:id="INT_69391e5f-1985-305d-b111-119f17287400.TEI.1.text.1.body.1.div.1.table.2.row.6.cell.1.p.1" xml:lang="nl" rend="font-size: 12; line-height: 13.3pt" xmlns="http://www.tei-c.org/ns/1.0">de Hoop<lb/></p></cell><cell xml:id="INT_69391e5f-1985-305d-b111-119f17287400.TEI.1.text.1.body.1.div.1.table.2.row.6.cell.2"><p xml:id="INT_69391e5f-1985-305d-b111-119f17287400.TEI.1.text.1.body.1.div.1.table.2.row.6.cell.2.p.1" xml:lang="nl" rend="margin-right: 300; line-height: 4.4pt; text-align: center; letter-spacing: 0.5pt; font-size: 4" xmlns="http://www.tei-c.org/ns/1.0">»»<lb/></p></cell><cell xml:id="INT_69391e5f-1985-305d-b111-119f17287400.TEI.1.text.1.body.1.div.1.table.2.row.6.cell.3"><p xml:id="INT_69391e5f-1985-305d-b111-119f17287400.TEI.1.text.1.body.1.div.1.table.2.row.6.cell.3.p.1" xml:lang="nl" rend="font-size: 4; letter-spacing: 0.5pt; line-height: 4.4pt; margin-left: 1700" xmlns="http://www.tei-c.org/ns/1.0">»»<lb/></p></cell></row><row xml:id="INT_69391e5f-1985-305d-b111-119f17287400.TEI.1.text.1.body.1.div.1.table.2.row.7"><cell xml:id="INT_69391e5f-1985-305d-b111-119f17287400.TEI.1.text.1.body.1.div.1.table.2.row.7.cell.1"><p xml:id="INT_69391e5f-1985-305d-b111-119f17287400.TEI.1.text.1.body.1.div.1.table.2.row.7.cell.1.p.1" xml:lang="nl" rend="font-size: 12; line-height: 13.3pt" xmlns="http://www.tei-c.org/ns/1.0">’t Huys ten Donk<lb/></p></cell><cell xml:id="INT_69391e5f-1985-305d-b111-119f17287400.TEI.1.text.1.body.1.div.1.table.2.row.7.cell.2"><p xml:id="INT_69391e5f-1985-305d-b111-119f17287400.TEI.1.text.1.body.1.div.1.table.2.row.7.cell.2.p.1" rend="line-height:-0.01pt; margin-left:3500" xmlns="http://www.tei-c.org/ns/1.0"/></cell><cell xml:id="INT_69391e5f-1985-305d-b111-119f17287400.TEI.1.text.1.body.1.div.1.table.2.row.7.cell.3"><p xml:id="INT_69391e5f-1985-305d-b111-119f17287400.TEI.1.text.1.body.1.div.1.table.2.row.7.cell.3.p.1" xml:lang="nl" rend="font-size: 12; line-height: 13.3pt; margin-left: 1700" xmlns="http://www.tei-c.org/ns/1.0">Rotterdam<lb/></p></cell></row><row xml:id="INT_69391e5f-1985-305d-b111-119f17287400.TEI.1.text.1.body.1.div.1.table.2.row.8"><cell xml:id="INT_69391e5f-1985-305d-b111-119f17287400.TEI.1.text.1.body.1.div.1.table.2.row.8.cell.1"><p xml:id="INT_69391e5f-1985-305d-b111-119f17287400.TEI.1.text.1.body.1.div.1.table.2.row.8.cell.1.p.1" xml:lang="nl" rend="font-size: 12; line-height: 13.3pt" xmlns="http://www.tei-c.org/ns/1.0">Lugtenburg<lb/></p></cell><cell xml:id="INT_69391e5f-1985-305d-b111-119f17287400.TEI.1.text.1.body.1.div.1.table.2.row.8.cell.2"><p xml:id="INT_69391e5f-1985-305d-b111-119f17287400.TEI.1.text.1.body.1.div.1.table.2.row.8.cell.2.p.1" xml:lang="nl" rend="margin-right: 300; line-height: 4.4pt; text-align: center; letter-spacing: 0.5pt; font-size: 4" xmlns="http://www.tei-c.org/ns/1.0">&gt;»<lb/></p></cell><cell xml:id="INT_69391e5f-1985-305d-b111-119f17287400.TEI.1.text.1.body.1.div.1.table.2.row.8.cell.3"><p xml:id="INT_69391e5f-1985-305d-b111-119f17287400.TEI.1.text.1.body.1.div.1.table.2.row.8.cell.3.p.1" xml:lang="nl" rend="font-size: 12; line-height: 13.3pt; margin-left: 1700" xmlns="http://www.tei-c.org/ns/1.0">Hoorn<lb/></p></cell></row><row xml:id="INT_69391e5f-1985-305d-b111-119f17287400.TEI.1.text.1.body.1.div.1.table.2.row.9"><cell xml:id="INT_69391e5f-1985-305d-b111-119f17287400.TEI.1.text.1.body.1.div.1.table.2.row.9.cell.1"><p xml:id="INT_69391e5f-1985-305d-b111-119f17287400.TEI.1.text.1.body.1.div.1.table.2.row.9.cell.1.p.1" xml:lang="nl" rend="font-size: 12; line-height: 13.3pt" xmlns="http://www.tei-c.org/ns/1.0">Lijcochton<lb/></p></cell><cell xml:id="INT_69391e5f-1985-305d-b111-119f17287400.TEI.1.text.1.body.1.div.1.table.2.row.9.cell.2"><p xml:id="INT_69391e5f-1985-305d-b111-119f17287400.TEI.1.text.1.body.1.div.1.table.2.row.9.cell.2.p.1" xml:lang="nl" rend="margin-right: 300; line-height: 4.4pt; text-align: center; letter-spacing: 0.5pt; font-size: 4" xmlns="http://www.tei-c.org/ns/1.0">»»<lb/></p></cell><cell xml:id="INT_69391e5f-1985-305d-b111-119f17287400.TEI.1.text.1.body.1.div.1.table.2.row.9.cell.3"><p xml:id="INT_69391e5f-1985-305d-b111-119f17287400.TEI.1.text.1.body.1.div.1.table.2.row.9.cell.3.p.1" xml:lang="nl" rend="font-size: 12; line-height: 13.3pt; margin-left: 1700" xmlns="http://www.tei-c.org/ns/1.0">Enkhuysen<lb/></p></cell></row><row xml:id="INT_69391e5f-1985-305d-b111-119f17287400.TEI.1.text.1.body.1.div.1.table.2.row.10"><cell xml:id="INT_69391e5f-1985-305d-b111-119f17287400.TEI.1.text.1.body.1.div.1.table.2.row.10.cell.1"><p xml:id="INT_69391e5f-1985-305d-b111-119f17287400.TEI.1.text.1.body.1.div.1.table.2.row.10.cell.1.p.1" xml:lang="nl" rend="font-size: 12; line-height: 13.3pt" xmlns="http://www.tei-c.org/ns/1.0">Immegonda<lb/></p></cell><cell xml:id="INT_69391e5f-1985-305d-b111-119f17287400.TEI.1.text.1.body.1.div.1.table.2.row.10.cell.2"><p xml:id="INT_69391e5f-1985-305d-b111-119f17287400.TEI.1.text.1.body.1.div.1.table.2.row.10.cell.2.p.1" xml:lang="nl" rend="font-size: 12; line-height: 13.3pt; margin-left: 3500" xmlns="http://www.tei-c.org/ns/1.0">»»<lb/></p></cell><cell xml:id="INT_69391e5f-1985-305d-b111-119f17287400.TEI.1.text.1.body.1.div.1.table.2.row.10.cell.3"><p xml:id="INT_69391e5f-1985-305d-b111-119f17287400.TEI.1.text.1.body.1.div.1.table.2.row.10.cell.3.p.1" xml:lang="nl" rend="font-size: 4; letter-spacing: 0.5pt; line-height: 4.4pt; margin-left: 1700" xmlns="http://www.tei-c.org/ns/1.0">55<lb/></p></cell></row></table><p xml:id="INT_69391e5f-1985-305d-b111-119f17287400.TEI.1.text.1.body.1.div.1.p.5" xml:lang="nl" rend="font-size: 12; text-align: justify; line-height: 14.7pt; text-indent: 16.0pt" xmlns="http://www.tei-c.org/ns/1.0">Wesende het vijfde China’s schip erbij genomen, om de weynige thee welke dit jaar<lb/> te Batavia aangebragt is om op vragt na Nederland te gaan, mogelijk geen halve scheepslading<lb/> zullende bedragen. En hebben U Edele Hoogagtb. hiermede te wagten, buyten<lb/> voormelde nagelen en noten, 600 balen caneel, de geijste foelij en van de coffij en suyker<lb/> wat minder, mitsgaders al de peeper die w’ aan handen zullen krijgen. Maar van de<lb/> gevorderde 10.000 Chinase stoffen maar 8000, omdat het geld dat w’ missen konnen niet<lb/> verder heeft mogen toereyken, te meer omdat daarvan enige tonnen florijnen moeten<lb/> afgaan voor den goudhandel ten behoeve van Chormandel en repeteren derhalven eerbiedig<lb/> onse gedanen eysch van agt a tien tonnen aan goud uyt Nederland, dewijl ’t zilver al<lb/> de winst op de Indiase valuatie weder ter custe verliest en het goud nog wel 4 a 5 percento<lb/> zal profiteren buyten ’t prompt geriev daar en te Tutucorijn, waarbij w’ nog versoeken<lb/> om 100 vaten boter en 100 amen olijvenolij boven onsen eysch ten spoedigsten<lb/> te voldoen in vergelding van soveel oneyge of gekorte in de geresolveerde voldoening<lb/> van India’s eysch voor 1753, alzo w’ reets recours hebben moeten nemen tot gebreckige<lb/> en kostbare hulpmiddelen.<lb/></p><note xml:id="INT_69391e5f-1985-305d-b111-119f17287400.TEI.1.text.1.body.1.div.1.note.2" xml:lang="nl" place="inline" type="editorial-summary" resp="editor" rend="font-style: italic; line-height: 14.4pt; text-indent: 16.0pt; text-align: justify; font-size: 12" xmlns="http://www.tei-c.org/ns/1.0">(Op 30 januari 1753 is raad ordinaris Johannes Mattheus Cluysenaar overleden. Op<lb/> 15 januari is raad extraordinaris mr. Librecht Hooreman op eigen verzoek ontslagen als<lb/> gouverneur van Coromandel. Secunde Steven Vermont is hem opgevolgd. De naar Batavia<lb/> verloste directeur van Surat Johannes Pekok is opgevolgd door opperkoopman van<lb/> het kasteel Johan de Rot. Op eigen verzoek is mr. Reinier Stapel ontslagen als voorzitter<lb/> van de Raad van Justitie. Batavia laat de vervulling van deze plaats aan Heren XVII.<lb/> Men heeft de brieven van september en oktober 1752 ontvangen van Heren XVII waarop<lb/> ‘ per het vroegschip’ geantwoord zal worden.)<lb/></note><fw xml:id="INT_69391e5f-1985-305d-b111-119f17287400.TEI.1.text.1.body.1.div.1.fw.7" type="bottom-page-number">280</fw>
            
      </div>
                  </body>
                </text>
              </TEI>