<TEI xml:id="INT_4c469f7f-8243-3c19-97da-0c5a84bdbf81" xmlns="http://www.tei-c.org/ns/1.0">
                <teiHeader>
      <fileDesc>
        <titleStmt>
          <title>Mossel, Cluysenaar, Overbeek, Van Broyel, Van der Waeyen, Van der Parra, Van der Spar, Huygens en Loten, 21 januari 1751, geheim</title>
        </titleStmt>
        <publicationStmt>
          <p>
            <date>21 januari 1751</date>
            <idno type="sourceID">missiven:vol12</idno>
            <idno type="pid">INT_4c469f7f-8243-3c19-97da-0c5a84bdbf81</idno>
          </p>
        </publicationStmt>
        <notesStmt>
          <note/>
        </notesStmt>
        <sourceDesc>
          <listBibl xml:id="inlMetadata">
            <bibl type="missive">
        <interpGrp type="page"><interp>83</interp></interpGrp>
        
      <interpGrp type="titleLevel1"><interp>Mossel, Cluysenaar, Overbeek, Van Broyel, Van der Waeyen, Van der Parra, Van der Spar, Huygens en Loten, 21 januari 1751, geheim</interp></interpGrp>
      <interpGrp type="dateLevel1"><interp>21 januari 1751</interp></interpGrp>
        <interpGrp type="tocLevel"><interp>1</interp></interpGrp>
      <interpGrp type="volume"><interp>12</interp></interpGrp>
        <interpGrp type="n"><interp>III</interp></interpGrp>
      
      <interpGrp type="witnessYearLevel1_from"><interp>1751</interp></interpGrp>
      <interpGrp type="witnessYearLevel1_to"><interp>1751</interp></interpGrp>
      <interpGrp type="witnessMonthLevel1_to"><interp>1</interp></interpGrp>
      <interpGrp type="witnessMonthLevel1_from"><interp>1</interp></interpGrp>
      <interpGrp type="witnessDayLevel1_to"><interp>21</interp></interpGrp>
      <interpGrp type="witnessDayLevel1_from"><interp>21</interp></interpGrp>
      <interpGrp type="authorLevel1"><interp>Mossel</interp><interp>Cluysenaar</interp><interp>Overbeek</interp><interp>Van Broyel</interp><interp>Van der Waeyen</interp><interp>Van der Parra</interp><interp>Van der Spar</interp><interp>Huygens</interp><interp>Loten</interp></interpGrp>
      <interpGrp type="pid"><interp>INT_4c469f7f-8243-3c19-97da-0c5a84bdbf81</interp></interpGrp>
    </bibl>
          </listBibl>
        </sourceDesc>
      </fileDesc>
    </teiHeader>
                <text xml:id="INT_4c469f7f-8243-3c19-97da-0c5a84bdbf81.TEI.1.text.1">
                  <body xml:id="INT_4c469f7f-8243-3c19-97da-0c5a84bdbf81.TEI.1.text.1.body.1">
                    <div xml:id="INT_4c469f7f-8243-3c19-97da-0c5a84bdbf81.TEI.1.text.1.body.1.div.1">
        
              <pb xml:id="INT_4c469f7f-8243-3c19-97da-0c5a84bdbf81.TEI.1.text.1.body.1.div.1.pb.1" n="83" facs="http://resources.huygens.knaw.nl/retroapp/service_generalemissiven/gm_12/images/generale_missiven_gs257_083.tif"/><fw xml:id="INT_4c469f7f-8243-3c19-97da-0c5a84bdbf81.TEI.1.text.1.body.1.div.1.fw.1" place="top" type="head" facs="#zone.1847158" xmlns="http://www.tei-c.org/ns/1.0">III. JACOB MOSSEL, JOHANNES MATTHEUS CLUYSENAAR, DANIËL OVER-BEEK, AREND VAN BROYEL, JACOB VAN DER WAEYEN, PETRUS ALBERTUSVAN DER PARRA, JURGEN VAN DER SPAR, JAN HUYGHENS en JOAN GIDEONLOTEN, BATAVIA 21 januari 1751, geheim.Kol. Arch. 2644, VOC 2752, fol. 935-939.</fw><note xml:id="INT_4c469f7f-8243-3c19-97da-0c5a84bdbf81.TEI.1.text.1.body.1.div.1.note.1" xml:lang="nl" place="inline" type="editorial-summary" resp="editor" rend="font-size: 11; font-style: italic; line-height: 12.2pt; margin-left: 1600" xmlns="http://www.tei-c.org/ns/1.0">( Volgt De Jonge <hi rend="font-size:11; font-family:Liberation Serif" xml:lang="nl">, Opkomst</hi> X, p. 178 r. 25 - p. 180 r. 27.)<lb/></note><fw xml:id="INT_4c469f7f-8243-3c19-97da-0c5a84bdbf81.TEI.1.text.1.body.1.div.1.fw.2" type="bottom-page-number">83</fw>
            
      </div>
                  </body>
                </text>
              </TEI>