<TEI xml:id="INT_619bbc92-065d-308a-af2e-87e25cb5e191" xmlns="http://www.tei-c.org/ns/1.0">
                <teiHeader>
      <fileDesc>
        <titleStmt>
          <title>Mossel, Cluysenaar, Van der Waeyen, Van der Parra, Van der Spar, Loten, Steijn van Gollenesse, Van de Velde, Van Rheede, De Nijs en Van Bazel, 6 juni 1752</title>
        </titleStmt>
        <publicationStmt>
          <p>
            <date>6 juni 1752</date>
            <idno type="sourceID">missiven:vol12</idno>
            <idno type="pid">INT_619bbc92-065d-308a-af2e-87e25cb5e191</idno>
          </p>
        </publicationStmt>
        <notesStmt>
          <note/>
        </notesStmt>
        <sourceDesc>
          <listBibl xml:id="inlMetadata">
            <bibl type="missive">
        <interpGrp type="page"><interp>186</interp></interpGrp>
        
      <interpGrp type="titleLevel1"><interp>Mossel, Cluysenaar, Van der Waeyen, Van der Parra, Van der Spar, Loten, Steijn van Gollenesse, Van de Velde, Van Rheede, De Nijs en Van Bazel, 6 juni 1752</interp></interpGrp>
      <interpGrp type="dateLevel1"><interp>6 juni 1752</interp></interpGrp>
        <interpGrp type="tocLevel"><interp>1</interp></interpGrp>
      <interpGrp type="volume"><interp>12</interp></interpGrp>
        <interpGrp type="n"><interp>XI</interp></interpGrp>
      
      <interpGrp type="witnessYearLevel1_from"><interp>1752</interp></interpGrp>
      <interpGrp type="witnessYearLevel1_to"><interp>1752</interp></interpGrp>
      <interpGrp type="witnessMonthLevel1_to"><interp>6</interp></interpGrp>
      <interpGrp type="witnessMonthLevel1_from"><interp>6</interp></interpGrp>
      <interpGrp type="witnessDayLevel1_to"><interp>6</interp></interpGrp>
      <interpGrp type="witnessDayLevel1_from"><interp>6</interp></interpGrp>
      <interpGrp type="authorLevel1"><interp>Mossel</interp><interp>Cluysenaar</interp><interp>Van der Waeyen</interp><interp>Van der Parra</interp><interp>Van der Spar</interp><interp>Loten</interp><interp>Steijn van Gollenesse</interp><interp>Van de Velde</interp><interp>Van Rheede</interp><interp>De Nijs</interp><interp>Van Bazel</interp></interpGrp>
      <interpGrp type="pid"><interp>INT_619bbc92-065d-308a-af2e-87e25cb5e191</interp></interpGrp>
    </bibl>
          </listBibl>
        </sourceDesc>
      </fileDesc>
    </teiHeader>
                <text xml:id="INT_619bbc92-065d-308a-af2e-87e25cb5e191.TEI.1.text.1">
                  <body xml:id="INT_619bbc92-065d-308a-af2e-87e25cb5e191.TEI.1.text.1.body.1">
                    <div xml:id="INT_619bbc92-065d-308a-af2e-87e25cb5e191.TEI.1.text.1.body.1.div.1">
        
              <pb xml:id="INT_619bbc92-065d-308a-af2e-87e25cb5e191.TEI.1.text.1.body.1.div.1.pb.1" n="186" facs="http://resources.huygens.knaw.nl/retroapp/service_generalemissiven/gm_12/images/generale_missiven_gs257_186.tif"/><fw xml:id="INT_619bbc92-065d-308a-af2e-87e25cb5e191.TEI.1.text.1.body.1.div.1.fw.1" place="top" type="head" facs="#zone.1927457" xmlns="http://www.tei-c.org/ns/1.0">XI. JACOB MOSSEL, JOHANNES MATTHEUS CLUYSENAAR, JACOB VAN DERWAEYEN, PETRUS ALBERTUS VAN DER PARRA, JURGEN VAN DER SPAR,JOAN GIDEON LOTEN, JULIUS VALENTIJN STEIJN VAN GOLLENESSE, PIETERVAN DE VELDE, DITHARD VAN RHEEDE, ADRIAAN DE NIJS en HUIJBERT WIL¬LEM VAN BAZEL, BATAVIA 6 juni 1752.Kol. Arch. 2662, VOC 2770, fol. 931-940.</fw><note xml:id="INT_619bbc92-065d-308a-af2e-87e25cb5e191.TEI.1.text.1.body.1.div.1.note.1" xml:lang="nl" place="inline" type="editorial-summary" resp="editor" rend="font-style: italic; line-height: 14.4pt; text-indent: 16.0pt; text-align: justify; font-size: 12" xmlns="http://www.tei-c.org/ns/1.0">(Als laatste van dit retour stuurt Batavia de Prinses Carolina voor Amsterdam,)<lb/></note><p xml:id="INT_619bbc92-065d-308a-af2e-87e25cb5e191.TEI.1.text.1.body.1.div.1.p.1" resp="int_paragraph_joining" rend="">
              - beladen met 200.000 lb. garioffelnagulen uyt de ontfangene partij van 563.791<lb xmlns="http://www.tei-c.org/ns/1.0"/>lb., sijnde een gedeelte van het jongst Ambons gewasch van ruym veerthien maal hondertduyzent<lb xmlns="http://www.tei-c.org/ns/1.0"/> ponden waardoor wij in staat sullen weesen Holland en India op den duur te<lb xmlns="http://www.tei-c.org/ns/1.0"/> konnen voorzien al komt er ook eens een schraal gewas te volgen. Dierhalven sal men<lb xmlns="http://www.tei-c.org/ns/1.0"/> ook per de october-scheepen laten volgen vier maal hondertduysend ponden van dit geurig<lb xmlns="http://www.tei-c.org/ns/1.0"/> kruyt, sijnde niet seeker off men het gants gewasch dit jaar herwaards sal konnen versenden,<lb xmlns="http://www.tei-c.org/ns/1.0"/> vermids de ontstentenisse van ’t schip Schakenbosch dat in de derwaart rij ze den<lb xmlns="http://www.tei-c.org/ns/1.0"/> 19e febr. door een swaar verloop sonder schuld der overheeden op de suydhoek van<lb xmlns="http://www.tei-c.org/ns/1.0"/> Manipa gebleeven is met behoud van ’t volk dog verliest van de rijstlaading, een kist geld<lb xmlns="http://www.tei-c.org/ns/1.0"/> en twee lijwaatpakken waarna nog gedooken werd, te saamen gegist werdende op 30.000<lb xmlns="http://www.tei-c.org/ns/1.0"/> guldens.<lb xmlns="http://www.tei-c.org/ns/1.0"/>
            </p><p xml:id="INT_619bbc92-065d-308a-af2e-87e25cb5e191.TEI.1.text.1.body.1.div.1.p.2" xml:lang="nl" rend="font-size: 11; text-align: justify; line-height: 14.4pt; text-indent: 16.0pt" xmlns="http://www.tei-c.org/ns/1.0">Bengale heeft in 12 maanden een versending gedaan van 51 thon, daarvan naar Nederland<lb/> per Diemen ƒ 933.169,-,-, per de Voorsigtigheid ƒ 713.136,-,- en per Noord Nieuwland<lb/> ƒ 1.046.582,-,- en voor Nederland naar Batavia ses thon, welke U Ed. Hoogagtbare<lb/> over de 2 Zeeusche october-scheepen verdeelt te wagten hebben, doende na rato van dien<lb/> een mediocre eysch van vijftig thonnen schats tot welker voldoening alles sullen bijbrengen<lb/> wat moogelijk sal weesen, weesende de versending van hier met hetgeene gereed legt<lb/> al 1 8 thon monteerende daarbij twe thon van Chormandel te wagten hebben en reeds vier<lb/> a vijf thon per wissel uyt Souratta overgemaakt sijn sulx met ’t direct ontset uyt Europa<lb/> al een fraaye som bedraagd. Daarenteegen is onder voorsz. retour een quantitijd van 1300<lb/> kisten amphioen gereekent waardoor wij dien vertier sullen konnen gaande houden als<lb/> het aanstaande jaar omtrend gelijke quantitijd uytleeverd althoos ’t zal nu niet aan geld<lb/> haperen maar veel eerder te verwagten sijn een kleene diminutie der swaare intrestgelden<lb/> waarom den 4e may passato besloten is derwaards te ordonneeren ten minsten ses thon<lb/> uyt ’t te bekomen ontset daartoe te employeeren dewijl ’tselve sal toereykende weesen al<lb/> komt er een halff millioen gelijk w’ gissen in de voldoening van haaren eysch te manqueeren.<lb/><lb/></p><p xml:id="INT_619bbc92-065d-308a-af2e-87e25cb5e191.TEI.1.text.1.body.1.div.1.p.3" resp="int_paragraph_joining" rend="">
              Uyt China sullen U Edele Hoogagtb. naa derselver ordre vier scheepen te wagten hebben,<lb xmlns="http://www.tei-c.org/ns/1.0"/> maar de sijde stoffen eenlijk tot 5000 pees - dewijl onse kas niet verder kan toe¬<lb xmlns="http://www.tei-c.org/ns/1.0"/>rij ken en de manufactuuren door den toevoer van andere Europeese en de exessive aanreekning<lb xmlns="http://www.tei-c.org/ns/1.0"/> van eenige kamers niet meer van de hand willen, dog indien de thee bohea door<lb xmlns="http://www.tei-c.org/ns/1.0"/> aankomst van veele scheepen merkelijk booven de 18 thail ’t picol off ƒ — , 1 3^ ’t lb. mogte<lb xmlns="http://www.tei-c.org/ns/1.0"/> rijzen, hebben w’ gelast den vierden bodem niet te employeeren. Egter hoopen w’ dat sulx<lb xmlns="http://www.tei-c.org/ns/1.0"/> niet exteeren sal en dat de directeur Blok, daartoe op 25 april aangesteld en den 22e mey<lb xmlns="http://www.tei-c.org/ns/1.0"/> vertrokken, occasie sal hebben bij voorraad het noodige te contracteeren eer de andere<lb xmlns="http://www.tei-c.org/ns/1.0"/> naviganten daar arriveeren, zullende ’t schip dat van China na Souratta gaat ook eens<lb xmlns="http://www.tei-c.org/ns/1.0"/> probeeren wat er te Cochim China te handelen valt.<lb xmlns="http://www.tei-c.org/ns/1.0"/>
            </p><p xml:id="INT_619bbc92-065d-308a-af2e-87e25cb5e191.TEI.1.text.1.body.1.div.1.p.4" resp="int_paragraph_joining" rend="">
              Van Ceylon sijn de ordinaire vier retourscheepen vertrokken met ƒ 1.145.734,16 en is<lb xmlns="http://www.tei-c.org/ns/1.0"/><fw xml:id="INT_619bbc92-065d-308a-af2e-87e25cb5e191.TEI.1.text.1.body.1.div.1.p.4.fw.1" type="bottom-page-number">186</fw><pb xml:id="INT_619bbc92-065d-308a-af2e-87e25cb5e191.TEI.1.text.1.body.1.div.1.p.4.pb.1" n="187" facs="http://resources.huygens.knaw.nl/retroapp/service_generalemissiven/gm_12/images/generale_missiven_gs257_187.tif"/><fw xml:id="INT_619bbc92-065d-308a-af2e-87e25cb5e191.TEI.1.text.1.body.1.div.1.p.4.fw.2" place="top" type="head" facs="#zone.1930453" xmlns="http://www.tei-c.org/ns/1.0">Mossel XI 6 juni 1752</fw>den raad van India en gouverneur Gerrard Joan Vreeland den 26e febr. overleeden waardoor<lb xmlns="http://www.tei-c.org/ns/1.0"/> het bestier interum waargenoomen werd door den Jaffanapatnams commandeur<lb xmlns="http://www.tei-c.org/ns/1.0"/> Jacob de Jong.<lb xmlns="http://www.tei-c.org/ns/1.0"/>
            </p><p xml:id="INT_619bbc92-065d-308a-af2e-87e25cb5e191.TEI.1.text.1.body.1.div.1.p.5" xml:lang="nl" rend="font-size: 12; text-align: justify; line-height: 14.4pt; text-indent: 17.0pt" xmlns="http://www.tei-c.org/ns/1.0">Den raad extraordinair Joan Gideon Loten, volgens onse laaste naar Bantam vertrokken<lb/> ter krooning van sulthan en prins, heeft sulx ter onser genoegen uytgevoerd en de<lb/> begeerde conditiën doen gestaden met dit kleen onderscheyd dat in steede van 25.000<lb/> Spaans van agten ’s jaarlijx op te brengen, de eerste jaaren 20.000 sullen geaccepteerd<lb/> en de tijd van betaalinge van sooveel langer duur weesen, swervende den rebel nog in de<lb/> Bantamse boovenlanden dog den aanhang is van geen groot belang meer. Java werd nog<lb/> bij continuatie ontrust door den rebel Mancoboemie, weesende in ’t laast van maart in<lb/> het Pankalonganse gevallen en heeft dus sig doen submitteeren de regenten van de stranden<lb/> tusschen Candal en Tagal, ook een der Tagalse regenten en die van Brebes. Seedert<lb/> is sulx wel hersteld door ’t verdrijven dier rebellige regenten naar de boovenlanden<lb/> alwaar Mancoboemie meede legt, maar ’t verlies door de ruïne van ’t land is nogal van<lb/> belang, schoon de directe schade van de Compagnie maar 1 a 2000 rds. bedraagd, leggende<lb/> onse resolutie om dat gouvernement met 1000 Europeesen te versterken teneynde<lb/> met die en de daar aan handen sijnde manschap den rebel te konnen afkeeren ingevalle<lb/> weeder Compagnies strandprovintiën komt ontrusten.<lb/></p><note xml:id="INT_619bbc92-065d-308a-af2e-87e25cb5e191.TEI.1.text.1.body.1.div.1.note.2" xml:lang="nl" place="inline" type="editorial-summary" resp="editor" rend="font-style: italic; line-height: 14.4pt; text-indent: 17.0pt; text-align: justify; font-size: 12" xmlns="http://www.tei-c.org/ns/1.0">(Batavia heeft ingekocht)<lb/></note><p xml:id="INT_619bbc92-065d-308a-af2e-87e25cb5e191.TEI.1.text.1.body.1.div.1.p.6" resp="int_paragraph_joining" rend="">
              - 8000 lb. sijde 2e soort alhier te koop aangebragt en 1000 lb. Aymuyse teegen 275<lb xmlns="http://www.tei-c.org/ns/1.0"/>en 235 rds. d’ 125 lb. of 17| en ruym 15 schelling ’t lb., niet denkende dat sulx zoo goedkoop<lb xmlns="http://www.tei-c.org/ns/1.0"/> uyt China kan besorgt werden, en een goede winst beloovende schoon de laaste<lb xmlns="http://www.tei-c.org/ns/1.0"/> jongst afgeschreeven dewijl de quantitijd en prijs gering is en sodanig een preuve derhalven<lb xmlns="http://www.tei-c.org/ns/1.0"/> nogmaal dienstig geoordeelt.<lb xmlns="http://www.tei-c.org/ns/1.0"/>
            </p><p xml:id="INT_619bbc92-065d-308a-af2e-87e25cb5e191.TEI.1.text.1.body.1.div.1.p.7" resp="int_paragraph_joining" rend="">
              De garioffelnagulen door de groote schaarsheid in Nederland tot booven de ses guldens<lb xmlns="http://www.tei-c.org/ns/1.0"/> ’t lb. gesteygert weesende en dienvolgens na U Edele Hoogagtbare ordre in India<lb xmlns="http://www.tei-c.org/ns/1.0"/> vastgesteld op vijf guldens ’t lb., waaraan den coopman thans al volkoomen gewend is,<lb xmlns="http://www.tei-c.org/ns/1.0"/>soo heeft men - dienstig geoordeelt die specerij daarop te houden - mitsgaaders U<lb xmlns="http://www.tei-c.org/ns/1.0"/>Edele Hoogagtbare daarvan de verschuldigde kennisse te geeven dewijl het ons toeschijnt<lb xmlns="http://www.tei-c.org/ns/1.0"/> dat de gefixeerde prijs in Europa die nu weeder gerust kan ingevoert werden, wel verre<lb xmlns="http://www.tei-c.org/ns/1.0"/> booven de 75 stuyvers mag genoomen werden.<lb xmlns="http://www.tei-c.org/ns/1.0"/>
            </p><p xml:id="INT_619bbc92-065d-308a-af2e-87e25cb5e191.TEI.1.text.1.body.1.div.1.p.8" xml:lang="nl" rend="font-size: 12; text-align: justify; line-height: 14.4pt; text-indent: 17.0pt" xmlns="http://www.tei-c.org/ns/1.0">Ingevalle U Ed. Hoogagtbare mogte blijven persisteeren bij de voldoening onser geldeyschen<lb/> te diminueeren, versoeken w’ egter dat sulx mag bepaalt blijven op ten minsten<lb/> 60 thon schats, daarvan 25 thon baar zilver van penningen 11, 20 [grein], 15 thon aan<lb/> rond Spaans, 6 aan ducatons, 1 aan scheepjesschellingen, 1 aan dubbelde stuyvers, 2 aan<lb/> duyten, 1 aan penningen, 8 aan ducaten, Ceylon en Mallabaar daarvan 1 thon ijder, en<lb/> een thon aan gecartelde guldens, daalders en rijxdaalders, waarop w’ meenen te moogen<lb/> staat maaken na de versending van soo aansienelijke retouren waarvan het aanstaande<lb/> ook vrij hoog sal loopen wijl buyten de meerdere scheepen van China ook nog 6 thon<lb/> Bengaals lijwaat ter versending naar Nederland als voorzegt aan handen gekreegen hebben,<lb/> en de intrest van 12 percento India teveel bes waart.<lb/></p><p xml:id="INT_619bbc92-065d-308a-af2e-87e25cb5e191.TEI.1.text.1.body.1.div.1.p.9" xml:lang="nl" rend="font-size: 12; line-height: 14.4pt; text-indent: 17.0pt" xmlns="http://www.tei-c.org/ns/1.0">Van de uytkoomende scheepen blijft Lugtenburg nog agter, d’ andere sijn reedelijk tijdig<lb/> en met weynig verlies van volk als door ’t aanhouden aan de Caab overgekoomen.<lb/><hi rend="font-size:10; font-family:Liberation Serif; font-weight:bold" xml:lang="nl">Fol. 935v-937r.</hi><lb/></p><note xml:id="INT_619bbc92-065d-308a-af2e-87e25cb5e191.TEI.1.text.1.body.1.div.1.note.3" xml:lang="nl" place="inline" type="editorial-summary" resp="editor" rend="font-style: italic; line-height: 14.7pt; text-indent: 17.0pt; text-align: justify; font-size: 12" xmlns="http://www.tei-c.org/ns/1.0">(Aangelegd voor Nederland zijn:)<lb/></note><p xml:id="INT_619bbc92-065d-308a-af2e-87e25cb5e191.TEI.1.text.1.body.1.div.1.p.10" resp="int_paragraph_joining" rend="">
              Over China:<lb xmlns="http://www.tei-c.org/ns/1.0"/>Luxemburg voor Amsterdam<lb xmlns="http://www.tei-c.org/ns/1.0"/> Eendragt voor Amsterdam<lb xmlns="http://www.tei-c.org/ns/1.0"/><fw xml:id="INT_619bbc92-065d-308a-af2e-87e25cb5e191.TEI.1.text.1.body.1.div.1.p.10.fw.1" type="bottom-page-number">187</fw><pb xml:id="INT_619bbc92-065d-308a-af2e-87e25cb5e191.TEI.1.text.1.body.1.div.1.p.10.pb.1" n="188" facs="http://resources.huygens.knaw.nl/retroapp/service_generalemissiven/gm_12/images/generale_missiven_gs257_188.tif"/><fw xml:id="INT_619bbc92-065d-308a-af2e-87e25cb5e191.TEI.1.text.1.body.1.div.1.p.10.fw.2" place="top" type="head" facs="#zone.1931678" xmlns="http://www.tei-c.org/ns/1.0">Mossel XI 6 juni 1752</fw>voor Amsterdam<lb xmlns="http://www.tei-c.org/ns/1.0"/>voor Amsterdam<lb xmlns="http://www.tei-c.org/ns/1.0"/>voor Zeeland<lb xmlns="http://www.tei-c.org/ns/1.0"/>Nieuw Nieuwerkerk voor Zeelandt<lb xmlns="http://www.tei-c.org/ns/1.0"/> de Jager voor Enkhuysen<lb xmlns="http://www.tei-c.org/ns/1.0"/> Over Bengale:<lb xmlns="http://www.tei-c.org/ns/1.0"/>de Bevalligheid 1 <hi rend="font-size:12; font-family:Liberation Serif; vertical-align:sub" xml:lang="nl" xmlns="http://www.tei-c.org/ns/1.0">V(X)r Amsterdam</hi><lb xmlns="http://www.tei-c.org/ns/1.0"/>Lijcochton 1<lb xmlns="http://www.tei-c.org/ns/1.0"/>Waaksaamheid voor Zeeland<lb xmlns="http://www.tei-c.org/ns/1.0"/> Erfprins voor Delft<lb xmlns="http://www.tei-c.org/ns/1.0"/> Over Ceylon:<lb xmlns="http://www.tei-c.org/ns/1.0"/>Giesenburg<lb xmlns="http://www.tei-c.org/ns/1.0"/> Crabbendijk, en<lb xmlns="http://www.tei-c.org/ns/1.0"/> Kivitsheuvel<lb xmlns="http://www.tei-c.org/ns/1.0"/>Woitkensdorp voor Zeeland<lb xmlns="http://www.tei-c.org/ns/1.0"/> Direct van Batavia in october:<lb xmlns="http://www.tei-c.org/ns/1.0"/>Slooten, en<lb xmlns="http://www.tei-c.org/ns/1.0"/> Oudecarspel<lb xmlns="http://www.tei-c.org/ns/1.0"/>Gustaaf Willem, en<lb xmlns="http://www.tei-c.org/ns/1.0"/> Middelburg<lb xmlns="http://www.tei-c.org/ns/1.0"/>Naarstigheid voor Delft<lb xmlns="http://www.tei-c.org/ns/1.0"/> Wiltrijk voor Rotterdam<lb xmlns="http://www.tei-c.org/ns/1.0"/> Huij gewaard voor Hoorn<lb xmlns="http://www.tei-c.org/ns/1.0"/> Langewijk voor Enkhuysen<lb xmlns="http://www.tei-c.org/ns/1.0"/>
            </p><p xml:id="INT_619bbc92-065d-308a-af2e-87e25cb5e191.TEI.1.text.1.body.1.div.1.p.11" xml:lang="nl" rend="font-size: 12; text-align: justify; line-height: 14.4pt; text-indent: 17.0pt" xmlns="http://www.tei-c.org/ns/1.0">De liquidatie vertoond deese rijze een considerabel verschil insonderheid ten nadeele<lb/> van Zeeland eensdeels ontstaande uyt ’t verlies van Geldermalsem en anderdeels dat de<lb/> Bengaalse ministers niet eens bedagt geweest sijn het agterblijven van het gedestineerd<lb/> retourschip Osdorp eenigermaaten te suppleeren met de helft van Noord Nieuwlands<lb/> lading voor Zeeland te beschrijven. Dog w’ zullen in dit aanstaande retour alles des moogelijk<lb/> effene na de ordre, beloopende ’t gepasseerde retour buyten de gebleeve lading van<lb/> voormelt China’s schip ter somma van ƒ714.963, een montand van ƒ7.882.920. Het in<lb/> cas gestelde om per assignatio in Neederland voldaan te werden, bedraagt voor ’t teegenwoordige<lb/> ƒ 59.274,- en met ’t getrokkene per de voorige scheepen van dit afgeloope<lb/> retour tegaader ƒ 1.842.931,7,-.<lb/></p><p xml:id="INT_619bbc92-065d-308a-af2e-87e25cb5e191.TEI.1.text.1.body.1.div.1.p.12" xml:lang="nl" rend="font-size: 12; text-align: justify; line-height: 14.4pt; text-indent: 17.0pt" xmlns="http://www.tei-c.org/ns/1.0">Brenger deeses vervoert aan garioffelnagulen, salpeter, hout, gom, lak en geconfeyte<lb/> nagulen een inkoop van ƒ 104.542,19,8.<lb/></p><note xml:id="INT_619bbc92-065d-308a-af2e-87e25cb5e191.TEI.1.text.1.body.1.div.1.note.4" xml:lang="nl" place="inline" type="editorial-summary" resp="editor" rend="font-style: italic; line-height: 14.4pt; text-indent: 17.0pt; text-align: justify; font-size: 12" xmlns="http://www.tei-c.org/ns/1.0">( Batavia beantwoordt de brieven van Heren XVII van september en oktober zoals<lb/> gewoonlijk met de <hi rend="font-size:12; font-family:Liberation Serif; font-style:italic; vertical-align:super" xml:lang="nl">&lt;vroegscheepen\)</hi><lb/></note><fw xml:id="INT_619bbc92-065d-308a-af2e-87e25cb5e191.TEI.1.text.1.body.1.div.1.fw.2" type="bottom-page-number">188</fw>
            
      </div>
                  </body>
                </text>
              </TEI>