<TEI xml:id="INT_b18fd921-bdde-3d12-80da-0393a6d94f97" xmlns="http://www.tei-c.org/ns/1.0">
                <teiHeader>
      <fileDesc>
        <titleStmt>
          <title>Mossel, Cluysenaar, Van Broyel, Van der Waeyen, Van der Parra, Van der Spar, Loten, Steijn van Gollenesse en Van de Velde, 18 januari 1752</title>
        </titleStmt>
        <publicationStmt>
          <p>
            <date>18 januari 1752</date>
            <idno type="sourceID">missiven:vol12</idno>
            <idno type="pid">INT_b18fd921-bdde-3d12-80da-0393a6d94f97</idno>
          </p>
        </publicationStmt>
        <notesStmt>
          <note/>
        </notesStmt>
        <sourceDesc>
          <listBibl xml:id="inlMetadata">
            <bibl type="missive">
        <interpGrp type="page"><interp>181</interp></interpGrp>
        
      <interpGrp type="titleLevel1"><interp>Mossel, Cluysenaar, Van Broyel, Van der Waeyen, Van der Parra, Van der Spar, Loten, Steijn van Gollenesse en Van de Velde, 18 januari 1752</interp></interpGrp>
      <interpGrp type="dateLevel1"><interp>18 januari 1752</interp></interpGrp>
        <interpGrp type="tocLevel"><interp>1</interp></interpGrp>
      <interpGrp type="volume"><interp>12</interp></interpGrp>
        <interpGrp type="n"><interp>IX</interp></interpGrp>
      
      <interpGrp type="witnessYearLevel1_from"><interp>1752</interp></interpGrp>
      <interpGrp type="witnessYearLevel1_to"><interp>1752</interp></interpGrp>
      <interpGrp type="witnessMonthLevel1_to"><interp>1</interp></interpGrp>
      <interpGrp type="witnessMonthLevel1_from"><interp>1</interp></interpGrp>
      <interpGrp type="witnessDayLevel1_to"><interp>18</interp></interpGrp>
      <interpGrp type="witnessDayLevel1_from"><interp>18</interp></interpGrp>
      <interpGrp type="authorLevel1"><interp>Mossel</interp><interp>Cluysenaar</interp><interp>Van Broyel</interp><interp>Van der Waeyen</interp><interp>Van der Parra</interp><interp>Van der Spar</interp><interp>Loten</interp><interp>Steijn van Gollenesse</interp><interp>Van de Velde</interp></interpGrp>
      <interpGrp type="pid"><interp>INT_b18fd921-bdde-3d12-80da-0393a6d94f97</interp></interpGrp>
    </bibl>
          </listBibl>
        </sourceDesc>
      </fileDesc>
    </teiHeader>
                <text xml:id="INT_b18fd921-bdde-3d12-80da-0393a6d94f97.TEI.1.text.1">
                  <body xml:id="INT_b18fd921-bdde-3d12-80da-0393a6d94f97.TEI.1.text.1.body.1">
                    <div xml:id="INT_b18fd921-bdde-3d12-80da-0393a6d94f97.TEI.1.text.1.body.1.div.1">
        
              <pb xml:id="INT_b18fd921-bdde-3d12-80da-0393a6d94f97.TEI.1.text.1.body.1.div.1.pb.1" n="181" facs="http://resources.huygens.knaw.nl/retroapp/service_generalemissiven/gm_12/images/generale_missiven_gs257_181.tif"/><fw xml:id="INT_b18fd921-bdde-3d12-80da-0393a6d94f97.TEI.1.text.1.body.1.div.1.fw.1" place="top" type="head" facs="#zone.1916088" xmlns="http://www.tei-c.org/ns/1.0">IX. JACOB MOSSEL, JOHANNES MATTHEUS CLUYSENAAR, AREND VANBROYEL, JACOB VAN DER WAEYEN, PETRUS ALBERTUS VAN DER PARRA,JURGEN VAN DER SPAR, JOAN GIDEON LOTEN, JULIUS VALENTIJN STEIJNVAN GOLLENESSE en PIETER VAN DE VELDE, BATAVIA 18 januari 1752.Kol. Arch. 2662, VOC 2770, fol. 613-617.</fw><note xml:id="INT_b18fd921-bdde-3d12-80da-0393a6d94f97.TEI.1.text.1.body.1.div.1.note.1" xml:lang="nl" place="inline" type="editorial-summary" resp="editor" rend="font-style: italic; margin-left: 1600; line-height: 14.4pt; text-align: justify; font-size: 12" xmlns="http://www.tei-c.org/ns/1.0">(Na het voltooien van de missive van 31 december 1751)<lb/></note><p xml:id="INT_b18fd921-bdde-3d12-80da-0393a6d94f97.TEI.1.text.1.body.1.div.1.p.1" xml:lang="nl" rend="font-size: 12; text-align: justify; line-height: 14.4pt; text-indent: 16.0pt" xmlns="http://www.tei-c.org/ns/1.0">- zijn alhier aangekomen een derdewaak, een bootsman en dertig mindere zeevarende<lb/> van het China’s retourschip Geldermalsen, welke met de boot en schuyt ten eylande<lb/> Edam waren ter houw gekomen, tot ons sensibel leetwesen medebrengende de fatale tijding<lb/> dat dien bodem, den 3de dezer maand1 des middaags met een noordewind, bramzeilscoelte<lb/> en goed weder op de noorderbreedte van 55 minuten gekomen sijnde, den<lb/> schipper Jan Diderik Morel des na de middags, vermits zij het zoogenaamde Ruyge<lb/> eyland N.W. van den bodem bevonden, g’ ordonneert hadde om zuyd te stuuren, sustineerende<lb/> Geldria’s droogte reets gepasseert te wesen; dat tegens den avond een derdewaak<lb/> en twee cadets naar boven geklommen waren om naar land uyt te sien, sonder iets<lb/> t’ ontdecken, maar den bootsman tegens seven uuren branding vooruyt ziende, de facto<lb/> geroepen hadde om het roer stuurboord aan boord te draayen, dog dat daarmede naauwlijks<lb/> begonnen was, of men bevond dat het schip reets op de voorsz. droogte vastzat; dat<lb/> daarop immediaat de bezaan uytgehaald, het grootzeyl bijgemaakt, en de groote schoot<lb/> aan stuurboord opgekort wierd, hetgeene veroorsaakte dat het schip, van het zuyden tot<lb/> het oosten loevende, weder vlot raakte, maar dat na dit alles op commando van den schipper<lb/> de fokkeschoot aan stuurboord opgekort wierd, door welk verkeerde manoeuvre het<lb/> schip, naar het zuyden vallende, weder op de klippen vastraakte, en vervolgens door het<lb/> sterk stooten de groote steng nederviel, het roer uyt de vingerlingen raakte, de roerpen<lb/> aan stucken brak, en het schip in een moment veertien voeten water inkreeg; dat hetselve<lb/> egter door de in het werk gestelde debvoiren ten tweeden male van de klippen afgekomen<lb/> sijnde, ter diepte van 25 vadems water voor het tuyanker was blijven leggen; dog<lb/> dat men, ontwarende dat niettegenstaende alle d’ in ’t werk gestelde middelen het water<lb/> in den bodem hand over hand toenam, schuyt en boot hadde uytgezet en agteraan laten<lb/> drijven, dat vervolgens, het voorschip ’s nagts op een zijde gevallen en eerst gesonken<lb/> zijnde, eenige van het volk overboord gesprongen en geswommen waren na de boot en<lb/> schuyt, waarvan d’ eerste allenskens van het schip weggedreven was, sijnde op het laast<lb/> daarvan niets als de kruyssteng meer te sien geweest soodat met d’ overige manschappen<lb/> en eene kostbaare lading, bestaande in ƒ 714.963,2,8 aan retouren voor ’t vaderland, buyten<lb/> ƒ 68.000,-,- aan goud voor India, is te gronde gegaan.<lb/></p><note xml:id="INT_b18fd921-bdde-3d12-80da-0393a6d94f97.TEI.1.text.1.body.1.div.1.note.2" xml:lang="nl" place="inline" type="editorial-summary" resp="editor" rend="font-style: italic; line-height: 14.7pt; text-indent: 16.0pt; text-align: justify; font-size: 12" xmlns="http://www.tei-c.org/ns/1.0">(De Hoge Regering stuurt Heren XVII een verslag van de schipbreuk zoals door de<lb/> geredde derdewaak en bootsman gegeven. De advocaat- fiscaal heeft opdracht gekregen<lb/> de zaak nauwkeurig te onderzoeken. Men is van plan het verlies voor Zeeland te vergoeden<lb/> met een naschip.)<lb/></note><note xml:id="INT_b18fd921-bdde-3d12-80da-0393a6d94f97.TEI.1.text.1.body.1.div.1.note.3" xml:lang="nl" rend="font-size: 7; text-align: justify" xmlns="http://www.tei-c.org/ns/1.0">ï<lb/></note><note xml:id="INT_b18fd921-bdde-3d12-80da-0393a6d94f97.TEI.1.text.1.body.1.div.1.note.4" xml:lang="nl" rend="font-style: italic; margin-left: 1600; line-height: 12.3pt; text-align: justify; font-size: 10.5" xmlns="http://www.tei-c.org/ns/1.0">DAS <hi rend="font-size:10.5; font-family:Liberation Serif" xml:lang="nl">III, 403, noemt 18 januari 1752 als datum van de schipbreuk, de elektronische versie van</hi><lb/>DAS <hi rend="font-size:10.5; font-family:Liberation Serif" xml:lang="nl">10 januari 1752. Volgens de missive verging de Geldermalsen in de nacht van 3 op 4 januari</hi><lb/></note><note xml:id="INT_b18fd921-bdde-3d12-80da-0393a6d94f97.TEI.1.text.1.body.1.div.1.note.5" xml:lang="nl" rend="font-size: 10.5; line-height: 11.6pt" xmlns="http://www.tei-c.org/ns/1.0">1752.<lb/></note><fw xml:id="INT_b18fd921-bdde-3d12-80da-0393a6d94f97.TEI.1.text.1.body.1.div.1.fw.2" type="bottom-page-number">181</fw><pb xml:id="INT_b18fd921-bdde-3d12-80da-0393a6d94f97.TEI.1.text.1.body.1.div.1.pb.2" n="182" facs="http://resources.huygens.knaw.nl/retroapp/service_generalemissiven/gm_12/images/generale_missiven_gs257_182.tif"/><fw xml:id="INT_b18fd921-bdde-3d12-80da-0393a6d94f97.TEI.1.text.1.body.1.div.1.fw.3" place="top" type="head" facs="#zone.1918039" xmlns="http://www.tei-c.org/ns/1.0">Mossel IX 18 januari 1752</fw><p xml:id="INT_b18fd921-bdde-3d12-80da-0393a6d94f97.TEI.1.text.1.body.1.div.1.p.2" resp="int_paragraph_joining" rend="">
              Ondertusschen noodzaakt ons de sorgelijke gesteldheyd van den handel in Japan, door<lb xmlns="http://www.tei-c.org/ns/1.0"/> de insupportable dwingelandij der Nangasackise regenten, volgens de ontfangene advi-<lb xmlns="http://www.tei-c.org/ns/1.0"/>sen met het schip Elswout op den 12e courant - , de precautie te gebruyken, hier nog<lb xmlns="http://www.tei-c.org/ns/1.0"/>bij te voegen een nadere petitie van tien maal hondertduyzend ponden Zweeds koper, <hi rend="font-size:21; font-family:Liberation Serif; font-style:italic" xml:lang="nl" xmlns="http://www.tei-c.org/ns/1.0">\</hi><lb xmlns="http://www.tei-c.org/ns/1.0"/>in munt of platen en ^ gaarkoper.<lb xmlns="http://www.tei-c.org/ns/1.0"/>
            </p><note xml:id="INT_b18fd921-bdde-3d12-80da-0393a6d94f97.TEI.1.text.1.body.1.div.1.note.6" xml:lang="nl" place="inline" type="editorial-summary" resp="editor" rend="font-style: italic; line-height: 14.7pt; text-indent: 16.0pt; text-align: justify; font-size: 11" xmlns="http://www.tei-c.org/ns/1.0">(Als de zaken zich ten goede keren en de maatregel overbodig blijkt te zijn , kan het<lb/> koper toch binnen 3 jaar verkocht worden.)<lb/></note><p xml:id="INT_b18fd921-bdde-3d12-80da-0393a6d94f97.TEI.1.text.1.body.1.div.1.p.3" xml:lang="nl" rend="font-size: 12; text-align: justify; line-height: 14.7pt; text-indent: 16.0pt" xmlns="http://www.tei-c.org/ns/1.0">Het voor Cormandel gedestineerde schip Sloten is uit. der voorledene maand uyt Japan<lb/> op Malacca behouden g’ arriveert. Vrijburg op den 6e bevorens vandaar naar Souratta en<lb/> Langewijk op den 13e naar Bengale voortgedepecheert, maar het schip Pasgeld, dat gelijk<lb/> met Elswoud uyt Japan direct herwaards is vertrocken en waarop zig het afgegane opperhoofd<lb/> Van Suchtelen bevind, is alhier nog niet opgedaagd, zijnde volgens rapport der<lb/> schepelingen van laatsgenoemde bodem door tegenwind genoodsaakt geweest weeder<lb/> onder de wal te loopen.<lb/></p><fw xml:id="INT_b18fd921-bdde-3d12-80da-0393a6d94f97.TEI.1.text.1.body.1.div.1.fw.4" type="bottom-page-number">182</fw>
            
      </div>
                  </body>
                </text>
              </TEI>